{
    "epoch": 5,
    "num_classes": 7,
    "class_names": [
        "MEL",
        "NV",
        "BCC",
        "AKIEC",
        "BKL",
        "DF",
        "VASC"
    ],
    "per_class": {
        "MEL": {
            "fpr": [
                0.0,
                0.0,
                0.0,
                0.005813953488372093,
                0.005813953488372093,
                0.01744186046511628,
                0.01744186046511628,
                0.023255813953488372,
                0.023255813953488372,
                0.0755813953488372,
                0.0755813953488372,
                0.10465116279069768,
                0.10465116279069768,
                0.18023255813953487,
                0.18023255813953487,
                0.19767441860465115,
                0.19767441860465115,
                0.28488372093023256,
                0.28488372093023256,
                1.0
            ],
            "tpr": [
                0.0,
                0.047619047619047616,
                0.42857142857142855,
                0.42857142857142855,
                0.6666666666666666,
                0.6666666666666666,
                0.7142857142857143,
                0.7142857142857143,
                0.7619047619047619,
                0.7619047619047619,
                0.8095238095238095,
                0.8095238095238095,
                0.8571428571428571,
                0.8571428571428571,
                0.9047619047619048,
                0.9047619047619048,
                0.9523809523809523,
                0.9523809523809523,
                1.0,
                1.0
            ],
            "auc": 0.956533776301218
        },
        "NV": {
            "fpr": [
                0.0,
                0.0,
                0.0,
                0.014285714285714285,
                0.014285714285714285,
                0.02857142857142857,
                0.02857142857142857,
                0.04285714285714286,
                0.04285714285714286,
                0.05714285714285714,
                0.05714285714285714,
                0.11428571428571428,
                0.11428571428571428,
                0.14285714285714285,
                0.14285714285714285,
                0.21428571428571427,
                0.21428571428571427,
                0.2571428571428571,
                0.2571428571428571,
                0.2857142857142857,
                0.2857142857142857,
                0.44285714285714284,
                0.44285714285714284,
                0.5714285714285714,
                0.5714285714285714,
                1.0
            ],
            "tpr": [
                0.0,
                0.008130081300813009,
                0.7073170731707317,
                0.7073170731707317,
                0.7479674796747967,
                0.7479674796747967,
                0.8455284552845529,
                0.8455284552845529,
                0.8536585365853658,
                0.8536585365853658,
                0.9186991869918699,
                0.9186991869918699,
                0.9349593495934959,
                0.9349593495934959,
                0.943089430894309,
                0.943089430894309,
                0.9512195121951219,
                0.9512195121951219,
                0.975609756097561,
                0.975609756097561,
                0.983739837398374,
                0.983739837398374,
                0.991869918699187,
                0.991869918699187,
                1.0,
                1.0
            ],
            "auc": 0.9709639953542393
        },
        "BCC": {
            "fpr": [
                0.0,
                0.0,
                0.0,
                0.0056179775280898875,
                0.0056179775280898875,
                0.016853932584269662,
                0.016853932584269662,
                0.033707865168539325,
                0.033707865168539325,
                0.03932584269662921,
                0.03932584269662921,
                0.06179775280898876,
                0.06179775280898876,
                0.2696629213483146,
                0.2696629213483146,
                0.4606741573033708,
                0.4606741573033708,
                1.0
            ],
            "tpr": [
                0.0,
                0.06666666666666667,
                0.26666666666666666,
                0.26666666666666666,
                0.5333333333333333,
                0.5333333333333333,
                0.6666666666666666,
                0.6666666666666666,
                0.7333333333333333,
                0.7333333333333333,
                0.8,
                0.8,
                0.8666666666666667,
                0.8666666666666667,
                0.9333333333333333,
                0.9333333333333333,
                1.0,
                1.0
            ],
            "auc": 0.9385767790262172
        },
        "AKIEC": {
            "fpr": [
                0.0,
                0.0,
                0.0,
                0.005405405405405406,
                0.005405405405405406,
                0.016216216216216217,
                0.016216216216216217,
                0.021621621621621623,
                0.021621621621621623,
                0.05405405405405406,
                0.05405405405405406,
                0.6864864864864865,
                0.6864864864864865,
                1.0
            ],
            "tpr": [
                0.0,
                0.125,
                0.375,
                0.375,
                0.5,
                0.5,
                0.625,
                0.625,
                0.75,
                0.75,
                0.875,
                0.875,
                1.0,
                1.0
            ],
            "auc": 0.902027027027027
        },
        "BKL": {
            "fpr": [
                0.0,
                0.0,
                0.0,
                0.017543859649122806,
                0.017543859649122806,
                0.03508771929824561,
                0.03508771929824561,
                0.04093567251461988,
                0.04093567251461988,
                0.05847953216374269,
                0.05847953216374269,
                0.07602339181286549,
                0.07602339181286549,
                0.08771929824561403,
                0.08771929824561403,
                0.09941520467836257,
                0.09941520467836257,
                0.15789473684210525,
                0.15789473684210525,
                0.18128654970760233,
                0.18128654970760233,
                0.23391812865497075,
                0.23391812865497075,
                1.0
            ],
            "tpr": [
                0.0,
                0.045454545454545456,
                0.36363636363636365,
                0.36363636363636365,
                0.4090909090909091,
                0.4090909090909091,
                0.5,
                0.5,
                0.6363636363636364,
                0.6363636363636364,
                0.6818181818181818,
                0.6818181818181818,
                0.7727272727272727,
                0.7727272727272727,
                0.8181818181818182,
                0.8181818181818182,
                0.8636363636363636,
                0.8636363636363636,
                0.9090909090909091,
                0.9090909090909091,
                0.9545454545454546,
                0.9545454545454546,
                1.0,
                1.0
            ],
            "auc": 0.9463051568314726
        },
        "DF": {
            "fpr": [
                0.0,
                0.0,
                1.0
            ],
            "tpr": [
                0.0,
                1.0,
                1.0
            ],
            "auc": 1.0
        },
        "VASC": {
            "fpr": [
                0.0,
                0.0,
                0.0,
                1.0
            ],