{
    "epoch": 45,
    "num_classes": 7,
    "class_names": [
        "MEL",
        "NV",
        "BCC",
        "AKIEC",
        "BKL",
        "DF",
        "VASC"
    ],
    "per_class": {
        "MEL": {
            "fpr": [
                0.0,
                0.0,
                0.0,
                0.005813953488372093,
                0.005813953488372093,
                0.01744186046511628,
                0.01744186046511628,
                0.023255813953488372,
                0.023255813953488372,
                0.03488372093023256,
                0.03488372093023256,
                0.046511627906976744,
                0.046511627906976744,
                0.05813953488372093,
                0.05813953488372093,
                0.06976744186046512,
                0.06976744186046512,
                0.10465116279069768,
                0.10465116279069768,
                0.11046511627906977,
                0.11046511627906977,
                0.16279069767441862,
                0.16279069767441862,
                0.1686046511627907,
                0.1686046511627907,
                0.19767441860465115,
                0.19767441860465115,
                0.3023255813953488,
                0.3023255813953488,
                0.32558139534883723,
                0.32558139534883723,
                1.0
            ],
            "tpr": [
                0.0,
                0.047619047619047616,
                0.23809523809523808,
                0.23809523809523808,
                0.2857142857142857,
                0.2857142857142857,
                0.3333333333333333,
                0.3333333333333333,
                0.42857142857142855,
                0.42857142857142855,
                0.5238095238095238,
                0.5238095238095238,
                0.5714285714285714,
                0.5714285714285714,
                0.6190476190476191,
                0.6190476190476191,
                0.6666666666666666,
                0.6666666666666666,
                0.7142857142857143,
                0.7142857142857143,
                0.7619047619047619,
                0.7619047619047619,
                0.8095238095238095,
                0.8095238095238095,
                0.8571428571428571,
                0.8571428571428571,
                0.9047619047619048,
                0.9047619047619048,
                0.9523809523809523,
                0.9523809523809523,
                1.0,
                1.0
            ],
            "auc": 0.9197120708748616
        },
        "NV": {
            "fpr": [
                0.0,
                0.0,
                0.0,
                0.014285714285714285,
                0.014285714285714285,
                0.05714285714285714,
                0.05714285714285714,
                0.07142857142857142,
                0.07142857142857142,
                0.08571428571428572,
                0.08571428571428572,
                0.1,
                0.1,
                0.12857142857142856,
                0.12857142857142856,
                0.2,
                0.2,
                0.22857142857142856,
                0.22857142857142856,
                0.24285714285714285,
                0.24285714285714285,
                0.3,
                0.3,
                0.3142857142857143,
                0.3142857142857143,
                0.42857142857142855,
                0.42857142857142855,
                0.5142857142857142,
                0.5142857142857142,
                0.5285714285714286,
                0.5285714285714286,
                0.6285714285714286,
                0.6285714285714286,
                1.0
            ],
            "tpr": [
                0.0,
                0.016260162601626018,
                0.6097560975609756,
                0.6097560975609756,
                0.7560975609756098,
                0.7560975609756098,
                0.7804878048780488,
                0.7804878048780488,
                0.7886178861788617,
                0.7886178861788617,
                0.7967479674796748,
                0.7967479674796748,
                0.8617886178861789,
                0.8617886178861789,
                0.8780487804878049,
                0.8780487804878049,
                0.9186991869918699,
                0.9186991869918699,
                0.926829268292683,
                0.926829268292683,
                0.9349593495934959,
                0.9349593495934959,
                0.943089430894309,
                0.943089430894309,
                0.959349593495935,
                0.959349593495935,
                0.975609756097561,
                0.975609756097561,
                0.983739837398374,
                0.983739837398374,
                0.991869918699187,
                0.991869918699187,
                1.0,
                1.0
            ],
            "auc": 0.9465737514518002
        },
        "BCC": {
            "fpr": [
                0.0,
                0.0,
                0.0,
                0.0056179775280898875,
                0.0056179775280898875,
                0.011235955056179775,
                0.011235955056179775,
                1.0
            ],
            "tpr": [
                0.0,
                0.06666666666666667,
                0.2,
                0.2,
                0.4666666666666667,
                0.4666666666666667,
                1.0,
                1.0
            ],
            "auc": 0.9925093632958801
        },
        "AKIEC": {
            "fpr": [
                0.0,
                0.0,
                0.021621621621621623,
                0.021621621621621623,
                0.02702702702702703,
                0.02702702702702703,
                0.05405405405405406,
                0.05405405405405406,
                0.08108108108108109,
                0.08108108108108109,
                0.15135135135135136,
                0.15135135135135136,
                0.21621621621621623,
                0.21621621621621623,
                0.4540540540540541,
                0.4540540540540541,
                1.0
            ],
            "tpr": [
                0.0,
                0.125,
                0.125,
                0.25,
                0.25,
                0.375,
                0.375,
                0.5,
                0.5,
                0.625,
                0.625,
                0.75,
                0.75,
                0.875,
                0.875,
                1.0,
                1.0
            ],
            "auc": 0.8743243243243244
        },
        "BKL": {
            "fpr": [
                0.0,
                0.0,
                0.011695906432748537,
                0.011695906432748537,
                0.017543859649122806,
                0.017543859649122806,
                0.023391812865497075,
                0.023391812865497075,
                0.04678362573099415,
                0.04678362573099415,
                0.06432748538011696,
                0.06432748538011696,
                0.07017543859649122,
                0.07017543859649122,
                0.08187134502923976,
                0.08187134502923976,
                0.1111111111111111,
                0.1111111111111111,
                0.1286549707602339,
                0.1286549707602339,
                0.13450292397660818,
                0.13450292397660818,
                0.15204678362573099,
                0.15204678362573099,
                0.2222222222222222,
                0.2222222222222222,
                0.26900584795321636,
                0.26900584795321636,
                0.2807017543859649,
                0.2807017543859649,
                0.4502923976608187,
                0.4502923976608187,
                1.0
            ],