{
    "epoch": 80,
    "num_classes": 7,
    "class_names": [
        "MEL",
        "NV",
        "BCC",
        "AKIEC",
        "BKL",
        "DF",
        "VASC"
    ],
    "per_class": {
        "MEL": {
            "fpr": [
                0.0,
                0.0,
                0.0,
                0.005813953488372093,
                0.005813953488372093,
                0.023255813953488372,
                0.023255813953488372,
                0.03488372093023256,
                0.03488372093023256,
                0.040697674418604654,
                0.040697674418604654,
                0.05232558139534884,
                0.05232558139534884,
                0.06976744186046512,
                0.06976744186046512,
                0.09302325581395349,
                0.09302325581395349,
                0.11046511627906977,
                0.11046511627906977,
                0.13372093023255813,
                0.13372093023255813,
                0.21511627906976744,
                0.21511627906976744,
                0.2441860465116279,
                0.2441860465116279,
                0.3023255813953488,
                0.3023255813953488,
                0.45348837209302323,
                0.45348837209302323,
                1.0
            ],
            "tpr": [
                0.0,
                0.047619047619047616,
                0.14285714285714285,
                0.14285714285714285,
                0.2857142857142857,
                0.2857142857142857,
                0.3333333333333333,
                0.3333333333333333,
                0.38095238095238093,
                0.38095238095238093,
                0.42857142857142855,
                0.42857142857142855,
                0.5238095238095238,
                0.5238095238095238,
                0.6666666666666666,
                0.6666666666666666,
                0.7142857142857143,
                0.7142857142857143,
                0.7619047619047619,
                0.7619047619047619,
                0.8095238095238095,
                0.8095238095238095,
                0.8571428571428571,
                0.8571428571428571,
                0.9047619047619048,
                0.9047619047619048,
                0.9523809523809523,
                0.9523809523809523,
                1.0,
                1.0
            ],
            "auc": 0.905592469545958
        },
        "NV": {
            "fpr": [
                0.0,
                0.0,
                0.0,
                0.014285714285714285,
                0.014285714285714285,
                0.02857142857142857,
                0.02857142857142857,
                0.04285714285714286,
                0.04285714285714286,
                0.05714285714285714,
                0.05714285714285714,
                0.07142857142857142,
                0.07142857142857142,
                0.08571428571428572,
                0.08571428571428572,
                0.1,
                0.1,
                0.12857142857142856,
                0.12857142857142856,
                0.3,
                0.3,
                0.3142857142857143,
                0.3142857142857143,
                0.34285714285714286,
                0.34285714285714286,
                0.4142857142857143,
                0.4142857142857143,
                0.5428571428571428,
                0.5428571428571428,
                0.6142857142857143,
                0.6142857142857143,
                0.6285714285714286,
                0.6285714285714286,
                0.7142857142857143,
                0.7142857142857143,
                0.7714285714285715,
                0.7714285714285715,
                1.0
            ],
            "tpr": [
                0.0,
                0.008130081300813009,
                0.5772357723577236,
                0.5772357723577236,
                0.6666666666666666,
                0.6666666666666666,
                0.7073170731707317,
                0.7073170731707317,
                0.7398373983739838,
                0.7398373983739838,
                0.7642276422764228,
                0.7642276422764228,
                0.7804878048780488,
                0.7804878048780488,
                0.8130081300813008,
                0.8130081300813008,
                0.8861788617886179,
                0.8861788617886179,
                0.9105691056910569,
                0.9105691056910569,
                0.9186991869918699,
                0.9186991869918699,
                0.926829268292683,
                0.926829268292683,
                0.9512195121951219,
                0.9512195121951219,
                0.959349593495935,
                0.959349593495935,
                0.967479674796748,
                0.967479674796748,
                0.975609756097561,
                0.975609756097561,
                0.983739837398374,
                0.983739837398374,
                0.991869918699187,
                0.991869918699187,
                1.0,
                1.0
            ],
            "auc": 0.9370499419279907
        },
        "BCC": {
            "fpr": [
                0.0,
                0.0,
                0.0,
                0.0056179775280898875,
                0.0056179775280898875,
                0.011235955056179775,
                0.011235955056179775,
                0.016853932584269662,
                0.016853932584269662,
                0.02247191011235955,
                0.02247191011235955,
                1.0
            ],
            "tpr": [
                0.0,
                0.06666666666666667,
                0.26666666666666666,
                0.26666666666666666,
                0.4,
                0.4,
                0.8666666666666667,
                0.8666666666666667,
                0.9333333333333333,
                0.9333333333333333,
                1.0,
                1.0
            ],
            "auc": 0.9913857677902621
        },
        "AKIEC": {
            "fpr": [
                0.0,
                0.005405405405405406,
                0.005405405405405406,
                0.010810810810810811,
                0.010810810810810811,
                0.021621621621621623,
                0.021621621621621623,
                0.07567567567567568,
                0.07567567567567568,
                0.15675675675675677,
                0.15675675675675677,
                0.22162162162162163,
                0.22162162162162163,
                0.4918918918918919,
                0.4918918918918919,
                1.0
            ],
            "tpr": [
                0.0,
                0.0,
                0.125,
                0.125,
                0.25,
                0.25,
                0.375,
                0.375,
                0.625,
                0.625,
                0.75,
                0.75,
                0.875,
                0.875,
                1.0,
                1.0
            ],
            "auc": 0.8675675675675676
        },