{
    "epoch": 10,
    "num_classes": 7,
    "class_names": [
        "MEL",
        "NV",
        "BCC",
        "AKIEC",
        "BKL",
        "DF",
        "VASC"
    ],
    "per_class": {
        "MEL": {
            "fpr": [
                0.0,
                0.0,
                0.0,
                0.005813953488372093,
                0.005813953488372093,
                0.011627906976744186,
                0.011627906976744186,
                0.023255813953488372,
                0.023255813953488372,
                0.09302325581395349,
                0.09302325581395349,
                0.09883720930232558,
                0.09883720930232558,
                0.10465116279069768,
                0.10465116279069768,
                0.11046511627906977,
                0.11046511627906977,
                0.1686046511627907,
                0.1686046511627907,
                0.1744186046511628,
                0.1744186046511628,
                0.20930232558139536,
                0.20930232558139536,
                0.21511627906976744,
                0.21511627906976744,
                0.3546511627906977,
                0.3546511627906977,
                0.5116279069767442,
                0.5116279069767442,
                1.0
            ],
            "tpr": [
                0.0,
                0.047619047619047616,
                0.14285714285714285,
                0.14285714285714285,
                0.2857142857142857,
                0.2857142857142857,
                0.3333333333333333,
                0.3333333333333333,
                0.42857142857142855,
                0.42857142857142855,
                0.47619047619047616,
                0.47619047619047616,
                0.5714285714285714,
                0.5714285714285714,
                0.6190476190476191,
                0.6190476190476191,
                0.7142857142857143,
                0.7142857142857143,
                0.7619047619047619,
                0.7619047619047619,
                0.8095238095238095,
                0.8095238095238095,
                0.8571428571428571,
                0.8571428571428571,
                0.9047619047619048,
                0.9047619047619048,
                0.9523809523809523,
                0.9523809523809523,
                1.0,
                1.0
            ],
            "auc": 0.8892580287929125
        },
        "NV": {
            "fpr": [
                0.0,
                0.0,
                0.0,
                0.014285714285714285,
                0.014285714285714285,
                0.02857142857142857,
                0.02857142857142857,
                0.04285714285714286,
                0.04285714285714286,
                0.05714285714285714,
                0.05714285714285714,
                0.1,
                0.1,
                0.11428571428571428,
                0.11428571428571428,
                0.12857142857142856,
                0.12857142857142856,
                0.18571428571428572,
                0.18571428571428572,
                0.2,
                0.2,
                0.21428571428571427,
                0.21428571428571427,
                0.24285714285714285,
                0.24285714285714285,
                0.2571428571428571,
                0.2571428571428571,
                0.4142857142857143,
                0.4142857142857143,
                0.4857142857142857,
                0.4857142857142857,
                0.6571428571428571,
                0.6571428571428571,
                0.8285714285714286,
                0.8285714285714286,
                0.8428571428571429,
                0.8428571428571429,
                1.0
            ],
            "tpr": [
                0.0,
                0.008130081300813009,
                0.7317073170731707,
                0.7317073170731707,
                0.7479674796747967,
                0.7479674796747967,
                0.7967479674796748,
                0.7967479674796748,
                0.8373983739837398,
                0.8373983739837398,
                0.8455284552845529,
                0.8455284552845529,
                0.8536585365853658,
                0.8536585365853658,
                0.8617886178861789,
                0.8617886178861789,
                0.8943089430894309,
                0.8943089430894309,
                0.9024390243902439,
                0.9024390243902439,
                0.9105691056910569,
                0.9105691056910569,
                0.9186991869918699,
                0.9186991869918699,
                0.943089430894309,
                0.943089430894309,
                0.959349593495935,
                0.959349593495935,
                0.967479674796748,
                0.967479674796748,
                0.975609756097561,
                0.975609756097561,
                0.983739837398374,
                0.983739837398374,
                0.991869918699187,
                0.991869918699187,
                1.0,
                1.0
            ],
            "auc": 0.949012775842044
        },
        "BCC": {
            "fpr": [
                0.0,
                0.0,
                0.0,
                0.0056179775280898875,
                0.0056179775280898875,
                0.011235955056179775,
                0.011235955056179775,
                0.016853932584269662,
                0.016853932584269662,
                0.06741573033707865,
                0.06741573033707865,
                0.07303370786516854,
                0.07303370786516854,
                1.0
            ],
            "tpr": [
                0.0,
                0.06666666666666667,
                0.6666666666666666,
                0.6666666666666666,
                0.7333333333333333,
                0.7333333333333333,
                0.8,
                0.8,
                0.8666666666666667,
                0.8666666666666667,
                0.9333333333333333,
                0.9333333333333333,
                1.0,
                1.0
            ],
            "auc": 0.9883895131086142
        },
        "AKIEC": {
            "fpr": [
                0.0,
                0.005405405405405406,
                0.016216216216216217,
                0.016216216216216217,
                0.04864864864864865,
                0.04864864864864865,
                0.05405405405405406,
                0.05405405405405406,
                0.08648648648648649,
                0.08648648648648649,
                0.11891891891891893,
                0.11891891891891893,
                0.14054054054054055,
                0.14054054054054055,
                0.23783783783783785,
                0.23783783783783785,
                0.372972972972973,
                0.372972972972973,
                1.0
            ],
            "tpr": [
                0.0,
                0.0,
                0.0,
                0.125,
                0.125,
                0.25,
                0.25,
                0.375,
                0.375,
                0.5,
                0.5,
                0.625,
                0.625,
                0.75,
                0.75,
                0.875,
                0.875,
                1.0,
                1.0
            ],
            "auc": 0.8655405405405405
        },