{
    "overall": {
        "accuracy": 70.46632124352331,
        "balanced_multiclass_accuracy": 0.4362316545243375,
        "macro_recall": 0.4362316545243375,
        "macro_precision": 0.4133145363408521,
        "macro_f1": 0.40756023455459395,
        "multiclass_macro_auc_ovr": 0.9006915637694279,
        "mean_auc_all_diagnoses": 0.9006915637694279,
        "mean_average_precision_all_diagnoses": 0.47580095040614007,
        "mean_sensitivity": 0.4362316545243375,
        "mean_specificity": 0.9510939581501425,
        "mean_accuracy": 0.9156180606957809,
        "mean_f1": 0.40756023455459395,
        "mean_ppv": 0.4133145363408521,
        "mean_npv": 0.9341100538274587,
        "melanoma_auc80": 0.8463455149501662,
        "malignant_vs_benign_auc": 0.8813300793166565
    },
    "per_class": {
        "MEL": {
            "sensitivity": 0.6666666666666666,
            "specificity": 0.9069767441860465,
            "accuracy": 0.8808290155440415,
            "auc": 0.9235880398671097,
            "average_precision": 0.7003033374419028,
            "f1_score": 0.5490196078431373,
            "ppv": 0.4666666666666667,
            "npv": 0.9570552147239264,
            "auc80": 0.8463455149501662
        },
        "NV": {
            "sensitivity": 0.7642276422764228,
            "specificity": 0.9714285714285714,
            "accuracy": 0.8393782383419689,
            "auc": 0.9340301974448315,
            "average_precision": 0.9676288378717343,
            "f1_score": 0.858447488584475,
            "ppv": 0.9791666666666666,
            "npv": 0.7010309278350515,
            "auc80": NaN
        },
        "BCC": {
            "sensitivity": 0.6,
            "specificity": 0.949438202247191,
            "accuracy": 0.9222797927461139,
            "auc": 0.9400749063670413,
            "average_precision": 0.6551709710752509,
            "f1_score": 0.5454545454545454,
            "ppv": 0.5,
            "npv": 0.9657142857142857,
            "auc80": NaN
        },
        "AKIEC": {
            "sensitivity": 0.25,
            "specificity": 0.9891891891891892,
            "accuracy": 0.9585492227979274,
            "auc": 0.8263513513513514,
            "average_precision": 0.30180112332193454,
            "f1_score": 0.3333333333333333,
            "ppv": 0.5,
            "npv": 0.9682539682539683,
            "auc80": NaN
        },
        "BKL": {
            "sensitivity": 0.7727272727272727,
            "specificity": 0.8771929824561403,
            "accuracy": 0.8652849740932642,
            "auc": 0.916267942583732,
            "average_precision": 0.4330303183548303,
            "f1_score": 0.5666666666666667,
            "ppv": 0.4473684210526316,
            "npv": 0.967741935483871,
            "auc80": NaN
        },
        "DF": {
            "sensitivity": 0.0,
            "specificity": 0.9739583333333334,
            "accuracy": 0.9689119170984456,
            "auc": 0.8697916666666666,
            "average_precision": 0.038461538461538464,
            "f1_score": 0.0,
            "ppv": 0.0,
            "npv": 0.9946808510638298,
            "auc80": NaN
        },
        "VASC": {
            "sensitivity": 0.0,
            "specificity": 0.9894736842105263,
            "accuracy": 0.9740932642487047,
            "auc": 0.8947368421052632,
            "average_precision": 0.23421052631578948,
            "f1_score": 0.0,
            "ppv": 0.0,
            "npv": 0.9842931937172775,
            "auc80": NaN
        }
    },
    "malignant_definition_used": [
        "MEL",
        "BCC",
        "AKIEC"
    ],
    "val_loss": 1.9380570693337238
}