{
    "overall": {
        "accuracy": 57.51295336787565,
        "balanced_multiclass_accuracy": 0.556240478453022,
        "macro_recall": 0.556240478453022,
        "macro_precision": 0.3686110837249553,
        "macro_f1": 0.37042357612901616,
        "multiclass_macro_auc_ovr": 0.9081943232133268,
        "mean_auc_all_diagnoses": 0.9081943232133268,
        "mean_average_precision_all_diagnoses": 0.5404627348868303,
        "mean_sensitivity": 0.556240478453022,
        "mean_specificity": 0.9323664613983843,
        "mean_accuracy": 0.8786084381939304,
        "mean_f1": 0.37042357612901616,
        "mean_ppv": 0.3686110837249553,
        "mean_npv": 0.9121567528588228,
        "melanoma_auc80": 0.7707641196013288,
        "malignant_vs_benign_auc": 0.8566198901769372
    },
    "per_class": {
        "MEL": {
            "sensitivity": 0.38095238095238093,
            "specificity": 0.9127906976744186,
            "accuracy": 0.8549222797927462,
            "auc": 0.8612956810631229,
            "average_precision": 0.4900466900196895,
            "f1_score": 0.3636363636363636,
            "ppv": 0.34782608695652173,
            "npv": 0.9235294117647059,
            "auc80": 0.7707641196013288
        },
        "NV": {
            "sensitivity": 0.6422764227642277,
            "specificity": 0.9714285714285714,
            "accuracy": 0.7616580310880829,
            "auc": 0.918815331010453,
            "average_precision": 0.9570883610152539,
            "f1_score": 0.7745098039215687,
            "ppv": 0.9753086419753086,
            "npv": 0.6071428571428571,
            "auc80": NaN
        },
        "BCC": {
            "sensitivity": 0.5333333333333333,
            "specificity": 0.9606741573033708,
            "accuracy": 0.927461139896373,
            "auc": 0.9318352059925092,
            "average_precision": 0.6659456891502927,
            "f1_score": 0.5333333333333333,
            "ppv": 0.5333333333333333,
            "npv": 0.9606741573033708,
            "auc80": NaN
        },
        "AKIEC": {
            "sensitivity": 0.125,
            "specificity": 0.972972972972973,
            "accuracy": 0.9378238341968912,
            "auc": 0.8554054054054054,
            "average_precision": 0.3654507076847503,
            "f1_score": 0.14285714285714288,
            "ppv": 0.16666666666666666,
            "npv": 0.9625668449197861,
            "auc80": NaN
        },
        "BKL": {
            "sensitivity": 0.5454545454545454,
            "specificity": 0.8654970760233918,
            "accuracy": 0.8290155440414507,
            "auc": 0.8407761828814461,
            "average_precision": 0.37581880744893664,
            "f1_score": 0.42105263157894735,
            "ppv": 0.34285714285714286,
            "npv": 0.9367088607594937,
            "auc80": NaN
        },
        "DF": {
            "sensitivity": 1.0,
            "specificity": 0.8958333333333334,
            "accuracy": 0.8963730569948186,
            "auc": 0.9895833333333334,
            "average_precision": 0.3333333333333333,
            "f1_score": 0.0909090909090909,
            "ppv": 0.047619047619047616,
            "npv": 1.0,
            "auc80": NaN
        },
        "VASC": {
            "sensitivity": 0.6666666666666666,
            "specificity": 0.9473684210526315,
            "accuracy": 0.9430051813471503,
            "auc": 0.9596491228070175,
            "average_precision": 0.5955555555555555,
            "f1_score": 0.26666666666666666,
            "ppv": 0.16666666666666666,
            "npv": 0.994475138121547,
            "auc80": NaN
        }
    },
    "malignant_definition_used": [
        "MEL",
        "BCC",
        "AKIEC"
    ],
    "val_loss": 1.2115052722278654
}