{
    "epoch": 35,
    "num_classes": 7,
    "class_names": [
        "MEL",
        "NV",
        "BCC",
        "AKIEC",
        "BKL",
        "DF",
        "VASC"
    ],
    "per_class": {
        "MEL": {
            "fpr": [
                0.0,
                0.0,
                0.0,
                0.005813953488372093,
                0.005813953488372093,
                0.011627906976744186,
                0.011627906976744186,
                0.029069767441860465,
                0.029069767441860465,
                0.03488372093023256,
                0.03488372093023256,
                0.040697674418604654,
                0.040697674418604654,
                0.08139534883720931,
                0.08139534883720931,
                0.11627906976744186,
                0.11627906976744186,
                0.31976744186046513,
                0.31976744186046513,
                1.0
            ],
            "tpr": [
                0.0,
                0.047619047619047616,
                0.38095238095238093,
                0.38095238095238093,
                0.42857142857142855,
                0.42857142857142855,
                0.6666666666666666,
                0.6666666666666666,
                0.7142857142857143,
                0.7142857142857143,
                0.7619047619047619,
                0.7619047619047619,
                0.8095238095238095,
                0.8095238095238095,
                0.9047619047619048,
                0.9047619047619048,
                0.9523809523809523,
                0.9523809523809523,
                1.0,
                1.0
            ],
            "auc": 0.9634551495016611
        },
        "NV": {
            "fpr": [
                0.0,
                0.0,
                0.0,
                0.014285714285714285,
                0.014285714285714285,
                0.04285714285714286,
                0.04285714285714286,
                0.08571428571428572,
                0.08571428571428572,
                0.1,
                0.1,
                0.2,
                0.2,
                0.3,
                0.3,
                1.0
            ],
            "tpr": [
                0.0,
                0.008130081300813009,
                0.9105691056910569,
                0.9105691056910569,
                0.926829268292683,
                0.926829268292683,
                0.959349593495935,
                0.959349593495935,
                0.975609756097561,
                0.975609756097561,
                0.983739837398374,
                0.983739837398374,
                0.991869918699187,
                0.991869918699187,
                1.0,
                1.0
            ],
            "auc": 0.992102206736353
        },
        "BCC": {
            "fpr": [
                0.0,
                0.0,
                0.0,
                0.02247191011235955,
                0.02247191011235955,
                0.03932584269662921,
                0.03932584269662921,
                0.06179775280898876,
                0.06179775280898876,
                0.08426966292134831,
                0.08426966292134831,
                0.09550561797752809,
                0.09550561797752809,
                0.11235955056179775,
                0.11235955056179775,
                1.0
            ],
            "tpr": [
                0.0,
                0.06666666666666667,
                0.6,
                0.6,
                0.6666666666666666,
                0.6666666666666666,
                0.7333333333333333,
                0.7333333333333333,
                0.8,
                0.8,
                0.8666666666666667,
                0.8666666666666667,
                0.9333333333333333,
                0.9333333333333333,
                1.0,
                1.0
            ],
            "auc": 0.9722846441947565
        },
        "AKIEC": {
            "fpr": [
                0.0,
                0.0,
                0.005405405405405406,
                0.005405405405405406,
                0.021621621621621623,
                0.021621621621621623,
                0.02702702702702703,
                0.02702702702702703,
                0.06486486486486487,
                0.06486486486486487,
                0.11891891891891893,
                0.11891891891891893,
                1.0
            ],
            "tpr": [
                0.0,
                0.125,
                0.125,
                0.5,
                0.5,
                0.625,
                0.625,
                0.75,
                0.75,
                0.875,
                0.875,
                1.0,
                1.0
            ],
            "auc": 0.9689189189189189
        },
        "BKL": {
            "fpr": [
                0.0,
                0.0,
                0.0,
                0.005847953216374269,
                0.005847953216374269,
                0.011695906432748537,
                0.011695906432748537,
                0.017543859649122806,
                0.017543859649122806,
                0.05847953216374269,
                0.05847953216374269,
                0.10526315789473684,
                0.10526315789473684,
                0.14035087719298245,
                0.14035087719298245,
                0.1695906432748538,
                0.1695906432748538,
                0.21052631578947367,
                0.21052631578947367,
                1.0
            ],
            "tpr": [
                0.0,
                0.045454545454545456,
                0.2727272727272727,
                0.2727272727272727,
                0.5909090909090909,
                0.5909090909090909,
                0.6363636363636364,
                0.6363636363636364,
                0.7727272727272727,
                0.7727272727272727,
                0.8181818181818182,
                0.8181818181818182,
                0.8636363636363636,
                0.8636363636363636,
                0.9090909090909091,
                0.9090909090909091,
                0.9545454545454546,
                0.9545454545454546,
                1.0,
                1.0
            ],
            "auc": 0.9641148325358851
        },
        "DF": {
            "fpr": [
                0.0,
                0.0,
                1.0
            ],
            "tpr": [
                0.0,
                1.0,
                1.0
            ],
            "auc": 1.0
        },
        "VASC": {
            "fpr": [
                0.0,
                0.0,
                0.0,
                1.0
            ],
            "tpr": [
                0.0,
                0.3333333333333333,
                1.0,
                1.0
            ],
            "auc": 1.0
        }
    },
    "macro_average_auc": 0.9812382993978819
}