{
    "epoch": 75,
    "num_classes": 7,
    "class_names": [
        "MEL",
        "NV",
        "BCC",
        "AKIEC",
        "BKL",
        "DF",
        "VASC"
    ],
    "per_class": {
        "MEL": {
            "fpr": [
                0.0,
                0.0,
                0.0,
                0.01744186046511628,
                0.01744186046511628,
                0.029069767441860465,
                0.029069767441860465,
                0.03488372093023256,
                0.03488372093023256,
                0.05232558139534884,
                0.05232558139534884,
                0.06395348837209303,
                0.06395348837209303,
                0.06976744186046512,
                0.06976744186046512,
                0.627906976744186,
                0.627906976744186,
                1.0
            ],
            "tpr": [
                0.0,
                0.047619047619047616,
                0.5238095238095238,
                0.5238095238095238,
                0.6190476190476191,
                0.6190476190476191,
                0.7619047619047619,
                0.7619047619047619,
                0.8095238095238095,
                0.8095238095238095,
                0.8571428571428571,
                0.8571428571428571,
                0.9047619047619048,
                0.9047619047619048,
                0.9523809523809523,
                0.9523809523809523,
                1.0,
                1.0
            ],
            "auc": 0.9537652270210408
        },
        "NV": {
            "fpr": [
                0.0,
                0.0,
                0.0,
                0.014285714285714285,
                0.014285714285714285,
                0.02857142857142857,
                0.02857142857142857,
                0.07142857142857142,
                0.07142857142857142,
                0.14285714285714285,
                0.14285714285714285,
                0.2571428571428571,
                0.2571428571428571,
                1.0
            ],
            "tpr": [
                0.0,
                0.008130081300813009,
                0.6178861788617886,
                0.6178861788617886,
                0.9105691056910569,
                0.9105691056910569,
                0.967479674796748,
                0.967479674796748,
                0.983739837398374,
                0.983739837398374,
                0.991869918699187,
                0.991869918699187,
                1.0,
                1.0
            ],
            "auc": 0.9897793263646922
        },
        "BCC": {
            "fpr": [
                0.0,
                0.0,
                0.0,
                0.0056179775280898875,
                0.0056179775280898875,
                0.016853932584269662,
                0.016853932584269662,
                0.02247191011235955,
                0.02247191011235955,
                0.42134831460674155,
                0.42134831460674155,
                1.0
            ],
            "tpr": [
                0.0,
                0.06666666666666667,
                0.4666666666666667,
                0.4666666666666667,
                0.7333333333333333,
                0.7333333333333333,
                0.8,
                0.8,
                0.9333333333333333,
                0.9333333333333333,
                1.0,
                1.0
            ],
            "auc": 0.9662921348314606
        },
        "AKIEC": {
            "fpr": [
                0.0,
                0.0,
                0.005405405405405406,
                0.005405405405405406,
                0.016216216216216217,
                0.016216216216216217,
                0.02702702702702703,
                0.02702702702702703,
                0.21081081081081082,
                0.21081081081081082,
                1.0
            ],
            "tpr": [
                0.0,
                0.125,
                0.125,
                0.625,
                0.625,
                0.75,
                0.75,
                0.875,
                0.875,
                1.0,
                1.0
            ],
            "auc": 0.9655405405405405
        },
        "BKL": {
            "fpr": [
                0.0,
                0.0,
                0.0,
                0.005847953216374269,
                0.005847953216374269,
                0.011695906432748537,
                0.011695906432748537,
                0.03508771929824561,
                0.03508771929824561,
                0.04093567251461988,
                0.04093567251461988,
                0.05847953216374269,
                0.05847953216374269,
                0.42105263157894735,
                0.42105263157894735,
                1.0
            ],
            "tpr": [
                0.0,
                0.045454545454545456,
                0.09090909090909091,
                0.09090909090909091,
                0.7727272727272727,
                0.7727272727272727,
                0.8181818181818182,
                0.8181818181818182,
                0.8636363636363636,
                0.8636363636363636,
                0.9090909090909091,
                0.9090909090909091,
                0.9545454545454546,
                0.9545454545454546,
                1.0,
                1.0
            ],
            "auc": 0.9702286018075492
        },
        "DF": {
            "fpr": [
                0.0,
                0.0,
                1.0
            ],
            "tpr": [
                0.0,
                1.0,
                1.0
            ],
            "auc": 1.0
        },
        "VASC": {
            "fpr": [
                0.0,
                0.0,
                0.0,
                1.0
            ],
            "tpr": [
                0.0,
                0.3333333333333333,
                1.0,
                1.0
            ],
            "auc": 1.0
        }
    },
    "macro_average_auc": 0.9803990783825977
}