{
    "epoch": 40,
    "num_classes": 7,
    "class_names": [
        "MEL",
        "NV",
        "BCC",
        "AKIEC",
        "BKL",
        "DF",
        "VASC"
    ],
    "per_class": {
        "MEL": {
            "fpr": [
                0.0,
                0.0,
                0.0,
                0.011627906976744186,
                0.011627906976744186,
                0.023255813953488372,
                0.023255813953488372,
                0.029069767441860465,
                0.029069767441860465,
                0.046511627906976744,
                0.046511627906976744,
                0.05813953488372093,
                0.05813953488372093,
                0.09302325581395349,
                0.09302325581395349,
                0.3546511627906977,
                0.3546511627906977,
                1.0
            ],
            "tpr": [
                0.0,
                0.047619047619047616,
                0.47619047619047616,
                0.47619047619047616,
                0.6190476190476191,
                0.6190476190476191,
                0.7142857142857143,
                0.7142857142857143,
                0.8095238095238095,
                0.8095238095238095,
                0.8571428571428571,
                0.8571428571428571,
                0.9047619047619048,
                0.9047619047619048,
                0.9523809523809523,
                0.9523809523809523,
                1.0,
                1.0
            ],
            "auc": 0.9670542635658915
        },
        "NV": {
            "fpr": [
                0.0,
                0.0,
                0.0,
                0.014285714285714285,
                0.014285714285714285,
                0.04285714285714286,
                0.04285714285714286,
                0.05714285714285714,
                0.05714285714285714,
                0.08571428571428572,
                0.08571428571428572,
                0.12857142857142856,
                0.12857142857142856,
                0.15714285714285714,
                0.15714285714285714,
                0.35714285714285715,
                0.35714285714285715,
                1.0
            ],
            "tpr": [
                0.0,
                0.008130081300813009,
                0.8617886178861789,
                0.8617886178861789,
                0.9512195121951219,
                0.9512195121951219,
                0.959349593495935,
                0.959349593495935,
                0.967479674796748,
                0.967479674796748,
                0.975609756097561,
                0.975609756097561,
                0.983739837398374,
                0.983739837398374,
                0.991869918699187,
                0.991869918699187,
                1.0,
                1.0
            ],
            "auc": 0.9919860627177699
        },
        "BCC": {
            "fpr": [
                0.0,
                0.0,
                0.0,
                0.0056179775280898875,
                0.0056179775280898875,
                0.011235955056179775,
                0.011235955056179775,
                0.016853932584269662,
                0.016853932584269662,
                0.033707865168539325,
                0.033707865168539325,
                0.06179775280898876,
                0.06179775280898876,
                0.07303370786516854,
                0.07303370786516854,
                1.0
            ],
            "tpr": [
                0.0,
                0.06666666666666667,
                0.4,
                0.4,
                0.6,
                0.6,
                0.6666666666666666,
                0.6666666666666666,
                0.7333333333333333,
                0.7333333333333333,
                0.8666666666666667,
                0.8666666666666667,
                0.9333333333333333,
                0.9333333333333333,
                1.0,
                1.0
            ],
            "auc": 0.9835205992509364
        },
        "AKIEC": {
            "fpr": [
                0.0,
                0.0,
                0.005405405405405406,
                0.005405405405405406,
                0.010810810810810811,
                0.010810810810810811,
                0.032432432432432434,
                0.032432432432432434,
                0.05405405405405406,
                0.05405405405405406,
                0.10270270270270271,
                0.10270270270270271,
                1.0
            ],
            "tpr": [
                0.0,
                0.125,
                0.125,
                0.5,
                0.5,
                0.625,
                0.625,
                0.75,
                0.75,
                0.875,
                0.875,
                1.0,
                1.0
            ],
            "auc": 0.9729729729729729
        },
        "BKL": {
            "fpr": [
                0.0,
                0.0,
                0.0,
                0.005847953216374269,
                0.005847953216374269,
                0.011695906432748537,
                0.011695906432748537,
                0.017543859649122806,
                0.017543859649122806,
                0.04093567251461988,
                0.04093567251461988,
                0.13450292397660818,
                0.13450292397660818,
                0.21637426900584794,
                0.21637426900584794,
                1.0
            ],
            "tpr": [
                0.0,
                0.045454545454545456,
                0.22727272727272727,
                0.22727272727272727,
                0.6363636363636364,
                0.6363636363636364,
                0.6818181818181818,
                0.6818181818181818,
                0.8181818181818182,
                0.8181818181818182,
                0.9090909090909091,
                0.9090909090909091,
                0.9545454545454546,
                0.9545454545454546,
                1.0,
                1.0
            ],
            "auc": 0.9750132908027646
        },
        "DF": {
            "fpr": [
                0.0,
                0.0,
                1.0
            ],
            "tpr": [
                0.0,
                1.0,
                1.0
            ],
            "auc": 1.0
        },
        "VASC": {
            "fpr": [
                0.0,
                0.0,
                0.0,
                1.0
            ],
            "tpr": [
                0.0,
                0.3333333333333333,
                1.0,
                1.0
            ],
            "auc": 1.0
        }
    },
    "macro_average_auc": 0.9857591498429931
}