{
    "epoch": 45,
    "num_classes": 7,
    "class_names": [
        "MEL",
        "NV",
        "BCC",
        "AKIEC",
        "BKL",
        "DF",
        "VASC"
    ],
    "per_class": {
        "MEL": {
            "fpr": [
                0.0,
                0.0,
                0.0,
                0.01744186046511628,
                0.01744186046511628,
                0.023255813953488372,
                0.023255813953488372,
                0.029069767441860465,
                0.029069767441860465,
                0.040697674418604654,
                0.040697674418604654,
                0.11046511627906977,
                0.11046511627906977,
                0.13372093023255813,
                0.13372093023255813,
                0.37209302325581395,
                0.37209302325581395,
                1.0
            ],
            "tpr": [
                0.0,
                0.047619047619047616,
                0.38095238095238093,
                0.38095238095238093,
                0.42857142857142855,
                0.42857142857142855,
                0.7619047619047619,
                0.7619047619047619,
                0.8095238095238095,
                0.8095238095238095,
                0.8571428571428571,
                0.8571428571428571,
                0.9047619047619048,
                0.9047619047619048,
                0.9523809523809523,
                0.9523809523809523,
                1.0,
                1.0
            ],
            "auc": 0.9587486157253599
        },
        "NV": {
            "fpr": [
                0.0,
                0.0,
                0.0,
                0.014285714285714285,
                0.014285714285714285,
                0.02857142857142857,
                0.02857142857142857,
                0.22857142857142856,
                0.22857142857142856,
                0.34285714285714286,
                0.34285714285714286,
                1.0
            ],
            "tpr": [
                0.0,
                0.008130081300813009,
                0.7967479674796748,
                0.7967479674796748,
                0.967479674796748,
                0.967479674796748,
                0.983739837398374,
                0.983739837398374,
                0.991869918699187,
                0.991869918699187,
                1.0,
                1.0
            ],
            "auc": 0.9924506387921022
        },
        "BCC": {
            "fpr": [
                0.0,
                0.0,
                0.0,
                0.0056179775280898875,
                0.0056179775280898875,
                0.016853932584269662,
                0.016853932584269662,
                0.25280898876404495,
                0.25280898876404495,
                1.0
            ],
            "tpr": [
                0.0,
                0.06666666666666667,
                0.4,
                0.4,
                0.7333333333333333,
                0.7333333333333333,
                0.9333333333333333,
                0.9333333333333333,
                1.0,
                1.0
            ],
            "auc": 0.9779026217228464
        },
        "AKIEC": {
            "fpr": [
                0.0,
                0.005405405405405406,
                0.005405405405405406,
                0.010810810810810811,
                0.010810810810810811,
                0.021621621621621623,
                0.021621621621621623,
                0.15675675675675677,
                0.15675675675675677,
                1.0
            ],
            "tpr": [
                0.0,
                0.0,
                0.5,
                0.5,
                0.75,
                0.75,
                0.875,
                0.875,
                1.0,
                1.0
            ],
            "auc": 0.9722972972972974
        },
        "BKL": {
            "fpr": [
                0.0,
                0.0,
                0.0,
                0.005847953216374269,
                0.005847953216374269,
                0.017543859649122806,
                0.017543859649122806,
                0.03508771929824561,
                0.03508771929824561,
                0.04093567251461988,
                0.04093567251461988,
                0.12280701754385964,
                0.12280701754385964,
                0.2046783625730994,
                0.2046783625730994,
                1.0
            ],
            "tpr": [
                0.0,
                0.045454545454545456,
                0.18181818181818182,
                0.18181818181818182,
                0.7727272727272727,
                0.7727272727272727,
                0.8181818181818182,
                0.8181818181818182,
                0.8636363636363636,
                0.8636363636363636,
                0.9090909090909091,
                0.9090909090909091,
                0.9545454545454546,
                0.9545454545454546,
                1.0,
                1.0
            ],
            "auc": 0.977405635300372
        },
        "DF": {
            "fpr": [
                0.0,
                0.0,
                1.0
            ],
            "tpr": [
                0.0,
                1.0,
                1.0
            ],
            "auc": 1.0
        },
        "VASC": {
            "fpr": [
                0.0,
                0.0,
                0.0,
                1.0
            ],
            "tpr": [
                0.0,
                0.3333333333333333,
                1.0,
                1.0
            ],
            "auc": 1.0
        }
    },
    "macro_average_auc": 0.9841427995775776
}