{
    "epoch": 95,
    "num_classes": 7,
    "class_names": [
        "MEL",
        "NV",
        "BCC",
        "AKIEC",
        "BKL",
        "DF",
        "VASC"
    ],
    "per_class": {
        "MEL": {
            "fpr": [
                0.0,
                0.0,
                0.0,
                0.011627906976744186,
                0.011627906976744186,
                0.023255813953488372,
                0.023255813953488372,
                0.029069767441860465,
                0.029069767441860465,
                0.046511627906976744,
                0.046511627906976744,
                0.06395348837209303,
                0.06395348837209303,
                0.09302325581395349,
                0.09302325581395349,
                0.6976744186046512,
                0.6976744186046512,
                1.0
            ],
            "tpr": [
                0.0,
                0.047619047619047616,
                0.5238095238095238,
                0.5238095238095238,
                0.5714285714285714,
                0.5714285714285714,
                0.6190476190476191,
                0.6190476190476191,
                0.7619047619047619,
                0.7619047619047619,
                0.8571428571428571,
                0.8571428571428571,
                0.9047619047619048,
                0.9047619047619048,
                0.9523809523809523,
                0.9523809523809523,
                1.0,
                1.0
            ],
            "auc": 0.9490586932447396
        },
        "NV": {
            "fpr": [
                0.0,
                0.0,
                0.0,
                0.014285714285714285,
                0.014285714285714285,
                0.02857142857142857,
                0.02857142857142857,
                0.07142857142857142,
                0.07142857142857142,
                0.12857142857142856,
                0.12857142857142856,
                0.14285714285714285,
                0.14285714285714285,
                0.3,
                0.3,
                1.0
            ],
            "tpr": [
                0.0,
                0.008130081300813009,
                0.3089430894308943,
                0.3089430894308943,
                0.926829268292683,
                0.926829268292683,
                0.967479674796748,
                0.967479674796748,
                0.975609756097561,
                0.975609756097561,
                0.983739837398374,
                0.983739837398374,
                0.991869918699187,
                0.991869918699187,
                1.0,
                1.0
            ],
            "auc": 0.9847851335656214
        },
        "BCC": {
            "fpr": [
                0.0,
                0.0,
                0.0,
                0.0056179775280898875,
                0.0056179775280898875,
                0.011235955056179775,
                0.011235955056179775,
                0.016853932584269662,
                0.016853932584269662,
                0.028089887640449437,
                0.028089887640449437,
                0.1348314606741573,
                0.1348314606741573,
                1.0
            ],
            "tpr": [
                0.0,
                0.06666666666666667,
                0.4666666666666667,
                0.4666666666666667,
                0.7333333333333333,
                0.7333333333333333,
                0.8,
                0.8,
                0.8666666666666667,
                0.8666666666666667,
                0.9333333333333333,
                0.9333333333333333,
                1.0,
                1.0
            ],
            "auc": 0.9857677902621723
        },
        "AKIEC": {
            "fpr": [
                0.0,
                0.0,
                0.005405405405405406,
                0.005405405405405406,
                0.016216216216216217,
                0.016216216216216217,
                0.3027027027027027,
                0.3027027027027027,
                1.0
            ],
            "tpr": [
                0.0,
                0.125,
                0.125,
                0.75,
                0.75,
                0.875,
                0.875,
                1.0,
                1.0
            ],
            "auc": 0.9567567567567566
        },
        "BKL": {
            "fpr": [
                0.0,
                0.0,
                0.005847953216374269,
                0.005847953216374269,
                0.029239766081871343,
                0.029239766081871343,
                0.04678362573099415,
                0.04678362573099415,
                0.6900584795321637,
                0.6900584795321637,
                1.0
            ],
            "tpr": [
                0.0,
                0.045454545454545456,
                0.045454545454545456,
                0.8636363636363636,
                0.8636363636363636,
                0.9090909090909091,
                0.9090909090909091,
                0.9545454545454546,
                0.9545454545454546,
                1.0,
                1.0
            ],
            "auc": 0.9603934077618289
        },
        "DF": {
            "fpr": [
                0.0,
                0.0,
                1.0
            ],
            "tpr": [
                0.0,
                1.0,
                1.0
            ],
            "auc": 1.0
        },
        "VASC": {
            "fpr": [
                0.0,
                0.0,
                0.0,
                1.0
            ],
            "tpr": [
                0.0,
                0.3333333333333333,
                1.0,
                1.0
            ],
            "auc": 1.0
        }
    },
    "macro_average_auc": 0.9788640776765973
}