{
    "epoch": 20,
    "num_classes": 7,
    "class_names": [
        "MEL",
        "NV",
        "BCC",
        "AKIEC",
        "BKL",
        "DF",
        "VASC"
    ],
    "per_class": {
        "MEL": {
            "fpr": [
                0.0,
                0.0,
                0.0,
                0.011627906976744186,
                0.011627906976744186,
                0.01744186046511628,
                0.01744186046511628,
                0.03488372093023256,
                0.03488372093023256,
                0.06395348837209303,
                0.06395348837209303,
                0.7151162790697675,
                0.7151162790697675,
                0.7558139534883721,
                0.7558139534883721,
                1.0
            ],
            "tpr": [
                0.0,
                0.047619047619047616,
                0.3333333333333333,
                0.3333333333333333,
                0.47619047619047616,
                0.47619047619047616,
                0.7142857142857143,
                0.7142857142857143,
                0.8571428571428571,
                0.8571428571428571,
                0.9047619047619048,
                0.9047619047619048,
                0.9523809523809523,
                0.9523809523809523,
                1.0,
                1.0
            ],
            "auc": 0.9161129568106312
        },
        "NV": {
            "fpr": [
                0.0,
                0.0,
                0.0,
                0.04285714285714286,
                0.04285714285714286,
                0.05714285714285714,
                0.05714285714285714,
                0.07142857142857142,
                0.07142857142857142,
                0.1,
                0.1,
                0.18571428571428572,
                0.18571428571428572,
                0.2571428571428571,
                0.2571428571428571,
                0.6,
                0.6,
                1.0
            ],
            "tpr": [
                0.0,
                0.008130081300813009,
                0.9024390243902439,
                0.9024390243902439,
                0.943089430894309,
                0.943089430894309,
                0.9512195121951219,
                0.9512195121951219,
                0.959349593495935,
                0.959349593495935,
                0.967479674796748,
                0.967479674796748,
                0.983739837398374,
                0.983739837398374,
                0.991869918699187,
                0.991869918699187,
                1.0,
                1.0
            ],
            "auc": 0.9864111498257839
        },
        "BCC": {
            "fpr": [
                0.0,
                0.0,
                0.0,
                0.0056179775280898875,
                0.0056179775280898875,
                0.016853932584269662,
                0.016853932584269662,
                0.02247191011235955,
                0.02247191011235955,
                0.028089887640449437,
                0.028089887640449437,
                0.07303370786516854,
                0.07303370786516854,
                0.16853932584269662,
                0.16853932584269662,
                0.2303370786516854,
                0.2303370786516854,
                1.0
            ],
            "tpr": [
                0.0,
                0.06666666666666667,
                0.4,
                0.4,
                0.4666666666666667,
                0.4666666666666667,
                0.5333333333333333,
                0.5333333333333333,
                0.7333333333333333,
                0.7333333333333333,
                0.8,
                0.8,
                0.8666666666666667,
                0.8666666666666667,
                0.9333333333333333,
                0.9333333333333333,
                1.0,
                1.0
            ],
            "auc": 0.9606741573033708
        },
        "AKIEC": {
            "fpr": [
                0.0,
                0.005405405405405406,
                0.016216216216216217,
                0.016216216216216217,
                0.02702702702702703,
                0.02702702702702703,
                0.043243243243243246,
                0.043243243243243246,
                0.08108108108108109,
                0.08108108108108109,
                0.11351351351351352,
                0.11351351351351352,
                1.0
            ],
            "tpr": [
                0.0,
                0.0,
                0.0,
                0.375,
                0.375,
                0.5,
                0.5,
                0.625,
                0.625,
                0.875,
                0.875,
                1.0,
                1.0
            ],
            "auc": 0.9506756756756758
        },
        "BKL": {
            "fpr": [
                0.0,
                0.0,
                0.0,
                0.011695906432748537,
                0.011695906432748537,
                0.017543859649122806,
                0.017543859649122806,
                0.029239766081871343,
                0.029239766081871343,
                0.03508771929824561,
                0.03508771929824561,
                0.04093567251461988,
                0.04093567251461988,
                0.05847953216374269,
                0.05847953216374269,
                0.10526315789473684,
                0.10526315789473684,
                0.11695906432748537,
                0.11695906432748537,
                0.26900584795321636,
                0.26900584795321636,
                0.7426900584795322,
                0.7426900584795322,
                1.0
            ],
            "tpr": [
                0.0,
                0.045454545454545456,
                0.2727272727272727,
                0.2727272727272727,
                0.3181818181818182,
                0.3181818181818182,
                0.4090909090909091,
                0.4090909090909091,
                0.6363636363636364,
                0.6363636363636364,
                0.6818181818181818,
                0.6818181818181818,
                0.7272727272727273,
                0.7272727272727273,
                0.8181818181818182,
                0.8181818181818182,
                0.8636363636363636,
                0.8636363636363636,
                0.9090909090909091,
                0.9090909090909091,
                0.9545454545454546,
                0.9545454545454546,
                1.0,
                1.0
            ],
            "auc": 0.9263689526847422
        },
        "DF": {
            "fpr": [
                0.0,
                0.005208333333333333,
                0.005208333333333333,
                1.0
            ],
            "tpr": [
                0.0,
                0.0,
                1.0,
                1.0
            ],
            "auc": 0.9947916666666666
        },
        "VASC": {
            "fpr": [
                0.0,
                0.0,
                0.0,
                1.0
            ],
            "tpr": [
                0.0,
                0.3333333333333333,
                1.0,
                1.0
            ],
            "auc": 1.0
        }
    },
    "macro_average_auc": 0.9644922759911033
}