{
    "overall": {
        "accuracy": 75.64766839378238,
        "balanced_multiclass_accuracy": 0.540324222815512,
        "macro_recall": 0.540324222815512,
        "macro_precision": 0.4695535422406949,
        "macro_f1": 0.4880369539119996,
        "multiclass_macro_auc_ovr": 0.8127326996286321,
        "mean_auc_all_diagnoses": 0.8127326996286321,
        "mean_average_precision_all_diagnoses": 0.562114598418879,
        "mean_sensitivity": 0.540324222815512,
        "mean_specificity": 0.953767133541297,
        "mean_accuracy": 0.9304219096965209,
        "mean_f1": 0.4880369539119996,
        "mean_ppv": 0.4695535422406949,
        "mean_npv": 0.9465806784222447,
        "melanoma_auc80": 0.8455149501661129,
        "malignant_vs_benign_auc": 0.8924649176327029,
        "mcc": 0.587259316993314,
        "cohen_kappa": 0.5852119438474552,
        "mean_youden_index": 0.494091356356809
    },
    "per_class": {
        "MEL": {
            "sensitivity": 0.47619047619047616,
            "specificity": 0.9476744186046512,
            "accuracy": 0.8963730569948186,
            "auc": 0.9000553709856034,
            "average_precision": 0.6302238075327002,
            "f1_score": 0.5,
            "ppv": 0.5263157894736842,
            "npv": 0.9367816091954023,
            "auc80": 0.8455149501661129,
            "youden_index": 0.42386489479512734
        },
        "NV": {
            "sensitivity": 0.8780487804878049,
            "specificity": 0.9,
            "accuracy": 0.8860103626943006,
            "auc": 0.9321718931475029,
            "average_precision": 0.9577310388900971,
            "f1_score": 0.907563025210084,
            "ppv": 0.9391304347826087,
            "npv": 0.8076923076923077,
            "auc80": NaN,
            "youden_index": 0.7780487804878049
        },
        "BCC": {
            "sensitivity": 0.6666666666666666,
            "specificity": 0.9719101123595506,
            "accuracy": 0.9481865284974094,
            "auc": 0.9430711610486892,
            "average_precision": 0.6037317867317867,
            "f1_score": 0.6666666666666666,
            "ppv": 0.6666666666666666,
            "npv": 0.9719101123595506,
            "auc80": NaN,
            "youden_index": 0.6385767790262173
        },
        "AKIEC": {
            "sensitivity": 0.125,
            "specificity": 0.9675675675675676,
            "accuracy": 0.9326424870466321,
            "auc": 0.7094594594594594,
            "average_precision": 0.17075736773090242,
            "f1_score": 0.13333333333333333,
            "ppv": 0.14285714285714285,
            "npv": 0.9623655913978495,
            "auc80": NaN,
            "youden_index": 0.09256756756756745
        },
        "BKL": {
            "sensitivity": 0.6363636363636364,
            "specificity": 0.9415204678362573,
            "accuracy": 0.9067357512953368,
            "auc": 0.9074960127591707,
            "average_precision": 0.5650052468701962,
            "f1_score": 0.6086956521739131,
            "ppv": 0.5833333333333334,
            "npv": 0.9526627218934911,
            "auc80": NaN,
            "youden_index": 0.5778841041998937
        },
        "DF": {
            "sensitivity": 0.0,
            "specificity": 0.96875,
            "accuracy": 0.9637305699481865,
            "auc": 0.296875,
            "average_precision": 0.007352941176470588,
            "f1_score": 0.0,
            "ppv": 0.0,
            "npv": 0.9946524064171123,
            "auc80": NaN,
            "youden_index": -0.03125
        },
        "VASC": {
            "sensitivity": 1.0,
            "specificity": 0.9789473684210527,
            "accuracy": 0.9792746113989638,
            "auc": 1.0,
            "average_precision": 1.0,
            "f1_score": 0.6,
            "ppv": 0.42857142857142855,
            "npv": 1.0,
            "auc80": NaN,
            "youden_index": 0.9789473684210526
        }
    },
    "malignant_definition_used": [
        "MEL",
        "BCC",
        "AKIEC"
    ],
    "val_loss": 1.8306811708242783
}