{
    "overall": {
        "accuracy": 73.05699481865285,
        "balanced_multiclass_accuracy": 0.5261546525483808,
        "macro_recall": 0.5261546525483808,
        "macro_precision": 0.4440999476713762,
        "macro_f1": 0.4634802619158064,
        "multiclass_macro_auc_ovr": 0.7977215787616203,
        "mean_auc_all_diagnoses": 0.7977215787616203,
        "mean_average_precision_all_diagnoses": 0.5706082573901876,
        "mean_sensitivity": 0.5261546525483808,
        "mean_specificity": 0.948531236379812,
        "mean_accuracy": 0.9230199851961508,
        "mean_f1": 0.46348026191580644,
        "mean_ppv": 0.4440999476713762,
        "mean_npv": 0.9396571817037062,
        "melanoma_auc80": 0.8510520487264673,
        "malignant_vs_benign_auc": 0.8912446613788895,
        "mcc": 0.5510189970207162,
        "cohen_kappa": 0.5478668288507456,
        "mean_youden_index": 0.47468588892819286
    },
    "per_class": {
        "MEL": {
            "sensitivity": 0.47619047619047616,
            "specificity": 0.9534883720930233,
            "accuracy": 0.9015544041450777,
            "auc": 0.8989479512735327,
            "average_precision": 0.6391869152372874,
            "f1_score": 0.5128205128205129,
            "ppv": 0.5555555555555556,
            "npv": 0.9371428571428572,
            "auc80": 0.8510520487264673,
            "youden_index": 0.42967884828349945
        },
        "NV": {
            "sensitivity": 0.8455284552845529,
            "specificity": 0.8857142857142857,
            "accuracy": 0.8601036269430051,
            "auc": 0.935307781649245,
            "average_precision": 0.9620422529673138,
            "f1_score": 0.8851063829787236,
            "ppv": 0.9285714285714286,
            "npv": 0.7654320987654321,
            "auc80": NaN,
            "youden_index": 0.7312427409988387
        },
        "BCC": {
            "sensitivity": 0.6,
            "specificity": 0.9662921348314607,
            "accuracy": 0.9378238341968912,
            "auc": 0.953558052434457,
            "average_precision": 0.618093983621367,
            "f1_score": 0.6,
            "ppv": 0.6,
            "npv": 0.9662921348314607,
            "auc80": NaN,
            "youden_index": 0.5662921348314607
        },
        "AKIEC": {
            "sensitivity": 0.125,
            "specificity": 0.9567567567567568,
            "accuracy": 0.9222797927461139,
            "auc": 0.7087837837837838,
            "average_precision": 0.18796608041603619,
            "f1_score": 0.11764705882352941,
            "ppv": 0.1111111111111111,
            "npv": 0.9619565217391305,
            "auc80": NaN,
            "youden_index": 0.08175675675675675
        },
        "BKL": {
            "sensitivity": 0.6363636363636364,
            "specificity": 0.9298245614035088,
            "accuracy": 0.8963730569948186,
            "auc": 0.9207868155236576,
            "average_precision": 0.5807573893650847,
            "f1_score": 0.5833333333333334,
            "ppv": 0.5384615384615384,
            "npv": 0.9520958083832335,
            "auc80": NaN,
            "youden_index": 0.5661881977671452
        },
        "DF": {
            "sensitivity": 0.0,
            "specificity": 0.9739583333333334,
            "accuracy": 0.9689119170984456,
            "auc": 0.16666666666666663,
            "average_precision": 0.006211180124223602,
            "f1_score": 0.0,
            "ppv": 0.0,
            "npv": 0.9946808510638298,
            "auc80": NaN,
            "youden_index": -0.02604166666666663
        },
        "VASC": {
            "sensitivity": 1.0,
            "specificity": 0.9736842105263158,
            "accuracy": 0.9740932642487047,
            "auc": 1.0,
            "average_precision": 1.0,
            "f1_score": 0.5454545454545454,
            "ppv": 0.375,
            "npv": 1.0,
            "auc80": NaN,
            "youden_index": 0.9736842105263159
        }
    },
    "malignant_definition_used": [
        "MEL",
        "BCC",
        "AKIEC"
    ],
    "val_loss": 1.8166728983271307
}