{
    "overall": {
        "accuracy": 70.98445595854922,
        "balanced_multiclass_accuracy": 0.5967200627479373,
        "macro_recall": 0.5967200627479373,
        "macro_precision": 0.47235449735449736,
        "macro_f1": 0.494830546990353,
        "multiclass_macro_auc_ovr": 0.8112228500345303,
        "mean_auc_all_diagnoses": 0.8112228500345303,
        "mean_average_precision_all_diagnoses": 0.588064329761029,
        "mean_sensitivity": 0.5967200627479373,
        "mean_specificity": 0.9547387048444718,
        "mean_accuracy": 0.9170984455958548,
        "mean_f1": 0.494830546990353,
        "mean_ppv": 0.47235449735449736,
        "mean_npv": 0.9349975832556253,
        "melanoma_auc80": 0.8471760797342193,
        "malignant_vs_benign_auc": 0.8651616839536302,
        "mcc": 0.5824733159066302,
        "cohen_kappa": 0.5593247981733671,
        "mean_youden_index": 0.5514587675924091
    },
    "per_class": {
        "MEL": {
            "sensitivity": 0.8095238095238095,
            "specificity": 0.8662790697674418,
            "accuracy": 0.8601036269430051,
            "auc": 0.8995016611295682,
            "average_precision": 0.7346901713958365,
            "f1_score": 0.5573770491803278,
            "ppv": 0.425,
            "npv": 0.9738562091503268,
            "auc80": 0.8471760797342193,
            "youden_index": 0.6758028792912514
        },
        "NV": {
            "sensitivity": 0.7235772357723578,
            "specificity": 1.0,
            "accuracy": 0.8238341968911918,
            "auc": 0.9491289198606273,
            "average_precision": 0.975432035106508,
            "f1_score": 0.839622641509434,
            "ppv": 1.0,
            "npv": 0.6730769230769231,
            "auc80": NaN,
            "youden_index": 0.7235772357723578
        },
        "BCC": {
            "sensitivity": 0.6666666666666666,
            "specificity": 0.9550561797752809,
            "accuracy": 0.9326424870466321,
            "auc": 0.8827715355805243,
            "average_precision": 0.4986454066440197,
            "f1_score": 0.606060606060606,
            "ppv": 0.5555555555555556,
            "npv": 0.9714285714285714,
            "auc80": NaN,
            "youden_index": 0.6217228464419475
        },
        "AKIEC": {
            "sensitivity": 0.25,
            "specificity": 0.9837837837837838,
            "accuracy": 0.9533678756476683,
            "auc": 0.6858108108108107,
            "average_precision": 0.28325761058992327,
            "f1_score": 0.3076923076923077,
            "ppv": 0.4,
            "npv": 0.9680851063829787,
            "auc80": NaN,
            "youden_index": 0.23378378378378395
        },
        "BKL": {
            "sensitivity": 0.7272727272727273,
            "specificity": 0.935672514619883,
            "accuracy": 0.9119170984455959,
            "auc": 0.9175970228601807,
            "average_precision": 0.6165510688428831,
            "f1_score": 0.6530612244897959,
            "ppv": 0.5925925925925926,
            "npv": 0.963855421686747,
            "auc80": NaN,
            "youden_index": 0.6629452418926103
        },
        "DF": {
            "sensitivity": 0.0,
            "specificity": 0.9739583333333334,
            "accuracy": 0.9689119170984456,
            "auc": 0.34375,
            "average_precision": 0.007874015748031496,
            "f1_score": 0.0,
            "ppv": 0.0,
            "npv": 0.9946808510638298,
            "auc80": NaN,
            "youden_index": -0.02604166666666663
        },
        "VASC": {
            "sensitivity": 1.0,
            "specificity": 0.968421052631579,
            "accuracy": 0.9689119170984456,
            "auc": 1.0,
            "average_precision": 1.0,
            "f1_score": 0.5,
            "ppv": 0.3333333333333333,
            "npv": 1.0,
            "auc80": NaN,
            "youden_index": 0.9684210526315788
        }
    },
    "malignant_definition_used": [
        "MEL",
        "BCC",
        "AKIEC"
    ],
    "val_loss": 1.8033401651085967
}