{
    "overall": {
        "accuracy": 75.64766839378238,
        "balanced_multiclass_accuracy": 0.5516067846207219,
        "macro_recall": 0.5516067846207219,
        "macro_precision": 0.46989193907651555,
        "macro_f1": 0.49384627600059444,
        "multiclass_macro_auc_ovr": 0.802533324916029,
        "mean_auc_all_diagnoses": 0.802533324916029,
        "mean_average_precision_all_diagnoses": 0.5701927333309547,
        "mean_sensitivity": 0.5516067846207219,
        "mean_specificity": 0.953708612942046,
        "mean_accuracy": 0.9304219096965209,
        "mean_f1": 0.49384627600059444,
        "mean_ppv": 0.46989193907651555,
        "mean_npv": 0.9452335707698857,
        "melanoma_auc80": 0.8532668881506089,
        "malignant_vs_benign_auc": 0.8871262965222697,
        "mcc": 0.5913643874569195,
        "cohen_kappa": 0.5887846230563489,
        "mean_youden_index": 0.505315397562768
    },
    "per_class": {
        "MEL": {
            "sensitivity": 0.5714285714285714,
            "specificity": 0.9476744186046512,
            "accuracy": 0.9067357512953368,
            "auc": 0.8981173864894794,
            "average_precision": 0.6257377704836916,
            "f1_score": 0.5714285714285714,
            "ppv": 0.5714285714285714,
            "npv": 0.9476744186046512,
            "auc80": 0.8532668881506089,
            "youden_index": 0.5191029900332227
        },
        "NV": {
            "sensitivity": 0.8617886178861789,
            "specificity": 0.9,
            "accuracy": 0.8756476683937824,
            "auc": 0.9362369337979094,
            "average_precision": 0.9625155942710778,
            "f1_score": 0.8983050847457628,
            "ppv": 0.9380530973451328,
            "npv": 0.7875,
            "auc80": NaN,
            "youden_index": 0.7617886178861788
        },
        "BCC": {
            "sensitivity": 0.6666666666666666,
            "specificity": 0.9662921348314607,
            "accuracy": 0.9430051813471503,
            "auc": 0.9561797752808989,
            "average_precision": 0.6390998540121346,
            "f1_score": 0.6451612903225806,
            "ppv": 0.625,
            "npv": 0.9717514124293786,
            "auc80": NaN,
            "youden_index": 0.6329588014981273
        },
        "AKIEC": {
            "sensitivity": 0.125,
            "specificity": 0.9675675675675676,
            "accuracy": 0.9326424870466321,
            "auc": 0.7074324324324324,
            "average_precision": 0.18748955905205908,
            "f1_score": 0.13333333333333333,
            "ppv": 0.14285714285714285,
            "npv": 0.9623655913978495,
            "auc80": NaN,
            "youden_index": 0.09256756756756745
        },
        "BKL": {
            "sensitivity": 0.6363636363636364,
            "specificity": 0.9415204678362573,
            "accuracy": 0.9067357512953368,
            "auc": 0.9218500797448166,
            "average_precision": 0.5700547425944937,
            "f1_score": 0.6086956521739131,
            "ppv": 0.5833333333333334,
            "npv": 0.9526627218934911,
            "auc80": NaN,
            "youden_index": 0.5778841041998937
        },
        "DF": {
            "sensitivity": 0.0,
            "specificity": 0.9739583333333334,
            "accuracy": 0.9689119170984456,
            "auc": 0.19791666666666663,
            "average_precision": 0.0064516129032258064,
            "f1_score": 0.0,
            "ppv": 0.0,
            "npv": 0.9946808510638298,
            "auc80": NaN,
            "youden_index": -0.02604166666666663
        },
        "VASC": {
            "sensitivity": 1.0,
            "specificity": 0.9789473684210527,
            "accuracy": 0.9792746113989638,
            "auc": 1.0,
            "average_precision": 1.0,
            "f1_score": 0.6,
            "ppv": 0.42857142857142855,
            "npv": 1.0,
            "auc80": NaN,
            "youden_index": 0.9789473684210526
        }
    },
    "malignant_definition_used": [
        "MEL",
        "BCC",
        "AKIEC"
    ],
    "val_loss": 1.8136590589513433
}