{
    "overall": {
        "accuracy": 77.720207253886,
        "balanced_multiclass_accuracy": 0.49119756550070137,
        "macro_recall": 0.49119756550070137,
        "macro_precision": 0.5216096560081522,
        "macro_f1": 0.49790239082754384,
        "multiclass_macro_auc_ovr": 0.9391054402532587,
        "mean_auc_all_diagnoses": 0.9391054402532587,
        "mean_average_precision_all_diagnoses": 0.5763491158002819,
        "mean_sensitivity": 0.49119756550070137,
        "mean_specificity": 0.9455941950552795,
        "mean_accuracy": 0.9363434492968171,
        "mean_f1": 0.4979023908275439,
        "mean_ppv": 0.5216096560081522,
        "mean_npv": 0.9502403075473682,
        "melanoma_auc80": 0.8037098560354374,
        "malignant_vs_benign_auc": 0.9246491763270287
    },
    "per_class": {
        "MEL": {
            "sensitivity": 0.42857142857142855,
            "specificity": 0.9767441860465116,
            "accuracy": 0.917098445595855,
            "auc": 0.9097452934662238,
            "average_precision": 0.6348349334123662,
            "f1_score": 0.5294117647058824,
            "ppv": 0.6923076923076923,
            "npv": 0.9333333333333333,
            "auc80": 0.8037098560354374
        },
        "NV": {
            "sensitivity": 0.9105691056910569,
            "specificity": 0.7714285714285715,
            "accuracy": 0.8601036269430051,
            "auc": 0.945876887340302,
            "average_precision": 0.9713503620841966,
            "f1_score": 0.8924302788844621,
            "ppv": 0.875,
            "npv": 0.8307692307692308,
            "auc80": NaN
        },
        "BCC": {
            "sensitivity": 0.8,
            "specificity": 0.9606741573033708,
            "accuracy": 0.9481865284974094,
            "auc": 0.9876404494382023,
            "average_precision": 0.8755685055685055,
            "f1_score": 0.7058823529411765,
            "ppv": 0.631578947368421,
            "npv": 0.9827586206896551,
            "auc80": NaN
        },
        "AKIEC": {
            "sensitivity": 0.375,
            "specificity": 0.9675675675675676,
            "accuracy": 0.9430051813471503,
            "auc": 0.895945945945946,
            "average_precision": 0.32317090803932913,
            "f1_score": 0.35294117647058826,
            "ppv": 0.3333333333333333,
            "npv": 0.9728260869565217,
            "auc80": NaN
        },
        "BKL": {
            "sensitivity": 0.5909090909090909,
            "specificity": 0.9532163742690059,
            "accuracy": 0.9119170984455959,
            "auc": 0.9354066985645934,
            "average_precision": 0.5797864811767207,
            "f1_score": 0.6046511627906977,
            "ppv": 0.6190476190476191,
            "npv": 0.9476744186046512,
            "auc80": NaN
        },
        "DF": {
            "sensitivity": 0.0,
            "specificity": 0.9947916666666666,
            "accuracy": 0.9896373056994818,
            "auc": 0.9166666666666666,
            "average_precision": 0.058823529411764705,
            "f1_score": 0.0,
            "ppv": 0.0,
            "npv": 0.9947916666666666,
            "auc80": NaN
        },
        "VASC": {
            "sensitivity": 0.3333333333333333,
            "specificity": 0.9947368421052631,
            "accuracy": 0.9844559585492227,
            "auc": 0.9824561403508771,
            "average_precision": 0.5909090909090908,
            "f1_score": 0.4,
            "ppv": 0.5,
            "npv": 0.9895287958115183,
            "auc80": NaN
        }
    },
    "malignant_definition_used": [
        "MEL",
        "BCC",
        "AKIEC"
    ],
    "val_loss": 0.7942043950520649
}