{
    "overall": {
        "accuracy": 75.64766839378238,
        "balanced_multiclass_accuracy": 0.4183466069354571,
        "macro_recall": 0.4183466069354571,
        "macro_precision": 0.43394307555798234,
        "macro_f1": 0.4251935678992185,
        "multiclass_macro_auc_ovr": 0.9384863129426676,
        "mean_auc_all_diagnoses": 0.9384863129426676,
        "mean_average_precision_all_diagnoses": 0.5460595373154437,
        "mean_sensitivity": 0.4183466069354571,
        "mean_specificity": 0.939438087881577,
        "mean_accuracy": 0.930421909696521,
        "mean_f1": 0.4251935678992185,
        "mean_ppv": 0.43394307555798234,
        "mean_npv": 0.9459603201722944,
        "melanoma_auc80": 0.8518826135105205,
        "malignant_vs_benign_auc": 0.9240390482001221
    },
    "per_class": {
        "MEL": {
            "sensitivity": 0.47619047619047616,
            "specificity": 0.9418604651162791,
            "accuracy": 0.8911917098445595,
            "auc": 0.913344407530454,
            "average_precision": 0.5270420493578313,
            "f1_score": 0.4878048780487805,
            "ppv": 0.5,
            "npv": 0.9364161849710982,
            "auc80": 0.8518826135105205
        },
        "NV": {
            "sensitivity": 0.9105691056910569,
            "specificity": 0.7428571428571429,
            "accuracy": 0.8497409326424871,
            "auc": 0.9399535423925669,
            "average_precision": 0.9669380813917374,
            "f1_score": 0.8853754940711462,
            "ppv": 0.8615384615384616,
            "npv": 0.8253968253968254,
            "auc80": NaN
        },
        "BCC": {
            "sensitivity": 0.6666666666666666,
            "specificity": 0.9831460674157303,
            "accuracy": 0.9585492227979274,
            "auc": 0.9925093632958801,
            "average_precision": 0.9160795685795686,
            "f1_score": 0.7142857142857142,
            "ppv": 0.7692307692307693,
            "npv": 0.9722222222222222,
            "auc80": NaN
        },
        "AKIEC": {
            "sensitivity": 0.375,
            "specificity": 0.9783783783783784,
            "accuracy": 0.9533678756476683,
            "auc": 0.908108108108108,
            "average_precision": 0.2855620278414396,
            "f1_score": 0.39999999999999997,
            "ppv": 0.42857142857142855,
            "npv": 0.9731182795698925,
            "auc80": NaN
        },
        "BKL": {
            "sensitivity": 0.5,
            "specificity": 0.9298245614035088,
            "accuracy": 0.8808290155440415,
            "auc": 0.8833067517278044,
            "average_precision": 0.5117156689581642,
            "f1_score": 0.4888888888888889,
            "ppv": 0.4782608695652174,
            "npv": 0.9352941176470588,
            "auc80": NaN
        },
        "DF": {
            "sensitivity": 0.0,
            "specificity": 1.0,
            "accuracy": 0.9948186528497409,
            "auc": 0.9427083333333334,
            "average_precision": 0.08333333333333333,
            "f1_score": 0.0,
            "ppv": 0.0,
            "npv": 0.9948186528497409,
            "auc80": NaN
        },
        "VASC": {
            "sensitivity": 0.0,
            "specificity": 1.0,
            "accuracy": 0.9844559585492227,
            "auc": 0.9894736842105264,
            "average_precision": 0.5317460317460317,
            "f1_score": 0.0,
            "ppv": 0.0,
            "npv": 0.9844559585492227,
            "auc80": NaN
        }
    },
    "malignant_definition_used": [
        "MEL",
        "BCC",
        "AKIEC"
    ],
    "val_loss": 0.6953181775740391
}