{
    "overall": {
        "accuracy": 73.05699481865285,
        "balanced_multiclass_accuracy": 0.30738645790910596,
        "macro_recall": 0.30738645790910596,
        "macro_precision": 0.3756797033194549,
        "macro_f1": 0.30511857628103495,
        "multiclass_macro_auc_ovr": 0.9221716067817193,
        "mean_auc_all_diagnoses": 0.9221716067817193,
        "mean_average_precision_all_diagnoses": 0.5033160919815075,
        "mean_sensitivity": 0.30738645790910596,
        "mean_specificity": 0.9084785560651538,
        "mean_accuracy": 0.923019985196151,
        "mean_f1": 0.30511857628103495,
        "mean_ppv": 0.3756797033194549,
        "mean_npv": 0.9527836846808041,
        "melanoma_auc80": 0.8646179401993356,
        "malignant_vs_benign_auc": 0.8939902379499695
    },
    "per_class": {
        "MEL": {
            "sensitivity": 0.09523809523809523,
            "specificity": 0.9941860465116279,
            "accuracy": 0.8963730569948186,
            "auc": 0.9186046511627908,
            "average_precision": 0.670609305100337,
            "f1_score": 0.16666666666666666,
            "ppv": 0.6666666666666666,
            "npv": 0.9,
            "auc80": 0.8646179401993356
        },
        "NV": {
            "sensitivity": 0.983739837398374,
            "specificity": 0.42857142857142855,
            "accuracy": 0.7823834196891192,
            "auc": 0.9408826945412311,
            "average_precision": 0.9685313340624444,
            "f1_score": 0.852112676056338,
            "ppv": 0.7515527950310559,
            "npv": 0.9375,
            "auc80": NaN
        },
        "BCC": {
            "sensitivity": 0.8,
            "specificity": 0.9775280898876404,
            "accuracy": 0.9637305699481865,
            "auc": 0.9704119850187265,
            "average_precision": 0.8626646523642769,
            "f1_score": 0.7741935483870969,
            "ppv": 0.75,
            "npv": 0.9830508474576272,
            "auc80": NaN
        },
        "AKIEC": {
            "sensitivity": 0.0,
            "specificity": 1.0,
            "accuracy": 0.9585492227979274,
            "auc": 0.8074324324324323,
            "average_precision": 0.14646690192549888,
            "f1_score": 0.0,
            "ppv": 0.0,
            "npv": 0.9585492227979274,
            "auc80": NaN
        },
        "BKL": {
            "sensitivity": 0.2727272727272727,
            "specificity": 0.9590643274853801,
            "accuracy": 0.8808290155440415,
            "auc": 0.8702817650186072,
            "average_precision": 0.43605156152910585,
            "f1_score": 0.3428571428571428,
            "ppv": 0.46153846153846156,
            "npv": 0.9111111111111111,
            "auc80": NaN
        },
        "DF": {
            "sensitivity": 0.0,
            "specificity": 1.0,
            "accuracy": 0.9948186528497409,
            "auc": 0.9791666666666666,
            "average_precision": 0.2,
            "f1_score": 0.0,
            "ppv": 0.0,
            "npv": 0.9948186528497409,
            "auc80": NaN
        },
        "VASC": {
            "sensitivity": 0.0,
            "specificity": 1.0,
            "accuracy": 0.9844559585492227,
            "auc": 0.968421052631579,
            "average_precision": 0.2388888888888889,
            "f1_score": 0.0,
            "ppv": 0.0,
            "npv": 0.9844559585492227,
            "auc80": NaN
        }
    },
    "malignant_definition_used": [
        "MEL",
        "BCC",
        "AKIEC"
    ],
    "val_loss": 0.7285541370125015
}