{
    "overall": {
        "accuracy": 77.2020725388601,
        "balanced_multiclass_accuracy": 0.5554621626921278,
        "macro_recall": 0.5554621626921278,
        "macro_precision": 0.5556108508977361,
        "macro_f1": 0.5497019443610845,
        "multiclass_macro_auc_ovr": 0.9321471961640445,
        "mean_auc_all_diagnoses": 0.9321471961640445,
        "mean_average_precision_all_diagnoses": 0.5882769151415308,
        "mean_sensitivity": 0.5554621626921278,
        "mean_specificity": 0.9485040827695033,
        "mean_accuracy": 0.934863064396743,
        "mean_f1": 0.5497019443610845,
        "mean_ppv": 0.5556108508977361,
        "mean_npv": 0.9475862216966774,
        "melanoma_auc80": 0.8366555924695459,
        "malignant_vs_benign_auc": 0.9214460036607688
    },
    "per_class": {
        "MEL": {
            "sensitivity": 0.42857142857142855,
            "specificity": 0.9593023255813954,
            "accuracy": 0.9015544041450777,
            "auc": 0.9138981173864895,
            "average_precision": 0.6304576159710217,
            "f1_score": 0.4864864864864864,
            "ppv": 0.5625,
            "npv": 0.9322033898305084,
            "auc80": 0.8366555924695459
        },
        "NV": {
            "sensitivity": 0.8861788617886179,
            "specificity": 0.8142857142857143,
            "accuracy": 0.8601036269430051,
            "auc": 0.9480836236933797,
            "average_precision": 0.9717075302036648,
            "f1_score": 0.8897959183673471,
            "ppv": 0.8934426229508197,
            "npv": 0.8028169014084507,
            "auc80": NaN
        },
        "BCC": {
            "sensitivity": 0.6,
            "specificity": 0.9831460674157303,
            "accuracy": 0.9533678756476683,
            "auc": 0.9835205992509364,
            "average_precision": 0.858473928556132,
            "f1_score": 0.6666666666666665,
            "ppv": 0.75,
            "npv": 0.9668508287292817,
            "auc80": NaN
        },
        "AKIEC": {
            "sensitivity": 0.625,
            "specificity": 0.9621621621621622,
            "accuracy": 0.9481865284974094,
            "auc": 0.8783783783783784,
            "average_precision": 0.31548679663086443,
            "f1_score": 0.5,
            "ppv": 0.4166666666666667,
            "npv": 0.9834254143646409,
            "auc80": NaN
        },
        "BKL": {
            "sensitivity": 0.6818181818181818,
            "specificity": 0.9415204678362573,
            "accuracy": 0.9119170984455959,
            "auc": 0.9263689526847422,
            "average_precision": 0.5608601536766514,
            "f1_score": 0.6382978723404256,
            "ppv": 0.6,
            "npv": 0.9583333333333334,
            "auc80": NaN
        },
        "DF": {
            "sensitivity": 0.0,
            "specificity": 0.984375,
            "accuracy": 0.9792746113989638,
            "auc": 0.8958333333333334,
            "average_precision": 0.047619047619047616,
            "f1_score": 0.0,
            "ppv": 0.0,
            "npv": 0.9947368421052631,
            "auc80": NaN
        },
        "VASC": {
            "sensitivity": 0.6666666666666666,
            "specificity": 0.9947368421052631,
            "accuracy": 0.9896373056994818,
            "auc": 0.9789473684210527,
            "average_precision": 0.7333333333333334,
            "f1_score": 0.6666666666666666,
            "ppv": 0.6666666666666666,
            "npv": 0.9947368421052631,
            "auc80": NaN
        }
    },
    "malignant_definition_used": [
        "MEL",
        "BCC",
        "AKIEC"
    ],
    "val_loss": 0.7741987414928297
}