{
    "epoch": 25,
    "num_classes": 7,
    "class_names": [
        "MEL",
        "NV",
        "BCC",
        "AKIEC",
        "BKL",
        "DF",
        "VASC"
    ],
    "per_class": {
        "MEL": {
            "fpr": [
                0.0,
                0.0,
                0.0,
                0.011627906976744186,
                0.011627906976744186,
                0.01744186046511628,
                0.01744186046511628,
                0.023255813953488372,
                0.023255813953488372,
                0.03488372093023256,
                0.03488372093023256,
                0.05232558139534884,
                0.05232558139534884,
                0.06976744186046512,
                0.06976744186046512,
                0.0755813953488372,
                0.0755813953488372,
                0.0872093023255814,
                0.0872093023255814,
                0.11046511627906977,
                0.11046511627906977,
                0.12209302325581395,
                0.12209302325581395,
                0.26744186046511625,
                0.26744186046511625,
                0.313953488372093,
                0.313953488372093,
                1.0
            ],
            "tpr": [
                0.0,
                0.047619047619047616,
                0.19047619047619047,
                0.19047619047619047,
                0.3333333333333333,
                0.3333333333333333,
                0.47619047619047616,
                0.47619047619047616,
                0.5714285714285714,
                0.5714285714285714,
                0.6190476190476191,
                0.6190476190476191,
                0.6666666666666666,
                0.6666666666666666,
                0.7142857142857143,
                0.7142857142857143,
                0.7619047619047619,
                0.7619047619047619,
                0.8095238095238095,
                0.8095238095238095,
                0.8571428571428571,
                0.8571428571428571,
                0.9047619047619048,
                0.9047619047619048,
                0.9523809523809523,
                0.9523809523809523,
                1.0,
                1.0
            ],
            "auc": 0.9396456256921373
        },
        "NV": {
            "fpr": [
                0.0,
                0.0,
                0.0,
                0.014285714285714285,
                0.014285714285714285,
                0.02857142857142857,
                0.02857142857142857,
                0.07142857142857142,
                0.07142857142857142,
                0.1,
                0.1,
                0.17142857142857143,
                0.17142857142857143,
                0.21428571428571427,
                0.21428571428571427,
                0.24285714285714285,
                0.24285714285714285,
                0.2714285714285714,
                0.2714285714285714,
                0.2857142857142857,
                0.2857142857142857,
                0.32857142857142857,
                0.32857142857142857,
                0.34285714285714286,
                0.34285714285714286,
                0.35714285714285715,
                0.35714285714285715,
                0.45714285714285713,
                0.45714285714285713,
                0.5,
                0.5,
                0.5714285714285714,
                0.5714285714285714,
                0.6714285714285714,
                0.6714285714285714,
                0.7714285714285715,
                0.7714285714285715,
                1.0
            ],
            "tpr": [
                0.0,
                0.008130081300813009,
                0.7154471544715447,
                0.7154471544715447,
                0.7235772357723578,
                0.7235772357723578,
                0.8048780487804879,
                0.8048780487804879,
                0.8130081300813008,
                0.8130081300813008,
                0.8780487804878049,
                0.8780487804878049,
                0.8943089430894309,
                0.8943089430894309,
                0.9024390243902439,
                0.9024390243902439,
                0.9105691056910569,
                0.9105691056910569,
                0.9186991869918699,
                0.9186991869918699,
                0.926829268292683,
                0.926829268292683,
                0.9349593495934959,
                0.9349593495934959,
                0.943089430894309,
                0.943089430894309,
                0.9512195121951219,
                0.9512195121951219,
                0.959349593495935,
                0.959349593495935,
                0.975609756097561,
                0.975609756097561,
                0.983739837398374,
                0.983739837398374,
                0.991869918699187,
                0.991869918699187,
                1.0,
                1.0
            ],
            "auc": 0.9428571428571428
        },
        "BCC": {
            "fpr": [
                0.0,
                0.0,
                0.0,
                0.011235955056179775,
                0.011235955056179775,
                0.03932584269662921,
                0.03932584269662921,
                0.08426966292134831,
                0.08426966292134831,
                1.0
            ],
            "tpr": [
                0.0,
                0.06666666666666667,
                0.7333333333333333,
                0.7333333333333333,
                0.8666666666666667,
                0.8666666666666667,
                0.9333333333333333,
                0.9333333333333333,
                1.0,
                1.0
            ],
            "auc": 0.9902621722846442
        },
        "AKIEC": {
            "fpr": [
                0.0,
                0.005405405405405406,
                0.032432432432432434,
                0.032432432432432434,
                0.043243243243243246,
                0.043243243243243246,
                0.05405405405405406,
                0.05405405405405406,
                0.05945945945945946,
                0.05945945945945946,
                0.10810810810810811,
                0.10810810810810811,
                0.11351351351351352,
                0.11351351351351352,
                0.1783783783783784,
                0.1783783783783784,
                0.3783783783783784,
                0.3783783783783784,
                1.0
            ],
            "tpr": [
                0.0,
                0.0,
                0.0,
                0.125,
                0.125,
                0.25,
                0.25,
                0.375,
                0.375,
                0.5,
                0.5,
                0.625,
                0.625,
                0.75,
                0.75,
                0.875,
                0.875,
                1.0,
                1.0
            ],
            "auc": 0.8790540540540541
        },