{
    "epoch": 45,
    "num_classes": 7,
    "class_names": [
        "MEL",
        "NV",
        "BCC",
        "AKIEC",
        "BKL",
        "DF",
        "VASC"
    ],
    "per_class": {
        "MEL": {
            "fpr": [
                0.0,
                0.0,
                0.0,
                0.011627906976744186,
                0.011627906976744186,
                0.01744186046511628,
                0.01744186046511628,
                0.029069767441860465,
                0.029069767441860465,
                0.03488372093023256,
                0.03488372093023256,
                0.046511627906976744,
                0.046511627906976744,
                0.09883720930232558,
                0.09883720930232558,
                0.14534883720930233,
                0.14534883720930233,
                0.2441860465116279,
                0.2441860465116279,
                0.27325581395348836,
                0.27325581395348836,
                0.45348837209302323,
                0.45348837209302323,
                1.0
            ],
            "tpr": [
                0.0,
                0.047619047619047616,
                0.23809523809523808,
                0.23809523809523808,
                0.2857142857142857,
                0.2857142857142857,
                0.38095238095238093,
                0.38095238095238093,
                0.42857142857142855,
                0.42857142857142855,
                0.6190476190476191,
                0.6190476190476191,
                0.7619047619047619,
                0.7619047619047619,
                0.8095238095238095,
                0.8095238095238095,
                0.8571428571428571,
                0.8571428571428571,
                0.9047619047619048,
                0.9047619047619048,
                0.9523809523809523,
                0.9523809523809523,
                1.0,
                1.0
            ],
            "auc": 0.925249169435216
        },
        "NV": {
            "fpr": [
                0.0,
                0.0,
                0.0,
                0.0,
                0.014285714285714285,
                0.014285714285714285,
                0.02857142857142857,
                0.02857142857142857,
                0.04285714285714286,
                0.04285714285714286,
                0.07142857142857142,
                0.07142857142857142,
                0.08571428571428572,
                0.08571428571428572,
                0.12857142857142856,
                0.12857142857142856,
                0.14285714285714285,
                0.14285714285714285,
                0.15714285714285714,
                0.15714285714285714,
                0.18571428571428572,
                0.18571428571428572,
                0.2,
                0.2,
                0.21428571428571427,
                0.21428571428571427,
                0.2571428571428571,
                0.2571428571428571,
                0.3,
                0.3,
                0.3142857142857143,
                0.3142857142857143,
                0.32857142857142857,
                0.32857142857142857,
                0.4142857142857143,
                0.4142857142857143,
                0.5714285714285714,
                0.5714285714285714,
                0.6714285714285714,
                0.6714285714285714,
                0.7428571428571429,
                0.7428571428571429,
                1.0
            ],
            "tpr": [
                0.0,
                0.008130081300813009,
                0.024390243902439025,
                0.6016260162601627,
                0.6016260162601627,
                0.6341463414634146,
                0.6341463414634146,
                0.7317073170731707,
                0.7317073170731707,
                0.7723577235772358,
                0.7723577235772358,
                0.7967479674796748,
                0.7967479674796748,
                0.8048780487804879,
                0.8048780487804879,
                0.8130081300813008,
                0.8130081300813008,
                0.8617886178861789,
                0.8617886178861789,
                0.8861788617886179,
                0.8861788617886179,
                0.9105691056910569,
                0.9105691056910569,
                0.9186991869918699,
                0.9186991869918699,
                0.926829268292683,
                0.926829268292683,
                0.9349593495934959,
                0.9349593495934959,
                0.943089430894309,
                0.943089430894309,
                0.959349593495935,
                0.959349593495935,
                0.967479674796748,
                0.967479674796748,
                0.975609756097561,
                0.975609756097561,
                0.983739837398374,
                0.983739837398374,
                0.991869918699187,
                0.991869918699187,
                1.0,
                1.0
            ],
            "auc": 0.9409988385598143
        },
        "BCC": {
            "fpr": [
                0.0,
                0.0,
                0.0,
                0.0056179775280898875,
                0.0056179775280898875,
                0.011235955056179775,
                0.011235955056179775,
                0.016853932584269662,
                0.016853932584269662,
                0.02247191011235955,
                0.02247191011235955,
                0.05056179775280899,
                0.05056179775280899,
                0.06179775280898876,
                0.06179775280898876,
                0.08426966292134831,
                0.08426966292134831,
                1.0
            ],
            "tpr": [
                0.0,
                0.06666666666666667,
                0.13333333333333333,
                0.13333333333333333,
                0.26666666666666666,
                0.26666666666666666,
                0.4666666666666667,
                0.4666666666666667,
                0.7333333333333333,
                0.7333333333333333,
                0.8,
                0.8,
                0.8666666666666667,
                0.8666666666666667,
                0.9333333333333333,
                0.9333333333333333,
                1.0,
                1.0
            ],
            "auc": 0.9779026217228465
        },
        "AKIEC": {
            "fpr": [
                0.0,
                0.005405405405405406,
                0.005405405405405406,
                0.010810810810810811,
                0.010810810810810811,
                0.02702702702702703,
                0.02702702702702703,
                0.03783783783783784,
                0.03783783783783784,
                0.04864864864864865,
                0.04864864864864865,
                0.10270270270270271,
                0.10270270270270271,
                0.11351351351351352,
                0.11351351351351352,
                0.41621621621621624,
                0.41621621621621624,
                1.0
            ],
            "tpr": [
                0.0,
                0.0,
                0.125,
                0.125,
                0.25,
                0.25,
                0.375,
                0.375,
                0.5,
                0.5,
                0.625,
                0.625,
                0.75,
                0.75,
                0.875,
                0.875,
                1.0,
                1.0
            ],
            "auc": 0.9047297297297298
        },