{
    "overall": {
        "accuracy": 82.90155440414507,
        "balanced_multiclass_accuracy": 0.8072209149735282,
        "macro_recall": 0.8072209149735282,
        "macro_precision": 0.6782467532467533,
        "macro_f1": 0.713151060013481,
        "multiclass_macro_auc_ovr": 0.9240641868700558,
        "mean_auc_all_diagnoses": 0.9240641868700558,
        "mean_average_precision_all_diagnoses": 0.8013856478927163,
        "mean_sensitivity": 0.8072209149735282,
        "mean_specificity": 0.9694609958886611,
        "mean_accuracy": 0.9511472982975573,
        "mean_f1": 0.713151060013481,
        "mean_ppv": 0.6782467532467533,
        "mean_npv": 0.9584911209438245,
        "melanoma_auc80": 0.9205426356589148,
        "malignant_vs_benign_auc": 0.8672971323978035
    },
    "per_class": {
        "MEL": {
            "sensitivity": 0.8571428571428571,
            "specificity": 0.9476744186046512,
            "accuracy": 0.9378238341968912,
            "auc": 0.9335548172757476,
            "average_precision": 0.6551494064249338,
            "f1_score": 0.75,
            "ppv": 0.6666666666666666,
            "npv": 0.9819277108433735,
            "auc80": 0.9205426356589148
        },
        "NV": {
            "sensitivity": 0.8699186991869918,
            "specificity": 0.9571428571428572,
            "accuracy": 0.9015544041450777,
            "auc": 0.9617886178861789,
            "average_precision": 0.9675428448813604,
            "f1_score": 0.9184549356223175,
            "ppv": 0.9727272727272728,
            "npv": 0.8072289156626506,
            "auc80": NaN
        },
        "BCC": {
            "sensitivity": 0.8666666666666667,
            "specificity": 0.9606741573033708,
            "accuracy": 0.9533678756476683,
            "auc": 0.9172284644194756,
            "average_precision": 0.8681719644379491,
            "f1_score": 0.7428571428571429,
            "ppv": 0.65,
            "npv": 0.9884393063583815,
            "auc80": NaN
        },
        "AKIEC": {
            "sensitivity": 0.375,
            "specificity": 0.9837837837837838,
            "accuracy": 0.9585492227979274,
            "auc": 0.7324324324324325,
            "average_precision": 0.4557562144722986,
            "f1_score": 0.42857142857142855,
            "ppv": 0.5,
            "npv": 0.9732620320855615,
            "auc80": NaN
        },
        "BKL": {
            "sensitivity": 0.6818181818181818,
            "specificity": 0.9473684210526315,
            "accuracy": 0.917098445595855,
            "auc": 0.9234449760765551,
            "average_precision": 0.663079105032472,
            "f1_score": 0.6521739130434783,
            "ppv": 0.625,
            "npv": 0.9585798816568047,
            "auc80": NaN
        },
        "DF": {
            "sensitivity": 1.0,
            "specificity": 0.9895833333333334,
            "accuracy": 0.9896373056994818,
            "auc": 1.0,
            "average_precision": 1.0,
            "f1_score": 0.5,
            "ppv": 0.3333333333333333,
            "npv": 1.0,
            "auc80": NaN
        },
        "VASC": {
            "sensitivity": 1.0,
            "specificity": 1.0,
            "accuracy": 1.0,
            "auc": 1.0,
            "average_precision": 1.0,
            "f1_score": 1.0,
            "ppv": 1.0,
            "npv": 1.0,
            "auc80": NaN
        }
    },
    "malignant_definition_used": [
        "MEL",
        "BCC",
        "AKIEC"
    ],
    "val_loss": 1.175583839416504
}