{
    "overall": {
        "accuracy": 73.4126984126984,
        "balanced_multiclass_accuracy": 0.5672549781933777,
        "macro_recall": 0.5672549781933777,
        "macro_precision": 0.5709096311112253,
        "macro_f1": 0.5658549386499442,
        "multiclass_macro_auc_ovr": 0.8592504717941036,
        "mean_auc_all_diagnoses": 0.8592504717941036,
        "mean_average_precision_all_diagnoses": 0.5857945383731538,
        "mean_sensitivity": 0.5672549781933777,
        "mean_specificity": 0.9419520118094782,
        "mean_accuracy": 0.9240362811791382,
        "mean_f1": 0.5658549386499442,
        "mean_ppv": 0.5709096311112253,
        "mean_npv": 0.9423607615105183,
        "melanoma_auc80": 0.631958344780669,
        "malignant_vs_benign_auc": 0.839785367699731,
        "mcc": 0.555743799299545,
        "cohen_kappa": 0.5554102418376237,
        "mean_youden_index": 0.5092069900028559
    },
    "per_class": {
        "MEL": {
            "sensitivity": 0.5263157894736842,
            "specificity": 0.9202087994034303,
            "accuracy": 0.8756613756613757,
            "auc": 0.8265019994679714,
            "average_precision": 0.49756132466805475,
            "f1_score": 0.4891304347826087,
            "ppv": 0.45685279187817257,
            "npv": 0.938403041825095,
            "auc80": 0.631958344780669,
            "youden_index": 0.4465245888771143
        },
        "NV": {
            "sensitivity": 0.8723872387238724,
            "specificity": 0.7993366500829188,
            "accuracy": 0.8432539682539683,
            "auc": 0.9090375040820833,
            "average_precision": 0.9256375043164644,
            "f1_score": 0.8699945145364784,
            "ppv": 0.8676148796498906,
            "npv": 0.8060200668896321,
            "auc80": NaN,
            "youden_index": 0.6717238888067911
        },
        "BCC": {
            "sensitivity": 0.5161290322580645,
            "specificity": 0.9732205778717407,
            "accuracy": 0.9451058201058201,
            "auc": 0.8503413732220932,
            "average_precision": 0.5365500971858158,
            "f1_score": 0.536312849162011,
            "ppv": 0.5581395348837209,
            "npv": 0.9684431977559608,
            "auc80": NaN,
            "youden_index": 0.48934961012980516
        },
        "AKIEC": {
            "sensitivity": 0.4186046511627907,
            "specificity": 0.9788972089857045,
            "accuracy": 0.9629629629629629,
            "auc": 0.8098690772080358,
            "average_precision": 0.3654629805991345,
            "f1_score": 0.391304347826087,
            "ppv": 0.3673469387755102,
            "npv": 0.9829118250170882,
            "auc80": NaN,
            "youden_index": 0.3975018601484952
        },
        "BKL": {
            "sensitivity": 0.5483870967741935,
            "specificity": 0.9444015444015444,
            "accuracy": 0.8875661375661376,
            "auc": 0.8711207586783623,
            "average_precision": 0.613961929670865,
            "f1_score": 0.5833333333333333,
            "ppv": 0.6230366492146597,
            "npv": 0.9258137774413323,
            "auc80": NaN,
            "youden_index": 0.49278864117573784
        },
        "DF": {
            "sensitivity": 0.4318181818181818,
            "specificity": 0.9904632152588556,
            "accuracy": 0.9742063492063492,
            "auc": 0.8406768640079266,
            "average_precision": 0.5398843817219726,
            "f1_score": 0.49350649350649356,
            "ppv": 0.5757575757575758,
            "npv": 0.9830966869506423,
            "auc80": NaN,
            "youden_index": 0.4222813970770374
        },
        "VASC": {
            "sensitivity": 0.6571428571428571,
            "specificity": 0.987136086662153,
            "accuracy": 0.9794973544973545,
            "auc": 0.9072057258922526,
            "average_precision": 0.6215035504497692,
            "f1_score": 0.5974025974025974,
            "ppv": 0.5476190476190477,
            "npv": 0.9918367346938776,
            "auc80": NaN,
            "youden_index": 0.64427894380501
        }
    },
    "malignant_definition_used": [
        "MEL",
        "BCC",
        "AKIEC"
    ],
    "val_loss": 1.1889601422365381
}