{
    "overall": {
        "accuracy": 90.67357512953367,
        "balanced_multiclass_accuracy": 0.8678224504879557,
        "macro_recall": 0.8678224504879557,
        "macro_precision": 0.8297950434578342,
        "macro_f1": 0.8330953457003877,
        "multiclass_macro_auc_ovr": 0.9755213988151968,
        "mean_auc_all_diagnoses": 0.9755213988151968,
        "mean_average_precision_all_diagnoses": 0.8953146927151402,
        "mean_sensitivity": 0.8678224504879557,
        "mean_specificity": 0.9755844919896876,
        "mean_accuracy": 0.9733530717986677,
        "mean_f1": 0.8330953457003878,
        "mean_ppv": 0.8297950434578342,
        "mean_npv": 0.9826391671593393,
        "melanoma_auc80": 0.92718715393134,
        "malignant_vs_benign_auc": 0.9461561928004881,
        "mcc": 0.8307365972752911,
        "cohen_kappa": 0.8288585644613036,
        "mean_youden_index": 0.8434069424776433
    },
    "per_class": {
        "MEL": {
            "sensitivity": 0.6190476190476191,
            "specificity": 0.9825581395348837,
            "accuracy": 0.9430051813471503,
            "auc": 0.9509966777408638,
            "average_precision": 0.8250875406446059,
            "f1_score": 0.7027027027027026,
            "ppv": 0.8125,
            "npv": 0.9548022598870056,
            "auc80": 0.92718715393134,
            "youden_index": 0.6016057585825028
        },
        "NV": {
            "sensitivity": 0.983739837398374,
            "specificity": 0.8857142857142857,
            "accuracy": 0.9481865284974094,
            "auc": 0.9822299651567945,
            "average_precision": 0.9842257942629487,
            "f1_score": 0.9603174603174603,
            "ppv": 0.937984496124031,
            "npv": 0.96875,
            "auc80": NaN,
            "youden_index": 0.8694541231126598
        },
        "BCC": {
            "sensitivity": 0.7333333333333333,
            "specificity": 0.9943820224719101,
            "accuracy": 0.9740932642487047,
            "auc": 0.9767790262172285,
            "average_precision": 0.8702856925911955,
            "f1_score": 0.8148148148148148,
            "ppv": 0.9166666666666666,
            "npv": 0.9779005524861878,
            "auc80": NaN,
            "youden_index": 0.7277153558052434
        },
        "AKIEC": {
            "sensitivity": 0.875,
            "specificity": 0.9891891891891892,
            "accuracy": 0.9844559585492227,
            "auc": 0.9425675675675675,
            "average_precision": 0.7342621100164204,
            "f1_score": 0.823529411764706,
            "ppv": 0.7777777777777778,
            "npv": 0.9945652173913043,
            "auc80": NaN,
            "youden_index": 0.8641891891891893
        },
        "BKL": {
            "sensitivity": 0.8636363636363636,
            "specificity": 0.9824561403508771,
            "accuracy": 0.9689119170984456,
            "auc": 0.9760765550239234,
            "average_precision": 0.8533417114908108,
            "f1_score": 0.8636363636363636,
            "ppv": 0.8636363636363636,
            "npv": 0.9824561403508771,
            "auc80": NaN,
            "youden_index": 0.8460925039872409
        },
        "DF": {
            "sensitivity": 1.0,
            "specificity": 0.9947916666666666,
            "accuracy": 0.9948186528497409,
            "auc": 1.0,
            "average_precision": 1.0,
            "f1_score": 0.6666666666666666,
            "ppv": 0.5,
            "npv": 1.0,
            "auc80": NaN,
            "youden_index": 0.9947916666666665
        },
        "VASC": {
            "sensitivity": 1.0,
            "specificity": 1.0,
            "accuracy": 1.0,
            "auc": 1.0,
            "average_precision": 1.0,
            "f1_score": 1.0,
            "ppv": 1.0,
            "npv": 1.0,
            "auc80": NaN,
            "youden_index": 1.0
        }
    },
    "malignant_definition_used": [
        "MEL",
        "BCC",
        "AKIEC"
    ],
    "val_loss": 0.5497630099558459
}