{
    "overall": {
        "accuracy": 90.15544041450777,
        "balanced_multiclass_accuracy": 0.8753325942350333,
        "macro_recall": 0.8753325942350333,
        "macro_precision": 0.871875402792696,
        "macro_f1": 0.8717501009078213,
        "multiclass_macro_auc_ovr": 0.976680254513017,
        "mean_auc_all_diagnoses": 0.976680254513017,
        "mean_average_precision_all_diagnoses": 0.8971460318451615,
        "mean_sensitivity": 0.8753325942350333,
        "mean_specificity": 0.9771742737031907,
        "mean_accuracy": 0.9718726868985936,
        "mean_f1": 0.8717501009078213,
        "mean_ppv": 0.871875402792696,
        "mean_npv": 0.9793523591666637,
        "melanoma_auc80": 0.9194352159468437,
        "malignant_vs_benign_auc": 0.9461561928004881,
        "mcc": 0.823274301476348,
        "cohen_kappa": 0.8229614251919084,
        "mean_youden_index": 0.8525068679382241
    },
    "per_class": {
        "MEL": {
            "sensitivity": 0.6666666666666666,
            "specificity": 0.9709302325581395,
            "accuracy": 0.9378238341968912,
            "auc": 0.9490586932447396,
            "average_precision": 0.8371775408606222,
            "f1_score": 0.7,
            "ppv": 0.7368421052631579,
            "npv": 0.9597701149425287,
            "auc80": 0.9194352159468437,
            "youden_index": 0.637596899224806
        },
        "NV": {
            "sensitivity": 0.967479674796748,
            "specificity": 0.9142857142857143,
            "accuracy": 0.9481865284974094,
            "auc": 0.9847851335656214,
            "average_precision": 0.9879039557544763,
            "f1_score": 0.9596774193548387,
            "ppv": 0.952,
            "npv": 0.9411764705882353,
            "auc80": NaN,
            "youden_index": 0.8817653890824624
        },
        "BCC": {
            "sensitivity": 0.8,
            "specificity": 0.9887640449438202,
            "accuracy": 0.9740932642487047,
            "auc": 0.9857677902621723,
            "average_precision": 0.8937164541111908,
            "f1_score": 0.8275862068965518,
            "ppv": 0.8571428571428571,
            "npv": 0.9832402234636871,
            "auc80": NaN,
            "youden_index": 0.7887640449438202
        },
        "AKIEC": {
            "sensitivity": 0.875,
            "specificity": 0.9837837837837838,
            "accuracy": 0.9792746113989638,
            "auc": 0.9567567567567566,
            "average_precision": 0.7165178571428572,
            "f1_score": 0.7777777777777777,
            "ppv": 0.7,
            "npv": 0.994535519125683,
            "auc80": NaN,
            "youden_index": 0.858783783783784
        },
        "BKL": {
            "sensitivity": 0.8181818181818182,
            "specificity": 0.9824561403508771,
            "accuracy": 0.9637305699481865,
            "auc": 0.9603934077618289,
            "average_precision": 0.8447064150469845,
            "f1_score": 0.8372093023255814,
            "ppv": 0.8571428571428571,
            "npv": 0.9767441860465116,
            "auc80": NaN,
            "youden_index": 0.8006379585326955
        },
        "DF": {
            "sensitivity": 1.0,
            "specificity": 1.0,
            "accuracy": 1.0,
            "auc": 1.0,
            "average_precision": 1.0,
            "f1_score": 1.0,
            "ppv": 1.0,
            "npv": 1.0,
            "auc80": NaN,
            "youden_index": 1.0
        },
        "VASC": {
            "sensitivity": 1.0,
            "specificity": 1.0,
            "accuracy": 1.0,
            "auc": 1.0,
            "average_precision": 1.0,
            "f1_score": 1.0,
            "ppv": 1.0,
            "npv": 1.0,
            "auc80": NaN,
            "youden_index": 1.0
        }
    },
    "malignant_definition_used": [
        "MEL",
        "BCC",
        "AKIEC"
    ],
    "val_loss": 0.5298178455372549
}