{
    "overall": {
        "accuracy": 77.2020725388601,
        "balanced_multiclass_accuracy": 0.4252979018658461,
        "macro_recall": 0.4252979018658461,
        "macro_precision": 0.5676023358684209,
        "macro_f1": 0.45467720959402913,
        "multiclass_macro_auc_ovr": 0.9392771391674121,
        "mean_auc_all_diagnoses": 0.9392771391674121,
        "mean_average_precision_all_diagnoses": 0.5481201341312025,
        "mean_sensitivity": 0.4252979018658461,
        "mean_specificity": 0.9467622990177417,
        "mean_accuracy": 0.9348630643967432,
        "mean_f1": 0.4546772095940292,
        "mean_ppv": 0.5676023358684209,
        "mean_npv": 0.9559145811412357,
        "melanoma_auc80": 0.8992248062015504,
        "malignant_vs_benign_auc": 0.9415802318486883
    },
    "per_class": {
        "MEL": {
            "sensitivity": 0.2857142857142857,
            "specificity": 0.9825581395348837,
            "accuracy": 0.9067357512953368,
            "auc": 0.9330011074197121,
            "average_precision": 0.6771745649270213,
            "f1_score": 0.4,
            "ppv": 0.6666666666666666,
            "npv": 0.9184782608695652,
            "auc80": 0.8992248062015504
        },
        "NV": {
            "sensitivity": 0.9512195121951219,
            "specificity": 0.8,
            "accuracy": 0.8963730569948186,
            "auc": 0.9478513356562137,
            "average_precision": 0.974401000961256,
            "f1_score": 0.9212598425196851,
            "ppv": 0.8931297709923665,
            "npv": 0.9032258064516129,
            "auc80": NaN
        },
        "BCC": {
            "sensitivity": 0.6,
            "specificity": 0.9887640449438202,
            "accuracy": 0.9585492227979274,
            "auc": 0.9880149812734083,
            "average_precision": 0.874287270463741,
            "f1_score": 0.6923076923076923,
            "ppv": 0.8181818181818182,
            "npv": 0.967032967032967,
            "auc80": NaN
        },
        "AKIEC": {
            "sensitivity": 0.125,
            "specificity": 0.972972972972973,
            "accuracy": 0.9378238341968912,
            "auc": 0.8722972972972972,
            "average_precision": 0.19557383379672538,
            "f1_score": 0.14285714285714288,
            "ppv": 0.16666666666666666,
            "npv": 0.9625668449197861,
            "auc80": NaN
        },
        "BKL": {
            "sensitivity": 0.6818181818181818,
            "specificity": 0.8830409356725146,
            "accuracy": 0.8601036269430051,
            "auc": 0.9191919191919191,
            "average_precision": 0.5244951778605832,
            "f1_score": 0.5263157894736843,
            "ppv": 0.42857142857142855,
            "npv": 0.9556962025316456,
            "auc80": NaN
        },
        "DF": {
            "sensitivity": 0.0,
            "specificity": 1.0,
            "accuracy": 0.9948186528497409,
            "auc": 0.9479166666666666,
            "average_precision": 0.09090909090909091,
            "f1_score": 0.0,
            "ppv": 0.0,
            "npv": 0.9948186528497409,
            "auc80": NaN
        },
        "VASC": {
            "sensitivity": 0.3333333333333333,
            "specificity": 1.0,
            "accuracy": 0.9896373056994818,
            "auc": 0.9666666666666667,
            "average_precision": 0.5,
            "f1_score": 0.5,
            "ppv": 1.0,
            "npv": 0.9895833333333334,
            "auc80": NaN
        }
    },
    "malignant_definition_used": [
        "MEL",
        "BCC",
        "AKIEC"
    ],
    "val_loss": 0.6300355486301561
}