{
    "overall": {
        "accuracy": 78.75647668393782,
        "balanced_multiclass_accuracy": 0.49211729037513013,
        "macro_recall": 0.49211729037513013,
        "macro_precision": 0.6009379509379509,
        "macro_f1": 0.5194614782850077,
        "multiclass_macro_auc_ovr": 0.9390257253800306,
        "mean_auc_all_diagnoses": 0.9390257253800306,
        "mean_average_precision_all_diagnoses": 0.5465272004049618,
        "mean_sensitivity": 0.49211729037513013,
        "mean_specificity": 0.9470829356333165,
        "mean_accuracy": 0.9393042190969653,
        "mean_f1": 0.5194614782850077,
        "mean_ppv": 0.6009379509379509,
        "mean_npv": 0.9563490872003712,
        "melanoma_auc80": 0.8959025470653378,
        "malignant_vs_benign_auc": 0.9385295912141549
    },
    "per_class": {
        "MEL": {
            "sensitivity": 0.5714285714285714,
            "specificity": 0.9767441860465116,
            "accuracy": 0.9326424870466321,
            "auc": 0.9421373200442968,
            "average_precision": 0.7420914074114799,
            "f1_score": 0.6486486486486486,
            "ppv": 0.75,
            "npv": 0.9491525423728814,
            "auc80": 0.8959025470653378
        },
        "NV": {
            "sensitivity": 0.943089430894309,
            "specificity": 0.7714285714285715,
            "accuracy": 0.8808290155440415,
            "auc": 0.959349593495935,
            "average_precision": 0.979534370671738,
            "f1_score": 0.9098039215686275,
            "ppv": 0.8787878787878788,
            "npv": 0.8852459016393442,
            "auc80": NaN
        },
        "BCC": {
            "sensitivity": 0.7333333333333333,
            "specificity": 0.9775280898876404,
            "accuracy": 0.9585492227979274,
            "auc": 0.9812734082397004,
            "average_precision": 0.7406778942305259,
            "f1_score": 0.7333333333333333,
            "ppv": 0.7333333333333333,
            "npv": 0.9775280898876404,
            "auc80": NaN
        },
        "AKIEC": {
            "sensitivity": 0.5,
            "specificity": 0.9675675675675676,
            "accuracy": 0.9481865284974094,
            "auc": 0.8898648648648648,
            "average_precision": 0.35002385390316426,
            "f1_score": 0.4444444444444445,
            "ppv": 0.4,
            "npv": 0.9781420765027322,
            "auc80": NaN
        },
        "BKL": {
            "sensitivity": 0.36363636363636365,
            "specificity": 0.9415204678362573,
            "accuracy": 0.8756476683937824,
            "auc": 0.9085592769803297,
            "average_precision": 0.4800295432844907,
            "f1_score": 0.39999999999999997,
            "ppv": 0.4444444444444444,
            "npv": 0.92,
            "auc80": NaN
        },
        "DF": {
            "sensitivity": 0.0,
            "specificity": 0.9947916666666666,
            "accuracy": 0.9896373056994818,
            "auc": 0.9270833333333334,
            "average_precision": 0.06666666666666667,
            "f1_score": 0.0,
            "ppv": 0.0,
            "npv": 0.9947916666666666,
            "auc80": NaN
        },
        "VASC": {
            "sensitivity": 0.3333333333333333,
            "specificity": 1.0,
            "accuracy": 0.9896373056994818,
            "auc": 0.9649122807017544,
            "average_precision": 0.4666666666666667,
            "f1_score": 0.5,
            "ppv": 1.0,
            "npv": 0.9895833333333334,
            "auc80": NaN
        }
    },
    "malignant_definition_used": [
        "MEL",
        "BCC",
        "AKIEC"
    ],
    "val_loss": 0.604721113962213
}