{
    "epoch": 65,
    "num_classes": 7,
    "class_names": [
        "MEL",
        "NV",
        "BCC",
        "AKIEC",
        "BKL",
        "DF",
        "VASC"
    ],
    "per_class": {
        "MEL": {
            "fpr": [
                0.0,
                0.0,
                0.0,
                0.005813953488372093,
                0.005813953488372093,
                0.05813953488372093,
                0.05813953488372093,
                0.0755813953488372,
                0.0755813953488372,
                0.11046511627906977,
                0.11046511627906977,
                0.12790697674418605,
                0.12790697674418605,
                0.13372093023255813,
                0.13372093023255813,
                0.1511627906976744,
                0.1511627906976744,
                0.1569767441860465,
                0.1569767441860465,
                0.23255813953488372,
                0.23255813953488372,
                0.29069767441860467,
                0.29069767441860467,
                0.3313953488372093,
                0.3313953488372093,
                0.37790697674418605,
                0.37790697674418605,
                1.0
            ],
            "tpr": [
                0.0,
                0.047619047619047616,
                0.09523809523809523,
                0.09523809523809523,
                0.38095238095238093,
                0.38095238095238093,
                0.47619047619047616,
                0.47619047619047616,
                0.5238095238095238,
                0.5238095238095238,
                0.5714285714285714,
                0.5714285714285714,
                0.6190476190476191,
                0.6190476190476191,
                0.7142857142857143,
                0.7142857142857143,
                0.7619047619047619,
                0.7619047619047619,
                0.8095238095238095,
                0.8095238095238095,
                0.8571428571428571,
                0.8571428571428571,
                0.9047619047619048,
                0.9047619047619048,
                0.9523809523809523,
                0.9523809523809523,
                1.0,
                1.0
            ],
            "auc": 0.891749723145072
        },
        "NV": {
            "fpr": [
                0.0,
                0.0,
                0.0,
                0.0,
                0.0,
                0.0,
                0.0,
                0.014285714285714285,
                0.014285714285714285,
                0.02857142857142857,
                0.02857142857142857,
                0.04285714285714286,
                0.04285714285714286,
                0.05714285714285714,
                0.05714285714285714,
                0.12857142857142856,
                0.12857142857142856,
                0.14285714285714285,
                0.14285714285714285,
                0.15714285714285714,
                0.15714285714285714,
                0.18571428571428572,
                0.18571428571428572,
                0.2714285714285714,
                0.2714285714285714,
                0.3,
                0.3,
                0.4142857142857143,
                0.4142857142857143,
                0.4714285714285714,
                0.4714285714285714,
                0.5285714285714286,
                0.5285714285714286,
                0.6857142857142857,
                0.6857142857142857,
                1.0
            ],
            "tpr": [
                0.0,
                0.008130081300813009,
                0.04065040650406504,
                0.056910569105691054,
                0.14634146341463414,
                0.16260162601626016,
                0.6666666666666666,
                0.6666666666666666,
                0.7479674796747967,
                0.7479674796747967,
                0.7804878048780488,
                0.7804878048780488,
                0.7967479674796748,
                0.7967479674796748,
                0.8455284552845529,
                0.8455284552845529,
                0.8780487804878049,
                0.8780487804878049,
                0.8943089430894309,
                0.8943089430894309,
                0.9105691056910569,
                0.9105691056910569,
                0.926829268292683,
                0.926829268292683,
                0.9512195121951219,
                0.9512195121951219,
                0.967479674796748,
                0.967479674796748,
                0.975609756097561,
                0.975609756097561,
                0.983739837398374,
                0.983739837398374,
                0.991869918699187,
                0.991869918699187,
                1.0,
                1.0
            ],
            "auc": 0.9537746806039489
        },
        "BCC": {
            "fpr": [
                0.0,
                0.0,
                0.0,
                0.0056179775280898875,
                0.0056179775280898875,
                0.011235955056179775,
                0.011235955056179775,
                0.02247191011235955,
                0.02247191011235955,
                0.028089887640449437,
                0.028089887640449437,
                0.08426966292134831,
                0.08426966292134831,
                0.11235955056179775,
                0.11235955056179775,
                1.0
            ],
            "tpr": [
                0.0,
                0.06666666666666667,
                0.4666666666666667,
                0.4666666666666667,
                0.5333333333333333,
                0.5333333333333333,
                0.6,
                0.6,
                0.8,
                0.8,
                0.8666666666666667,
                0.8666666666666667,
                0.9333333333333333,
                0.9333333333333333,
                1.0,
                1.0
            ],
            "auc": 0.9794007490636704
        },
        "AKIEC": {
            "fpr": [
                0.0,
                0.005405405405405406,
                0.010810810810810811,
                0.010810810810810811,
                0.02702702702702703,
                0.02702702702702703,
                0.03783783783783784,
                0.03783783783783784,
                0.05405405405405406,
                0.05405405405405406,
                0.05945945945945946,
                0.05945945945945946,
                0.0918918918918919,
                0.0918918918918919,
                0.20540540540540542,
                0.20540540540540542,
                0.3891891891891892,
                0.3891891891891892,
                1.0
            ],
            "tpr": [
                0.0,
                0.0,
                0.0,
                0.125,
                0.125,
                0.25,
                0.25,
                0.375,
                0.375,
                0.5,
                0.5,
                0.625,
                0.625,
                0.75,
                0.75,
                0.875,
                0.875,
                1.0,
                1.0
            ],
            "auc": 0.8905405405405405
        },