{
    "epoch": 50,
    "num_classes": 7,
    "class_names": [
        "MEL",
        "NV",
        "BCC",
        "AKIEC",
        "BKL",
        "DF",
        "VASC"
    ],
    "per_class": {
        "MEL": {
            "fpr": [
                0.0,
                0.0,
                0.0,
                0.005813953488372093,
                0.005813953488372093,
                0.011627906976744186,
                0.011627906976744186,
                0.040697674418604654,
                0.040697674418604654,
                0.05232558139534884,
                0.05232558139534884,
                0.08139534883720931,
                0.08139534883720931,
                0.09883720930232558,
                0.09883720930232558,
                0.11046511627906977,
                0.11046511627906977,
                0.12209302325581395,
                0.12209302325581395,
                0.13372093023255813,
                0.13372093023255813,
                0.14534883720930233,
                0.14534883720930233,
                0.27325581395348836,
                0.27325581395348836,
                0.27906976744186046,
                0.27906976744186046,
                0.313953488372093,
                0.313953488372093,
                0.45348837209302323,
                0.45348837209302323,
                1.0
            ],
            "tpr": [
                0.0,
                0.047619047619047616,
                0.23809523809523808,
                0.23809523809523808,
                0.2857142857142857,
                0.2857142857142857,
                0.3333333333333333,
                0.3333333333333333,
                0.38095238095238093,
                0.38095238095238093,
                0.47619047619047616,
                0.47619047619047616,
                0.5238095238095238,
                0.5238095238095238,
                0.5714285714285714,
                0.5714285714285714,
                0.6666666666666666,
                0.6666666666666666,
                0.7142857142857143,
                0.7142857142857143,
                0.7619047619047619,
                0.7619047619047619,
                0.8095238095238095,
                0.8095238095238095,
                0.8571428571428571,
                0.8571428571428571,
                0.9047619047619048,
                0.9047619047619048,
                0.9523809523809523,
                0.9523809523809523,
                1.0,
                1.0
            ],
            "auc": 0.8911960132890366
        },
        "NV": {
            "fpr": [
                0.0,
                0.0,
                0.0,
                0.0,
                0.0,
                0.014285714285714285,
                0.014285714285714285,
                0.04285714285714286,
                0.04285714285714286,
                0.05714285714285714,
                0.05714285714285714,
                0.07142857142857142,
                0.07142857142857142,
                0.08571428571428572,
                0.08571428571428572,
                0.1,
                0.1,
                0.11428571428571428,
                0.11428571428571428,
                0.12857142857142856,
                0.12857142857142856,
                0.17142857142857143,
                0.17142857142857143,
                0.2,
                0.2,
                0.21428571428571427,
                0.21428571428571427,
                0.24285714285714285,
                0.24285714285714285,
                0.2571428571428571,
                0.2571428571428571,
                0.3,
                0.3,
                0.32857142857142857,
                0.32857142857142857,
                0.4857142857142857,
                0.4857142857142857,
                0.6571428571428571,
                0.6571428571428571,
                1.0
            ],
            "tpr": [
                0.0,
                0.008130081300813009,
                0.06504065040650407,
                0.08130081300813008,
                0.6504065040650406,
                0.6504065040650406,
                0.7154471544715447,
                0.7154471544715447,
                0.7317073170731707,
                0.7317073170731707,
                0.8048780487804879,
                0.8048780487804879,
                0.8292682926829268,
                0.8292682926829268,
                0.8373983739837398,
                0.8373983739837398,
                0.8455284552845529,
                0.8455284552845529,
                0.8536585365853658,
                0.8536585365853658,
                0.8861788617886179,
                0.8861788617886179,
                0.9024390243902439,
                0.9024390243902439,
                0.9105691056910569,
                0.9105691056910569,
                0.9186991869918699,
                0.9186991869918699,
                0.9349593495934959,
                0.9349593495934959,
                0.9512195121951219,
                0.9512195121951219,
                0.967479674796748,
                0.967479674796748,
                0.975609756097561,
                0.975609756097561,
                0.991869918699187,
                0.991869918699187,
                1.0,
                1.0
            ],
            "auc": 0.9507549361207898
        },
        "BCC": {
            "fpr": [
                0.0,
                0.0,
                0.0,
                0.0056179775280898875,
                0.0056179775280898875,
                0.02247191011235955,
                0.02247191011235955,
                0.0449438202247191,
                0.0449438202247191,
                0.07865168539325842,
                0.07865168539325842,
                0.15168539325842698,
                0.15168539325842698,
                1.0
            ],
            "tpr": [
                0.0,
                0.06666666666666667,
                0.5333333333333333,
                0.5333333333333333,
                0.7333333333333333,
                0.7333333333333333,
                0.8,
                0.8,
                0.8666666666666667,
                0.8666666666666667,
                0.9333333333333333,
                0.9333333333333333,
                1.0,
                1.0
            ],
            "auc": 0.9790262172284644
        },
        "AKIEC": {
            "fpr": [
                0.0,
                0.005405405405405406,
                0.021621621621621623,
                0.021621621621621623,
                0.043243243243243246,
                0.043243243243243246,
                0.06486486486486487,
                0.06486486486486487,
                0.08108108108108109,
                0.08108108108108109,
                0.0972972972972973,
                0.0972972972972973,
                0.2594594594594595,
                0.2594594594594595,
                0.3621621621621622,
                0.3621621621621622,
                1.0
            ],
            "tpr": [
                0.0,
                0.0,
                0.0,
                0.25,
                0.25,
                0.375,
                0.375,
                0.5,
                0.5,
                0.625,
                0.625,
                0.75,
                0.75,
                0.875,
                0.875,
                1.0,
                1.0
            ],
            "auc": 0.881081081081081
        },