{
    "epoch": 4,
    "num_classes": 7,
    "class_names": [
        "MEL",
        "NV",
        "BCC",
        "AKIEC",
        "BKL",
        "DF",
        "VASC"
    ],
    "per_class": {
        "MEL": {
            "fpr": [
                0.0,
                0.0,
                0.005813953488372093,
                0.005813953488372093,
                0.011627906976744186,
                0.011627906976744186,
                0.01744186046511628,
                0.01744186046511628,
                0.023255813953488372,
                0.023255813953488372,
                0.046511627906976744,
                0.046511627906976744,
                0.06976744186046512,
                0.06976744186046512,
                0.0755813953488372,
                0.0755813953488372,
                0.12790697674418605,
                0.12790697674418605,
                0.14534883720930233,
                0.14534883720930233,
                0.16279069767441862,
                0.16279069767441862,
                0.1744186046511628,
                0.1744186046511628,
                0.18023255813953487,
                0.18023255813953487,
                0.26744186046511625,
                0.26744186046511625,
                0.3081395348837209,
                0.3081395348837209,
                0.31976744186046513,
                0.31976744186046513,
                0.4418604651162791,
                0.4418604651162791,
                0.5406976744186046,
                0.5406976744186046,
                1.0
            ],
            "tpr": [
                0.0,
                0.047619047619047616,
                0.047619047619047616,
                0.09523809523809523,
                0.09523809523809523,
                0.23809523809523808,
                0.23809523809523808,
                0.2857142857142857,
                0.2857142857142857,
                0.3333333333333333,
                0.3333333333333333,
                0.38095238095238093,
                0.38095238095238093,
                0.42857142857142855,
                0.42857142857142855,
                0.5238095238095238,
                0.5238095238095238,
                0.5714285714285714,
                0.5714285714285714,
                0.6190476190476191,
                0.6190476190476191,
                0.6666666666666666,
                0.6666666666666666,
                0.7142857142857143,
                0.7142857142857143,
                0.7619047619047619,
                0.7619047619047619,
                0.8095238095238095,
                0.8095238095238095,
                0.8571428571428571,
                0.8571428571428571,
                0.9047619047619048,
                0.9047619047619048,
                0.9523809523809523,
                0.9523809523809523,
                1.0,
                1.0
            ],
            "auc": 0.856312292358804
        },
        "NV": {
            "fpr": [
                0.0,
                0.0,
                0.0,
                0.02857142857142857,
                0.02857142857142857,
                0.04285714285714286,
                0.04285714285714286,
                0.05714285714285714,
                0.05714285714285714,
                0.07142857142857142,
                0.07142857142857142,
                0.1,
                0.1,
                0.12857142857142856,
                0.12857142857142856,
                0.15714285714285714,
                0.15714285714285714,
                0.17142857142857143,
                0.17142857142857143,
                0.18571428571428572,
                0.18571428571428572,
                0.22857142857142856,
                0.22857142857142856,
                0.24285714285714285,
                0.24285714285714285,
                0.2571428571428571,
                0.2571428571428571,
                0.3142857142857143,
                0.3142857142857143,
                0.34285714285714286,
                0.34285714285714286,
                0.35714285714285715,
                0.35714285714285715,
                0.38571428571428573,
                0.38571428571428573,
                0.4142857142857143,
                0.4142857142857143,
                0.42857142857142855,
                0.42857142857142855,
                0.5714285714285714,
                0.5714285714285714,
                0.6142857142857143,
                0.6142857142857143,
                0.6285714285714286,
                0.6285714285714286,
                0.7285714285714285,
                0.7285714285714285,
                0.7857142857142857,
                0.7857142857142857,
                1.0
            ],
            "tpr": [
                0.0,
                0.008130081300813009,
                0.5934959349593496,
                0.5934959349593496,
                0.6504065040650406,
                0.6504065040650406,
                0.6666666666666666,
                0.6666666666666666,
                0.6829268292682927,
                0.6829268292682927,
                0.6910569105691057,
                0.6910569105691057,
                0.7154471544715447,
                0.7154471544715447,
                0.7317073170731707,
                0.7317073170731707,
                0.7804878048780488,
                0.7804878048780488,
                0.8211382113821138,
                0.8211382113821138,
                0.8373983739837398,
                0.8373983739837398,
                0.8455284552845529,
                0.8455284552845529,
                0.8617886178861789,
                0.8617886178861789,
                0.8699186991869918,
                0.8699186991869918,
                0.8780487804878049,
                0.8780487804878049,
                0.9024390243902439,
                0.9024390243902439,
                0.9105691056910569,
                0.9105691056910569,
                0.9186991869918699,
                0.9186991869918699,
                0.926829268292683,
                0.926829268292683,
                0.9349593495934959,
                0.9349593495934959,
                0.959349593495935,
                0.959349593495935,
                0.967479674796748,
                0.967479674796748,
                0.983739837398374,
                0.983739837398374,
                0.991869918699187,
                0.991869918699187,
                1.0,
                1.0
            ],
            "auc": 0.9008130081300812
        },
        "BCC": {
            "fpr": [
                0.0,
                0.0,
                0.0,
                0.0056179775280898875,
                0.0056179775280898875,
                0.016853932584269662,
                0.016853932584269662,
                0.0449438202247191,
                0.0449438202247191,
                0.056179775280898875,
                0.056179775280898875,
                0.06741573033707865,
                0.06741573033707865,
                0.09550561797752809,
                0.09550561797752809,
                0.19101123595505617,
                0.19101123595505617,
                0.29775280898876405,
                0.29775280898876405,
                0.38764044943820225,
                0.38764044943820225,
                1.0
            ],