{
    "epoch": 2,
    "num_classes": 7,
    "class_names": [
        "MEL",
        "NV",
        "BCC",
        "AKIEC",
        "BKL",
        "DF",
        "VASC"
    ],
    "per_class": {
        "MEL": {
            "fpr": [
                0.0,
                0.005813953488372093,
                0.01744186046511628,
                0.01744186046511628,
                0.023255813953488372,
                0.023255813953488372,
                0.029069767441860465,
                0.029069767441860465,
                0.03488372093023256,
                0.03488372093023256,
                0.040697674418604654,
                0.040697674418604654,
                0.05232558139534884,
                0.05232558139534884,
                0.05813953488372093,
                0.05813953488372093,
                0.06976744186046512,
                0.06976744186046512,
                0.10465116279069768,
                0.10465116279069768,
                0.18023255813953487,
                0.18023255813953487,
                0.21511627906976744,
                0.21511627906976744,
                0.23255813953488372,
                0.23255813953488372,
                0.2441860465116279,
                0.2441860465116279,
                0.29651162790697677,
                0.29651162790697677,
                0.3313953488372093,
                0.3313953488372093,
                0.37790697674418605,
                0.37790697674418605,
                0.5988372093023255,
                0.5988372093023255,
                1.0
            ],
            "tpr": [
                0.0,
                0.0,
                0.0,
                0.047619047619047616,
                0.047619047619047616,
                0.09523809523809523,
                0.09523809523809523,
                0.19047619047619047,
                0.19047619047619047,
                0.23809523809523808,
                0.23809523809523808,
                0.2857142857142857,
                0.2857142857142857,
                0.3333333333333333,
                0.3333333333333333,
                0.42857142857142855,
                0.42857142857142855,
                0.47619047619047616,
                0.47619047619047616,
                0.5238095238095238,
                0.5238095238095238,
                0.5714285714285714,
                0.5714285714285714,
                0.6190476190476191,
                0.6190476190476191,
                0.6666666666666666,
                0.6666666666666666,
                0.7619047619047619,
                0.7619047619047619,
                0.8571428571428571,
                0.8571428571428571,
                0.9047619047619048,
                0.9047619047619048,
                0.9523809523809523,
                0.9523809523809523,
                1.0,
                1.0
            ],
            "auc": 0.831672203765227
        },
        "NV": {
            "fpr": [
                0.0,
                0.0,
                0.0,
                0.014285714285714285,
                0.014285714285714285,
                0.02857142857142857,
                0.02857142857142857,
                0.04285714285714286,
                0.04285714285714286,
                0.07142857142857142,
                0.07142857142857142,
                0.1,
                0.1,
                0.14285714285714285,
                0.14285714285714285,
                0.15714285714285714,
                0.15714285714285714,
                0.17142857142857143,
                0.17142857142857143,
                0.2,
                0.2,
                0.21428571428571427,
                0.21428571428571427,
                0.22857142857142856,
                0.22857142857142856,
                0.2571428571428571,
                0.2571428571428571,
                0.3,
                0.3,
                0.32857142857142857,
                0.32857142857142857,
                0.35714285714285715,
                0.35714285714285715,
                0.37142857142857144,
                0.37142857142857144,
                0.44285714285714284,
                0.44285714285714284,
                0.45714285714285713,
                0.45714285714285713,
                0.4714285714285714,
                0.4714285714285714,
                0.5142857142857142,
                0.5142857142857142,
                0.5571428571428572,
                0.5571428571428572,
                0.6285714285714286,
                0.6285714285714286,
                0.6714285714285714,
                0.6714285714285714,
                0.7,
                0.7,
                0.8285714285714286,
                0.8285714285714286,
                0.8714285714285714,
                0.8714285714285714,
                0.9,
                0.9,
                0.9571428571428572,
                0.9571428571428572,
                1.0
            ],
            "tpr": [
                0.0,
                0.008130081300813009,
                0.5121951219512195,
                0.5121951219512195,
                0.5772357723577236,
                0.5772357723577236,
                0.5853658536585366,
                0.5853658536585366,
                0.6016260162601627,
                0.6016260162601627,
                0.6178861788617886,
                0.6178861788617886,
                0.6422764227642277,
                0.6422764227642277,
                0.6504065040650406,
                0.6504065040650406,
                0.6585365853658537,
                0.6585365853658537,
                0.6910569105691057,
                0.6910569105691057,
                0.7398373983739838,
                0.7398373983739838,
                0.7560975609756098,
                0.7560975609756098,
                0.7642276422764228,
                0.7642276422764228,
                0.7723577235772358,
                0.7723577235772358,
                0.7804878048780488,
                0.7804878048780488,
                0.8048780487804879,
                0.8048780487804879,
                0.8455284552845529,
                0.8455284552845529,
                0.8536585365853658,
                0.8536585365853658,
                0.8617886178861789,
                0.8617886178861789,
                0.8699186991869918,
                0.8699186991869918,
                0.8861788617886179,
                0.8861788617886179,
                0.9024390243902439,
                0.9024390243902439,
                0.9349593495934959,
                0.9349593495934959,
                0.943089430894309,
                0.943089430894309,
                0.9512195121951219,
                0.9512195121951219,
                0.959349593495935,
                0.959349593495935,
                0.967479674796748,
                0.967479674796748,
                0.983739837398374,
                0.983739837398374,
                0.991869918699187,
                0.991869918699187,
                1.0,
                1.0
            ],
            "auc": 0.8476190476190476
        },
        "BCC": {
            "fpr": [
                0.0,
                0.0,
                0.0,
                0.016853932584269662,
                0.016853932584269662,
                0.056179775280898875,
                0.056179775280898875,
                0.07303370786516854,
                0.07303370786516854,
                0.1797752808988764,
                0.1797752808988764,
                0.19101123595505617,
                0.19101123595505617,
                0.3539325842696629,
                0.3539325842696629,
                0.39325842696629215,
                0.39325842696629215,
                1.0
            ],