{
    "overall": {
        "accuracy": 75.12953367875647,
        "balanced_multiclass_accuracy": 0.7472219708282426,
        "macro_recall": 0.7472219708282426,
        "macro_precision": 0.5409004005642661,
        "macro_f1": 0.5711681678980467,
        "multiclass_macro_auc_ovr": 0.9573266577316899,
        "mean_auc_all_diagnoses": 0.9573266577316899,
        "mean_average_precision_all_diagnoses": 0.7015980778681856,
        "mean_sensitivity": 0.7472219708282426,
        "mean_specificity": 0.9607601000353893,
        "mean_accuracy": 0.928941524796447,
        "mean_f1": 0.5711681678980467,
        "mean_ppv": 0.5409004005642661,
        "mean_npv": 0.9441610569019245,
        "melanoma_auc80": 0.8457918050941307,
        "malignant_vs_benign_auc": 0.9174801708358755,
        "mcc": 0.6151970865285122,
        "cohen_kappa": 0.6037639007698887,
        "mean_youden_index": 0.7079820708636319
    },
    "per_class": {
        "MEL": {
            "sensitivity": 0.5238095238095238,
            "specificity": 0.9651162790697675,
            "accuracy": 0.917098445595855,
            "auc": 0.8776301218161684,
            "average_precision": 0.7108977987974738,
            "f1_score": 0.5789473684210527,
            "ppv": 0.6470588235294118,
            "npv": 0.9431818181818182,
            "auc80": 0.8457918050941307,
            "youden_index": 0.4889258028792913
        },
        "NV": {
            "sensitivity": 0.8211382113821138,
            "specificity": 0.9857142857142858,
            "accuracy": 0.8808290155440415,
            "auc": 0.9691056910569105,
            "average_precision": 0.9847195441055414,
            "f1_score": 0.8977777777777778,
            "ppv": 0.9901960784313726,
            "npv": 0.7582417582417582,
            "auc80": NaN,
            "youden_index": 0.8068524970963997
        },
        "BCC": {
            "sensitivity": 0.5333333333333333,
            "specificity": 0.9662921348314607,
            "accuracy": 0.9326424870466321,
            "auc": 0.9681647940074907,
            "average_precision": 0.8101094950800833,
            "f1_score": 0.5517241379310344,
            "ppv": 0.5714285714285714,
            "npv": 0.9608938547486033,
            "auc80": NaN,
            "youden_index": 0.49962546816479403
        },
        "AKIEC": {
            "sensitivity": 0.625,
            "specificity": 0.9351351351351351,
            "accuracy": 0.9222797927461139,
            "auc": 0.9398648648648649,
            "average_precision": 0.37568005637773083,
            "f1_score": 0.4,
            "ppv": 0.29411764705882354,
            "npv": 0.9829545454545454,
            "auc80": NaN,
            "youden_index": 0.5601351351351351
        },
        "BKL": {
            "sensitivity": 0.7272727272727273,
            "specificity": 0.935672514619883,
            "accuracy": 0.9119170984455959,
            "auc": 0.9569377990430622,
            "average_precision": 0.6964463173831371,
            "f1_score": 0.6530612244897959,
            "ppv": 0.5925925925925926,
            "npv": 0.963855421686747,
            "auc80": NaN,
            "youden_index": 0.6629452418926103
        },
        "DF": {
            "sensitivity": 1.0,
            "specificity": 0.9479166666666666,
            "accuracy": 0.9481865284974094,
            "auc": 0.9895833333333334,
            "average_precision": 0.3333333333333333,
            "f1_score": 0.16666666666666669,
            "ppv": 0.09090909090909091,
            "npv": 1.0,
            "auc80": NaN,
            "youden_index": 0.9479166666666665
        },
        "VASC": {
            "sensitivity": 1.0,
            "specificity": 0.9894736842105263,
            "accuracy": 0.9896373056994818,
            "auc": 1.0,
            "average_precision": 1.0,
            "f1_score": 0.7499999999999999,
            "ppv": 0.6,
            "npv": 1.0,
            "auc80": NaN,
            "youden_index": 0.9894736842105263
        }
    },
    "malignant_definition_used": [
        "MEL",
        "BCC",
        "AKIEC"
    ],
    "val_loss": 1.3098651572212654
}