{
    "overall": {
        "accuracy": 78.23834196891191,
        "balanced_multiclass_accuracy": 0.6174366864262335,
        "macro_recall": 0.6174366864262335,
        "macro_precision": 0.5526218820861678,
        "macro_f1": 0.5668103168103168,
        "multiclass_macro_auc_ovr": 0.9504048423463125,
        "mean_auc_all_diagnoses": 0.9504048423463125,
        "mean_average_precision_all_diagnoses": 0.6637318229383408,
        "mean_sensitivity": 0.6174366864262335,
        "mean_specificity": 0.9627944816315165,
        "mean_accuracy": 0.9378238341968911,
        "mean_f1": 0.5668103168103168,
        "mean_ppv": 0.5526218820861678,
        "mean_npv": 0.9503409000958164,
        "melanoma_auc80": 0.8291805094130674,
        "malignant_vs_benign_auc": 0.9206833435021354,
        "mcc": 0.6490539589328812,
        "cohen_kappa": 0.6415177781708827,
        "mean_youden_index": 0.5802311680577501
    },
    "per_class": {
        "MEL": {
            "sensitivity": 0.5714285714285714,
            "specificity": 0.9767441860465116,
            "accuracy": 0.9326424870466321,
            "auc": 0.8790143964562569,
            "average_precision": 0.6647255304673758,
            "f1_score": 0.6486486486486486,
            "ppv": 0.75,
            "npv": 0.9491525423728814,
            "auc80": 0.8291805094130674,
            "youden_index": 0.548172757475083
        },
        "NV": {
            "sensitivity": 0.8536585365853658,
            "specificity": 0.9571428571428572,
            "accuracy": 0.8911917098445595,
            "auc": 0.9720092915214866,
            "average_precision": 0.9862212106572856,
            "f1_score": 0.9090909090909091,
            "ppv": 0.9722222222222222,
            "npv": 0.788235294117647,
            "auc80": NaN,
            "youden_index": 0.810801393728223
        },
        "BCC": {
            "sensitivity": 0.5333333333333333,
            "specificity": 0.9775280898876404,
            "accuracy": 0.9430051813471503,
            "auc": 0.9284644194756554,
            "average_precision": 0.77370883716045,
            "f1_score": 0.5925925925925926,
            "ppv": 0.6666666666666666,
            "npv": 0.9613259668508287,
            "auc80": NaN,
            "youden_index": 0.5108614232209736
        },
        "AKIEC": {
            "sensitivity": 0.5,
            "specificity": 0.9459459459459459,
            "accuracy": 0.927461139896373,
            "auc": 0.9243243243243243,
            "average_precision": 0.26729173439621734,
            "f1_score": 0.36363636363636365,
            "ppv": 0.2857142857142857,
            "npv": 0.9776536312849162,
            "auc80": NaN,
            "youden_index": 0.44594594594594605
        },
        "BKL": {
            "sensitivity": 0.8636363636363636,
            "specificity": 0.9239766081871345,
            "accuracy": 0.917098445595855,
            "auc": 0.9646464646464648,
            "average_precision": 0.7041754478870571,
            "f1_score": 0.7037037037037037,
            "ppv": 0.59375,
            "npv": 0.9813664596273292,
            "auc80": NaN,
            "youden_index": 0.7876129718234981
        },
        "DF": {
            "sensitivity": 0.0,
            "specificity": 0.96875,
            "accuracy": 0.9637305699481865,
            "auc": 0.984375,
            "average_precision": 0.25,
            "f1_score": 0.0,
            "ppv": 0.0,
            "npv": 0.9946524064171123,
            "auc80": NaN,
            "youden_index": -0.03125
        },
        "VASC": {
            "sensitivity": 1.0,
            "specificity": 0.9894736842105263,
            "accuracy": 0.9896373056994818,
            "auc": 1.0,
            "average_precision": 1.0,
            "f1_score": 0.7499999999999999,
            "ppv": 0.6,
            "npv": 1.0,
            "auc80": NaN,
            "youden_index": 0.9894736842105263
        }
    },
    "malignant_definition_used": [
        "MEL",
        "BCC",
        "AKIEC"
    ],
    "val_loss": 1.3647113105793691
}