{
    "overall": {
        "accuracy": 77.720207253886,
        "balanced_multiclass_accuracy": 0.7723648883056548,
        "macro_recall": 0.7723648883056548,
        "macro_precision": 0.5720804988662131,
        "macro_f1": 0.602787677488222,
        "multiclass_macro_auc_ovr": 0.9558809730395362,
        "mean_auc_all_diagnoses": 0.9558809730395362,
        "mean_average_precision_all_diagnoses": 0.7070312741479864,
        "mean_sensitivity": 0.7723648883056548,
        "mean_specificity": 0.9634432775055595,
        "mean_accuracy": 0.9363434492968171,
        "mean_f1": 0.6027876774882219,
        "mean_ppv": 0.5720804988662131,
        "mean_npv": 0.9487297255974464,
        "melanoma_auc80": 0.8319490586932448,
        "malignant_vs_benign_auc": 0.9196156192800489,
        "mcc": 0.6489463518676745,
        "cohen_kappa": 0.6394874022589053,
        "mean_youden_index": 0.7358081658112143
    },
    "per_class": {
        "MEL": {
            "sensitivity": 0.5714285714285714,
            "specificity": 0.9767441860465116,
            "accuracy": 0.9326424870466321,
            "auc": 0.8729235880398671,
            "average_precision": 0.7044137224847626,
            "f1_score": 0.6486486486486486,
            "ppv": 0.75,
            "npv": 0.9491525423728814,
            "auc80": 0.8319490586932448,
            "youden_index": 0.548172757475083
        },
        "NV": {
            "sensitivity": 0.8373983739837398,
            "specificity": 0.9714285714285714,
            "accuracy": 0.8860103626943006,
            "auc": 0.9698025551684089,
            "average_precision": 0.9851270958320186,
            "f1_score": 0.9035087719298245,
            "ppv": 0.9809523809523809,
            "npv": 0.7727272727272727,
            "auc80": NaN,
            "youden_index": 0.8088269454123114
        },
        "BCC": {
            "sensitivity": 0.6,
            "specificity": 0.9719101123595506,
            "accuracy": 0.9430051813471503,
            "auc": 0.9737827715355806,
            "average_precision": 0.8032448386762112,
            "f1_score": 0.6206896551724138,
            "ppv": 0.6428571428571429,
            "npv": 0.9664804469273743,
            "auc80": NaN,
            "youden_index": 0.5719101123595505
        },
        "AKIEC": {
            "sensitivity": 0.625,
            "specificity": 0.9405405405405406,
            "accuracy": 0.927461139896373,
            "auc": 0.9202702702702703,
            "average_precision": 0.2630194093187514,
            "f1_score": 0.4166666666666667,
            "ppv": 0.3125,
            "npv": 0.9830508474576272,
            "auc80": NaN,
            "youden_index": 0.5655405405405407
        },
        "BKL": {
            "sensitivity": 0.7727272727272727,
            "specificity": 0.935672514619883,
            "accuracy": 0.917098445595855,
            "auc": 0.9595959595959596,
            "average_precision": 0.6934138527241607,
            "f1_score": 0.68,
            "ppv": 0.6071428571428571,
            "npv": 0.9696969696969697,
            "auc80": NaN,
            "youden_index": 0.7083997873471557
        },
        "DF": {
            "sensitivity": 1.0,
            "specificity": 0.9583333333333334,
            "accuracy": 0.9585492227979274,
            "auc": 0.9947916666666666,
            "average_precision": 0.5,
            "f1_score": 0.19999999999999998,
            "ppv": 0.1111111111111111,
            "npv": 1.0,
            "auc80": NaN,
            "youden_index": 0.9583333333333335
        },
        "VASC": {
            "sensitivity": 1.0,
            "specificity": 0.9894736842105263,
            "accuracy": 0.9896373056994818,
            "auc": 1.0,
            "average_precision": 1.0,
            "f1_score": 0.7499999999999999,
            "ppv": 0.6,
            "npv": 1.0,
            "auc80": NaN,
            "youden_index": 0.9894736842105263
        }
    },
    "malignant_definition_used": [
        "MEL",
        "BCC",
        "AKIEC"
    ],
    "val_loss": 1.344122213403178
}