{
    "epoch": 80,
    "num_classes": 7,
    "class_names": [
        "MEL",
        "NV",
        "BCC",
        "AKIEC",
        "BKL",
        "DF",
        "VASC"
    ],
    "per_class": {
        "MEL": {
            "fpr": [
                0.0,
                0.0,
                0.0,
                0.023255813953488372,
                0.023255813953488372,
                0.029069767441860465,
                0.029069767441860465,
                0.06395348837209303,
                0.06395348837209303,
                0.09302325581395349,
                0.09302325581395349,
                0.09883720930232558,
                0.09883720930232558,
                0.13372093023255813,
                0.13372093023255813,
                0.1511627906976744,
                0.1511627906976744,
                0.1569767441860465,
                0.1569767441860465,
                0.3953488372093023,
                0.3953488372093023,
                0.4011627906976744,
                0.4011627906976744,
                0.45348837209302323,
                0.45348837209302323,
                1.0
            ],
            "tpr": [
                0.0,
                0.047619047619047616,
                0.14285714285714285,
                0.14285714285714285,
                0.47619047619047616,
                0.47619047619047616,
                0.5714285714285714,
                0.5714285714285714,
                0.6190476190476191,
                0.6190476190476191,
                0.6666666666666666,
                0.6666666666666666,
                0.7142857142857143,
                0.7142857142857143,
                0.7619047619047619,
                0.7619047619047619,
                0.8095238095238095,
                0.8095238095238095,
                0.8571428571428571,
                0.8571428571428571,
                0.9047619047619048,
                0.9047619047619048,
                0.9523809523809523,
                0.9523809523809523,
                1.0,
                1.0
            ],
            "auc": 0.896733111849391
        },
        "NV": {
            "fpr": [
                0.0,
                0.0,
                0.0,
                0.0,
                0.0,
                0.0,
                0.0,
                0.0,
                0.0,
                0.0,
                0.0,
                0.0,
                0.0,
                0.0,
                0.0,
                0.014285714285714285,
                0.014285714285714285,
                0.02857142857142857,
                0.02857142857142857,
                0.04285714285714286,
                0.04285714285714286,
                0.05714285714285714,
                0.05714285714285714,
                0.07142857142857142,
                0.07142857142857142,
                0.1,
                0.1,
                0.11428571428571428,
                0.11428571428571428,
                0.12857142857142856,
                0.12857142857142856,
                0.15714285714285714,
                0.15714285714285714,
                0.17142857142857143,
                0.17142857142857143,
                0.2,
                0.2,
                0.21428571428571427,
                0.21428571428571427,
                0.2714285714285714,
                0.2714285714285714,
                0.3,
                0.3,
                0.34285714285714286,
                0.34285714285714286,
                0.35714285714285715,
                0.35714285714285715,
                0.37142857142857144,
                0.37142857142857144,
                0.42857142857142855,
                0.42857142857142855,
                0.44285714285714284,
                0.44285714285714284,
                0.5714285714285714,
                0.5714285714285714,
                0.6571428571428571,
                0.6571428571428571,
                0.7285714285714285,
                0.7285714285714285,
                1.0
            ],
            "tpr": [
                0.0,
                0.04878048780487805,
                0.07317073170731707,
                0.11382113821138211,
                0.13008130081300814,
                0.17886178861788618,
                0.21138211382113822,
                0.22764227642276422,
                0.25203252032520324,
                0.2764227642276423,
                0.2845528455284553,
                0.3089430894308943,
                0.3252032520325203,
                0.34146341463414637,
                0.5040650406504065,
                0.5040650406504065,
                0.5447154471544715,
                0.5447154471544715,
                0.5772357723577236,
                0.5772357723577236,
                0.7723577235772358,
                0.7723577235772358,
                0.7804878048780488,
                0.7804878048780488,
                0.8048780487804879,
                0.8048780487804879,
                0.8292682926829268,
                0.8292682926829268,
                0.8455284552845529,
                0.8455284552845529,
                0.8536585365853658,
                0.8536585365853658,
                0.8699186991869918,
                0.8699186991869918,
                0.8780487804878049,
                0.8780487804878049,
                0.8861788617886179,
                0.8861788617886179,
                0.8943089430894309,
                0.8943089430894309,
                0.9024390243902439,
                0.9024390243902439,
                0.9105691056910569,
                0.9105691056910569,
                0.9186991869918699,
                0.9186991869918699,
                0.926829268292683,
                0.926829268292683,
                0.9512195121951219,
                0.9512195121951219,
                0.959349593495935,
                0.959349593495935,
                0.967479674796748,
                0.967479674796748,
                0.975609756097561,
                0.975609756097561,
                0.983739837398374,
                0.983739837398374,
                1.0,
                1.0
            ],
            "auc": 0.9269454123112659
        },
        "BCC": {
            "fpr": [
                0.0,
                0.0,
                0.0,
                0.016853932584269662,
                0.016853932584269662,
                0.0449438202247191,
                0.0449438202247191,
                0.05056179775280899,
                0.05056179775280899,
                0.1348314606741573,
                0.1348314606741573,
                1.0
            ],
            "tpr": [
                0.0,
                0.06666666666666667,
                0.6666666666666666,
                0.6666666666666666,
                0.8,
                0.8,
                0.8666666666666667,
                0.8666666666666667,
                0.9333333333333333,
                0.9333333333333333,
                1.0,
                1.0
            ],
            "auc": 0.9823970037453184
        },
        "AKIEC": {
            "fpr": [
                0.0,
                0.0,
                0.016216216216216217,
                0.016216216216216217,
                0.05405405405405406,
                0.05405405405405406,
                0.08648648648648649,
                0.08648648648648649,
                0.2648648648648649,
                0.2648648648648649,
                1.0
            ],
            "tpr": [
                0.0,
                0.125,
                0.125,
                0.25,
                0.25,
                0.75,
                0.75,
                0.875,
                0.875,
                1.0,
                1.0
            ],
            "auc": 0.9270270270270271
        },