{
    "epoch": 10,
    "num_classes": 7,
    "class_names": [
        "MEL",
        "NV",
        "BCC",
        "AKIEC",
        "BKL",
        "DF",
        "VASC"
    ],
    "per_class": {
        "MEL": {
            "fpr": [
                0.0,
                0.0,
                0.0,
                0.011627906976744186,
                0.011627906976744186,
                0.01744186046511628,
                0.01744186046511628,
                0.029069767441860465,
                0.029069767441860465,
                0.040697674418604654,
                0.040697674418604654,
                0.05813953488372093,
                0.05813953488372093,
                0.10465116279069768,
                0.10465116279069768,
                0.12790697674418605,
                0.12790697674418605,
                0.18604651162790697,
                0.18604651162790697,
                0.26744186046511625,
                0.26744186046511625,
                0.3081395348837209,
                0.3081395348837209,
                0.36627906976744184,
                0.36627906976744184,
                0.4883720930232558,
                0.4883720930232558,
                0.563953488372093,
                0.563953488372093,
                0.6627906976744186,
                0.6627906976744186,
                1.0
            ],
            "tpr": [
                0.0,
                0.047619047619047616,
                0.09523809523809523,
                0.09523809523809523,
                0.19047619047619047,
                0.19047619047619047,
                0.23809523809523808,
                0.23809523809523808,
                0.2857142857142857,
                0.2857142857142857,
                0.38095238095238093,
                0.38095238095238093,
                0.42857142857142855,
                0.42857142857142855,
                0.47619047619047616,
                0.47619047619047616,
                0.5714285714285714,
                0.5714285714285714,
                0.6190476190476191,
                0.6190476190476191,
                0.7619047619047619,
                0.7619047619047619,
                0.8095238095238095,
                0.8095238095238095,
                0.8571428571428571,
                0.8571428571428571,
                0.9047619047619048,
                0.9047619047619048,
                0.9523809523809523,
                0.9523809523809523,
                1.0,
                1.0
            ],
            "auc": 0.8120155038759689
        },
        "NV": {
            "fpr": [
                0.0,
                0.0,
                0.0,
                0.014285714285714285,
                0.014285714285714285,
                0.04285714285714286,
                0.04285714285714286,
                0.05714285714285714,
                0.05714285714285714,
                0.08571428571428572,
                0.08571428571428572,
                0.1,
                0.1,
                0.11428571428571428,
                0.11428571428571428,
                0.12857142857142856,
                0.12857142857142856,
                0.14285714285714285,
                0.14285714285714285,
                0.18571428571428572,
                0.18571428571428572,
                0.21428571428571427,
                0.21428571428571427,
                0.2857142857142857,
                0.2857142857142857,
                0.3,
                0.3,
                0.32857142857142857,
                0.32857142857142857,
                0.38571428571428573,
                0.38571428571428573,
                0.4,
                0.4,
                0.44285714285714284,
                0.44285714285714284,
                0.5,
                0.5,
                0.5428571428571428,
                0.5428571428571428,
                0.5571428571428572,
                0.5571428571428572,
                0.5714285714285714,
                0.5714285714285714,
                0.6285714285714286,
                0.6285714285714286,
                0.6428571428571429,
                0.6428571428571429,
                0.6714285714285714,
                0.6714285714285714,
                0.7714285714285715,
                0.7714285714285715,
                1.0
            ],
            "tpr": [
                0.0,
                0.008130081300813009,
                0.6097560975609756,
                0.6097560975609756,
                0.6178861788617886,
                0.6178861788617886,
                0.6341463414634146,
                0.6341463414634146,
                0.6829268292682927,
                0.6829268292682927,
                0.7154471544715447,
                0.7154471544715447,
                0.7723577235772358,
                0.7723577235772358,
                0.7804878048780488,
                0.7804878048780488,
                0.7967479674796748,
                0.7967479674796748,
                0.8048780487804879,
                0.8048780487804879,
                0.8130081300813008,
                0.8130081300813008,
                0.8211382113821138,
                0.8211382113821138,
                0.8536585365853658,
                0.8536585365853658,
                0.8699186991869918,
                0.8699186991869918,
                0.8780487804878049,
                0.8780487804878049,
                0.8861788617886179,
                0.8861788617886179,
                0.8943089430894309,
                0.8943089430894309,
                0.9024390243902439,
                0.9024390243902439,
                0.9105691056910569,
                0.9105691056910569,
                0.9186991869918699,
                0.9186991869918699,
                0.943089430894309,
                0.943089430894309,
                0.9512195121951219,
                0.9512195121951219,
                0.959349593495935,
                0.959349593495935,
                0.967479674796748,
                0.967479674796748,
                0.991869918699187,
                0.991869918699187,
                1.0,
                1.0
            ],
            "auc": 0.8939605110336818
        },
        "BCC": {
            "fpr": [
                0.0,
                0.0,
                0.0,
                0.0056179775280898875,
                0.0056179775280898875,
                0.011235955056179775,
                0.011235955056179775,
                0.033707865168539325,
                0.033707865168539325,
                0.07303370786516854,
                0.07303370786516854,
                0.08426966292134831,
                0.08426966292134831,
                0.09550561797752809,
                0.09550561797752809,
                0.28651685393258425,
                0.28651685393258425,
                0.4606741573033708,
                0.4606741573033708,
                1.0
            ],
            "tpr": [
                0.0,
                0.06666666666666667,
                0.26666666666666666,
                0.26666666666666666,
                0.4,
                0.4,
                0.4666666666666667,
                0.4666666666666667,
                0.6,
                0.6,
                0.7333333333333333,
                0.7333333333333333,
                0.8,
                0.8,
                0.8666666666666667,
                0.8666666666666667,
                0.9333333333333333,
                0.9333333333333333,
                1.0,
                1.0
            ],
            "auc": 0.9224719101123595
        },