{
    "epoch": 80,
    "num_classes": 7,
    "class_names": [
        "MEL",
        "NV",
        "BCC",
        "AKIEC",
        "BKL",
        "DF",
        "VASC"
    ],
    "per_class": {
        "MEL": {
            "fpr": [
                0.0,
                0.0,
                0.0,
                0.011627906976744186,
                0.011627906976744186,
                0.01744186046511628,
                0.01744186046511628,
                0.029069767441860465,
                0.029069767441860465,
                0.03488372093023256,
                0.03488372093023256,
                0.05232558139534884,
                0.05232558139534884,
                0.06395348837209303,
                0.06395348837209303,
                0.09883720930232558,
                0.09883720930232558,
                0.11627906976744186,
                0.11627906976744186,
                0.12790697674418605,
                0.12790697674418605,
                0.1686046511627907,
                0.1686046511627907,
                0.18604651162790697,
                0.18604651162790697,
                0.3430232558139535,
                0.3430232558139535,
                0.3546511627906977,
                0.3546511627906977,
                1.0
            ],
            "tpr": [
                0.0,
                0.047619047619047616,
                0.38095238095238093,
                0.38095238095238093,
                0.42857142857142855,
                0.42857142857142855,
                0.47619047619047616,
                0.47619047619047616,
                0.5238095238095238,
                0.5238095238095238,
                0.5714285714285714,
                0.5714285714285714,
                0.6190476190476191,
                0.6190476190476191,
                0.6666666666666666,
                0.6666666666666666,
                0.7142857142857143,
                0.7142857142857143,
                0.7619047619047619,
                0.7619047619047619,
                0.8095238095238095,
                0.8095238095238095,
                0.8571428571428571,
                0.8571428571428571,
                0.9047619047619048,
                0.9047619047619048,
                0.9523809523809523,
                0.9523809523809523,
                1.0,
                1.0
            ],
            "auc": 0.9235880398671097
        },
        "NV": {
            "fpr": [
                0.0,
                0.0,
                0.0,
                0.014285714285714285,
                0.014285714285714285,
                0.04285714285714286,
                0.04285714285714286,
                0.07142857142857142,
                0.07142857142857142,
                0.1,
                0.1,
                0.12857142857142856,
                0.12857142857142856,
                0.14285714285714285,
                0.14285714285714285,
                0.18571428571428572,
                0.18571428571428572,
                0.2,
                0.2,
                0.21428571428571427,
                0.21428571428571427,
                0.2571428571428571,
                0.2571428571428571,
                0.3142857142857143,
                0.3142857142857143,
                0.34285714285714286,
                0.34285714285714286,
                0.4,
                0.4,
                0.4714285714285714,
                0.4714285714285714,
                0.4857142857142857,
                0.4857142857142857,
                0.5428571428571428,
                0.5428571428571428,
                0.5857142857142857,
                0.5857142857142857,
                0.6714285714285714,
                0.6714285714285714,
                0.7857142857142857,
                0.7857142857142857,
                0.8714285714285714,
                0.8714285714285714,
                1.0
            ],
            "tpr": [
                0.0,
                0.008130081300813009,
                0.7235772357723578,
                0.7235772357723578,
                0.7723577235772358,
                0.7723577235772358,
                0.7886178861788617,
                0.7886178861788617,
                0.7967479674796748,
                0.7967479674796748,
                0.8048780487804879,
                0.8048780487804879,
                0.8455284552845529,
                0.8455284552845529,
                0.8699186991869918,
                0.8699186991869918,
                0.8943089430894309,
                0.8943089430894309,
                0.9024390243902439,
                0.9024390243902439,
                0.9105691056910569,
                0.9105691056910569,
                0.9186991869918699,
                0.9186991869918699,
                0.926829268292683,
                0.926829268292683,
                0.9349593495934959,
                0.9349593495934959,
                0.943089430894309,
                0.943089430894309,
                0.9512195121951219,
                0.9512195121951219,
                0.959349593495935,
                0.959349593495935,
                0.967479674796748,
                0.967479674796748,
                0.975609756097561,
                0.975609756097561,
                0.983739837398374,
                0.983739837398374,
                0.991869918699187,
                0.991869918699187,
                1.0,
                1.0
            ],
            "auc": 0.9340301974448315
        },
        "BCC": {
            "fpr": [
                0.0,
                0.0,
                0.0,
                0.0056179775280898875,
                0.0056179775280898875,
                0.028089887640449437,
                0.028089887640449437,
                0.06179775280898876,
                0.06179775280898876,
                0.07303370786516854,
                0.07303370786516854,
                0.10112359550561797,
                0.10112359550561797,
                0.15730337078651685,
                0.15730337078651685,
                0.21348314606741572,
                0.21348314606741572,
                1.0
            ],
            "tpr": [
                0.0,
                0.06666666666666667,
                0.2,
                0.2,
                0.4666666666666667,
                0.4666666666666667,
                0.6,
                0.6,
                0.6666666666666666,
                0.6666666666666666,
                0.7333333333333333,
                0.7333333333333333,
                0.8,
                0.8,
                0.8666666666666667,
                0.8666666666666667,
                1.0,
                1.0
            ],
            "auc": 0.9400749063670413
        },
        "AKIEC": {
            "fpr": [
                0.0,
                0.005405405405405406,
                0.005405405405405406,
                0.010810810810810811,
                0.010810810810810811,
                0.021621621621621623,
                0.021621621621621623,
                0.032432432432432434,
                0.032432432432432434,
                0.05945945945945946,
                0.05945945945945946,
                0.25405405405405407,
                0.25405405405405407,
                0.34594594594594597,
                0.34594594594594597,
                0.6594594594594595,
                0.6594594594594595,
                1.0
            ],
            "tpr": [
                0.0,
                0.0,
                0.125,
                0.125,
                0.25,
                0.25,
                0.375,
                0.375,
                0.5,
                0.5,
                0.625,
                0.625,
                0.75,
                0.75,
                0.875,
                0.875,
                1.0,
                1.0
            ],
            "auc": 0.8263513513513514
        },