{
    "epoch": 45,
    "num_classes": 7,
    "class_names": [
        "MEL",
        "NV",
        "BCC",
        "AKIEC",
        "BKL",
        "DF",
        "VASC"
    ],
    "per_class": {
        "MEL": {
            "fpr": [
                0.0,
                0.0,
                0.0,
                0.005813953488372093,
                0.005813953488372093,
                0.011627906976744186,
                0.011627906976744186,
                0.01744186046511628,
                0.01744186046511628,
                0.023255813953488372,
                0.023255813953488372,
                0.05813953488372093,
                0.05813953488372093,
                0.0755813953488372,
                0.0755813953488372,
                0.08139534883720931,
                0.08139534883720931,
                0.09302325581395349,
                0.09302325581395349,
                0.16279069767441862,
                0.16279069767441862,
                0.3546511627906977,
                0.3546511627906977,
                0.47093023255813954,
                0.47093023255813954,
                0.47674418604651164,
                0.47674418604651164,
                1.0
            ],
            "tpr": [
                0.0,
                0.047619047619047616,
                0.14285714285714285,
                0.14285714285714285,
                0.19047619047619047,
                0.19047619047619047,
                0.2857142857142857,
                0.2857142857142857,
                0.47619047619047616,
                0.47619047619047616,
                0.5238095238095238,
                0.5238095238095238,
                0.5714285714285714,
                0.5714285714285714,
                0.6666666666666666,
                0.6666666666666666,
                0.7142857142857143,
                0.7142857142857143,
                0.7619047619047619,
                0.7619047619047619,
                0.8571428571428571,
                0.8571428571428571,
                0.9047619047619048,
                0.9047619047619048,
                0.9523809523809523,
                0.9523809523809523,
                1.0,
                1.0
            ],
            "auc": 0.8983942414174972
        },
        "NV": {
            "fpr": [
                0.0,
                0.0,
                0.0,
                0.014285714285714285,
                0.014285714285714285,
                0.02857142857142857,
                0.02857142857142857,
                0.07142857142857142,
                0.07142857142857142,
                0.1,
                0.1,
                0.11428571428571428,
                0.11428571428571428,
                0.18571428571428572,
                0.18571428571428572,
                0.21428571428571427,
                0.21428571428571427,
                0.37142857142857144,
                0.37142857142857144,
                0.4142857142857143,
                0.4142857142857143,
                0.42857142857142855,
                0.42857142857142855,
                0.4857142857142857,
                0.4857142857142857,
                0.5142857142857142,
                0.5142857142857142,
                0.5428571428571428,
                0.5428571428571428,
                0.5857142857142857,
                0.5857142857142857,
                0.6142857142857143,
                0.6142857142857143,
                0.6714285714285714,
                0.6714285714285714,
                1.0
            ],
            "tpr": [
                0.0,
                0.008130081300813009,
                0.6585365853658537,
                0.6585365853658537,
                0.7235772357723578,
                0.7235772357723578,
                0.7642276422764228,
                0.7642276422764228,
                0.7804878048780488,
                0.7804878048780488,
                0.7886178861788617,
                0.7886178861788617,
                0.8780487804878049,
                0.8780487804878049,
                0.8943089430894309,
                0.8943089430894309,
                0.9105691056910569,
                0.9105691056910569,
                0.9186991869918699,
                0.9186991869918699,
                0.926829268292683,
                0.926829268292683,
                0.9349593495934959,
                0.9349593495934959,
                0.959349593495935,
                0.959349593495935,
                0.967479674796748,
                0.967479674796748,
                0.975609756097561,
                0.975609756097561,
                0.983739837398374,
                0.983739837398374,
                0.991869918699187,
                0.991869918699187,
                1.0,
                1.0
            ],
            "auc": 0.9336817653890824
        },
        "BCC": {
            "fpr": [
                0.0,
                0.0,
                0.0,
                0.02247191011235955,
                0.02247191011235955,
                0.028089887640449437,
                0.028089887640449437,
                0.05056179775280899,
                0.05056179775280899,
                0.12921348314606743,
                0.12921348314606743,
                0.33707865168539325,
                0.33707865168539325,
                0.42134831460674155,
                0.42134831460674155,
                1.0
            ],
            "tpr": [
                0.0,
                0.06666666666666667,
                0.4,
                0.4,
                0.4666666666666667,
                0.4666666666666667,
                0.6666666666666666,
                0.6666666666666666,
                0.8,
                0.8,
                0.8666666666666667,
                0.8666666666666667,
                0.9333333333333333,
                0.9333333333333333,
                1.0,
                1.0
            ],
            "auc": 0.9269662921348314
        },
        "AKIEC": {
            "fpr": [
                0.0,
                0.005405405405405406,
                0.005405405405405406,
                0.010810810810810811,
                0.010810810810810811,
                0.032432432432432434,
                0.032432432432432434,
                0.08648648648648649,
                0.08648648648648649,
                0.0972972972972973,
                0.0972972972972973,
                0.16216216216216217,
                0.16216216216216217,
                0.4702702702702703,
                0.4702702702702703,
                1.0
            ],
            "tpr": [
                0.0,
                0.0,
                0.25,
                0.25,
                0.375,
                0.375,
                0.5,
                0.5,
                0.625,
                0.625,
                0.75,
                0.75,
                0.875,
                0.875,
                1.0,
                1.0
            ],
            "auc": 0.8912162162162162
        },