{
    "overall": {
        "accuracy": 82.8042328042328,
        "balanced_multiclass_accuracy": 0.7005372289404364,
        "macro_recall": 0.7005372289404364,
        "macro_precision": 0.780479006521609,
        "macro_f1": 0.7359650439289727,
        "multiclass_macro_auc_ovr": 0.918102913234845,
        "mean_auc_all_diagnoses": 0.918102913234845,
        "mean_average_precision_all_diagnoses": 0.7614228090933661,
        "mean_sensitivity": 0.7005372289404364,
        "mean_specificity": 0.9558197599216546,
        "mean_accuracy": 0.9508692365835223,
        "mean_f1": 0.7359650439289727,
        "mean_ppv": 0.780479006521609,
        "mean_npv": 0.9637982707331874,
        "melanoma_auc80": 0.6991073258587683,
        "malignant_vs_benign_auc": 0.8856055793585358
    },
    "per_class": {
        "MEL": {
            "sensitivity": 0.5847953216374269,
            "specificity": 0.9627143922445935,
            "accuracy": 0.919973544973545,
            "auc": 0.8621827997784668,
            "average_precision": 0.6724862670256557,
            "f1_score": 0.6230529595015576,
            "ppv": 0.6666666666666666,
            "npv": 0.9478707782672541,
            "auc80": 0.6991073258587683
        },
        "NV": {
            "sensitivity": 0.9383938393839384,
            "specificity": 0.7877280265339967,
            "accuracy": 0.8783068783068783,
            "auc": 0.9201681362166066,
            "average_precision": 0.90173203548492,
            "f1_score": 0.9026455026455027,
            "ppv": 0.8695208970438328,
            "npv": 0.8945386064030132,
            "auc80": NaN
        },
        "BCC": {
            "sensitivity": 0.7311827956989247,
            "specificity": 0.985200845665962,
            "accuracy": 0.9695767195767195,
            "auc": 0.9375980358726045,
            "average_precision": 0.7575645191704321,
            "f1_score": 0.7472527472527474,
            "ppv": 0.7640449438202247,
            "npv": 0.9824314827828531,
            "auc80": NaN
        },
        "AKIEC": {
            "sensitivity": 0.5813953488372093,
            "specificity": 0.989788972089857,
            "accuracy": 0.9781746031746031,
            "auc": 0.9212563522092233,
            "average_precision": 0.6093646955206009,
            "f1_score": 0.6024096385542168,
            "ppv": 0.625,
            "npv": 0.9877717391304348,
            "auc80": NaN
        },
        "BKL": {
            "sensitivity": 0.7004608294930875,
            "specificity": 0.9714285714285714,
            "accuracy": 0.9325396825396826,
            "auc": 0.9103357472021066,
            "average_precision": 0.8202079894705008,
            "f1_score": 0.7487684729064038,
            "ppv": 0.8042328042328042,
            "npv": 0.9508692365835223,
            "auc80": NaN
        },
        "DF": {
            "sensitivity": 0.6818181818181818,
            "specificity": 0.9952316076294278,
            "accuracy": 0.9861111111111112,
            "auc": 0.8876176616299232,
            "average_precision": 0.7144765801461601,
            "f1_score": 0.7407407407407407,
            "ppv": 0.8108108108108109,
            "npv": 0.9905084745762712,
            "auc80": NaN
        },
        "VASC": {
            "sensitivity": 0.6857142857142857,
            "specificity": 0.998645903859174,
            "accuracy": 0.9914021164021164,
            "auc": 0.987561659734984,
            "average_precision": 0.8541275768352936,
            "f1_score": 0.7868852459016394,
            "ppv": 0.9230769230769231,
            "npv": 0.9925975773889637,
            "auc80": NaN
        }
    },
    "malignant_definition_used": [
        "MEL",
        "BCC",
        "AKIEC"
    ],
    "val_loss": 0.8178895916888322
}