{
    "epoch": 45,
    "num_classes": 7,
    "class_names": [
        "MEL",
        "NV",
        "BCC",
        "AKIEC",
        "BKL",
        "DF",
        "VASC"
    ],
    "per_class": {
        "MEL": {
            "fpr": [
                0.0,
                0.0,
                0.0,
                0.03488372093023256,
                0.03488372093023256,
                0.040697674418604654,
                0.040697674418604654,
                0.12209302325581395,
                0.12209302325581395,
                0.7848837209302325,
                0.7848837209302325,
                0.8255813953488372,
                0.8255813953488372,
                1.0
            ],
            "tpr": [
                0.0,
                0.047619047619047616,
                0.7619047619047619,
                0.7619047619047619,
                0.8095238095238095,
                0.8095238095238095,
                0.8571428571428571,
                0.8571428571428571,
                0.9047619047619048,
                0.9047619047619048,
                0.9523809523809523,
                0.9523809523809523,
                1.0,
                1.0
            ],
            "auc": 0.9138981173864895
        },
        "NV": {
            "fpr": [
                0.0,
                0.0,
                0.0,
                0.014285714285714285,
                0.014285714285714285,
                0.02857142857142857,
                0.02857142857142857,
                0.05714285714285714,
                0.05714285714285714,
                0.08571428571428572,
                0.08571428571428572,
                0.2857142857142857,
                0.2857142857142857,
                0.3142857142857143,
                0.3142857142857143,
                0.44285714285714284,
                0.44285714285714284,
                0.5285714285714286,
                0.5285714285714286,
                1.0
            ],
            "tpr": [
                0.0,
                0.008130081300813009,
                0.2601626016260163,
                0.2601626016260163,
                0.926829268292683,
                0.926829268292683,
                0.943089430894309,
                0.943089430894309,
                0.959349593495935,
                0.959349593495935,
                0.967479674796748,
                0.967479674796748,
                0.975609756097561,
                0.975609756097561,
                0.983739837398374,
                0.983739837398374,
                0.991869918699187,
                0.991869918699187,
                1.0,
                1.0
            ],
            "auc": 0.975609756097561
        },
        "BCC": {
            "fpr": [
                0.0,
                0.0,
                0.0,
                0.0056179775280898875,
                0.0056179775280898875,
                0.02247191011235955,
                0.02247191011235955,
                0.028089887640449437,
                0.028089887640449437,
                0.0449438202247191,
                0.0449438202247191,
                0.7865168539325843,
                0.7865168539325843,
                1.0
            ],
            "tpr": [
                0.0,
                0.06666666666666667,
                0.3333333333333333,
                0.3333333333333333,
                0.7333333333333333,
                0.7333333333333333,
                0.8,
                0.8,
                0.8666666666666667,
                0.8666666666666667,
                0.9333333333333333,
                0.9333333333333333,
                1.0,
                1.0
            ],
            "auc": 0.9389513108614232
        },
        "AKIEC": {
            "fpr": [
                0.0,
                0.0,
                0.0,
                0.005405405405405406,
                0.005405405405405406,
                0.07027027027027027,
                0.07027027027027027,
                0.2918918918918919,
                0.2918918918918919,
                1.0
            ],
            "tpr": [
                0.0,
                0.125,
                0.375,
                0.375,
                0.75,
                0.75,
                0.875,
                0.875,
                1.0,
                1.0
            ],
            "auc": 0.9527027027027027
        },
        "BKL": {
            "fpr": [
                0.0,
                0.0,
                0.0,
                0.011695906432748537,
                0.011695906432748537,
                0.017543859649122806,
                0.017543859649122806,
                0.029239766081871343,
                0.029239766081871343,
                0.03508771929824561,
                0.03508771929824561,
                0.04093567251461988,
                0.04093567251461988,
                0.5730994152046783,
                0.5730994152046783,
                0.847953216374269,
                0.847953216374269,
                1.0
            ],
            "tpr": [
                0.0,
                0.045454545454545456,
                0.22727272727272727,
                0.22727272727272727,
                0.45454545454545453,
                0.45454545454545453,
                0.6818181818181818,
                0.6818181818181818,
                0.7272727272727273,
                0.7272727272727273,
                0.8636363636363636,
                0.8636363636363636,
                0.9090909090909091,
                0.9090909090909091,
                0.9545454545454546,
                0.9545454545454546,
                1.0,
                1.0
            ],
            "auc": 0.9207868155236577
        },
        "DF": {
            "fpr": [
                0.0,
                0.0,
                1.0
            ],
            "tpr": [
                0.0,
                1.0,
                1.0
            ],
            "auc": 1.0
        },
        "VASC": {
            "fpr": [
                0.0,
                0.0,
                0.0,
                1.0
            ],
            "tpr": [
                0.0,
                0.3333333333333333,
                1.0,
                1.0
            ],
            "auc": 1.0
        }
    },
    "macro_average_auc": 0.9595899759474543
}