{
    "epoch": 25,
    "num_classes": 7,
    "class_names": [
        "MEL",
        "NV",
        "BCC",
        "AKIEC",
        "BKL",
        "DF",
        "VASC"
    ],
    "per_class": {
        "MEL": {
            "fpr": [
                0.0,
                0.0,
                0.0,
                0.005813953488372093,
                0.005813953488372093,
                0.029069767441860465,
                0.029069767441860465,
                0.040697674418604654,
                0.040697674418604654,
                0.05232558139534884,
                0.05232558139534884,
                0.08139534883720931,
                0.08139534883720931,
                0.09302325581395349,
                0.09302325581395349,
                0.12790697674418605,
                0.12790697674418605,
                0.19767441860465115,
                0.19767441860465115,
                0.4127906976744186,
                0.4127906976744186,
                0.42441860465116277,
                0.42441860465116277,
                1.0
            ],
            "tpr": [
                0.0,
                0.047619047619047616,
                0.2857142857142857,
                0.2857142857142857,
                0.38095238095238093,
                0.38095238095238093,
                0.5714285714285714,
                0.5714285714285714,
                0.6190476190476191,
                0.6190476190476191,
                0.6666666666666666,
                0.6666666666666666,
                0.7142857142857143,
                0.7142857142857143,
                0.8095238095238095,
                0.8095238095238095,
                0.8571428571428571,
                0.8571428571428571,
                0.9047619047619048,
                0.9047619047619048,
                0.9523809523809523,
                0.9523809523809523,
                1.0,
                1.0
            ],
            "auc": 0.9213732004429679
        },
        "NV": {
            "fpr": [
                0.0,
                0.0,
                0.0,
                0.014285714285714285,
                0.014285714285714285,
                0.02857142857142857,
                0.02857142857142857,
                0.05714285714285714,
                0.05714285714285714,
                0.08571428571428572,
                0.08571428571428572,
                0.11428571428571428,
                0.11428571428571428,
                0.14285714285714285,
                0.14285714285714285,
                0.15714285714285714,
                0.15714285714285714,
                0.2,
                0.2,
                0.21428571428571427,
                0.21428571428571427,
                0.2571428571428571,
                0.2571428571428571,
                0.2714285714285714,
                0.2714285714285714,
                0.3,
                0.3,
                0.34285714285714286,
                0.34285714285714286,
                0.35714285714285715,
                0.35714285714285715,
                0.4,
                0.4,
                0.6714285714285714,
                0.6714285714285714,
                0.7571428571428571,
                0.7571428571428571,
                0.8142857142857143,
                0.8142857142857143,
                1.0
            ],
            "tpr": [
                0.0,
                0.008130081300813009,
                0.7804878048780488,
                0.7804878048780488,
                0.7886178861788617,
                0.7886178861788617,
                0.8292682926829268,
                0.8292682926829268,
                0.8536585365853658,
                0.8536585365853658,
                0.8617886178861789,
                0.8617886178861789,
                0.8699186991869918,
                0.8699186991869918,
                0.8780487804878049,
                0.8780487804878049,
                0.8943089430894309,
                0.8943089430894309,
                0.9024390243902439,
                0.9024390243902439,
                0.9105691056910569,
                0.9105691056910569,
                0.9186991869918699,
                0.9186991869918699,
                0.926829268292683,
                0.926829268292683,
                0.943089430894309,
                0.943089430894309,
                0.9512195121951219,
                0.9512195121951219,
                0.967479674796748,
                0.967479674796748,
                0.975609756097561,
                0.975609756097561,
                0.983739837398374,
                0.983739837398374,
                0.991869918699187,
                0.991869918699187,
                1.0,
                1.0
            ],
            "auc": 0.9493612078977932
        },
        "BCC": {
            "fpr": [
                0.0,
                0.0,
                0.0,
                0.0056179775280898875,
                0.0056179775280898875,
                0.011235955056179775,
                0.011235955056179775,
                0.0449438202247191,
                0.0449438202247191,
                1.0
            ],
            "tpr": [
                0.0,
                0.06666666666666667,
                0.4,
                0.4,
                0.7333333333333333,
                0.7333333333333333,
                0.8,
                0.8,
                1.0,
                1.0
            ],
            "auc": 0.9883895131086142
        },
        "AKIEC": {
            "fpr": [
                0.0,
                0.005405405405405406,
                0.005405405405405406,
                0.04864864864864865,
                0.04864864864864865,
                0.05405405405405406,
                0.05405405405405406,
                0.0972972972972973,
                0.0972972972972973,
                0.14594594594594595,
                0.14594594594594595,
                0.16216216216216217,
                0.16216216216216217,
                0.35135135135135137,
                0.35135135135135137,
                1.0
            ],
            "tpr": [
                0.0,
                0.0,
                0.125,
                0.125,
                0.25,
                0.25,
                0.5,
                0.5,
                0.625,
                0.625,
                0.75,
                0.75,
                0.875,
                0.875,
                1.0,
                1.0
            ],
            "auc": 0.8851351351351352
        },
        "BKL": {
            "fpr": [
                0.0,
                0.005847953216374269,
                0.005847953216374269,
                0.023391812865497075,
                0.023391812865497075,
                0.029239766081871343,
                0.029239766081871343,
                0.03508771929824561,
                0.03508771929824561,
                0.05847953216374269,
                0.05847953216374269,
                0.07602339181286549,
                0.07602339181286549,
                0.08187134502923976,
                0.08187134502923976,
                0.0935672514619883,
                0.0935672514619883,
                0.1286549707602339,
                0.1286549707602339,
                0.14619883040935672,
                0.14619883040935672,
                0.17543859649122806,
                0.17543859649122806,
                0.2046783625730994,
                0.2046783625730994,
                0.21637426900584794,
                0.21637426900584794,
                0.23976608187134502,
                0.23976608187134502,
                0.2807017543859649,
                0.2807017543859649,
                1.0
            ],