{
    "epoch": 75,
    "num_classes": 7,
    "class_names": [
        "MEL",
        "NV",
        "BCC",
        "AKIEC",
        "BKL",
        "DF",
        "VASC"
    ],
    "per_class": {
        "MEL": {
            "fpr": [
                0.0,
                0.0,
                0.0,
                0.005813953488372093,
                0.005813953488372093,
                0.011627906976744186,
                0.011627906976744186,
                0.01744186046511628,
                0.01744186046511628,
                0.029069767441860465,
                0.029069767441860465,
                0.03488372093023256,
                0.03488372093023256,
                0.12209302325581395,
                0.12209302325581395,
                0.1686046511627907,
                0.1686046511627907,
                0.20348837209302326,
                0.20348837209302326,
                0.20930232558139536,
                0.20930232558139536,
                0.23837209302325582,
                0.23837209302325582,
                1.0
            ],
            "tpr": [
                0.0,
                0.047619047619047616,
                0.19047619047619047,
                0.19047619047619047,
                0.47619047619047616,
                0.47619047619047616,
                0.5714285714285714,
                0.5714285714285714,
                0.6190476190476191,
                0.6190476190476191,
                0.7142857142857143,
                0.7142857142857143,
                0.7619047619047619,
                0.7619047619047619,
                0.8095238095238095,
                0.8095238095238095,
                0.8571428571428571,
                0.8571428571428571,
                0.9047619047619048,
                0.9047619047619048,
                0.9523809523809523,
                0.9523809523809523,
                1.0,
                1.0
            ],
            "auc": 0.9471207087486158
        },
        "NV": {
            "fpr": [
                0.0,
                0.0,
                0.0,
                0.014285714285714285,
                0.014285714285714285,
                0.02857142857142857,
                0.02857142857142857,
                0.04285714285714286,
                0.04285714285714286,
                0.07142857142857142,
                0.07142857142857142,
                0.08571428571428572,
                0.08571428571428572,
                0.1,
                0.1,
                0.11428571428571428,
                0.11428571428571428,
                0.18571428571428572,
                0.18571428571428572,
                0.2571428571428571,
                0.2571428571428571,
                0.3142857142857143,
                0.3142857142857143,
                0.35714285714285715,
                0.35714285714285715,
                0.4,
                0.4,
                0.44285714285714284,
                0.44285714285714284,
                0.5285714285714286,
                0.5285714285714286,
                0.6285714285714286,
                0.6285714285714286,
                0.7,
                0.7,
                1.0
            ],
            "tpr": [
                0.0,
                0.008130081300813009,
                0.7235772357723578,
                0.7235772357723578,
                0.7723577235772358,
                0.7723577235772358,
                0.8211382113821138,
                0.8211382113821138,
                0.8536585365853658,
                0.8536585365853658,
                0.8780487804878049,
                0.8780487804878049,
                0.9024390243902439,
                0.9024390243902439,
                0.9105691056910569,
                0.9105691056910569,
                0.926829268292683,
                0.926829268292683,
                0.9349593495934959,
                0.9349593495934959,
                0.943089430894309,
                0.943089430894309,
                0.9512195121951219,
                0.9512195121951219,
                0.959349593495935,
                0.959349593495935,
                0.967479674796748,
                0.967479674796748,
                0.975609756097561,
                0.975609756097561,
                0.983739837398374,
                0.983739837398374,
                0.991869918699187,
                0.991869918699187,
                1.0,
                1.0
            ],
            "auc": 0.9590011614401858
        },
        "BCC": {
            "fpr": [
                0.0,
                0.0056179775280898875,
                0.0056179775280898875,
                0.011235955056179775,
                0.011235955056179775,
                0.016853932584269662,
                0.016853932584269662,
                0.02247191011235955,
                0.02247191011235955,
                0.03932584269662921,
                0.03932584269662921,
                0.0449438202247191,
                0.0449438202247191,
                0.05056179775280899,
                0.05056179775280899,
                0.08426966292134831,
                0.08426966292134831,
                1.0
            ],
            "tpr": [
                0.0,
                0.0,
                0.4,
                0.4,
                0.5333333333333333,
                0.5333333333333333,
                0.6,
                0.6,
                0.6666666666666666,
                0.6666666666666666,
                0.7333333333333333,
                0.7333333333333333,
                0.8,
                0.8,
                0.9333333333333333,
                0.9333333333333333,
                1.0,
                1.0
            ],
            "auc": 0.9756554307116105
        },
        "AKIEC": {
            "fpr": [
                0.0,
                0.0,
                0.021621621621621623,
                0.021621621621621623,
                0.032432432432432434,
                0.032432432432432434,
                0.03783783783783784,
                0.03783783783783784,
                0.1783783783783784,
                0.1783783783783784,
                0.1945945945945946,
                0.1945945945945946,
                0.5027027027027027,
                0.5027027027027027,
                1.0
            ],
            "tpr": [
                0.0,
                0.125,
                0.125,
                0.25,
                0.25,
                0.375,
                0.375,
                0.625,
                0.625,
                0.75,
                0.75,
                0.875,
                0.875,
                1.0,
                1.0
            ],
            "auc": 0.8743243243243244
        },
        "BKL": {
            "fpr": [
                0.0,
                0.0,
                0.011695906432748537,
                0.011695906432748537,
                0.03508771929824561,
                0.03508771929824561,
                0.04093567251461988,
                0.04093567251461988,
                0.05263157894736842,
                0.05263157894736842,
                0.06432748538011696,
                0.06432748538011696,
                0.07017543859649122,
                0.07017543859649122,
                0.09941520467836257,
                0.09941520467836257,
                0.14035087719298245,
                0.14035087719298245,
                0.14619883040935672,
                0.14619883040935672,
                0.19883040935672514,
                0.19883040935672514,
                0.21637426900584794,
                0.21637426900584794,
                0.29239766081871343,
                0.29239766081871343,
                1.0
            ],