{
    "epoch": 15,
    "num_classes": 7,
    "class_names": [
        "MEL",
        "NV",
        "BCC",
        "AKIEC",
        "BKL",
        "DF",
        "VASC"
    ],
    "per_class": {
        "MEL": {
            "fpr": [
                0.0,
                0.0,
                0.0,
                0.005813953488372093,
                0.005813953488372093,
                0.01744186046511628,
                0.01744186046511628,
                0.023255813953488372,
                0.023255813953488372,
                0.046511627906976744,
                0.046511627906976744,
                0.06395348837209303,
                0.06395348837209303,
                0.0755813953488372,
                0.0755813953488372,
                0.0872093023255814,
                0.0872093023255814,
                0.13372093023255813,
                0.13372093023255813,
                0.18023255813953487,
                0.18023255813953487,
                0.3081395348837209,
                0.3081395348837209,
                0.38953488372093026,
                0.38953488372093026,
                1.0
            ],
            "tpr": [
                0.0,
                0.047619047619047616,
                0.3333333333333333,
                0.3333333333333333,
                0.38095238095238093,
                0.38095238095238093,
                0.42857142857142855,
                0.42857142857142855,
                0.5714285714285714,
                0.5714285714285714,
                0.6190476190476191,
                0.6190476190476191,
                0.6666666666666666,
                0.6666666666666666,
                0.7619047619047619,
                0.7619047619047619,
                0.8095238095238095,
                0.8095238095238095,
                0.8571428571428571,
                0.8571428571428571,
                0.9047619047619048,
                0.9047619047619048,
                0.9523809523809523,
                0.9523809523809523,
                1.0,
                1.0
            ],
            "auc": 0.9307862679955703
        },
        "NV": {
            "fpr": [
                0.0,
                0.0,
                0.0,
                0.014285714285714285,
                0.014285714285714285,
                0.02857142857142857,
                0.02857142857142857,
                0.04285714285714286,
                0.04285714285714286,
                0.05714285714285714,
                0.05714285714285714,
                0.08571428571428572,
                0.08571428571428572,
                0.12857142857142856,
                0.12857142857142856,
                0.14285714285714285,
                0.14285714285714285,
                0.17142857142857143,
                0.17142857142857143,
                0.18571428571428572,
                0.18571428571428572,
                0.2571428571428571,
                0.2571428571428571,
                0.2714285714285714,
                0.2714285714285714,
                0.2857142857142857,
                0.2857142857142857,
                0.3,
                0.3,
                0.37142857142857144,
                0.37142857142857144,
                0.6857142857142857,
                0.6857142857142857,
                0.7714285714285715,
                0.7714285714285715,
                0.8857142857142857,
                0.8857142857142857,
                1.0
            ],
            "tpr": [
                0.0,
                0.008130081300813009,
                0.7560975609756098,
                0.7560975609756098,
                0.7886178861788617,
                0.7886178861788617,
                0.7967479674796748,
                0.7967479674796748,
                0.8130081300813008,
                0.8130081300813008,
                0.8536585365853658,
                0.8536585365853658,
                0.8617886178861789,
                0.8617886178861789,
                0.8780487804878049,
                0.8780487804878049,
                0.8861788617886179,
                0.8861788617886179,
                0.9105691056910569,
                0.9105691056910569,
                0.926829268292683,
                0.926829268292683,
                0.9349593495934959,
                0.9349593495934959,
                0.943089430894309,
                0.943089430894309,
                0.9512195121951219,
                0.9512195121951219,
                0.967479674796748,
                0.967479674796748,
                0.975609756097561,
                0.975609756097561,
                0.983739837398374,
                0.983739837398374,
                0.991869918699187,
                0.991869918699187,
                1.0,
                1.0
            ],
            "auc": 0.9515679442508709
        },
        "BCC": {
            "fpr": [
                0.0,
                0.0,
                0.0,
                0.0056179775280898875,
                0.0056179775280898875,
                0.011235955056179775,
                0.011235955056179775,
                0.02247191011235955,
                0.02247191011235955,
                0.033707865168539325,
                0.033707865168539325,
                0.06741573033707865,
                0.06741573033707865,
                0.08426966292134831,
                0.08426966292134831,
                1.0
            ],
            "tpr": [
                0.0,
                0.06666666666666667,
                0.26666666666666666,
                0.26666666666666666,
                0.6,
                0.6,
                0.6666666666666666,
                0.6666666666666666,
                0.8,
                0.8,
                0.8666666666666667,
                0.8666666666666667,
                0.9333333333333333,
                0.9333333333333333,
                1.0,
                1.0
            ],
            "auc": 0.9820224719101124
        },
        "AKIEC": {
            "fpr": [
                0.0,
                0.005405405405405406,
                0.04864864864864865,
                0.04864864864864865,
                0.0972972972972973,
                0.0972972972972973,
                0.10270270270270271,
                0.10270270270270271,
                0.13513513513513514,
                0.13513513513513514,
                0.2,
                0.2,
                0.3891891891891892,
                0.3891891891891892,
                1.0
            ],
            "tpr": [
                0.0,
                0.0,
                0.0,
                0.25,
                0.25,
                0.5,
                0.5,
                0.625,
                0.625,
                0.75,
                0.75,
                0.875,
                0.875,
                1.0,
                1.0
            ],
            "auc": 0.8601351351351352
        },