{
    "epoch": 20,
    "num_classes": 7,
    "class_names": [
        "MEL",
        "NV",
        "BCC",
        "AKIEC",
        "BKL",
        "DF",
        "VASC"
    ],
    "per_class": {
        "MEL": {
            "fpr": [
                0.0,
                0.0,
                0.0,
                0.005813953488372093,
                0.005813953488372093,
                0.011627906976744186,
                0.011627906976744186,
                0.023255813953488372,
                0.023255813953488372,
                0.03488372093023256,
                0.03488372093023256,
                0.040697674418604654,
                0.040697674418604654,
                0.046511627906976744,
                0.046511627906976744,
                0.05232558139534884,
                0.05232558139534884,
                0.05813953488372093,
                0.05813953488372093,
                0.06976744186046512,
                0.06976744186046512,
                0.0755813953488372,
                0.0755813953488372,
                0.13372093023255813,
                0.13372093023255813,
                0.3546511627906977,
                0.3546511627906977,
                0.36627906976744184,
                0.36627906976744184,
                1.0
            ],
            "tpr": [
                0.0,
                0.047619047619047616,
                0.19047619047619047,
                0.19047619047619047,
                0.23809523809523808,
                0.23809523809523808,
                0.38095238095238093,
                0.38095238095238093,
                0.42857142857142855,
                0.42857142857142855,
                0.47619047619047616,
                0.47619047619047616,
                0.5238095238095238,
                0.5238095238095238,
                0.5714285714285714,
                0.5714285714285714,
                0.6666666666666666,
                0.6666666666666666,
                0.7619047619047619,
                0.7619047619047619,
                0.8095238095238095,
                0.8095238095238095,
                0.8571428571428571,
                0.8571428571428571,
                0.9047619047619048,
                0.9047619047619048,
                0.9523809523809523,
                0.9523809523809523,
                1.0,
                1.0
            ],
            "auc": 0.9330011074197121
        },
        "NV": {
            "fpr": [
                0.0,
                0.0,
                0.0,
                0.02857142857142857,
                0.02857142857142857,
                0.05714285714285714,
                0.05714285714285714,
                0.07142857142857142,
                0.07142857142857142,
                0.08571428571428572,
                0.08571428571428572,
                0.1,
                0.1,
                0.11428571428571428,
                0.11428571428571428,
                0.12857142857142856,
                0.12857142857142856,
                0.15714285714285714,
                0.15714285714285714,
                0.18571428571428572,
                0.18571428571428572,
                0.5,
                0.5,
                0.5285714285714286,
                0.5285714285714286,
                0.5857142857142857,
                0.5857142857142857,
                0.6571428571428571,
                0.6571428571428571,
                0.6857142857142857,
                0.6857142857142857,
                0.9428571428571428,
                0.9428571428571428,
                1.0
            ],
            "tpr": [
                0.0,
                0.008130081300813009,
                0.7560975609756098,
                0.7560975609756098,
                0.7723577235772358,
                0.7723577235772358,
                0.7886178861788617,
                0.7886178861788617,
                0.7967479674796748,
                0.7967479674796748,
                0.8211382113821138,
                0.8211382113821138,
                0.8780487804878049,
                0.8780487804878049,
                0.8861788617886179,
                0.8861788617886179,
                0.9105691056910569,
                0.9105691056910569,
                0.943089430894309,
                0.943089430894309,
                0.9512195121951219,
                0.9512195121951219,
                0.959349593495935,
                0.959349593495935,
                0.967479674796748,
                0.967479674796748,
                0.975609756097561,
                0.975609756097561,
                0.983739837398374,
                0.983739837398374,
                0.991869918699187,
                0.991869918699187,
                1.0,
                1.0
            ],
            "auc": 0.9478513356562137
        },
        "BCC": {
            "fpr": [
                0.0,
                0.0,
                0.0,
                0.0056179775280898875,
                0.0056179775280898875,
                0.011235955056179775,
                0.011235955056179775,
                0.016853932584269662,
                0.016853932584269662,
                0.02247191011235955,
                0.02247191011235955,
                0.03932584269662921,
                0.03932584269662921,
                0.056179775280898875,
                0.056179775280898875,
                1.0
            ],
            "tpr": [
                0.0,
                0.06666666666666667,
                0.4,
                0.4,
                0.6,
                0.6,
                0.6666666666666666,
                0.6666666666666666,
                0.8,
                0.8,
                0.8666666666666667,
                0.8666666666666667,
                0.9333333333333333,
                0.9333333333333333,
                1.0,
                1.0
            ],
            "auc": 0.9880149812734083
        },
        "AKIEC": {
            "fpr": [
                0.0,
                0.005405405405405406,
                0.021621621621621623,
                0.021621621621621623,
                0.05405405405405406,
                0.05405405405405406,
                0.06486486486486487,
                0.06486486486486487,
                0.08108108108108109,
                0.08108108108108109,
                0.10810810810810811,
                0.10810810810810811,
                0.23243243243243245,
                0.23243243243243245,
                0.40540540540540543,
                0.40540540540540543,
                1.0
            ],
            "tpr": [
                0.0,
                0.0,
                0.0,
                0.125,
                0.125,
                0.375,
                0.375,
                0.5,
                0.5,
                0.625,
                0.625,
                0.75,
                0.75,
                0.875,
                0.875,
                1.0,
                1.0
            ],
            "auc": 0.8722972972972972
        },