{
    "epoch": 90,
    "num_classes": 7,
    "class_names": [
        "MEL",
        "NV",
        "BCC",
        "AKIEC",
        "BKL",
        "DF",
        "VASC"
    ],
    "per_class": {
        "MEL": {
            "fpr": [
                0.0,
                0.0,
                0.0,
                0.005813953488372093,
                0.005813953488372093,
                0.011627906976744186,
                0.011627906976744186,
                0.029069767441860465,
                0.029069767441860465,
                0.1686046511627907,
                0.1686046511627907,
                0.20348837209302326,
                0.20348837209302326,
                0.20930232558139536,
                0.20930232558139536,
                0.22674418604651161,
                0.22674418604651161,
                0.23255813953488372,
                0.23255813953488372,
                1.0
            ],
            "tpr": [
                0.0,
                0.047619047619047616,
                0.19047619047619047,
                0.19047619047619047,
                0.42857142857142855,
                0.42857142857142855,
                0.5714285714285714,
                0.5714285714285714,
                0.7619047619047619,
                0.7619047619047619,
                0.8095238095238095,
                0.8095238095238095,
                0.8571428571428571,
                0.8571428571428571,
                0.9047619047619048,
                0.9047619047619048,
                0.9523809523809523,
                0.9523809523809523,
                1.0,
                1.0
            ],
            "auc": 0.9418604651162791
        },
        "NV": {
            "fpr": [
                0.0,
                0.0,
                0.0,
                0.0,
                0.0,
                0.0,
                0.0,
                0.014285714285714285,
                0.014285714285714285,
                0.02857142857142857,
                0.02857142857142857,
                0.05714285714285714,
                0.05714285714285714,
                0.07142857142857142,
                0.07142857142857142,
                0.08571428571428572,
                0.08571428571428572,
                0.18571428571428572,
                0.18571428571428572,
                0.24285714285714285,
                0.24285714285714285,
                0.37142857142857144,
                0.37142857142857144,
                0.4142857142857143,
                0.4142857142857143,
                0.6428571428571429,
                0.6428571428571429,
                0.6571428571428571,
                0.6571428571428571,
                0.7142857142857143,
                0.7142857142857143,
                1.0
            ],
            "tpr": [
                0.0,
                0.008130081300813009,
                0.04065040650406504,
                0.056910569105691054,
                0.13008130081300814,
                0.14634146341463414,
                0.8373983739837398,
                0.8373983739837398,
                0.8455284552845529,
                0.8455284552845529,
                0.8536585365853658,
                0.8536585365853658,
                0.8699186991869918,
                0.8699186991869918,
                0.8943089430894309,
                0.8943089430894309,
                0.9024390243902439,
                0.9024390243902439,
                0.943089430894309,
                0.943089430894309,
                0.9512195121951219,
                0.9512195121951219,
                0.967479674796748,
                0.967479674796748,
                0.975609756097561,
                0.975609756097561,
                0.983739837398374,
                0.983739837398374,
                0.991869918699187,
                0.991869918699187,
                1.0,
                1.0
            ],
            "auc": 0.9609756097560975
        },
        "BCC": {
            "fpr": [
                0.0,
                0.0056179775280898875,
                0.0056179775280898875,
                0.011235955056179775,
                0.011235955056179775,
                0.028089887640449437,
                0.028089887640449437,
                0.03932584269662921,
                0.03932584269662921,
                0.0449438202247191,
                0.0449438202247191,
                0.05056179775280899,
                0.05056179775280899,
                0.056179775280898875,
                0.056179775280898875,
                1.0
            ],
            "tpr": [
                0.0,
                0.0,
                0.3333333333333333,
                0.3333333333333333,
                0.5333333333333333,
                0.5333333333333333,
                0.6666666666666666,
                0.6666666666666666,
                0.7333333333333333,
                0.7333333333333333,
                0.8,
                0.8,
                0.9333333333333333,
                0.9333333333333333,
                1.0,
                1.0
            ],
            "auc": 0.9760299625468165
        },
        "AKIEC": {
            "fpr": [
                0.0,
                0.0,
                0.032432432432432434,
                0.032432432432432434,
                0.043243243243243246,
                0.043243243243243246,
                0.0972972972972973,
                0.0972972972972973,
                0.2,
                0.2,
                0.4,
                0.4,
                1.0
            ],
            "tpr": [
                0.0,
                0.125,
                0.125,
                0.375,
                0.375,
                0.625,
                0.625,
                0.75,
                0.75,
                0.875,
                0.875,
                1.0,
                1.0
            ],
            "auc": 0.893918918918919
        },
        "BKL": {
            "fpr": [
                0.0,
                0.0,
                0.005847953216374269,
                0.005847953216374269,
                0.017543859649122806,
                0.017543859649122806,
                0.04093567251461988,
                0.04093567251461988,
                0.04678362573099415,
                0.04678362573099415,
                0.05263157894736842,
                0.05263157894736842,
                0.05847953216374269,
                0.05847953216374269,
                0.07017543859649122,
                0.07017543859649122,
                0.0935672514619883,
                0.0935672514619883,
                0.09941520467836257,
                0.09941520467836257,
                0.1111111111111111,
                0.1111111111111111,
                0.16374269005847952,
                0.16374269005847952,
                0.17543859649122806,
                0.17543859649122806,
                0.21052631578947367,
                0.21052631578947367,
                0.2573099415204678,
                0.2573099415204678,
                1.0
            ],