{
    "epoch": 45,
    "num_classes": 7,
    "class_names": [
        "MEL",
        "NV",
        "BCC",
        "AKIEC",
        "BKL",
        "DF",
        "VASC"
    ],
    "per_class": {
        "MEL": {
            "fpr": [
                0.0,
                0.0,
                0.0,
                0.005813953488372093,
                0.005813953488372093,
                0.011627906976744186,
                0.011627906976744186,
                0.01744186046511628,
                0.01744186046511628,
                0.03488372093023256,
                0.03488372093023256,
                0.046511627906976744,
                0.046511627906976744,
                0.06976744186046512,
                0.06976744186046512,
                0.0755813953488372,
                0.0755813953488372,
                0.20348837209302326,
                0.20348837209302326,
                0.20930232558139536,
                0.20930232558139536,
                0.23837209302325582,
                0.23837209302325582,
                0.25,
                0.25,
                1.0
            ],
            "tpr": [
                0.0,
                0.047619047619047616,
                0.23809523809523808,
                0.23809523809523808,
                0.42857142857142855,
                0.42857142857142855,
                0.47619047619047616,
                0.47619047619047616,
                0.6190476190476191,
                0.6190476190476191,
                0.6666666666666666,
                0.6666666666666666,
                0.7142857142857143,
                0.7142857142857143,
                0.7619047619047619,
                0.7619047619047619,
                0.8095238095238095,
                0.8095238095238095,
                0.8571428571428571,
                0.8571428571428571,
                0.9047619047619048,
                0.9047619047619048,
                0.9523809523809523,
                0.9523809523809523,
                1.0,
                1.0
            ],
            "auc": 0.9421373200442968
        },
        "NV": {
            "fpr": [
                0.0,
                0.0,
                0.0,
                0.02857142857142857,
                0.02857142857142857,
                0.07142857142857142,
                0.07142857142857142,
                0.1,
                0.1,
                0.11428571428571428,
                0.11428571428571428,
                0.15714285714285714,
                0.15714285714285714,
                0.17142857142857143,
                0.17142857142857143,
                0.2,
                0.2,
                0.21428571428571427,
                0.21428571428571427,
                0.3,
                0.3,
                0.3142857142857143,
                0.3142857142857143,
                0.5142857142857142,
                0.5142857142857142,
                0.5714285714285714,
                0.5714285714285714,
                0.6571428571428571,
                0.6571428571428571,
                1.0
            ],
            "tpr": [
                0.0,
                0.008130081300813009,
                0.7967479674796748,
                0.7967479674796748,
                0.8373983739837398,
                0.8373983739837398,
                0.8536585365853658,
                0.8536585365853658,
                0.8780487804878049,
                0.8780487804878049,
                0.8943089430894309,
                0.8943089430894309,
                0.9024390243902439,
                0.9024390243902439,
                0.9186991869918699,
                0.9186991869918699,
                0.943089430894309,
                0.943089430894309,
                0.9512195121951219,
                0.9512195121951219,
                0.959349593495935,
                0.959349593495935,
                0.967479674796748,
                0.967479674796748,
                0.983739837398374,
                0.983739837398374,
                0.991869918699187,
                0.991869918699187,
                1.0,
                1.0
            ],
            "auc": 0.959349593495935
        },
        "BCC": {
            "fpr": [
                0.0,
                0.0056179775280898875,
                0.0056179775280898875,
                0.028089887640449437,
                0.028089887640449437,
                0.03932584269662921,
                0.03932584269662921,
                0.0449438202247191,
                0.0449438202247191,
                0.06741573033707865,
                0.06741573033707865,
                1.0
            ],
            "tpr": [
                0.0,
                0.0,
                0.6666666666666666,
                0.6666666666666666,
                0.7333333333333333,
                0.7333333333333333,
                0.8,
                0.8,
                0.9333333333333333,
                0.9333333333333333,
                1.0,
                1.0
            ],
            "auc": 0.9812734082397004
        },
        "AKIEC": {
            "fpr": [
                0.0,
                0.0,
                0.02702702702702703,
                0.02702702702702703,
                0.032432432432432434,
                0.032432432432432434,
                0.05945945945945946,
                0.05945945945945946,
                0.14054054054054055,
                0.14054054054054055,
                0.16216216216216217,
                0.16216216216216217,
                0.42702702702702705,
                0.42702702702702705,
                1.0
            ],
            "tpr": [
                0.0,
                0.125,
                0.125,
                0.25,
                0.25,
                0.5,
                0.5,
                0.625,
                0.625,
                0.75,
                0.75,
                0.875,
                0.875,
                1.0,
                1.0
            ],
            "auc": 0.8898648648648648
        },
        "BKL": {
            "fpr": [
                0.0,
                0.0,
                0.0,
                0.03508771929824561,
                0.03508771929824561,
                0.05263157894736842,
                0.05263157894736842,
                0.05847953216374269,
                0.05847953216374269,
                0.06432748538011696,
                0.06432748538011696,
                0.07017543859649122,
                0.07017543859649122,
                0.07602339181286549,
                0.07602339181286549,
                0.08771929824561403,
                0.08771929824561403,
                0.09941520467836257,
                0.09941520467836257,
                0.13450292397660818,
                0.13450292397660818,
                0.14035087719298245,
                0.14035087719298245,
                0.19883040935672514,
                0.19883040935672514,
                0.2807017543859649,
                0.2807017543859649,
                1.0
            ],