{
    "epoch": 60,
    "num_classes": 7,
    "class_names": [
        "MEL",
        "NV",
        "BCC",
        "AKIEC",
        "BKL",
        "DF",
        "VASC"
    ],
    "per_class": {
        "MEL": {
            "fpr": [
                0.0,
                0.0,
                0.0,
                0.005813953488372093,
                0.005813953488372093,
                0.011627906976744186,
                0.011627906976744186,
                0.023255813953488372,
                0.023255813953488372,
                0.029069767441860465,
                0.029069767441860465,
                0.13953488372093023,
                0.13953488372093023,
                0.1511627906976744,
                0.1511627906976744,
                0.19186046511627908,
                0.19186046511627908,
                0.22093023255813954,
                0.22093023255813954,
                1.0
            ],
            "tpr": [
                0.0,
                0.047619047619047616,
                0.23809523809523808,
                0.23809523809523808,
                0.47619047619047616,
                0.47619047619047616,
                0.6190476190476191,
                0.6190476190476191,
                0.6666666666666666,
                0.6666666666666666,
                0.7619047619047619,
                0.7619047619047619,
                0.8095238095238095,
                0.8095238095238095,
                0.8571428571428571,
                0.8571428571428571,
                0.9523809523809523,
                0.9523809523809523,
                1.0,
                1.0
            ],
            "auc": 0.9504429678848284
        },
        "NV": {
            "fpr": [
                0.0,
                0.0,
                0.0,
                0.014285714285714285,
                0.014285714285714285,
                0.02857142857142857,
                0.02857142857142857,
                0.04285714285714286,
                0.04285714285714286,
                0.05714285714285714,
                0.05714285714285714,
                0.07142857142857142,
                0.07142857142857142,
                0.1,
                0.1,
                0.12857142857142856,
                0.12857142857142856,
                0.14285714285714285,
                0.14285714285714285,
                0.15714285714285714,
                0.15714285714285714,
                0.2857142857142857,
                0.2857142857142857,
                0.4142857142857143,
                0.4142857142857143,
                0.5714285714285714,
                0.5714285714285714,
                0.6714285714285714,
                0.6714285714285714,
                0.6857142857142857,
                0.6857142857142857,
                1.0
            ],
            "tpr": [
                0.0,
                0.008130081300813009,
                0.8292682926829268,
                0.8292682926829268,
                0.8536585365853658,
                0.8536585365853658,
                0.8617886178861789,
                0.8617886178861789,
                0.8780487804878049,
                0.8780487804878049,
                0.8861788617886179,
                0.8861788617886179,
                0.8943089430894309,
                0.8943089430894309,
                0.9024390243902439,
                0.9024390243902439,
                0.9105691056910569,
                0.9105691056910569,
                0.9349593495934959,
                0.9349593495934959,
                0.9512195121951219,
                0.9512195121951219,
                0.959349593495935,
                0.959349593495935,
                0.967479674796748,
                0.967479674796748,
                0.983739837398374,
                0.983739837398374,
                0.991869918699187,
                0.991869918699187,
                1.0,
                1.0
            ],
            "auc": 0.9637630662020905
        },
        "BCC": {
            "fpr": [
                0.0,
                0.0056179775280898875,
                0.0056179775280898875,
                0.011235955056179775,
                0.011235955056179775,
                0.02247191011235955,
                0.02247191011235955,
                0.0449438202247191,
                0.0449438202247191,
                0.056179775280898875,
                0.056179775280898875,
                0.06179775280898876,
                0.06179775280898876,
                1.0
            ],
            "tpr": [
                0.0,
                0.0,
                0.4,
                0.4,
                0.5333333333333333,
                0.5333333333333333,
                0.6666666666666666,
                0.6666666666666666,
                0.8666666666666667,
                0.8666666666666667,
                0.9333333333333333,
                0.9333333333333333,
                1.0,
                1.0
            ],
            "auc": 0.9764044943820225
        },
        "AKIEC": {
            "fpr": [
                0.0,
                0.0,
                0.021621621621621623,
                0.021621621621621623,
                0.032432432432432434,
                0.032432432432432434,
                0.04864864864864865,
                0.04864864864864865,
                0.1891891891891892,
                0.1891891891891892,
                0.22162162162162163,
                0.22162162162162163,
                0.40540540540540543,
                0.40540540540540543,
                1.0
            ],
            "tpr": [
                0.0,
                0.125,
                0.125,
                0.25,
                0.25,
                0.5,
                0.5,
                0.625,
                0.625,
                0.75,
                0.75,
                0.875,
                0.875,
                1.0,
                1.0
            ],
            "auc": 0.881081081081081
        },
        "BKL": {
            "fpr": [
                0.0,
                0.0,
                0.0,
                0.029239766081871343,
                0.029239766081871343,
                0.03508771929824561,
                0.03508771929824561,
                0.04678362573099415,
                0.04678362573099415,
                0.07017543859649122,
                0.07017543859649122,
                0.07602339181286549,
                0.07602339181286549,
                0.08187134502923976,
                0.08187134502923976,
                0.13450292397660818,
                0.13450292397660818,
                0.18128654970760233,
                0.18128654970760233,
                0.23391812865497075,
                0.23391812865497075,
                0.29239766081871343,
                0.29239766081871343,
                1.0
            ],
            "tpr": [
                0.0,
                0.045454545454545456,
                0.09090909090909091,
                0.09090909090909091,
                0.13636363636363635,
                0.13636363636363635,
                0.36363636363636365,
                0.36363636363636365,
                0.5,
                0.5,
                0.6818181818181818,
                0.6818181818181818,
                0.7727272727272727,
                0.7727272727272727,
                0.8181818181818182,
                0.8181818181818182,
                0.8636363636363636,
                0.8636363636363636,
                0.9090909090909091,
                0.9090909090909091,
                0.9545454545454546,
                0.9545454545454546,
                1.0,
                1.0
            ],
            "auc": 0.9226475279106858
        },
        "DF": {
            "fpr": [
                0.0,
                0.005208333333333333,
                0.078125,
                0.078125,
                1.0
            ],