{
    "epoch": 35,
    "num_classes": 7,
    "class_names": [
        "MEL",
        "NV",
        "BCC",
        "AKIEC",
        "BKL",
        "DF",
        "VASC"
    ],
    "per_class": {
        "MEL": {
            "fpr": [
                0.0,
                0.0,
                0.0,
                0.011627906976744186,
                0.011627906976744186,
                0.023255813953488372,
                0.023255813953488372,
                0.040697674418604654,
                0.040697674418604654,
                0.11627906976744186,
                0.11627906976744186,
                0.13953488372093023,
                0.13953488372093023,
                0.1569767441860465,
                0.1569767441860465,
                0.26744186046511625,
                0.26744186046511625,
                1.0
            ],
            "tpr": [
                0.0,
                0.047619047619047616,
                0.42857142857142855,
                0.42857142857142855,
                0.47619047619047616,
                0.47619047619047616,
                0.5238095238095238,
                0.5238095238095238,
                0.7619047619047619,
                0.7619047619047619,
                0.8095238095238095,
                0.8095238095238095,
                0.8571428571428571,
                0.8571428571428571,
                0.9047619047619048,
                0.9047619047619048,
                1.0,
                1.0
            ],
            "auc": 0.9435215946843853
        },
        "NV": {
            "fpr": [
                0.0,
                0.0,
                0.0,
                0.014285714285714285,
                0.014285714285714285,
                0.02857142857142857,
                0.02857142857142857,
                0.04285714285714286,
                0.04285714285714286,
                0.05714285714285714,
                0.05714285714285714,
                0.08571428571428572,
                0.08571428571428572,
                0.1,
                0.1,
                0.12857142857142856,
                0.12857142857142856,
                0.15714285714285714,
                0.15714285714285714,
                0.17142857142857143,
                0.17142857142857143,
                0.21428571428571427,
                0.21428571428571427,
                0.22857142857142856,
                0.22857142857142856,
                0.2714285714285714,
                0.2714285714285714,
                0.42857142857142855,
                0.42857142857142855,
                0.5714285714285714,
                0.5714285714285714,
                0.5857142857142857,
                0.5857142857142857,
                0.6714285714285714,
                0.6714285714285714,
                1.0
            ],
            "tpr": [
                0.0,
                0.008130081300813009,
                0.7642276422764228,
                0.7642276422764228,
                0.7723577235772358,
                0.7723577235772358,
                0.7804878048780488,
                0.7804878048780488,
                0.8048780487804879,
                0.8048780487804879,
                0.8292682926829268,
                0.8292682926829268,
                0.8617886178861789,
                0.8617886178861789,
                0.8861788617886179,
                0.8861788617886179,
                0.8943089430894309,
                0.8943089430894309,
                0.9186991869918699,
                0.9186991869918699,
                0.926829268292683,
                0.926829268292683,
                0.9512195121951219,
                0.9512195121951219,
                0.959349593495935,
                0.959349593495935,
                0.967479674796748,
                0.967479674796748,
                0.975609756097561,
                0.975609756097561,
                0.983739837398374,
                0.983739837398374,
                0.991869918699187,
                0.991869918699187,
                1.0,
                1.0
            ],
            "auc": 0.9580720092915215
        },
        "BCC": {
            "fpr": [
                0.0,
                0.0056179775280898875,
                0.0056179775280898875,
                0.016853932584269662,
                0.016853932584269662,
                0.028089887640449437,
                0.028089887640449437,
                0.07303370786516854,
                0.07303370786516854,
                1.0
            ],
            "tpr": [
                0.0,
                0.0,
                0.7333333333333333,
                0.7333333333333333,
                0.8,
                0.8,
                0.9333333333333333,
                0.9333333333333333,
                1.0,
                1.0
            ],
            "auc": 0.9861423220973783
        },
        "AKIEC": {
            "fpr": [
                0.0,
                0.0,
                0.016216216216216217,
                0.016216216216216217,
                0.03783783783783784,
                0.03783783783783784,
                0.04864864864864865,
                0.04864864864864865,
                0.16756756756756758,
                0.16756756756756758,
                0.1783783783783784,
                0.1783783783783784,
                0.42702702702702705,
                0.42702702702702705,
                1.0
            ],
            "tpr": [
                0.0,
                0.125,
                0.125,
                0.25,
                0.25,
                0.5,
                0.5,
                0.625,
                0.625,
                0.75,
                0.75,
                0.875,
                0.875,
                1.0,
                1.0
            ],
            "auc": 0.8858108108108107
        },
        "BKL": {
            "fpr": [
                0.0,
                0.0,
                0.005847953216374269,
                0.005847953216374269,
                0.029239766081871343,
                0.029239766081871343,
                0.04093567251461988,
                0.04093567251461988,
                0.04678362573099415,
                0.04678362573099415,
                0.06432748538011696,
                0.06432748538011696,
                0.0935672514619883,
                0.0935672514619883,
                0.09941520467836257,
                0.09941520467836257,
                0.10526315789473684,
                0.10526315789473684,
                0.15789473684210525,
                0.15789473684210525,
                0.21052631578947367,
                0.21052631578947367,
                0.22807017543859648,
                0.22807017543859648,
                0.2573099415204678,
                0.2573099415204678,
                0.29239766081871343,
                0.29239766081871343,
                1.0
            ],
            "tpr": [
                0.0,
                0.045454545454545456,
                0.045454545454545456,
                0.09090909090909091,
                0.09090909090909091,
                0.13636363636363635,
                0.13636363636363635,
                0.3181818181818182,
                0.3181818181818182,
                0.36363636363636365,
                0.36363636363636365,
                0.4090909090909091,
                0.4090909090909091,
                0.6363636363636364,
                0.6363636363636364,
                0.6818181818181818,
                0.6818181818181818,
                0.7272727272727273,
                0.7272727272727273,
                0.8181818181818182,
                0.8181818181818182,
                0.8636363636363636,
                0.8636363636363636,
                0.9090909090909091,
                0.9090909090909091,
                0.9545454545454546,
                0.9545454545454546,
                1.0,
                1.0
            ],