{
    "overall": {
        "accuracy": 66.7989417989418,
        "balanced_multiclass_accuracy": 0.3822989993014642,
        "macro_recall": 0.3822989993014642,
        "macro_precision": 0.4292389870403087,
        "macro_f1": 0.39619415816909836,
        "multiclass_macro_auc_ovr": 0.875088774689665,
        "mean_auc_all_diagnoses": 0.875088774689665,
        "mean_average_precision_all_diagnoses": 0.43609123006567024,
        "mean_sensitivity": 0.3822989993014642,
        "mean_specificity": 0.9195007616614952,
        "mean_accuracy": 0.9051398337112622,
        "mean_f1": 0.39619415816909836,
        "mean_ppv": 0.4292389870403087,
        "mean_npv": 0.9295017142115967,
        "melanoma_auc80": 0.6463841682256848,
        "malignant_vs_benign_auc": 0.8283968805330666,
        "mcc": 0.41229794887128607,
        "cohen_kappa": 0.4087810759844185,
        "mean_youden_index": 0.3017997609629594
    },
    "per_class": {
        "MEL": {
            "sensitivity": 0.3333333333333333,
            "specificity": 0.9284116331096197,
            "accuracy": 0.8611111111111112,
            "auc": 0.8191015694842375,
            "average_precision": 0.3671718348145741,
            "f1_score": 0.3518518518518519,
            "ppv": 0.37254901960784315,
            "npv": 0.9161147902869757,
            "auc80": 0.6463841682256848,
            "youden_index": 0.261744966442953
        },
        "NV": {
            "sensitivity": 0.8888888888888888,
            "specificity": 0.6517412935323383,
            "accuracy": 0.7943121693121693,
            "auc": 0.88023304818044,
            "average_precision": 0.9198959116785788,
            "f1_score": 0.8386092371562013,
            "ppv": 0.793713163064833,
            "npv": 0.7955465587044535,
            "auc80": NaN,
            "youden_index": 0.5406301824212272
        },
        "BCC": {
            "sensitivity": 0.3225806451612903,
            "specificity": 0.9725158562367865,
            "accuracy": 0.9325396825396826,
            "auc": 0.9150545212060591,
            "average_precision": 0.38999646755767414,
            "f1_score": 0.37037037037037035,
            "ppv": 0.43478260869565216,
            "npv": 0.9563409563409564,
            "auc80": NaN,
            "youden_index": 0.29509650139807686
        },
        "AKIEC": {
            "sensitivity": 0.27906976744186046,
            "specificity": 0.9748127978216474,
            "accuracy": 0.955026455026455,
            "auc": 0.899931926480599,
            "average_precision": 0.28222512102690495,
            "f1_score": 0.2608695652173913,
            "ppv": 0.24489795918367346,
            "npv": 0.9788106630211894,
            "auc80": NaN,
            "youden_index": 0.25388256526350794
        },
        "BKL": {
            "sensitivity": 0.4009216589861751,
            "specificity": 0.9212355212355212,
            "accuracy": 0.8465608465608465,
            "auc": 0.8127751187659022,
            "average_precision": 0.46110714162672994,
            "f1_score": 0.42857142857142855,
            "ppv": 0.4603174603174603,
            "npv": 0.9017384731670446,
            "auc80": NaN,
            "youden_index": 0.32215718022169626
        },
        "DF": {
            "sensitivity": 0.022727272727272728,
            "specificity": 0.9959128065395095,
            "accuracy": 0.9675925925925926,
            "auc": 0.858047436215011,
            "average_precision": 0.1380791811258042,
            "f1_score": 0.0392156862745098,
            "ppv": 0.14285714285714285,
            "npv": 0.9714285714285714,
            "auc80": NaN,
            "youden_index": 0.01864007926678224
        },
        "VASC": {
            "sensitivity": 0.42857142857142855,
            "specificity": 0.991875423155044,
            "accuracy": 0.9788359788359788,
            "auc": 0.9404778024954057,
            "average_precision": 0.4941629526294255,
            "f1_score": 0.48387096774193544,
            "ppv": 0.5555555555555556,
            "npv": 0.9865319865319865,
            "auc80": NaN,
            "youden_index": 0.42044685172647256
        }
    },
    "malignant_definition_used": [
        "MEL",
        "BCC",
        "AKIEC"
    ],
    "test_loss": 1.3443309100216658
}