{
    "epoch": 20,
    "num_classes": 7,
    "class_names": [
        "MEL",
        "NV",
        "BCC",
        "AKIEC",
        "BKL",
        "DF",
        "VASC"
    ],
    "per_class": {
        "MEL": {
            "fpr": [
                0.0,
                0.0,
                0.0,
                0.005813953488372093,
                0.005813953488372093,
                0.011627906976744186,
                0.011627906976744186,
                0.01744186046511628,
                0.01744186046511628,
                0.023255813953488372,
                0.023255813953488372,
                0.046511627906976744,
                0.046511627906976744,
                0.05813953488372093,
                0.05813953488372093,
                0.08139534883720931,
                0.08139534883720931,
                0.13953488372093023,
                0.13953488372093023,
                0.9069767441860465,
                0.9069767441860465,
                0.9127906976744186,
                0.9127906976744186,
                1.0
            ],
            "tpr": [
                0.0,
                0.047619047619047616,
                0.23809523809523808,
                0.23809523809523808,
                0.2857142857142857,
                0.2857142857142857,
                0.5714285714285714,
                0.5714285714285714,
                0.6190476190476191,
                0.6190476190476191,
                0.7142857142857143,
                0.7142857142857143,
                0.7619047619047619,
                0.7619047619047619,
                0.8095238095238095,
                0.8095238095238095,
                0.8571428571428571,
                0.8571428571428571,
                0.9047619047619048,
                0.9047619047619048,
                0.9523809523809523,
                0.9523809523809523,
                1.0,
                1.0
            ],
            "auc": 0.8911960132890364
        },
        "NV": {
            "fpr": [
                0.0,
                0.0,
                0.0,
                0.014285714285714285,
                0.014285714285714285,
                0.02857142857142857,
                0.02857142857142857,
                0.04285714285714286,
                0.04285714285714286,
                0.05714285714285714,
                0.05714285714285714,
                0.1,
                0.1,
                0.11428571428571428,
                0.11428571428571428,
                0.14285714285714285,
                0.14285714285714285,
                0.18571428571428572,
                0.18571428571428572,
                0.3,
                0.3,
                0.34285714285714286,
                0.34285714285714286,
                0.45714285714285713,
                0.45714285714285713,
                0.5,
                0.5,
                0.5571428571428572,
                0.5571428571428572,
                1.0
            ],
            "tpr": [
                0.0,
                0.008130081300813009,
                0.13821138211382114,
                0.13821138211382114,
                0.8536585365853658,
                0.8536585365853658,
                0.8943089430894309,
                0.8943089430894309,
                0.9024390243902439,
                0.9024390243902439,
                0.9186991869918699,
                0.9186991869918699,
                0.926829268292683,
                0.926829268292683,
                0.9349593495934959,
                0.9349593495934959,
                0.9512195121951219,
                0.9512195121951219,
                0.959349593495935,
                0.959349593495935,
                0.967479674796748,
                0.967479674796748,
                0.975609756097561,
                0.975609756097561,
                0.983739837398374,
                0.983739837398374,
                0.991869918699187,
                0.991869918699187,
                1.0,
                1.0
            ],
            "auc": 0.9642276422764228
        },
        "BCC": {
            "fpr": [
                0.0,
                0.0056179775280898875,
                0.0056179775280898875,
                0.011235955056179775,
                0.011235955056179775,
                0.016853932584269662,
                0.016853932584269662,
                0.02247191011235955,
                0.02247191011235955,
                0.028089887640449437,
                0.028089887640449437,
                0.10112359550561797,
                0.10112359550561797,
                0.7471910112359551,
                0.7471910112359551,
                1.0
            ],
            "tpr": [
                0.0,
                0.0,
                0.06666666666666667,
                0.06666666666666667,
                0.4,
                0.4,
                0.4666666666666667,
                0.4666666666666667,
                0.7333333333333333,
                0.7333333333333333,
                0.8666666666666667,
                0.8666666666666667,
                0.9333333333333333,
                0.9333333333333333,
                1.0,
                1.0
            ],
            "auc": 0.9284644194756554
        },
        "AKIEC": {
            "fpr": [
                0.0,
                0.0,
                0.0,
                0.010810810810810811,
                0.010810810810810811,
                0.04864864864864865,
                0.04864864864864865,
                0.08108108108108109,
                0.08108108108108109,
                1.0
            ],
            "tpr": [
                0.0,
                0.125,
                0.625,
                0.625,
                0.75,
                0.75,
                0.875,
                0.875,
                1.0,
                1.0
            ],
            "auc": 0.9824324324324324
        },
        "BKL": {
            "fpr": [
                0.0,
                0.0,
                0.011695906432748537,
                0.011695906432748537,
                0.017543859649122806,
                0.017543859649122806,
                0.023391812865497075,
                0.023391812865497075,
                0.029239766081871343,
                0.029239766081871343,
                0.03508771929824561,
                0.03508771929824561,
                0.04093567251461988,
                0.04093567251461988,
                0.04678362573099415,
                0.04678362573099415,
                0.07017543859649122,
                0.07017543859649122,
                0.7777777777777778,
                0.7777777777777778,
                0.8128654970760234,
                0.8128654970760234,
                0.8421052631578947,
                0.8421052631578947,
                1.0
            ],
            "tpr": [
                0.0,
                0.045454545454545456,
                0.045454545454545456,
                0.18181818181818182,
                0.18181818181818182,
                0.36363636363636365,
                0.36363636363636365,
                0.4090909090909091,
                0.4090909090909091,
                0.6363636363636364,
                0.6363636363636364,
                0.7272727272727273,
                0.7272727272727273,
                0.7727272727272727,
                0.7727272727272727,
                0.8181818181818182,
                0.8181818181818182,
                0.8636363636363636,
                0.8636363636363636,
                0.9090909090909091,
                0.9090909090909091,
                0.9545454545454546,
                0.9545454545454546,
                1.0,
                1.0
            ],
            "auc": 0.8665603402445508
        },
        "DF": {
            "fpr": [
                0.0,
                0.0,
                1.0
            ],