{
    "epoch": 50,
    "num_classes": 7,
    "class_names": [
        "MEL",
        "NV",
        "BCC",
        "AKIEC",
        "BKL",
        "DF",
        "VASC"
    ],
    "per_class": {
        "MEL": {
            "fpr": [
                0.0,
                0.0,
                0.0,
                0.005813953488372093,
                0.005813953488372093,
                0.01744186046511628,
                0.01744186046511628,
                0.029069767441860465,
                0.029069767441860465,
                0.03488372093023256,
                0.03488372093023256,
                0.6627906976744186,
                0.6627906976744186,
                0.7906976744186046,
                0.7906976744186046,
                1.0
            ],
            "tpr": [
                0.0,
                0.047619047619047616,
                0.14285714285714285,
                0.14285714285714285,
                0.47619047619047616,
                0.47619047619047616,
                0.7619047619047619,
                0.7619047619047619,
                0.8571428571428571,
                0.8571428571428571,
                0.9047619047619048,
                0.9047619047619048,
                0.9523809523809523,
                0.9523809523809523,
                1.0,
                1.0
            ],
            "auc": 0.9194352159468439
        },
        "NV": {
            "fpr": [
                0.0,
                0.0,
                0.0,
                0.014285714285714285,
                0.014285714285714285,
                0.04285714285714286,
                0.04285714285714286,
                0.08571428571428572,
                0.08571428571428572,
                0.1,
                0.1,
                0.11428571428571428,
                0.11428571428571428,
                0.24285714285714285,
                0.24285714285714285,
                0.34285714285714286,
                0.34285714285714286,
                0.37142857142857144,
                0.37142857142857144,
                0.38571428571428573,
                0.38571428571428573,
                0.5428571428571428,
                0.5428571428571428,
                0.6428571428571429,
                0.6428571428571429,
                1.0
            ],
            "tpr": [
                0.0,
                0.008130081300813009,
                0.7642276422764228,
                0.7642276422764228,
                0.9024390243902439,
                0.9024390243902439,
                0.926829268292683,
                0.926829268292683,
                0.9349593495934959,
                0.9349593495934959,
                0.943089430894309,
                0.943089430894309,
                0.9512195121951219,
                0.9512195121951219,
                0.959349593495935,
                0.959349593495935,
                0.967479674796748,
                0.967479674796748,
                0.975609756097561,
                0.975609756097561,
                0.983739837398374,
                0.983739837398374,
                0.991869918699187,
                0.991869918699187,
                1.0,
                1.0
            ],
            "auc": 0.9739837398373983
        },
        "BCC": {
            "fpr": [
                0.0,
                0.0056179775280898875,
                0.0056179775280898875,
                0.011235955056179775,
                0.011235955056179775,
                0.016853932584269662,
                0.016853932584269662,
                0.02247191011235955,
                0.02247191011235955,
                0.028089887640449437,
                0.028089887640449437,
                0.03932584269662921,
                0.03932584269662921,
                1.0
            ],
            "tpr": [
                0.0,
                0.0,
                0.26666666666666666,
                0.26666666666666666,
                0.4666666666666667,
                0.4666666666666667,
                0.7333333333333333,
                0.7333333333333333,
                0.8,
                0.8,
                0.9333333333333333,
                0.9333333333333333,
                1.0,
                1.0
            ],
            "auc": 0.9838951310861423
        },
        "AKIEC": {
            "fpr": [
                0.0,
                0.0,
                0.0,
                0.043243243243243246,
                0.043243243243243246,
                0.6108108108108108,
                0.6108108108108108,
                0.6378378378378379,
                0.6378378378378379,
                1.0
            ],
            "tpr": [
                0.0,
                0.125,
                0.625,
                0.625,
                0.75,
                0.75,
                0.875,
                0.875,
                1.0,
                1.0
            ],
            "auc": 0.8385135135135136
        },
        "BKL": {
            "fpr": [
                0.0,
                0.0,
                0.0,
                0.005847953216374269,
                0.005847953216374269,
                0.017543859649122806,
                0.017543859649122806,
                0.023391812865497075,
                0.023391812865497075,
                0.029239766081871343,
                0.029239766081871343,
                0.11695906432748537,
                0.11695906432748537,
                0.6608187134502924,
                0.6608187134502924,
                0.8304093567251462,
                0.8304093567251462,
                0.9064327485380117,
                0.9064327485380117,
                1.0
            ],
            "tpr": [
                0.0,
                0.045454545454545456,
                0.22727272727272727,
                0.22727272727272727,
                0.5454545454545454,
                0.5454545454545454,
                0.5909090909090909,
                0.5909090909090909,
                0.6818181818181818,
                0.6818181818181818,
                0.8181818181818182,
                0.8181818181818182,
                0.8636363636363636,
                0.8636363636363636,
                0.9090909090909091,
                0.9090909090909091,
                0.9545454545454546,
                0.9545454545454546,
                1.0,
                1.0
            ],
            "auc": 0.8769271664008507
        },
        "DF": {
            "fpr": [
                0.0,
                0.0,
                1.0
            ],
            "tpr": [
                0.0,
                1.0,
                1.0
            ],
            "auc": 1.0
        },
        "VASC": {
            "fpr": [
                0.0,
                0.0,
                0.0,
                1.0
            ],
            "tpr": [
                0.0,
                0.3333333333333333,
                1.0,
                1.0
            ],
            "auc": 1.0
        }
    },
    "macro_average_auc": 0.9442594050466927
}