{
    "epoch": 20,
    "num_classes": 7,
    "class_names": [
        "MEL",
        "NV",
        "BCC",
        "AKIEC",
        "BKL",
        "DF",
        "VASC"
    ],
    "per_class": {
        "MEL": {
            "fpr": [
                0.0,
                0.0,
                0.005813953488372093,
                0.005813953488372093,
                0.01744186046511628,
                0.01744186046511628,
                0.03488372093023256,
                0.03488372093023256,
                0.05232558139534884,
                0.05232558139534884,
                0.0755813953488372,
                0.0755813953488372,
                0.0872093023255814,
                0.0872093023255814,
                0.10465116279069768,
                0.10465116279069768,
                0.13372093023255813,
                0.13372093023255813,
                0.13953488372093023,
                0.13953488372093023,
                0.14534883720930233,
                0.14534883720930233,
                0.20348837209302326,
                0.20348837209302326,
                0.27906976744186046,
                0.27906976744186046,
                0.4186046511627907,
                0.4186046511627907,
                0.5,
                0.5,
                0.5465116279069767,
                0.5465116279069767,
                1.0
            ],
            "tpr": [
                0.0,
                0.047619047619047616,
                0.047619047619047616,
                0.19047619047619047,
                0.19047619047619047,
                0.23809523809523808,
                0.23809523809523808,
                0.2857142857142857,
                0.2857142857142857,
                0.3333333333333333,
                0.3333333333333333,
                0.42857142857142855,
                0.42857142857142855,
                0.47619047619047616,
                0.47619047619047616,
                0.5238095238095238,
                0.5238095238095238,
                0.6190476190476191,
                0.6190476190476191,
                0.7142857142857143,
                0.7142857142857143,
                0.7619047619047619,
                0.7619047619047619,
                0.8095238095238095,
                0.8095238095238095,
                0.8571428571428571,
                0.8571428571428571,
                0.9047619047619048,
                0.9047619047619048,
                0.9523809523809523,
                0.9523809523809523,
                1.0,
                1.0
            ],
            "auc": 0.8521594684385382
        },
        "NV": {
            "fpr": [
                0.0,
                0.0,
                0.0,
                0.014285714285714285,
                0.014285714285714285,
                0.02857142857142857,
                0.02857142857142857,
                0.04285714285714286,
                0.04285714285714286,
                0.05714285714285714,
                0.05714285714285714,
                0.07142857142857142,
                0.07142857142857142,
                0.11428571428571428,
                0.11428571428571428,
                0.14285714285714285,
                0.14285714285714285,
                0.15714285714285714,
                0.15714285714285714,
                0.18571428571428572,
                0.18571428571428572,
                0.21428571428571427,
                0.21428571428571427,
                0.22857142857142856,
                0.22857142857142856,
                0.24285714285714285,
                0.24285714285714285,
                0.2571428571428571,
                0.2571428571428571,
                0.2857142857142857,
                0.2857142857142857,
                0.3,
                0.3,
                0.3142857142857143,
                0.3142857142857143,
                0.34285714285714286,
                0.34285714285714286,
                0.37142857142857144,
                0.37142857142857144,
                0.38571428571428573,
                0.38571428571428573,
                0.42857142857142855,
                0.42857142857142855,
                0.45714285714285713,
                0.45714285714285713,
                0.5142857142857142,
                0.5142857142857142,
                0.5428571428571428,
                0.5428571428571428,
                0.5571428571428572,
                0.5571428571428572,
                0.6142857142857143,
                0.6142857142857143,
                0.9428571428571428,
                0.9428571428571428,
                1.0
            ],
            "tpr": [
                0.0,
                0.008130081300813009,
                0.5934959349593496,
                0.5934959349593496,
                0.6585365853658537,
                0.6585365853658537,
                0.7073170731707317,
                0.7073170731707317,
                0.7235772357723578,
                0.7235772357723578,
                0.7398373983739838,
                0.7398373983739838,
                0.7479674796747967,
                0.7479674796747967,
                0.7560975609756098,
                0.7560975609756098,
                0.7642276422764228,
                0.7642276422764228,
                0.7967479674796748,
                0.7967479674796748,
                0.8048780487804879,
                0.8048780487804879,
                0.8130081300813008,
                0.8130081300813008,
                0.8211382113821138,
                0.8211382113821138,
                0.8373983739837398,
                0.8373983739837398,
                0.8536585365853658,
                0.8536585365853658,
                0.8699186991869918,
                0.8699186991869918,
                0.8780487804878049,
                0.8780487804878049,
                0.9186991869918699,
                0.9186991869918699,
                0.926829268292683,
                0.926829268292683,
                0.9349593495934959,
                0.9349593495934959,
                0.943089430894309,
                0.943089430894309,
                0.9512195121951219,
                0.9512195121951219,
                0.959349593495935,
                0.959349593495935,
                0.967479674796748,
                0.967479674796748,
                0.975609756097561,
                0.975609756097561,
                0.983739837398374,
                0.983739837398374,
                0.991869918699187,
                0.991869918699187,
                1.0,
                1.0
            ],
            "auc": 0.913240418118467
        },
        "BCC": {
            "fpr": [
                0.0,
                0.0,
                0.0,
                0.0056179775280898875,
                0.0056179775280898875,
                0.02247191011235955,
                0.02247191011235955,
                0.03932584269662921,
                0.03932584269662921,
                0.05056179775280899,
                0.05056179775280899,
                0.08426966292134831,
                0.08426966292134831,
                0.12359550561797752,
                0.12359550561797752,
                0.3539325842696629,
                0.3539325842696629,
                0.5898876404494382,
                0.5898876404494382,
                1.0
            ],