{
    "epoch": 75,
    "num_classes": 7,
    "class_names": [
        "MEL",
        "NV",
        "BCC",
        "AKIEC",
        "BKL",
        "DF",
        "VASC"
    ],
    "per_class": {
        "MEL": {
            "fpr": [
                0.0,
                0.0,
                0.0,
                0.005813953488372093,
                0.005813953488372093,
                0.011627906976744186,
                0.011627906976744186,
                0.029069767441860465,
                0.029069767441860465,
                0.03488372093023256,
                0.03488372093023256,
                0.0755813953488372,
                0.0755813953488372,
                0.08139534883720931,
                0.08139534883720931,
                0.11627906976744186,
                0.11627906976744186,
                0.13372093023255813,
                0.13372093023255813,
                0.13953488372093023,
                0.13953488372093023,
                0.18023255813953487,
                0.18023255813953487,
                0.32558139534883723,
                0.32558139534883723,
                1.0
            ],
            "tpr": [
                0.0,
                0.047619047619047616,
                0.2857142857142857,
                0.2857142857142857,
                0.42857142857142855,
                0.42857142857142855,
                0.47619047619047616,
                0.47619047619047616,
                0.5714285714285714,
                0.5714285714285714,
                0.6190476190476191,
                0.6190476190476191,
                0.6666666666666666,
                0.6666666666666666,
                0.7142857142857143,
                0.7142857142857143,
                0.7619047619047619,
                0.7619047619047619,
                0.8095238095238095,
                0.8095238095238095,
                0.8571428571428571,
                0.8571428571428571,
                0.9047619047619048,
                0.9047619047619048,
                1.0,
                1.0
            ],
            "auc": 0.9285714285714286
        },
        "NV": {
            "fpr": [
                0.0,
                0.0,
                0.0,
                0.014285714285714285,
                0.014285714285714285,
                0.02857142857142857,
                0.02857142857142857,
                0.05714285714285714,
                0.05714285714285714,
                0.1,
                0.1,
                0.14285714285714285,
                0.14285714285714285,
                0.15714285714285714,
                0.15714285714285714,
                0.17142857142857143,
                0.17142857142857143,
                0.18571428571428572,
                0.18571428571428572,
                0.21428571428571427,
                0.21428571428571427,
                0.24285714285714285,
                0.24285714285714285,
                0.2714285714285714,
                0.2714285714285714,
                0.2857142857142857,
                0.2857142857142857,
                0.32857142857142857,
                0.32857142857142857,
                0.37142857142857144,
                0.37142857142857144,
                0.42857142857142855,
                0.42857142857142855,
                0.44285714285714284,
                0.44285714285714284,
                0.5142857142857142,
                0.5142857142857142,
                0.5714285714285714,
                0.5714285714285714,
                0.6428571428571429,
                0.6428571428571429,
                0.7428571428571429,
                0.7428571428571429,
                0.8857142857142857,
                0.8857142857142857,
                1.0
            ],
            "tpr": [
                0.0,
                0.008130081300813009,
                0.7398373983739838,
                0.7398373983739838,
                0.7560975609756098,
                0.7560975609756098,
                0.7642276422764228,
                0.7642276422764228,
                0.7886178861788617,
                0.7886178861788617,
                0.8211382113821138,
                0.8211382113821138,
                0.8292682926829268,
                0.8292682926829268,
                0.8455284552845529,
                0.8455284552845529,
                0.8536585365853658,
                0.8536585365853658,
                0.8699186991869918,
                0.8699186991869918,
                0.8780487804878049,
                0.8780487804878049,
                0.8861788617886179,
                0.8861788617886179,
                0.9024390243902439,
                0.9024390243902439,
                0.9186991869918699,
                0.9186991869918699,
                0.926829268292683,
                0.926829268292683,
                0.9349593495934959,
                0.9349593495934959,
                0.943089430894309,
                0.943089430894309,
                0.9512195121951219,
                0.9512195121951219,
                0.959349593495935,
                0.959349593495935,
                0.967479674796748,
                0.967479674796748,
                0.975609756097561,
                0.975609756097561,
                0.991869918699187,
                0.991869918699187,
                1.0,
                1.0
            ],
            "auc": 0.9278745644599303
        },
        "BCC": {
            "fpr": [
                0.0,
                0.0,
                0.0,
                0.011235955056179775,
                0.011235955056179775,
                0.02247191011235955,
                0.02247191011235955,
                0.028089887640449437,
                0.028089887640449437,
                0.03932584269662921,
                0.03932584269662921,
                0.0449438202247191,
                0.0449438202247191,
                0.056179775280898875,
                0.056179775280898875,
                0.08426966292134831,
                0.08426966292134831,
                0.17415730337078653,
                0.17415730337078653,
                0.30337078651685395,
                0.30337078651685395,
                1.0
            ],
            "tpr": [
                0.0,
                0.06666666666666667,
                0.26666666666666666,
                0.26666666666666666,
                0.4,
                0.4,
                0.4666666666666667,
                0.4666666666666667,
                0.5333333333333333,
                0.5333333333333333,
                0.6,
                0.6,
                0.6666666666666666,
                0.6666666666666666,
                0.7333333333333333,
                0.7333333333333333,
                0.8,
                0.8,
                0.9333333333333333,
                0.9333333333333333,
                1.0,
                1.0
            ],
            "auc": 0.9367041198501872
        },
        "AKIEC": {
            "fpr": [
                0.0,
                0.0,
                0.010810810810810811,
                0.010810810810810811,
                0.02702702702702703,
                0.02702702702702703,
                0.03783783783783784,
                0.03783783783783784,
                0.22702702702702704,
                0.22702702702702704,
                0.2702702702702703,
                0.2702702702702703,
                0.32432432432432434,
                0.32432432432432434,
                1.0
            ],
            "tpr": [
                0.0,
                0.125,
                0.125,
                0.375,
                0.375,
                0.5,
                0.5,
                0.625,
                0.625,
                0.75,
                0.75,
                0.875,
                0.875,
                1.0,
                1.0
            ],
            "auc": 0.8864864864864865
        },