source_image,label,label_idx,seed_strategy,strength,guidance_scale,num_inference_steps,aug_idx,generator_seed,output_path,source_confidence,pred,pred_confidence,correct
ISIC_0025248,MEL,0,hard,0.45,5.0,100,0,858,experiments\260526-0101_res256_sd_lora_uncond_all_seed42\sampling_img2img\hard\MEL\ISIC_0025248_label-MEL_strategy-hard_strength-0.45_gs-5.0_aug-000.png,0.6327658295631409,MEL,0.6327658295631409,1
ISIC_0025248,MEL,0,hard,0.45,5.0,100,1,1858,experiments\260526-0101_res256_sd_lora_uncond_all_seed42\sampling_img2img\hard\MEL\ISIC_0025248_label-MEL_strategy-hard_strength-0.45_gs-5.0_aug-001.png,0.6327658295631409,MEL,0.6327658295631409,1
ISIC_0025248,MEL,0,hard,0.45,5.0,100,2,2858,experiments\260526-0101_res256_sd_lora_uncond_all_seed42\sampling_img2img\hard\MEL\ISIC_0025248_label-MEL_strategy-hard_strength-0.45_gs-5.0_aug-002.png,0.6327658295631409,MEL,0.6327658295631409,1
ISIC_0025248,MEL,0,hard,0.45,5.0,100,3,3858,experiments\260526-0101_res256_sd_lora_uncond_all_seed42\sampling_img2img\hard\MEL\ISIC_0025248_label-MEL_strategy-hard_strength-0.45_gs-5.0_aug-003.png,0.6327658295631409,MEL,0.6327658295631409,1
ISIC_0025248,MEL,0,hard,0.45,5.0,100,4,4858,experiments\260526-0101_res256_sd_lora_uncond_all_seed42\sampling_img2img\hard\MEL\ISIC_0025248_label-MEL_strategy-hard_strength-0.45_gs-5.0_aug-004.png,0.6327658295631409,MEL,0.6327658295631409,1
ISIC_0032870,MEL,0,hard,0.45,5.0,100,0,919,experiments\260526-0101_res256_sd_lora_uncond_all_seed42\sampling_img2img\hard\MEL\ISIC_0032870_label-MEL_strategy-hard_strength-0.45_gs-5.0_aug-000.png,0.2557332217693329,BKL,0.7030090093612671,0
ISIC_0032870,MEL,0,hard,0.45,5.0,100,1,1919,experiments\260526-0101_res256_sd_lora_uncond_all_seed42\sampling_img2img\hard\MEL\ISIC_0032870_label-MEL_strategy-hard_strength-0.45_gs-5.0_aug-001.png,0.2557332217693329,BKL,0.7030090093612671,0
ISIC_0032870,MEL,0,hard,0.45,5.0,100,2,2919,experiments\260526-0101_res256_sd_lora_uncond_all_seed42\sampling_img2img\hard\MEL\ISIC_0032870_label-MEL_strategy-hard_strength-0.45_gs-5.0_aug-002.png,0.2557332217693329,BKL,0.7030090093612671,0
ISIC_0032870,MEL,0,hard,0.45,5.0,100,3,3919,experiments\260526-0101_res256_sd_lora_uncond_all_seed42\sampling_img2img\hard\MEL\ISIC_0032870_label-MEL_strategy-hard_strength-0.45_gs-5.0_aug-003.png,0.2557332217693329,BKL,0.7030090093612671,0
ISIC_0032870,MEL,0,hard,0.45,5.0,100,4,4919,experiments\260526-0101_res256_sd_lora_uncond_all_seed42\sampling_img2img\hard\MEL\ISIC_0032870_label-MEL_strategy-hard_strength-0.45_gs-5.0_aug-004.png,0.2557332217693329,BKL,0.7030090093612671,0
ISIC_0032869,MEL,0,hard,0.45,5.0,100,0,134,experiments\260526-0101_res256_sd_lora_uncond_all_seed42\sampling_img2img\hard\MEL\ISIC_0032869_label-MEL_strategy-hard_strength-0.45_gs-5.0_aug-000.png,0.6700913906097412,MEL,0.6700913906097412,1
ISIC_0032869,MEL,0,hard,0.45,5.0,100,1,1134,experiments\260526-0101_res256_sd_lora_uncond_all_seed42\sampling_img2img\hard\MEL\ISIC_0032869_label-MEL_strategy-hard_strength-0.45_gs-5.0_aug-001.png,0.6700913906097412,MEL,0.6700913906097412,1
ISIC_0032869,MEL,0,hard,0.45,5.0,100,2,2134,experiments\260526-0101_res256_sd_lora_uncond_all_seed42\sampling_img2img\hard\MEL\ISIC_0032869_label-MEL_strategy-hard_strength-0.45_gs-5.0_aug-002.png,0.6700913906097412,MEL,0.6700913906097412,1
ISIC_0032869,MEL,0,hard,0.45,5.0,100,3,3134,experiments\260526-0101_res256_sd_lora_uncond_all_seed42\sampling_img2img\hard\MEL\ISIC_0032869_label-MEL_strategy-hard_strength-0.45_gs-5.0_aug-003.png,0.6700913906097412,MEL,0.6700913906097412,1
ISIC_0032869,MEL,0,hard,0.45,5.0,100,4,4134,experiments\260526-0101_res256_sd_lora_uncond_all_seed42\sampling_img2img\hard\MEL\ISIC_0032869_label-MEL_strategy-hard_strength-0.45_gs-5.0_aug-004.png,0.6700913906097412,MEL,0.6700913906097412,1
ISIC_0032603,MEL,0,hard,0.45,5.0,100,0,1021,experiments\260526-0101_res256_sd_lora_uncond_all_seed42\sampling_img2img\hard\MEL\ISIC_0032603_label-MEL_strategy-hard_strength-0.45_gs-5.0_aug-000.png,0.036373965442180634,NV,0.917326033115387,0
ISIC_0032603,MEL,0,hard,0.45,5.0,100,1,2021,experiments\260526-0101_res256_sd_lora_uncond_all_seed42\sampling_img2img\hard\MEL\ISIC_0032603_label-MEL_strategy-hard_strength-0.45_gs-5.0_aug-001.png,0.036373965442180634,NV,0.917326033115387,0
ISIC_0032603,MEL,0,hard,0.45,5.0,100,2,3021,experiments\260526-0101_res256_sd_lora_uncond_all_seed42\sampling_img2img\hard\MEL\ISIC_0032603_label-MEL_strategy-hard_strength-0.45_gs-5.0_aug-002.png,0.036373965442180634,NV,0.917326033115387,0
ISIC_0032603,MEL,0,hard,0.45,5.0,100,3,4021,experiments\260526-0101_res256_sd_lora_uncond_all_seed42\sampling_img2img\hard\MEL\ISIC_0032603_label-MEL_strategy-hard_strength-0.45_gs-5.0_aug-003.png,0.036373965442180634,NV,0.917326033115387,0
ISIC_0032603,MEL,0,hard,0.45,5.0,100,4,5021,experiments\260526-0101_res256_sd_lora_uncond_all_seed42\sampling_img2img\hard\MEL\ISIC_0032603_label-MEL_strategy-hard_strength-0.45_gs-5.0_aug-004.png,0.036373965442180634,NV,0.917326033115387,0
ISIC_0027480,MEL,0,hard,0.45,5.0,100,0,924,experiments\260526-0101_res256_sd_lora_uncond_all_seed42\sampling_img2img\hard\MEL\ISIC_0027480_label-MEL_strategy-hard_strength-0.45_gs-5.0_aug-000.png,0.2851162552833557,NV,0.6559607982635498,0
ISIC_0027480,MEL,0,hard,0.45,5.0,100,1,1924,experiments\260526-0101_res256_sd_lora_uncond_all_seed42\sampling_img2img\hard\MEL\ISIC_0027480_label-MEL_strategy-hard_strength-0.45_gs-5.0_aug-001.png,0.2851162552833557,NV,0.6559607982635498,0
ISIC_0027480,MEL,0,hard,0.45,5.0,100,2,2924,experiments\260526-0101_res256_sd_lora_uncond_all_seed42\sampling_img2img\hard\MEL\ISIC_0027480_label-MEL_strategy-hard_strength-0.45_gs-5.0_aug-002.png,0.2851162552833557,NV,0.6559607982635498,0
ISIC_0027480,MEL,0,hard,0.45,5.0,100,3,3924,experiments\260526-0101_res256_sd_lora_uncond_all_seed42\sampling_img2img\hard\MEL\ISIC_0027480_label-MEL_strategy-hard_strength-0.45_gs-5.0_aug-003.png,0.2851162552833557,NV,0.6559607982635498,0
ISIC_0027480,MEL,0,hard,0.45,5.0,100,4,4924,experiments\260526-0101_res256_sd_lora_uncond_all_seed42\sampling_img2img\hard\MEL\ISIC_0027480_label-MEL_strategy-hard_strength-0.45_gs-5.0_aug-004.png,0.2851162552833557,NV,0.6559607982635498,0
ISIC_0026604,MEL,0,hard,0.45,5.0,100,0,675,experiments\260526-0101_res256_sd_lora_uncond_all_seed42\sampling_img2img\hard\MEL\ISIC_0026604_label-MEL_strategy-hard_strength-0.45_gs-5.0_aug-000.png,0.5338321328163147,MEL,0.5338321328163147,1
ISIC_0026604,MEL,0,hard,0.45,5.0,100,1,1675,experiments\260526-0101_res256_sd_lora_uncond_all_seed42\sampling_img2img\hard\MEL\ISIC_0026604_label-MEL_strategy-hard_strength-0.45_gs-5.0_aug-001.png,0.5338321328163147,MEL,0.5338321328163147,1
ISIC_0026604,MEL,0,hard,0.45,5.0,100,2,2675,experiments\260526-0101_res256_sd_lora_uncond_all_seed42\sampling_img2img\hard\MEL\ISIC_0026604_label-MEL_strategy-hard_strength-0.45_gs-5.0_aug-002.png,0.5338321328163147,MEL,0.5338321328163147,1
ISIC_0026604,MEL,0,hard,0.45,5.0,100,3,3675,experiments\260526-0101_res256_sd_lora_uncond_all_seed42\sampling_img2img\hard\MEL\ISIC_0026604_label-MEL_strategy-hard_strength-0.45_gs-5.0_aug-003.png,0.5338321328163147,MEL,0.5338321328163147,1
ISIC_0026604,MEL,0,hard,0.45,5.0,100,4,4675,experiments\260526-0101_res256_sd_lora_uncond_all_seed42\sampling_img2img\hard\MEL\ISIC_0026604_label-MEL_strategy-hard_strength-0.45_gs-5.0_aug-004.png,0.5338321328163147,MEL,0.5338321328163147,1
ISIC_0024864,MEL,0,hard,0.45,5.0,100,0,787,experiments\260526-0101_res256_sd_lora_uncond_all_seed42\sampling_img2img\hard\MEL\ISIC_0024864_label-MEL_strategy-hard_strength-0.45_gs-5.0_aug-000.png,0.6433205008506775,MEL,0.6433205008506775,1
ISIC_0024864,MEL,0,hard,0.45,5.0,100,1,1787,experiments\260526-0101_res256_sd_lora_uncond_all_seed42\sampling_img2img\hard\MEL\ISIC_0024864_label-MEL_strategy-hard_strength-0.45_gs-5.0_aug-001.png,0.6433205008506775,MEL,0.6433205008506775,1
ISIC_0024864,MEL,0,hard,0.45,5.0,100,2,2787,experiments\260526-0101_res256_sd_lora_uncond_all_seed42\sampling_img2img\hard\MEL\ISIC_0024864_label-MEL_strategy-hard_strength-0.45_gs-5.0_aug-002.png,0.6433205008506775,MEL,0.6433205008506775,1
ISIC_0024864,MEL,0,hard,0.45,5.0,100,3,3787,experiments\260526-0101_res256_sd_lora_uncond_all_seed42\sampling_img2img\hard\MEL\ISIC_0024864_label-MEL_strategy-hard_strength-0.45_gs-5.0_aug-003.png,0.6433205008506775,MEL,0.6433205008506775,1
ISIC_0024864,MEL,0,hard,0.45,5.0,100,4,4787,experiments\260526-0101_res256_sd_lora_uncond_all_seed42\sampling_img2img\hard\MEL\ISIC_0024864_label-MEL_strategy-hard_strength-0.45_gs-5.0_aug-004.png,0.6433205008506775,MEL,0.6433205008506775,1
ISIC_0031550,MEL,0,hard,0.45,5.0,100,0,115,experiments\260526-0101_res256_sd_lora_uncond_all_seed42\sampling_img2img\hard\MEL\ISIC_0031550_label-MEL_strategy-hard_strength-0.45_gs-5.0_aug-000.png,0.6040334105491638,MEL,0.6040334105491638,1
ISIC_0031550,MEL,0,hard,0.45,5.0,100,1,1115,experiments\260526-0101_res256_sd_lora_uncond_all_seed42\sampling_img2img\hard\MEL\ISIC_0031550_label-MEL_strategy-hard_strength-0.45_gs-5.0_aug-001.png,0.6040334105491638,MEL,0.6040334105491638,1
ISIC_0031550,MEL,0,hard,0.45,5.0,100,2,2115,experiments\260526-0101_res256_sd_lora_uncond_all_seed42\sampling_img2img\hard\MEL\ISIC_0031550_label-MEL_strategy-hard_strength-0.45_gs-5.0_aug-002.png,0.6040334105491638,MEL,0.6040334105491638,1
ISIC_0031550,MEL,0,hard,0.45,5.0,100,3,3115,experiments\260526-0101_res256_sd_lora_uncond_all_seed42\sampling_img2img\hard\MEL\ISIC_0031550_label-MEL_strategy-hard_strength-0.45_gs-5.0_aug-003.png,0.6040334105491638,MEL,0.6040334105491638,1
ISIC_0031550,MEL,0,hard,0.45,5.0,100,4,4115,experiments\260526-0101_res256_sd_lora_uncond_all_seed42\sampling_img2img\hard\MEL\ISIC_0031550_label-MEL_strategy-hard_strength-0.45_gs-5.0_aug-004.png,0.6040334105491638,MEL,0.6040334105491638,1
ISIC_0025800,MEL,0,hard,0.45,5.0,100,0,57,experiments\260526-0101_res256_sd_lora_uncond_all_seed42\sampling_img2img\hard\MEL\ISIC_0025800_label-MEL_strategy-hard_strength-0.45_gs-5.0_aug-000.png,0.30607113242149353,AKIEC,0.5255707502365112,0
ISIC_0025800,MEL,0,hard,0.45,5.0,100,1,1057,experiments\260526-0101_res256_sd_lora_uncond_all_seed42\sampling_img2img\hard\MEL\ISIC_0025800_label-MEL_strategy-hard_strength-0.45_gs-5.0_aug-001.png,0.30607113242149353,AKIEC,0.5255707502365112,0
ISIC_0025800,MEL,0,hard,0.45,5.0,100,2,2057,experiments\260526-0101_res256_sd_lora_uncond_all_seed42\sampling_img2img\hard\MEL\ISIC_0025800_label-MEL_strategy-hard_strength-0.45_gs-5.0_aug-002.png,0.30607113242149353,AKIEC,0.5255707502365112,0
ISIC_0025800,MEL,0,hard,0.45,5.0,100,3,3057,experiments\260526-0101_res256_sd_lora_uncond_all_seed42\sampling_img2img\hard\MEL\ISIC_0025800_label-MEL_strategy-hard_strength-0.45_gs-5.0_aug-003.png,0.30607113242149353,AKIEC,0.5255707502365112,0
ISIC_0025800,MEL,0,hard,0.45,5.0,100,4,4057,experiments\260526-0101_res256_sd_lora_uncond_all_seed42\sampling_img2img\hard\MEL\ISIC_0025800_label-MEL_strategy-hard_strength-0.45_gs-5.0_aug-004.png,0.30607113242149353,AKIEC,0.5255707502365112,0
ISIC_0027030,MEL,0,hard,0.45,5.0,100,0,1035,experiments\260526-0101_res256_sd_lora_uncond_all_seed42\sampling_img2img\hard\MEL\ISIC_0027030_label-MEL_strategy-hard_strength-0.45_gs-5.0_aug-000.png,0.7198391556739807,MEL,0.7198391556739807,1
ISIC_0027030,MEL,0,hard,0.45,5.0,100,1,2035,experiments\260526-0101_res256_sd_lora_uncond_all_seed42\sampling_img2img\hard\MEL\ISIC_0027030_label-MEL_strategy-hard_strength-0.45_gs-5.0_aug-001.png,0.7198391556739807,MEL,0.7198391556739807,1
ISIC_0027030,MEL,0,hard,0.45,5.0,100,2,3035,experiments\260526-0101_res256_sd_lora_uncond_all_seed42\sampling_img2img\hard\MEL\ISIC_0027030_label-MEL_strategy-hard_strength-0.45_gs-5.0_aug-002.png,0.7198391556739807,MEL,0.7198391556739807,1
ISIC_0027030,MEL,0,hard,0.45,5.0,100,3,4035,experiments\260526-0101_res256_sd_lora_uncond_all_seed42\sampling_img2img\hard\MEL\ISIC_0027030_label-MEL_strategy-hard_strength-0.45_gs-5.0_aug-003.png,0.7198391556739807,MEL,0.7198391556739807,1
ISIC_0027030,MEL,0,hard,0.45,5.0,100,4,5035,experiments\260526-0101_res256_sd_lora_uncond_all_seed42\sampling_img2img\hard\MEL\ISIC_0027030_label-MEL_strategy-hard_strength-0.45_gs-5.0_aug-004.png,0.7198391556739807,MEL,0.7198391556739807,1
ISIC_0025500,MEL,0,hard,0.45,5.0,100,0,743,experiments\260526-0101_res256_sd_lora_uncond_all_seed42\sampling_img2img\hard\MEL\ISIC_0025500_label-MEL_strategy-hard_strength-0.45_gs-5.0_aug-000.png,0.6639083027839661,MEL,0.6639083027839661,1
ISIC_0025500,MEL,0,hard,0.45,5.0,100,1,1743,experiments\260526-0101_res256_sd_lora_uncond_all_seed42\sampling_img2img\hard\MEL\ISIC_0025500_label-MEL_strategy-hard_strength-0.45_gs-5.0_aug-001.png,0.6639083027839661,MEL,0.6639083027839661,1
ISIC_0025500,MEL,0,hard,0.45,5.0,100,2,2743,experiments\260526-0101_res256_sd_lora_uncond_all_seed42\sampling_img2img\hard\MEL\ISIC_0025500_label-MEL_strategy-hard_strength-0.45_gs-5.0_aug-002.png,0.6639083027839661,MEL,0.6639083027839661,1
ISIC_0025500,MEL,0,hard,0.45,5.0,100,3,3743,experiments\260526-0101_res256_sd_lora_uncond_all_seed42\sampling_img2img\hard\MEL\ISIC_0025500_label-MEL_strategy-hard_strength-0.45_gs-5.0_aug-003.png,0.6639083027839661,MEL,0.6639083027839661,1
ISIC_0025500,MEL,0,hard,0.45,5.0,100,4,4743,experiments\260526-0101_res256_sd_lora_uncond_all_seed42\sampling_img2img\hard\MEL\ISIC_0025500_label-MEL_strategy-hard_strength-0.45_gs-5.0_aug-004.png,0.6639083027839661,MEL,0.6639083027839661,1
ISIC_0028764,MEL,0,hard,0.45,5.0,100,0,493,experiments\260526-0101_res256_sd_lora_uncond_all_seed42\sampling_img2img\hard\MEL\ISIC_0028764_label-MEL_strategy-hard_strength-0.45_gs-5.0_aug-000.png,0.6173131465911865,MEL,0.6173131465911865,1
ISIC_0028764,MEL,0,hard,0.45,5.0,100,1,1493,experiments\260526-0101_res256_sd_lora_uncond_all_seed42\sampling_img2img\hard\MEL\ISIC_0028764_label-MEL_strategy-hard_strength-0.45_gs-5.0_aug-001.png,0.6173131465911865,MEL,0.6173131465911865,1
ISIC_0028764,MEL,0,hard,0.45,5.0,100,2,2493,experiments\260526-0101_res256_sd_lora_uncond_all_seed42\sampling_img2img\hard\MEL\ISIC_0028764_label-MEL_strategy-hard_strength-0.45_gs-5.0_aug-002.png,0.6173131465911865,MEL,0.6173131465911865,1
ISIC_0028764,MEL,0,hard,0.45,5.0,100,3,3493,experiments\260526-0101_res256_sd_lora_uncond_all_seed42\sampling_img2img\hard\MEL\ISIC_0028764_label-MEL_strategy-hard_strength-0.45_gs-5.0_aug-003.png,0.6173131465911865,MEL,0.6173131465911865,1
ISIC_0028764,MEL,0,hard,0.45,5.0,100,4,4493,experiments\260526-0101_res256_sd_lora_uncond_all_seed42\sampling_img2img\hard\MEL\ISIC_0028764_label-MEL_strategy-hard_strength-0.45_gs-5.0_aug-004.png,0.6173131465911865,MEL,0.6173131465911865,1
ISIC_0027402,MEL,0,hard,0.45,5.0,100,0,167,experiments\260526-0101_res256_sd_lora_uncond_all_seed42\sampling_img2img\hard\MEL\ISIC_0027402_label-MEL_strategy-hard_strength-0.45_gs-5.0_aug-000.png,0.5431325435638428,MEL,0.5431325435638428,1
ISIC_0027402,MEL,0,hard,0.45,5.0,100,1,1167,experiments\260526-0101_res256_sd_lora_uncond_all_seed42\sampling_img2img\hard\MEL\ISIC_0027402_label-MEL_strategy-hard_strength-0.45_gs-5.0_aug-001.png,0.5431325435638428,MEL,0.5431325435638428,1
ISIC_0027402,MEL,0,hard,0.45,5.0,100,2,2167,experiments\260526-0101_res256_sd_lora_uncond_all_seed42\sampling_img2img\hard\MEL\ISIC_0027402_label-MEL_strategy-hard_strength-0.45_gs-5.0_aug-002.png,0.5431325435638428,MEL,0.5431325435638428,1
ISIC_0027402,MEL,0,hard,0.45,5.0,100,3,3167,experiments\260526-0101_res256_sd_lora_uncond_all_seed42\sampling_img2img\hard\MEL\ISIC_0027402_label-MEL_strategy-hard_strength-0.45_gs-5.0_aug-003.png,0.5431325435638428,MEL,0.5431325435638428,1
ISIC_0027402,MEL,0,hard,0.45,5.0,100,4,4167,experiments\260526-0101_res256_sd_lora_uncond_all_seed42\sampling_img2img\hard\MEL\ISIC_0027402_label-MEL_strategy-hard_strength-0.45_gs-5.0_aug-004.png,0.5431325435638428,MEL,0.5431325435638428,1
ISIC_0032597,MEL,0,hard,0.45,5.0,100,0,113,experiments\260526-0101_res256_sd_lora_uncond_all_seed42\sampling_img2img\hard\MEL\ISIC_0032597_label-MEL_strategy-hard_strength-0.45_gs-5.0_aug-000.png,0.5617138147354126,MEL,0.5617138147354126,1
ISIC_0032597,MEL,0,hard,0.45,5.0,100,1,1113,experiments\260526-0101_res256_sd_lora_uncond_all_seed42\sampling_img2img\hard\MEL\ISIC_0032597_label-MEL_strategy-hard_strength-0.45_gs-5.0_aug-001.png,0.5617138147354126,MEL,0.5617138147354126,1
ISIC_0032597,MEL,0,hard,0.45,5.0,100,2,2113,experiments\260526-0101_res256_sd_lora_uncond_all_seed42\sampling_img2img\hard\MEL\ISIC_0032597_label-MEL_strategy-hard_strength-0.45_gs-5.0_aug-002.png,0.5617138147354126,MEL,0.5617138147354126,1
ISIC_0032597,MEL,0,hard,0.45,5.0,100,3,3113,experiments\260526-0101_res256_sd_lora_uncond_all_seed42\sampling_img2img\hard\MEL\ISIC_0032597_label-MEL_strategy-hard_strength-0.45_gs-5.0_aug-003.png,0.5617138147354126,MEL,0.5617138147354126,1
ISIC_0032597,MEL,0,hard,0.45,5.0,100,4,4113,experiments\260526-0101_res256_sd_lora_uncond_all_seed42\sampling_img2img\hard\MEL\ISIC_0032597_label-MEL_strategy-hard_strength-0.45_gs-5.0_aug-004.png,0.5617138147354126,MEL,0.5617138147354126,1
ISIC_0033387,MEL,0,hard,0.45,5.0,100,0,510,experiments\260526-0101_res256_sd_lora_uncond_all_seed42\sampling_img2img\hard\MEL\ISIC_0033387_label-MEL_strategy-hard_strength-0.45_gs-5.0_aug-000.png,0.5772899389266968,MEL,0.5772899389266968,1
ISIC_0033387,MEL,0,hard,0.45,5.0,100,1,1510,experiments\260526-0101_res256_sd_lora_uncond_all_seed42\sampling_img2img\hard\MEL\ISIC_0033387_label-MEL_strategy-hard_strength-0.45_gs-5.0_aug-001.png,0.5772899389266968,MEL,0.5772899389266968,1
ISIC_0033387,MEL,0,hard,0.45,5.0,100,2,2510,experiments\260526-0101_res256_sd_lora_uncond_all_seed42\sampling_img2img\hard\MEL\ISIC_0033387_label-MEL_strategy-hard_strength-0.45_gs-5.0_aug-002.png,0.5772899389266968,MEL,0.5772899389266968,1
ISIC_0033387,MEL,0,hard,0.45,5.0,100,3,3510,experiments\260526-0101_res256_sd_lora_uncond_all_seed42\sampling_img2img\hard\MEL\ISIC_0033387_label-MEL_strategy-hard_strength-0.45_gs-5.0_aug-003.png,0.5772899389266968,MEL,0.5772899389266968,1
ISIC_0033387,MEL,0,hard,0.45,5.0,100,4,4510,experiments\260526-0101_res256_sd_lora_uncond_all_seed42\sampling_img2img\hard\MEL\ISIC_0033387_label-MEL_strategy-hard_strength-0.45_gs-5.0_aug-004.png,0.5772899389266968,MEL,0.5772899389266968,1
ISIC_0025105,MEL,0,hard,0.45,5.0,100,0,106,experiments\260526-0101_res256_sd_lora_uncond_all_seed42\sampling_img2img\hard\MEL\ISIC_0025105_label-MEL_strategy-hard_strength-0.45_gs-5.0_aug-000.png,0.5072187781333923,MEL,0.5072187781333923,1
ISIC_0025105,MEL,0,hard,0.45,5.0,100,1,1106,experiments\260526-0101_res256_sd_lora_uncond_all_seed42\sampling_img2img\hard\MEL\ISIC_0025105_label-MEL_strategy-hard_strength-0.45_gs-5.0_aug-001.png,0.5072187781333923,MEL,0.5072187781333923,1
ISIC_0025105,MEL,0,hard,0.45,5.0,100,2,2106,experiments\260526-0101_res256_sd_lora_uncond_all_seed42\sampling_img2img\hard\MEL\ISIC_0025105_label-MEL_strategy-hard_strength-0.45_gs-5.0_aug-002.png,0.5072187781333923,MEL,0.5072187781333923,1
ISIC_0025105,MEL,0,hard,0.45,5.0,100,3,3106,experiments\260526-0101_res256_sd_lora_uncond_all_seed42\sampling_img2img\hard\MEL\ISIC_0025105_label-MEL_strategy-hard_strength-0.45_gs-5.0_aug-003.png,0.5072187781333923,MEL,0.5072187781333923,1
ISIC_0025105,MEL,0,hard,0.45,5.0,100,4,4106,experiments\260526-0101_res256_sd_lora_uncond_all_seed42\sampling_img2img\hard\MEL\ISIC_0025105_label-MEL_strategy-hard_strength-0.45_gs-5.0_aug-004.png,0.5072187781333923,MEL,0.5072187781333923,1
ISIC_0031779,MEL,0,hard,0.45,5.0,100,0,45,experiments\260526-0101_res256_sd_lora_uncond_all_seed42\sampling_img2img\hard\MEL\ISIC_0031779_label-MEL_strategy-hard_strength-0.45_gs-5.0_aug-000.png,0.6751670837402344,MEL,0.6751670837402344,1
ISIC_0031779,MEL,0,hard,0.45,5.0,100,1,1045,experiments\260526-0101_res256_sd_lora_uncond_all_seed42\sampling_img2img\hard\MEL\ISIC_0031779_label-MEL_strategy-hard_strength-0.45_gs-5.0_aug-001.png,0.6751670837402344,MEL,0.6751670837402344,1
ISIC_0031779,MEL,0,hard,0.45,5.0,100,2,2045,experiments\260526-0101_res256_sd_lora_uncond_all_seed42\sampling_img2img\hard\MEL\ISIC_0031779_label-MEL_strategy-hard_strength-0.45_gs-5.0_aug-002.png,0.6751670837402344,MEL,0.6751670837402344,1
ISIC_0031779,MEL,0,hard,0.45,5.0,100,3,3045,experiments\260526-0101_res256_sd_lora_uncond_all_seed42\sampling_img2img\hard\MEL\ISIC_0031779_label-MEL_strategy-hard_strength-0.45_gs-5.0_aug-003.png,0.6751670837402344,MEL,0.6751670837402344,1
ISIC_0031779,MEL,0,hard,0.45,5.0,100,4,4045,experiments\260526-0101_res256_sd_lora_uncond_all_seed42\sampling_img2img\hard\MEL\ISIC_0031779_label-MEL_strategy-hard_strength-0.45_gs-5.0_aug-004.png,0.6751670837402344,MEL,0.6751670837402344,1
ISIC_0030192,MEL,0,hard,0.45,5.0,100,0,788,experiments\260526-0101_res256_sd_lora_uncond_all_seed42\sampling_img2img\hard\MEL\ISIC_0030192_label-MEL_strategy-hard_strength-0.45_gs-5.0_aug-000.png,0.3518420159816742,NV,0.36310452222824097,0
ISIC_0030192,MEL,0,hard,0.45,5.0,100,1,1788,experiments\260526-0101_res256_sd_lora_uncond_all_seed42\sampling_img2img\hard\MEL\ISIC_0030192_label-MEL_strategy-hard_strength-0.45_gs-5.0_aug-001.png,0.3518420159816742,NV,0.36310452222824097,0
ISIC_0030192,MEL,0,hard,0.45,5.0,100,2,2788,experiments\260526-0101_res256_sd_lora_uncond_all_seed42\sampling_img2img\hard\MEL\ISIC_0030192_label-MEL_strategy-hard_strength-0.45_gs-5.0_aug-002.png,0.3518420159816742,NV,0.36310452222824097,0
ISIC_0030192,MEL,0,hard,0.45,5.0,100,3,3788,experiments\260526-0101_res256_sd_lora_uncond_all_seed42\sampling_img2img\hard\MEL\ISIC_0030192_label-MEL_strategy-hard_strength-0.45_gs-5.0_aug-003.png,0.3518420159816742,NV,0.36310452222824097,0
ISIC_0030192,MEL,0,hard,0.45,5.0,100,4,4788,experiments\260526-0101_res256_sd_lora_uncond_all_seed42\sampling_img2img\hard\MEL\ISIC_0030192_label-MEL_strategy-hard_strength-0.45_gs-5.0_aug-004.png,0.3518420159816742,NV,0.36310452222824097,0
ISIC_0025451,MEL,0,hard,0.45,5.0,100,0,158,experiments\260526-0101_res256_sd_lora_uncond_all_seed42\sampling_img2img\hard\MEL\ISIC_0025451_label-MEL_strategy-hard_strength-0.45_gs-5.0_aug-000.png,0.11130113154649734,NV,0.7951715588569641,0
ISIC_0025451,MEL,0,hard,0.45,5.0,100,1,1158,experiments\260526-0101_res256_sd_lora_uncond_all_seed42\sampling_img2img\hard\MEL\ISIC_0025451_label-MEL_strategy-hard_strength-0.45_gs-5.0_aug-001.png,0.11130113154649734,NV,0.7951715588569641,0
ISIC_0025451,MEL,0,hard,0.45,5.0,100,2,2158,experiments\260526-0101_res256_sd_lora_uncond_all_seed42\sampling_img2img\hard\MEL\ISIC_0025451_label-MEL_strategy-hard_strength-0.45_gs-5.0_aug-002.png,0.11130113154649734,NV,0.7951715588569641,0
ISIC_0025451,MEL,0,hard,0.45,5.0,100,3,3158,experiments\260526-0101_res256_sd_lora_uncond_all_seed42\sampling_img2img\hard\MEL\ISIC_0025451_label-MEL_strategy-hard_strength-0.45_gs-5.0_aug-003.png,0.11130113154649734,NV,0.7951715588569641,0
ISIC_0025451,MEL,0,hard,0.45,5.0,100,4,4158,experiments\260526-0101_res256_sd_lora_uncond_all_seed42\sampling_img2img\hard\MEL\ISIC_0025451_label-MEL_strategy-hard_strength-0.45_gs-5.0_aug-004.png,0.11130113154649734,NV,0.7951715588569641,0
ISIC_0030034,MEL,0,hard,0.45,5.0,100,0,945,experiments\260526-0101_res256_sd_lora_uncond_all_seed42\sampling_img2img\hard\MEL\ISIC_0030034_label-MEL_strategy-hard_strength-0.45_gs-5.0_aug-000.png,0.28348883986473083,MEL,0.28348883986473083,1
ISIC_0030034,MEL,0,hard,0.45,5.0,100,1,1945,experiments\260526-0101_res256_sd_lora_uncond_all_seed42\sampling_img2img\hard\MEL\ISIC_0030034_label-MEL_strategy-hard_strength-0.45_gs-5.0_aug-001.png,0.28348883986473083,MEL,0.28348883986473083,1
ISIC_0030034,MEL,0,hard,0.45,5.0,100,2,2945,experiments\260526-0101_res256_sd_lora_uncond_all_seed42\sampling_img2img\hard\MEL\ISIC_0030034_label-MEL_strategy-hard_strength-0.45_gs-5.0_aug-002.png,0.28348883986473083,MEL,0.28348883986473083,1
ISIC_0030034,MEL,0,hard,0.45,5.0,100,3,3945,experiments\260526-0101_res256_sd_lora_uncond_all_seed42\sampling_img2img\hard\MEL\ISIC_0030034_label-MEL_strategy-hard_strength-0.45_gs-5.0_aug-003.png,0.28348883986473083,MEL,0.28348883986473083,1
ISIC_0030034,MEL,0,hard,0.45,5.0,100,4,4945,experiments\260526-0101_res256_sd_lora_uncond_all_seed42\sampling_img2img\hard\MEL\ISIC_0030034_label-MEL_strategy-hard_strength-0.45_gs-5.0_aug-004.png,0.28348883986473083,MEL,0.28348883986473083,1
ISIC_0031406,MEL,0,hard,0.45,5.0,100,0,247,experiments\260526-0101_res256_sd_lora_uncond_all_seed42\sampling_img2img\hard\MEL\ISIC_0031406_label-MEL_strategy-hard_strength-0.45_gs-5.0_aug-000.png,0.13972407579421997,NV,0.8449758291244507,0
ISIC_0031406,MEL,0,hard,0.45,5.0,100,1,1247,experiments\260526-0101_res256_sd_lora_uncond_all_seed42\sampling_img2img\hard\MEL\ISIC_0031406_label-MEL_strategy-hard_strength-0.45_gs-5.0_aug-001.png,0.13972407579421997,NV,0.8449758291244507,0
ISIC_0031406,MEL,0,hard,0.45,5.0,100,2,2247,experiments\260526-0101_res256_sd_lora_uncond_all_seed42\sampling_img2img\hard\MEL\ISIC_0031406_label-MEL_strategy-hard_strength-0.45_gs-5.0_aug-002.png,0.13972407579421997,NV,0.8449758291244507,0
ISIC_0031406,MEL,0,hard,0.45,5.0,100,3,3247,experiments\260526-0101_res256_sd_lora_uncond_all_seed42\sampling_img2img\hard\MEL\ISIC_0031406_label-MEL_strategy-hard_strength-0.45_gs-5.0_aug-003.png,0.13972407579421997,NV,0.8449758291244507,0
ISIC_0031406,MEL,0,hard,0.45,5.0,100,4,4247,experiments\260526-0101_res256_sd_lora_uncond_all_seed42\sampling_img2img\hard\MEL\ISIC_0031406_label-MEL_strategy-hard_strength-0.45_gs-5.0_aug-004.png,0.13972407579421997,NV,0.8449758291244507,0
ISIC_0031208,MEL,0,hard,0.45,5.0,100,0,538,experiments\260526-0101_res256_sd_lora_uncond_all_seed42\sampling_img2img\hard\MEL\ISIC_0031208_label-MEL_strategy-hard_strength-0.45_gs-5.0_aug-000.png,0.45294448733329773,NV,0.5146850347518921,0
ISIC_0031208,MEL,0,hard,0.45,5.0,100,1,1538,experiments\260526-0101_res256_sd_lora_uncond_all_seed42\sampling_img2img\hard\MEL\ISIC_0031208_label-MEL_strategy-hard_strength-0.45_gs-5.0_aug-001.png,0.45294448733329773,NV,0.5146850347518921,0
ISIC_0031208,MEL,0,hard,0.45,5.0,100,2,2538,experiments\260526-0101_res256_sd_lora_uncond_all_seed42\sampling_img2img\hard\MEL\ISIC_0031208_label-MEL_strategy-hard_strength-0.45_gs-5.0_aug-002.png,0.45294448733329773,NV,0.5146850347518921,0
ISIC_0031208,MEL,0,hard,0.45,5.0,100,3,3538,experiments\260526-0101_res256_sd_lora_uncond_all_seed42\sampling_img2img\hard\MEL\ISIC_0031208_label-MEL_strategy-hard_strength-0.45_gs-5.0_aug-003.png,0.45294448733329773,NV,0.5146850347518921,0
ISIC_0031208,MEL,0,hard,0.45,5.0,100,4,4538,experiments\260526-0101_res256_sd_lora_uncond_all_seed42\sampling_img2img\hard\MEL\ISIC_0031208_label-MEL_strategy-hard_strength-0.45_gs-5.0_aug-004.png,0.45294448733329773,NV,0.5146850347518921,0
ISIC_0028929,MEL,0,hard,0.45,5.0,100,0,858,experiments\260526-0101_res256_sd_lora_uncond_all_seed42\sampling_img2img\hard\MEL\ISIC_0028929_label-MEL_strategy-hard_strength-0.45_gs-5.0_aug-000.png,0.6016725897789001,MEL,0.6016725897789001,1
ISIC_0028929,MEL,0,hard,0.45,5.0,100,1,1858,experiments\260526-0101_res256_sd_lora_uncond_all_seed42\sampling_img2img\hard\MEL\ISIC_0028929_label-MEL_strategy-hard_strength-0.45_gs-5.0_aug-001.png,0.6016725897789001,MEL,0.6016725897789001,1
ISIC_0028929,MEL,0,hard,0.45,5.0,100,2,2858,experiments\260526-0101_res256_sd_lora_uncond_all_seed42\sampling_img2img\hard\MEL\ISIC_0028929_label-MEL_strategy-hard_strength-0.45_gs-5.0_aug-002.png,0.6016725897789001,MEL,0.6016725897789001,1
ISIC_0028929,MEL,0,hard,0.45,5.0,100,3,3858,experiments\260526-0101_res256_sd_lora_uncond_all_seed42\sampling_img2img\hard\MEL\ISIC_0028929_label-MEL_strategy-hard_strength-0.45_gs-5.0_aug-003.png,0.6016725897789001,MEL,0.6016725897789001,1
ISIC_0028929,MEL,0,hard,0.45,5.0,100,4,4858,experiments\260526-0101_res256_sd_lora_uncond_all_seed42\sampling_img2img\hard\MEL\ISIC_0028929_label-MEL_strategy-hard_strength-0.45_gs-5.0_aug-004.png,0.6016725897789001,MEL,0.6016725897789001,1
ISIC_0024323,MEL,0,hard,0.45,5.0,100,0,828,experiments\260526-0101_res256_sd_lora_uncond_all_seed42\sampling_img2img\hard\MEL\ISIC_0024323_label-MEL_strategy-hard_strength-0.45_gs-5.0_aug-000.png,0.21953560411930084,NV,0.5563799738883972,0
ISIC_0024323,MEL,0,hard,0.45,5.0,100,1,1828,experiments\260526-0101_res256_sd_lora_uncond_all_seed42\sampling_img2img\hard\MEL\ISIC_0024323_label-MEL_strategy-hard_strength-0.45_gs-5.0_aug-001.png,0.21953560411930084,NV,0.5563799738883972,0
ISIC_0024323,MEL,0,hard,0.45,5.0,100,2,2828,experiments\260526-0101_res256_sd_lora_uncond_all_seed42\sampling_img2img\hard\MEL\ISIC_0024323_label-MEL_strategy-hard_strength-0.45_gs-5.0_aug-002.png,0.21953560411930084,NV,0.5563799738883972,0
ISIC_0024323,MEL,0,hard,0.45,5.0,100,3,3828,experiments\260526-0101_res256_sd_lora_uncond_all_seed42\sampling_img2img\hard\MEL\ISIC_0024323_label-MEL_strategy-hard_strength-0.45_gs-5.0_aug-003.png,0.21953560411930084,NV,0.5563799738883972,0
ISIC_0024323,MEL,0,hard,0.45,5.0,100,4,4828,experiments\260526-0101_res256_sd_lora_uncond_all_seed42\sampling_img2img\hard\MEL\ISIC_0024323_label-MEL_strategy-hard_strength-0.45_gs-5.0_aug-004.png,0.21953560411930084,NV,0.5563799738883972,0
ISIC_0033454,MEL,0,hard,0.45,5.0,100,0,455,experiments\260526-0101_res256_sd_lora_uncond_all_seed42\sampling_img2img\hard\MEL\ISIC_0033454_label-MEL_strategy-hard_strength-0.45_gs-5.0_aug-000.png,0.7218130230903625,MEL,0.7218130230903625,1
ISIC_0033454,MEL,0,hard,0.45,5.0,100,1,1455,experiments\260526-0101_res256_sd_lora_uncond_all_seed42\sampling_img2img\hard\MEL\ISIC_0033454_label-MEL_strategy-hard_strength-0.45_gs-5.0_aug-001.png,0.7218130230903625,MEL,0.7218130230903625,1
ISIC_0033454,MEL,0,hard,0.45,5.0,100,2,2455,experiments\260526-0101_res256_sd_lora_uncond_all_seed42\sampling_img2img\hard\MEL\ISIC_0033454_label-MEL_strategy-hard_strength-0.45_gs-5.0_aug-002.png,0.7218130230903625,MEL,0.7218130230903625,1
ISIC_0033454,MEL,0,hard,0.45,5.0,100,3,3455,experiments\260526-0101_res256_sd_lora_uncond_all_seed42\sampling_img2img\hard\MEL\ISIC_0033454_label-MEL_strategy-hard_strength-0.45_gs-5.0_aug-003.png,0.7218130230903625,MEL,0.7218130230903625,1
ISIC_0033454,MEL,0,hard,0.45,5.0,100,4,4455,experiments\260526-0101_res256_sd_lora_uncond_all_seed42\sampling_img2img\hard\MEL\ISIC_0033454_label-MEL_strategy-hard_strength-0.45_gs-5.0_aug-004.png,0.7218130230903625,MEL,0.7218130230903625,1
ISIC_0033704,MEL,0,hard,0.45,5.0,100,0,676,experiments\260526-0101_res256_sd_lora_uncond_all_seed42\sampling_img2img\hard\MEL\ISIC_0033704_label-MEL_strategy-hard_strength-0.45_gs-5.0_aug-000.png,0.18078488111495972,NV,0.6905081868171692,0
ISIC_0033704,MEL,0,hard,0.45,5.0,100,1,1676,experiments\260526-0101_res256_sd_lora_uncond_all_seed42\sampling_img2img\hard\MEL\ISIC_0033704_label-MEL_strategy-hard_strength-0.45_gs-5.0_aug-001.png,0.18078488111495972,NV,0.6905081868171692,0
ISIC_0033704,MEL,0,hard,0.45,5.0,100,2,2676,experiments\260526-0101_res256_sd_lora_uncond_all_seed42\sampling_img2img\hard\MEL\ISIC_0033704_label-MEL_strategy-hard_strength-0.45_gs-5.0_aug-002.png,0.18078488111495972,NV,0.6905081868171692,0
ISIC_0033704,MEL,0,hard,0.45,5.0,100,3,3676,experiments\260526-0101_res256_sd_lora_uncond_all_seed42\sampling_img2img\hard\MEL\ISIC_0033704_label-MEL_strategy-hard_strength-0.45_gs-5.0_aug-003.png,0.18078488111495972,NV,0.6905081868171692,0
ISIC_0033704,MEL,0,hard,0.45,5.0,100,4,4676,experiments\260526-0101_res256_sd_lora_uncond_all_seed42\sampling_img2img\hard\MEL\ISIC_0033704_label-MEL_strategy-hard_strength-0.45_gs-5.0_aug-004.png,0.18078488111495972,NV,0.6905081868171692,0
ISIC_0024930,MEL,0,hard,0.45,5.0,100,0,567,experiments\260526-0101_res256_sd_lora_uncond_all_seed42\sampling_img2img\hard\MEL\ISIC_0024930_label-MEL_strategy-hard_strength-0.45_gs-5.0_aug-000.png,0.5786118507385254,MEL,0.5786118507385254,1
ISIC_0024930,MEL,0,hard,0.45,5.0,100,1,1567,experiments\260526-0101_res256_sd_lora_uncond_all_seed42\sampling_img2img\hard\MEL\ISIC_0024930_label-MEL_strategy-hard_strength-0.45_gs-5.0_aug-001.png,0.5786118507385254,MEL,0.5786118507385254,1
ISIC_0024930,MEL,0,hard,0.45,5.0,100,2,2567,experiments\260526-0101_res256_sd_lora_uncond_all_seed42\sampling_img2img\hard\MEL\ISIC_0024930_label-MEL_strategy-hard_strength-0.45_gs-5.0_aug-002.png,0.5786118507385254,MEL,0.5786118507385254,1
ISIC_0024930,MEL,0,hard,0.45,5.0,100,3,3567,experiments\260526-0101_res256_sd_lora_uncond_all_seed42\sampling_img2img\hard\MEL\ISIC_0024930_label-MEL_strategy-hard_strength-0.45_gs-5.0_aug-003.png,0.5786118507385254,MEL,0.5786118507385254,1
ISIC_0024930,MEL,0,hard,0.45,5.0,100,4,4567,experiments\260526-0101_res256_sd_lora_uncond_all_seed42\sampling_img2img\hard\MEL\ISIC_0024930_label-MEL_strategy-hard_strength-0.45_gs-5.0_aug-004.png,0.5786118507385254,MEL,0.5786118507385254,1
ISIC_0024586,MEL,0,hard,0.45,5.0,100,0,649,experiments\260526-0101_res256_sd_lora_uncond_all_seed42\sampling_img2img\hard\MEL\ISIC_0024586_label-MEL_strategy-hard_strength-0.45_gs-5.0_aug-000.png,0.6797076463699341,MEL,0.6797076463699341,1
ISIC_0024586,MEL,0,hard,0.45,5.0,100,1,1649,experiments\260526-0101_res256_sd_lora_uncond_all_seed42\sampling_img2img\hard\MEL\ISIC_0024586_label-MEL_strategy-hard_strength-0.45_gs-5.0_aug-001.png,0.6797076463699341,MEL,0.6797076463699341,1
ISIC_0024586,MEL,0,hard,0.45,5.0,100,2,2649,experiments\260526-0101_res256_sd_lora_uncond_all_seed42\sampling_img2img\hard\MEL\ISIC_0024586_label-MEL_strategy-hard_strength-0.45_gs-5.0_aug-002.png,0.6797076463699341,MEL,0.6797076463699341,1
ISIC_0024586,MEL,0,hard,0.45,5.0,100,3,3649,experiments\260526-0101_res256_sd_lora_uncond_all_seed42\sampling_img2img\hard\MEL\ISIC_0024586_label-MEL_strategy-hard_strength-0.45_gs-5.0_aug-003.png,0.6797076463699341,MEL,0.6797076463699341,1
ISIC_0024586,MEL,0,hard,0.45,5.0,100,4,4649,experiments\260526-0101_res256_sd_lora_uncond_all_seed42\sampling_img2img\hard\MEL\ISIC_0024586_label-MEL_strategy-hard_strength-0.45_gs-5.0_aug-004.png,0.6797076463699341,MEL,0.6797076463699341,1
ISIC_0033812,MEL,0,hard,0.45,5.0,100,0,484,experiments\260526-0101_res256_sd_lora_uncond_all_seed42\sampling_img2img\hard\MEL\ISIC_0033812_label-MEL_strategy-hard_strength-0.45_gs-5.0_aug-000.png,0.22077852487564087,NV,0.7254687547683716,0
ISIC_0033812,MEL,0,hard,0.45,5.0,100,1,1484,experiments\260526-0101_res256_sd_lora_uncond_all_seed42\sampling_img2img\hard\MEL\ISIC_0033812_label-MEL_strategy-hard_strength-0.45_gs-5.0_aug-001.png,0.22077852487564087,NV,0.7254687547683716,0
ISIC_0033812,MEL,0,hard,0.45,5.0,100,2,2484,experiments\260526-0101_res256_sd_lora_uncond_all_seed42\sampling_img2img\hard\MEL\ISIC_0033812_label-MEL_strategy-hard_strength-0.45_gs-5.0_aug-002.png,0.22077852487564087,NV,0.7254687547683716,0
ISIC_0033812,MEL,0,hard,0.45,5.0,100,3,3484,experiments\260526-0101_res256_sd_lora_uncond_all_seed42\sampling_img2img\hard\MEL\ISIC_0033812_label-MEL_strategy-hard_strength-0.45_gs-5.0_aug-003.png,0.22077852487564087,NV,0.7254687547683716,0
ISIC_0033812,MEL,0,hard,0.45,5.0,100,4,4484,experiments\260526-0101_res256_sd_lora_uncond_all_seed42\sampling_img2img\hard\MEL\ISIC_0033812_label-MEL_strategy-hard_strength-0.45_gs-5.0_aug-004.png,0.22077852487564087,NV,0.7254687547683716,0
ISIC_0033687,MEL,0,hard,0.45,5.0,100,0,158,experiments\260526-0101_res256_sd_lora_uncond_all_seed42\sampling_img2img\hard\MEL\ISIC_0033687_label-MEL_strategy-hard_strength-0.45_gs-5.0_aug-000.png,0.5241252779960632,MEL,0.5241252779960632,1
ISIC_0033687,MEL,0,hard,0.45,5.0,100,1,1158,experiments\260526-0101_res256_sd_lora_uncond_all_seed42\sampling_img2img\hard\MEL\ISIC_0033687_label-MEL_strategy-hard_strength-0.45_gs-5.0_aug-001.png,0.5241252779960632,MEL,0.5241252779960632,1
ISIC_0033687,MEL,0,hard,0.45,5.0,100,2,2158,experiments\260526-0101_res256_sd_lora_uncond_all_seed42\sampling_img2img\hard\MEL\ISIC_0033687_label-MEL_strategy-hard_strength-0.45_gs-5.0_aug-002.png,0.5241252779960632,MEL,0.5241252779960632,1
ISIC_0033687,MEL,0,hard,0.45,5.0,100,3,3158,experiments\260526-0101_res256_sd_lora_uncond_all_seed42\sampling_img2img\hard\MEL\ISIC_0033687_label-MEL_strategy-hard_strength-0.45_gs-5.0_aug-003.png,0.5241252779960632,MEL,0.5241252779960632,1
ISIC_0033687,MEL,0,hard,0.45,5.0,100,4,4158,experiments\260526-0101_res256_sd_lora_uncond_all_seed42\sampling_img2img\hard\MEL\ISIC_0033687_label-MEL_strategy-hard_strength-0.45_gs-5.0_aug-004.png,0.5241252779960632,MEL,0.5241252779960632,1
ISIC_0026781,NV,1,hard,0.45,5.0,100,0,100730,experiments\260526-0101_res256_sd_lora_uncond_all_seed42\sampling_img2img\hard\NV\ISIC_0026781_label-NV_strategy-hard_strength-0.45_gs-5.0_aug-000.png,0.8981689810752869,NV,0.8981689810752869,1
ISIC_0026781,NV,1,hard,0.45,5.0,100,1,101730,experiments\260526-0101_res256_sd_lora_uncond_all_seed42\sampling_img2img\hard\NV\ISIC_0026781_label-NV_strategy-hard_strength-0.45_gs-5.0_aug-001.png,0.8981689810752869,NV,0.8981689810752869,1
ISIC_0026781,NV,1,hard,0.45,5.0,100,2,102730,experiments\260526-0101_res256_sd_lora_uncond_all_seed42\sampling_img2img\hard\NV\ISIC_0026781_label-NV_strategy-hard_strength-0.45_gs-5.0_aug-002.png,0.8981689810752869,NV,0.8981689810752869,1
ISIC_0026781,NV,1,hard,0.45,5.0,100,3,103730,experiments\260526-0101_res256_sd_lora_uncond_all_seed42\sampling_img2img\hard\NV\ISIC_0026781_label-NV_strategy-hard_strength-0.45_gs-5.0_aug-003.png,0.8981689810752869,NV,0.8981689810752869,1
ISIC_0026781,NV,1,hard,0.45,5.0,100,4,104730,experiments\260526-0101_res256_sd_lora_uncond_all_seed42\sampling_img2img\hard\NV\ISIC_0026781_label-NV_strategy-hard_strength-0.45_gs-5.0_aug-004.png,0.8981689810752869,NV,0.8981689810752869,1
ISIC_0029117,NV,1,hard,0.45,5.0,100,0,100496,experiments\260526-0101_res256_sd_lora_uncond_all_seed42\sampling_img2img\hard\NV\ISIC_0029117_label-NV_strategy-hard_strength-0.45_gs-5.0_aug-000.png,0.9355425834655762,NV,0.9355425834655762,1
ISIC_0029117,NV,1,hard,0.45,5.0,100,1,101496,experiments\260526-0101_res256_sd_lora_uncond_all_seed42\sampling_img2img\hard\NV\ISIC_0029117_label-NV_strategy-hard_strength-0.45_gs-5.0_aug-001.png,0.9355425834655762,NV,0.9355425834655762,1
ISIC_0029117,NV,1,hard,0.45,5.0,100,2,102496,experiments\260526-0101_res256_sd_lora_uncond_all_seed42\sampling_img2img\hard\NV\ISIC_0029117_label-NV_strategy-hard_strength-0.45_gs-5.0_aug-002.png,0.9355425834655762,NV,0.9355425834655762,1
ISIC_0029117,NV,1,hard,0.45,5.0,100,3,103496,experiments\260526-0101_res256_sd_lora_uncond_all_seed42\sampling_img2img\hard\NV\ISIC_0029117_label-NV_strategy-hard_strength-0.45_gs-5.0_aug-003.png,0.9355425834655762,NV,0.9355425834655762,1
ISIC_0029117,NV,1,hard,0.45,5.0,100,4,104496,experiments\260526-0101_res256_sd_lora_uncond_all_seed42\sampling_img2img\hard\NV\ISIC_0029117_label-NV_strategy-hard_strength-0.45_gs-5.0_aug-004.png,0.9355425834655762,NV,0.9355425834655762,1
ISIC_0030455,NV,1,hard,0.45,5.0,100,0,100331,experiments\260526-0101_res256_sd_lora_uncond_all_seed42\sampling_img2img\hard\NV\ISIC_0030455_label-NV_strategy-hard_strength-0.45_gs-5.0_aug-000.png,0.9331805109977722,NV,0.9331805109977722,1
ISIC_0030455,NV,1,hard,0.45,5.0,100,1,101331,experiments\260526-0101_res256_sd_lora_uncond_all_seed42\sampling_img2img\hard\NV\ISIC_0030455_label-NV_strategy-hard_strength-0.45_gs-5.0_aug-001.png,0.9331805109977722,NV,0.9331805109977722,1
ISIC_0030455,NV,1,hard,0.45,5.0,100,2,102331,experiments\260526-0101_res256_sd_lora_uncond_all_seed42\sampling_img2img\hard\NV\ISIC_0030455_label-NV_strategy-hard_strength-0.45_gs-5.0_aug-002.png,0.9331805109977722,NV,0.9331805109977722,1
ISIC_0030455,NV,1,hard,0.45,5.0,100,3,103331,experiments\260526-0101_res256_sd_lora_uncond_all_seed42\sampling_img2img\hard\NV\ISIC_0030455_label-NV_strategy-hard_strength-0.45_gs-5.0_aug-003.png,0.9331805109977722,NV,0.9331805109977722,1
ISIC_0030455,NV,1,hard,0.45,5.0,100,4,104331,experiments\260526-0101_res256_sd_lora_uncond_all_seed42\sampling_img2img\hard\NV\ISIC_0030455_label-NV_strategy-hard_strength-0.45_gs-5.0_aug-004.png,0.9331805109977722,NV,0.9331805109977722,1
ISIC_0029611,NV,1,hard,0.45,5.0,100,0,100865,experiments\260526-0101_res256_sd_lora_uncond_all_seed42\sampling_img2img\hard\NV\ISIC_0029611_label-NV_strategy-hard_strength-0.45_gs-5.0_aug-000.png,0.9402081966400146,NV,0.9402081966400146,1
ISIC_0029611,NV,1,hard,0.45,5.0,100,1,101865,experiments\260526-0101_res256_sd_lora_uncond_all_seed42\sampling_img2img\hard\NV\ISIC_0029611_label-NV_strategy-hard_strength-0.45_gs-5.0_aug-001.png,0.9402081966400146,NV,0.9402081966400146,1
ISIC_0029611,NV,1,hard,0.45,5.0,100,2,102865,experiments\260526-0101_res256_sd_lora_uncond_all_seed42\sampling_img2img\hard\NV\ISIC_0029611_label-NV_strategy-hard_strength-0.45_gs-5.0_aug-002.png,0.9402081966400146,NV,0.9402081966400146,1
ISIC_0029611,NV,1,hard,0.45,5.0,100,3,103865,experiments\260526-0101_res256_sd_lora_uncond_all_seed42\sampling_img2img\hard\NV\ISIC_0029611_label-NV_strategy-hard_strength-0.45_gs-5.0_aug-003.png,0.9402081966400146,NV,0.9402081966400146,1
ISIC_0029611,NV,1,hard,0.45,5.0,100,4,104865,experiments\260526-0101_res256_sd_lora_uncond_all_seed42\sampling_img2img\hard\NV\ISIC_0029611_label-NV_strategy-hard_strength-0.45_gs-5.0_aug-004.png,0.9402081966400146,NV,0.9402081966400146,1
ISIC_0032096,NV,1,hard,0.45,5.0,100,0,100698,experiments\260526-0101_res256_sd_lora_uncond_all_seed42\sampling_img2img\hard\NV\ISIC_0032096_label-NV_strategy-hard_strength-0.45_gs-5.0_aug-000.png,0.7279701232910156,NV,0.7279701232910156,1
ISIC_0032096,NV,1,hard,0.45,5.0,100,1,101698,experiments\260526-0101_res256_sd_lora_uncond_all_seed42\sampling_img2img\hard\NV\ISIC_0032096_label-NV_strategy-hard_strength-0.45_gs-5.0_aug-001.png,0.7279701232910156,NV,0.7279701232910156,1
ISIC_0032096,NV,1,hard,0.45,5.0,100,2,102698,experiments\260526-0101_res256_sd_lora_uncond_all_seed42\sampling_img2img\hard\NV\ISIC_0032096_label-NV_strategy-hard_strength-0.45_gs-5.0_aug-002.png,0.7279701232910156,NV,0.7279701232910156,1
ISIC_0032096,NV,1,hard,0.45,5.0,100,3,103698,experiments\260526-0101_res256_sd_lora_uncond_all_seed42\sampling_img2img\hard\NV\ISIC_0032096_label-NV_strategy-hard_strength-0.45_gs-5.0_aug-003.png,0.7279701232910156,NV,0.7279701232910156,1
ISIC_0032096,NV,1,hard,0.45,5.0,100,4,104698,experiments\260526-0101_res256_sd_lora_uncond_all_seed42\sampling_img2img\hard\NV\ISIC_0032096_label-NV_strategy-hard_strength-0.45_gs-5.0_aug-004.png,0.7279701232910156,NV,0.7279701232910156,1
ISIC_0029954,NV,1,hard,0.45,5.0,100,0,100587,experiments\260526-0101_res256_sd_lora_uncond_all_seed42\sampling_img2img\hard\NV\ISIC_0029954_label-NV_strategy-hard_strength-0.45_gs-5.0_aug-000.png,0.9405345320701599,NV,0.9405345320701599,1
ISIC_0029954,NV,1,hard,0.45,5.0,100,1,101587,experiments\260526-0101_res256_sd_lora_uncond_all_seed42\sampling_img2img\hard\NV\ISIC_0029954_label-NV_strategy-hard_strength-0.45_gs-5.0_aug-001.png,0.9405345320701599,NV,0.9405345320701599,1
ISIC_0029954,NV,1,hard,0.45,5.0,100,2,102587,experiments\260526-0101_res256_sd_lora_uncond_all_seed42\sampling_img2img\hard\NV\ISIC_0029954_label-NV_strategy-hard_strength-0.45_gs-5.0_aug-002.png,0.9405345320701599,NV,0.9405345320701599,1
ISIC_0029954,NV,1,hard,0.45,5.0,100,3,103587,experiments\260526-0101_res256_sd_lora_uncond_all_seed42\sampling_img2img\hard\NV\ISIC_0029954_label-NV_strategy-hard_strength-0.45_gs-5.0_aug-003.png,0.9405345320701599,NV,0.9405345320701599,1
ISIC_0029954,NV,1,hard,0.45,5.0,100,4,104587,experiments\260526-0101_res256_sd_lora_uncond_all_seed42\sampling_img2img\hard\NV\ISIC_0029954_label-NV_strategy-hard_strength-0.45_gs-5.0_aug-004.png,0.9405345320701599,NV,0.9405345320701599,1
ISIC_0032518,NV,1,hard,0.45,5.0,100,0,100420,experiments\260526-0101_res256_sd_lora_uncond_all_seed42\sampling_img2img\hard\NV\ISIC_0032518_label-NV_strategy-hard_strength-0.45_gs-5.0_aug-000.png,0.9279826879501343,NV,0.9279826879501343,1
ISIC_0032518,NV,1,hard,0.45,5.0,100,1,101420,experiments\260526-0101_res256_sd_lora_uncond_all_seed42\sampling_img2img\hard\NV\ISIC_0032518_label-NV_strategy-hard_strength-0.45_gs-5.0_aug-001.png,0.9279826879501343,NV,0.9279826879501343,1
ISIC_0032518,NV,1,hard,0.45,5.0,100,2,102420,experiments\260526-0101_res256_sd_lora_uncond_all_seed42\sampling_img2img\hard\NV\ISIC_0032518_label-NV_strategy-hard_strength-0.45_gs-5.0_aug-002.png,0.9279826879501343,NV,0.9279826879501343,1
ISIC_0032518,NV,1,hard,0.45,5.0,100,3,103420,experiments\260526-0101_res256_sd_lora_uncond_all_seed42\sampling_img2img\hard\NV\ISIC_0032518_label-NV_strategy-hard_strength-0.45_gs-5.0_aug-003.png,0.9279826879501343,NV,0.9279826879501343,1
ISIC_0032518,NV,1,hard,0.45,5.0,100,4,104420,experiments\260526-0101_res256_sd_lora_uncond_all_seed42\sampling_img2img\hard\NV\ISIC_0032518_label-NV_strategy-hard_strength-0.45_gs-5.0_aug-004.png,0.9279826879501343,NV,0.9279826879501343,1
ISIC_0032608,NV,1,hard,0.45,5.0,100,0,101029,experiments\260526-0101_res256_sd_lora_uncond_all_seed42\sampling_img2img\hard\NV\ISIC_0032608_label-NV_strategy-hard_strength-0.45_gs-5.0_aug-000.png,0.7826942801475525,NV,0.7826942801475525,1
ISIC_0032608,NV,1,hard,0.45,5.0,100,1,102029,experiments\260526-0101_res256_sd_lora_uncond_all_seed42\sampling_img2img\hard\NV\ISIC_0032608_label-NV_strategy-hard_strength-0.45_gs-5.0_aug-001.png,0.7826942801475525,NV,0.7826942801475525,1
ISIC_0032608,NV,1,hard,0.45,5.0,100,2,103029,experiments\260526-0101_res256_sd_lora_uncond_all_seed42\sampling_img2img\hard\NV\ISIC_0032608_label-NV_strategy-hard_strength-0.45_gs-5.0_aug-002.png,0.7826942801475525,NV,0.7826942801475525,1
ISIC_0032608,NV,1,hard,0.45,5.0,100,3,104029,experiments\260526-0101_res256_sd_lora_uncond_all_seed42\sampling_img2img\hard\NV\ISIC_0032608_label-NV_strategy-hard_strength-0.45_gs-5.0_aug-003.png,0.7826942801475525,NV,0.7826942801475525,1
ISIC_0032608,NV,1,hard,0.45,5.0,100,4,105029,experiments\260526-0101_res256_sd_lora_uncond_all_seed42\sampling_img2img\hard\NV\ISIC_0032608_label-NV_strategy-hard_strength-0.45_gs-5.0_aug-004.png,0.7826942801475525,NV,0.7826942801475525,1
ISIC_0030763,NV,1,hard,0.45,5.0,100,0,100290,experiments\260526-0101_res256_sd_lora_uncond_all_seed42\sampling_img2img\hard\NV\ISIC_0030763_label-NV_strategy-hard_strength-0.45_gs-5.0_aug-000.png,0.9289868474006653,NV,0.9289868474006653,1
ISIC_0030763,NV,1,hard,0.45,5.0,100,1,101290,experiments\260526-0101_res256_sd_lora_uncond_all_seed42\sampling_img2img\hard\NV\ISIC_0030763_label-NV_strategy-hard_strength-0.45_gs-5.0_aug-001.png,0.9289868474006653,NV,0.9289868474006653,1
ISIC_0030763,NV,1,hard,0.45,5.0,100,2,102290,experiments\260526-0101_res256_sd_lora_uncond_all_seed42\sampling_img2img\hard\NV\ISIC_0030763_label-NV_strategy-hard_strength-0.45_gs-5.0_aug-002.png,0.9289868474006653,NV,0.9289868474006653,1
ISIC_0030763,NV,1,hard,0.45,5.0,100,3,103290,experiments\260526-0101_res256_sd_lora_uncond_all_seed42\sampling_img2img\hard\NV\ISIC_0030763_label-NV_strategy-hard_strength-0.45_gs-5.0_aug-003.png,0.9289868474006653,NV,0.9289868474006653,1
ISIC_0030763,NV,1,hard,0.45,5.0,100,4,104290,experiments\260526-0101_res256_sd_lora_uncond_all_seed42\sampling_img2img\hard\NV\ISIC_0030763_label-NV_strategy-hard_strength-0.45_gs-5.0_aug-004.png,0.9289868474006653,NV,0.9289868474006653,1
ISIC_0032027,NV,1,hard,0.45,5.0,100,0,100092,experiments\260526-0101_res256_sd_lora_uncond_all_seed42\sampling_img2img\hard\NV\ISIC_0032027_label-NV_strategy-hard_strength-0.45_gs-5.0_aug-000.png,0.9154978394508362,NV,0.9154978394508362,1
ISIC_0032027,NV,1,hard,0.45,5.0,100,1,101092,experiments\260526-0101_res256_sd_lora_uncond_all_seed42\sampling_img2img\hard\NV\ISIC_0032027_label-NV_strategy-hard_strength-0.45_gs-5.0_aug-001.png,0.9154978394508362,NV,0.9154978394508362,1
ISIC_0032027,NV,1,hard,0.45,5.0,100,2,102092,experiments\260526-0101_res256_sd_lora_uncond_all_seed42\sampling_img2img\hard\NV\ISIC_0032027_label-NV_strategy-hard_strength-0.45_gs-5.0_aug-002.png,0.9154978394508362,NV,0.9154978394508362,1
ISIC_0032027,NV,1,hard,0.45,5.0,100,3,103092,experiments\260526-0101_res256_sd_lora_uncond_all_seed42\sampling_img2img\hard\NV\ISIC_0032027_label-NV_strategy-hard_strength-0.45_gs-5.0_aug-003.png,0.9154978394508362,NV,0.9154978394508362,1
ISIC_0032027,NV,1,hard,0.45,5.0,100,4,104092,experiments\260526-0101_res256_sd_lora_uncond_all_seed42\sampling_img2img\hard\NV\ISIC_0032027_label-NV_strategy-hard_strength-0.45_gs-5.0_aug-004.png,0.9154978394508362,NV,0.9154978394508362,1
ISIC_0033225,NV,1,hard,0.45,5.0,100,0,100475,experiments\260526-0101_res256_sd_lora_uncond_all_seed42\sampling_img2img\hard\NV\ISIC_0033225_label-NV_strategy-hard_strength-0.45_gs-5.0_aug-000.png,0.7920334339141846,NV,0.7920334339141846,1
ISIC_0033225,NV,1,hard,0.45,5.0,100,1,101475,experiments\260526-0101_res256_sd_lora_uncond_all_seed42\sampling_img2img\hard\NV\ISIC_0033225_label-NV_strategy-hard_strength-0.45_gs-5.0_aug-001.png,0.7920334339141846,NV,0.7920334339141846,1
ISIC_0033225,NV,1,hard,0.45,5.0,100,2,102475,experiments\260526-0101_res256_sd_lora_uncond_all_seed42\sampling_img2img\hard\NV\ISIC_0033225_label-NV_strategy-hard_strength-0.45_gs-5.0_aug-002.png,0.7920334339141846,NV,0.7920334339141846,1
ISIC_0033225,NV,1,hard,0.45,5.0,100,3,103475,experiments\260526-0101_res256_sd_lora_uncond_all_seed42\sampling_img2img\hard\NV\ISIC_0033225_label-NV_strategy-hard_strength-0.45_gs-5.0_aug-003.png,0.7920334339141846,NV,0.7920334339141846,1
ISIC_0033225,NV,1,hard,0.45,5.0,100,4,104475,experiments\260526-0101_res256_sd_lora_uncond_all_seed42\sampling_img2img\hard\NV\ISIC_0033225_label-NV_strategy-hard_strength-0.45_gs-5.0_aug-004.png,0.7920334339141846,NV,0.7920334339141846,1
ISIC_0032186,NV,1,hard,0.45,5.0,100,0,100572,experiments\260526-0101_res256_sd_lora_uncond_all_seed42\sampling_img2img\hard\NV\ISIC_0032186_label-NV_strategy-hard_strength-0.45_gs-5.0_aug-000.png,0.6869171261787415,NV,0.6869171261787415,1
ISIC_0032186,NV,1,hard,0.45,5.0,100,1,101572,experiments\260526-0101_res256_sd_lora_uncond_all_seed42\sampling_img2img\hard\NV\ISIC_0032186_label-NV_strategy-hard_strength-0.45_gs-5.0_aug-001.png,0.6869171261787415,NV,0.6869171261787415,1
ISIC_0032186,NV,1,hard,0.45,5.0,100,2,102572,experiments\260526-0101_res256_sd_lora_uncond_all_seed42\sampling_img2img\hard\NV\ISIC_0032186_label-NV_strategy-hard_strength-0.45_gs-5.0_aug-002.png,0.6869171261787415,NV,0.6869171261787415,1
ISIC_0032186,NV,1,hard,0.45,5.0,100,3,103572,experiments\260526-0101_res256_sd_lora_uncond_all_seed42\sampling_img2img\hard\NV\ISIC_0032186_label-NV_strategy-hard_strength-0.45_gs-5.0_aug-003.png,0.6869171261787415,NV,0.6869171261787415,1
ISIC_0032186,NV,1,hard,0.45,5.0,100,4,104572,experiments\260526-0101_res256_sd_lora_uncond_all_seed42\sampling_img2img\hard\NV\ISIC_0032186_label-NV_strategy-hard_strength-0.45_gs-5.0_aug-004.png,0.6869171261787415,NV,0.6869171261787415,1
ISIC_0029365,NV,1,hard,0.45,5.0,100,0,100977,experiments\260526-0101_res256_sd_lora_uncond_all_seed42\sampling_img2img\hard\NV\ISIC_0029365_label-NV_strategy-hard_strength-0.45_gs-5.0_aug-000.png,0.9224374890327454,NV,0.9224374890327454,1
ISIC_0029365,NV,1,hard,0.45,5.0,100,1,101977,experiments\260526-0101_res256_sd_lora_uncond_all_seed42\sampling_img2img\hard\NV\ISIC_0029365_label-NV_strategy-hard_strength-0.45_gs-5.0_aug-001.png,0.9224374890327454,NV,0.9224374890327454,1
ISIC_0029365,NV,1,hard,0.45,5.0,100,2,102977,experiments\260526-0101_res256_sd_lora_uncond_all_seed42\sampling_img2img\hard\NV\ISIC_0029365_label-NV_strategy-hard_strength-0.45_gs-5.0_aug-002.png,0.9224374890327454,NV,0.9224374890327454,1
ISIC_0029365,NV,1,hard,0.45,5.0,100,3,103977,experiments\260526-0101_res256_sd_lora_uncond_all_seed42\sampling_img2img\hard\NV\ISIC_0029365_label-NV_strategy-hard_strength-0.45_gs-5.0_aug-003.png,0.9224374890327454,NV,0.9224374890327454,1
ISIC_0029365,NV,1,hard,0.45,5.0,100,4,104977,experiments\260526-0101_res256_sd_lora_uncond_all_seed42\sampling_img2img\hard\NV\ISIC_0029365_label-NV_strategy-hard_strength-0.45_gs-5.0_aug-004.png,0.9224374890327454,NV,0.9224374890327454,1
ISIC_0030912,NV,1,hard,0.45,5.0,100,0,100766,experiments\260526-0101_res256_sd_lora_uncond_all_seed42\sampling_img2img\hard\NV\ISIC_0030912_label-NV_strategy-hard_strength-0.45_gs-5.0_aug-000.png,0.9402630925178528,NV,0.9402630925178528,1
ISIC_0030912,NV,1,hard,0.45,5.0,100,1,101766,experiments\260526-0101_res256_sd_lora_uncond_all_seed42\sampling_img2img\hard\NV\ISIC_0030912_label-NV_strategy-hard_strength-0.45_gs-5.0_aug-001.png,0.9402630925178528,NV,0.9402630925178528,1
ISIC_0030912,NV,1,hard,0.45,5.0,100,2,102766,experiments\260526-0101_res256_sd_lora_uncond_all_seed42\sampling_img2img\hard\NV\ISIC_0030912_label-NV_strategy-hard_strength-0.45_gs-5.0_aug-002.png,0.9402630925178528,NV,0.9402630925178528,1
ISIC_0030912,NV,1,hard,0.45,5.0,100,3,103766,experiments\260526-0101_res256_sd_lora_uncond_all_seed42\sampling_img2img\hard\NV\ISIC_0030912_label-NV_strategy-hard_strength-0.45_gs-5.0_aug-003.png,0.9402630925178528,NV,0.9402630925178528,1
ISIC_0030912,NV,1,hard,0.45,5.0,100,4,104766,experiments\260526-0101_res256_sd_lora_uncond_all_seed42\sampling_img2img\hard\NV\ISIC_0030912_label-NV_strategy-hard_strength-0.45_gs-5.0_aug-004.png,0.9402630925178528,NV,0.9402630925178528,1
ISIC_0030777,NV,1,hard,0.45,5.0,100,0,100379,experiments\260526-0101_res256_sd_lora_uncond_all_seed42\sampling_img2img\hard\NV\ISIC_0030777_label-NV_strategy-hard_strength-0.45_gs-5.0_aug-000.png,0.933493435382843,NV,0.933493435382843,1
ISIC_0030777,NV,1,hard,0.45,5.0,100,1,101379,experiments\260526-0101_res256_sd_lora_uncond_all_seed42\sampling_img2img\hard\NV\ISIC_0030777_label-NV_strategy-hard_strength-0.45_gs-5.0_aug-001.png,0.933493435382843,NV,0.933493435382843,1
ISIC_0030777,NV,1,hard,0.45,5.0,100,2,102379,experiments\260526-0101_res256_sd_lora_uncond_all_seed42\sampling_img2img\hard\NV\ISIC_0030777_label-NV_strategy-hard_strength-0.45_gs-5.0_aug-002.png,0.933493435382843,NV,0.933493435382843,1
ISIC_0030777,NV,1,hard,0.45,5.0,100,3,103379,experiments\260526-0101_res256_sd_lora_uncond_all_seed42\sampling_img2img\hard\NV\ISIC_0030777_label-NV_strategy-hard_strength-0.45_gs-5.0_aug-003.png,0.933493435382843,NV,0.933493435382843,1
ISIC_0030777,NV,1,hard,0.45,5.0,100,4,104379,experiments\260526-0101_res256_sd_lora_uncond_all_seed42\sampling_img2img\hard\NV\ISIC_0030777_label-NV_strategy-hard_strength-0.45_gs-5.0_aug-004.png,0.933493435382843,NV,0.933493435382843,1
ISIC_0032786,NV,1,hard,0.45,5.0,100,0,100402,experiments\260526-0101_res256_sd_lora_uncond_all_seed42\sampling_img2img\hard\NV\ISIC_0032786_label-NV_strategy-hard_strength-0.45_gs-5.0_aug-000.png,0.936489999294281,NV,0.936489999294281,1
ISIC_0032786,NV,1,hard,0.45,5.0,100,1,101402,experiments\260526-0101_res256_sd_lora_uncond_all_seed42\sampling_img2img\hard\NV\ISIC_0032786_label-NV_strategy-hard_strength-0.45_gs-5.0_aug-001.png,0.936489999294281,NV,0.936489999294281,1
ISIC_0032786,NV,1,hard,0.45,5.0,100,2,102402,experiments\260526-0101_res256_sd_lora_uncond_all_seed42\sampling_img2img\hard\NV\ISIC_0032786_label-NV_strategy-hard_strength-0.45_gs-5.0_aug-002.png,0.936489999294281,NV,0.936489999294281,1
ISIC_0032786,NV,1,hard,0.45,5.0,100,3,103402,experiments\260526-0101_res256_sd_lora_uncond_all_seed42\sampling_img2img\hard\NV\ISIC_0032786_label-NV_strategy-hard_strength-0.45_gs-5.0_aug-003.png,0.936489999294281,NV,0.936489999294281,1
ISIC_0032786,NV,1,hard,0.45,5.0,100,4,104402,experiments\260526-0101_res256_sd_lora_uncond_all_seed42\sampling_img2img\hard\NV\ISIC_0032786_label-NV_strategy-hard_strength-0.45_gs-5.0_aug-004.png,0.936489999294281,NV,0.936489999294281,1
ISIC_0025116,NV,1,hard,0.45,5.0,100,0,100454,experiments\260526-0101_res256_sd_lora_uncond_all_seed42\sampling_img2img\hard\NV\ISIC_0025116_label-NV_strategy-hard_strength-0.45_gs-5.0_aug-000.png,0.9343432188034058,NV,0.9343432188034058,1
ISIC_0025116,NV,1,hard,0.45,5.0,100,1,101454,experiments\260526-0101_res256_sd_lora_uncond_all_seed42\sampling_img2img\hard\NV\ISIC_0025116_label-NV_strategy-hard_strength-0.45_gs-5.0_aug-001.png,0.9343432188034058,NV,0.9343432188034058,1
ISIC_0025116,NV,1,hard,0.45,5.0,100,2,102454,experiments\260526-0101_res256_sd_lora_uncond_all_seed42\sampling_img2img\hard\NV\ISIC_0025116_label-NV_strategy-hard_strength-0.45_gs-5.0_aug-002.png,0.9343432188034058,NV,0.9343432188034058,1
ISIC_0025116,NV,1,hard,0.45,5.0,100,3,103454,experiments\260526-0101_res256_sd_lora_uncond_all_seed42\sampling_img2img\hard\NV\ISIC_0025116_label-NV_strategy-hard_strength-0.45_gs-5.0_aug-003.png,0.9343432188034058,NV,0.9343432188034058,1
ISIC_0025116,NV,1,hard,0.45,5.0,100,4,104454,experiments\260526-0101_res256_sd_lora_uncond_all_seed42\sampling_img2img\hard\NV\ISIC_0025116_label-NV_strategy-hard_strength-0.45_gs-5.0_aug-004.png,0.9343432188034058,NV,0.9343432188034058,1
ISIC_0027195,NV,1,hard,0.45,5.0,100,0,100374,experiments\260526-0101_res256_sd_lora_uncond_all_seed42\sampling_img2img\hard\NV\ISIC_0027195_label-NV_strategy-hard_strength-0.45_gs-5.0_aug-000.png,0.9165624976158142,NV,0.9165624976158142,1
ISIC_0027195,NV,1,hard,0.45,5.0,100,1,101374,experiments\260526-0101_res256_sd_lora_uncond_all_seed42\sampling_img2img\hard\NV\ISIC_0027195_label-NV_strategy-hard_strength-0.45_gs-5.0_aug-001.png,0.9165624976158142,NV,0.9165624976158142,1
ISIC_0027195,NV,1,hard,0.45,5.0,100,2,102374,experiments\260526-0101_res256_sd_lora_uncond_all_seed42\sampling_img2img\hard\NV\ISIC_0027195_label-NV_strategy-hard_strength-0.45_gs-5.0_aug-002.png,0.9165624976158142,NV,0.9165624976158142,1
ISIC_0027195,NV,1,hard,0.45,5.0,100,3,103374,experiments\260526-0101_res256_sd_lora_uncond_all_seed42\sampling_img2img\hard\NV\ISIC_0027195_label-NV_strategy-hard_strength-0.45_gs-5.0_aug-003.png,0.9165624976158142,NV,0.9165624976158142,1
ISIC_0027195,NV,1,hard,0.45,5.0,100,4,104374,experiments\260526-0101_res256_sd_lora_uncond_all_seed42\sampling_img2img\hard\NV\ISIC_0027195_label-NV_strategy-hard_strength-0.45_gs-5.0_aug-004.png,0.9165624976158142,NV,0.9165624976158142,1
ISIC_0033144,NV,1,hard,0.45,5.0,100,0,100874,experiments\260526-0101_res256_sd_lora_uncond_all_seed42\sampling_img2img\hard\NV\ISIC_0033144_label-NV_strategy-hard_strength-0.45_gs-5.0_aug-000.png,0.920997679233551,NV,0.920997679233551,1
ISIC_0033144,NV,1,hard,0.45,5.0,100,1,101874,experiments\260526-0101_res256_sd_lora_uncond_all_seed42\sampling_img2img\hard\NV\ISIC_0033144_label-NV_strategy-hard_strength-0.45_gs-5.0_aug-001.png,0.920997679233551,NV,0.920997679233551,1
ISIC_0033144,NV,1,hard,0.45,5.0,100,2,102874,experiments\260526-0101_res256_sd_lora_uncond_all_seed42\sampling_img2img\hard\NV\ISIC_0033144_label-NV_strategy-hard_strength-0.45_gs-5.0_aug-002.png,0.920997679233551,NV,0.920997679233551,1
ISIC_0033144,NV,1,hard,0.45,5.0,100,3,103874,experiments\260526-0101_res256_sd_lora_uncond_all_seed42\sampling_img2img\hard\NV\ISIC_0033144_label-NV_strategy-hard_strength-0.45_gs-5.0_aug-003.png,0.920997679233551,NV,0.920997679233551,1
ISIC_0033144,NV,1,hard,0.45,5.0,100,4,104874,experiments\260526-0101_res256_sd_lora_uncond_all_seed42\sampling_img2img\hard\NV\ISIC_0033144_label-NV_strategy-hard_strength-0.45_gs-5.0_aug-004.png,0.920997679233551,NV,0.920997679233551,1
ISIC_0030857,NV,1,hard,0.45,5.0,100,0,100214,experiments\260526-0101_res256_sd_lora_uncond_all_seed42\sampling_img2img\hard\NV\ISIC_0030857_label-NV_strategy-hard_strength-0.45_gs-5.0_aug-000.png,0.9320010542869568,NV,0.9320010542869568,1
ISIC_0030857,NV,1,hard,0.45,5.0,100,1,101214,experiments\260526-0101_res256_sd_lora_uncond_all_seed42\sampling_img2img\hard\NV\ISIC_0030857_label-NV_strategy-hard_strength-0.45_gs-5.0_aug-001.png,0.9320010542869568,NV,0.9320010542869568,1
ISIC_0030857,NV,1,hard,0.45,5.0,100,2,102214,experiments\260526-0101_res256_sd_lora_uncond_all_seed42\sampling_img2img\hard\NV\ISIC_0030857_label-NV_strategy-hard_strength-0.45_gs-5.0_aug-002.png,0.9320010542869568,NV,0.9320010542869568,1
ISIC_0030857,NV,1,hard,0.45,5.0,100,3,103214,experiments\260526-0101_res256_sd_lora_uncond_all_seed42\sampling_img2img\hard\NV\ISIC_0030857_label-NV_strategy-hard_strength-0.45_gs-5.0_aug-003.png,0.9320010542869568,NV,0.9320010542869568,1
ISIC_0030857,NV,1,hard,0.45,5.0,100,4,104214,experiments\260526-0101_res256_sd_lora_uncond_all_seed42\sampling_img2img\hard\NV\ISIC_0030857_label-NV_strategy-hard_strength-0.45_gs-5.0_aug-004.png,0.9320010542869568,NV,0.9320010542869568,1
ISIC_0026537,NV,1,hard,0.45,5.0,100,0,100198,experiments\260526-0101_res256_sd_lora_uncond_all_seed42\sampling_img2img\hard\NV\ISIC_0026537_label-NV_strategy-hard_strength-0.45_gs-5.0_aug-000.png,0.8870213627815247,NV,0.8870213627815247,1
ISIC_0026537,NV,1,hard,0.45,5.0,100,1,101198,experiments\260526-0101_res256_sd_lora_uncond_all_seed42\sampling_img2img\hard\NV\ISIC_0026537_label-NV_strategy-hard_strength-0.45_gs-5.0_aug-001.png,0.8870213627815247,NV,0.8870213627815247,1
ISIC_0026537,NV,1,hard,0.45,5.0,100,2,102198,experiments\260526-0101_res256_sd_lora_uncond_all_seed42\sampling_img2img\hard\NV\ISIC_0026537_label-NV_strategy-hard_strength-0.45_gs-5.0_aug-002.png,0.8870213627815247,NV,0.8870213627815247,1
ISIC_0026537,NV,1,hard,0.45,5.0,100,3,103198,experiments\260526-0101_res256_sd_lora_uncond_all_seed42\sampling_img2img\hard\NV\ISIC_0026537_label-NV_strategy-hard_strength-0.45_gs-5.0_aug-003.png,0.8870213627815247,NV,0.8870213627815247,1
ISIC_0026537,NV,1,hard,0.45,5.0,100,4,104198,experiments\260526-0101_res256_sd_lora_uncond_all_seed42\sampling_img2img\hard\NV\ISIC_0026537_label-NV_strategy-hard_strength-0.45_gs-5.0_aug-004.png,0.8870213627815247,NV,0.8870213627815247,1
ISIC_0030949,NV,1,hard,0.45,5.0,100,0,100733,experiments\260526-0101_res256_sd_lora_uncond_all_seed42\sampling_img2img\hard\NV\ISIC_0030949_label-NV_strategy-hard_strength-0.45_gs-5.0_aug-000.png,0.8991813659667969,NV,0.8991813659667969,1
ISIC_0030949,NV,1,hard,0.45,5.0,100,1,101733,experiments\260526-0101_res256_sd_lora_uncond_all_seed42\sampling_img2img\hard\NV\ISIC_0030949_label-NV_strategy-hard_strength-0.45_gs-5.0_aug-001.png,0.8991813659667969,NV,0.8991813659667969,1
ISIC_0030949,NV,1,hard,0.45,5.0,100,2,102733,experiments\260526-0101_res256_sd_lora_uncond_all_seed42\sampling_img2img\hard\NV\ISIC_0030949_label-NV_strategy-hard_strength-0.45_gs-5.0_aug-002.png,0.8991813659667969,NV,0.8991813659667969,1
ISIC_0030949,NV,1,hard,0.45,5.0,100,3,103733,experiments\260526-0101_res256_sd_lora_uncond_all_seed42\sampling_img2img\hard\NV\ISIC_0030949_label-NV_strategy-hard_strength-0.45_gs-5.0_aug-003.png,0.8991813659667969,NV,0.8991813659667969,1
ISIC_0030949,NV,1,hard,0.45,5.0,100,4,104733,experiments\260526-0101_res256_sd_lora_uncond_all_seed42\sampling_img2img\hard\NV\ISIC_0030949_label-NV_strategy-hard_strength-0.45_gs-5.0_aug-004.png,0.8991813659667969,NV,0.8991813659667969,1
ISIC_0031137,NV,1,hard,0.45,5.0,100,0,100293,experiments\260526-0101_res256_sd_lora_uncond_all_seed42\sampling_img2img\hard\NV\ISIC_0031137_label-NV_strategy-hard_strength-0.45_gs-5.0_aug-000.png,0.9408125281333923,NV,0.9408125281333923,1
ISIC_0031137,NV,1,hard,0.45,5.0,100,1,101293,experiments\260526-0101_res256_sd_lora_uncond_all_seed42\sampling_img2img\hard\NV\ISIC_0031137_label-NV_strategy-hard_strength-0.45_gs-5.0_aug-001.png,0.9408125281333923,NV,0.9408125281333923,1
ISIC_0031137,NV,1,hard,0.45,5.0,100,2,102293,experiments\260526-0101_res256_sd_lora_uncond_all_seed42\sampling_img2img\hard\NV\ISIC_0031137_label-NV_strategy-hard_strength-0.45_gs-5.0_aug-002.png,0.9408125281333923,NV,0.9408125281333923,1
ISIC_0031137,NV,1,hard,0.45,5.0,100,3,103293,experiments\260526-0101_res256_sd_lora_uncond_all_seed42\sampling_img2img\hard\NV\ISIC_0031137_label-NV_strategy-hard_strength-0.45_gs-5.0_aug-003.png,0.9408125281333923,NV,0.9408125281333923,1
ISIC_0031137,NV,1,hard,0.45,5.0,100,4,104293,experiments\260526-0101_res256_sd_lora_uncond_all_seed42\sampling_img2img\hard\NV\ISIC_0031137_label-NV_strategy-hard_strength-0.45_gs-5.0_aug-004.png,0.9408125281333923,NV,0.9408125281333923,1
ISIC_0027986,NV,1,hard,0.45,5.0,100,0,100993,experiments\260526-0101_res256_sd_lora_uncond_all_seed42\sampling_img2img\hard\NV\ISIC_0027986_label-NV_strategy-hard_strength-0.45_gs-5.0_aug-000.png,0.9198861122131348,NV,0.9198861122131348,1
ISIC_0027986,NV,1,hard,0.45,5.0,100,1,101993,experiments\260526-0101_res256_sd_lora_uncond_all_seed42\sampling_img2img\hard\NV\ISIC_0027986_label-NV_strategy-hard_strength-0.45_gs-5.0_aug-001.png,0.9198861122131348,NV,0.9198861122131348,1
ISIC_0027986,NV,1,hard,0.45,5.0,100,2,102993,experiments\260526-0101_res256_sd_lora_uncond_all_seed42\sampling_img2img\hard\NV\ISIC_0027986_label-NV_strategy-hard_strength-0.45_gs-5.0_aug-002.png,0.9198861122131348,NV,0.9198861122131348,1
ISIC_0027986,NV,1,hard,0.45,5.0,100,3,103993,experiments\260526-0101_res256_sd_lora_uncond_all_seed42\sampling_img2img\hard\NV\ISIC_0027986_label-NV_strategy-hard_strength-0.45_gs-5.0_aug-003.png,0.9198861122131348,NV,0.9198861122131348,1
ISIC_0027986,NV,1,hard,0.45,5.0,100,4,104993,experiments\260526-0101_res256_sd_lora_uncond_all_seed42\sampling_img2img\hard\NV\ISIC_0027986_label-NV_strategy-hard_strength-0.45_gs-5.0_aug-004.png,0.9198861122131348,NV,0.9198861122131348,1
ISIC_0029307,NV,1,hard,0.45,5.0,100,0,101021,experiments\260526-0101_res256_sd_lora_uncond_all_seed42\sampling_img2img\hard\NV\ISIC_0029307_label-NV_strategy-hard_strength-0.45_gs-5.0_aug-000.png,0.9380134344100952,NV,0.9380134344100952,1
ISIC_0029307,NV,1,hard,0.45,5.0,100,1,102021,experiments\260526-0101_res256_sd_lora_uncond_all_seed42\sampling_img2img\hard\NV\ISIC_0029307_label-NV_strategy-hard_strength-0.45_gs-5.0_aug-001.png,0.9380134344100952,NV,0.9380134344100952,1
ISIC_0029307,NV,1,hard,0.45,5.0,100,2,103021,experiments\260526-0101_res256_sd_lora_uncond_all_seed42\sampling_img2img\hard\NV\ISIC_0029307_label-NV_strategy-hard_strength-0.45_gs-5.0_aug-002.png,0.9380134344100952,NV,0.9380134344100952,1
ISIC_0029307,NV,1,hard,0.45,5.0,100,3,104021,experiments\260526-0101_res256_sd_lora_uncond_all_seed42\sampling_img2img\hard\NV\ISIC_0029307_label-NV_strategy-hard_strength-0.45_gs-5.0_aug-003.png,0.9380134344100952,NV,0.9380134344100952,1
ISIC_0029307,NV,1,hard,0.45,5.0,100,4,105021,experiments\260526-0101_res256_sd_lora_uncond_all_seed42\sampling_img2img\hard\NV\ISIC_0029307_label-NV_strategy-hard_strength-0.45_gs-5.0_aug-004.png,0.9380134344100952,NV,0.9380134344100952,1
ISIC_0031837,NV,1,hard,0.45,5.0,100,0,100843,experiments\260526-0101_res256_sd_lora_uncond_all_seed42\sampling_img2img\hard\NV\ISIC_0031837_label-NV_strategy-hard_strength-0.45_gs-5.0_aug-000.png,0.9146898984909058,NV,0.9146898984909058,1
ISIC_0031837,NV,1,hard,0.45,5.0,100,1,101843,experiments\260526-0101_res256_sd_lora_uncond_all_seed42\sampling_img2img\hard\NV\ISIC_0031837_label-NV_strategy-hard_strength-0.45_gs-5.0_aug-001.png,0.9146898984909058,NV,0.9146898984909058,1
ISIC_0031837,NV,1,hard,0.45,5.0,100,2,102843,experiments\260526-0101_res256_sd_lora_uncond_all_seed42\sampling_img2img\hard\NV\ISIC_0031837_label-NV_strategy-hard_strength-0.45_gs-5.0_aug-002.png,0.9146898984909058,NV,0.9146898984909058,1
ISIC_0031837,NV,1,hard,0.45,5.0,100,3,103843,experiments\260526-0101_res256_sd_lora_uncond_all_seed42\sampling_img2img\hard\NV\ISIC_0031837_label-NV_strategy-hard_strength-0.45_gs-5.0_aug-003.png,0.9146898984909058,NV,0.9146898984909058,1
ISIC_0031837,NV,1,hard,0.45,5.0,100,4,104843,experiments\260526-0101_res256_sd_lora_uncond_all_seed42\sampling_img2img\hard\NV\ISIC_0031837_label-NV_strategy-hard_strength-0.45_gs-5.0_aug-004.png,0.9146898984909058,NV,0.9146898984909058,1
ISIC_0029226,NV,1,hard,0.45,5.0,100,0,100153,experiments\260526-0101_res256_sd_lora_uncond_all_seed42\sampling_img2img\hard\NV\ISIC_0029226_label-NV_strategy-hard_strength-0.45_gs-5.0_aug-000.png,0.9354977011680603,NV,0.9354977011680603,1
ISIC_0029226,NV,1,hard,0.45,5.0,100,1,101153,experiments\260526-0101_res256_sd_lora_uncond_all_seed42\sampling_img2img\hard\NV\ISIC_0029226_label-NV_strategy-hard_strength-0.45_gs-5.0_aug-001.png,0.9354977011680603,NV,0.9354977011680603,1
ISIC_0029226,NV,1,hard,0.45,5.0,100,2,102153,experiments\260526-0101_res256_sd_lora_uncond_all_seed42\sampling_img2img\hard\NV\ISIC_0029226_label-NV_strategy-hard_strength-0.45_gs-5.0_aug-002.png,0.9354977011680603,NV,0.9354977011680603,1
ISIC_0029226,NV,1,hard,0.45,5.0,100,3,103153,experiments\260526-0101_res256_sd_lora_uncond_all_seed42\sampling_img2img\hard\NV\ISIC_0029226_label-NV_strategy-hard_strength-0.45_gs-5.0_aug-003.png,0.9354977011680603,NV,0.9354977011680603,1
ISIC_0029226,NV,1,hard,0.45,5.0,100,4,104153,experiments\260526-0101_res256_sd_lora_uncond_all_seed42\sampling_img2img\hard\NV\ISIC_0029226_label-NV_strategy-hard_strength-0.45_gs-5.0_aug-004.png,0.9354977011680603,NV,0.9354977011680603,1
ISIC_0024392,NV,1,hard,0.45,5.0,100,0,100594,experiments\260526-0101_res256_sd_lora_uncond_all_seed42\sampling_img2img\hard\NV\ISIC_0024392_label-NV_strategy-hard_strength-0.45_gs-5.0_aug-000.png,0.9281586408615112,NV,0.9281586408615112,1
ISIC_0024392,NV,1,hard,0.45,5.0,100,1,101594,experiments\260526-0101_res256_sd_lora_uncond_all_seed42\sampling_img2img\hard\NV\ISIC_0024392_label-NV_strategy-hard_strength-0.45_gs-5.0_aug-001.png,0.9281586408615112,NV,0.9281586408615112,1
ISIC_0024392,NV,1,hard,0.45,5.0,100,2,102594,experiments\260526-0101_res256_sd_lora_uncond_all_seed42\sampling_img2img\hard\NV\ISIC_0024392_label-NV_strategy-hard_strength-0.45_gs-5.0_aug-002.png,0.9281586408615112,NV,0.9281586408615112,1
ISIC_0024392,NV,1,hard,0.45,5.0,100,3,103594,experiments\260526-0101_res256_sd_lora_uncond_all_seed42\sampling_img2img\hard\NV\ISIC_0024392_label-NV_strategy-hard_strength-0.45_gs-5.0_aug-003.png,0.9281586408615112,NV,0.9281586408615112,1
ISIC_0024392,NV,1,hard,0.45,5.0,100,4,104594,experiments\260526-0101_res256_sd_lora_uncond_all_seed42\sampling_img2img\hard\NV\ISIC_0024392_label-NV_strategy-hard_strength-0.45_gs-5.0_aug-004.png,0.9281586408615112,NV,0.9281586408615112,1
ISIC_0027636,NV,1,hard,0.45,5.0,100,0,100523,experiments\260526-0101_res256_sd_lora_uncond_all_seed42\sampling_img2img\hard\NV\ISIC_0027636_label-NV_strategy-hard_strength-0.45_gs-5.0_aug-000.png,0.8859065175056458,NV,0.8859065175056458,1
ISIC_0027636,NV,1,hard,0.45,5.0,100,1,101523,experiments\260526-0101_res256_sd_lora_uncond_all_seed42\sampling_img2img\hard\NV\ISIC_0027636_label-NV_strategy-hard_strength-0.45_gs-5.0_aug-001.png,0.8859065175056458,NV,0.8859065175056458,1
ISIC_0027636,NV,1,hard,0.45,5.0,100,2,102523,experiments\260526-0101_res256_sd_lora_uncond_all_seed42\sampling_img2img\hard\NV\ISIC_0027636_label-NV_strategy-hard_strength-0.45_gs-5.0_aug-002.png,0.8859065175056458,NV,0.8859065175056458,1
ISIC_0027636,NV,1,hard,0.45,5.0,100,3,103523,experiments\260526-0101_res256_sd_lora_uncond_all_seed42\sampling_img2img\hard\NV\ISIC_0027636_label-NV_strategy-hard_strength-0.45_gs-5.0_aug-003.png,0.8859065175056458,NV,0.8859065175056458,1
ISIC_0027636,NV,1,hard,0.45,5.0,100,4,104523,experiments\260526-0101_res256_sd_lora_uncond_all_seed42\sampling_img2img\hard\NV\ISIC_0027636_label-NV_strategy-hard_strength-0.45_gs-5.0_aug-004.png,0.8859065175056458,NV,0.8859065175056458,1
ISIC_0025619,NV,1,hard,0.45,5.0,100,0,100434,experiments\260526-0101_res256_sd_lora_uncond_all_seed42\sampling_img2img\hard\NV\ISIC_0025619_label-NV_strategy-hard_strength-0.45_gs-5.0_aug-000.png,0.930812418460846,NV,0.930812418460846,1
ISIC_0025619,NV,1,hard,0.45,5.0,100,1,101434,experiments\260526-0101_res256_sd_lora_uncond_all_seed42\sampling_img2img\hard\NV\ISIC_0025619_label-NV_strategy-hard_strength-0.45_gs-5.0_aug-001.png,0.930812418460846,NV,0.930812418460846,1
ISIC_0025619,NV,1,hard,0.45,5.0,100,2,102434,experiments\260526-0101_res256_sd_lora_uncond_all_seed42\sampling_img2img\hard\NV\ISIC_0025619_label-NV_strategy-hard_strength-0.45_gs-5.0_aug-002.png,0.930812418460846,NV,0.930812418460846,1
ISIC_0025619,NV,1,hard,0.45,5.0,100,3,103434,experiments\260526-0101_res256_sd_lora_uncond_all_seed42\sampling_img2img\hard\NV\ISIC_0025619_label-NV_strategy-hard_strength-0.45_gs-5.0_aug-003.png,0.930812418460846,NV,0.930812418460846,1
ISIC_0025619,NV,1,hard,0.45,5.0,100,4,104434,experiments\260526-0101_res256_sd_lora_uncond_all_seed42\sampling_img2img\hard\NV\ISIC_0025619_label-NV_strategy-hard_strength-0.45_gs-5.0_aug-004.png,0.930812418460846,NV,0.930812418460846,1
ISIC_0027851,BCC,2,hard,0.45,5.0,100,0,200133,experiments\260526-0101_res256_sd_lora_uncond_all_seed42\sampling_img2img\hard\BCC\ISIC_0027851_label-BCC_strategy-hard_strength-0.45_gs-5.0_aug-000.png,0.8020759224891663,BCC,0.8020759224891663,1
ISIC_0027851,BCC,2,hard,0.45,5.0,100,1,201133,experiments\260526-0101_res256_sd_lora_uncond_all_seed42\sampling_img2img\hard\BCC\ISIC_0027851_label-BCC_strategy-hard_strength-0.45_gs-5.0_aug-001.png,0.8020759224891663,BCC,0.8020759224891663,1
ISIC_0027851,BCC,2,hard,0.45,5.0,100,2,202133,experiments\260526-0101_res256_sd_lora_uncond_all_seed42\sampling_img2img\hard\BCC\ISIC_0027851_label-BCC_strategy-hard_strength-0.45_gs-5.0_aug-002.png,0.8020759224891663,BCC,0.8020759224891663,1
ISIC_0027851,BCC,2,hard,0.45,5.0,100,3,203133,experiments\260526-0101_res256_sd_lora_uncond_all_seed42\sampling_img2img\hard\BCC\ISIC_0027851_label-BCC_strategy-hard_strength-0.45_gs-5.0_aug-003.png,0.8020759224891663,BCC,0.8020759224891663,1
ISIC_0027851,BCC,2,hard,0.45,5.0,100,4,204133,experiments\260526-0101_res256_sd_lora_uncond_all_seed42\sampling_img2img\hard\BCC\ISIC_0027851_label-BCC_strategy-hard_strength-0.45_gs-5.0_aug-004.png,0.8020759224891663,BCC,0.8020759224891663,1
ISIC_0027189,BCC,2,hard,0.45,5.0,100,0,200484,experiments\260526-0101_res256_sd_lora_uncond_all_seed42\sampling_img2img\hard\BCC\ISIC_0027189_label-BCC_strategy-hard_strength-0.45_gs-5.0_aug-000.png,0.8131575584411621,BCC,0.8131575584411621,1
ISIC_0027189,BCC,2,hard,0.45,5.0,100,1,201484,experiments\260526-0101_res256_sd_lora_uncond_all_seed42\sampling_img2img\hard\BCC\ISIC_0027189_label-BCC_strategy-hard_strength-0.45_gs-5.0_aug-001.png,0.8131575584411621,BCC,0.8131575584411621,1
ISIC_0027189,BCC,2,hard,0.45,5.0,100,2,202484,experiments\260526-0101_res256_sd_lora_uncond_all_seed42\sampling_img2img\hard\BCC\ISIC_0027189_label-BCC_strategy-hard_strength-0.45_gs-5.0_aug-002.png,0.8131575584411621,BCC,0.8131575584411621,1
ISIC_0027189,BCC,2,hard,0.45,5.0,100,3,203484,experiments\260526-0101_res256_sd_lora_uncond_all_seed42\sampling_img2img\hard\BCC\ISIC_0027189_label-BCC_strategy-hard_strength-0.45_gs-5.0_aug-003.png,0.8131575584411621,BCC,0.8131575584411621,1
ISIC_0027189,BCC,2,hard,0.45,5.0,100,4,204484,experiments\260526-0101_res256_sd_lora_uncond_all_seed42\sampling_img2img\hard\BCC\ISIC_0027189_label-BCC_strategy-hard_strength-0.45_gs-5.0_aug-004.png,0.8131575584411621,BCC,0.8131575584411621,1
ISIC_0030737,BCC,2,hard,0.45,5.0,100,0,200152,experiments\260526-0101_res256_sd_lora_uncond_all_seed42\sampling_img2img\hard\BCC\ISIC_0030737_label-BCC_strategy-hard_strength-0.45_gs-5.0_aug-000.png,0.5405992865562439,BCC,0.5405992865562439,1
ISIC_0030737,BCC,2,hard,0.45,5.0,100,1,201152,experiments\260526-0101_res256_sd_lora_uncond_all_seed42\sampling_img2img\hard\BCC\ISIC_0030737_label-BCC_strategy-hard_strength-0.45_gs-5.0_aug-001.png,0.5405992865562439,BCC,0.5405992865562439,1
ISIC_0030737,BCC,2,hard,0.45,5.0,100,2,202152,experiments\260526-0101_res256_sd_lora_uncond_all_seed42\sampling_img2img\hard\BCC\ISIC_0030737_label-BCC_strategy-hard_strength-0.45_gs-5.0_aug-002.png,0.5405992865562439,BCC,0.5405992865562439,1
ISIC_0030737,BCC,2,hard,0.45,5.0,100,3,203152,experiments\260526-0101_res256_sd_lora_uncond_all_seed42\sampling_img2img\hard\BCC\ISIC_0030737_label-BCC_strategy-hard_strength-0.45_gs-5.0_aug-003.png,0.5405992865562439,BCC,0.5405992865562439,1
ISIC_0030737,BCC,2,hard,0.45,5.0,100,4,204152,experiments\260526-0101_res256_sd_lora_uncond_all_seed42\sampling_img2img\hard\BCC\ISIC_0030737_label-BCC_strategy-hard_strength-0.45_gs-5.0_aug-004.png,0.5405992865562439,BCC,0.5405992865562439,1
ISIC_0029323,BCC,2,hard,0.45,5.0,100,0,200129,experiments\260526-0101_res256_sd_lora_uncond_all_seed42\sampling_img2img\hard\BCC\ISIC_0029323_label-BCC_strategy-hard_strength-0.45_gs-5.0_aug-000.png,0.7885289192199707,BCC,0.7885289192199707,1
ISIC_0029323,BCC,2,hard,0.45,5.0,100,1,201129,experiments\260526-0101_res256_sd_lora_uncond_all_seed42\sampling_img2img\hard\BCC\ISIC_0029323_label-BCC_strategy-hard_strength-0.45_gs-5.0_aug-001.png,0.7885289192199707,BCC,0.7885289192199707,1
ISIC_0029323,BCC,2,hard,0.45,5.0,100,2,202129,experiments\260526-0101_res256_sd_lora_uncond_all_seed42\sampling_img2img\hard\BCC\ISIC_0029323_label-BCC_strategy-hard_strength-0.45_gs-5.0_aug-002.png,0.7885289192199707,BCC,0.7885289192199707,1
ISIC_0029323,BCC,2,hard,0.45,5.0,100,3,203129,experiments\260526-0101_res256_sd_lora_uncond_all_seed42\sampling_img2img\hard\BCC\ISIC_0029323_label-BCC_strategy-hard_strength-0.45_gs-5.0_aug-003.png,0.7885289192199707,BCC,0.7885289192199707,1
ISIC_0029323,BCC,2,hard,0.45,5.0,100,4,204129,experiments\260526-0101_res256_sd_lora_uncond_all_seed42\sampling_img2img\hard\BCC\ISIC_0029323_label-BCC_strategy-hard_strength-0.45_gs-5.0_aug-004.png,0.7885289192199707,BCC,0.7885289192199707,1
ISIC_0027297,BCC,2,hard,0.45,5.0,100,0,200523,experiments\260526-0101_res256_sd_lora_uncond_all_seed42\sampling_img2img\hard\BCC\ISIC_0027297_label-BCC_strategy-hard_strength-0.45_gs-5.0_aug-000.png,0.8332036137580872,BCC,0.8332036137580872,1
ISIC_0027297,BCC,2,hard,0.45,5.0,100,1,201523,experiments\260526-0101_res256_sd_lora_uncond_all_seed42\sampling_img2img\hard\BCC\ISIC_0027297_label-BCC_strategy-hard_strength-0.45_gs-5.0_aug-001.png,0.8332036137580872,BCC,0.8332036137580872,1
ISIC_0027297,BCC,2,hard,0.45,5.0,100,2,202523,experiments\260526-0101_res256_sd_lora_uncond_all_seed42\sampling_img2img\hard\BCC\ISIC_0027297_label-BCC_strategy-hard_strength-0.45_gs-5.0_aug-002.png,0.8332036137580872,BCC,0.8332036137580872,1
ISIC_0027297,BCC,2,hard,0.45,5.0,100,3,203523,experiments\260526-0101_res256_sd_lora_uncond_all_seed42\sampling_img2img\hard\BCC\ISIC_0027297_label-BCC_strategy-hard_strength-0.45_gs-5.0_aug-003.png,0.8332036137580872,BCC,0.8332036137580872,1
ISIC_0027297,BCC,2,hard,0.45,5.0,100,4,204523,experiments\260526-0101_res256_sd_lora_uncond_all_seed42\sampling_img2img\hard\BCC\ISIC_0027297_label-BCC_strategy-hard_strength-0.45_gs-5.0_aug-004.png,0.8332036137580872,BCC,0.8332036137580872,1
ISIC_0029129,BCC,2,hard,0.45,5.0,100,0,200154,experiments\260526-0101_res256_sd_lora_uncond_all_seed42\sampling_img2img\hard\BCC\ISIC_0029129_label-BCC_strategy-hard_strength-0.45_gs-5.0_aug-000.png,0.8568964004516602,BCC,0.8568964004516602,1
ISIC_0029129,BCC,2,hard,0.45,5.0,100,1,201154,experiments\260526-0101_res256_sd_lora_uncond_all_seed42\sampling_img2img\hard\BCC\ISIC_0029129_label-BCC_strategy-hard_strength-0.45_gs-5.0_aug-001.png,0.8568964004516602,BCC,0.8568964004516602,1
ISIC_0029129,BCC,2,hard,0.45,5.0,100,2,202154,experiments\260526-0101_res256_sd_lora_uncond_all_seed42\sampling_img2img\hard\BCC\ISIC_0029129_label-BCC_strategy-hard_strength-0.45_gs-5.0_aug-002.png,0.8568964004516602,BCC,0.8568964004516602,1
ISIC_0029129,BCC,2,hard,0.45,5.0,100,3,203154,experiments\260526-0101_res256_sd_lora_uncond_all_seed42\sampling_img2img\hard\BCC\ISIC_0029129_label-BCC_strategy-hard_strength-0.45_gs-5.0_aug-003.png,0.8568964004516602,BCC,0.8568964004516602,1
ISIC_0029129,BCC,2,hard,0.45,5.0,100,4,204154,experiments\260526-0101_res256_sd_lora_uncond_all_seed42\sampling_img2img\hard\BCC\ISIC_0029129_label-BCC_strategy-hard_strength-0.45_gs-5.0_aug-004.png,0.8568964004516602,BCC,0.8568964004516602,1
ISIC_0030230,BCC,2,hard,0.45,5.0,100,0,200934,experiments\260526-0101_res256_sd_lora_uncond_all_seed42\sampling_img2img\hard\BCC\ISIC_0030230_label-BCC_strategy-hard_strength-0.45_gs-5.0_aug-000.png,0.8370271921157837,BCC,0.8370271921157837,1
ISIC_0030230,BCC,2,hard,0.45,5.0,100,1,201934,experiments\260526-0101_res256_sd_lora_uncond_all_seed42\sampling_img2img\hard\BCC\ISIC_0030230_label-BCC_strategy-hard_strength-0.45_gs-5.0_aug-001.png,0.8370271921157837,BCC,0.8370271921157837,1
ISIC_0030230,BCC,2,hard,0.45,5.0,100,2,202934,experiments\260526-0101_res256_sd_lora_uncond_all_seed42\sampling_img2img\hard\BCC\ISIC_0030230_label-BCC_strategy-hard_strength-0.45_gs-5.0_aug-002.png,0.8370271921157837,BCC,0.8370271921157837,1
ISIC_0030230,BCC,2,hard,0.45,5.0,100,3,203934,experiments\260526-0101_res256_sd_lora_uncond_all_seed42\sampling_img2img\hard\BCC\ISIC_0030230_label-BCC_strategy-hard_strength-0.45_gs-5.0_aug-003.png,0.8370271921157837,BCC,0.8370271921157837,1
ISIC_0030230,BCC,2,hard,0.45,5.0,100,4,204934,experiments\260526-0101_res256_sd_lora_uncond_all_seed42\sampling_img2img\hard\BCC\ISIC_0030230_label-BCC_strategy-hard_strength-0.45_gs-5.0_aug-004.png,0.8370271921157837,BCC,0.8370271921157837,1
ISIC_0025940,BCC,2,hard,0.45,5.0,100,0,200708,experiments\260526-0101_res256_sd_lora_uncond_all_seed42\sampling_img2img\hard\BCC\ISIC_0025940_label-BCC_strategy-hard_strength-0.45_gs-5.0_aug-000.png,0.8140813708305359,BCC,0.8140813708305359,1
ISIC_0025940,BCC,2,hard,0.45,5.0,100,1,201708,experiments\260526-0101_res256_sd_lora_uncond_all_seed42\sampling_img2img\hard\BCC\ISIC_0025940_label-BCC_strategy-hard_strength-0.45_gs-5.0_aug-001.png,0.8140813708305359,BCC,0.8140813708305359,1
ISIC_0025940,BCC,2,hard,0.45,5.0,100,2,202708,experiments\260526-0101_res256_sd_lora_uncond_all_seed42\sampling_img2img\hard\BCC\ISIC_0025940_label-BCC_strategy-hard_strength-0.45_gs-5.0_aug-002.png,0.8140813708305359,BCC,0.8140813708305359,1
ISIC_0025940,BCC,2,hard,0.45,5.0,100,3,203708,experiments\260526-0101_res256_sd_lora_uncond_all_seed42\sampling_img2img\hard\BCC\ISIC_0025940_label-BCC_strategy-hard_strength-0.45_gs-5.0_aug-003.png,0.8140813708305359,BCC,0.8140813708305359,1
ISIC_0025940,BCC,2,hard,0.45,5.0,100,4,204708,experiments\260526-0101_res256_sd_lora_uncond_all_seed42\sampling_img2img\hard\BCC\ISIC_0025940_label-BCC_strategy-hard_strength-0.45_gs-5.0_aug-004.png,0.8140813708305359,BCC,0.8140813708305359,1
ISIC_0032414,BCC,2,hard,0.45,5.0,100,0,200165,experiments\260526-0101_res256_sd_lora_uncond_all_seed42\sampling_img2img\hard\BCC\ISIC_0032414_label-BCC_strategy-hard_strength-0.45_gs-5.0_aug-000.png,0.8718600869178772,BCC,0.8718600869178772,1
ISIC_0032414,BCC,2,hard,0.45,5.0,100,1,201165,experiments\260526-0101_res256_sd_lora_uncond_all_seed42\sampling_img2img\hard\BCC\ISIC_0032414_label-BCC_strategy-hard_strength-0.45_gs-5.0_aug-001.png,0.8718600869178772,BCC,0.8718600869178772,1
ISIC_0032414,BCC,2,hard,0.45,5.0,100,2,202165,experiments\260526-0101_res256_sd_lora_uncond_all_seed42\sampling_img2img\hard\BCC\ISIC_0032414_label-BCC_strategy-hard_strength-0.45_gs-5.0_aug-002.png,0.8718600869178772,BCC,0.8718600869178772,1
ISIC_0032414,BCC,2,hard,0.45,5.0,100,3,203165,experiments\260526-0101_res256_sd_lora_uncond_all_seed42\sampling_img2img\hard\BCC\ISIC_0032414_label-BCC_strategy-hard_strength-0.45_gs-5.0_aug-003.png,0.8718600869178772,BCC,0.8718600869178772,1
ISIC_0032414,BCC,2,hard,0.45,5.0,100,4,204165,experiments\260526-0101_res256_sd_lora_uncond_all_seed42\sampling_img2img\hard\BCC\ISIC_0032414_label-BCC_strategy-hard_strength-0.45_gs-5.0_aug-004.png,0.8718600869178772,BCC,0.8718600869178772,1
ISIC_0028168,BCC,2,hard,0.45,5.0,100,0,200150,experiments\260526-0101_res256_sd_lora_uncond_all_seed42\sampling_img2img\hard\BCC\ISIC_0028168_label-BCC_strategy-hard_strength-0.45_gs-5.0_aug-000.png,0.6335622072219849,BCC,0.6335622072219849,1
ISIC_0028168,BCC,2,hard,0.45,5.0,100,1,201150,experiments\260526-0101_res256_sd_lora_uncond_all_seed42\sampling_img2img\hard\BCC\ISIC_0028168_label-BCC_strategy-hard_strength-0.45_gs-5.0_aug-001.png,0.6335622072219849,BCC,0.6335622072219849,1
ISIC_0028168,BCC,2,hard,0.45,5.0,100,2,202150,experiments\260526-0101_res256_sd_lora_uncond_all_seed42\sampling_img2img\hard\BCC\ISIC_0028168_label-BCC_strategy-hard_strength-0.45_gs-5.0_aug-002.png,0.6335622072219849,BCC,0.6335622072219849,1
ISIC_0028168,BCC,2,hard,0.45,5.0,100,3,203150,experiments\260526-0101_res256_sd_lora_uncond_all_seed42\sampling_img2img\hard\BCC\ISIC_0028168_label-BCC_strategy-hard_strength-0.45_gs-5.0_aug-003.png,0.6335622072219849,BCC,0.6335622072219849,1
ISIC_0028168,BCC,2,hard,0.45,5.0,100,4,204150,experiments\260526-0101_res256_sd_lora_uncond_all_seed42\sampling_img2img\hard\BCC\ISIC_0028168_label-BCC_strategy-hard_strength-0.45_gs-5.0_aug-004.png,0.6335622072219849,BCC,0.6335622072219849,1
ISIC_0030114,BCC,2,hard,0.45,5.0,100,0,200553,experiments\260526-0101_res256_sd_lora_uncond_all_seed42\sampling_img2img\hard\BCC\ISIC_0030114_label-BCC_strategy-hard_strength-0.45_gs-5.0_aug-000.png,0.6738179922103882,BCC,0.6738179922103882,1
ISIC_0030114,BCC,2,hard,0.45,5.0,100,1,201553,experiments\260526-0101_res256_sd_lora_uncond_all_seed42\sampling_img2img\hard\BCC\ISIC_0030114_label-BCC_strategy-hard_strength-0.45_gs-5.0_aug-001.png,0.6738179922103882,BCC,0.6738179922103882,1
ISIC_0030114,BCC,2,hard,0.45,5.0,100,2,202553,experiments\260526-0101_res256_sd_lora_uncond_all_seed42\sampling_img2img\hard\BCC\ISIC_0030114_label-BCC_strategy-hard_strength-0.45_gs-5.0_aug-002.png,0.6738179922103882,BCC,0.6738179922103882,1
ISIC_0030114,BCC,2,hard,0.45,5.0,100,3,203553,experiments\260526-0101_res256_sd_lora_uncond_all_seed42\sampling_img2img\hard\BCC\ISIC_0030114_label-BCC_strategy-hard_strength-0.45_gs-5.0_aug-003.png,0.6738179922103882,BCC,0.6738179922103882,1
ISIC_0030114,BCC,2,hard,0.45,5.0,100,4,204553,experiments\260526-0101_res256_sd_lora_uncond_all_seed42\sampling_img2img\hard\BCC\ISIC_0030114_label-BCC_strategy-hard_strength-0.45_gs-5.0_aug-004.png,0.6738179922103882,BCC,0.6738179922103882,1
ISIC_0031925,BCC,2,hard,0.45,5.0,100,0,200157,experiments\260526-0101_res256_sd_lora_uncond_all_seed42\sampling_img2img\hard\BCC\ISIC_0031925_label-BCC_strategy-hard_strength-0.45_gs-5.0_aug-000.png,0.854580819606781,BCC,0.854580819606781,1
ISIC_0031925,BCC,2,hard,0.45,5.0,100,1,201157,experiments\260526-0101_res256_sd_lora_uncond_all_seed42\sampling_img2img\hard\BCC\ISIC_0031925_label-BCC_strategy-hard_strength-0.45_gs-5.0_aug-001.png,0.854580819606781,BCC,0.854580819606781,1
ISIC_0031925,BCC,2,hard,0.45,5.0,100,2,202157,experiments\260526-0101_res256_sd_lora_uncond_all_seed42\sampling_img2img\hard\BCC\ISIC_0031925_label-BCC_strategy-hard_strength-0.45_gs-5.0_aug-002.png,0.854580819606781,BCC,0.854580819606781,1
ISIC_0031925,BCC,2,hard,0.45,5.0,100,3,203157,experiments\260526-0101_res256_sd_lora_uncond_all_seed42\sampling_img2img\hard\BCC\ISIC_0031925_label-BCC_strategy-hard_strength-0.45_gs-5.0_aug-003.png,0.854580819606781,BCC,0.854580819606781,1
ISIC_0031925,BCC,2,hard,0.45,5.0,100,4,204157,experiments\260526-0101_res256_sd_lora_uncond_all_seed42\sampling_img2img\hard\BCC\ISIC_0031925_label-BCC_strategy-hard_strength-0.45_gs-5.0_aug-004.png,0.854580819606781,BCC,0.854580819606781,1
ISIC_0025019,BCC,2,hard,0.45,5.0,100,0,200634,experiments\260526-0101_res256_sd_lora_uncond_all_seed42\sampling_img2img\hard\BCC\ISIC_0025019_label-BCC_strategy-hard_strength-0.45_gs-5.0_aug-000.png,0.8251843452453613,BCC,0.8251843452453613,1
ISIC_0025019,BCC,2,hard,0.45,5.0,100,1,201634,experiments\260526-0101_res256_sd_lora_uncond_all_seed42\sampling_img2img\hard\BCC\ISIC_0025019_label-BCC_strategy-hard_strength-0.45_gs-5.0_aug-001.png,0.8251843452453613,BCC,0.8251843452453613,1
ISIC_0025019,BCC,2,hard,0.45,5.0,100,2,202634,experiments\260526-0101_res256_sd_lora_uncond_all_seed42\sampling_img2img\hard\BCC\ISIC_0025019_label-BCC_strategy-hard_strength-0.45_gs-5.0_aug-002.png,0.8251843452453613,BCC,0.8251843452453613,1
ISIC_0025019,BCC,2,hard,0.45,5.0,100,3,203634,experiments\260526-0101_res256_sd_lora_uncond_all_seed42\sampling_img2img\hard\BCC\ISIC_0025019_label-BCC_strategy-hard_strength-0.45_gs-5.0_aug-003.png,0.8251843452453613,BCC,0.8251843452453613,1
ISIC_0025019,BCC,2,hard,0.45,5.0,100,4,204634,experiments\260526-0101_res256_sd_lora_uncond_all_seed42\sampling_img2img\hard\BCC\ISIC_0025019_label-BCC_strategy-hard_strength-0.45_gs-5.0_aug-004.png,0.8251843452453613,BCC,0.8251843452453613,1
ISIC_0031789,BCC,2,hard,0.45,5.0,100,0,200572,experiments\260526-0101_res256_sd_lora_uncond_all_seed42\sampling_img2img\hard\BCC\ISIC_0031789_label-BCC_strategy-hard_strength-0.45_gs-5.0_aug-000.png,0.8262191414833069,BCC,0.8262191414833069,1
ISIC_0031789,BCC,2,hard,0.45,5.0,100,1,201572,experiments\260526-0101_res256_sd_lora_uncond_all_seed42\sampling_img2img\hard\BCC\ISIC_0031789_label-BCC_strategy-hard_strength-0.45_gs-5.0_aug-001.png,0.8262191414833069,BCC,0.8262191414833069,1
ISIC_0031789,BCC,2,hard,0.45,5.0,100,2,202572,experiments\260526-0101_res256_sd_lora_uncond_all_seed42\sampling_img2img\hard\BCC\ISIC_0031789_label-BCC_strategy-hard_strength-0.45_gs-5.0_aug-002.png,0.8262191414833069,BCC,0.8262191414833069,1
ISIC_0031789,BCC,2,hard,0.45,5.0,100,3,203572,experiments\260526-0101_res256_sd_lora_uncond_all_seed42\sampling_img2img\hard\BCC\ISIC_0031789_label-BCC_strategy-hard_strength-0.45_gs-5.0_aug-003.png,0.8262191414833069,BCC,0.8262191414833069,1
ISIC_0031789,BCC,2,hard,0.45,5.0,100,4,204572,experiments\260526-0101_res256_sd_lora_uncond_all_seed42\sampling_img2img\hard\BCC\ISIC_0031789_label-BCC_strategy-hard_strength-0.45_gs-5.0_aug-004.png,0.8262191414833069,BCC,0.8262191414833069,1
ISIC_0030526,BCC,2,hard,0.45,5.0,100,0,200210,experiments\260526-0101_res256_sd_lora_uncond_all_seed42\sampling_img2img\hard\BCC\ISIC_0030526_label-BCC_strategy-hard_strength-0.45_gs-5.0_aug-000.png,0.8691287040710449,BCC,0.8691287040710449,1
ISIC_0030526,BCC,2,hard,0.45,5.0,100,1,201210,experiments\260526-0101_res256_sd_lora_uncond_all_seed42\sampling_img2img\hard\BCC\ISIC_0030526_label-BCC_strategy-hard_strength-0.45_gs-5.0_aug-001.png,0.8691287040710449,BCC,0.8691287040710449,1
ISIC_0030526,BCC,2,hard,0.45,5.0,100,2,202210,experiments\260526-0101_res256_sd_lora_uncond_all_seed42\sampling_img2img\hard\BCC\ISIC_0030526_label-BCC_strategy-hard_strength-0.45_gs-5.0_aug-002.png,0.8691287040710449,BCC,0.8691287040710449,1
ISIC_0030526,BCC,2,hard,0.45,5.0,100,3,203210,experiments\260526-0101_res256_sd_lora_uncond_all_seed42\sampling_img2img\hard\BCC\ISIC_0030526_label-BCC_strategy-hard_strength-0.45_gs-5.0_aug-003.png,0.8691287040710449,BCC,0.8691287040710449,1
ISIC_0030526,BCC,2,hard,0.45,5.0,100,4,204210,experiments\260526-0101_res256_sd_lora_uncond_all_seed42\sampling_img2img\hard\BCC\ISIC_0030526_label-BCC_strategy-hard_strength-0.45_gs-5.0_aug-004.png,0.8691287040710449,BCC,0.8691287040710449,1
ISIC_0029857,BCC,2,hard,0.45,5.0,100,0,200213,experiments\260526-0101_res256_sd_lora_uncond_all_seed42\sampling_img2img\hard\BCC\ISIC_0029857_label-BCC_strategy-hard_strength-0.45_gs-5.0_aug-000.png,0.6349377036094666,BCC,0.6349377036094666,1
ISIC_0029857,BCC,2,hard,0.45,5.0,100,1,201213,experiments\260526-0101_res256_sd_lora_uncond_all_seed42\sampling_img2img\hard\BCC\ISIC_0029857_label-BCC_strategy-hard_strength-0.45_gs-5.0_aug-001.png,0.6349377036094666,BCC,0.6349377036094666,1
ISIC_0029857,BCC,2,hard,0.45,5.0,100,2,202213,experiments\260526-0101_res256_sd_lora_uncond_all_seed42\sampling_img2img\hard\BCC\ISIC_0029857_label-BCC_strategy-hard_strength-0.45_gs-5.0_aug-002.png,0.6349377036094666,BCC,0.6349377036094666,1
ISIC_0029857,BCC,2,hard,0.45,5.0,100,3,203213,experiments\260526-0101_res256_sd_lora_uncond_all_seed42\sampling_img2img\hard\BCC\ISIC_0029857_label-BCC_strategy-hard_strength-0.45_gs-5.0_aug-003.png,0.6349377036094666,BCC,0.6349377036094666,1
ISIC_0029857,BCC,2,hard,0.45,5.0,100,4,204213,experiments\260526-0101_res256_sd_lora_uncond_all_seed42\sampling_img2img\hard\BCC\ISIC_0029857_label-BCC_strategy-hard_strength-0.45_gs-5.0_aug-004.png,0.6349377036094666,BCC,0.6349377036094666,1
ISIC_0030233,BCC,2,hard,0.45,5.0,100,0,200804,experiments\260526-0101_res256_sd_lora_uncond_all_seed42\sampling_img2img\hard\BCC\ISIC_0030233_label-BCC_strategy-hard_strength-0.45_gs-5.0_aug-000.png,0.5962345004081726,BCC,0.5962345004081726,1
ISIC_0030233,BCC,2,hard,0.45,5.0,100,1,201804,experiments\260526-0101_res256_sd_lora_uncond_all_seed42\sampling_img2img\hard\BCC\ISIC_0030233_label-BCC_strategy-hard_strength-0.45_gs-5.0_aug-001.png,0.5962345004081726,BCC,0.5962345004081726,1
ISIC_0030233,BCC,2,hard,0.45,5.0,100,2,202804,experiments\260526-0101_res256_sd_lora_uncond_all_seed42\sampling_img2img\hard\BCC\ISIC_0030233_label-BCC_strategy-hard_strength-0.45_gs-5.0_aug-002.png,0.5962345004081726,BCC,0.5962345004081726,1
ISIC_0030233,BCC,2,hard,0.45,5.0,100,3,203804,experiments\260526-0101_res256_sd_lora_uncond_all_seed42\sampling_img2img\hard\BCC\ISIC_0030233_label-BCC_strategy-hard_strength-0.45_gs-5.0_aug-003.png,0.5962345004081726,BCC,0.5962345004081726,1
ISIC_0030233,BCC,2,hard,0.45,5.0,100,4,204804,experiments\260526-0101_res256_sd_lora_uncond_all_seed42\sampling_img2img\hard\BCC\ISIC_0030233_label-BCC_strategy-hard_strength-0.45_gs-5.0_aug-004.png,0.5962345004081726,BCC,0.5962345004081726,1
ISIC_0032991,BCC,2,hard,0.45,5.0,100,0,200620,experiments\260526-0101_res256_sd_lora_uncond_all_seed42\sampling_img2img\hard\BCC\ISIC_0032991_label-BCC_strategy-hard_strength-0.45_gs-5.0_aug-000.png,0.5529205203056335,BCC,0.5529205203056335,1
ISIC_0032991,BCC,2,hard,0.45,5.0,100,1,201620,experiments\260526-0101_res256_sd_lora_uncond_all_seed42\sampling_img2img\hard\BCC\ISIC_0032991_label-BCC_strategy-hard_strength-0.45_gs-5.0_aug-001.png,0.5529205203056335,BCC,0.5529205203056335,1
ISIC_0032991,BCC,2,hard,0.45,5.0,100,2,202620,experiments\260526-0101_res256_sd_lora_uncond_all_seed42\sampling_img2img\hard\BCC\ISIC_0032991_label-BCC_strategy-hard_strength-0.45_gs-5.0_aug-002.png,0.5529205203056335,BCC,0.5529205203056335,1
ISIC_0032991,BCC,2,hard,0.45,5.0,100,3,203620,experiments\260526-0101_res256_sd_lora_uncond_all_seed42\sampling_img2img\hard\BCC\ISIC_0032991_label-BCC_strategy-hard_strength-0.45_gs-5.0_aug-003.png,0.5529205203056335,BCC,0.5529205203056335,1
ISIC_0032991,BCC,2,hard,0.45,5.0,100,4,204620,experiments\260526-0101_res256_sd_lora_uncond_all_seed42\sampling_img2img\hard\BCC\ISIC_0032991_label-BCC_strategy-hard_strength-0.45_gs-5.0_aug-004.png,0.5529205203056335,BCC,0.5529205203056335,1
ISIC_0025144,BCC,2,hard,0.45,5.0,100,0,200165,experiments\260526-0101_res256_sd_lora_uncond_all_seed42\sampling_img2img\hard\BCC\ISIC_0025144_label-BCC_strategy-hard_strength-0.45_gs-5.0_aug-000.png,0.7877984046936035,BCC,0.7877984046936035,1
ISIC_0025144,BCC,2,hard,0.45,5.0,100,1,201165,experiments\260526-0101_res256_sd_lora_uncond_all_seed42\sampling_img2img\hard\BCC\ISIC_0025144_label-BCC_strategy-hard_strength-0.45_gs-5.0_aug-001.png,0.7877984046936035,BCC,0.7877984046936035,1
ISIC_0025144,BCC,2,hard,0.45,5.0,100,2,202165,experiments\260526-0101_res256_sd_lora_uncond_all_seed42\sampling_img2img\hard\BCC\ISIC_0025144_label-BCC_strategy-hard_strength-0.45_gs-5.0_aug-002.png,0.7877984046936035,BCC,0.7877984046936035,1
ISIC_0025144,BCC,2,hard,0.45,5.0,100,3,203165,experiments\260526-0101_res256_sd_lora_uncond_all_seed42\sampling_img2img\hard\BCC\ISIC_0025144_label-BCC_strategy-hard_strength-0.45_gs-5.0_aug-003.png,0.7877984046936035,BCC,0.7877984046936035,1
ISIC_0025144,BCC,2,hard,0.45,5.0,100,4,204165,experiments\260526-0101_res256_sd_lora_uncond_all_seed42\sampling_img2img\hard\BCC\ISIC_0025144_label-BCC_strategy-hard_strength-0.45_gs-5.0_aug-004.png,0.7877984046936035,BCC,0.7877984046936035,1
ISIC_0028147,BCC,2,hard,0.45,5.0,100,0,200339,experiments\260526-0101_res256_sd_lora_uncond_all_seed42\sampling_img2img\hard\BCC\ISIC_0028147_label-BCC_strategy-hard_strength-0.45_gs-5.0_aug-000.png,0.7538180351257324,BCC,0.7538180351257324,1
ISIC_0028147,BCC,2,hard,0.45,5.0,100,1,201339,experiments\260526-0101_res256_sd_lora_uncond_all_seed42\sampling_img2img\hard\BCC\ISIC_0028147_label-BCC_strategy-hard_strength-0.45_gs-5.0_aug-001.png,0.7538180351257324,BCC,0.7538180351257324,1
ISIC_0028147,BCC,2,hard,0.45,5.0,100,2,202339,experiments\260526-0101_res256_sd_lora_uncond_all_seed42\sampling_img2img\hard\BCC\ISIC_0028147_label-BCC_strategy-hard_strength-0.45_gs-5.0_aug-002.png,0.7538180351257324,BCC,0.7538180351257324,1
ISIC_0028147,BCC,2,hard,0.45,5.0,100,3,203339,experiments\260526-0101_res256_sd_lora_uncond_all_seed42\sampling_img2img\hard\BCC\ISIC_0028147_label-BCC_strategy-hard_strength-0.45_gs-5.0_aug-003.png,0.7538180351257324,BCC,0.7538180351257324,1
ISIC_0028147,BCC,2,hard,0.45,5.0,100,4,204339,experiments\260526-0101_res256_sd_lora_uncond_all_seed42\sampling_img2img\hard\BCC\ISIC_0028147_label-BCC_strategy-hard_strength-0.45_gs-5.0_aug-004.png,0.7538180351257324,BCC,0.7538180351257324,1
ISIC_0027915,BCC,2,hard,0.45,5.0,100,0,200280,experiments\260526-0101_res256_sd_lora_uncond_all_seed42\sampling_img2img\hard\BCC\ISIC_0027915_label-BCC_strategy-hard_strength-0.45_gs-5.0_aug-000.png,0.8435584306716919,BCC,0.8435584306716919,1
ISIC_0027915,BCC,2,hard,0.45,5.0,100,1,201280,experiments\260526-0101_res256_sd_lora_uncond_all_seed42\sampling_img2img\hard\BCC\ISIC_0027915_label-BCC_strategy-hard_strength-0.45_gs-5.0_aug-001.png,0.8435584306716919,BCC,0.8435584306716919,1
ISIC_0027915,BCC,2,hard,0.45,5.0,100,2,202280,experiments\260526-0101_res256_sd_lora_uncond_all_seed42\sampling_img2img\hard\BCC\ISIC_0027915_label-BCC_strategy-hard_strength-0.45_gs-5.0_aug-002.png,0.8435584306716919,BCC,0.8435584306716919,1
ISIC_0027915,BCC,2,hard,0.45,5.0,100,3,203280,experiments\260526-0101_res256_sd_lora_uncond_all_seed42\sampling_img2img\hard\BCC\ISIC_0027915_label-BCC_strategy-hard_strength-0.45_gs-5.0_aug-003.png,0.8435584306716919,BCC,0.8435584306716919,1
ISIC_0027915,BCC,2,hard,0.45,5.0,100,4,204280,experiments\260526-0101_res256_sd_lora_uncond_all_seed42\sampling_img2img\hard\BCC\ISIC_0027915_label-BCC_strategy-hard_strength-0.45_gs-5.0_aug-004.png,0.8435584306716919,BCC,0.8435584306716919,1
ISIC_0024345,BCC,2,hard,0.45,5.0,100,0,200187,experiments\260526-0101_res256_sd_lora_uncond_all_seed42\sampling_img2img\hard\BCC\ISIC_0024345_label-BCC_strategy-hard_strength-0.45_gs-5.0_aug-000.png,0.44986918568611145,BCC,0.44986918568611145,1
ISIC_0024345,BCC,2,hard,0.45,5.0,100,1,201187,experiments\260526-0101_res256_sd_lora_uncond_all_seed42\sampling_img2img\hard\BCC\ISIC_0024345_label-BCC_strategy-hard_strength-0.45_gs-5.0_aug-001.png,0.44986918568611145,BCC,0.44986918568611145,1
ISIC_0024345,BCC,2,hard,0.45,5.0,100,2,202187,experiments\260526-0101_res256_sd_lora_uncond_all_seed42\sampling_img2img\hard\BCC\ISIC_0024345_label-BCC_strategy-hard_strength-0.45_gs-5.0_aug-002.png,0.44986918568611145,BCC,0.44986918568611145,1
ISIC_0024345,BCC,2,hard,0.45,5.0,100,3,203187,experiments\260526-0101_res256_sd_lora_uncond_all_seed42\sampling_img2img\hard\BCC\ISIC_0024345_label-BCC_strategy-hard_strength-0.45_gs-5.0_aug-003.png,0.44986918568611145,BCC,0.44986918568611145,1
ISIC_0024345,BCC,2,hard,0.45,5.0,100,4,204187,experiments\260526-0101_res256_sd_lora_uncond_all_seed42\sampling_img2img\hard\BCC\ISIC_0024345_label-BCC_strategy-hard_strength-0.45_gs-5.0_aug-004.png,0.44986918568611145,BCC,0.44986918568611145,1
ISIC_0034015,BCC,2,hard,0.45,5.0,100,0,200922,experiments\260526-0101_res256_sd_lora_uncond_all_seed42\sampling_img2img\hard\BCC\ISIC_0034015_label-BCC_strategy-hard_strength-0.45_gs-5.0_aug-000.png,0.5672100782394409,BCC,0.5672100782394409,1
ISIC_0034015,BCC,2,hard,0.45,5.0,100,1,201922,experiments\260526-0101_res256_sd_lora_uncond_all_seed42\sampling_img2img\hard\BCC\ISIC_0034015_label-BCC_strategy-hard_strength-0.45_gs-5.0_aug-001.png,0.5672100782394409,BCC,0.5672100782394409,1
ISIC_0034015,BCC,2,hard,0.45,5.0,100,2,202922,experiments\260526-0101_res256_sd_lora_uncond_all_seed42\sampling_img2img\hard\BCC\ISIC_0034015_label-BCC_strategy-hard_strength-0.45_gs-5.0_aug-002.png,0.5672100782394409,BCC,0.5672100782394409,1
ISIC_0034015,BCC,2,hard,0.45,5.0,100,3,203922,experiments\260526-0101_res256_sd_lora_uncond_all_seed42\sampling_img2img\hard\BCC\ISIC_0034015_label-BCC_strategy-hard_strength-0.45_gs-5.0_aug-003.png,0.5672100782394409,BCC,0.5672100782394409,1
ISIC_0034015,BCC,2,hard,0.45,5.0,100,4,204922,experiments\260526-0101_res256_sd_lora_uncond_all_seed42\sampling_img2img\hard\BCC\ISIC_0034015_label-BCC_strategy-hard_strength-0.45_gs-5.0_aug-004.png,0.5672100782394409,BCC,0.5672100782394409,1
ISIC_0027788,BCC,2,hard,0.45,5.0,100,0,201000,experiments\260526-0101_res256_sd_lora_uncond_all_seed42\sampling_img2img\hard\BCC\ISIC_0027788_label-BCC_strategy-hard_strength-0.45_gs-5.0_aug-000.png,0.7761227488517761,BCC,0.7761227488517761,1
ISIC_0027788,BCC,2,hard,0.45,5.0,100,1,202000,experiments\260526-0101_res256_sd_lora_uncond_all_seed42\sampling_img2img\hard\BCC\ISIC_0027788_label-BCC_strategy-hard_strength-0.45_gs-5.0_aug-001.png,0.7761227488517761,BCC,0.7761227488517761,1
ISIC_0027788,BCC,2,hard,0.45,5.0,100,2,203000,experiments\260526-0101_res256_sd_lora_uncond_all_seed42\sampling_img2img\hard\BCC\ISIC_0027788_label-BCC_strategy-hard_strength-0.45_gs-5.0_aug-002.png,0.7761227488517761,BCC,0.7761227488517761,1
ISIC_0027788,BCC,2,hard,0.45,5.0,100,3,204000,experiments\260526-0101_res256_sd_lora_uncond_all_seed42\sampling_img2img\hard\BCC\ISIC_0027788_label-BCC_strategy-hard_strength-0.45_gs-5.0_aug-003.png,0.7761227488517761,BCC,0.7761227488517761,1
ISIC_0027788,BCC,2,hard,0.45,5.0,100,4,205000,experiments\260526-0101_res256_sd_lora_uncond_all_seed42\sampling_img2img\hard\BCC\ISIC_0027788_label-BCC_strategy-hard_strength-0.45_gs-5.0_aug-004.png,0.7761227488517761,BCC,0.7761227488517761,1
ISIC_0027774,BCC,2,hard,0.45,5.0,100,0,200212,experiments\260526-0101_res256_sd_lora_uncond_all_seed42\sampling_img2img\hard\BCC\ISIC_0027774_label-BCC_strategy-hard_strength-0.45_gs-5.0_aug-000.png,0.8078958988189697,BCC,0.8078958988189697,1
ISIC_0027774,BCC,2,hard,0.45,5.0,100,1,201212,experiments\260526-0101_res256_sd_lora_uncond_all_seed42\sampling_img2img\hard\BCC\ISIC_0027774_label-BCC_strategy-hard_strength-0.45_gs-5.0_aug-001.png,0.8078958988189697,BCC,0.8078958988189697,1
ISIC_0027774,BCC,2,hard,0.45,5.0,100,2,202212,experiments\260526-0101_res256_sd_lora_uncond_all_seed42\sampling_img2img\hard\BCC\ISIC_0027774_label-BCC_strategy-hard_strength-0.45_gs-5.0_aug-002.png,0.8078958988189697,BCC,0.8078958988189697,1
ISIC_0027774,BCC,2,hard,0.45,5.0,100,3,203212,experiments\260526-0101_res256_sd_lora_uncond_all_seed42\sampling_img2img\hard\BCC\ISIC_0027774_label-BCC_strategy-hard_strength-0.45_gs-5.0_aug-003.png,0.8078958988189697,BCC,0.8078958988189697,1
ISIC_0027774,BCC,2,hard,0.45,5.0,100,4,204212,experiments\260526-0101_res256_sd_lora_uncond_all_seed42\sampling_img2img\hard\BCC\ISIC_0027774_label-BCC_strategy-hard_strength-0.45_gs-5.0_aug-004.png,0.8078958988189697,BCC,0.8078958988189697,1
ISIC_0030766,BCC,2,hard,0.45,5.0,100,0,200299,experiments\260526-0101_res256_sd_lora_uncond_all_seed42\sampling_img2img\hard\BCC\ISIC_0030766_label-BCC_strategy-hard_strength-0.45_gs-5.0_aug-000.png,0.7841514348983765,BCC,0.7841514348983765,1
ISIC_0030766,BCC,2,hard,0.45,5.0,100,1,201299,experiments\260526-0101_res256_sd_lora_uncond_all_seed42\sampling_img2img\hard\BCC\ISIC_0030766_label-BCC_strategy-hard_strength-0.45_gs-5.0_aug-001.png,0.7841514348983765,BCC,0.7841514348983765,1
ISIC_0030766,BCC,2,hard,0.45,5.0,100,2,202299,experiments\260526-0101_res256_sd_lora_uncond_all_seed42\sampling_img2img\hard\BCC\ISIC_0030766_label-BCC_strategy-hard_strength-0.45_gs-5.0_aug-002.png,0.7841514348983765,BCC,0.7841514348983765,1
ISIC_0030766,BCC,2,hard,0.45,5.0,100,3,203299,experiments\260526-0101_res256_sd_lora_uncond_all_seed42\sampling_img2img\hard\BCC\ISIC_0030766_label-BCC_strategy-hard_strength-0.45_gs-5.0_aug-003.png,0.7841514348983765,BCC,0.7841514348983765,1
ISIC_0030766,BCC,2,hard,0.45,5.0,100,4,204299,experiments\260526-0101_res256_sd_lora_uncond_all_seed42\sampling_img2img\hard\BCC\ISIC_0030766_label-BCC_strategy-hard_strength-0.45_gs-5.0_aug-004.png,0.7841514348983765,BCC,0.7841514348983765,1
ISIC_0028059,BCC,2,hard,0.45,5.0,100,0,200081,experiments\260526-0101_res256_sd_lora_uncond_all_seed42\sampling_img2img\hard\BCC\ISIC_0028059_label-BCC_strategy-hard_strength-0.45_gs-5.0_aug-000.png,0.8220059275627136,BCC,0.8220059275627136,1
ISIC_0028059,BCC,2,hard,0.45,5.0,100,1,201081,experiments\260526-0101_res256_sd_lora_uncond_all_seed42\sampling_img2img\hard\BCC\ISIC_0028059_label-BCC_strategy-hard_strength-0.45_gs-5.0_aug-001.png,0.8220059275627136,BCC,0.8220059275627136,1
ISIC_0028059,BCC,2,hard,0.45,5.0,100,2,202081,experiments\260526-0101_res256_sd_lora_uncond_all_seed42\sampling_img2img\hard\BCC\ISIC_0028059_label-BCC_strategy-hard_strength-0.45_gs-5.0_aug-002.png,0.8220059275627136,BCC,0.8220059275627136,1
ISIC_0028059,BCC,2,hard,0.45,5.0,100,3,203081,experiments\260526-0101_res256_sd_lora_uncond_all_seed42\sampling_img2img\hard\BCC\ISIC_0028059_label-BCC_strategy-hard_strength-0.45_gs-5.0_aug-003.png,0.8220059275627136,BCC,0.8220059275627136,1
ISIC_0028059,BCC,2,hard,0.45,5.0,100,4,204081,experiments\260526-0101_res256_sd_lora_uncond_all_seed42\sampling_img2img\hard\BCC\ISIC_0028059_label-BCC_strategy-hard_strength-0.45_gs-5.0_aug-004.png,0.8220059275627136,BCC,0.8220059275627136,1
ISIC_0031351,BCC,2,hard,0.45,5.0,100,0,200418,experiments\260526-0101_res256_sd_lora_uncond_all_seed42\sampling_img2img\hard\BCC\ISIC_0031351_label-BCC_strategy-hard_strength-0.45_gs-5.0_aug-000.png,0.8544560074806213,BCC,0.8544560074806213,1
ISIC_0031351,BCC,2,hard,0.45,5.0,100,1,201418,experiments\260526-0101_res256_sd_lora_uncond_all_seed42\sampling_img2img\hard\BCC\ISIC_0031351_label-BCC_strategy-hard_strength-0.45_gs-5.0_aug-001.png,0.8544560074806213,BCC,0.8544560074806213,1
ISIC_0031351,BCC,2,hard,0.45,5.0,100,2,202418,experiments\260526-0101_res256_sd_lora_uncond_all_seed42\sampling_img2img\hard\BCC\ISIC_0031351_label-BCC_strategy-hard_strength-0.45_gs-5.0_aug-002.png,0.8544560074806213,BCC,0.8544560074806213,1
ISIC_0031351,BCC,2,hard,0.45,5.0,100,3,203418,experiments\260526-0101_res256_sd_lora_uncond_all_seed42\sampling_img2img\hard\BCC\ISIC_0031351_label-BCC_strategy-hard_strength-0.45_gs-5.0_aug-003.png,0.8544560074806213,BCC,0.8544560074806213,1
ISIC_0031351,BCC,2,hard,0.45,5.0,100,4,204418,experiments\260526-0101_res256_sd_lora_uncond_all_seed42\sampling_img2img\hard\BCC\ISIC_0031351_label-BCC_strategy-hard_strength-0.45_gs-5.0_aug-004.png,0.8544560074806213,BCC,0.8544560074806213,1
ISIC_0024431,BCC,2,hard,0.45,5.0,100,0,200916,experiments\260526-0101_res256_sd_lora_uncond_all_seed42\sampling_img2img\hard\BCC\ISIC_0024431_label-BCC_strategy-hard_strength-0.45_gs-5.0_aug-000.png,0.6306169629096985,BCC,0.6306169629096985,1
ISIC_0024431,BCC,2,hard,0.45,5.0,100,1,201916,experiments\260526-0101_res256_sd_lora_uncond_all_seed42\sampling_img2img\hard\BCC\ISIC_0024431_label-BCC_strategy-hard_strength-0.45_gs-5.0_aug-001.png,0.6306169629096985,BCC,0.6306169629096985,1
ISIC_0024431,BCC,2,hard,0.45,5.0,100,2,202916,experiments\260526-0101_res256_sd_lora_uncond_all_seed42\sampling_img2img\hard\BCC\ISIC_0024431_label-BCC_strategy-hard_strength-0.45_gs-5.0_aug-002.png,0.6306169629096985,BCC,0.6306169629096985,1
ISIC_0024431,BCC,2,hard,0.45,5.0,100,3,203916,experiments\260526-0101_res256_sd_lora_uncond_all_seed42\sampling_img2img\hard\BCC\ISIC_0024431_label-BCC_strategy-hard_strength-0.45_gs-5.0_aug-003.png,0.6306169629096985,BCC,0.6306169629096985,1
ISIC_0024431,BCC,2,hard,0.45,5.0,100,4,204916,experiments\260526-0101_res256_sd_lora_uncond_all_seed42\sampling_img2img\hard\BCC\ISIC_0024431_label-BCC_strategy-hard_strength-0.45_gs-5.0_aug-004.png,0.6306169629096985,BCC,0.6306169629096985,1
ISIC_0031450,BCC,2,hard,0.45,5.0,100,0,200954,experiments\260526-0101_res256_sd_lora_uncond_all_seed42\sampling_img2img\hard\BCC\ISIC_0031450_label-BCC_strategy-hard_strength-0.45_gs-5.0_aug-000.png,0.6893306970596313,BCC,0.6893306970596313,1
ISIC_0031450,BCC,2,hard,0.45,5.0,100,1,201954,experiments\260526-0101_res256_sd_lora_uncond_all_seed42\sampling_img2img\hard\BCC\ISIC_0031450_label-BCC_strategy-hard_strength-0.45_gs-5.0_aug-001.png,0.6893306970596313,BCC,0.6893306970596313,1
ISIC_0031450,BCC,2,hard,0.45,5.0,100,2,202954,experiments\260526-0101_res256_sd_lora_uncond_all_seed42\sampling_img2img\hard\BCC\ISIC_0031450_label-BCC_strategy-hard_strength-0.45_gs-5.0_aug-002.png,0.6893306970596313,BCC,0.6893306970596313,1
ISIC_0031450,BCC,2,hard,0.45,5.0,100,3,203954,experiments\260526-0101_res256_sd_lora_uncond_all_seed42\sampling_img2img\hard\BCC\ISIC_0031450_label-BCC_strategy-hard_strength-0.45_gs-5.0_aug-003.png,0.6893306970596313,BCC,0.6893306970596313,1
ISIC_0031450,BCC,2,hard,0.45,5.0,100,4,204954,experiments\260526-0101_res256_sd_lora_uncond_all_seed42\sampling_img2img\hard\BCC\ISIC_0031450_label-BCC_strategy-hard_strength-0.45_gs-5.0_aug-004.png,0.6893306970596313,BCC,0.6893306970596313,1
ISIC_0033811,AKIEC,3,hard,0.45,5.0,100,0,300525,experiments\260526-0101_res256_sd_lora_uncond_all_seed42\sampling_img2img\hard\AKIEC\ISIC_0033811_label-AKIEC_strategy-hard_strength-0.45_gs-5.0_aug-000.png,0.30021756887435913,BKL,0.35367563366889954,0
ISIC_0033811,AKIEC,3,hard,0.45,5.0,100,1,301525,experiments\260526-0101_res256_sd_lora_uncond_all_seed42\sampling_img2img\hard\AKIEC\ISIC_0033811_label-AKIEC_strategy-hard_strength-0.45_gs-5.0_aug-001.png,0.30021756887435913,BKL,0.35367563366889954,0
ISIC_0033811,AKIEC,3,hard,0.45,5.0,100,2,302525,experiments\260526-0101_res256_sd_lora_uncond_all_seed42\sampling_img2img\hard\AKIEC\ISIC_0033811_label-AKIEC_strategy-hard_strength-0.45_gs-5.0_aug-002.png,0.30021756887435913,BKL,0.35367563366889954,0
ISIC_0033811,AKIEC,3,hard,0.45,5.0,100,3,303525,experiments\260526-0101_res256_sd_lora_uncond_all_seed42\sampling_img2img\hard\AKIEC\ISIC_0033811_label-AKIEC_strategy-hard_strength-0.45_gs-5.0_aug-003.png,0.30021756887435913,BKL,0.35367563366889954,0
ISIC_0033811,AKIEC,3,hard,0.45,5.0,100,4,304525,experiments\260526-0101_res256_sd_lora_uncond_all_seed42\sampling_img2img\hard\AKIEC\ISIC_0033811_label-AKIEC_strategy-hard_strength-0.45_gs-5.0_aug-004.png,0.30021756887435913,BKL,0.35367563366889954,0
ISIC_0029362,AKIEC,3,hard,0.45,5.0,100,0,300222,experiments\260526-0101_res256_sd_lora_uncond_all_seed42\sampling_img2img\hard\AKIEC\ISIC_0029362_label-AKIEC_strategy-hard_strength-0.45_gs-5.0_aug-000.png,0.22443898022174835,BCC,0.5708538293838501,0
ISIC_0029362,AKIEC,3,hard,0.45,5.0,100,1,301222,experiments\260526-0101_res256_sd_lora_uncond_all_seed42\sampling_img2img\hard\AKIEC\ISIC_0029362_label-AKIEC_strategy-hard_strength-0.45_gs-5.0_aug-001.png,0.22443898022174835,BCC,0.5708538293838501,0
ISIC_0029362,AKIEC,3,hard,0.45,5.0,100,2,302222,experiments\260526-0101_res256_sd_lora_uncond_all_seed42\sampling_img2img\hard\AKIEC\ISIC_0029362_label-AKIEC_strategy-hard_strength-0.45_gs-5.0_aug-002.png,0.22443898022174835,BCC,0.5708538293838501,0
ISIC_0029362,AKIEC,3,hard,0.45,5.0,100,3,303222,experiments\260526-0101_res256_sd_lora_uncond_all_seed42\sampling_img2img\hard\AKIEC\ISIC_0029362_label-AKIEC_strategy-hard_strength-0.45_gs-5.0_aug-003.png,0.22443898022174835,BCC,0.5708538293838501,0
ISIC_0029362,AKIEC,3,hard,0.45,5.0,100,4,304222,experiments\260526-0101_res256_sd_lora_uncond_all_seed42\sampling_img2img\hard\AKIEC\ISIC_0029362_label-AKIEC_strategy-hard_strength-0.45_gs-5.0_aug-004.png,0.22443898022174835,BCC,0.5708538293838501,0
ISIC_0029715,AKIEC,3,hard,0.45,5.0,100,0,300922,experiments\260526-0101_res256_sd_lora_uncond_all_seed42\sampling_img2img\hard\AKIEC\ISIC_0029715_label-AKIEC_strategy-hard_strength-0.45_gs-5.0_aug-000.png,0.5146751999855042,AKIEC,0.5146751999855042,1
ISIC_0029715,AKIEC,3,hard,0.45,5.0,100,1,301922,experiments\260526-0101_res256_sd_lora_uncond_all_seed42\sampling_img2img\hard\AKIEC\ISIC_0029715_label-AKIEC_strategy-hard_strength-0.45_gs-5.0_aug-001.png,0.5146751999855042,AKIEC,0.5146751999855042,1
ISIC_0029715,AKIEC,3,hard,0.45,5.0,100,2,302922,experiments\260526-0101_res256_sd_lora_uncond_all_seed42\sampling_img2img\hard\AKIEC\ISIC_0029715_label-AKIEC_strategy-hard_strength-0.45_gs-5.0_aug-002.png,0.5146751999855042,AKIEC,0.5146751999855042,1
ISIC_0029715,AKIEC,3,hard,0.45,5.0,100,3,303922,experiments\260526-0101_res256_sd_lora_uncond_all_seed42\sampling_img2img\hard\AKIEC\ISIC_0029715_label-AKIEC_strategy-hard_strength-0.45_gs-5.0_aug-003.png,0.5146751999855042,AKIEC,0.5146751999855042,1
ISIC_0029715,AKIEC,3,hard,0.45,5.0,100,4,304922,experiments\260526-0101_res256_sd_lora_uncond_all_seed42\sampling_img2img\hard\AKIEC\ISIC_0029715_label-AKIEC_strategy-hard_strength-0.45_gs-5.0_aug-004.png,0.5146751999855042,AKIEC,0.5146751999855042,1
ISIC_0024517,AKIEC,3,hard,0.45,5.0,100,0,300618,experiments\260526-0101_res256_sd_lora_uncond_all_seed42\sampling_img2img\hard\AKIEC\ISIC_0024517_label-AKIEC_strategy-hard_strength-0.45_gs-5.0_aug-000.png,0.3488929569721222,BCC,0.4068991243839264,0
ISIC_0024517,AKIEC,3,hard,0.45,5.0,100,1,301618,experiments\260526-0101_res256_sd_lora_uncond_all_seed42\sampling_img2img\hard\AKIEC\ISIC_0024517_label-AKIEC_strategy-hard_strength-0.45_gs-5.0_aug-001.png,0.3488929569721222,BCC,0.4068991243839264,0
ISIC_0024517,AKIEC,3,hard,0.45,5.0,100,2,302618,experiments\260526-0101_res256_sd_lora_uncond_all_seed42\sampling_img2img\hard\AKIEC\ISIC_0024517_label-AKIEC_strategy-hard_strength-0.45_gs-5.0_aug-002.png,0.3488929569721222,BCC,0.4068991243839264,0
ISIC_0024517,AKIEC,3,hard,0.45,5.0,100,3,303618,experiments\260526-0101_res256_sd_lora_uncond_all_seed42\sampling_img2img\hard\AKIEC\ISIC_0024517_label-AKIEC_strategy-hard_strength-0.45_gs-5.0_aug-003.png,0.3488929569721222,BCC,0.4068991243839264,0
ISIC_0024517,AKIEC,3,hard,0.45,5.0,100,4,304618,experiments\260526-0101_res256_sd_lora_uncond_all_seed42\sampling_img2img\hard\AKIEC\ISIC_0024517_label-AKIEC_strategy-hard_strength-0.45_gs-5.0_aug-004.png,0.3488929569721222,BCC,0.4068991243839264,0
ISIC_0024710,AKIEC,3,hard,0.45,5.0,100,0,300075,experiments\260526-0101_res256_sd_lora_uncond_all_seed42\sampling_img2img\hard\AKIEC\ISIC_0024710_label-AKIEC_strategy-hard_strength-0.45_gs-5.0_aug-000.png,0.6455786824226379,AKIEC,0.6455786824226379,1
ISIC_0024710,AKIEC,3,hard,0.45,5.0,100,1,301075,experiments\260526-0101_res256_sd_lora_uncond_all_seed42\sampling_img2img\hard\AKIEC\ISIC_0024710_label-AKIEC_strategy-hard_strength-0.45_gs-5.0_aug-001.png,0.6455786824226379,AKIEC,0.6455786824226379,1
ISIC_0024710,AKIEC,3,hard,0.45,5.0,100,2,302075,experiments\260526-0101_res256_sd_lora_uncond_all_seed42\sampling_img2img\hard\AKIEC\ISIC_0024710_label-AKIEC_strategy-hard_strength-0.45_gs-5.0_aug-002.png,0.6455786824226379,AKIEC,0.6455786824226379,1
ISIC_0024710,AKIEC,3,hard,0.45,5.0,100,3,303075,experiments\260526-0101_res256_sd_lora_uncond_all_seed42\sampling_img2img\hard\AKIEC\ISIC_0024710_label-AKIEC_strategy-hard_strength-0.45_gs-5.0_aug-003.png,0.6455786824226379,AKIEC,0.6455786824226379,1
ISIC_0024710,AKIEC,3,hard,0.45,5.0,100,4,304075,experiments\260526-0101_res256_sd_lora_uncond_all_seed42\sampling_img2img\hard\AKIEC\ISIC_0024710_label-AKIEC_strategy-hard_strength-0.45_gs-5.0_aug-004.png,0.6455786824226379,AKIEC,0.6455786824226379,1
ISIC_0024843,AKIEC,3,hard,0.45,5.0,100,0,300965,experiments\260526-0101_res256_sd_lora_uncond_all_seed42\sampling_img2img\hard\AKIEC\ISIC_0024843_label-AKIEC_strategy-hard_strength-0.45_gs-5.0_aug-000.png,0.5292422771453857,AKIEC,0.5292422771453857,1
ISIC_0024843,AKIEC,3,hard,0.45,5.0,100,1,301965,experiments\260526-0101_res256_sd_lora_uncond_all_seed42\sampling_img2img\hard\AKIEC\ISIC_0024843_label-AKIEC_strategy-hard_strength-0.45_gs-5.0_aug-001.png,0.5292422771453857,AKIEC,0.5292422771453857,1
ISIC_0024843,AKIEC,3,hard,0.45,5.0,100,2,302965,experiments\260526-0101_res256_sd_lora_uncond_all_seed42\sampling_img2img\hard\AKIEC\ISIC_0024843_label-AKIEC_strategy-hard_strength-0.45_gs-5.0_aug-002.png,0.5292422771453857,AKIEC,0.5292422771453857,1
ISIC_0024843,AKIEC,3,hard,0.45,5.0,100,3,303965,experiments\260526-0101_res256_sd_lora_uncond_all_seed42\sampling_img2img\hard\AKIEC\ISIC_0024843_label-AKIEC_strategy-hard_strength-0.45_gs-5.0_aug-003.png,0.5292422771453857,AKIEC,0.5292422771453857,1
ISIC_0024843,AKIEC,3,hard,0.45,5.0,100,4,304965,experiments\260526-0101_res256_sd_lora_uncond_all_seed42\sampling_img2img\hard\AKIEC\ISIC_0024843_label-AKIEC_strategy-hard_strength-0.45_gs-5.0_aug-004.png,0.5292422771453857,AKIEC,0.5292422771453857,1
ISIC_0026492,AKIEC,3,hard,0.45,5.0,100,0,300252,experiments\260526-0101_res256_sd_lora_uncond_all_seed42\sampling_img2img\hard\AKIEC\ISIC_0026492_label-AKIEC_strategy-hard_strength-0.45_gs-5.0_aug-000.png,0.20991617441177368,DF,0.31794798374176025,0
ISIC_0026492,AKIEC,3,hard,0.45,5.0,100,1,301252,experiments\260526-0101_res256_sd_lora_uncond_all_seed42\sampling_img2img\hard\AKIEC\ISIC_0026492_label-AKIEC_strategy-hard_strength-0.45_gs-5.0_aug-001.png,0.20991617441177368,DF,0.31794798374176025,0
ISIC_0026492,AKIEC,3,hard,0.45,5.0,100,2,302252,experiments\260526-0101_res256_sd_lora_uncond_all_seed42\sampling_img2img\hard\AKIEC\ISIC_0026492_label-AKIEC_strategy-hard_strength-0.45_gs-5.0_aug-002.png,0.20991617441177368,DF,0.31794798374176025,0
ISIC_0026492,AKIEC,3,hard,0.45,5.0,100,3,303252,experiments\260526-0101_res256_sd_lora_uncond_all_seed42\sampling_img2img\hard\AKIEC\ISIC_0026492_label-AKIEC_strategy-hard_strength-0.45_gs-5.0_aug-003.png,0.20991617441177368,DF,0.31794798374176025,0
ISIC_0026492,AKIEC,3,hard,0.45,5.0,100,4,304252,experiments\260526-0101_res256_sd_lora_uncond_all_seed42\sampling_img2img\hard\AKIEC\ISIC_0026492_label-AKIEC_strategy-hard_strength-0.45_gs-5.0_aug-004.png,0.20991617441177368,DF,0.31794798374176025,0
ISIC_0024562,AKIEC,3,hard,0.45,5.0,100,0,300178,experiments\260526-0101_res256_sd_lora_uncond_all_seed42\sampling_img2img\hard\AKIEC\ISIC_0024562_label-AKIEC_strategy-hard_strength-0.45_gs-5.0_aug-000.png,0.09407015889883041,BKL,0.7858149409294128,0
ISIC_0024562,AKIEC,3,hard,0.45,5.0,100,1,301178,experiments\260526-0101_res256_sd_lora_uncond_all_seed42\sampling_img2img\hard\AKIEC\ISIC_0024562_label-AKIEC_strategy-hard_strength-0.45_gs-5.0_aug-001.png,0.09407015889883041,BKL,0.7858149409294128,0
ISIC_0024562,AKIEC,3,hard,0.45,5.0,100,2,302178,experiments\260526-0101_res256_sd_lora_uncond_all_seed42\sampling_img2img\hard\AKIEC\ISIC_0024562_label-AKIEC_strategy-hard_strength-0.45_gs-5.0_aug-002.png,0.09407015889883041,BKL,0.7858149409294128,0
ISIC_0024562,AKIEC,3,hard,0.45,5.0,100,3,303178,experiments\260526-0101_res256_sd_lora_uncond_all_seed42\sampling_img2img\hard\AKIEC\ISIC_0024562_label-AKIEC_strategy-hard_strength-0.45_gs-5.0_aug-003.png,0.09407015889883041,BKL,0.7858149409294128,0
ISIC_0024562,AKIEC,3,hard,0.45,5.0,100,4,304178,experiments\260526-0101_res256_sd_lora_uncond_all_seed42\sampling_img2img\hard\AKIEC\ISIC_0024562_label-AKIEC_strategy-hard_strength-0.45_gs-5.0_aug-004.png,0.09407015889883041,BKL,0.7858149409294128,0
ISIC_0026645,AKIEC,3,hard,0.45,5.0,100,0,300369,experiments\260526-0101_res256_sd_lora_uncond_all_seed42\sampling_img2img\hard\AKIEC\ISIC_0026645_label-AKIEC_strategy-hard_strength-0.45_gs-5.0_aug-000.png,0.670600950717926,AKIEC,0.670600950717926,1
ISIC_0026645,AKIEC,3,hard,0.45,5.0,100,1,301369,experiments\260526-0101_res256_sd_lora_uncond_all_seed42\sampling_img2img\hard\AKIEC\ISIC_0026645_label-AKIEC_strategy-hard_strength-0.45_gs-5.0_aug-001.png,0.670600950717926,AKIEC,0.670600950717926,1
ISIC_0026645,AKIEC,3,hard,0.45,5.0,100,2,302369,experiments\260526-0101_res256_sd_lora_uncond_all_seed42\sampling_img2img\hard\AKIEC\ISIC_0026645_label-AKIEC_strategy-hard_strength-0.45_gs-5.0_aug-002.png,0.670600950717926,AKIEC,0.670600950717926,1
ISIC_0026645,AKIEC,3,hard,0.45,5.0,100,3,303369,experiments\260526-0101_res256_sd_lora_uncond_all_seed42\sampling_img2img\hard\AKIEC\ISIC_0026645_label-AKIEC_strategy-hard_strength-0.45_gs-5.0_aug-003.png,0.670600950717926,AKIEC,0.670600950717926,1
ISIC_0026645,AKIEC,3,hard,0.45,5.0,100,4,304369,experiments\260526-0101_res256_sd_lora_uncond_all_seed42\sampling_img2img\hard\AKIEC\ISIC_0026645_label-AKIEC_strategy-hard_strength-0.45_gs-5.0_aug-004.png,0.670600950717926,AKIEC,0.670600950717926,1
ISIC_0032422,AKIEC,3,hard,0.45,5.0,100,0,300222,experiments\260526-0101_res256_sd_lora_uncond_all_seed42\sampling_img2img\hard\AKIEC\ISIC_0032422_label-AKIEC_strategy-hard_strength-0.45_gs-5.0_aug-000.png,0.31446319818496704,BKL,0.45195937156677246,0
ISIC_0032422,AKIEC,3,hard,0.45,5.0,100,1,301222,experiments\260526-0101_res256_sd_lora_uncond_all_seed42\sampling_img2img\hard\AKIEC\ISIC_0032422_label-AKIEC_strategy-hard_strength-0.45_gs-5.0_aug-001.png,0.31446319818496704,BKL,0.45195937156677246,0
ISIC_0032422,AKIEC,3,hard,0.45,5.0,100,2,302222,experiments\260526-0101_res256_sd_lora_uncond_all_seed42\sampling_img2img\hard\AKIEC\ISIC_0032422_label-AKIEC_strategy-hard_strength-0.45_gs-5.0_aug-002.png,0.31446319818496704,BKL,0.45195937156677246,0
ISIC_0032422,AKIEC,3,hard,0.45,5.0,100,3,303222,experiments\260526-0101_res256_sd_lora_uncond_all_seed42\sampling_img2img\hard\AKIEC\ISIC_0032422_label-AKIEC_strategy-hard_strength-0.45_gs-5.0_aug-003.png,0.31446319818496704,BKL,0.45195937156677246,0
ISIC_0032422,AKIEC,3,hard,0.45,5.0,100,4,304222,experiments\260526-0101_res256_sd_lora_uncond_all_seed42\sampling_img2img\hard\AKIEC\ISIC_0032422_label-AKIEC_strategy-hard_strength-0.45_gs-5.0_aug-004.png,0.31446319818496704,BKL,0.45195937156677246,0
ISIC_0029582,AKIEC,3,hard,0.45,5.0,100,0,300787,experiments\260526-0101_res256_sd_lora_uncond_all_seed42\sampling_img2img\hard\AKIEC\ISIC_0029582_label-AKIEC_strategy-hard_strength-0.45_gs-5.0_aug-000.png,0.2539329528808594,BCC,0.3449353575706482,0
ISIC_0029582,AKIEC,3,hard,0.45,5.0,100,1,301787,experiments\260526-0101_res256_sd_lora_uncond_all_seed42\sampling_img2img\hard\AKIEC\ISIC_0029582_label-AKIEC_strategy-hard_strength-0.45_gs-5.0_aug-001.png,0.2539329528808594,BCC,0.3449353575706482,0
ISIC_0029582,AKIEC,3,hard,0.45,5.0,100,2,302787,experiments\260526-0101_res256_sd_lora_uncond_all_seed42\sampling_img2img\hard\AKIEC\ISIC_0029582_label-AKIEC_strategy-hard_strength-0.45_gs-5.0_aug-002.png,0.2539329528808594,BCC,0.3449353575706482,0
ISIC_0029582,AKIEC,3,hard,0.45,5.0,100,3,303787,experiments\260526-0101_res256_sd_lora_uncond_all_seed42\sampling_img2img\hard\AKIEC\ISIC_0029582_label-AKIEC_strategy-hard_strength-0.45_gs-5.0_aug-003.png,0.2539329528808594,BCC,0.3449353575706482,0
ISIC_0029582,AKIEC,3,hard,0.45,5.0,100,4,304787,experiments\260526-0101_res256_sd_lora_uncond_all_seed42\sampling_img2img\hard\AKIEC\ISIC_0029582_label-AKIEC_strategy-hard_strength-0.45_gs-5.0_aug-004.png,0.2539329528808594,BCC,0.3449353575706482,0
ISIC_0030175,AKIEC,3,hard,0.45,5.0,100,0,301006,experiments\260526-0101_res256_sd_lora_uncond_all_seed42\sampling_img2img\hard\AKIEC\ISIC_0030175_label-AKIEC_strategy-hard_strength-0.45_gs-5.0_aug-000.png,0.676439642906189,AKIEC,0.676439642906189,1
ISIC_0030175,AKIEC,3,hard,0.45,5.0,100,1,302006,experiments\260526-0101_res256_sd_lora_uncond_all_seed42\sampling_img2img\hard\AKIEC\ISIC_0030175_label-AKIEC_strategy-hard_strength-0.45_gs-5.0_aug-001.png,0.676439642906189,AKIEC,0.676439642906189,1
ISIC_0030175,AKIEC,3,hard,0.45,5.0,100,2,303006,experiments\260526-0101_res256_sd_lora_uncond_all_seed42\sampling_img2img\hard\AKIEC\ISIC_0030175_label-AKIEC_strategy-hard_strength-0.45_gs-5.0_aug-002.png,0.676439642906189,AKIEC,0.676439642906189,1
ISIC_0030175,AKIEC,3,hard,0.45,5.0,100,3,304006,experiments\260526-0101_res256_sd_lora_uncond_all_seed42\sampling_img2img\hard\AKIEC\ISIC_0030175_label-AKIEC_strategy-hard_strength-0.45_gs-5.0_aug-003.png,0.676439642906189,AKIEC,0.676439642906189,1
ISIC_0030175,AKIEC,3,hard,0.45,5.0,100,4,305006,experiments\260526-0101_res256_sd_lora_uncond_all_seed42\sampling_img2img\hard\AKIEC\ISIC_0030175_label-AKIEC_strategy-hard_strength-0.45_gs-5.0_aug-004.png,0.676439642906189,AKIEC,0.676439642906189,1
ISIC_0025790,AKIEC,3,hard,0.45,5.0,100,0,300446,experiments\260526-0101_res256_sd_lora_uncond_all_seed42\sampling_img2img\hard\AKIEC\ISIC_0025790_label-AKIEC_strategy-hard_strength-0.45_gs-5.0_aug-000.png,0.603442370891571,AKIEC,0.603442370891571,1
ISIC_0025790,AKIEC,3,hard,0.45,5.0,100,1,301446,experiments\260526-0101_res256_sd_lora_uncond_all_seed42\sampling_img2img\hard\AKIEC\ISIC_0025790_label-AKIEC_strategy-hard_strength-0.45_gs-5.0_aug-001.png,0.603442370891571,AKIEC,0.603442370891571,1
ISIC_0025790,AKIEC,3,hard,0.45,5.0,100,2,302446,experiments\260526-0101_res256_sd_lora_uncond_all_seed42\sampling_img2img\hard\AKIEC\ISIC_0025790_label-AKIEC_strategy-hard_strength-0.45_gs-5.0_aug-002.png,0.603442370891571,AKIEC,0.603442370891571,1
ISIC_0025790,AKIEC,3,hard,0.45,5.0,100,3,303446,experiments\260526-0101_res256_sd_lora_uncond_all_seed42\sampling_img2img\hard\AKIEC\ISIC_0025790_label-AKIEC_strategy-hard_strength-0.45_gs-5.0_aug-003.png,0.603442370891571,AKIEC,0.603442370891571,1
ISIC_0025790,AKIEC,3,hard,0.45,5.0,100,4,304446,experiments\260526-0101_res256_sd_lora_uncond_all_seed42\sampling_img2img\hard\AKIEC\ISIC_0025790_label-AKIEC_strategy-hard_strength-0.45_gs-5.0_aug-004.png,0.603442370891571,AKIEC,0.603442370891571,1
ISIC_0031043,AKIEC,3,hard,0.45,5.0,100,0,300381,experiments\260526-0101_res256_sd_lora_uncond_all_seed42\sampling_img2img\hard\AKIEC\ISIC_0031043_label-AKIEC_strategy-hard_strength-0.45_gs-5.0_aug-000.png,0.41737714409828186,AKIEC,0.41737714409828186,1
ISIC_0031043,AKIEC,3,hard,0.45,5.0,100,1,301381,experiments\260526-0101_res256_sd_lora_uncond_all_seed42\sampling_img2img\hard\AKIEC\ISIC_0031043_label-AKIEC_strategy-hard_strength-0.45_gs-5.0_aug-001.png,0.41737714409828186,AKIEC,0.41737714409828186,1
ISIC_0031043,AKIEC,3,hard,0.45,5.0,100,2,302381,experiments\260526-0101_res256_sd_lora_uncond_all_seed42\sampling_img2img\hard\AKIEC\ISIC_0031043_label-AKIEC_strategy-hard_strength-0.45_gs-5.0_aug-002.png,0.41737714409828186,AKIEC,0.41737714409828186,1
ISIC_0031043,AKIEC,3,hard,0.45,5.0,100,3,303381,experiments\260526-0101_res256_sd_lora_uncond_all_seed42\sampling_img2img\hard\AKIEC\ISIC_0031043_label-AKIEC_strategy-hard_strength-0.45_gs-5.0_aug-003.png,0.41737714409828186,AKIEC,0.41737714409828186,1
ISIC_0031043,AKIEC,3,hard,0.45,5.0,100,4,304381,experiments\260526-0101_res256_sd_lora_uncond_all_seed42\sampling_img2img\hard\AKIEC\ISIC_0031043_label-AKIEC_strategy-hard_strength-0.45_gs-5.0_aug-004.png,0.41737714409828186,AKIEC,0.41737714409828186,1
ISIC_0029141,AKIEC,3,hard,0.45,5.0,100,0,300662,experiments\260526-0101_res256_sd_lora_uncond_all_seed42\sampling_img2img\hard\AKIEC\ISIC_0029141_label-AKIEC_strategy-hard_strength-0.45_gs-5.0_aug-000.png,0.3886759579181671,AKIEC,0.3886759579181671,1
ISIC_0029141,AKIEC,3,hard,0.45,5.0,100,1,301662,experiments\260526-0101_res256_sd_lora_uncond_all_seed42\sampling_img2img\hard\AKIEC\ISIC_0029141_label-AKIEC_strategy-hard_strength-0.45_gs-5.0_aug-001.png,0.3886759579181671,AKIEC,0.3886759579181671,1
ISIC_0029141,AKIEC,3,hard,0.45,5.0,100,2,302662,experiments\260526-0101_res256_sd_lora_uncond_all_seed42\sampling_img2img\hard\AKIEC\ISIC_0029141_label-AKIEC_strategy-hard_strength-0.45_gs-5.0_aug-002.png,0.3886759579181671,AKIEC,0.3886759579181671,1
ISIC_0029141,AKIEC,3,hard,0.45,5.0,100,3,303662,experiments\260526-0101_res256_sd_lora_uncond_all_seed42\sampling_img2img\hard\AKIEC\ISIC_0029141_label-AKIEC_strategy-hard_strength-0.45_gs-5.0_aug-003.png,0.3886759579181671,AKIEC,0.3886759579181671,1
ISIC_0029141,AKIEC,3,hard,0.45,5.0,100,4,304662,experiments\260526-0101_res256_sd_lora_uncond_all_seed42\sampling_img2img\hard\AKIEC\ISIC_0029141_label-AKIEC_strategy-hard_strength-0.45_gs-5.0_aug-004.png,0.3886759579181671,AKIEC,0.3886759579181671,1
ISIC_0026468,AKIEC,3,hard,0.45,5.0,100,0,300513,experiments\260526-0101_res256_sd_lora_uncond_all_seed42\sampling_img2img\hard\AKIEC\ISIC_0026468_label-AKIEC_strategy-hard_strength-0.45_gs-5.0_aug-000.png,0.522147536277771,AKIEC,0.522147536277771,1
ISIC_0026468,AKIEC,3,hard,0.45,5.0,100,1,301513,experiments\260526-0101_res256_sd_lora_uncond_all_seed42\sampling_img2img\hard\AKIEC\ISIC_0026468_label-AKIEC_strategy-hard_strength-0.45_gs-5.0_aug-001.png,0.522147536277771,AKIEC,0.522147536277771,1
ISIC_0026468,AKIEC,3,hard,0.45,5.0,100,2,302513,experiments\260526-0101_res256_sd_lora_uncond_all_seed42\sampling_img2img\hard\AKIEC\ISIC_0026468_label-AKIEC_strategy-hard_strength-0.45_gs-5.0_aug-002.png,0.522147536277771,AKIEC,0.522147536277771,1
ISIC_0026468,AKIEC,3,hard,0.45,5.0,100,3,303513,experiments\260526-0101_res256_sd_lora_uncond_all_seed42\sampling_img2img\hard\AKIEC\ISIC_0026468_label-AKIEC_strategy-hard_strength-0.45_gs-5.0_aug-003.png,0.522147536277771,AKIEC,0.522147536277771,1
ISIC_0026468,AKIEC,3,hard,0.45,5.0,100,4,304513,experiments\260526-0101_res256_sd_lora_uncond_all_seed42\sampling_img2img\hard\AKIEC\ISIC_0026468_label-AKIEC_strategy-hard_strength-0.45_gs-5.0_aug-004.png,0.522147536277771,AKIEC,0.522147536277771,1
ISIC_0030549,AKIEC,3,hard,0.45,5.0,100,0,300572,experiments\260526-0101_res256_sd_lora_uncond_all_seed42\sampling_img2img\hard\AKIEC\ISIC_0030549_label-AKIEC_strategy-hard_strength-0.45_gs-5.0_aug-000.png,0.4540053606033325,AKIEC,0.4540053606033325,1
ISIC_0030549,AKIEC,3,hard,0.45,5.0,100,1,301572,experiments\260526-0101_res256_sd_lora_uncond_all_seed42\sampling_img2img\hard\AKIEC\ISIC_0030549_label-AKIEC_strategy-hard_strength-0.45_gs-5.0_aug-001.png,0.4540053606033325,AKIEC,0.4540053606033325,1
ISIC_0030549,AKIEC,3,hard,0.45,5.0,100,2,302572,experiments\260526-0101_res256_sd_lora_uncond_all_seed42\sampling_img2img\hard\AKIEC\ISIC_0030549_label-AKIEC_strategy-hard_strength-0.45_gs-5.0_aug-002.png,0.4540053606033325,AKIEC,0.4540053606033325,1
ISIC_0030549,AKIEC,3,hard,0.45,5.0,100,3,303572,experiments\260526-0101_res256_sd_lora_uncond_all_seed42\sampling_img2img\hard\AKIEC\ISIC_0030549_label-AKIEC_strategy-hard_strength-0.45_gs-5.0_aug-003.png,0.4540053606033325,AKIEC,0.4540053606033325,1
ISIC_0030549,AKIEC,3,hard,0.45,5.0,100,4,304572,experiments\260526-0101_res256_sd_lora_uncond_all_seed42\sampling_img2img\hard\AKIEC\ISIC_0030549_label-AKIEC_strategy-hard_strength-0.45_gs-5.0_aug-004.png,0.4540053606033325,AKIEC,0.4540053606033325,1
ISIC_0032897,AKIEC,3,hard,0.45,5.0,100,0,301019,experiments\260526-0101_res256_sd_lora_uncond_all_seed42\sampling_img2img\hard\AKIEC\ISIC_0032897_label-AKIEC_strategy-hard_strength-0.45_gs-5.0_aug-000.png,0.43413588404655457,AKIEC,0.43413588404655457,1
ISIC_0032897,AKIEC,3,hard,0.45,5.0,100,1,302019,experiments\260526-0101_res256_sd_lora_uncond_all_seed42\sampling_img2img\hard\AKIEC\ISIC_0032897_label-AKIEC_strategy-hard_strength-0.45_gs-5.0_aug-001.png,0.43413588404655457,AKIEC,0.43413588404655457,1
ISIC_0032897,AKIEC,3,hard,0.45,5.0,100,2,303019,experiments\260526-0101_res256_sd_lora_uncond_all_seed42\sampling_img2img\hard\AKIEC\ISIC_0032897_label-AKIEC_strategy-hard_strength-0.45_gs-5.0_aug-002.png,0.43413588404655457,AKIEC,0.43413588404655457,1
ISIC_0032897,AKIEC,3,hard,0.45,5.0,100,3,304019,experiments\260526-0101_res256_sd_lora_uncond_all_seed42\sampling_img2img\hard\AKIEC\ISIC_0032897_label-AKIEC_strategy-hard_strength-0.45_gs-5.0_aug-003.png,0.43413588404655457,AKIEC,0.43413588404655457,1
ISIC_0032897,AKIEC,3,hard,0.45,5.0,100,4,305019,experiments\260526-0101_res256_sd_lora_uncond_all_seed42\sampling_img2img\hard\AKIEC\ISIC_0032897_label-AKIEC_strategy-hard_strength-0.45_gs-5.0_aug-004.png,0.43413588404655457,AKIEC,0.43413588404655457,1
ISIC_0026327,AKIEC,3,hard,0.45,5.0,100,0,300050,experiments\260526-0101_res256_sd_lora_uncond_all_seed42\sampling_img2img\hard\AKIEC\ISIC_0026327_label-AKIEC_strategy-hard_strength-0.45_gs-5.0_aug-000.png,0.4720917046070099,BCC,0.47294124960899353,0
ISIC_0026327,AKIEC,3,hard,0.45,5.0,100,1,301050,experiments\260526-0101_res256_sd_lora_uncond_all_seed42\sampling_img2img\hard\AKIEC\ISIC_0026327_label-AKIEC_strategy-hard_strength-0.45_gs-5.0_aug-001.png,0.4720917046070099,BCC,0.47294124960899353,0
ISIC_0026327,AKIEC,3,hard,0.45,5.0,100,2,302050,experiments\260526-0101_res256_sd_lora_uncond_all_seed42\sampling_img2img\hard\AKIEC\ISIC_0026327_label-AKIEC_strategy-hard_strength-0.45_gs-5.0_aug-002.png,0.4720917046070099,BCC,0.47294124960899353,0
ISIC_0026327,AKIEC,3,hard,0.45,5.0,100,3,303050,experiments\260526-0101_res256_sd_lora_uncond_all_seed42\sampling_img2img\hard\AKIEC\ISIC_0026327_label-AKIEC_strategy-hard_strength-0.45_gs-5.0_aug-003.png,0.4720917046070099,BCC,0.47294124960899353,0
ISIC_0026327,AKIEC,3,hard,0.45,5.0,100,4,304050,experiments\260526-0101_res256_sd_lora_uncond_all_seed42\sampling_img2img\hard\AKIEC\ISIC_0026327_label-AKIEC_strategy-hard_strength-0.45_gs-5.0_aug-004.png,0.4720917046070099,BCC,0.47294124960899353,0
ISIC_0024463,AKIEC,3,hard,0.45,5.0,100,0,301017,experiments\260526-0101_res256_sd_lora_uncond_all_seed42\sampling_img2img\hard\AKIEC\ISIC_0024463_label-AKIEC_strategy-hard_strength-0.45_gs-5.0_aug-000.png,0.5986726880073547,AKIEC,0.5986726880073547,1
ISIC_0024463,AKIEC,3,hard,0.45,5.0,100,1,302017,experiments\260526-0101_res256_sd_lora_uncond_all_seed42\sampling_img2img\hard\AKIEC\ISIC_0024463_label-AKIEC_strategy-hard_strength-0.45_gs-5.0_aug-001.png,0.5986726880073547,AKIEC,0.5986726880073547,1
ISIC_0024463,AKIEC,3,hard,0.45,5.0,100,2,303017,experiments\260526-0101_res256_sd_lora_uncond_all_seed42\sampling_img2img\hard\AKIEC\ISIC_0024463_label-AKIEC_strategy-hard_strength-0.45_gs-5.0_aug-002.png,0.5986726880073547,AKIEC,0.5986726880073547,1
ISIC_0024463,AKIEC,3,hard,0.45,5.0,100,3,304017,experiments\260526-0101_res256_sd_lora_uncond_all_seed42\sampling_img2img\hard\AKIEC\ISIC_0024463_label-AKIEC_strategy-hard_strength-0.45_gs-5.0_aug-003.png,0.5986726880073547,AKIEC,0.5986726880073547,1
ISIC_0024463,AKIEC,3,hard,0.45,5.0,100,4,305017,experiments\260526-0101_res256_sd_lora_uncond_all_seed42\sampling_img2img\hard\AKIEC\ISIC_0024463_label-AKIEC_strategy-hard_strength-0.45_gs-5.0_aug-004.png,0.5986726880073547,AKIEC,0.5986726880073547,1
ISIC_0030344,AKIEC,3,hard,0.45,5.0,100,0,300760,experiments\260526-0101_res256_sd_lora_uncond_all_seed42\sampling_img2img\hard\AKIEC\ISIC_0030344_label-AKIEC_strategy-hard_strength-0.45_gs-5.0_aug-000.png,0.48300373554229736,AKIEC,0.48300373554229736,1
ISIC_0030344,AKIEC,3,hard,0.45,5.0,100,1,301760,experiments\260526-0101_res256_sd_lora_uncond_all_seed42\sampling_img2img\hard\AKIEC\ISIC_0030344_label-AKIEC_strategy-hard_strength-0.45_gs-5.0_aug-001.png,0.48300373554229736,AKIEC,0.48300373554229736,1
ISIC_0030344,AKIEC,3,hard,0.45,5.0,100,2,302760,experiments\260526-0101_res256_sd_lora_uncond_all_seed42\sampling_img2img\hard\AKIEC\ISIC_0030344_label-AKIEC_strategy-hard_strength-0.45_gs-5.0_aug-002.png,0.48300373554229736,AKIEC,0.48300373554229736,1
ISIC_0030344,AKIEC,3,hard,0.45,5.0,100,3,303760,experiments\260526-0101_res256_sd_lora_uncond_all_seed42\sampling_img2img\hard\AKIEC\ISIC_0030344_label-AKIEC_strategy-hard_strength-0.45_gs-5.0_aug-003.png,0.48300373554229736,AKIEC,0.48300373554229736,1
ISIC_0030344,AKIEC,3,hard,0.45,5.0,100,4,304760,experiments\260526-0101_res256_sd_lora_uncond_all_seed42\sampling_img2img\hard\AKIEC\ISIC_0030344_label-AKIEC_strategy-hard_strength-0.45_gs-5.0_aug-004.png,0.48300373554229736,AKIEC,0.48300373554229736,1
ISIC_0033869,AKIEC,3,hard,0.45,5.0,100,0,300611,experiments\260526-0101_res256_sd_lora_uncond_all_seed42\sampling_img2img\hard\AKIEC\ISIC_0033869_label-AKIEC_strategy-hard_strength-0.45_gs-5.0_aug-000.png,0.4323074221611023,AKIEC,0.4323074221611023,1
ISIC_0033869,AKIEC,3,hard,0.45,5.0,100,1,301611,experiments\260526-0101_res256_sd_lora_uncond_all_seed42\sampling_img2img\hard\AKIEC\ISIC_0033869_label-AKIEC_strategy-hard_strength-0.45_gs-5.0_aug-001.png,0.4323074221611023,AKIEC,0.4323074221611023,1
ISIC_0033869,AKIEC,3,hard,0.45,5.0,100,2,302611,experiments\260526-0101_res256_sd_lora_uncond_all_seed42\sampling_img2img\hard\AKIEC\ISIC_0033869_label-AKIEC_strategy-hard_strength-0.45_gs-5.0_aug-002.png,0.4323074221611023,AKIEC,0.4323074221611023,1
ISIC_0033869,AKIEC,3,hard,0.45,5.0,100,3,303611,experiments\260526-0101_res256_sd_lora_uncond_all_seed42\sampling_img2img\hard\AKIEC\ISIC_0033869_label-AKIEC_strategy-hard_strength-0.45_gs-5.0_aug-003.png,0.4323074221611023,AKIEC,0.4323074221611023,1
ISIC_0033869,AKIEC,3,hard,0.45,5.0,100,4,304611,experiments\260526-0101_res256_sd_lora_uncond_all_seed42\sampling_img2img\hard\AKIEC\ISIC_0033869_label-AKIEC_strategy-hard_strength-0.45_gs-5.0_aug-004.png,0.4323074221611023,AKIEC,0.4323074221611023,1
ISIC_0031609,AKIEC,3,hard,0.45,5.0,100,0,300342,experiments\260526-0101_res256_sd_lora_uncond_all_seed42\sampling_img2img\hard\AKIEC\ISIC_0031609_label-AKIEC_strategy-hard_strength-0.45_gs-5.0_aug-000.png,0.32092079520225525,AKIEC,0.32092079520225525,1
ISIC_0031609,AKIEC,3,hard,0.45,5.0,100,1,301342,experiments\260526-0101_res256_sd_lora_uncond_all_seed42\sampling_img2img\hard\AKIEC\ISIC_0031609_label-AKIEC_strategy-hard_strength-0.45_gs-5.0_aug-001.png,0.32092079520225525,AKIEC,0.32092079520225525,1
ISIC_0031609,AKIEC,3,hard,0.45,5.0,100,2,302342,experiments\260526-0101_res256_sd_lora_uncond_all_seed42\sampling_img2img\hard\AKIEC\ISIC_0031609_label-AKIEC_strategy-hard_strength-0.45_gs-5.0_aug-002.png,0.32092079520225525,AKIEC,0.32092079520225525,1
ISIC_0031609,AKIEC,3,hard,0.45,5.0,100,3,303342,experiments\260526-0101_res256_sd_lora_uncond_all_seed42\sampling_img2img\hard\AKIEC\ISIC_0031609_label-AKIEC_strategy-hard_strength-0.45_gs-5.0_aug-003.png,0.32092079520225525,AKIEC,0.32092079520225525,1
ISIC_0031609,AKIEC,3,hard,0.45,5.0,100,4,304342,experiments\260526-0101_res256_sd_lora_uncond_all_seed42\sampling_img2img\hard\AKIEC\ISIC_0031609_label-AKIEC_strategy-hard_strength-0.45_gs-5.0_aug-004.png,0.32092079520225525,AKIEC,0.32092079520225525,1
ISIC_0030785,AKIEC,3,hard,0.45,5.0,100,0,300343,experiments\260526-0101_res256_sd_lora_uncond_all_seed42\sampling_img2img\hard\AKIEC\ISIC_0030785_label-AKIEC_strategy-hard_strength-0.45_gs-5.0_aug-000.png,0.5764378905296326,AKIEC,0.5764378905296326,1
ISIC_0030785,AKIEC,3,hard,0.45,5.0,100,1,301343,experiments\260526-0101_res256_sd_lora_uncond_all_seed42\sampling_img2img\hard\AKIEC\ISIC_0030785_label-AKIEC_strategy-hard_strength-0.45_gs-5.0_aug-001.png,0.5764378905296326,AKIEC,0.5764378905296326,1
ISIC_0030785,AKIEC,3,hard,0.45,5.0,100,2,302343,experiments\260526-0101_res256_sd_lora_uncond_all_seed42\sampling_img2img\hard\AKIEC\ISIC_0030785_label-AKIEC_strategy-hard_strength-0.45_gs-5.0_aug-002.png,0.5764378905296326,AKIEC,0.5764378905296326,1
ISIC_0030785,AKIEC,3,hard,0.45,5.0,100,3,303343,experiments\260526-0101_res256_sd_lora_uncond_all_seed42\sampling_img2img\hard\AKIEC\ISIC_0030785_label-AKIEC_strategy-hard_strength-0.45_gs-5.0_aug-003.png,0.5764378905296326,AKIEC,0.5764378905296326,1
ISIC_0030785,AKIEC,3,hard,0.45,5.0,100,4,304343,experiments\260526-0101_res256_sd_lora_uncond_all_seed42\sampling_img2img\hard\AKIEC\ISIC_0030785_label-AKIEC_strategy-hard_strength-0.45_gs-5.0_aug-004.png,0.5764378905296326,AKIEC,0.5764378905296326,1
ISIC_0027767,AKIEC,3,hard,0.45,5.0,100,0,300422,experiments\260526-0101_res256_sd_lora_uncond_all_seed42\sampling_img2img\hard\AKIEC\ISIC_0027767_label-AKIEC_strategy-hard_strength-0.45_gs-5.0_aug-000.png,0.18310487270355225,BKL,0.3652282953262329,0
ISIC_0027767,AKIEC,3,hard,0.45,5.0,100,1,301422,experiments\260526-0101_res256_sd_lora_uncond_all_seed42\sampling_img2img\hard\AKIEC\ISIC_0027767_label-AKIEC_strategy-hard_strength-0.45_gs-5.0_aug-001.png,0.18310487270355225,BKL,0.3652282953262329,0
ISIC_0027767,AKIEC,3,hard,0.45,5.0,100,2,302422,experiments\260526-0101_res256_sd_lora_uncond_all_seed42\sampling_img2img\hard\AKIEC\ISIC_0027767_label-AKIEC_strategy-hard_strength-0.45_gs-5.0_aug-002.png,0.18310487270355225,BKL,0.3652282953262329,0
ISIC_0027767,AKIEC,3,hard,0.45,5.0,100,3,303422,experiments\260526-0101_res256_sd_lora_uncond_all_seed42\sampling_img2img\hard\AKIEC\ISIC_0027767_label-AKIEC_strategy-hard_strength-0.45_gs-5.0_aug-003.png,0.18310487270355225,BKL,0.3652282953262329,0
ISIC_0027767,AKIEC,3,hard,0.45,5.0,100,4,304422,experiments\260526-0101_res256_sd_lora_uncond_all_seed42\sampling_img2img\hard\AKIEC\ISIC_0027767_label-AKIEC_strategy-hard_strength-0.45_gs-5.0_aug-004.png,0.18310487270355225,BKL,0.3652282953262329,0
ISIC_0027084,AKIEC,3,hard,0.45,5.0,100,0,300168,experiments\260526-0101_res256_sd_lora_uncond_all_seed42\sampling_img2img\hard\AKIEC\ISIC_0027084_label-AKIEC_strategy-hard_strength-0.45_gs-5.0_aug-000.png,0.6716817617416382,AKIEC,0.6716817617416382,1
ISIC_0027084,AKIEC,3,hard,0.45,5.0,100,1,301168,experiments\260526-0101_res256_sd_lora_uncond_all_seed42\sampling_img2img\hard\AKIEC\ISIC_0027084_label-AKIEC_strategy-hard_strength-0.45_gs-5.0_aug-001.png,0.6716817617416382,AKIEC,0.6716817617416382,1
ISIC_0027084,AKIEC,3,hard,0.45,5.0,100,2,302168,experiments\260526-0101_res256_sd_lora_uncond_all_seed42\sampling_img2img\hard\AKIEC\ISIC_0027084_label-AKIEC_strategy-hard_strength-0.45_gs-5.0_aug-002.png,0.6716817617416382,AKIEC,0.6716817617416382,1
ISIC_0027084,AKIEC,3,hard,0.45,5.0,100,3,303168,experiments\260526-0101_res256_sd_lora_uncond_all_seed42\sampling_img2img\hard\AKIEC\ISIC_0027084_label-AKIEC_strategy-hard_strength-0.45_gs-5.0_aug-003.png,0.6716817617416382,AKIEC,0.6716817617416382,1
ISIC_0027084,AKIEC,3,hard,0.45,5.0,100,4,304168,experiments\260526-0101_res256_sd_lora_uncond_all_seed42\sampling_img2img\hard\AKIEC\ISIC_0027084_label-AKIEC_strategy-hard_strength-0.45_gs-5.0_aug-004.png,0.6716817617416382,AKIEC,0.6716817617416382,1
ISIC_0025957,AKIEC,3,hard,0.45,5.0,100,0,300413,experiments\260526-0101_res256_sd_lora_uncond_all_seed42\sampling_img2img\hard\AKIEC\ISIC_0025957_label-AKIEC_strategy-hard_strength-0.45_gs-5.0_aug-000.png,0.6174008250236511,AKIEC,0.6174008250236511,1
ISIC_0025957,AKIEC,3,hard,0.45,5.0,100,1,301413,experiments\260526-0101_res256_sd_lora_uncond_all_seed42\sampling_img2img\hard\AKIEC\ISIC_0025957_label-AKIEC_strategy-hard_strength-0.45_gs-5.0_aug-001.png,0.6174008250236511,AKIEC,0.6174008250236511,1
ISIC_0025957,AKIEC,3,hard,0.45,5.0,100,2,302413,experiments\260526-0101_res256_sd_lora_uncond_all_seed42\sampling_img2img\hard\AKIEC\ISIC_0025957_label-AKIEC_strategy-hard_strength-0.45_gs-5.0_aug-002.png,0.6174008250236511,AKIEC,0.6174008250236511,1
ISIC_0025957,AKIEC,3,hard,0.45,5.0,100,3,303413,experiments\260526-0101_res256_sd_lora_uncond_all_seed42\sampling_img2img\hard\AKIEC\ISIC_0025957_label-AKIEC_strategy-hard_strength-0.45_gs-5.0_aug-003.png,0.6174008250236511,AKIEC,0.6174008250236511,1
ISIC_0025957,AKIEC,3,hard,0.45,5.0,100,4,304413,experiments\260526-0101_res256_sd_lora_uncond_all_seed42\sampling_img2img\hard\AKIEC\ISIC_0025957_label-AKIEC_strategy-hard_strength-0.45_gs-5.0_aug-004.png,0.6174008250236511,AKIEC,0.6174008250236511,1
ISIC_0027562,AKIEC,3,hard,0.45,5.0,100,0,300645,experiments\260526-0101_res256_sd_lora_uncond_all_seed42\sampling_img2img\hard\AKIEC\ISIC_0027562_label-AKIEC_strategy-hard_strength-0.45_gs-5.0_aug-000.png,0.14630089700222015,BKL,0.7623557448387146,0
ISIC_0027562,AKIEC,3,hard,0.45,5.0,100,1,301645,experiments\260526-0101_res256_sd_lora_uncond_all_seed42\sampling_img2img\hard\AKIEC\ISIC_0027562_label-AKIEC_strategy-hard_strength-0.45_gs-5.0_aug-001.png,0.14630089700222015,BKL,0.7623557448387146,0
ISIC_0027562,AKIEC,3,hard,0.45,5.0,100,2,302645,experiments\260526-0101_res256_sd_lora_uncond_all_seed42\sampling_img2img\hard\AKIEC\ISIC_0027562_label-AKIEC_strategy-hard_strength-0.45_gs-5.0_aug-002.png,0.14630089700222015,BKL,0.7623557448387146,0
ISIC_0027562,AKIEC,3,hard,0.45,5.0,100,3,303645,experiments\260526-0101_res256_sd_lora_uncond_all_seed42\sampling_img2img\hard\AKIEC\ISIC_0027562_label-AKIEC_strategy-hard_strength-0.45_gs-5.0_aug-003.png,0.14630089700222015,BKL,0.7623557448387146,0
ISIC_0027562,AKIEC,3,hard,0.45,5.0,100,4,304645,experiments\260526-0101_res256_sd_lora_uncond_all_seed42\sampling_img2img\hard\AKIEC\ISIC_0027562_label-AKIEC_strategy-hard_strength-0.45_gs-5.0_aug-004.png,0.14630089700222015,BKL,0.7623557448387146,0
ISIC_0026626,AKIEC,3,hard,0.45,5.0,100,0,300054,experiments\260526-0101_res256_sd_lora_uncond_all_seed42\sampling_img2img\hard\AKIEC\ISIC_0026626_label-AKIEC_strategy-hard_strength-0.45_gs-5.0_aug-000.png,0.687422513961792,AKIEC,0.687422513961792,1
ISIC_0026626,AKIEC,3,hard,0.45,5.0,100,1,301054,experiments\260526-0101_res256_sd_lora_uncond_all_seed42\sampling_img2img\hard\AKIEC\ISIC_0026626_label-AKIEC_strategy-hard_strength-0.45_gs-5.0_aug-001.png,0.687422513961792,AKIEC,0.687422513961792,1
ISIC_0026626,AKIEC,3,hard,0.45,5.0,100,2,302054,experiments\260526-0101_res256_sd_lora_uncond_all_seed42\sampling_img2img\hard\AKIEC\ISIC_0026626_label-AKIEC_strategy-hard_strength-0.45_gs-5.0_aug-002.png,0.687422513961792,AKIEC,0.687422513961792,1
ISIC_0026626,AKIEC,3,hard,0.45,5.0,100,3,303054,experiments\260526-0101_res256_sd_lora_uncond_all_seed42\sampling_img2img\hard\AKIEC\ISIC_0026626_label-AKIEC_strategy-hard_strength-0.45_gs-5.0_aug-003.png,0.687422513961792,AKIEC,0.687422513961792,1
ISIC_0026626,AKIEC,3,hard,0.45,5.0,100,4,304054,experiments\260526-0101_res256_sd_lora_uncond_all_seed42\sampling_img2img\hard\AKIEC\ISIC_0026626_label-AKIEC_strategy-hard_strength-0.45_gs-5.0_aug-004.png,0.687422513961792,AKIEC,0.687422513961792,1
ISIC_0030143,AKIEC,3,hard,0.45,5.0,100,0,300803,experiments\260526-0101_res256_sd_lora_uncond_all_seed42\sampling_img2img\hard\AKIEC\ISIC_0030143_label-AKIEC_strategy-hard_strength-0.45_gs-5.0_aug-000.png,0.2543441355228424,NV,0.7002862691879272,0
ISIC_0030143,AKIEC,3,hard,0.45,5.0,100,1,301803,experiments\260526-0101_res256_sd_lora_uncond_all_seed42\sampling_img2img\hard\AKIEC\ISIC_0030143_label-AKIEC_strategy-hard_strength-0.45_gs-5.0_aug-001.png,0.2543441355228424,NV,0.7002862691879272,0
ISIC_0030143,AKIEC,3,hard,0.45,5.0,100,2,302803,experiments\260526-0101_res256_sd_lora_uncond_all_seed42\sampling_img2img\hard\AKIEC\ISIC_0030143_label-AKIEC_strategy-hard_strength-0.45_gs-5.0_aug-002.png,0.2543441355228424,NV,0.7002862691879272,0
ISIC_0030143,AKIEC,3,hard,0.45,5.0,100,3,303803,experiments\260526-0101_res256_sd_lora_uncond_all_seed42\sampling_img2img\hard\AKIEC\ISIC_0030143_label-AKIEC_strategy-hard_strength-0.45_gs-5.0_aug-003.png,0.2543441355228424,NV,0.7002862691879272,0
ISIC_0030143,AKIEC,3,hard,0.45,5.0,100,4,304803,experiments\260526-0101_res256_sd_lora_uncond_all_seed42\sampling_img2img\hard\AKIEC\ISIC_0030143_label-AKIEC_strategy-hard_strength-0.45_gs-5.0_aug-004.png,0.2543441355228424,NV,0.7002862691879272,0
ISIC_0024883,BKL,4,hard,0.45,5.0,100,0,400170,experiments\260526-0101_res256_sd_lora_uncond_all_seed42\sampling_img2img\hard\BKL\ISIC_0024883_label-BKL_strategy-hard_strength-0.45_gs-5.0_aug-000.png,0.773644208908081,BKL,0.773644208908081,1
ISIC_0024883,BKL,4,hard,0.45,5.0,100,1,401170,experiments\260526-0101_res256_sd_lora_uncond_all_seed42\sampling_img2img\hard\BKL\ISIC_0024883_label-BKL_strategy-hard_strength-0.45_gs-5.0_aug-001.png,0.773644208908081,BKL,0.773644208908081,1
ISIC_0024883,BKL,4,hard,0.45,5.0,100,2,402170,experiments\260526-0101_res256_sd_lora_uncond_all_seed42\sampling_img2img\hard\BKL\ISIC_0024883_label-BKL_strategy-hard_strength-0.45_gs-5.0_aug-002.png,0.773644208908081,BKL,0.773644208908081,1
ISIC_0024883,BKL,4,hard,0.45,5.0,100,3,403170,experiments\260526-0101_res256_sd_lora_uncond_all_seed42\sampling_img2img\hard\BKL\ISIC_0024883_label-BKL_strategy-hard_strength-0.45_gs-5.0_aug-003.png,0.773644208908081,BKL,0.773644208908081,1
ISIC_0024883,BKL,4,hard,0.45,5.0,100,4,404170,experiments\260526-0101_res256_sd_lora_uncond_all_seed42\sampling_img2img\hard\BKL\ISIC_0024883_label-BKL_strategy-hard_strength-0.45_gs-5.0_aug-004.png,0.773644208908081,BKL,0.773644208908081,1
ISIC_0033761,BKL,4,hard,0.45,5.0,100,0,400142,experiments\260526-0101_res256_sd_lora_uncond_all_seed42\sampling_img2img\hard\BKL\ISIC_0033761_label-BKL_strategy-hard_strength-0.45_gs-5.0_aug-000.png,0.3984487056732178,NV,0.5580611228942871,0
ISIC_0033761,BKL,4,hard,0.45,5.0,100,1,401142,experiments\260526-0101_res256_sd_lora_uncond_all_seed42\sampling_img2img\hard\BKL\ISIC_0033761_label-BKL_strategy-hard_strength-0.45_gs-5.0_aug-001.png,0.3984487056732178,NV,0.5580611228942871,0
ISIC_0033761,BKL,4,hard,0.45,5.0,100,2,402142,experiments\260526-0101_res256_sd_lora_uncond_all_seed42\sampling_img2img\hard\BKL\ISIC_0033761_label-BKL_strategy-hard_strength-0.45_gs-5.0_aug-002.png,0.3984487056732178,NV,0.5580611228942871,0
ISIC_0033761,BKL,4,hard,0.45,5.0,100,3,403142,experiments\260526-0101_res256_sd_lora_uncond_all_seed42\sampling_img2img\hard\BKL\ISIC_0033761_label-BKL_strategy-hard_strength-0.45_gs-5.0_aug-003.png,0.3984487056732178,NV,0.5580611228942871,0
ISIC_0033761,BKL,4,hard,0.45,5.0,100,4,404142,experiments\260526-0101_res256_sd_lora_uncond_all_seed42\sampling_img2img\hard\BKL\ISIC_0033761_label-BKL_strategy-hard_strength-0.45_gs-5.0_aug-004.png,0.3984487056732178,NV,0.5580611228942871,0
ISIC_0026153,BKL,4,hard,0.45,5.0,100,0,400467,experiments\260526-0101_res256_sd_lora_uncond_all_seed42\sampling_img2img\hard\BKL\ISIC_0026153_label-BKL_strategy-hard_strength-0.45_gs-5.0_aug-000.png,0.82158362865448,BKL,0.82158362865448,1
ISIC_0026153,BKL,4,hard,0.45,5.0,100,1,401467,experiments\260526-0101_res256_sd_lora_uncond_all_seed42\sampling_img2img\hard\BKL\ISIC_0026153_label-BKL_strategy-hard_strength-0.45_gs-5.0_aug-001.png,0.82158362865448,BKL,0.82158362865448,1
ISIC_0026153,BKL,4,hard,0.45,5.0,100,2,402467,experiments\260526-0101_res256_sd_lora_uncond_all_seed42\sampling_img2img\hard\BKL\ISIC_0026153_label-BKL_strategy-hard_strength-0.45_gs-5.0_aug-002.png,0.82158362865448,BKL,0.82158362865448,1
ISIC_0026153,BKL,4,hard,0.45,5.0,100,3,403467,experiments\260526-0101_res256_sd_lora_uncond_all_seed42\sampling_img2img\hard\BKL\ISIC_0026153_label-BKL_strategy-hard_strength-0.45_gs-5.0_aug-003.png,0.82158362865448,BKL,0.82158362865448,1
ISIC_0026153,BKL,4,hard,0.45,5.0,100,4,404467,experiments\260526-0101_res256_sd_lora_uncond_all_seed42\sampling_img2img\hard\BKL\ISIC_0026153_label-BKL_strategy-hard_strength-0.45_gs-5.0_aug-004.png,0.82158362865448,BKL,0.82158362865448,1
ISIC_0030081,BKL,4,hard,0.45,5.0,100,0,400363,experiments\260526-0101_res256_sd_lora_uncond_all_seed42\sampling_img2img\hard\BKL\ISIC_0030081_label-BKL_strategy-hard_strength-0.45_gs-5.0_aug-000.png,0.6353098154067993,BKL,0.6353098154067993,1
ISIC_0030081,BKL,4,hard,0.45,5.0,100,1,401363,experiments\260526-0101_res256_sd_lora_uncond_all_seed42\sampling_img2img\hard\BKL\ISIC_0030081_label-BKL_strategy-hard_strength-0.45_gs-5.0_aug-001.png,0.6353098154067993,BKL,0.6353098154067993,1
ISIC_0030081,BKL,4,hard,0.45,5.0,100,2,402363,experiments\260526-0101_res256_sd_lora_uncond_all_seed42\sampling_img2img\hard\BKL\ISIC_0030081_label-BKL_strategy-hard_strength-0.45_gs-5.0_aug-002.png,0.6353098154067993,BKL,0.6353098154067993,1
ISIC_0030081,BKL,4,hard,0.45,5.0,100,3,403363,experiments\260526-0101_res256_sd_lora_uncond_all_seed42\sampling_img2img\hard\BKL\ISIC_0030081_label-BKL_strategy-hard_strength-0.45_gs-5.0_aug-003.png,0.6353098154067993,BKL,0.6353098154067993,1
ISIC_0030081,BKL,4,hard,0.45,5.0,100,4,404363,experiments\260526-0101_res256_sd_lora_uncond_all_seed42\sampling_img2img\hard\BKL\ISIC_0030081_label-BKL_strategy-hard_strength-0.45_gs-5.0_aug-004.png,0.6353098154067993,BKL,0.6353098154067993,1
ISIC_0024338,BKL,4,hard,0.45,5.0,100,0,400676,experiments\260526-0101_res256_sd_lora_uncond_all_seed42\sampling_img2img\hard\BKL\ISIC_0024338_label-BKL_strategy-hard_strength-0.45_gs-5.0_aug-000.png,0.7360403537750244,BKL,0.7360403537750244,1
ISIC_0024338,BKL,4,hard,0.45,5.0,100,1,401676,experiments\260526-0101_res256_sd_lora_uncond_all_seed42\sampling_img2img\hard\BKL\ISIC_0024338_label-BKL_strategy-hard_strength-0.45_gs-5.0_aug-001.png,0.7360403537750244,BKL,0.7360403537750244,1
ISIC_0024338,BKL,4,hard,0.45,5.0,100,2,402676,experiments\260526-0101_res256_sd_lora_uncond_all_seed42\sampling_img2img\hard\BKL\ISIC_0024338_label-BKL_strategy-hard_strength-0.45_gs-5.0_aug-002.png,0.7360403537750244,BKL,0.7360403537750244,1
ISIC_0024338,BKL,4,hard,0.45,5.0,100,3,403676,experiments\260526-0101_res256_sd_lora_uncond_all_seed42\sampling_img2img\hard\BKL\ISIC_0024338_label-BKL_strategy-hard_strength-0.45_gs-5.0_aug-003.png,0.7360403537750244,BKL,0.7360403537750244,1
ISIC_0024338,BKL,4,hard,0.45,5.0,100,4,404676,experiments\260526-0101_res256_sd_lora_uncond_all_seed42\sampling_img2img\hard\BKL\ISIC_0024338_label-BKL_strategy-hard_strength-0.45_gs-5.0_aug-004.png,0.7360403537750244,BKL,0.7360403537750244,1
ISIC_0024445,BKL,4,hard,0.45,5.0,100,0,400054,experiments\260526-0101_res256_sd_lora_uncond_all_seed42\sampling_img2img\hard\BKL\ISIC_0024445_label-BKL_strategy-hard_strength-0.45_gs-5.0_aug-000.png,0.7814799547195435,BKL,0.7814799547195435,1
ISIC_0024445,BKL,4,hard,0.45,5.0,100,1,401054,experiments\260526-0101_res256_sd_lora_uncond_all_seed42\sampling_img2img\hard\BKL\ISIC_0024445_label-BKL_strategy-hard_strength-0.45_gs-5.0_aug-001.png,0.7814799547195435,BKL,0.7814799547195435,1
ISIC_0024445,BKL,4,hard,0.45,5.0,100,2,402054,experiments\260526-0101_res256_sd_lora_uncond_all_seed42\sampling_img2img\hard\BKL\ISIC_0024445_label-BKL_strategy-hard_strength-0.45_gs-5.0_aug-002.png,0.7814799547195435,BKL,0.7814799547195435,1
ISIC_0024445,BKL,4,hard,0.45,5.0,100,3,403054,experiments\260526-0101_res256_sd_lora_uncond_all_seed42\sampling_img2img\hard\BKL\ISIC_0024445_label-BKL_strategy-hard_strength-0.45_gs-5.0_aug-003.png,0.7814799547195435,BKL,0.7814799547195435,1
ISIC_0024445,BKL,4,hard,0.45,5.0,100,4,404054,experiments\260526-0101_res256_sd_lora_uncond_all_seed42\sampling_img2img\hard\BKL\ISIC_0024445_label-BKL_strategy-hard_strength-0.45_gs-5.0_aug-004.png,0.7814799547195435,BKL,0.7814799547195435,1
ISIC_0025642,BKL,4,hard,0.45,5.0,100,0,400680,experiments\260526-0101_res256_sd_lora_uncond_all_seed42\sampling_img2img\hard\BKL\ISIC_0025642_label-BKL_strategy-hard_strength-0.45_gs-5.0_aug-000.png,0.28015705943107605,NV,0.616442084312439,0
ISIC_0025642,BKL,4,hard,0.45,5.0,100,1,401680,experiments\260526-0101_res256_sd_lora_uncond_all_seed42\sampling_img2img\hard\BKL\ISIC_0025642_label-BKL_strategy-hard_strength-0.45_gs-5.0_aug-001.png,0.28015705943107605,NV,0.616442084312439,0
ISIC_0025642,BKL,4,hard,0.45,5.0,100,2,402680,experiments\260526-0101_res256_sd_lora_uncond_all_seed42\sampling_img2img\hard\BKL\ISIC_0025642_label-BKL_strategy-hard_strength-0.45_gs-5.0_aug-002.png,0.28015705943107605,NV,0.616442084312439,0
ISIC_0025642,BKL,4,hard,0.45,5.0,100,3,403680,experiments\260526-0101_res256_sd_lora_uncond_all_seed42\sampling_img2img\hard\BKL\ISIC_0025642_label-BKL_strategy-hard_strength-0.45_gs-5.0_aug-003.png,0.28015705943107605,NV,0.616442084312439,0
ISIC_0025642,BKL,4,hard,0.45,5.0,100,4,404680,experiments\260526-0101_res256_sd_lora_uncond_all_seed42\sampling_img2img\hard\BKL\ISIC_0025642_label-BKL_strategy-hard_strength-0.45_gs-5.0_aug-004.png,0.28015705943107605,NV,0.616442084312439,0
ISIC_0029683,BKL,4,hard,0.45,5.0,100,0,400818,experiments\260526-0101_res256_sd_lora_uncond_all_seed42\sampling_img2img\hard\BKL\ISIC_0029683_label-BKL_strategy-hard_strength-0.45_gs-5.0_aug-000.png,0.5742162466049194,BKL,0.5742162466049194,1
ISIC_0029683,BKL,4,hard,0.45,5.0,100,1,401818,experiments\260526-0101_res256_sd_lora_uncond_all_seed42\sampling_img2img\hard\BKL\ISIC_0029683_label-BKL_strategy-hard_strength-0.45_gs-5.0_aug-001.png,0.5742162466049194,BKL,0.5742162466049194,1
ISIC_0029683,BKL,4,hard,0.45,5.0,100,2,402818,experiments\260526-0101_res256_sd_lora_uncond_all_seed42\sampling_img2img\hard\BKL\ISIC_0029683_label-BKL_strategy-hard_strength-0.45_gs-5.0_aug-002.png,0.5742162466049194,BKL,0.5742162466049194,1
ISIC_0029683,BKL,4,hard,0.45,5.0,100,3,403818,experiments\260526-0101_res256_sd_lora_uncond_all_seed42\sampling_img2img\hard\BKL\ISIC_0029683_label-BKL_strategy-hard_strength-0.45_gs-5.0_aug-003.png,0.5742162466049194,BKL,0.5742162466049194,1
ISIC_0029683,BKL,4,hard,0.45,5.0,100,4,404818,experiments\260526-0101_res256_sd_lora_uncond_all_seed42\sampling_img2img\hard\BKL\ISIC_0029683_label-BKL_strategy-hard_strength-0.45_gs-5.0_aug-004.png,0.5742162466049194,BKL,0.5742162466049194,1
ISIC_0032842,BKL,4,hard,0.45,5.0,100,0,400579,experiments\260526-0101_res256_sd_lora_uncond_all_seed42\sampling_img2img\hard\BKL\ISIC_0032842_label-BKL_strategy-hard_strength-0.45_gs-5.0_aug-000.png,0.6162455081939697,BKL,0.6162455081939697,1
ISIC_0032842,BKL,4,hard,0.45,5.0,100,1,401579,experiments\260526-0101_res256_sd_lora_uncond_all_seed42\sampling_img2img\hard\BKL\ISIC_0032842_label-BKL_strategy-hard_strength-0.45_gs-5.0_aug-001.png,0.6162455081939697,BKL,0.6162455081939697,1
ISIC_0032842,BKL,4,hard,0.45,5.0,100,2,402579,experiments\260526-0101_res256_sd_lora_uncond_all_seed42\sampling_img2img\hard\BKL\ISIC_0032842_label-BKL_strategy-hard_strength-0.45_gs-5.0_aug-002.png,0.6162455081939697,BKL,0.6162455081939697,1
ISIC_0032842,BKL,4,hard,0.45,5.0,100,3,403579,experiments\260526-0101_res256_sd_lora_uncond_all_seed42\sampling_img2img\hard\BKL\ISIC_0032842_label-BKL_strategy-hard_strength-0.45_gs-5.0_aug-003.png,0.6162455081939697,BKL,0.6162455081939697,1
ISIC_0032842,BKL,4,hard,0.45,5.0,100,4,404579,experiments\260526-0101_res256_sd_lora_uncond_all_seed42\sampling_img2img\hard\BKL\ISIC_0032842_label-BKL_strategy-hard_strength-0.45_gs-5.0_aug-004.png,0.6162455081939697,BKL,0.6162455081939697,1
ISIC_0031029,BKL,4,hard,0.45,5.0,100,0,400930,experiments\260526-0101_res256_sd_lora_uncond_all_seed42\sampling_img2img\hard\BKL\ISIC_0031029_label-BKL_strategy-hard_strength-0.45_gs-5.0_aug-000.png,0.7246868014335632,BKL,0.7246868014335632,1
ISIC_0031029,BKL,4,hard,0.45,5.0,100,1,401930,experiments\260526-0101_res256_sd_lora_uncond_all_seed42\sampling_img2img\hard\BKL\ISIC_0031029_label-BKL_strategy-hard_strength-0.45_gs-5.0_aug-001.png,0.7246868014335632,BKL,0.7246868014335632,1
ISIC_0031029,BKL,4,hard,0.45,5.0,100,2,402930,experiments\260526-0101_res256_sd_lora_uncond_all_seed42\sampling_img2img\hard\BKL\ISIC_0031029_label-BKL_strategy-hard_strength-0.45_gs-5.0_aug-002.png,0.7246868014335632,BKL,0.7246868014335632,1
ISIC_0031029,BKL,4,hard,0.45,5.0,100,3,403930,experiments\260526-0101_res256_sd_lora_uncond_all_seed42\sampling_img2img\hard\BKL\ISIC_0031029_label-BKL_strategy-hard_strength-0.45_gs-5.0_aug-003.png,0.7246868014335632,BKL,0.7246868014335632,1
ISIC_0031029,BKL,4,hard,0.45,5.0,100,4,404930,experiments\260526-0101_res256_sd_lora_uncond_all_seed42\sampling_img2img\hard\BKL\ISIC_0031029_label-BKL_strategy-hard_strength-0.45_gs-5.0_aug-004.png,0.7246868014335632,BKL,0.7246868014335632,1
ISIC_0027332,BKL,4,hard,0.45,5.0,100,0,400915,experiments\260526-0101_res256_sd_lora_uncond_all_seed42\sampling_img2img\hard\BKL\ISIC_0027332_label-BKL_strategy-hard_strength-0.45_gs-5.0_aug-000.png,0.43512269854545593,NV,0.5041784048080444,0
ISIC_0027332,BKL,4,hard,0.45,5.0,100,1,401915,experiments\260526-0101_res256_sd_lora_uncond_all_seed42\sampling_img2img\hard\BKL\ISIC_0027332_label-BKL_strategy-hard_strength-0.45_gs-5.0_aug-001.png,0.43512269854545593,NV,0.5041784048080444,0
ISIC_0027332,BKL,4,hard,0.45,5.0,100,2,402915,experiments\260526-0101_res256_sd_lora_uncond_all_seed42\sampling_img2img\hard\BKL\ISIC_0027332_label-BKL_strategy-hard_strength-0.45_gs-5.0_aug-002.png,0.43512269854545593,NV,0.5041784048080444,0
ISIC_0027332,BKL,4,hard,0.45,5.0,100,3,403915,experiments\260526-0101_res256_sd_lora_uncond_all_seed42\sampling_img2img\hard\BKL\ISIC_0027332_label-BKL_strategy-hard_strength-0.45_gs-5.0_aug-003.png,0.43512269854545593,NV,0.5041784048080444,0
ISIC_0027332,BKL,4,hard,0.45,5.0,100,4,404915,experiments\260526-0101_res256_sd_lora_uncond_all_seed42\sampling_img2img\hard\BKL\ISIC_0027332_label-BKL_strategy-hard_strength-0.45_gs-5.0_aug-004.png,0.43512269854545593,NV,0.5041784048080444,0
ISIC_0028343,BKL,4,hard,0.45,5.0,100,0,400637,experiments\260526-0101_res256_sd_lora_uncond_all_seed42\sampling_img2img\hard\BKL\ISIC_0028343_label-BKL_strategy-hard_strength-0.45_gs-5.0_aug-000.png,0.6949215531349182,BKL,0.6949215531349182,1
ISIC_0028343,BKL,4,hard,0.45,5.0,100,1,401637,experiments\260526-0101_res256_sd_lora_uncond_all_seed42\sampling_img2img\hard\BKL\ISIC_0028343_label-BKL_strategy-hard_strength-0.45_gs-5.0_aug-001.png,0.6949215531349182,BKL,0.6949215531349182,1
ISIC_0028343,BKL,4,hard,0.45,5.0,100,2,402637,experiments\260526-0101_res256_sd_lora_uncond_all_seed42\sampling_img2img\hard\BKL\ISIC_0028343_label-BKL_strategy-hard_strength-0.45_gs-5.0_aug-002.png,0.6949215531349182,BKL,0.6949215531349182,1
ISIC_0028343,BKL,4,hard,0.45,5.0,100,3,403637,experiments\260526-0101_res256_sd_lora_uncond_all_seed42\sampling_img2img\hard\BKL\ISIC_0028343_label-BKL_strategy-hard_strength-0.45_gs-5.0_aug-003.png,0.6949215531349182,BKL,0.6949215531349182,1
ISIC_0028343,BKL,4,hard,0.45,5.0,100,4,404637,experiments\260526-0101_res256_sd_lora_uncond_all_seed42\sampling_img2img\hard\BKL\ISIC_0028343_label-BKL_strategy-hard_strength-0.45_gs-5.0_aug-004.png,0.6949215531349182,BKL,0.6949215531349182,1
ISIC_0026947,BKL,4,hard,0.45,5.0,100,0,400595,experiments\260526-0101_res256_sd_lora_uncond_all_seed42\sampling_img2img\hard\BKL\ISIC_0026947_label-BKL_strategy-hard_strength-0.45_gs-5.0_aug-000.png,0.7921218872070312,BKL,0.7921218872070312,1
ISIC_0026947,BKL,4,hard,0.45,5.0,100,1,401595,experiments\260526-0101_res256_sd_lora_uncond_all_seed42\sampling_img2img\hard\BKL\ISIC_0026947_label-BKL_strategy-hard_strength-0.45_gs-5.0_aug-001.png,0.7921218872070312,BKL,0.7921218872070312,1
ISIC_0026947,BKL,4,hard,0.45,5.0,100,2,402595,experiments\260526-0101_res256_sd_lora_uncond_all_seed42\sampling_img2img\hard\BKL\ISIC_0026947_label-BKL_strategy-hard_strength-0.45_gs-5.0_aug-002.png,0.7921218872070312,BKL,0.7921218872070312,1
ISIC_0026947,BKL,4,hard,0.45,5.0,100,3,403595,experiments\260526-0101_res256_sd_lora_uncond_all_seed42\sampling_img2img\hard\BKL\ISIC_0026947_label-BKL_strategy-hard_strength-0.45_gs-5.0_aug-003.png,0.7921218872070312,BKL,0.7921218872070312,1
ISIC_0026947,BKL,4,hard,0.45,5.0,100,4,404595,experiments\260526-0101_res256_sd_lora_uncond_all_seed42\sampling_img2img\hard\BKL\ISIC_0026947_label-BKL_strategy-hard_strength-0.45_gs-5.0_aug-004.png,0.7921218872070312,BKL,0.7921218872070312,1
ISIC_0028525,BKL,4,hard,0.45,5.0,100,0,400354,experiments\260526-0101_res256_sd_lora_uncond_all_seed42\sampling_img2img\hard\BKL\ISIC_0028525_label-BKL_strategy-hard_strength-0.45_gs-5.0_aug-000.png,0.7433128952980042,BKL,0.7433128952980042,1
ISIC_0028525,BKL,4,hard,0.45,5.0,100,1,401354,experiments\260526-0101_res256_sd_lora_uncond_all_seed42\sampling_img2img\hard\BKL\ISIC_0028525_label-BKL_strategy-hard_strength-0.45_gs-5.0_aug-001.png,0.7433128952980042,BKL,0.7433128952980042,1
ISIC_0028525,BKL,4,hard,0.45,5.0,100,2,402354,experiments\260526-0101_res256_sd_lora_uncond_all_seed42\sampling_img2img\hard\BKL\ISIC_0028525_label-BKL_strategy-hard_strength-0.45_gs-5.0_aug-002.png,0.7433128952980042,BKL,0.7433128952980042,1
ISIC_0028525,BKL,4,hard,0.45,5.0,100,3,403354,experiments\260526-0101_res256_sd_lora_uncond_all_seed42\sampling_img2img\hard\BKL\ISIC_0028525_label-BKL_strategy-hard_strength-0.45_gs-5.0_aug-003.png,0.7433128952980042,BKL,0.7433128952980042,1
ISIC_0028525,BKL,4,hard,0.45,5.0,100,4,404354,experiments\260526-0101_res256_sd_lora_uncond_all_seed42\sampling_img2img\hard\BKL\ISIC_0028525_label-BKL_strategy-hard_strength-0.45_gs-5.0_aug-004.png,0.7433128952980042,BKL,0.7433128952980042,1
ISIC_0033124,BKL,4,hard,0.45,5.0,100,0,400805,experiments\260526-0101_res256_sd_lora_uncond_all_seed42\sampling_img2img\hard\BKL\ISIC_0033124_label-BKL_strategy-hard_strength-0.45_gs-5.0_aug-000.png,0.7182238698005676,BKL,0.7182238698005676,1
ISIC_0033124,BKL,4,hard,0.45,5.0,100,1,401805,experiments\260526-0101_res256_sd_lora_uncond_all_seed42\sampling_img2img\hard\BKL\ISIC_0033124_label-BKL_strategy-hard_strength-0.45_gs-5.0_aug-001.png,0.7182238698005676,BKL,0.7182238698005676,1
ISIC_0033124,BKL,4,hard,0.45,5.0,100,2,402805,experiments\260526-0101_res256_sd_lora_uncond_all_seed42\sampling_img2img\hard\BKL\ISIC_0033124_label-BKL_strategy-hard_strength-0.45_gs-5.0_aug-002.png,0.7182238698005676,BKL,0.7182238698005676,1
ISIC_0033124,BKL,4,hard,0.45,5.0,100,3,403805,experiments\260526-0101_res256_sd_lora_uncond_all_seed42\sampling_img2img\hard\BKL\ISIC_0033124_label-BKL_strategy-hard_strength-0.45_gs-5.0_aug-003.png,0.7182238698005676,BKL,0.7182238698005676,1
ISIC_0033124,BKL,4,hard,0.45,5.0,100,4,404805,experiments\260526-0101_res256_sd_lora_uncond_all_seed42\sampling_img2img\hard\BKL\ISIC_0033124_label-BKL_strategy-hard_strength-0.45_gs-5.0_aug-004.png,0.7182238698005676,BKL,0.7182238698005676,1
ISIC_0026567,BKL,4,hard,0.45,5.0,100,0,400782,experiments\260526-0101_res256_sd_lora_uncond_all_seed42\sampling_img2img\hard\BKL\ISIC_0026567_label-BKL_strategy-hard_strength-0.45_gs-5.0_aug-000.png,0.8409395813941956,BKL,0.8409395813941956,1
ISIC_0026567,BKL,4,hard,0.45,5.0,100,1,401782,experiments\260526-0101_res256_sd_lora_uncond_all_seed42\sampling_img2img\hard\BKL\ISIC_0026567_label-BKL_strategy-hard_strength-0.45_gs-5.0_aug-001.png,0.8409395813941956,BKL,0.8409395813941956,1
ISIC_0026567,BKL,4,hard,0.45,5.0,100,2,402782,experiments\260526-0101_res256_sd_lora_uncond_all_seed42\sampling_img2img\hard\BKL\ISIC_0026567_label-BKL_strategy-hard_strength-0.45_gs-5.0_aug-002.png,0.8409395813941956,BKL,0.8409395813941956,1
ISIC_0026567,BKL,4,hard,0.45,5.0,100,3,403782,experiments\260526-0101_res256_sd_lora_uncond_all_seed42\sampling_img2img\hard\BKL\ISIC_0026567_label-BKL_strategy-hard_strength-0.45_gs-5.0_aug-003.png,0.8409395813941956,BKL,0.8409395813941956,1
ISIC_0026567,BKL,4,hard,0.45,5.0,100,4,404782,experiments\260526-0101_res256_sd_lora_uncond_all_seed42\sampling_img2img\hard\BKL\ISIC_0026567_label-BKL_strategy-hard_strength-0.45_gs-5.0_aug-004.png,0.8409395813941956,BKL,0.8409395813941956,1
ISIC_0031537,BKL,4,hard,0.45,5.0,100,0,400221,experiments\260526-0101_res256_sd_lora_uncond_all_seed42\sampling_img2img\hard\BKL\ISIC_0031537_label-BKL_strategy-hard_strength-0.45_gs-5.0_aug-000.png,0.48726171255111694,BKL,0.48726171255111694,1
ISIC_0031537,BKL,4,hard,0.45,5.0,100,1,401221,experiments\260526-0101_res256_sd_lora_uncond_all_seed42\sampling_img2img\hard\BKL\ISIC_0031537_label-BKL_strategy-hard_strength-0.45_gs-5.0_aug-001.png,0.48726171255111694,BKL,0.48726171255111694,1
ISIC_0031537,BKL,4,hard,0.45,5.0,100,2,402221,experiments\260526-0101_res256_sd_lora_uncond_all_seed42\sampling_img2img\hard\BKL\ISIC_0031537_label-BKL_strategy-hard_strength-0.45_gs-5.0_aug-002.png,0.48726171255111694,BKL,0.48726171255111694,1
ISIC_0031537,BKL,4,hard,0.45,5.0,100,3,403221,experiments\260526-0101_res256_sd_lora_uncond_all_seed42\sampling_img2img\hard\BKL\ISIC_0031537_label-BKL_strategy-hard_strength-0.45_gs-5.0_aug-003.png,0.48726171255111694,BKL,0.48726171255111694,1
ISIC_0031537,BKL,4,hard,0.45,5.0,100,4,404221,experiments\260526-0101_res256_sd_lora_uncond_all_seed42\sampling_img2img\hard\BKL\ISIC_0031537_label-BKL_strategy-hard_strength-0.45_gs-5.0_aug-004.png,0.48726171255111694,BKL,0.48726171255111694,1
ISIC_0027083,BKL,4,hard,0.45,5.0,100,0,400344,experiments\260526-0101_res256_sd_lora_uncond_all_seed42\sampling_img2img\hard\BKL\ISIC_0027083_label-BKL_strategy-hard_strength-0.45_gs-5.0_aug-000.png,0.8216800689697266,BKL,0.8216800689697266,1
ISIC_0027083,BKL,4,hard,0.45,5.0,100,1,401344,experiments\260526-0101_res256_sd_lora_uncond_all_seed42\sampling_img2img\hard\BKL\ISIC_0027083_label-BKL_strategy-hard_strength-0.45_gs-5.0_aug-001.png,0.8216800689697266,BKL,0.8216800689697266,1
ISIC_0027083,BKL,4,hard,0.45,5.0,100,2,402344,experiments\260526-0101_res256_sd_lora_uncond_all_seed42\sampling_img2img\hard\BKL\ISIC_0027083_label-BKL_strategy-hard_strength-0.45_gs-5.0_aug-002.png,0.8216800689697266,BKL,0.8216800689697266,1
ISIC_0027083,BKL,4,hard,0.45,5.0,100,3,403344,experiments\260526-0101_res256_sd_lora_uncond_all_seed42\sampling_img2img\hard\BKL\ISIC_0027083_label-BKL_strategy-hard_strength-0.45_gs-5.0_aug-003.png,0.8216800689697266,BKL,0.8216800689697266,1
ISIC_0027083,BKL,4,hard,0.45,5.0,100,4,404344,experiments\260526-0101_res256_sd_lora_uncond_all_seed42\sampling_img2img\hard\BKL\ISIC_0027083_label-BKL_strategy-hard_strength-0.45_gs-5.0_aug-004.png,0.8216800689697266,BKL,0.8216800689697266,1
ISIC_0034126,BKL,4,hard,0.45,5.0,100,0,400212,experiments\260526-0101_res256_sd_lora_uncond_all_seed42\sampling_img2img\hard\BKL\ISIC_0034126_label-BKL_strategy-hard_strength-0.45_gs-5.0_aug-000.png,0.6590563654899597,BKL,0.6590563654899597,1
ISIC_0034126,BKL,4,hard,0.45,5.0,100,1,401212,experiments\260526-0101_res256_sd_lora_uncond_all_seed42\sampling_img2img\hard\BKL\ISIC_0034126_label-BKL_strategy-hard_strength-0.45_gs-5.0_aug-001.png,0.6590563654899597,BKL,0.6590563654899597,1
ISIC_0034126,BKL,4,hard,0.45,5.0,100,2,402212,experiments\260526-0101_res256_sd_lora_uncond_all_seed42\sampling_img2img\hard\BKL\ISIC_0034126_label-BKL_strategy-hard_strength-0.45_gs-5.0_aug-002.png,0.6590563654899597,BKL,0.6590563654899597,1
ISIC_0034126,BKL,4,hard,0.45,5.0,100,3,403212,experiments\260526-0101_res256_sd_lora_uncond_all_seed42\sampling_img2img\hard\BKL\ISIC_0034126_label-BKL_strategy-hard_strength-0.45_gs-5.0_aug-003.png,0.6590563654899597,BKL,0.6590563654899597,1
ISIC_0034126,BKL,4,hard,0.45,5.0,100,4,404212,experiments\260526-0101_res256_sd_lora_uncond_all_seed42\sampling_img2img\hard\BKL\ISIC_0034126_label-BKL_strategy-hard_strength-0.45_gs-5.0_aug-004.png,0.6590563654899597,BKL,0.6590563654899597,1
ISIC_0029060,BKL,4,hard,0.45,5.0,100,0,400696,experiments\260526-0101_res256_sd_lora_uncond_all_seed42\sampling_img2img\hard\BKL\ISIC_0029060_label-BKL_strategy-hard_strength-0.45_gs-5.0_aug-000.png,0.6572997570037842,BKL,0.6572997570037842,1
ISIC_0029060,BKL,4,hard,0.45,5.0,100,1,401696,experiments\260526-0101_res256_sd_lora_uncond_all_seed42\sampling_img2img\hard\BKL\ISIC_0029060_label-BKL_strategy-hard_strength-0.45_gs-5.0_aug-001.png,0.6572997570037842,BKL,0.6572997570037842,1
ISIC_0029060,BKL,4,hard,0.45,5.0,100,2,402696,experiments\260526-0101_res256_sd_lora_uncond_all_seed42\sampling_img2img\hard\BKL\ISIC_0029060_label-BKL_strategy-hard_strength-0.45_gs-5.0_aug-002.png,0.6572997570037842,BKL,0.6572997570037842,1
ISIC_0029060,BKL,4,hard,0.45,5.0,100,3,403696,experiments\260526-0101_res256_sd_lora_uncond_all_seed42\sampling_img2img\hard\BKL\ISIC_0029060_label-BKL_strategy-hard_strength-0.45_gs-5.0_aug-003.png,0.6572997570037842,BKL,0.6572997570037842,1
ISIC_0029060,BKL,4,hard,0.45,5.0,100,4,404696,experiments\260526-0101_res256_sd_lora_uncond_all_seed42\sampling_img2img\hard\BKL\ISIC_0029060_label-BKL_strategy-hard_strength-0.45_gs-5.0_aug-004.png,0.6572997570037842,BKL,0.6572997570037842,1
ISIC_0033722,BKL,4,hard,0.45,5.0,100,0,400635,experiments\260526-0101_res256_sd_lora_uncond_all_seed42\sampling_img2img\hard\BKL\ISIC_0033722_label-BKL_strategy-hard_strength-0.45_gs-5.0_aug-000.png,0.7619960904121399,BKL,0.7619960904121399,1
ISIC_0033722,BKL,4,hard,0.45,5.0,100,1,401635,experiments\260526-0101_res256_sd_lora_uncond_all_seed42\sampling_img2img\hard\BKL\ISIC_0033722_label-BKL_strategy-hard_strength-0.45_gs-5.0_aug-001.png,0.7619960904121399,BKL,0.7619960904121399,1
ISIC_0033722,BKL,4,hard,0.45,5.0,100,2,402635,experiments\260526-0101_res256_sd_lora_uncond_all_seed42\sampling_img2img\hard\BKL\ISIC_0033722_label-BKL_strategy-hard_strength-0.45_gs-5.0_aug-002.png,0.7619960904121399,BKL,0.7619960904121399,1
ISIC_0033722,BKL,4,hard,0.45,5.0,100,3,403635,experiments\260526-0101_res256_sd_lora_uncond_all_seed42\sampling_img2img\hard\BKL\ISIC_0033722_label-BKL_strategy-hard_strength-0.45_gs-5.0_aug-003.png,0.7619960904121399,BKL,0.7619960904121399,1
ISIC_0033722,BKL,4,hard,0.45,5.0,100,4,404635,experiments\260526-0101_res256_sd_lora_uncond_all_seed42\sampling_img2img\hard\BKL\ISIC_0033722_label-BKL_strategy-hard_strength-0.45_gs-5.0_aug-004.png,0.7619960904121399,BKL,0.7619960904121399,1
ISIC_0027991,BKL,4,hard,0.45,5.0,100,0,400885,experiments\260526-0101_res256_sd_lora_uncond_all_seed42\sampling_img2img\hard\BKL\ISIC_0027991_label-BKL_strategy-hard_strength-0.45_gs-5.0_aug-000.png,0.7145963311195374,BKL,0.7145963311195374,1
ISIC_0027991,BKL,4,hard,0.45,5.0,100,1,401885,experiments\260526-0101_res256_sd_lora_uncond_all_seed42\sampling_img2img\hard\BKL\ISIC_0027991_label-BKL_strategy-hard_strength-0.45_gs-5.0_aug-001.png,0.7145963311195374,BKL,0.7145963311195374,1
ISIC_0027991,BKL,4,hard,0.45,5.0,100,2,402885,experiments\260526-0101_res256_sd_lora_uncond_all_seed42\sampling_img2img\hard\BKL\ISIC_0027991_label-BKL_strategy-hard_strength-0.45_gs-5.0_aug-002.png,0.7145963311195374,BKL,0.7145963311195374,1
ISIC_0027991,BKL,4,hard,0.45,5.0,100,3,403885,experiments\260526-0101_res256_sd_lora_uncond_all_seed42\sampling_img2img\hard\BKL\ISIC_0027991_label-BKL_strategy-hard_strength-0.45_gs-5.0_aug-003.png,0.7145963311195374,BKL,0.7145963311195374,1
ISIC_0027991,BKL,4,hard,0.45,5.0,100,4,404885,experiments\260526-0101_res256_sd_lora_uncond_all_seed42\sampling_img2img\hard\BKL\ISIC_0027991_label-BKL_strategy-hard_strength-0.45_gs-5.0_aug-004.png,0.7145963311195374,BKL,0.7145963311195374,1
ISIC_0032486,BKL,4,hard,0.45,5.0,100,0,400715,experiments\260526-0101_res256_sd_lora_uncond_all_seed42\sampling_img2img\hard\BKL\ISIC_0032486_label-BKL_strategy-hard_strength-0.45_gs-5.0_aug-000.png,0.688154399394989,BKL,0.688154399394989,1
ISIC_0032486,BKL,4,hard,0.45,5.0,100,1,401715,experiments\260526-0101_res256_sd_lora_uncond_all_seed42\sampling_img2img\hard\BKL\ISIC_0032486_label-BKL_strategy-hard_strength-0.45_gs-5.0_aug-001.png,0.688154399394989,BKL,0.688154399394989,1
ISIC_0032486,BKL,4,hard,0.45,5.0,100,2,402715,experiments\260526-0101_res256_sd_lora_uncond_all_seed42\sampling_img2img\hard\BKL\ISIC_0032486_label-BKL_strategy-hard_strength-0.45_gs-5.0_aug-002.png,0.688154399394989,BKL,0.688154399394989,1
ISIC_0032486,BKL,4,hard,0.45,5.0,100,3,403715,experiments\260526-0101_res256_sd_lora_uncond_all_seed42\sampling_img2img\hard\BKL\ISIC_0032486_label-BKL_strategy-hard_strength-0.45_gs-5.0_aug-003.png,0.688154399394989,BKL,0.688154399394989,1
ISIC_0032486,BKL,4,hard,0.45,5.0,100,4,404715,experiments\260526-0101_res256_sd_lora_uncond_all_seed42\sampling_img2img\hard\BKL\ISIC_0032486_label-BKL_strategy-hard_strength-0.45_gs-5.0_aug-004.png,0.688154399394989,BKL,0.688154399394989,1
ISIC_0033899,BKL,4,hard,0.45,5.0,100,0,400207,experiments\260526-0101_res256_sd_lora_uncond_all_seed42\sampling_img2img\hard\BKL\ISIC_0033899_label-BKL_strategy-hard_strength-0.45_gs-5.0_aug-000.png,0.7676244378089905,BKL,0.7676244378089905,1
ISIC_0033899,BKL,4,hard,0.45,5.0,100,1,401207,experiments\260526-0101_res256_sd_lora_uncond_all_seed42\sampling_img2img\hard\BKL\ISIC_0033899_label-BKL_strategy-hard_strength-0.45_gs-5.0_aug-001.png,0.7676244378089905,BKL,0.7676244378089905,1
ISIC_0033899,BKL,4,hard,0.45,5.0,100,2,402207,experiments\260526-0101_res256_sd_lora_uncond_all_seed42\sampling_img2img\hard\BKL\ISIC_0033899_label-BKL_strategy-hard_strength-0.45_gs-5.0_aug-002.png,0.7676244378089905,BKL,0.7676244378089905,1
ISIC_0033899,BKL,4,hard,0.45,5.0,100,3,403207,experiments\260526-0101_res256_sd_lora_uncond_all_seed42\sampling_img2img\hard\BKL\ISIC_0033899_label-BKL_strategy-hard_strength-0.45_gs-5.0_aug-003.png,0.7676244378089905,BKL,0.7676244378089905,1
ISIC_0033899,BKL,4,hard,0.45,5.0,100,4,404207,experiments\260526-0101_res256_sd_lora_uncond_all_seed42\sampling_img2img\hard\BKL\ISIC_0033899_label-BKL_strategy-hard_strength-0.45_gs-5.0_aug-004.png,0.7676244378089905,BKL,0.7676244378089905,1
ISIC_0030706,BKL,4,hard,0.45,5.0,100,0,401035,experiments\260526-0101_res256_sd_lora_uncond_all_seed42\sampling_img2img\hard\BKL\ISIC_0030706_label-BKL_strategy-hard_strength-0.45_gs-5.0_aug-000.png,0.613886833190918,BKL,0.613886833190918,1
ISIC_0030706,BKL,4,hard,0.45,5.0,100,1,402035,experiments\260526-0101_res256_sd_lora_uncond_all_seed42\sampling_img2img\hard\BKL\ISIC_0030706_label-BKL_strategy-hard_strength-0.45_gs-5.0_aug-001.png,0.613886833190918,BKL,0.613886833190918,1
ISIC_0030706,BKL,4,hard,0.45,5.0,100,2,403035,experiments\260526-0101_res256_sd_lora_uncond_all_seed42\sampling_img2img\hard\BKL\ISIC_0030706_label-BKL_strategy-hard_strength-0.45_gs-5.0_aug-002.png,0.613886833190918,BKL,0.613886833190918,1
ISIC_0030706,BKL,4,hard,0.45,5.0,100,3,404035,experiments\260526-0101_res256_sd_lora_uncond_all_seed42\sampling_img2img\hard\BKL\ISIC_0030706_label-BKL_strategy-hard_strength-0.45_gs-5.0_aug-003.png,0.613886833190918,BKL,0.613886833190918,1
ISIC_0030706,BKL,4,hard,0.45,5.0,100,4,405035,experiments\260526-0101_res256_sd_lora_uncond_all_seed42\sampling_img2img\hard\BKL\ISIC_0030706_label-BKL_strategy-hard_strength-0.45_gs-5.0_aug-004.png,0.613886833190918,BKL,0.613886833190918,1
ISIC_0026794,BKL,4,hard,0.45,5.0,100,0,400590,experiments\260526-0101_res256_sd_lora_uncond_all_seed42\sampling_img2img\hard\BKL\ISIC_0026794_label-BKL_strategy-hard_strength-0.45_gs-5.0_aug-000.png,0.6367953419685364,BKL,0.6367953419685364,1
ISIC_0026794,BKL,4,hard,0.45,5.0,100,1,401590,experiments\260526-0101_res256_sd_lora_uncond_all_seed42\sampling_img2img\hard\BKL\ISIC_0026794_label-BKL_strategy-hard_strength-0.45_gs-5.0_aug-001.png,0.6367953419685364,BKL,0.6367953419685364,1
ISIC_0026794,BKL,4,hard,0.45,5.0,100,2,402590,experiments\260526-0101_res256_sd_lora_uncond_all_seed42\sampling_img2img\hard\BKL\ISIC_0026794_label-BKL_strategy-hard_strength-0.45_gs-5.0_aug-002.png,0.6367953419685364,BKL,0.6367953419685364,1
ISIC_0026794,BKL,4,hard,0.45,5.0,100,3,403590,experiments\260526-0101_res256_sd_lora_uncond_all_seed42\sampling_img2img\hard\BKL\ISIC_0026794_label-BKL_strategy-hard_strength-0.45_gs-5.0_aug-003.png,0.6367953419685364,BKL,0.6367953419685364,1
ISIC_0026794,BKL,4,hard,0.45,5.0,100,4,404590,experiments\260526-0101_res256_sd_lora_uncond_all_seed42\sampling_img2img\hard\BKL\ISIC_0026794_label-BKL_strategy-hard_strength-0.45_gs-5.0_aug-004.png,0.6367953419685364,BKL,0.6367953419685364,1
ISIC_0028710,BKL,4,hard,0.45,5.0,100,0,400843,experiments\260526-0101_res256_sd_lora_uncond_all_seed42\sampling_img2img\hard\BKL\ISIC_0028710_label-BKL_strategy-hard_strength-0.45_gs-5.0_aug-000.png,0.5118749141693115,BKL,0.5118749141693115,1
ISIC_0028710,BKL,4,hard,0.45,5.0,100,1,401843,experiments\260526-0101_res256_sd_lora_uncond_all_seed42\sampling_img2img\hard\BKL\ISIC_0028710_label-BKL_strategy-hard_strength-0.45_gs-5.0_aug-001.png,0.5118749141693115,BKL,0.5118749141693115,1
ISIC_0028710,BKL,4,hard,0.45,5.0,100,2,402843,experiments\260526-0101_res256_sd_lora_uncond_all_seed42\sampling_img2img\hard\BKL\ISIC_0028710_label-BKL_strategy-hard_strength-0.45_gs-5.0_aug-002.png,0.5118749141693115,BKL,0.5118749141693115,1
ISIC_0028710,BKL,4,hard,0.45,5.0,100,3,403843,experiments\260526-0101_res256_sd_lora_uncond_all_seed42\sampling_img2img\hard\BKL\ISIC_0028710_label-BKL_strategy-hard_strength-0.45_gs-5.0_aug-003.png,0.5118749141693115,BKL,0.5118749141693115,1
ISIC_0028710,BKL,4,hard,0.45,5.0,100,4,404843,experiments\260526-0101_res256_sd_lora_uncond_all_seed42\sampling_img2img\hard\BKL\ISIC_0028710_label-BKL_strategy-hard_strength-0.45_gs-5.0_aug-004.png,0.5118749141693115,BKL,0.5118749141693115,1
ISIC_0025937,BKL,4,hard,0.45,5.0,100,0,400279,experiments\260526-0101_res256_sd_lora_uncond_all_seed42\sampling_img2img\hard\BKL\ISIC_0025937_label-BKL_strategy-hard_strength-0.45_gs-5.0_aug-000.png,0.8011155724525452,BKL,0.8011155724525452,1
ISIC_0025937,BKL,4,hard,0.45,5.0,100,1,401279,experiments\260526-0101_res256_sd_lora_uncond_all_seed42\sampling_img2img\hard\BKL\ISIC_0025937_label-BKL_strategy-hard_strength-0.45_gs-5.0_aug-001.png,0.8011155724525452,BKL,0.8011155724525452,1
ISIC_0025937,BKL,4,hard,0.45,5.0,100,2,402279,experiments\260526-0101_res256_sd_lora_uncond_all_seed42\sampling_img2img\hard\BKL\ISIC_0025937_label-BKL_strategy-hard_strength-0.45_gs-5.0_aug-002.png,0.8011155724525452,BKL,0.8011155724525452,1
ISIC_0025937,BKL,4,hard,0.45,5.0,100,3,403279,experiments\260526-0101_res256_sd_lora_uncond_all_seed42\sampling_img2img\hard\BKL\ISIC_0025937_label-BKL_strategy-hard_strength-0.45_gs-5.0_aug-003.png,0.8011155724525452,BKL,0.8011155724525452,1
ISIC_0025937,BKL,4,hard,0.45,5.0,100,4,404279,experiments\260526-0101_res256_sd_lora_uncond_all_seed42\sampling_img2img\hard\BKL\ISIC_0025937_label-BKL_strategy-hard_strength-0.45_gs-5.0_aug-004.png,0.8011155724525452,BKL,0.8011155724525452,1
ISIC_0025366,BKL,4,hard,0.45,5.0,100,0,401031,experiments\260526-0101_res256_sd_lora_uncond_all_seed42\sampling_img2img\hard\BKL\ISIC_0025366_label-BKL_strategy-hard_strength-0.45_gs-5.0_aug-000.png,0.6096964478492737,BKL,0.6096964478492737,1
ISIC_0025366,BKL,4,hard,0.45,5.0,100,1,402031,experiments\260526-0101_res256_sd_lora_uncond_all_seed42\sampling_img2img\hard\BKL\ISIC_0025366_label-BKL_strategy-hard_strength-0.45_gs-5.0_aug-001.png,0.6096964478492737,BKL,0.6096964478492737,1
ISIC_0025366,BKL,4,hard,0.45,5.0,100,2,403031,experiments\260526-0101_res256_sd_lora_uncond_all_seed42\sampling_img2img\hard\BKL\ISIC_0025366_label-BKL_strategy-hard_strength-0.45_gs-5.0_aug-002.png,0.6096964478492737,BKL,0.6096964478492737,1
ISIC_0025366,BKL,4,hard,0.45,5.0,100,3,404031,experiments\260526-0101_res256_sd_lora_uncond_all_seed42\sampling_img2img\hard\BKL\ISIC_0025366_label-BKL_strategy-hard_strength-0.45_gs-5.0_aug-003.png,0.6096964478492737,BKL,0.6096964478492737,1
ISIC_0025366,BKL,4,hard,0.45,5.0,100,4,405031,experiments\260526-0101_res256_sd_lora_uncond_all_seed42\sampling_img2img\hard\BKL\ISIC_0025366_label-BKL_strategy-hard_strength-0.45_gs-5.0_aug-004.png,0.6096964478492737,BKL,0.6096964478492737,1
ISIC_0032843,BKL,4,hard,0.45,5.0,100,0,400109,experiments\260526-0101_res256_sd_lora_uncond_all_seed42\sampling_img2img\hard\BKL\ISIC_0032843_label-BKL_strategy-hard_strength-0.45_gs-5.0_aug-000.png,0.8141480088233948,BKL,0.8141480088233948,1
ISIC_0032843,BKL,4,hard,0.45,5.0,100,1,401109,experiments\260526-0101_res256_sd_lora_uncond_all_seed42\sampling_img2img\hard\BKL\ISIC_0032843_label-BKL_strategy-hard_strength-0.45_gs-5.0_aug-001.png,0.8141480088233948,BKL,0.8141480088233948,1
ISIC_0032843,BKL,4,hard,0.45,5.0,100,2,402109,experiments\260526-0101_res256_sd_lora_uncond_all_seed42\sampling_img2img\hard\BKL\ISIC_0032843_label-BKL_strategy-hard_strength-0.45_gs-5.0_aug-002.png,0.8141480088233948,BKL,0.8141480088233948,1
ISIC_0032843,BKL,4,hard,0.45,5.0,100,3,403109,experiments\260526-0101_res256_sd_lora_uncond_all_seed42\sampling_img2img\hard\BKL\ISIC_0032843_label-BKL_strategy-hard_strength-0.45_gs-5.0_aug-003.png,0.8141480088233948,BKL,0.8141480088233948,1
ISIC_0032843,BKL,4,hard,0.45,5.0,100,4,404109,experiments\260526-0101_res256_sd_lora_uncond_all_seed42\sampling_img2img\hard\BKL\ISIC_0032843_label-BKL_strategy-hard_strength-0.45_gs-5.0_aug-004.png,0.8141480088233948,BKL,0.8141480088233948,1
ISIC_0033891,DF,5,hard,0.45,5.0,100,0,500082,experiments\260526-0101_res256_sd_lora_uncond_all_seed42\sampling_img2img\hard\DF\ISIC_0033891_label-DF_strategy-hard_strength-0.45_gs-5.0_aug-000.png,0.5087076425552368,DF,0.5087076425552368,1
ISIC_0033891,DF,5,hard,0.45,5.0,100,1,501082,experiments\260526-0101_res256_sd_lora_uncond_all_seed42\sampling_img2img\hard\DF\ISIC_0033891_label-DF_strategy-hard_strength-0.45_gs-5.0_aug-001.png,0.5087076425552368,DF,0.5087076425552368,1
ISIC_0033891,DF,5,hard,0.45,5.0,100,2,502082,experiments\260526-0101_res256_sd_lora_uncond_all_seed42\sampling_img2img\hard\DF\ISIC_0033891_label-DF_strategy-hard_strength-0.45_gs-5.0_aug-002.png,0.5087076425552368,DF,0.5087076425552368,1
ISIC_0033891,DF,5,hard,0.45,5.0,100,3,503082,experiments\260526-0101_res256_sd_lora_uncond_all_seed42\sampling_img2img\hard\DF\ISIC_0033891_label-DF_strategy-hard_strength-0.45_gs-5.0_aug-003.png,0.5087076425552368,DF,0.5087076425552368,1
ISIC_0033891,DF,5,hard,0.45,5.0,100,4,504082,experiments\260526-0101_res256_sd_lora_uncond_all_seed42\sampling_img2img\hard\DF\ISIC_0033891_label-DF_strategy-hard_strength-0.45_gs-5.0_aug-004.png,0.5087076425552368,DF,0.5087076425552368,1
ISIC_0027118,DF,5,hard,0.45,5.0,100,0,500243,experiments\260526-0101_res256_sd_lora_uncond_all_seed42\sampling_img2img\hard\DF\ISIC_0027118_label-DF_strategy-hard_strength-0.45_gs-5.0_aug-000.png,0.46023717522621155,NV,0.46422454714775085,0
ISIC_0027118,DF,5,hard,0.45,5.0,100,1,501243,experiments\260526-0101_res256_sd_lora_uncond_all_seed42\sampling_img2img\hard\DF\ISIC_0027118_label-DF_strategy-hard_strength-0.45_gs-5.0_aug-001.png,0.46023717522621155,NV,0.46422454714775085,0
ISIC_0027118,DF,5,hard,0.45,5.0,100,2,502243,experiments\260526-0101_res256_sd_lora_uncond_all_seed42\sampling_img2img\hard\DF\ISIC_0027118_label-DF_strategy-hard_strength-0.45_gs-5.0_aug-002.png,0.46023717522621155,NV,0.46422454714775085,0
ISIC_0027118,DF,5,hard,0.45,5.0,100,3,503243,experiments\260526-0101_res256_sd_lora_uncond_all_seed42\sampling_img2img\hard\DF\ISIC_0027118_label-DF_strategy-hard_strength-0.45_gs-5.0_aug-003.png,0.46023717522621155,NV,0.46422454714775085,0
ISIC_0027118,DF,5,hard,0.45,5.0,100,4,504243,experiments\260526-0101_res256_sd_lora_uncond_all_seed42\sampling_img2img\hard\DF\ISIC_0027118_label-DF_strategy-hard_strength-0.45_gs-5.0_aug-004.png,0.46023717522621155,NV,0.46422454714775085,0
ISIC_0032247,DF,5,hard,0.45,5.0,100,0,500601,experiments\260526-0101_res256_sd_lora_uncond_all_seed42\sampling_img2img\hard\DF\ISIC_0032247_label-DF_strategy-hard_strength-0.45_gs-5.0_aug-000.png,0.5568514466285706,DF,0.5568514466285706,1
ISIC_0032247,DF,5,hard,0.45,5.0,100,1,501601,experiments\260526-0101_res256_sd_lora_uncond_all_seed42\sampling_img2img\hard\DF\ISIC_0032247_label-DF_strategy-hard_strength-0.45_gs-5.0_aug-001.png,0.5568514466285706,DF,0.5568514466285706,1
ISIC_0032247,DF,5,hard,0.45,5.0,100,2,502601,experiments\260526-0101_res256_sd_lora_uncond_all_seed42\sampling_img2img\hard\DF\ISIC_0032247_label-DF_strategy-hard_strength-0.45_gs-5.0_aug-002.png,0.5568514466285706,DF,0.5568514466285706,1
ISIC_0032247,DF,5,hard,0.45,5.0,100,3,503601,experiments\260526-0101_res256_sd_lora_uncond_all_seed42\sampling_img2img\hard\DF\ISIC_0032247_label-DF_strategy-hard_strength-0.45_gs-5.0_aug-003.png,0.5568514466285706,DF,0.5568514466285706,1
ISIC_0032247,DF,5,hard,0.45,5.0,100,4,504601,experiments\260526-0101_res256_sd_lora_uncond_all_seed42\sampling_img2img\hard\DF\ISIC_0032247_label-DF_strategy-hard_strength-0.45_gs-5.0_aug-004.png,0.5568514466285706,DF,0.5568514466285706,1
ISIC_0025302,DF,5,hard,0.45,5.0,100,0,500428,experiments\260526-0101_res256_sd_lora_uncond_all_seed42\sampling_img2img\hard\DF\ISIC_0025302_label-DF_strategy-hard_strength-0.45_gs-5.0_aug-000.png,0.8012958765029907,DF,0.8012958765029907,1
ISIC_0025302,DF,5,hard,0.45,5.0,100,1,501428,experiments\260526-0101_res256_sd_lora_uncond_all_seed42\sampling_img2img\hard\DF\ISIC_0025302_label-DF_strategy-hard_strength-0.45_gs-5.0_aug-001.png,0.8012958765029907,DF,0.8012958765029907,1
ISIC_0025302,DF,5,hard,0.45,5.0,100,2,502428,experiments\260526-0101_res256_sd_lora_uncond_all_seed42\sampling_img2img\hard\DF\ISIC_0025302_label-DF_strategy-hard_strength-0.45_gs-5.0_aug-002.png,0.8012958765029907,DF,0.8012958765029907,1
ISIC_0025302,DF,5,hard,0.45,5.0,100,3,503428,experiments\260526-0101_res256_sd_lora_uncond_all_seed42\sampling_img2img\hard\DF\ISIC_0025302_label-DF_strategy-hard_strength-0.45_gs-5.0_aug-003.png,0.8012958765029907,DF,0.8012958765029907,1
ISIC_0025302,DF,5,hard,0.45,5.0,100,4,504428,experiments\260526-0101_res256_sd_lora_uncond_all_seed42\sampling_img2img\hard\DF\ISIC_0025302_label-DF_strategy-hard_strength-0.45_gs-5.0_aug-004.png,0.8012958765029907,DF,0.8012958765029907,1
ISIC_0028651,DF,5,hard,0.45,5.0,100,0,500275,experiments\260526-0101_res256_sd_lora_uncond_all_seed42\sampling_img2img\hard\DF\ISIC_0028651_label-DF_strategy-hard_strength-0.45_gs-5.0_aug-000.png,0.3364529609680176,NV,0.5695528388023376,0
ISIC_0028651,DF,5,hard,0.45,5.0,100,1,501275,experiments\260526-0101_res256_sd_lora_uncond_all_seed42\sampling_img2img\hard\DF\ISIC_0028651_label-DF_strategy-hard_strength-0.45_gs-5.0_aug-001.png,0.3364529609680176,NV,0.5695528388023376,0
ISIC_0028651,DF,5,hard,0.45,5.0,100,2,502275,experiments\260526-0101_res256_sd_lora_uncond_all_seed42\sampling_img2img\hard\DF\ISIC_0028651_label-DF_strategy-hard_strength-0.45_gs-5.0_aug-002.png,0.3364529609680176,NV,0.5695528388023376,0
ISIC_0028651,DF,5,hard,0.45,5.0,100,3,503275,experiments\260526-0101_res256_sd_lora_uncond_all_seed42\sampling_img2img\hard\DF\ISIC_0028651_label-DF_strategy-hard_strength-0.45_gs-5.0_aug-003.png,0.3364529609680176,NV,0.5695528388023376,0
ISIC_0028651,DF,5,hard,0.45,5.0,100,4,504275,experiments\260526-0101_res256_sd_lora_uncond_all_seed42\sampling_img2img\hard\DF\ISIC_0028651_label-DF_strategy-hard_strength-0.45_gs-5.0_aug-004.png,0.3364529609680176,NV,0.5695528388023376,0
ISIC_0025954,DF,5,hard,0.45,5.0,100,0,500964,experiments\260526-0101_res256_sd_lora_uncond_all_seed42\sampling_img2img\hard\DF\ISIC_0025954_label-DF_strategy-hard_strength-0.45_gs-5.0_aug-000.png,0.49135345220565796,DF,0.49135345220565796,1
ISIC_0025954,DF,5,hard,0.45,5.0,100,1,501964,experiments\260526-0101_res256_sd_lora_uncond_all_seed42\sampling_img2img\hard\DF\ISIC_0025954_label-DF_strategy-hard_strength-0.45_gs-5.0_aug-001.png,0.49135345220565796,DF,0.49135345220565796,1
ISIC_0025954,DF,5,hard,0.45,5.0,100,2,502964,experiments\260526-0101_res256_sd_lora_uncond_all_seed42\sampling_img2img\hard\DF\ISIC_0025954_label-DF_strategy-hard_strength-0.45_gs-5.0_aug-002.png,0.49135345220565796,DF,0.49135345220565796,1
ISIC_0025954,DF,5,hard,0.45,5.0,100,3,503964,experiments\260526-0101_res256_sd_lora_uncond_all_seed42\sampling_img2img\hard\DF\ISIC_0025954_label-DF_strategy-hard_strength-0.45_gs-5.0_aug-003.png,0.49135345220565796,DF,0.49135345220565796,1
ISIC_0025954,DF,5,hard,0.45,5.0,100,4,504964,experiments\260526-0101_res256_sd_lora_uncond_all_seed42\sampling_img2img\hard\DF\ISIC_0025954_label-DF_strategy-hard_strength-0.45_gs-5.0_aug-004.png,0.49135345220565796,DF,0.49135345220565796,1
ISIC_0029783,DF,5,hard,0.45,5.0,100,0,500355,experiments\260526-0101_res256_sd_lora_uncond_all_seed42\sampling_img2img\hard\DF\ISIC_0029783_label-DF_strategy-hard_strength-0.45_gs-5.0_aug-000.png,0.7743896842002869,DF,0.7743896842002869,1
ISIC_0029783,DF,5,hard,0.45,5.0,100,1,501355,experiments\260526-0101_res256_sd_lora_uncond_all_seed42\sampling_img2img\hard\DF\ISIC_0029783_label-DF_strategy-hard_strength-0.45_gs-5.0_aug-001.png,0.7743896842002869,DF,0.7743896842002869,1
ISIC_0029783,DF,5,hard,0.45,5.0,100,2,502355,experiments\260526-0101_res256_sd_lora_uncond_all_seed42\sampling_img2img\hard\DF\ISIC_0029783_label-DF_strategy-hard_strength-0.45_gs-5.0_aug-002.png,0.7743896842002869,DF,0.7743896842002869,1
ISIC_0029783,DF,5,hard,0.45,5.0,100,3,503355,experiments\260526-0101_res256_sd_lora_uncond_all_seed42\sampling_img2img\hard\DF\ISIC_0029783_label-DF_strategy-hard_strength-0.45_gs-5.0_aug-003.png,0.7743896842002869,DF,0.7743896842002869,1
ISIC_0029783,DF,5,hard,0.45,5.0,100,4,504355,experiments\260526-0101_res256_sd_lora_uncond_all_seed42\sampling_img2img\hard\DF\ISIC_0029783_label-DF_strategy-hard_strength-0.45_gs-5.0_aug-004.png,0.7743896842002869,DF,0.7743896842002869,1
ISIC_0024553,DF,5,hard,0.45,5.0,100,0,501023,experiments\260526-0101_res256_sd_lora_uncond_all_seed42\sampling_img2img\hard\DF\ISIC_0024553_label-DF_strategy-hard_strength-0.45_gs-5.0_aug-000.png,0.8316739797592163,DF,0.8316739797592163,1
ISIC_0024553,DF,5,hard,0.45,5.0,100,1,502023,experiments\260526-0101_res256_sd_lora_uncond_all_seed42\sampling_img2img\hard\DF\ISIC_0024553_label-DF_strategy-hard_strength-0.45_gs-5.0_aug-001.png,0.8316739797592163,DF,0.8316739797592163,1
ISIC_0024553,DF,5,hard,0.45,5.0,100,2,503023,experiments\260526-0101_res256_sd_lora_uncond_all_seed42\sampling_img2img\hard\DF\ISIC_0024553_label-DF_strategy-hard_strength-0.45_gs-5.0_aug-002.png,0.8316739797592163,DF,0.8316739797592163,1
ISIC_0024553,DF,5,hard,0.45,5.0,100,3,504023,experiments\260526-0101_res256_sd_lora_uncond_all_seed42\sampling_img2img\hard\DF\ISIC_0024553_label-DF_strategy-hard_strength-0.45_gs-5.0_aug-003.png,0.8316739797592163,DF,0.8316739797592163,1
ISIC_0024553,DF,5,hard,0.45,5.0,100,4,505023,experiments\260526-0101_res256_sd_lora_uncond_all_seed42\sampling_img2img\hard\DF\ISIC_0024553_label-DF_strategy-hard_strength-0.45_gs-5.0_aug-004.png,0.8316739797592163,DF,0.8316739797592163,1
ISIC_0031123,DF,5,hard,0.45,5.0,100,0,500981,experiments\260526-0101_res256_sd_lora_uncond_all_seed42\sampling_img2img\hard\DF\ISIC_0031123_label-DF_strategy-hard_strength-0.45_gs-5.0_aug-000.png,0.7921603322029114,DF,0.7921603322029114,1
ISIC_0031123,DF,5,hard,0.45,5.0,100,1,501981,experiments\260526-0101_res256_sd_lora_uncond_all_seed42\sampling_img2img\hard\DF\ISIC_0031123_label-DF_strategy-hard_strength-0.45_gs-5.0_aug-001.png,0.7921603322029114,DF,0.7921603322029114,1
ISIC_0031123,DF,5,hard,0.45,5.0,100,2,502981,experiments\260526-0101_res256_sd_lora_uncond_all_seed42\sampling_img2img\hard\DF\ISIC_0031123_label-DF_strategy-hard_strength-0.45_gs-5.0_aug-002.png,0.7921603322029114,DF,0.7921603322029114,1
ISIC_0031123,DF,5,hard,0.45,5.0,100,3,503981,experiments\260526-0101_res256_sd_lora_uncond_all_seed42\sampling_img2img\hard\DF\ISIC_0031123_label-DF_strategy-hard_strength-0.45_gs-5.0_aug-003.png,0.7921603322029114,DF,0.7921603322029114,1
ISIC_0031123,DF,5,hard,0.45,5.0,100,4,504981,experiments\260526-0101_res256_sd_lora_uncond_all_seed42\sampling_img2img\hard\DF\ISIC_0031123_label-DF_strategy-hard_strength-0.45_gs-5.0_aug-004.png,0.7921603322029114,DF,0.7921603322029114,1
ISIC_0025668,DF,5,hard,0.45,5.0,100,0,500723,experiments\260526-0101_res256_sd_lora_uncond_all_seed42\sampling_img2img\hard\DF\ISIC_0025668_label-DF_strategy-hard_strength-0.45_gs-5.0_aug-000.png,0.6969066262245178,DF,0.6969066262245178,1
ISIC_0025668,DF,5,hard,0.45,5.0,100,1,501723,experiments\260526-0101_res256_sd_lora_uncond_all_seed42\sampling_img2img\hard\DF\ISIC_0025668_label-DF_strategy-hard_strength-0.45_gs-5.0_aug-001.png,0.6969066262245178,DF,0.6969066262245178,1
ISIC_0025668,DF,5,hard,0.45,5.0,100,2,502723,experiments\260526-0101_res256_sd_lora_uncond_all_seed42\sampling_img2img\hard\DF\ISIC_0025668_label-DF_strategy-hard_strength-0.45_gs-5.0_aug-002.png,0.6969066262245178,DF,0.6969066262245178,1
ISIC_0025668,DF,5,hard,0.45,5.0,100,3,503723,experiments\260526-0101_res256_sd_lora_uncond_all_seed42\sampling_img2img\hard\DF\ISIC_0025668_label-DF_strategy-hard_strength-0.45_gs-5.0_aug-003.png,0.6969066262245178,DF,0.6969066262245178,1
ISIC_0025668,DF,5,hard,0.45,5.0,100,4,504723,experiments\260526-0101_res256_sd_lora_uncond_all_seed42\sampling_img2img\hard\DF\ISIC_0025668_label-DF_strategy-hard_strength-0.45_gs-5.0_aug-004.png,0.6969066262245178,DF,0.6969066262245178,1
ISIC_0025903,DF,5,hard,0.45,5.0,100,0,500466,experiments\260526-0101_res256_sd_lora_uncond_all_seed42\sampling_img2img\hard\DF\ISIC_0025903_label-DF_strategy-hard_strength-0.45_gs-5.0_aug-000.png,0.16986605525016785,NV,0.4089633822441101,0
ISIC_0025903,DF,5,hard,0.45,5.0,100,1,501466,experiments\260526-0101_res256_sd_lora_uncond_all_seed42\sampling_img2img\hard\DF\ISIC_0025903_label-DF_strategy-hard_strength-0.45_gs-5.0_aug-001.png,0.16986605525016785,NV,0.4089633822441101,0
ISIC_0025903,DF,5,hard,0.45,5.0,100,2,502466,experiments\260526-0101_res256_sd_lora_uncond_all_seed42\sampling_img2img\hard\DF\ISIC_0025903_label-DF_strategy-hard_strength-0.45_gs-5.0_aug-002.png,0.16986605525016785,NV,0.4089633822441101,0
ISIC_0025903,DF,5,hard,0.45,5.0,100,3,503466,experiments\260526-0101_res256_sd_lora_uncond_all_seed42\sampling_img2img\hard\DF\ISIC_0025903_label-DF_strategy-hard_strength-0.45_gs-5.0_aug-003.png,0.16986605525016785,NV,0.4089633822441101,0
ISIC_0025903,DF,5,hard,0.45,5.0,100,4,504466,experiments\260526-0101_res256_sd_lora_uncond_all_seed42\sampling_img2img\hard\DF\ISIC_0025903_label-DF_strategy-hard_strength-0.45_gs-5.0_aug-004.png,0.16986605525016785,NV,0.4089633822441101,0
ISIC_0028926,DF,5,hard,0.45,5.0,100,0,500960,experiments\260526-0101_res256_sd_lora_uncond_all_seed42\sampling_img2img\hard\DF\ISIC_0028926_label-DF_strategy-hard_strength-0.45_gs-5.0_aug-000.png,0.7096249461174011,DF,0.7096249461174011,1
ISIC_0028926,DF,5,hard,0.45,5.0,100,1,501960,experiments\260526-0101_res256_sd_lora_uncond_all_seed42\sampling_img2img\hard\DF\ISIC_0028926_label-DF_strategy-hard_strength-0.45_gs-5.0_aug-001.png,0.7096249461174011,DF,0.7096249461174011,1
ISIC_0028926,DF,5,hard,0.45,5.0,100,2,502960,experiments\260526-0101_res256_sd_lora_uncond_all_seed42\sampling_img2img\hard\DF\ISIC_0028926_label-DF_strategy-hard_strength-0.45_gs-5.0_aug-002.png,0.7096249461174011,DF,0.7096249461174011,1
ISIC_0028926,DF,5,hard,0.45,5.0,100,3,503960,experiments\260526-0101_res256_sd_lora_uncond_all_seed42\sampling_img2img\hard\DF\ISIC_0028926_label-DF_strategy-hard_strength-0.45_gs-5.0_aug-003.png,0.7096249461174011,DF,0.7096249461174011,1
ISIC_0028926,DF,5,hard,0.45,5.0,100,4,504960,experiments\260526-0101_res256_sd_lora_uncond_all_seed42\sampling_img2img\hard\DF\ISIC_0028926_label-DF_strategy-hard_strength-0.45_gs-5.0_aug-004.png,0.7096249461174011,DF,0.7096249461174011,1
ISIC_0030665,DF,5,hard,0.45,5.0,100,0,500948,experiments\260526-0101_res256_sd_lora_uncond_all_seed42\sampling_img2img\hard\DF\ISIC_0030665_label-DF_strategy-hard_strength-0.45_gs-5.0_aug-000.png,0.7722132802009583,DF,0.7722132802009583,1
ISIC_0030665,DF,5,hard,0.45,5.0,100,1,501948,experiments\260526-0101_res256_sd_lora_uncond_all_seed42\sampling_img2img\hard\DF\ISIC_0030665_label-DF_strategy-hard_strength-0.45_gs-5.0_aug-001.png,0.7722132802009583,DF,0.7722132802009583,1
ISIC_0030665,DF,5,hard,0.45,5.0,100,2,502948,experiments\260526-0101_res256_sd_lora_uncond_all_seed42\sampling_img2img\hard\DF\ISIC_0030665_label-DF_strategy-hard_strength-0.45_gs-5.0_aug-002.png,0.7722132802009583,DF,0.7722132802009583,1
ISIC_0030665,DF,5,hard,0.45,5.0,100,3,503948,experiments\260526-0101_res256_sd_lora_uncond_all_seed42\sampling_img2img\hard\DF\ISIC_0030665_label-DF_strategy-hard_strength-0.45_gs-5.0_aug-003.png,0.7722132802009583,DF,0.7722132802009583,1
ISIC_0030665,DF,5,hard,0.45,5.0,100,4,504948,experiments\260526-0101_res256_sd_lora_uncond_all_seed42\sampling_img2img\hard\DF\ISIC_0030665_label-DF_strategy-hard_strength-0.45_gs-5.0_aug-004.png,0.7722132802009583,DF,0.7722132802009583,1
ISIC_0024973,DF,5,hard,0.45,5.0,100,0,500452,experiments\260526-0101_res256_sd_lora_uncond_all_seed42\sampling_img2img\hard\DF\ISIC_0024973_label-DF_strategy-hard_strength-0.45_gs-5.0_aug-000.png,0.7714098691940308,DF,0.7714098691940308,1
ISIC_0024973,DF,5,hard,0.45,5.0,100,1,501452,experiments\260526-0101_res256_sd_lora_uncond_all_seed42\sampling_img2img\hard\DF\ISIC_0024973_label-DF_strategy-hard_strength-0.45_gs-5.0_aug-001.png,0.7714098691940308,DF,0.7714098691940308,1
ISIC_0024973,DF,5,hard,0.45,5.0,100,2,502452,experiments\260526-0101_res256_sd_lora_uncond_all_seed42\sampling_img2img\hard\DF\ISIC_0024973_label-DF_strategy-hard_strength-0.45_gs-5.0_aug-002.png,0.7714098691940308,DF,0.7714098691940308,1
ISIC_0024973,DF,5,hard,0.45,5.0,100,3,503452,experiments\260526-0101_res256_sd_lora_uncond_all_seed42\sampling_img2img\hard\DF\ISIC_0024973_label-DF_strategy-hard_strength-0.45_gs-5.0_aug-003.png,0.7714098691940308,DF,0.7714098691940308,1
ISIC_0024973,DF,5,hard,0.45,5.0,100,4,504452,experiments\260526-0101_res256_sd_lora_uncond_all_seed42\sampling_img2img\hard\DF\ISIC_0024973_label-DF_strategy-hard_strength-0.45_gs-5.0_aug-004.png,0.7714098691940308,DF,0.7714098691940308,1
ISIC_0029578,DF,5,hard,0.45,5.0,100,0,500678,experiments\260526-0101_res256_sd_lora_uncond_all_seed42\sampling_img2img\hard\DF\ISIC_0029578_label-DF_strategy-hard_strength-0.45_gs-5.0_aug-000.png,0.3933562636375427,DF,0.3933562636375427,1
ISIC_0029578,DF,5,hard,0.45,5.0,100,1,501678,experiments\260526-0101_res256_sd_lora_uncond_all_seed42\sampling_img2img\hard\DF\ISIC_0029578_label-DF_strategy-hard_strength-0.45_gs-5.0_aug-001.png,0.3933562636375427,DF,0.3933562636375427,1
ISIC_0029578,DF,5,hard,0.45,5.0,100,2,502678,experiments\260526-0101_res256_sd_lora_uncond_all_seed42\sampling_img2img\hard\DF\ISIC_0029578_label-DF_strategy-hard_strength-0.45_gs-5.0_aug-002.png,0.3933562636375427,DF,0.3933562636375427,1
ISIC_0029578,DF,5,hard,0.45,5.0,100,3,503678,experiments\260526-0101_res256_sd_lora_uncond_all_seed42\sampling_img2img\hard\DF\ISIC_0029578_label-DF_strategy-hard_strength-0.45_gs-5.0_aug-003.png,0.3933562636375427,DF,0.3933562636375427,1
ISIC_0029578,DF,5,hard,0.45,5.0,100,4,504678,experiments\260526-0101_res256_sd_lora_uncond_all_seed42\sampling_img2img\hard\DF\ISIC_0029578_label-DF_strategy-hard_strength-0.45_gs-5.0_aug-004.png,0.3933562636375427,DF,0.3933562636375427,1
ISIC_0034135,DF,5,hard,0.45,5.0,100,0,500871,experiments\260526-0101_res256_sd_lora_uncond_all_seed42\sampling_img2img\hard\DF\ISIC_0034135_label-DF_strategy-hard_strength-0.45_gs-5.0_aug-000.png,0.7894072532653809,DF,0.7894072532653809,1
ISIC_0034135,DF,5,hard,0.45,5.0,100,1,501871,experiments\260526-0101_res256_sd_lora_uncond_all_seed42\sampling_img2img\hard\DF\ISIC_0034135_label-DF_strategy-hard_strength-0.45_gs-5.0_aug-001.png,0.7894072532653809,DF,0.7894072532653809,1
ISIC_0034135,DF,5,hard,0.45,5.0,100,2,502871,experiments\260526-0101_res256_sd_lora_uncond_all_seed42\sampling_img2img\hard\DF\ISIC_0034135_label-DF_strategy-hard_strength-0.45_gs-5.0_aug-002.png,0.7894072532653809,DF,0.7894072532653809,1
ISIC_0034135,DF,5,hard,0.45,5.0,100,3,503871,experiments\260526-0101_res256_sd_lora_uncond_all_seed42\sampling_img2img\hard\DF\ISIC_0034135_label-DF_strategy-hard_strength-0.45_gs-5.0_aug-003.png,0.7894072532653809,DF,0.7894072532653809,1
ISIC_0034135,DF,5,hard,0.45,5.0,100,4,504871,experiments\260526-0101_res256_sd_lora_uncond_all_seed42\sampling_img2img\hard\DF\ISIC_0034135_label-DF_strategy-hard_strength-0.45_gs-5.0_aug-004.png,0.7894072532653809,DF,0.7894072532653809,1
ISIC_0031344,DF,5,hard,0.45,5.0,100,0,500814,experiments\260526-0101_res256_sd_lora_uncond_all_seed42\sampling_img2img\hard\DF\ISIC_0031344_label-DF_strategy-hard_strength-0.45_gs-5.0_aug-000.png,0.497766375541687,DF,0.497766375541687,1
ISIC_0031344,DF,5,hard,0.45,5.0,100,1,501814,experiments\260526-0101_res256_sd_lora_uncond_all_seed42\sampling_img2img\hard\DF\ISIC_0031344_label-DF_strategy-hard_strength-0.45_gs-5.0_aug-001.png,0.497766375541687,DF,0.497766375541687,1
ISIC_0031344,DF,5,hard,0.45,5.0,100,2,502814,experiments\260526-0101_res256_sd_lora_uncond_all_seed42\sampling_img2img\hard\DF\ISIC_0031344_label-DF_strategy-hard_strength-0.45_gs-5.0_aug-002.png,0.497766375541687,DF,0.497766375541687,1
ISIC_0031344,DF,5,hard,0.45,5.0,100,3,503814,experiments\260526-0101_res256_sd_lora_uncond_all_seed42\sampling_img2img\hard\DF\ISIC_0031344_label-DF_strategy-hard_strength-0.45_gs-5.0_aug-003.png,0.497766375541687,DF,0.497766375541687,1
ISIC_0031344,DF,5,hard,0.45,5.0,100,4,504814,experiments\260526-0101_res256_sd_lora_uncond_all_seed42\sampling_img2img\hard\DF\ISIC_0031344_label-DF_strategy-hard_strength-0.45_gs-5.0_aug-004.png,0.497766375541687,DF,0.497766375541687,1
ISIC_0027598,DF,5,hard,0.45,5.0,100,0,500657,experiments\260526-0101_res256_sd_lora_uncond_all_seed42\sampling_img2img\hard\DF\ISIC_0027598_label-DF_strategy-hard_strength-0.45_gs-5.0_aug-000.png,0.5868499279022217,DF,0.5868499279022217,1
ISIC_0027598,DF,5,hard,0.45,5.0,100,1,501657,experiments\260526-0101_res256_sd_lora_uncond_all_seed42\sampling_img2img\hard\DF\ISIC_0027598_label-DF_strategy-hard_strength-0.45_gs-5.0_aug-001.png,0.5868499279022217,DF,0.5868499279022217,1
ISIC_0027598,DF,5,hard,0.45,5.0,100,2,502657,experiments\260526-0101_res256_sd_lora_uncond_all_seed42\sampling_img2img\hard\DF\ISIC_0027598_label-DF_strategy-hard_strength-0.45_gs-5.0_aug-002.png,0.5868499279022217,DF,0.5868499279022217,1
ISIC_0027598,DF,5,hard,0.45,5.0,100,3,503657,experiments\260526-0101_res256_sd_lora_uncond_all_seed42\sampling_img2img\hard\DF\ISIC_0027598_label-DF_strategy-hard_strength-0.45_gs-5.0_aug-003.png,0.5868499279022217,DF,0.5868499279022217,1
ISIC_0027598,DF,5,hard,0.45,5.0,100,4,504657,experiments\260526-0101_res256_sd_lora_uncond_all_seed42\sampling_img2img\hard\DF\ISIC_0027598_label-DF_strategy-hard_strength-0.45_gs-5.0_aug-004.png,0.5868499279022217,DF,0.5868499279022217,1
ISIC_0033860,DF,5,hard,0.45,5.0,100,0,500260,experiments\260526-0101_res256_sd_lora_uncond_all_seed42\sampling_img2img\hard\DF\ISIC_0033860_label-DF_strategy-hard_strength-0.45_gs-5.0_aug-000.png,0.7856972813606262,DF,0.7856972813606262,1
ISIC_0033860,DF,5,hard,0.45,5.0,100,1,501260,experiments\260526-0101_res256_sd_lora_uncond_all_seed42\sampling_img2img\hard\DF\ISIC_0033860_label-DF_strategy-hard_strength-0.45_gs-5.0_aug-001.png,0.7856972813606262,DF,0.7856972813606262,1
ISIC_0033860,DF,5,hard,0.45,5.0,100,2,502260,experiments\260526-0101_res256_sd_lora_uncond_all_seed42\sampling_img2img\hard\DF\ISIC_0033860_label-DF_strategy-hard_strength-0.45_gs-5.0_aug-002.png,0.7856972813606262,DF,0.7856972813606262,1
ISIC_0033860,DF,5,hard,0.45,5.0,100,3,503260,experiments\260526-0101_res256_sd_lora_uncond_all_seed42\sampling_img2img\hard\DF\ISIC_0033860_label-DF_strategy-hard_strength-0.45_gs-5.0_aug-003.png,0.7856972813606262,DF,0.7856972813606262,1
ISIC_0033860,DF,5,hard,0.45,5.0,100,4,504260,experiments\260526-0101_res256_sd_lora_uncond_all_seed42\sampling_img2img\hard\DF\ISIC_0033860_label-DF_strategy-hard_strength-0.45_gs-5.0_aug-004.png,0.7856972813606262,DF,0.7856972813606262,1
ISIC_0025154,DF,5,hard,0.45,5.0,100,0,500571,experiments\260526-0101_res256_sd_lora_uncond_all_seed42\sampling_img2img\hard\DF\ISIC_0025154_label-DF_strategy-hard_strength-0.45_gs-5.0_aug-000.png,0.12409024685621262,AKIEC,0.5916556715965271,0
ISIC_0025154,DF,5,hard,0.45,5.0,100,1,501571,experiments\260526-0101_res256_sd_lora_uncond_all_seed42\sampling_img2img\hard\DF\ISIC_0025154_label-DF_strategy-hard_strength-0.45_gs-5.0_aug-001.png,0.12409024685621262,AKIEC,0.5916556715965271,0
ISIC_0025154,DF,5,hard,0.45,5.0,100,2,502571,experiments\260526-0101_res256_sd_lora_uncond_all_seed42\sampling_img2img\hard\DF\ISIC_0025154_label-DF_strategy-hard_strength-0.45_gs-5.0_aug-002.png,0.12409024685621262,AKIEC,0.5916556715965271,0
ISIC_0025154,DF,5,hard,0.45,5.0,100,3,503571,experiments\260526-0101_res256_sd_lora_uncond_all_seed42\sampling_img2img\hard\DF\ISIC_0025154_label-DF_strategy-hard_strength-0.45_gs-5.0_aug-003.png,0.12409024685621262,AKIEC,0.5916556715965271,0
ISIC_0025154,DF,5,hard,0.45,5.0,100,4,504571,experiments\260526-0101_res256_sd_lora_uncond_all_seed42\sampling_img2img\hard\DF\ISIC_0025154_label-DF_strategy-hard_strength-0.45_gs-5.0_aug-004.png,0.12409024685621262,AKIEC,0.5916556715965271,0
ISIC_0030321,DF,5,hard,0.45,5.0,100,0,500776,experiments\260526-0101_res256_sd_lora_uncond_all_seed42\sampling_img2img\hard\DF\ISIC_0030321_label-DF_strategy-hard_strength-0.45_gs-5.0_aug-000.png,0.7241218686103821,DF,0.7241218686103821,1
ISIC_0030321,DF,5,hard,0.45,5.0,100,1,501776,experiments\260526-0101_res256_sd_lora_uncond_all_seed42\sampling_img2img\hard\DF\ISIC_0030321_label-DF_strategy-hard_strength-0.45_gs-5.0_aug-001.png,0.7241218686103821,DF,0.7241218686103821,1
ISIC_0030321,DF,5,hard,0.45,5.0,100,2,502776,experiments\260526-0101_res256_sd_lora_uncond_all_seed42\sampling_img2img\hard\DF\ISIC_0030321_label-DF_strategy-hard_strength-0.45_gs-5.0_aug-002.png,0.7241218686103821,DF,0.7241218686103821,1
ISIC_0030321,DF,5,hard,0.45,5.0,100,3,503776,experiments\260526-0101_res256_sd_lora_uncond_all_seed42\sampling_img2img\hard\DF\ISIC_0030321_label-DF_strategy-hard_strength-0.45_gs-5.0_aug-003.png,0.7241218686103821,DF,0.7241218686103821,1
ISIC_0030321,DF,5,hard,0.45,5.0,100,4,504776,experiments\260526-0101_res256_sd_lora_uncond_all_seed42\sampling_img2img\hard\DF\ISIC_0030321_label-DF_strategy-hard_strength-0.45_gs-5.0_aug-004.png,0.7241218686103821,DF,0.7241218686103821,1
ISIC_0033256,DF,5,hard,0.45,5.0,100,0,500284,experiments\260526-0101_res256_sd_lora_uncond_all_seed42\sampling_img2img\hard\DF\ISIC_0033256_label-DF_strategy-hard_strength-0.45_gs-5.0_aug-000.png,0.6053251624107361,DF,0.6053251624107361,1
ISIC_0033256,DF,5,hard,0.45,5.0,100,1,501284,experiments\260526-0101_res256_sd_lora_uncond_all_seed42\sampling_img2img\hard\DF\ISIC_0033256_label-DF_strategy-hard_strength-0.45_gs-5.0_aug-001.png,0.6053251624107361,DF,0.6053251624107361,1
ISIC_0033256,DF,5,hard,0.45,5.0,100,2,502284,experiments\260526-0101_res256_sd_lora_uncond_all_seed42\sampling_img2img\hard\DF\ISIC_0033256_label-DF_strategy-hard_strength-0.45_gs-5.0_aug-002.png,0.6053251624107361,DF,0.6053251624107361,1
ISIC_0033256,DF,5,hard,0.45,5.0,100,3,503284,experiments\260526-0101_res256_sd_lora_uncond_all_seed42\sampling_img2img\hard\DF\ISIC_0033256_label-DF_strategy-hard_strength-0.45_gs-5.0_aug-003.png,0.6053251624107361,DF,0.6053251624107361,1
ISIC_0033256,DF,5,hard,0.45,5.0,100,4,504284,experiments\260526-0101_res256_sd_lora_uncond_all_seed42\sampling_img2img\hard\DF\ISIC_0033256_label-DF_strategy-hard_strength-0.45_gs-5.0_aug-004.png,0.6053251624107361,DF,0.6053251624107361,1
ISIC_0025980,DF,5,hard,0.45,5.0,100,0,500324,experiments\260526-0101_res256_sd_lora_uncond_all_seed42\sampling_img2img\hard\DF\ISIC_0025980_label-DF_strategy-hard_strength-0.45_gs-5.0_aug-000.png,0.04460853710770607,NV,0.6649651527404785,0
ISIC_0025980,DF,5,hard,0.45,5.0,100,1,501324,experiments\260526-0101_res256_sd_lora_uncond_all_seed42\sampling_img2img\hard\DF\ISIC_0025980_label-DF_strategy-hard_strength-0.45_gs-5.0_aug-001.png,0.04460853710770607,NV,0.6649651527404785,0
ISIC_0025980,DF,5,hard,0.45,5.0,100,2,502324,experiments\260526-0101_res256_sd_lora_uncond_all_seed42\sampling_img2img\hard\DF\ISIC_0025980_label-DF_strategy-hard_strength-0.45_gs-5.0_aug-002.png,0.04460853710770607,NV,0.6649651527404785,0
ISIC_0025980,DF,5,hard,0.45,5.0,100,3,503324,experiments\260526-0101_res256_sd_lora_uncond_all_seed42\sampling_img2img\hard\DF\ISIC_0025980_label-DF_strategy-hard_strength-0.45_gs-5.0_aug-003.png,0.04460853710770607,NV,0.6649651527404785,0
ISIC_0025980,DF,5,hard,0.45,5.0,100,4,504324,experiments\260526-0101_res256_sd_lora_uncond_all_seed42\sampling_img2img\hard\DF\ISIC_0025980_label-DF_strategy-hard_strength-0.45_gs-5.0_aug-004.png,0.04460853710770607,NV,0.6649651527404785,0
ISIC_0027613,DF,5,hard,0.45,5.0,100,0,500916,experiments\260526-0101_res256_sd_lora_uncond_all_seed42\sampling_img2img\hard\DF\ISIC_0027613_label-DF_strategy-hard_strength-0.45_gs-5.0_aug-000.png,0.8149836659431458,DF,0.8149836659431458,1
ISIC_0027613,DF,5,hard,0.45,5.0,100,1,501916,experiments\260526-0101_res256_sd_lora_uncond_all_seed42\sampling_img2img\hard\DF\ISIC_0027613_label-DF_strategy-hard_strength-0.45_gs-5.0_aug-001.png,0.8149836659431458,DF,0.8149836659431458,1
ISIC_0027613,DF,5,hard,0.45,5.0,100,2,502916,experiments\260526-0101_res256_sd_lora_uncond_all_seed42\sampling_img2img\hard\DF\ISIC_0027613_label-DF_strategy-hard_strength-0.45_gs-5.0_aug-002.png,0.8149836659431458,DF,0.8149836659431458,1
ISIC_0027613,DF,5,hard,0.45,5.0,100,3,503916,experiments\260526-0101_res256_sd_lora_uncond_all_seed42\sampling_img2img\hard\DF\ISIC_0027613_label-DF_strategy-hard_strength-0.45_gs-5.0_aug-003.png,0.8149836659431458,DF,0.8149836659431458,1
ISIC_0027613,DF,5,hard,0.45,5.0,100,4,504916,experiments\260526-0101_res256_sd_lora_uncond_all_seed42\sampling_img2img\hard\DF\ISIC_0027613_label-DF_strategy-hard_strength-0.45_gs-5.0_aug-004.png,0.8149836659431458,DF,0.8149836659431458,1
ISIC_0029039,DF,5,hard,0.45,5.0,100,0,500808,experiments\260526-0101_res256_sd_lora_uncond_all_seed42\sampling_img2img\hard\DF\ISIC_0029039_label-DF_strategy-hard_strength-0.45_gs-5.0_aug-000.png,0.804478645324707,DF,0.804478645324707,1
ISIC_0029039,DF,5,hard,0.45,5.0,100,1,501808,experiments\260526-0101_res256_sd_lora_uncond_all_seed42\sampling_img2img\hard\DF\ISIC_0029039_label-DF_strategy-hard_strength-0.45_gs-5.0_aug-001.png,0.804478645324707,DF,0.804478645324707,1
ISIC_0029039,DF,5,hard,0.45,5.0,100,2,502808,experiments\260526-0101_res256_sd_lora_uncond_all_seed42\sampling_img2img\hard\DF\ISIC_0029039_label-DF_strategy-hard_strength-0.45_gs-5.0_aug-002.png,0.804478645324707,DF,0.804478645324707,1
ISIC_0029039,DF,5,hard,0.45,5.0,100,3,503808,experiments\260526-0101_res256_sd_lora_uncond_all_seed42\sampling_img2img\hard\DF\ISIC_0029039_label-DF_strategy-hard_strength-0.45_gs-5.0_aug-003.png,0.804478645324707,DF,0.804478645324707,1
ISIC_0029039,DF,5,hard,0.45,5.0,100,4,504808,experiments\260526-0101_res256_sd_lora_uncond_all_seed42\sampling_img2img\hard\DF\ISIC_0029039_label-DF_strategy-hard_strength-0.45_gs-5.0_aug-004.png,0.804478645324707,DF,0.804478645324707,1
ISIC_0025622,DF,5,hard,0.45,5.0,100,0,500444,experiments\260526-0101_res256_sd_lora_uncond_all_seed42\sampling_img2img\hard\DF\ISIC_0025622_label-DF_strategy-hard_strength-0.45_gs-5.0_aug-000.png,0.8013889789581299,DF,0.8013889789581299,1
ISIC_0025622,DF,5,hard,0.45,5.0,100,1,501444,experiments\260526-0101_res256_sd_lora_uncond_all_seed42\sampling_img2img\hard\DF\ISIC_0025622_label-DF_strategy-hard_strength-0.45_gs-5.0_aug-001.png,0.8013889789581299,DF,0.8013889789581299,1
ISIC_0025622,DF,5,hard,0.45,5.0,100,2,502444,experiments\260526-0101_res256_sd_lora_uncond_all_seed42\sampling_img2img\hard\DF\ISIC_0025622_label-DF_strategy-hard_strength-0.45_gs-5.0_aug-002.png,0.8013889789581299,DF,0.8013889789581299,1
ISIC_0025622,DF,5,hard,0.45,5.0,100,3,503444,experiments\260526-0101_res256_sd_lora_uncond_all_seed42\sampling_img2img\hard\DF\ISIC_0025622_label-DF_strategy-hard_strength-0.45_gs-5.0_aug-003.png,0.8013889789581299,DF,0.8013889789581299,1
ISIC_0025622,DF,5,hard,0.45,5.0,100,4,504444,experiments\260526-0101_res256_sd_lora_uncond_all_seed42\sampling_img2img\hard\DF\ISIC_0025622_label-DF_strategy-hard_strength-0.45_gs-5.0_aug-004.png,0.8013889789581299,DF,0.8013889789581299,1
ISIC_0033810,DF,5,hard,0.45,5.0,100,0,500935,experiments\260526-0101_res256_sd_lora_uncond_all_seed42\sampling_img2img\hard\DF\ISIC_0033810_label-DF_strategy-hard_strength-0.45_gs-5.0_aug-000.png,0.8310403227806091,DF,0.8310403227806091,1
ISIC_0033810,DF,5,hard,0.45,5.0,100,1,501935,experiments\260526-0101_res256_sd_lora_uncond_all_seed42\sampling_img2img\hard\DF\ISIC_0033810_label-DF_strategy-hard_strength-0.45_gs-5.0_aug-001.png,0.8310403227806091,DF,0.8310403227806091,1
ISIC_0033810,DF,5,hard,0.45,5.0,100,2,502935,experiments\260526-0101_res256_sd_lora_uncond_all_seed42\sampling_img2img\hard\DF\ISIC_0033810_label-DF_strategy-hard_strength-0.45_gs-5.0_aug-002.png,0.8310403227806091,DF,0.8310403227806091,1
ISIC_0033810,DF,5,hard,0.45,5.0,100,3,503935,experiments\260526-0101_res256_sd_lora_uncond_all_seed42\sampling_img2img\hard\DF\ISIC_0033810_label-DF_strategy-hard_strength-0.45_gs-5.0_aug-003.png,0.8310403227806091,DF,0.8310403227806091,1
ISIC_0033810,DF,5,hard,0.45,5.0,100,4,504935,experiments\260526-0101_res256_sd_lora_uncond_all_seed42\sampling_img2img\hard\DF\ISIC_0033810_label-DF_strategy-hard_strength-0.45_gs-5.0_aug-004.png,0.8310403227806091,DF,0.8310403227806091,1
ISIC_0027876,DF,5,hard,0.45,5.0,100,0,500573,experiments\260526-0101_res256_sd_lora_uncond_all_seed42\sampling_img2img\hard\DF\ISIC_0027876_label-DF_strategy-hard_strength-0.45_gs-5.0_aug-000.png,0.7644761204719543,DF,0.7644761204719543,1
ISIC_0027876,DF,5,hard,0.45,5.0,100,1,501573,experiments\260526-0101_res256_sd_lora_uncond_all_seed42\sampling_img2img\hard\DF\ISIC_0027876_label-DF_strategy-hard_strength-0.45_gs-5.0_aug-001.png,0.7644761204719543,DF,0.7644761204719543,1
ISIC_0027876,DF,5,hard,0.45,5.0,100,2,502573,experiments\260526-0101_res256_sd_lora_uncond_all_seed42\sampling_img2img\hard\DF\ISIC_0027876_label-DF_strategy-hard_strength-0.45_gs-5.0_aug-002.png,0.7644761204719543,DF,0.7644761204719543,1
ISIC_0027876,DF,5,hard,0.45,5.0,100,3,503573,experiments\260526-0101_res256_sd_lora_uncond_all_seed42\sampling_img2img\hard\DF\ISIC_0027876_label-DF_strategy-hard_strength-0.45_gs-5.0_aug-003.png,0.7644761204719543,DF,0.7644761204719543,1
ISIC_0027876,DF,5,hard,0.45,5.0,100,4,504573,experiments\260526-0101_res256_sd_lora_uncond_all_seed42\sampling_img2img\hard\DF\ISIC_0027876_label-DF_strategy-hard_strength-0.45_gs-5.0_aug-004.png,0.7644761204719543,DF,0.7644761204719543,1
ISIC_0027188,DF,5,hard,0.45,5.0,100,0,501017,experiments\260526-0101_res256_sd_lora_uncond_all_seed42\sampling_img2img\hard\DF\ISIC_0027188_label-DF_strategy-hard_strength-0.45_gs-5.0_aug-000.png,0.7370185256004333,DF,0.7370185256004333,1
ISIC_0027188,DF,5,hard,0.45,5.0,100,1,502017,experiments\260526-0101_res256_sd_lora_uncond_all_seed42\sampling_img2img\hard\DF\ISIC_0027188_label-DF_strategy-hard_strength-0.45_gs-5.0_aug-001.png,0.7370185256004333,DF,0.7370185256004333,1
ISIC_0027188,DF,5,hard,0.45,5.0,100,2,503017,experiments\260526-0101_res256_sd_lora_uncond_all_seed42\sampling_img2img\hard\DF\ISIC_0027188_label-DF_strategy-hard_strength-0.45_gs-5.0_aug-002.png,0.7370185256004333,DF,0.7370185256004333,1
ISIC_0027188,DF,5,hard,0.45,5.0,100,3,504017,experiments\260526-0101_res256_sd_lora_uncond_all_seed42\sampling_img2img\hard\DF\ISIC_0027188_label-DF_strategy-hard_strength-0.45_gs-5.0_aug-003.png,0.7370185256004333,DF,0.7370185256004333,1
ISIC_0027188,DF,5,hard,0.45,5.0,100,4,505017,experiments\260526-0101_res256_sd_lora_uncond_all_seed42\sampling_img2img\hard\DF\ISIC_0027188_label-DF_strategy-hard_strength-0.45_gs-5.0_aug-004.png,0.7370185256004333,DF,0.7370185256004333,1
ISIC_0027216,DF,5,hard,0.45,5.0,100,0,500872,experiments\260526-0101_res256_sd_lora_uncond_all_seed42\sampling_img2img\hard\DF\ISIC_0027216_label-DF_strategy-hard_strength-0.45_gs-5.0_aug-000.png,0.13575275242328644,NV,0.8148111701011658,0
ISIC_0027216,DF,5,hard,0.45,5.0,100,1,501872,experiments\260526-0101_res256_sd_lora_uncond_all_seed42\sampling_img2img\hard\DF\ISIC_0027216_label-DF_strategy-hard_strength-0.45_gs-5.0_aug-001.png,0.13575275242328644,NV,0.8148111701011658,0
ISIC_0027216,DF,5,hard,0.45,5.0,100,2,502872,experiments\260526-0101_res256_sd_lora_uncond_all_seed42\sampling_img2img\hard\DF\ISIC_0027216_label-DF_strategy-hard_strength-0.45_gs-5.0_aug-002.png,0.13575275242328644,NV,0.8148111701011658,0
ISIC_0027216,DF,5,hard,0.45,5.0,100,3,503872,experiments\260526-0101_res256_sd_lora_uncond_all_seed42\sampling_img2img\hard\DF\ISIC_0027216_label-DF_strategy-hard_strength-0.45_gs-5.0_aug-003.png,0.13575275242328644,NV,0.8148111701011658,0
ISIC_0027216,DF,5,hard,0.45,5.0,100,4,504872,experiments\260526-0101_res256_sd_lora_uncond_all_seed42\sampling_img2img\hard\DF\ISIC_0027216_label-DF_strategy-hard_strength-0.45_gs-5.0_aug-004.png,0.13575275242328644,NV,0.8148111701011658,0
ISIC_0026713,VASC,6,hard,0.45,5.0,100,0,600467,experiments\260526-0101_res256_sd_lora_uncond_all_seed42\sampling_img2img\hard\VASC\ISIC_0026713_label-VASC_strategy-hard_strength-0.45_gs-5.0_aug-000.png,0.8624321818351746,VASC,0.8624321818351746,1
ISIC_0026713,VASC,6,hard,0.45,5.0,100,1,601467,experiments\260526-0101_res256_sd_lora_uncond_all_seed42\sampling_img2img\hard\VASC\ISIC_0026713_label-VASC_strategy-hard_strength-0.45_gs-5.0_aug-001.png,0.8624321818351746,VASC,0.8624321818351746,1
ISIC_0026713,VASC,6,hard,0.45,5.0,100,2,602467,experiments\260526-0101_res256_sd_lora_uncond_all_seed42\sampling_img2img\hard\VASC\ISIC_0026713_label-VASC_strategy-hard_strength-0.45_gs-5.0_aug-002.png,0.8624321818351746,VASC,0.8624321818351746,1
ISIC_0026713,VASC,6,hard,0.45,5.0,100,3,603467,experiments\260526-0101_res256_sd_lora_uncond_all_seed42\sampling_img2img\hard\VASC\ISIC_0026713_label-VASC_strategy-hard_strength-0.45_gs-5.0_aug-003.png,0.8624321818351746,VASC,0.8624321818351746,1
ISIC_0026713,VASC,6,hard,0.45,5.0,100,4,604467,experiments\260526-0101_res256_sd_lora_uncond_all_seed42\sampling_img2img\hard\VASC\ISIC_0026713_label-VASC_strategy-hard_strength-0.45_gs-5.0_aug-004.png,0.8624321818351746,VASC,0.8624321818351746,1
ISIC_0026456,VASC,6,hard,0.45,5.0,100,0,600931,experiments\260526-0101_res256_sd_lora_uncond_all_seed42\sampling_img2img\hard\VASC\ISIC_0026456_label-VASC_strategy-hard_strength-0.45_gs-5.0_aug-000.png,0.8288900256156921,VASC,0.8288900256156921,1
ISIC_0026456,VASC,6,hard,0.45,5.0,100,1,601931,experiments\260526-0101_res256_sd_lora_uncond_all_seed42\sampling_img2img\hard\VASC\ISIC_0026456_label-VASC_strategy-hard_strength-0.45_gs-5.0_aug-001.png,0.8288900256156921,VASC,0.8288900256156921,1
ISIC_0026456,VASC,6,hard,0.45,5.0,100,2,602931,experiments\260526-0101_res256_sd_lora_uncond_all_seed42\sampling_img2img\hard\VASC\ISIC_0026456_label-VASC_strategy-hard_strength-0.45_gs-5.0_aug-002.png,0.8288900256156921,VASC,0.8288900256156921,1
ISIC_0026456,VASC,6,hard,0.45,5.0,100,3,603931,experiments\260526-0101_res256_sd_lora_uncond_all_seed42\sampling_img2img\hard\VASC\ISIC_0026456_label-VASC_strategy-hard_strength-0.45_gs-5.0_aug-003.png,0.8288900256156921,VASC,0.8288900256156921,1
ISIC_0026456,VASC,6,hard,0.45,5.0,100,4,604931,experiments\260526-0101_res256_sd_lora_uncond_all_seed42\sampling_img2img\hard\VASC\ISIC_0026456_label-VASC_strategy-hard_strength-0.45_gs-5.0_aug-004.png,0.8288900256156921,VASC,0.8288900256156921,1
ISIC_0031955,VASC,6,hard,0.45,5.0,100,0,600198,experiments\260526-0101_res256_sd_lora_uncond_all_seed42\sampling_img2img\hard\VASC\ISIC_0031955_label-VASC_strategy-hard_strength-0.45_gs-5.0_aug-000.png,0.7923588156700134,VASC,0.7923588156700134,1
ISIC_0031955,VASC,6,hard,0.45,5.0,100,1,601198,experiments\260526-0101_res256_sd_lora_uncond_all_seed42\sampling_img2img\hard\VASC\ISIC_0031955_label-VASC_strategy-hard_strength-0.45_gs-5.0_aug-001.png,0.7923588156700134,VASC,0.7923588156700134,1
ISIC_0031955,VASC,6,hard,0.45,5.0,100,2,602198,experiments\260526-0101_res256_sd_lora_uncond_all_seed42\sampling_img2img\hard\VASC\ISIC_0031955_label-VASC_strategy-hard_strength-0.45_gs-5.0_aug-002.png,0.7923588156700134,VASC,0.7923588156700134,1
ISIC_0031955,VASC,6,hard,0.45,5.0,100,3,603198,experiments\260526-0101_res256_sd_lora_uncond_all_seed42\sampling_img2img\hard\VASC\ISIC_0031955_label-VASC_strategy-hard_strength-0.45_gs-5.0_aug-003.png,0.7923588156700134,VASC,0.7923588156700134,1
ISIC_0031955,VASC,6,hard,0.45,5.0,100,4,604198,experiments\260526-0101_res256_sd_lora_uncond_all_seed42\sampling_img2img\hard\VASC\ISIC_0031955_label-VASC_strategy-hard_strength-0.45_gs-5.0_aug-004.png,0.7923588156700134,VASC,0.7923588156700134,1
ISIC_0031217,VASC,6,hard,0.45,5.0,100,0,600172,experiments\260526-0101_res256_sd_lora_uncond_all_seed42\sampling_img2img\hard\VASC\ISIC_0031217_label-VASC_strategy-hard_strength-0.45_gs-5.0_aug-000.png,0.8893339037895203,VASC,0.8893339037895203,1
ISIC_0031217,VASC,6,hard,0.45,5.0,100,1,601172,experiments\260526-0101_res256_sd_lora_uncond_all_seed42\sampling_img2img\hard\VASC\ISIC_0031217_label-VASC_strategy-hard_strength-0.45_gs-5.0_aug-001.png,0.8893339037895203,VASC,0.8893339037895203,1
ISIC_0031217,VASC,6,hard,0.45,5.0,100,2,602172,experiments\260526-0101_res256_sd_lora_uncond_all_seed42\sampling_img2img\hard\VASC\ISIC_0031217_label-VASC_strategy-hard_strength-0.45_gs-5.0_aug-002.png,0.8893339037895203,VASC,0.8893339037895203,1
ISIC_0031217,VASC,6,hard,0.45,5.0,100,3,603172,experiments\260526-0101_res256_sd_lora_uncond_all_seed42\sampling_img2img\hard\VASC\ISIC_0031217_label-VASC_strategy-hard_strength-0.45_gs-5.0_aug-003.png,0.8893339037895203,VASC,0.8893339037895203,1
ISIC_0031217,VASC,6,hard,0.45,5.0,100,4,604172,experiments\260526-0101_res256_sd_lora_uncond_all_seed42\sampling_img2img\hard\VASC\ISIC_0031217_label-VASC_strategy-hard_strength-0.45_gs-5.0_aug-004.png,0.8893339037895203,VASC,0.8893339037895203,1
ISIC_0032545,VASC,6,hard,0.45,5.0,100,0,600829,experiments\260526-0101_res256_sd_lora_uncond_all_seed42\sampling_img2img\hard\VASC\ISIC_0032545_label-VASC_strategy-hard_strength-0.45_gs-5.0_aug-000.png,0.9168871641159058,VASC,0.9168871641159058,1
ISIC_0032545,VASC,6,hard,0.45,5.0,100,1,601829,experiments\260526-0101_res256_sd_lora_uncond_all_seed42\sampling_img2img\hard\VASC\ISIC_0032545_label-VASC_strategy-hard_strength-0.45_gs-5.0_aug-001.png,0.9168871641159058,VASC,0.9168871641159058,1
ISIC_0032545,VASC,6,hard,0.45,5.0,100,2,602829,experiments\260526-0101_res256_sd_lora_uncond_all_seed42\sampling_img2img\hard\VASC\ISIC_0032545_label-VASC_strategy-hard_strength-0.45_gs-5.0_aug-002.png,0.9168871641159058,VASC,0.9168871641159058,1
ISIC_0032545,VASC,6,hard,0.45,5.0,100,3,603829,experiments\260526-0101_res256_sd_lora_uncond_all_seed42\sampling_img2img\hard\VASC\ISIC_0032545_label-VASC_strategy-hard_strength-0.45_gs-5.0_aug-003.png,0.9168871641159058,VASC,0.9168871641159058,1
ISIC_0032545,VASC,6,hard,0.45,5.0,100,4,604829,experiments\260526-0101_res256_sd_lora_uncond_all_seed42\sampling_img2img\hard\VASC\ISIC_0032545_label-VASC_strategy-hard_strength-0.45_gs-5.0_aug-004.png,0.9168871641159058,VASC,0.9168871641159058,1
ISIC_0025807,VASC,6,hard,0.45,5.0,100,0,601034,experiments\260526-0101_res256_sd_lora_uncond_all_seed42\sampling_img2img\hard\VASC\ISIC_0025807_label-VASC_strategy-hard_strength-0.45_gs-5.0_aug-000.png,0.8970648646354675,VASC,0.8970648646354675,1
ISIC_0025807,VASC,6,hard,0.45,5.0,100,1,602034,experiments\260526-0101_res256_sd_lora_uncond_all_seed42\sampling_img2img\hard\VASC\ISIC_0025807_label-VASC_strategy-hard_strength-0.45_gs-5.0_aug-001.png,0.8970648646354675,VASC,0.8970648646354675,1
ISIC_0025807,VASC,6,hard,0.45,5.0,100,2,603034,experiments\260526-0101_res256_sd_lora_uncond_all_seed42\sampling_img2img\hard\VASC\ISIC_0025807_label-VASC_strategy-hard_strength-0.45_gs-5.0_aug-002.png,0.8970648646354675,VASC,0.8970648646354675,1
ISIC_0025807,VASC,6,hard,0.45,5.0,100,3,604034,experiments\260526-0101_res256_sd_lora_uncond_all_seed42\sampling_img2img\hard\VASC\ISIC_0025807_label-VASC_strategy-hard_strength-0.45_gs-5.0_aug-003.png,0.8970648646354675,VASC,0.8970648646354675,1
ISIC_0025807,VASC,6,hard,0.45,5.0,100,4,605034,experiments\260526-0101_res256_sd_lora_uncond_all_seed42\sampling_img2img\hard\VASC\ISIC_0025807_label-VASC_strategy-hard_strength-0.45_gs-5.0_aug-004.png,0.8970648646354675,VASC,0.8970648646354675,1
ISIC_0027856,VASC,6,hard,0.45,5.0,100,0,600980,experiments\260526-0101_res256_sd_lora_uncond_all_seed42\sampling_img2img\hard\VASC\ISIC_0027856_label-VASC_strategy-hard_strength-0.45_gs-5.0_aug-000.png,0.9074876308441162,VASC,0.9074876308441162,1
ISIC_0027856,VASC,6,hard,0.45,5.0,100,1,601980,experiments\260526-0101_res256_sd_lora_uncond_all_seed42\sampling_img2img\hard\VASC\ISIC_0027856_label-VASC_strategy-hard_strength-0.45_gs-5.0_aug-001.png,0.9074876308441162,VASC,0.9074876308441162,1
ISIC_0027856,VASC,6,hard,0.45,5.0,100,2,602980,experiments\260526-0101_res256_sd_lora_uncond_all_seed42\sampling_img2img\hard\VASC\ISIC_0027856_label-VASC_strategy-hard_strength-0.45_gs-5.0_aug-002.png,0.9074876308441162,VASC,0.9074876308441162,1
ISIC_0027856,VASC,6,hard,0.45,5.0,100,3,603980,experiments\260526-0101_res256_sd_lora_uncond_all_seed42\sampling_img2img\hard\VASC\ISIC_0027856_label-VASC_strategy-hard_strength-0.45_gs-5.0_aug-003.png,0.9074876308441162,VASC,0.9074876308441162,1
ISIC_0027856,VASC,6,hard,0.45,5.0,100,4,604980,experiments\260526-0101_res256_sd_lora_uncond_all_seed42\sampling_img2img\hard\VASC\ISIC_0027856_label-VASC_strategy-hard_strength-0.45_gs-5.0_aug-004.png,0.9074876308441162,VASC,0.9074876308441162,1
ISIC_0031090,VASC,6,hard,0.45,5.0,100,0,600114,experiments\260526-0101_res256_sd_lora_uncond_all_seed42\sampling_img2img\hard\VASC\ISIC_0031090_label-VASC_strategy-hard_strength-0.45_gs-5.0_aug-000.png,0.7475600242614746,VASC,0.7475600242614746,1
ISIC_0031090,VASC,6,hard,0.45,5.0,100,1,601114,experiments\260526-0101_res256_sd_lora_uncond_all_seed42\sampling_img2img\hard\VASC\ISIC_0031090_label-VASC_strategy-hard_strength-0.45_gs-5.0_aug-001.png,0.7475600242614746,VASC,0.7475600242614746,1
ISIC_0031090,VASC,6,hard,0.45,5.0,100,2,602114,experiments\260526-0101_res256_sd_lora_uncond_all_seed42\sampling_img2img\hard\VASC\ISIC_0031090_label-VASC_strategy-hard_strength-0.45_gs-5.0_aug-002.png,0.7475600242614746,VASC,0.7475600242614746,1
ISIC_0031090,VASC,6,hard,0.45,5.0,100,3,603114,experiments\260526-0101_res256_sd_lora_uncond_all_seed42\sampling_img2img\hard\VASC\ISIC_0031090_label-VASC_strategy-hard_strength-0.45_gs-5.0_aug-003.png,0.7475600242614746,VASC,0.7475600242614746,1
ISIC_0031090,VASC,6,hard,0.45,5.0,100,4,604114,experiments\260526-0101_res256_sd_lora_uncond_all_seed42\sampling_img2img\hard\VASC\ISIC_0031090_label-VASC_strategy-hard_strength-0.45_gs-5.0_aug-004.png,0.7475600242614746,VASC,0.7475600242614746,1
ISIC_0026068,VASC,6,hard,0.45,5.0,100,0,600286,experiments\260526-0101_res256_sd_lora_uncond_all_seed42\sampling_img2img\hard\VASC\ISIC_0026068_label-VASC_strategy-hard_strength-0.45_gs-5.0_aug-000.png,0.8699862957000732,VASC,0.8699862957000732,1
ISIC_0026068,VASC,6,hard,0.45,5.0,100,1,601286,experiments\260526-0101_res256_sd_lora_uncond_all_seed42\sampling_img2img\hard\VASC\ISIC_0026068_label-VASC_strategy-hard_strength-0.45_gs-5.0_aug-001.png,0.8699862957000732,VASC,0.8699862957000732,1
ISIC_0026068,VASC,6,hard,0.45,5.0,100,2,602286,experiments\260526-0101_res256_sd_lora_uncond_all_seed42\sampling_img2img\hard\VASC\ISIC_0026068_label-VASC_strategy-hard_strength-0.45_gs-5.0_aug-002.png,0.8699862957000732,VASC,0.8699862957000732,1
ISIC_0026068,VASC,6,hard,0.45,5.0,100,3,603286,experiments\260526-0101_res256_sd_lora_uncond_all_seed42\sampling_img2img\hard\VASC\ISIC_0026068_label-VASC_strategy-hard_strength-0.45_gs-5.0_aug-003.png,0.8699862957000732,VASC,0.8699862957000732,1
ISIC_0026068,VASC,6,hard,0.45,5.0,100,4,604286,experiments\260526-0101_res256_sd_lora_uncond_all_seed42\sampling_img2img\hard\VASC\ISIC_0026068_label-VASC_strategy-hard_strength-0.45_gs-5.0_aug-004.png,0.8699862957000732,VASC,0.8699862957000732,1
ISIC_0032867,VASC,6,hard,0.45,5.0,100,0,600423,experiments\260526-0101_res256_sd_lora_uncond_all_seed42\sampling_img2img\hard\VASC\ISIC_0032867_label-VASC_strategy-hard_strength-0.45_gs-5.0_aug-000.png,0.7631345987319946,VASC,0.7631345987319946,1
ISIC_0032867,VASC,6,hard,0.45,5.0,100,1,601423,experiments\260526-0101_res256_sd_lora_uncond_all_seed42\sampling_img2img\hard\VASC\ISIC_0032867_label-VASC_strategy-hard_strength-0.45_gs-5.0_aug-001.png,0.7631345987319946,VASC,0.7631345987319946,1
ISIC_0032867,VASC,6,hard,0.45,5.0,100,2,602423,experiments\260526-0101_res256_sd_lora_uncond_all_seed42\sampling_img2img\hard\VASC\ISIC_0032867_label-VASC_strategy-hard_strength-0.45_gs-5.0_aug-002.png,0.7631345987319946,VASC,0.7631345987319946,1
ISIC_0032867,VASC,6,hard,0.45,5.0,100,3,603423,experiments\260526-0101_res256_sd_lora_uncond_all_seed42\sampling_img2img\hard\VASC\ISIC_0032867_label-VASC_strategy-hard_strength-0.45_gs-5.0_aug-003.png,0.7631345987319946,VASC,0.7631345987319946,1
ISIC_0032867,VASC,6,hard,0.45,5.0,100,4,604423,experiments\260526-0101_res256_sd_lora_uncond_all_seed42\sampling_img2img\hard\VASC\ISIC_0032867_label-VASC_strategy-hard_strength-0.45_gs-5.0_aug-004.png,0.7631345987319946,VASC,0.7631345987319946,1
ISIC_0029099,VASC,6,hard,0.45,5.0,100,0,600845,experiments\260526-0101_res256_sd_lora_uncond_all_seed42\sampling_img2img\hard\VASC\ISIC_0029099_label-VASC_strategy-hard_strength-0.45_gs-5.0_aug-000.png,0.9145748019218445,VASC,0.9145748019218445,1
ISIC_0029099,VASC,6,hard,0.45,5.0,100,1,601845,experiments\260526-0101_res256_sd_lora_uncond_all_seed42\sampling_img2img\hard\VASC\ISIC_0029099_label-VASC_strategy-hard_strength-0.45_gs-5.0_aug-001.png,0.9145748019218445,VASC,0.9145748019218445,1
ISIC_0029099,VASC,6,hard,0.45,5.0,100,2,602845,experiments\260526-0101_res256_sd_lora_uncond_all_seed42\sampling_img2img\hard\VASC\ISIC_0029099_label-VASC_strategy-hard_strength-0.45_gs-5.0_aug-002.png,0.9145748019218445,VASC,0.9145748019218445,1
ISIC_0029099,VASC,6,hard,0.45,5.0,100,3,603845,experiments\260526-0101_res256_sd_lora_uncond_all_seed42\sampling_img2img\hard\VASC\ISIC_0029099_label-VASC_strategy-hard_strength-0.45_gs-5.0_aug-003.png,0.9145748019218445,VASC,0.9145748019218445,1
ISIC_0029099,VASC,6,hard,0.45,5.0,100,4,604845,experiments\260526-0101_res256_sd_lora_uncond_all_seed42\sampling_img2img\hard\VASC\ISIC_0029099_label-VASC_strategy-hard_strength-0.45_gs-5.0_aug-004.png,0.9145748019218445,VASC,0.9145748019218445,1
ISIC_0026467,VASC,6,hard,0.45,5.0,100,0,600957,experiments\260526-0101_res256_sd_lora_uncond_all_seed42\sampling_img2img\hard\VASC\ISIC_0026467_label-VASC_strategy-hard_strength-0.45_gs-5.0_aug-000.png,0.9113009572029114,VASC,0.9113009572029114,1
ISIC_0026467,VASC,6,hard,0.45,5.0,100,1,601957,experiments\260526-0101_res256_sd_lora_uncond_all_seed42\sampling_img2img\hard\VASC\ISIC_0026467_label-VASC_strategy-hard_strength-0.45_gs-5.0_aug-001.png,0.9113009572029114,VASC,0.9113009572029114,1
ISIC_0026467,VASC,6,hard,0.45,5.0,100,2,602957,experiments\260526-0101_res256_sd_lora_uncond_all_seed42\sampling_img2img\hard\VASC\ISIC_0026467_label-VASC_strategy-hard_strength-0.45_gs-5.0_aug-002.png,0.9113009572029114,VASC,0.9113009572029114,1
ISIC_0026467,VASC,6,hard,0.45,5.0,100,3,603957,experiments\260526-0101_res256_sd_lora_uncond_all_seed42\sampling_img2img\hard\VASC\ISIC_0026467_label-VASC_strategy-hard_strength-0.45_gs-5.0_aug-003.png,0.9113009572029114,VASC,0.9113009572029114,1
ISIC_0026467,VASC,6,hard,0.45,5.0,100,4,604957,experiments\260526-0101_res256_sd_lora_uncond_all_seed42\sampling_img2img\hard\VASC\ISIC_0026467_label-VASC_strategy-hard_strength-0.45_gs-5.0_aug-004.png,0.9113009572029114,VASC,0.9113009572029114,1
ISIC_0033230,VASC,6,hard,0.45,5.0,100,0,600335,experiments\260526-0101_res256_sd_lora_uncond_all_seed42\sampling_img2img\hard\VASC\ISIC_0033230_label-VASC_strategy-hard_strength-0.45_gs-5.0_aug-000.png,0.5267572999000549,VASC,0.5267572999000549,1
ISIC_0033230,VASC,6,hard,0.45,5.0,100,1,601335,experiments\260526-0101_res256_sd_lora_uncond_all_seed42\sampling_img2img\hard\VASC\ISIC_0033230_label-VASC_strategy-hard_strength-0.45_gs-5.0_aug-001.png,0.5267572999000549,VASC,0.5267572999000549,1
ISIC_0033230,VASC,6,hard,0.45,5.0,100,2,602335,experiments\260526-0101_res256_sd_lora_uncond_all_seed42\sampling_img2img\hard\VASC\ISIC_0033230_label-VASC_strategy-hard_strength-0.45_gs-5.0_aug-002.png,0.5267572999000549,VASC,0.5267572999000549,1
ISIC_0033230,VASC,6,hard,0.45,5.0,100,3,603335,experiments\260526-0101_res256_sd_lora_uncond_all_seed42\sampling_img2img\hard\VASC\ISIC_0033230_label-VASC_strategy-hard_strength-0.45_gs-5.0_aug-003.png,0.5267572999000549,VASC,0.5267572999000549,1
ISIC_0033230,VASC,6,hard,0.45,5.0,100,4,604335,experiments\260526-0101_res256_sd_lora_uncond_all_seed42\sampling_img2img\hard\VASC\ISIC_0033230_label-VASC_strategy-hard_strength-0.45_gs-5.0_aug-004.png,0.5267572999000549,VASC,0.5267572999000549,1
ISIC_0031901,VASC,6,hard,0.45,5.0,100,0,600092,experiments\260526-0101_res256_sd_lora_uncond_all_seed42\sampling_img2img\hard\VASC\ISIC_0031901_label-VASC_strategy-hard_strength-0.45_gs-5.0_aug-000.png,0.6522544026374817,VASC,0.6522544026374817,1
ISIC_0031901,VASC,6,hard,0.45,5.0,100,1,601092,experiments\260526-0101_res256_sd_lora_uncond_all_seed42\sampling_img2img\hard\VASC\ISIC_0031901_label-VASC_strategy-hard_strength-0.45_gs-5.0_aug-001.png,0.6522544026374817,VASC,0.6522544026374817,1
ISIC_0031901,VASC,6,hard,0.45,5.0,100,2,602092,experiments\260526-0101_res256_sd_lora_uncond_all_seed42\sampling_img2img\hard\VASC\ISIC_0031901_label-VASC_strategy-hard_strength-0.45_gs-5.0_aug-002.png,0.6522544026374817,VASC,0.6522544026374817,1
ISIC_0031901,VASC,6,hard,0.45,5.0,100,3,603092,experiments\260526-0101_res256_sd_lora_uncond_all_seed42\sampling_img2img\hard\VASC\ISIC_0031901_label-VASC_strategy-hard_strength-0.45_gs-5.0_aug-003.png,0.6522544026374817,VASC,0.6522544026374817,1
ISIC_0031901,VASC,6,hard,0.45,5.0,100,4,604092,experiments\260526-0101_res256_sd_lora_uncond_all_seed42\sampling_img2img\hard\VASC\ISIC_0031901_label-VASC_strategy-hard_strength-0.45_gs-5.0_aug-004.png,0.6522544026374817,VASC,0.6522544026374817,1
ISIC_0025250,VASC,6,hard,0.45,5.0,100,0,600803,experiments\260526-0101_res256_sd_lora_uncond_all_seed42\sampling_img2img\hard\VASC\ISIC_0025250_label-VASC_strategy-hard_strength-0.45_gs-5.0_aug-000.png,0.8298132419586182,VASC,0.8298132419586182,1
ISIC_0025250,VASC,6,hard,0.45,5.0,100,1,601803,experiments\260526-0101_res256_sd_lora_uncond_all_seed42\sampling_img2img\hard\VASC\ISIC_0025250_label-VASC_strategy-hard_strength-0.45_gs-5.0_aug-001.png,0.8298132419586182,VASC,0.8298132419586182,1
ISIC_0025250,VASC,6,hard,0.45,5.0,100,2,602803,experiments\260526-0101_res256_sd_lora_uncond_all_seed42\sampling_img2img\hard\VASC\ISIC_0025250_label-VASC_strategy-hard_strength-0.45_gs-5.0_aug-002.png,0.8298132419586182,VASC,0.8298132419586182,1
ISIC_0025250,VASC,6,hard,0.45,5.0,100,3,603803,experiments\260526-0101_res256_sd_lora_uncond_all_seed42\sampling_img2img\hard\VASC\ISIC_0025250_label-VASC_strategy-hard_strength-0.45_gs-5.0_aug-003.png,0.8298132419586182,VASC,0.8298132419586182,1
ISIC_0025250,VASC,6,hard,0.45,5.0,100,4,604803,experiments\260526-0101_res256_sd_lora_uncond_all_seed42\sampling_img2img\hard\VASC\ISIC_0025250_label-VASC_strategy-hard_strength-0.45_gs-5.0_aug-004.png,0.8298132419586182,VASC,0.8298132419586182,1
ISIC_0030070,VASC,6,hard,0.45,5.0,100,0,600649,experiments\260526-0101_res256_sd_lora_uncond_all_seed42\sampling_img2img\hard\VASC\ISIC_0030070_label-VASC_strategy-hard_strength-0.45_gs-5.0_aug-000.png,0.8948374390602112,VASC,0.8948374390602112,1
ISIC_0030070,VASC,6,hard,0.45,5.0,100,1,601649,experiments\260526-0101_res256_sd_lora_uncond_all_seed42\sampling_img2img\hard\VASC\ISIC_0030070_label-VASC_strategy-hard_strength-0.45_gs-5.0_aug-001.png,0.8948374390602112,VASC,0.8948374390602112,1
ISIC_0030070,VASC,6,hard,0.45,5.0,100,2,602649,experiments\260526-0101_res256_sd_lora_uncond_all_seed42\sampling_img2img\hard\VASC\ISIC_0030070_label-VASC_strategy-hard_strength-0.45_gs-5.0_aug-002.png,0.8948374390602112,VASC,0.8948374390602112,1
ISIC_0030070,VASC,6,hard,0.45,5.0,100,3,603649,experiments\260526-0101_res256_sd_lora_uncond_all_seed42\sampling_img2img\hard\VASC\ISIC_0030070_label-VASC_strategy-hard_strength-0.45_gs-5.0_aug-003.png,0.8948374390602112,VASC,0.8948374390602112,1
ISIC_0030070,VASC,6,hard,0.45,5.0,100,4,604649,experiments\260526-0101_res256_sd_lora_uncond_all_seed42\sampling_img2img\hard\VASC\ISIC_0030070_label-VASC_strategy-hard_strength-0.45_gs-5.0_aug-004.png,0.8948374390602112,VASC,0.8948374390602112,1
ISIC_0024475,VASC,6,hard,0.45,5.0,100,0,600643,experiments\260526-0101_res256_sd_lora_uncond_all_seed42\sampling_img2img\hard\VASC\ISIC_0024475_label-VASC_strategy-hard_strength-0.45_gs-5.0_aug-000.png,0.727895200252533,VASC,0.727895200252533,1
ISIC_0024475,VASC,6,hard,0.45,5.0,100,1,601643,experiments\260526-0101_res256_sd_lora_uncond_all_seed42\sampling_img2img\hard\VASC\ISIC_0024475_label-VASC_strategy-hard_strength-0.45_gs-5.0_aug-001.png,0.727895200252533,VASC,0.727895200252533,1
ISIC_0024475,VASC,6,hard,0.45,5.0,100,2,602643,experiments\260526-0101_res256_sd_lora_uncond_all_seed42\sampling_img2img\hard\VASC\ISIC_0024475_label-VASC_strategy-hard_strength-0.45_gs-5.0_aug-002.png,0.727895200252533,VASC,0.727895200252533,1
ISIC_0024475,VASC,6,hard,0.45,5.0,100,3,603643,experiments\260526-0101_res256_sd_lora_uncond_all_seed42\sampling_img2img\hard\VASC\ISIC_0024475_label-VASC_strategy-hard_strength-0.45_gs-5.0_aug-003.png,0.727895200252533,VASC,0.727895200252533,1
ISIC_0024475,VASC,6,hard,0.45,5.0,100,4,604643,experiments\260526-0101_res256_sd_lora_uncond_all_seed42\sampling_img2img\hard\VASC\ISIC_0024475_label-VASC_strategy-hard_strength-0.45_gs-5.0_aug-004.png,0.727895200252533,VASC,0.727895200252533,1
ISIC_0029889,VASC,6,hard,0.45,5.0,100,0,600660,experiments\260526-0101_res256_sd_lora_uncond_all_seed42\sampling_img2img\hard\VASC\ISIC_0029889_label-VASC_strategy-hard_strength-0.45_gs-5.0_aug-000.png,0.7799361348152161,VASC,0.7799361348152161,1
ISIC_0029889,VASC,6,hard,0.45,5.0,100,1,601660,experiments\260526-0101_res256_sd_lora_uncond_all_seed42\sampling_img2img\hard\VASC\ISIC_0029889_label-VASC_strategy-hard_strength-0.45_gs-5.0_aug-001.png,0.7799361348152161,VASC,0.7799361348152161,1
ISIC_0029889,VASC,6,hard,0.45,5.0,100,2,602660,experiments\260526-0101_res256_sd_lora_uncond_all_seed42\sampling_img2img\hard\VASC\ISIC_0029889_label-VASC_strategy-hard_strength-0.45_gs-5.0_aug-002.png,0.7799361348152161,VASC,0.7799361348152161,1
ISIC_0029889,VASC,6,hard,0.45,5.0,100,3,603660,experiments\260526-0101_res256_sd_lora_uncond_all_seed42\sampling_img2img\hard\VASC\ISIC_0029889_label-VASC_strategy-hard_strength-0.45_gs-5.0_aug-003.png,0.7799361348152161,VASC,0.7799361348152161,1
ISIC_0029889,VASC,6,hard,0.45,5.0,100,4,604660,experiments\260526-0101_res256_sd_lora_uncond_all_seed42\sampling_img2img\hard\VASC\ISIC_0029889_label-VASC_strategy-hard_strength-0.45_gs-5.0_aug-004.png,0.7799361348152161,VASC,0.7799361348152161,1
ISIC_0031346,VASC,6,hard,0.45,5.0,100,0,600492,experiments\260526-0101_res256_sd_lora_uncond_all_seed42\sampling_img2img\hard\VASC\ISIC_0031346_label-VASC_strategy-hard_strength-0.45_gs-5.0_aug-000.png,0.5724173188209534,VASC,0.5724173188209534,1
ISIC_0031346,VASC,6,hard,0.45,5.0,100,1,601492,experiments\260526-0101_res256_sd_lora_uncond_all_seed42\sampling_img2img\hard\VASC\ISIC_0031346_label-VASC_strategy-hard_strength-0.45_gs-5.0_aug-001.png,0.5724173188209534,VASC,0.5724173188209534,1
ISIC_0031346,VASC,6,hard,0.45,5.0,100,2,602492,experiments\260526-0101_res256_sd_lora_uncond_all_seed42\sampling_img2img\hard\VASC\ISIC_0031346_label-VASC_strategy-hard_strength-0.45_gs-5.0_aug-002.png,0.5724173188209534,VASC,0.5724173188209534,1
ISIC_0031346,VASC,6,hard,0.45,5.0,100,3,603492,experiments\260526-0101_res256_sd_lora_uncond_all_seed42\sampling_img2img\hard\VASC\ISIC_0031346_label-VASC_strategy-hard_strength-0.45_gs-5.0_aug-003.png,0.5724173188209534,VASC,0.5724173188209534,1
ISIC_0031346,VASC,6,hard,0.45,5.0,100,4,604492,experiments\260526-0101_res256_sd_lora_uncond_all_seed42\sampling_img2img\hard\VASC\ISIC_0031346_label-VASC_strategy-hard_strength-0.45_gs-5.0_aug-004.png,0.5724173188209534,VASC,0.5724173188209534,1
ISIC_0033458,VASC,6,hard,0.45,5.0,100,0,600263,experiments\260526-0101_res256_sd_lora_uncond_all_seed42\sampling_img2img\hard\VASC\ISIC_0033458_label-VASC_strategy-hard_strength-0.45_gs-5.0_aug-000.png,0.918202817440033,VASC,0.918202817440033,1
ISIC_0033458,VASC,6,hard,0.45,5.0,100,1,601263,experiments\260526-0101_res256_sd_lora_uncond_all_seed42\sampling_img2img\hard\VASC\ISIC_0033458_label-VASC_strategy-hard_strength-0.45_gs-5.0_aug-001.png,0.918202817440033,VASC,0.918202817440033,1
ISIC_0033458,VASC,6,hard,0.45,5.0,100,2,602263,experiments\260526-0101_res256_sd_lora_uncond_all_seed42\sampling_img2img\hard\VASC\ISIC_0033458_label-VASC_strategy-hard_strength-0.45_gs-5.0_aug-002.png,0.918202817440033,VASC,0.918202817440033,1
ISIC_0033458,VASC,6,hard,0.45,5.0,100,3,603263,experiments\260526-0101_res256_sd_lora_uncond_all_seed42\sampling_img2img\hard\VASC\ISIC_0033458_label-VASC_strategy-hard_strength-0.45_gs-5.0_aug-003.png,0.918202817440033,VASC,0.918202817440033,1
ISIC_0033458,VASC,6,hard,0.45,5.0,100,4,604263,experiments\260526-0101_res256_sd_lora_uncond_all_seed42\sampling_img2img\hard\VASC\ISIC_0033458_label-VASC_strategy-hard_strength-0.45_gs-5.0_aug-004.png,0.918202817440033,VASC,0.918202817440033,1
ISIC_0029486,VASC,6,hard,0.45,5.0,100,0,600775,experiments\260526-0101_res256_sd_lora_uncond_all_seed42\sampling_img2img\hard\VASC\ISIC_0029486_label-VASC_strategy-hard_strength-0.45_gs-5.0_aug-000.png,0.6058010458946228,VASC,0.6058010458946228,1
ISIC_0029486,VASC,6,hard,0.45,5.0,100,1,601775,experiments\260526-0101_res256_sd_lora_uncond_all_seed42\sampling_img2img\hard\VASC\ISIC_0029486_label-VASC_strategy-hard_strength-0.45_gs-5.0_aug-001.png,0.6058010458946228,VASC,0.6058010458946228,1
ISIC_0029486,VASC,6,hard,0.45,5.0,100,2,602775,experiments\260526-0101_res256_sd_lora_uncond_all_seed42\sampling_img2img\hard\VASC\ISIC_0029486_label-VASC_strategy-hard_strength-0.45_gs-5.0_aug-002.png,0.6058010458946228,VASC,0.6058010458946228,1
ISIC_0029486,VASC,6,hard,0.45,5.0,100,3,603775,experiments\260526-0101_res256_sd_lora_uncond_all_seed42\sampling_img2img\hard\VASC\ISIC_0029486_label-VASC_strategy-hard_strength-0.45_gs-5.0_aug-003.png,0.6058010458946228,VASC,0.6058010458946228,1
ISIC_0029486,VASC,6,hard,0.45,5.0,100,4,604775,experiments\260526-0101_res256_sd_lora_uncond_all_seed42\sampling_img2img\hard\VASC\ISIC_0029486_label-VASC_strategy-hard_strength-0.45_gs-5.0_aug-004.png,0.6058010458946228,VASC,0.6058010458946228,1
ISIC_0025425,VASC,6,hard,0.45,5.0,100,0,600706,experiments\260526-0101_res256_sd_lora_uncond_all_seed42\sampling_img2img\hard\VASC\ISIC_0025425_label-VASC_strategy-hard_strength-0.45_gs-5.0_aug-000.png,0.7088685631752014,VASC,0.7088685631752014,1
ISIC_0025425,VASC,6,hard,0.45,5.0,100,1,601706,experiments\260526-0101_res256_sd_lora_uncond_all_seed42\sampling_img2img\hard\VASC\ISIC_0025425_label-VASC_strategy-hard_strength-0.45_gs-5.0_aug-001.png,0.7088685631752014,VASC,0.7088685631752014,1
ISIC_0025425,VASC,6,hard,0.45,5.0,100,2,602706,experiments\260526-0101_res256_sd_lora_uncond_all_seed42\sampling_img2img\hard\VASC\ISIC_0025425_label-VASC_strategy-hard_strength-0.45_gs-5.0_aug-002.png,0.7088685631752014,VASC,0.7088685631752014,1
ISIC_0025425,VASC,6,hard,0.45,5.0,100,3,603706,experiments\260526-0101_res256_sd_lora_uncond_all_seed42\sampling_img2img\hard\VASC\ISIC_0025425_label-VASC_strategy-hard_strength-0.45_gs-5.0_aug-003.png,0.7088685631752014,VASC,0.7088685631752014,1
ISIC_0025425,VASC,6,hard,0.45,5.0,100,4,604706,experiments\260526-0101_res256_sd_lora_uncond_all_seed42\sampling_img2img\hard\VASC\ISIC_0025425_label-VASC_strategy-hard_strength-0.45_gs-5.0_aug-004.png,0.7088685631752014,VASC,0.7088685631752014,1
ISIC_0030770,VASC,6,hard,0.45,5.0,100,0,600508,experiments\260526-0101_res256_sd_lora_uncond_all_seed42\sampling_img2img\hard\VASC\ISIC_0030770_label-VASC_strategy-hard_strength-0.45_gs-5.0_aug-000.png,0.7204895615577698,VASC,0.7204895615577698,1
ISIC_0030770,VASC,6,hard,0.45,5.0,100,1,601508,experiments\260526-0101_res256_sd_lora_uncond_all_seed42\sampling_img2img\hard\VASC\ISIC_0030770_label-VASC_strategy-hard_strength-0.45_gs-5.0_aug-001.png,0.7204895615577698,VASC,0.7204895615577698,1
ISIC_0030770,VASC,6,hard,0.45,5.0,100,2,602508,experiments\260526-0101_res256_sd_lora_uncond_all_seed42\sampling_img2img\hard\VASC\ISIC_0030770_label-VASC_strategy-hard_strength-0.45_gs-5.0_aug-002.png,0.7204895615577698,VASC,0.7204895615577698,1
ISIC_0030770,VASC,6,hard,0.45,5.0,100,3,603508,experiments\260526-0101_res256_sd_lora_uncond_all_seed42\sampling_img2img\hard\VASC\ISIC_0030770_label-VASC_strategy-hard_strength-0.45_gs-5.0_aug-003.png,0.7204895615577698,VASC,0.7204895615577698,1
ISIC_0030770,VASC,6,hard,0.45,5.0,100,4,604508,experiments\260526-0101_res256_sd_lora_uncond_all_seed42\sampling_img2img\hard\VASC\ISIC_0030770_label-VASC_strategy-hard_strength-0.45_gs-5.0_aug-004.png,0.7204895615577698,VASC,0.7204895615577698,1
ISIC_0025578,VASC,6,hard,0.45,5.0,100,0,600458,experiments\260526-0101_res256_sd_lora_uncond_all_seed42\sampling_img2img\hard\VASC\ISIC_0025578_label-VASC_strategy-hard_strength-0.45_gs-5.0_aug-000.png,0.902218759059906,VASC,0.902218759059906,1
ISIC_0025578,VASC,6,hard,0.45,5.0,100,1,601458,experiments\260526-0101_res256_sd_lora_uncond_all_seed42\sampling_img2img\hard\VASC\ISIC_0025578_label-VASC_strategy-hard_strength-0.45_gs-5.0_aug-001.png,0.902218759059906,VASC,0.902218759059906,1
ISIC_0025578,VASC,6,hard,0.45,5.0,100,2,602458,experiments\260526-0101_res256_sd_lora_uncond_all_seed42\sampling_img2img\hard\VASC\ISIC_0025578_label-VASC_strategy-hard_strength-0.45_gs-5.0_aug-002.png,0.902218759059906,VASC,0.902218759059906,1
ISIC_0025578,VASC,6,hard,0.45,5.0,100,3,603458,experiments\260526-0101_res256_sd_lora_uncond_all_seed42\sampling_img2img\hard\VASC\ISIC_0025578_label-VASC_strategy-hard_strength-0.45_gs-5.0_aug-003.png,0.902218759059906,VASC,0.902218759059906,1
ISIC_0025578,VASC,6,hard,0.45,5.0,100,4,604458,experiments\260526-0101_res256_sd_lora_uncond_all_seed42\sampling_img2img\hard\VASC\ISIC_0025578_label-VASC_strategy-hard_strength-0.45_gs-5.0_aug-004.png,0.902218759059906,VASC,0.902218759059906,1
ISIC_0031950,VASC,6,hard,0.45,5.0,100,0,600941,experiments\260526-0101_res256_sd_lora_uncond_all_seed42\sampling_img2img\hard\VASC\ISIC_0031950_label-VASC_strategy-hard_strength-0.45_gs-5.0_aug-000.png,0.8695845007896423,VASC,0.8695845007896423,1
ISIC_0031950,VASC,6,hard,0.45,5.0,100,1,601941,experiments\260526-0101_res256_sd_lora_uncond_all_seed42\sampling_img2img\hard\VASC\ISIC_0031950_label-VASC_strategy-hard_strength-0.45_gs-5.0_aug-001.png,0.8695845007896423,VASC,0.8695845007896423,1
ISIC_0031950,VASC,6,hard,0.45,5.0,100,2,602941,experiments\260526-0101_res256_sd_lora_uncond_all_seed42\sampling_img2img\hard\VASC\ISIC_0031950_label-VASC_strategy-hard_strength-0.45_gs-5.0_aug-002.png,0.8695845007896423,VASC,0.8695845007896423,1
ISIC_0031950,VASC,6,hard,0.45,5.0,100,3,603941,experiments\260526-0101_res256_sd_lora_uncond_all_seed42\sampling_img2img\hard\VASC\ISIC_0031950_label-VASC_strategy-hard_strength-0.45_gs-5.0_aug-003.png,0.8695845007896423,VASC,0.8695845007896423,1
ISIC_0031950,VASC,6,hard,0.45,5.0,100,4,604941,experiments\260526-0101_res256_sd_lora_uncond_all_seed42\sampling_img2img\hard\VASC\ISIC_0031950_label-VASC_strategy-hard_strength-0.45_gs-5.0_aug-004.png,0.8695845007896423,VASC,0.8695845007896423,1
ISIC_0032538,VASC,6,hard,0.45,5.0,100,0,600511,experiments\260526-0101_res256_sd_lora_uncond_all_seed42\sampling_img2img\hard\VASC\ISIC_0032538_label-VASC_strategy-hard_strength-0.45_gs-5.0_aug-000.png,0.9070591330528259,VASC,0.9070591330528259,1
ISIC_0032538,VASC,6,hard,0.45,5.0,100,1,601511,experiments\260526-0101_res256_sd_lora_uncond_all_seed42\sampling_img2img\hard\VASC\ISIC_0032538_label-VASC_strategy-hard_strength-0.45_gs-5.0_aug-001.png,0.9070591330528259,VASC,0.9070591330528259,1
ISIC_0032538,VASC,6,hard,0.45,5.0,100,2,602511,experiments\260526-0101_res256_sd_lora_uncond_all_seed42\sampling_img2img\hard\VASC\ISIC_0032538_label-VASC_strategy-hard_strength-0.45_gs-5.0_aug-002.png,0.9070591330528259,VASC,0.9070591330528259,1
ISIC_0032538,VASC,6,hard,0.45,5.0,100,3,603511,experiments\260526-0101_res256_sd_lora_uncond_all_seed42\sampling_img2img\hard\VASC\ISIC_0032538_label-VASC_strategy-hard_strength-0.45_gs-5.0_aug-003.png,0.9070591330528259,VASC,0.9070591330528259,1
ISIC_0032538,VASC,6,hard,0.45,5.0,100,4,604511,experiments\260526-0101_res256_sd_lora_uncond_all_seed42\sampling_img2img\hard\VASC\ISIC_0032538_label-VASC_strategy-hard_strength-0.45_gs-5.0_aug-004.png,0.9070591330528259,VASC,0.9070591330528259,1
ISIC_0027563,VASC,6,hard,0.45,5.0,100,0,600198,experiments\260526-0101_res256_sd_lora_uncond_all_seed42\sampling_img2img\hard\VASC\ISIC_0027563_label-VASC_strategy-hard_strength-0.45_gs-5.0_aug-000.png,0.8669145703315735,VASC,0.8669145703315735,1
ISIC_0027563,VASC,6,hard,0.45,5.0,100,1,601198,experiments\260526-0101_res256_sd_lora_uncond_all_seed42\sampling_img2img\hard\VASC\ISIC_0027563_label-VASC_strategy-hard_strength-0.45_gs-5.0_aug-001.png,0.8669145703315735,VASC,0.8669145703315735,1
ISIC_0027563,VASC,6,hard,0.45,5.0,100,2,602198,experiments\260526-0101_res256_sd_lora_uncond_all_seed42\sampling_img2img\hard\VASC\ISIC_0027563_label-VASC_strategy-hard_strength-0.45_gs-5.0_aug-002.png,0.8669145703315735,VASC,0.8669145703315735,1
ISIC_0027563,VASC,6,hard,0.45,5.0,100,3,603198,experiments\260526-0101_res256_sd_lora_uncond_all_seed42\sampling_img2img\hard\VASC\ISIC_0027563_label-VASC_strategy-hard_strength-0.45_gs-5.0_aug-003.png,0.8669145703315735,VASC,0.8669145703315735,1
ISIC_0027563,VASC,6,hard,0.45,5.0,100,4,604198,experiments\260526-0101_res256_sd_lora_uncond_all_seed42\sampling_img2img\hard\VASC\ISIC_0027563_label-VASC_strategy-hard_strength-0.45_gs-5.0_aug-004.png,0.8669145703315735,VASC,0.8669145703315735,1
ISIC_0028146,VASC,6,hard,0.45,5.0,100,0,600106,experiments\260526-0101_res256_sd_lora_uncond_all_seed42\sampling_img2img\hard\VASC\ISIC_0028146_label-VASC_strategy-hard_strength-0.45_gs-5.0_aug-000.png,0.9062723517417908,VASC,0.9062723517417908,1
ISIC_0028146,VASC,6,hard,0.45,5.0,100,1,601106,experiments\260526-0101_res256_sd_lora_uncond_all_seed42\sampling_img2img\hard\VASC\ISIC_0028146_label-VASC_strategy-hard_strength-0.45_gs-5.0_aug-001.png,0.9062723517417908,VASC,0.9062723517417908,1
ISIC_0028146,VASC,6,hard,0.45,5.0,100,2,602106,experiments\260526-0101_res256_sd_lora_uncond_all_seed42\sampling_img2img\hard\VASC\ISIC_0028146_label-VASC_strategy-hard_strength-0.45_gs-5.0_aug-002.png,0.9062723517417908,VASC,0.9062723517417908,1
ISIC_0028146,VASC,6,hard,0.45,5.0,100,3,603106,experiments\260526-0101_res256_sd_lora_uncond_all_seed42\sampling_img2img\hard\VASC\ISIC_0028146_label-VASC_strategy-hard_strength-0.45_gs-5.0_aug-003.png,0.9062723517417908,VASC,0.9062723517417908,1
ISIC_0028146,VASC,6,hard,0.45,5.0,100,4,604106,experiments\260526-0101_res256_sd_lora_uncond_all_seed42\sampling_img2img\hard\VASC\ISIC_0028146_label-VASC_strategy-hard_strength-0.45_gs-5.0_aug-004.png,0.9062723517417908,VASC,0.9062723517417908,1
ISIC_0032839,VASC,6,hard,0.45,5.0,100,0,600589,experiments\260526-0101_res256_sd_lora_uncond_all_seed42\sampling_img2img\hard\VASC\ISIC_0032839_label-VASC_strategy-hard_strength-0.45_gs-5.0_aug-000.png,0.9107339382171631,VASC,0.9107339382171631,1
ISIC_0032839,VASC,6,hard,0.45,5.0,100,1,601589,experiments\260526-0101_res256_sd_lora_uncond_all_seed42\sampling_img2img\hard\VASC\ISIC_0032839_label-VASC_strategy-hard_strength-0.45_gs-5.0_aug-001.png,0.9107339382171631,VASC,0.9107339382171631,1
ISIC_0032839,VASC,6,hard,0.45,5.0,100,2,602589,experiments\260526-0101_res256_sd_lora_uncond_all_seed42\sampling_img2img\hard\VASC\ISIC_0032839_label-VASC_strategy-hard_strength-0.45_gs-5.0_aug-002.png,0.9107339382171631,VASC,0.9107339382171631,1
ISIC_0032839,VASC,6,hard,0.45,5.0,100,3,603589,experiments\260526-0101_res256_sd_lora_uncond_all_seed42\sampling_img2img\hard\VASC\ISIC_0032839_label-VASC_strategy-hard_strength-0.45_gs-5.0_aug-003.png,0.9107339382171631,VASC,0.9107339382171631,1
ISIC_0032839,VASC,6,hard,0.45,5.0,100,4,604589,experiments\260526-0101_res256_sd_lora_uncond_all_seed42\sampling_img2img\hard\VASC\ISIC_0032839_label-VASC_strategy-hard_strength-0.45_gs-5.0_aug-004.png,0.9107339382171631,VASC,0.9107339382171631,1
ISIC_0024747,VASC,6,hard,0.45,5.0,100,0,600920,experiments\260526-0101_res256_sd_lora_uncond_all_seed42\sampling_img2img\hard\VASC\ISIC_0024747_label-VASC_strategy-hard_strength-0.45_gs-5.0_aug-000.png,0.9127646088600159,VASC,0.9127646088600159,1
ISIC_0024747,VASC,6,hard,0.45,5.0,100,1,601920,experiments\260526-0101_res256_sd_lora_uncond_all_seed42\sampling_img2img\hard\VASC\ISIC_0024747_label-VASC_strategy-hard_strength-0.45_gs-5.0_aug-001.png,0.9127646088600159,VASC,0.9127646088600159,1
ISIC_0024747,VASC,6,hard,0.45,5.0,100,2,602920,experiments\260526-0101_res256_sd_lora_uncond_all_seed42\sampling_img2img\hard\VASC\ISIC_0024747_label-VASC_strategy-hard_strength-0.45_gs-5.0_aug-002.png,0.9127646088600159,VASC,0.9127646088600159,1
ISIC_0024747,VASC,6,hard,0.45,5.0,100,3,603920,experiments\260526-0101_res256_sd_lora_uncond_all_seed42\sampling_img2img\hard\VASC\ISIC_0024747_label-VASC_strategy-hard_strength-0.45_gs-5.0_aug-003.png,0.9127646088600159,VASC,0.9127646088600159,1
ISIC_0024747,VASC,6,hard,0.45,5.0,100,4,604920,experiments\260526-0101_res256_sd_lora_uncond_all_seed42\sampling_img2img\hard\VASC\ISIC_0024747_label-VASC_strategy-hard_strength-0.45_gs-5.0_aug-004.png,0.9127646088600159,VASC,0.9127646088600159,1
