{
    "epoch": 59,
    "num_classes": 7,
    "class_names": [
        "MEL",
        "NV",
        "BCC",
        "AKIEC",
        "BKL",
        "DF",
        "VASC"
    ],
    "per_class": {
        "MEL": {
            "fpr": [
                0.0,
                0.0,
                0.0,
                0.005813953488372093,
                0.005813953488372093,
                0.011627906976744186,
                0.011627906976744186,
                0.023255813953488372,
                0.023255813953488372,
                0.03488372093023256,
                0.03488372093023256,
                0.040697674418604654,
                0.040697674418604654,
                0.05232558139534884,
                0.05232558139534884,
                0.06395348837209303,
                0.06395348837209303,
                0.0872093023255814,
                0.0872093023255814,
                0.09302325581395349,
                0.09302325581395349,
                0.13372093023255813,
                0.13372093023255813,
                0.1569767441860465,
                0.1569767441860465,
                0.20348837209302326,
                0.20348837209302326,
                0.20930232558139536,
                0.20930232558139536,
                0.21511627906976744,
                0.21511627906976744,
                0.23255813953488372,
                0.23255813953488372,
                1.0
            ],
            "tpr": [
                0.0,
                0.047619047619047616,
                0.14285714285714285,
                0.14285714285714285,
                0.19047619047619047,
                0.19047619047619047,
                0.23809523809523808,
                0.23809523809523808,
                0.2857142857142857,
                0.2857142857142857,
                0.3333333333333333,
                0.3333333333333333,
                0.42857142857142855,
                0.42857142857142855,
                0.47619047619047616,
                0.47619047619047616,
                0.5238095238095238,
                0.5238095238095238,
                0.6190476190476191,
                0.6190476190476191,
                0.6666666666666666,
                0.6666666666666666,
                0.7142857142857143,
                0.7142857142857143,
                0.7619047619047619,
                0.7619047619047619,
                0.8095238095238095,
                0.8095238095238095,
                0.8571428571428571,
                0.8571428571428571,
                0.9523809523809523,
                0.9523809523809523,
                1.0,
                1.0
            ],
            "auc": 0.9091915836101883
        },
        "NV": {
            "fpr": [
                0.0,
                0.0,
                0.0,
                0.02857142857142857,
                0.02857142857142857,
                0.04285714285714286,
                0.04285714285714286,
                0.05714285714285714,
                0.05714285714285714,
                0.07142857142857142,
                0.07142857142857142,
                0.08571428571428572,
                0.08571428571428572,
                0.11428571428571428,
                0.11428571428571428,
                0.14285714285714285,
                0.14285714285714285,
                0.15714285714285714,
                0.15714285714285714,
                0.2,
                0.2,
                0.21428571428571427,
                0.21428571428571427,
                0.3,
                0.3,
                0.5142857142857142,
                0.5142857142857142,
                0.5285714285714286,
                0.5285714285714286,
                0.5571428571428572,
                0.5571428571428572,
                0.5857142857142857,
                0.5857142857142857,
                0.6714285714285714,
                0.6714285714285714,
                1.0
            ],
            "tpr": [
                0.0,
                0.008130081300813009,
                0.7642276422764228,
                0.7642276422764228,
                0.7886178861788617,
                0.7886178861788617,
                0.7967479674796748,
                0.7967479674796748,
                0.8373983739837398,
                0.8373983739837398,
                0.8455284552845529,
                0.8455284552845529,
                0.8536585365853658,
                0.8536585365853658,
                0.8699186991869918,
                0.8699186991869918,
                0.8861788617886179,
                0.8861788617886179,
                0.9105691056910569,
                0.9105691056910569,
                0.9186991869918699,
                0.9186991869918699,
                0.926829268292683,
                0.926829268292683,
                0.9349593495934959,
                0.9349593495934959,
                0.9512195121951219,
                0.9512195121951219,
                0.975609756097561,
                0.975609756097561,
                0.983739837398374,
                0.983739837398374,
                0.991869918699187,
                0.991869918699187,
                1.0,
                1.0
            ],
            "auc": 0.9455284552845529
        },
        "BCC": {
            "fpr": [
                0.0,
                0.0,
                0.0,
                0.0056179775280898875,
                0.0056179775280898875,
                0.016853932584269662,
                0.016853932584269662,
                0.02247191011235955,
                0.02247191011235955,
                0.028089887640449437,
                0.028089887640449437,
                0.03932584269662921,
                0.03932584269662921,
                1.0
            ],
            "tpr": [
                0.0,
                0.06666666666666667,
                0.2,
                0.2,
                0.6,
                0.6,
                0.7333333333333333,
                0.7333333333333333,
                0.8,
                0.8,
                0.9333333333333333,
                0.9333333333333333,
                1.0,
                1.0
            ],
            "auc": 0.9876404494382023
        },
        "AKIEC": {
            "fpr": [
                0.0,
                0.005405405405405406,
                0.03783783783783784,
                0.03783783783783784,
                0.05405405405405406,
                0.05405405405405406,
                0.08108108108108109,
                0.08108108108108109,
                0.0918918918918919,
                0.0918918918918919,
                0.11891891891891893,
                0.11891891891891893,
                0.15675675675675677,
                0.15675675675675677,
                0.1891891891891892,
                0.1891891891891892,
                0.24324324324324326,
                0.24324324324324326,
                1.0
            ],
            "tpr": [
                0.0,
                0.0,
                0.0,
                0.125,
                0.125,
                0.25,
                0.25,
                0.375,
                0.375,
                0.5,
                0.5,
                0.625,
                0.625,
                0.75,
                0.75,
                0.875,
                0.875,
                1.0,
                1.0
            ],
            "auc": 0.8783783783783784
        },