{
    "epoch": 11,
    "num_classes": 7,
    "class_names": [
        "MEL",
        "NV",
        "BCC",
        "AKIEC",
        "BKL",
        "DF",
        "VASC"
    ],
    "per_class": {
        "MEL": {
            "fpr": [
                0.0,
                0.0,
                0.0,
                0.011627906976744186,
                0.011627906976744186,
                0.023255813953488372,
                0.023255813953488372,
                0.029069767441860465,
                0.029069767441860465,
                0.03488372093023256,
                0.03488372093023256,
                0.040697674418604654,
                0.040697674418604654,
                0.046511627906976744,
                0.046511627906976744,
                0.08139534883720931,
                0.08139534883720931,
                0.0872093023255814,
                0.0872093023255814,
                0.09302325581395349,
                0.09302325581395349,
                0.23255813953488372,
                0.23255813953488372,
                0.25,
                0.25,
                0.29069767441860467,
                0.29069767441860467,
                0.3546511627906977,
                0.3546511627906977,
                0.4011627906976744,
                0.4011627906976744,
                1.0
            ],
            "tpr": [
                0.0,
                0.047619047619047616,
                0.09523809523809523,
                0.09523809523809523,
                0.19047619047619047,
                0.19047619047619047,
                0.23809523809523808,
                0.23809523809523808,
                0.2857142857142857,
                0.2857142857142857,
                0.38095238095238093,
                0.38095238095238093,
                0.47619047619047616,
                0.47619047619047616,
                0.5714285714285714,
                0.5714285714285714,
                0.6666666666666666,
                0.6666666666666666,
                0.7142857142857143,
                0.7142857142857143,
                0.7619047619047619,
                0.7619047619047619,
                0.8095238095238095,
                0.8095238095238095,
                0.8571428571428571,
                0.8571428571428571,
                0.9047619047619048,
                0.9047619047619048,
                0.9523809523809523,
                0.9523809523809523,
                1.0,
                1.0
            ],
            "auc": 0.89562569213732
        },
        "NV": {
            "fpr": [
                0.0,
                0.0,
                0.0,
                0.014285714285714285,
                0.014285714285714285,
                0.02857142857142857,
                0.02857142857142857,
                0.04285714285714286,
                0.04285714285714286,
                0.07142857142857142,
                0.07142857142857142,
                0.08571428571428572,
                0.08571428571428572,
                0.1,
                0.1,
                0.11428571428571428,
                0.11428571428571428,
                0.14285714285714285,
                0.14285714285714285,
                0.18571428571428572,
                0.18571428571428572,
                0.2,
                0.2,
                0.22857142857142856,
                0.22857142857142856,
                0.2571428571428571,
                0.2571428571428571,
                0.2714285714285714,
                0.2714285714285714,
                0.37142857142857144,
                0.37142857142857144,
                0.38571428571428573,
                0.38571428571428573,
                0.45714285714285713,
                0.45714285714285713,
                0.6857142857142857,
                0.6857142857142857,
                0.9571428571428572,
                0.9571428571428572,
                1.0
            ],
            "tpr": [
                0.0,
                0.008130081300813009,
                0.5691056910569106,
                0.5691056910569106,
                0.6585365853658537,
                0.6585365853658537,
                0.6747967479674797,
                0.6747967479674797,
                0.7479674796747967,
                0.7479674796747967,
                0.8130081300813008,
                0.8130081300813008,
                0.8455284552845529,
                0.8455284552845529,
                0.8699186991869918,
                0.8699186991869918,
                0.8943089430894309,
                0.8943089430894309,
                0.9024390243902439,
                0.9024390243902439,
                0.9105691056910569,
                0.9105691056910569,
                0.926829268292683,
                0.926829268292683,
                0.9349593495934959,
                0.9349593495934959,
                0.943089430894309,
                0.943089430894309,
                0.9512195121951219,
                0.9512195121951219,
                0.959349593495935,
                0.959349593495935,
                0.967479674796748,
                0.967479674796748,
                0.975609756097561,
                0.975609756097561,
                0.991869918699187,
                0.991869918699187,
                1.0,
                1.0
            ],
            "auc": 0.9415795586527295
        },
        "BCC": {
            "fpr": [
                0.0,
                0.0,
                0.0,
                0.016853932584269662,
                0.016853932584269662,
                0.028089887640449437,
                0.028089887640449437,
                0.0449438202247191,
                0.0449438202247191,
                0.20786516853932585,
                0.20786516853932585,
                0.33707865168539325,
                0.33707865168539325,
                1.0
            ],
            "tpr": [
                0.0,
                0.06666666666666667,
                0.4,
                0.4,
                0.7333333333333333,
                0.7333333333333333,
                0.8,
                0.8,
                0.8666666666666667,
                0.8666666666666667,
                0.9333333333333333,
                0.9333333333333333,
                1.0,
                1.0
            ],
            "auc": 0.9531835205992509
        },
        "AKIEC": {
            "fpr": [
                0.0,
                0.005405405405405406,
                0.043243243243243246,
                0.043243243243243246,
                0.05405405405405406,
                0.05405405405405406,
                0.08648648648648649,
                0.08648648648648649,
                0.14054054054054055,
                0.14054054054054055,
                0.22162162162162163,
                0.22162162162162163,
                0.33513513513513515,
                0.33513513513513515,
                1.0
            ],
            "tpr": [
                0.0,
                0.0,
                0.0,
                0.375,
                0.375,
                0.5,
                0.5,
                0.625,
                0.625,
                0.75,
                0.75,
                0.875,
                0.875,
                1.0,
                1.0
            ],
            "auc": 0.8790540540540541
        },