{
    "epoch": 80,
    "num_classes": 7,
    "class_names": [
        "MEL",
        "NV",
        "BCC",
        "AKIEC",
        "BKL",
        "DF",
        "VASC"
    ],
    "per_class": {
        "MEL": {
            "fpr": [
                0.0,
                0.0,
                0.0,
                0.01744186046511628,
                0.01744186046511628,
                0.03488372093023256,
                0.03488372093023256,
                0.046511627906976744,
                0.046511627906976744,
                0.0755813953488372,
                0.0755813953488372,
                0.08139534883720931,
                0.08139534883720931,
                0.09883720930232558,
                0.09883720930232558,
                0.11046511627906977,
                0.11046511627906977,
                0.1511627906976744,
                0.1511627906976744,
                0.19186046511627908,
                0.19186046511627908,
                0.21511627906976744,
                0.21511627906976744,
                0.22093023255813954,
                0.22093023255813954,
                0.29651162790697677,
                0.29651162790697677,
                1.0
            ],
            "tpr": [
                0.0,
                0.047619047619047616,
                0.19047619047619047,
                0.19047619047619047,
                0.2857142857142857,
                0.2857142857142857,
                0.3333333333333333,
                0.3333333333333333,
                0.38095238095238093,
                0.38095238095238093,
                0.47619047619047616,
                0.47619047619047616,
                0.5238095238095238,
                0.5238095238095238,
                0.6190476190476191,
                0.6190476190476191,
                0.6666666666666666,
                0.6666666666666666,
                0.7619047619047619,
                0.7619047619047619,
                0.8095238095238095,
                0.8095238095238095,
                0.8571428571428571,
                0.8571428571428571,
                0.9523809523809523,
                0.9523809523809523,
                1.0,
                1.0
            ],
            "auc": 0.8997785160575857
        },
        "NV": {
            "fpr": [
                0.0,
                0.0,
                0.0,
                0.014285714285714285,
                0.014285714285714285,
                0.02857142857142857,
                0.02857142857142857,
                0.07142857142857142,
                0.07142857142857142,
                0.08571428571428572,
                0.08571428571428572,
                0.11428571428571428,
                0.11428571428571428,
                0.14285714285714285,
                0.14285714285714285,
                0.15714285714285714,
                0.15714285714285714,
                0.17142857142857143,
                0.17142857142857143,
                0.18571428571428572,
                0.18571428571428572,
                0.21428571428571427,
                0.21428571428571427,
                0.22857142857142856,
                0.22857142857142856,
                0.2714285714285714,
                0.2714285714285714,
                0.3,
                0.3,
                0.37142857142857144,
                0.37142857142857144,
                0.4142857142857143,
                0.4142857142857143,
                0.4714285714285714,
                0.4714285714285714,
                0.6142857142857143,
                0.6142857142857143,
                0.7571428571428571,
                0.7571428571428571,
                1.0
            ],
            "tpr": [
                0.0,
                0.008130081300813009,
                0.7886178861788617,
                0.7886178861788617,
                0.7967479674796748,
                0.7967479674796748,
                0.8211382113821138,
                0.8211382113821138,
                0.8536585365853658,
                0.8536585365853658,
                0.8617886178861789,
                0.8617886178861789,
                0.8699186991869918,
                0.8699186991869918,
                0.8780487804878049,
                0.8780487804878049,
                0.8861788617886179,
                0.8861788617886179,
                0.8943089430894309,
                0.8943089430894309,
                0.9024390243902439,
                0.9024390243902439,
                0.9105691056910569,
                0.9105691056910569,
                0.926829268292683,
                0.926829268292683,
                0.9349593495934959,
                0.9349593495934959,
                0.943089430894309,
                0.943089430894309,
                0.959349593495935,
                0.959349593495935,
                0.967479674796748,
                0.967479674796748,
                0.975609756097561,
                0.975609756097561,
                0.991869918699187,
                0.991869918699187,
                1.0,
                1.0
            ],
            "auc": 0.9504065040650407
        },
        "BCC": {
            "fpr": [
                0.0,
                0.0,
                0.0,
                0.0056179775280898875,
                0.0056179775280898875,
                0.011235955056179775,
                0.011235955056179775,
                0.016853932584269662,
                0.016853932584269662,
                0.033707865168539325,
                0.033707865168539325,
                1.0
            ],
            "tpr": [
                0.0,
                0.06666666666666667,
                0.2,
                0.2,
                0.4666666666666667,
                0.4666666666666667,
                0.7333333333333333,
                0.7333333333333333,
                0.9333333333333333,
                0.9333333333333333,
                1.0,
                1.0
            ],
            "auc": 0.9898876404494382
        },
        "AKIEC": {
            "fpr": [
                0.0,
                0.005405405405405406,
                0.032432432432432434,
                0.032432432432432434,
                0.05945945945945946,
                0.05945945945945946,
                0.07027027027027027,
                0.07027027027027027,
                0.0918918918918919,
                0.0918918918918919,
                0.12432432432432433,
                0.12432432432432433,
                0.14594594594594595,
                0.14594594594594595,
                0.2,
                0.2,
                0.25405405405405407,
                0.25405405405405407,
                1.0
            ],
            "tpr": [
                0.0,
                0.0,
                0.0,
                0.125,
                0.125,
                0.25,
                0.25,
                0.375,
                0.375,
                0.5,
                0.5,
                0.625,
                0.625,
                0.75,
                0.75,
                0.875,
                0.875,
                1.0,
                1.0
            ],
            "auc": 0.8777027027027027
        },