{
    "epoch": 2,
    "num_classes": 7,
    "class_names": [
        "MEL",
        "NV",
        "BCC",
        "AKIEC",
        "BKL",
        "DF",
        "VASC"
    ],
    "per_class": {
        "MEL": {
            "fpr": [
                0.0,
                0.0,
                0.005813953488372093,
                0.005813953488372093,
                0.011627906976744186,
                0.011627906976744186,
                0.01744186046511628,
                0.01744186046511628,
                0.023255813953488372,
                0.023255813953488372,
                0.029069767441860465,
                0.029069767441860465,
                0.03488372093023256,
                0.03488372093023256,
                0.08139534883720931,
                0.08139534883720931,
                0.12790697674418605,
                0.12790697674418605,
                0.1569767441860465,
                0.1569767441860465,
                0.19186046511627908,
                0.19186046511627908,
                0.20348837209302326,
                0.20348837209302326,
                0.3081395348837209,
                0.3081395348837209,
                0.32558139534883723,
                0.32558139534883723,
                0.3372093023255814,
                0.3372093023255814,
                0.36046511627906974,
                0.36046511627906974,
                0.37790697674418605,
                0.37790697674418605,
                0.5988372093023255,
                0.5988372093023255,
                1.0
            ],
            "tpr": [
                0.0,
                0.047619047619047616,
                0.047619047619047616,
                0.09523809523809523,
                0.09523809523809523,
                0.14285714285714285,
                0.14285714285714285,
                0.19047619047619047,
                0.19047619047619047,
                0.23809523809523808,
                0.23809523809523808,
                0.42857142857142855,
                0.42857142857142855,
                0.47619047619047616,
                0.47619047619047616,
                0.5238095238095238,
                0.5238095238095238,
                0.5714285714285714,
                0.5714285714285714,
                0.6190476190476191,
                0.6190476190476191,
                0.6666666666666666,
                0.6666666666666666,
                0.7142857142857143,
                0.7142857142857143,
                0.7619047619047619,
                0.7619047619047619,
                0.8095238095238095,
                0.8095238095238095,
                0.8571428571428571,
                0.8571428571428571,
                0.9047619047619048,
                0.9047619047619048,
                0.9523809523809523,
                0.9523809523809523,
                1.0,
                1.0
            ],
            "auc": 0.8438538205980066
        },
        "NV": {
            "fpr": [
                0.0,
                0.0,
                0.0,
                0.014285714285714285,
                0.014285714285714285,
                0.04285714285714286,
                0.04285714285714286,
                0.08571428571428572,
                0.08571428571428572,
                0.1,
                0.1,
                0.12857142857142856,
                0.12857142857142856,
                0.14285714285714285,
                0.14285714285714285,
                0.15714285714285714,
                0.15714285714285714,
                0.17142857142857143,
                0.17142857142857143,
                0.18571428571428572,
                0.18571428571428572,
                0.2,
                0.2,
                0.2857142857142857,
                0.2857142857142857,
                0.3,
                0.3,
                0.3142857142857143,
                0.3142857142857143,
                0.34285714285714286,
                0.34285714285714286,
                0.35714285714285715,
                0.35714285714285715,
                0.37142857142857144,
                0.37142857142857144,
                0.38571428571428573,
                0.38571428571428573,
                0.4,
                0.4,
                0.4142857142857143,
                0.4142857142857143,
                0.44285714285714284,
                0.44285714285714284,
                0.4857142857142857,
                0.4857142857142857,
                0.5142857142857142,
                0.5142857142857142,
                0.5428571428571428,
                0.5428571428571428,
                0.6142857142857143,
                0.6142857142857143,
                0.6285714285714286,
                0.6285714285714286,
                0.6571428571428571,
                0.6571428571428571,
                0.7,
                0.7,
                0.8285714285714286,
                0.8285714285714286,
                0.8857142857142857,
                0.8857142857142857,
                0.9,
                0.9,
                1.0
            ],
            "tpr": [
                0.0,
                0.008130081300813009,
                0.5853658536585366,
                0.5853658536585366,
                0.6097560975609756,
                0.6097560975609756,
                0.6341463414634146,
                0.6341463414634146,
                0.6666666666666666,
                0.6666666666666666,
                0.6747967479674797,
                0.6747967479674797,
                0.6910569105691057,
                0.6910569105691057,
                0.6991869918699187,
                0.6991869918699187,
                0.7073170731707317,
                0.7073170731707317,
                0.7235772357723578,
                0.7235772357723578,
                0.7398373983739838,
                0.7398373983739838,
                0.7479674796747967,
                0.7479674796747967,
                0.7560975609756098,
                0.7560975609756098,
                0.7723577235772358,
                0.7723577235772358,
                0.7804878048780488,
                0.7804878048780488,
                0.7886178861788617,
                0.7886178861788617,
                0.7967479674796748,
                0.7967479674796748,
                0.8048780487804879,
                0.8048780487804879,
                0.8211382113821138,
                0.8211382113821138,
                0.8292682926829268,
                0.8292682926829268,
                0.8373983739837398,
                0.8373983739837398,
                0.8536585365853658,
                0.8536585365853658,
                0.8699186991869918,
                0.8699186991869918,
                0.9024390243902439,
                0.9024390243902439,
                0.9105691056910569,
                0.9105691056910569,
                0.9186991869918699,
                0.9186991869918699,
                0.9349593495934959,
                0.9349593495934959,
                0.9512195121951219,
                0.9512195121951219,
                0.959349593495935,
                0.959349593495935,
                0.983739837398374,
                0.983739837398374,
                0.991869918699187,
                0.991869918699187,
                1.0,
                1.0
            ],
            "auc": 0.8491289198606273
        },