{
    "epoch": 85,
    "num_classes": 7,
    "class_names": [
        "MEL",
        "NV",
        "BCC",
        "AKIEC",
        "BKL",
        "DF",
        "VASC"
    ],
    "per_class": {
        "MEL": {
            "fpr": [
                0.0,
                0.0,
                0.0,
                0.023255813953488372,
                0.023255813953488372,
                0.03488372093023256,
                0.03488372093023256,
                0.046511627906976744,
                0.046511627906976744,
                0.05813953488372093,
                0.05813953488372093,
                0.0755813953488372,
                0.0755813953488372,
                0.0872093023255814,
                0.0872093023255814,
                0.09302325581395349,
                0.09302325581395349,
                0.10465116279069768,
                0.10465116279069768,
                0.1511627906976744,
                0.1511627906976744,
                0.18604651162790697,
                0.18604651162790697,
                0.20348837209302326,
                0.20348837209302326,
                0.25,
                0.25,
                0.31976744186046513,
                0.31976744186046513,
                0.36046511627906974,
                0.36046511627906974,
                1.0
            ],
            "tpr": [
                0.0,
                0.047619047619047616,
                0.19047619047619047,
                0.19047619047619047,
                0.2857142857142857,
                0.2857142857142857,
                0.38095238095238093,
                0.38095238095238093,
                0.42857142857142855,
                0.42857142857142855,
                0.47619047619047616,
                0.47619047619047616,
                0.5238095238095238,
                0.5238095238095238,
                0.5714285714285714,
                0.5714285714285714,
                0.6190476190476191,
                0.6190476190476191,
                0.7142857142857143,
                0.7142857142857143,
                0.7619047619047619,
                0.7619047619047619,
                0.8095238095238095,
                0.8095238095238095,
                0.8571428571428571,
                0.8571428571428571,
                0.9047619047619048,
                0.9047619047619048,
                0.9523809523809523,
                0.9523809523809523,
                1.0,
                1.0
            ],
            "auc": 0.8972868217054264
        },
        "NV": {
            "fpr": [
                0.0,
                0.0,
                0.0,
                0.014285714285714285,
                0.014285714285714285,
                0.02857142857142857,
                0.02857142857142857,
                0.05714285714285714,
                0.05714285714285714,
                0.07142857142857142,
                0.07142857142857142,
                0.08571428571428572,
                0.08571428571428572,
                0.1,
                0.1,
                0.11428571428571428,
                0.11428571428571428,
                0.15714285714285714,
                0.15714285714285714,
                0.2,
                0.2,
                0.21428571428571427,
                0.21428571428571427,
                0.3,
                0.3,
                0.32857142857142857,
                0.32857142857142857,
                0.4142857142857143,
                0.4142857142857143,
                0.5142857142857142,
                0.5142857142857142,
                0.5428571428571428,
                0.5428571428571428,
                0.5857142857142857,
                0.5857142857142857,
                0.6714285714285714,
                0.6714285714285714,
                0.7428571428571429,
                0.7428571428571429,
                1.0
            ],
            "tpr": [
                0.0,
                0.008130081300813009,
                0.6016260162601627,
                0.6016260162601627,
                0.7398373983739838,
                0.7398373983739838,
                0.7967479674796748,
                0.7967479674796748,
                0.8130081300813008,
                0.8130081300813008,
                0.8536585365853658,
                0.8536585365853658,
                0.8699186991869918,
                0.8699186991869918,
                0.8780487804878049,
                0.8780487804878049,
                0.9024390243902439,
                0.9024390243902439,
                0.9186991869918699,
                0.9186991869918699,
                0.926829268292683,
                0.926829268292683,
                0.9349593495934959,
                0.9349593495934959,
                0.943089430894309,
                0.943089430894309,
                0.9512195121951219,
                0.9512195121951219,
                0.959349593495935,
                0.959349593495935,
                0.967479674796748,
                0.967479674796748,
                0.975609756097561,
                0.975609756097561,
                0.983739837398374,
                0.983739837398374,
                0.991869918699187,
                0.991869918699187,
                1.0,
                1.0
            ],
            "auc": 0.948315911730546
        },
        "BCC": {
            "fpr": [
                0.0,
                0.0,
                0.0056179775280898875,
                0.0056179775280898875,
                0.016853932584269662,
                0.016853932584269662,
                0.028089887640449437,
                0.028089887640449437,
                0.033707865168539325,
                0.033707865168539325,
                0.05056179775280899,
                0.05056179775280899,
                1.0
            ],
            "tpr": [
                0.0,
                0.06666666666666667,
                0.06666666666666667,
                0.6666666666666666,
                0.6666666666666666,
                0.7333333333333333,
                0.7333333333333333,
                0.8666666666666667,
                0.8666666666666667,
                0.9333333333333333,
                0.9333333333333333,
                1.0,
                1.0
            ],
            "auc": 0.9861423220973783
        },
        "AKIEC": {
            "fpr": [
                0.0,
                0.005405405405405406,
                0.05405405405405406,
                0.05405405405405406,
                0.05945945945945946,
                0.05945945945945946,
                0.07027027027027027,
                0.07027027027027027,
                0.07567567567567568,
                0.07567567567567568,
                0.08108108108108109,
                0.08108108108108109,
                0.13513513513513514,
                0.13513513513513514,
                0.22162162162162163,
                0.22162162162162163,
                0.24864864864864866,
                0.24864864864864866,
                1.0
            ],
            "tpr": [
                0.0,
                0.0,
                0.0,
                0.125,
                0.125,
                0.25,
                0.25,
                0.375,
                0.375,
                0.5,
                0.5,
                0.625,
                0.625,
                0.75,
                0.75,
                0.875,
                0.875,
                1.0,
                1.0
            ],
            "auc": 0.8817567567567568
        },