{
    "epoch": 99,
    "num_classes": 7,
    "class_names": [
        "MEL",
        "NV",
        "BCC",
        "AKIEC",
        "BKL",
        "DF",
        "VASC"
    ],
    "per_class": {
        "MEL": {
            "fpr": [
                0.0,
                0.0,
                0.0,
                0.011627906976744186,
                0.011627906976744186,
                0.029069767441860465,
                0.029069767441860465,
                0.03488372093023256,
                0.03488372093023256,
                0.046511627906976744,
                0.046511627906976744,
                0.05813953488372093,
                0.05813953488372093,
                0.06395348837209303,
                0.06395348837209303,
                0.06976744186046512,
                0.06976744186046512,
                0.11627906976744186,
                0.11627906976744186,
                0.12790697674418605,
                0.12790697674418605,
                0.19767441860465115,
                0.19767441860465115,
                0.21511627906976744,
                0.21511627906976744,
                0.3372093023255814,
                0.3372093023255814,
                0.38953488372093026,
                0.38953488372093026,
                1.0
            ],
            "tpr": [
                0.0,
                0.047619047619047616,
                0.19047619047619047,
                0.19047619047619047,
                0.23809523809523808,
                0.23809523809523808,
                0.2857142857142857,
                0.2857142857142857,
                0.3333333333333333,
                0.3333333333333333,
                0.38095238095238093,
                0.38095238095238093,
                0.47619047619047616,
                0.47619047619047616,
                0.5238095238095238,
                0.5238095238095238,
                0.5714285714285714,
                0.5714285714285714,
                0.7142857142857143,
                0.7142857142857143,
                0.7619047619047619,
                0.7619047619047619,
                0.8571428571428571,
                0.8571428571428571,
                0.9047619047619048,
                0.9047619047619048,
                0.9523809523809523,
                0.9523809523809523,
                1.0,
                1.0
            ],
            "auc": 0.8959025470653378
        },
        "NV": {
            "fpr": [
                0.0,
                0.0,
                0.0,
                0.0,
                0.0,
                0.014285714285714285,
                0.014285714285714285,
                0.02857142857142857,
                0.02857142857142857,
                0.04285714285714286,
                0.04285714285714286,
                0.05714285714285714,
                0.05714285714285714,
                0.08571428571428572,
                0.08571428571428572,
                0.11428571428571428,
                0.11428571428571428,
                0.12857142857142856,
                0.12857142857142856,
                0.15714285714285714,
                0.15714285714285714,
                0.17142857142857143,
                0.17142857142857143,
                0.2,
                0.2,
                0.2857142857142857,
                0.2857142857142857,
                0.45714285714285713,
                0.45714285714285713,
                0.4857142857142857,
                0.4857142857142857,
                0.5714285714285714,
                0.5714285714285714,
                0.6571428571428571,
                0.6571428571428571,
                0.7285714285714285,
                0.7285714285714285,
                1.0
            ],
            "tpr": [
                0.0,
                0.008130081300813009,
                0.2764227642276423,
                0.2926829268292683,
                0.5528455284552846,
                0.5528455284552846,
                0.6666666666666666,
                0.6666666666666666,
                0.7235772357723578,
                0.7235772357723578,
                0.7967479674796748,
                0.7967479674796748,
                0.8373983739837398,
                0.8373983739837398,
                0.8699186991869918,
                0.8699186991869918,
                0.8780487804878049,
                0.8780487804878049,
                0.8943089430894309,
                0.8943089430894309,
                0.9024390243902439,
                0.9024390243902439,
                0.9105691056910569,
                0.9105691056910569,
                0.9349593495934959,
                0.9349593495934959,
                0.9512195121951219,
                0.9512195121951219,
                0.959349593495935,
                0.959349593495935,
                0.967479674796748,
                0.967479674796748,
                0.983739837398374,
                0.983739837398374,
                0.991869918699187,
                0.991869918699187,
                1.0,
                1.0
            ],
            "auc": 0.9450638792102206
        },
        "BCC": {
            "fpr": [
                0.0,
                0.0,
                0.0056179775280898875,
                0.0056179775280898875,
                0.011235955056179775,
                0.011235955056179775,
                0.02247191011235955,
                0.02247191011235955,
                0.028089887640449437,
                0.028089887640449437,
                0.033707865168539325,
                0.033707865168539325,
                1.0
            ],
            "tpr": [
                0.0,
                0.06666666666666667,
                0.06666666666666667,
                0.6666666666666666,
                0.6666666666666666,
                0.7333333333333333,
                0.7333333333333333,
                0.8666666666666667,
                0.8666666666666667,
                0.9333333333333333,
                0.9333333333333333,
                1.0,
                1.0
            ],
            "auc": 0.9887640449438202
        },
        "AKIEC": {
            "fpr": [
                0.0,
                0.005405405405405406,
                0.05405405405405406,
                0.05405405405405406,
                0.07027027027027027,
                0.07027027027027027,
                0.07567567567567568,
                0.07567567567567568,
                0.08108108108108109,
                0.08108108108108109,
                0.16216216216216217,
                0.16216216216216217,
                0.2,
                0.2,
                0.24324324324324326,
                0.24324324324324326,
                1.0
            ],
            "tpr": [
                0.0,
                0.0,
                0.0,
                0.25,
                0.25,
                0.375,
                0.375,
                0.5,
                0.5,
                0.625,
                0.625,
                0.75,
                0.75,
                0.875,
                0.875,
                1.0,
                1.0
            ],
            "auc": 0.8824324324324324
        },