{
    "epoch": 19,
    "num_classes": 7,
    "class_names": [
        "MEL",
        "NV",
        "BCC",
        "AKIEC",
        "BKL",
        "DF",
        "VASC"
    ],
    "per_class": {
        "MEL": {
            "fpr": [
                0.0,
                0.0,
                0.0,
                0.011627906976744186,
                0.011627906976744186,
                0.023255813953488372,
                0.023255813953488372,
                0.029069767441860465,
                0.029069767441860465,
                0.03488372093023256,
                0.03488372093023256,
                0.040697674418604654,
                0.040697674418604654,
                0.05813953488372093,
                0.05813953488372093,
                0.0755813953488372,
                0.0755813953488372,
                0.08139534883720931,
                0.08139534883720931,
                0.12790697674418605,
                0.12790697674418605,
                0.13953488372093023,
                0.13953488372093023,
                0.1744186046511628,
                0.1744186046511628,
                0.23255813953488372,
                0.23255813953488372,
                0.27906976744186046,
                0.27906976744186046,
                0.4418604651162791,
                0.4418604651162791,
                1.0
            ],
            "tpr": [
                0.0,
                0.047619047619047616,
                0.23809523809523808,
                0.23809523809523808,
                0.2857142857142857,
                0.2857142857142857,
                0.3333333333333333,
                0.3333333333333333,
                0.38095238095238093,
                0.38095238095238093,
                0.5238095238095238,
                0.5238095238095238,
                0.5714285714285714,
                0.5714285714285714,
                0.6190476190476191,
                0.6190476190476191,
                0.6666666666666666,
                0.6666666666666666,
                0.7142857142857143,
                0.7142857142857143,
                0.7619047619047619,
                0.7619047619047619,
                0.8095238095238095,
                0.8095238095238095,
                0.8571428571428571,
                0.8571428571428571,
                0.9047619047619048,
                0.9047619047619048,
                0.9523809523809523,
                0.9523809523809523,
                1.0,
                1.0
            ],
            "auc": 0.913344407530454
        },
        "NV": {
            "fpr": [
                0.0,
                0.0,
                0.0,
                0.014285714285714285,
                0.014285714285714285,
                0.04285714285714286,
                0.04285714285714286,
                0.05714285714285714,
                0.05714285714285714,
                0.08571428571428572,
                0.08571428571428572,
                0.1,
                0.1,
                0.12857142857142856,
                0.12857142857142856,
                0.14285714285714285,
                0.14285714285714285,
                0.15714285714285714,
                0.15714285714285714,
                0.18571428571428572,
                0.18571428571428572,
                0.2,
                0.2,
                0.22857142857142856,
                0.22857142857142856,
                0.2714285714285714,
                0.2714285714285714,
                0.45714285714285713,
                0.45714285714285713,
                0.6428571428571429,
                0.6428571428571429,
                0.7,
                0.7,
                0.8,
                0.8,
                0.8285714285714286,
                0.8285714285714286,
                1.0
            ],
            "tpr": [
                0.0,
                0.008130081300813009,
                0.8048780487804879,
                0.8048780487804879,
                0.8292682926829268,
                0.8292682926829268,
                0.8373983739837398,
                0.8373983739837398,
                0.8455284552845529,
                0.8455284552845529,
                0.8699186991869918,
                0.8699186991869918,
                0.8780487804878049,
                0.8780487804878049,
                0.8943089430894309,
                0.8943089430894309,
                0.9105691056910569,
                0.9105691056910569,
                0.926829268292683,
                0.926829268292683,
                0.9349593495934959,
                0.9349593495934959,
                0.943089430894309,
                0.943089430894309,
                0.9512195121951219,
                0.9512195121951219,
                0.959349593495935,
                0.959349593495935,
                0.967479674796748,
                0.967479674796748,
                0.975609756097561,
                0.975609756097561,
                0.983739837398374,
                0.983739837398374,
                0.991869918699187,
                0.991869918699187,
                1.0,
                1.0
            ],
            "auc": 0.9538908246225319
        },
        "BCC": {
            "fpr": [
                0.0,
                0.0,
                0.0,
                0.0056179775280898875,
                0.0056179775280898875,
                0.011235955056179775,
                0.011235955056179775,
                0.028089887640449437,
                0.028089887640449437,
                0.08426966292134831,
                0.08426966292134831,
                0.25280898876404495,
                0.25280898876404495,
                1.0
            ],
            "tpr": [
                0.0,
                0.06666666666666667,
                0.26666666666666666,
                0.26666666666666666,
                0.4666666666666667,
                0.4666666666666667,
                0.6,
                0.6,
                0.8666666666666667,
                0.8666666666666667,
                0.9333333333333333,
                0.9333333333333333,
                1.0,
                1.0
            ],
            "auc": 0.9674157303370786
        },
        "AKIEC": {
            "fpr": [
                0.0,
                0.005405405405405406,
                0.02702702702702703,
                0.02702702702702703,
                0.05945945945945946,
                0.05945945945945946,
                0.0918918918918919,
                0.0918918918918919,
                0.10270270270270271,
                0.10270270270270271,
                0.11351351351351352,
                0.11351351351351352,
                0.12432432432432433,
                0.12432432432432433,
                0.3567567567567568,
                0.3567567567567568,
                1.0
            ],
            "tpr": [
                0.0,
                0.0,
                0.0,
                0.125,
                0.125,
                0.25,
                0.25,
                0.375,
                0.375,
                0.5,
                0.5,
                0.625,
                0.625,
                0.875,
                0.875,
                1.0,
                1.0
            ],
            "auc": 0.875
        },