{
    "epoch": 86,
    "num_classes": 7,
    "class_names": [
        "MEL",
        "NV",
        "BCC",
        "AKIEC",
        "BKL",
        "DF",
        "VASC"
    ],
    "per_class": {
        "MEL": {
            "fpr": [
                0.0,
                0.0,
                0.0,
                0.005813953488372093,
                0.005813953488372093,
                0.01744186046511628,
                0.01744186046511628,
                0.023255813953488372,
                0.023255813953488372,
                0.03488372093023256,
                0.03488372093023256,
                0.046511627906976744,
                0.046511627906976744,
                0.05232558139534884,
                0.05232558139534884,
                0.06976744186046512,
                0.06976744186046512,
                0.0872093023255814,
                0.0872093023255814,
                0.11627906976744186,
                0.11627906976744186,
                0.12790697674418605,
                0.12790697674418605,
                0.16279069767441862,
                0.16279069767441862,
                0.22093023255813954,
                0.22093023255813954,
                0.3081395348837209,
                0.3081395348837209,
                0.37790697674418605,
                0.37790697674418605,
                1.0
            ],
            "tpr": [
                0.0,
                0.047619047619047616,
                0.14285714285714285,
                0.14285714285714285,
                0.19047619047619047,
                0.19047619047619047,
                0.23809523809523808,
                0.23809523809523808,
                0.2857142857142857,
                0.2857142857142857,
                0.3333333333333333,
                0.3333333333333333,
                0.38095238095238093,
                0.38095238095238093,
                0.42857142857142855,
                0.42857142857142855,
                0.5238095238095238,
                0.5238095238095238,
                0.6190476190476191,
                0.6190476190476191,
                0.7142857142857143,
                0.7142857142857143,
                0.7619047619047619,
                0.7619047619047619,
                0.8095238095238095,
                0.8095238095238095,
                0.9047619047619048,
                0.9047619047619048,
                0.9523809523809523,
                0.9523809523809523,
                1.0,
                1.0
            ],
            "auc": 0.8978405315614617
        },
        "NV": {
            "fpr": [
                0.0,
                0.0,
                0.0,
                0.014285714285714285,
                0.014285714285714285,
                0.02857142857142857,
                0.02857142857142857,
                0.04285714285714286,
                0.04285714285714286,
                0.05714285714285714,
                0.05714285714285714,
                0.07142857142857142,
                0.07142857142857142,
                0.11428571428571428,
                0.11428571428571428,
                0.12857142857142856,
                0.12857142857142856,
                0.14285714285714285,
                0.14285714285714285,
                0.17142857142857143,
                0.17142857142857143,
                0.18571428571428572,
                0.18571428571428572,
                0.2,
                0.2,
                0.2571428571428571,
                0.2571428571428571,
                0.2714285714285714,
                0.2714285714285714,
                0.44285714285714284,
                0.44285714285714284,
                0.4857142857142857,
                0.4857142857142857,
                0.5285714285714286,
                0.5285714285714286,
                0.6857142857142857,
                0.6857142857142857,
                0.7571428571428571,
                0.7571428571428571,
                1.0
            ],
            "tpr": [
                0.0,
                0.008130081300813009,
                0.5528455284552846,
                0.5528455284552846,
                0.7479674796747967,
                0.7479674796747967,
                0.7560975609756098,
                0.7560975609756098,
                0.7886178861788617,
                0.7886178861788617,
                0.8455284552845529,
                0.8455284552845529,
                0.8536585365853658,
                0.8536585365853658,
                0.8699186991869918,
                0.8699186991869918,
                0.8861788617886179,
                0.8861788617886179,
                0.9024390243902439,
                0.9024390243902439,
                0.9105691056910569,
                0.9105691056910569,
                0.9186991869918699,
                0.9186991869918699,
                0.9349593495934959,
                0.9349593495934959,
                0.943089430894309,
                0.943089430894309,
                0.9512195121951219,
                0.9512195121951219,
                0.967479674796748,
                0.967479674796748,
                0.975609756097561,
                0.975609756097561,
                0.983739837398374,
                0.983739837398374,
                0.991869918699187,
                0.991869918699187,
                1.0,
                1.0
            ],
            "auc": 0.9478513356562137
        },
        "BCC": {
            "fpr": [
                0.0,
                0.0,
                0.0056179775280898875,
                0.0056179775280898875,
                0.02247191011235955,
                0.02247191011235955,
                0.033707865168539325,
                0.033707865168539325,
                1.0
            ],
            "tpr": [
                0.0,
                0.06666666666666667,
                0.06666666666666667,
                0.7333333333333333,
                0.7333333333333333,
                0.8666666666666667,
                0.8666666666666667,
                1.0,
                1.0
            ],
            "auc": 0.9887640449438202
        },
        "AKIEC": {
            "fpr": [
                0.0,
                0.005405405405405406,
                0.05405405405405406,
                0.05405405405405406,
                0.07027027027027027,
                0.07027027027027027,
                0.07567567567567568,
                0.07567567567567568,
                0.08648648648648649,
                0.08648648648648649,
                0.16216216216216217,
                0.16216216216216217,
                0.2,
                0.2,
                0.24864864864864866,
                0.24864864864864866,
                1.0
            ],
            "tpr": [
                0.0,
                0.0,
                0.0,
                0.125,
                0.125,
                0.375,
                0.375,
                0.5,
                0.5,
                0.625,
                0.625,
                0.75,
                0.75,
                0.875,
                0.875,
                1.0,
                1.0
            ],
            "auc": 0.8790540540540541
        },