{
    "epoch": 33,
    "num_classes": 7,
    "class_names": [
        "MEL",
        "NV",
        "BCC",
        "AKIEC",
        "BKL",
        "DF",
        "VASC"
    ],
    "per_class": {
        "MEL": {
            "fpr": [
                0.0,
                0.0,
                0.0,
                0.011627906976744186,
                0.011627906976744186,
                0.023255813953488372,
                0.023255813953488372,
                0.03488372093023256,
                0.03488372093023256,
                0.046511627906976744,
                0.046511627906976744,
                0.05813953488372093,
                0.05813953488372093,
                0.06395348837209303,
                0.06395348837209303,
                0.09302325581395349,
                0.09302325581395349,
                0.13953488372093023,
                0.13953488372093023,
                0.2441860465116279,
                0.2441860465116279,
                0.313953488372093,
                0.313953488372093,
                1.0
            ],
            "tpr": [
                0.0,
                0.047619047619047616,
                0.19047619047619047,
                0.19047619047619047,
                0.23809523809523808,
                0.23809523809523808,
                0.42857142857142855,
                0.42857142857142855,
                0.47619047619047616,
                0.47619047619047616,
                0.5238095238095238,
                0.5238095238095238,
                0.6190476190476191,
                0.6190476190476191,
                0.6666666666666666,
                0.6666666666666666,
                0.8095238095238095,
                0.8095238095238095,
                0.9047619047619048,
                0.9047619047619048,
                0.9523809523809523,
                0.9523809523809523,
                1.0,
                1.0
            ],
            "auc": 0.9294019933554818
        },
        "NV": {
            "fpr": [
                0.0,
                0.0,
                0.0,
                0.014285714285714285,
                0.014285714285714285,
                0.05714285714285714,
                0.05714285714285714,
                0.07142857142857142,
                0.07142857142857142,
                0.08571428571428572,
                0.08571428571428572,
                0.1,
                0.1,
                0.11428571428571428,
                0.11428571428571428,
                0.12857142857142856,
                0.12857142857142856,
                0.32857142857142857,
                0.32857142857142857,
                0.37142857142857144,
                0.37142857142857144,
                0.4857142857142857,
                0.4857142857142857,
                0.5571428571428572,
                0.5571428571428572,
                0.7285714285714285,
                0.7285714285714285,
                1.0
            ],
            "tpr": [
                0.0,
                0.008130081300813009,
                0.8292682926829268,
                0.8292682926829268,
                0.8536585365853658,
                0.8536585365853658,
                0.8617886178861789,
                0.8617886178861789,
                0.8699186991869918,
                0.8699186991869918,
                0.8861788617886179,
                0.8861788617886179,
                0.9186991869918699,
                0.9186991869918699,
                0.926829268292683,
                0.926829268292683,
                0.943089430894309,
                0.943089430894309,
                0.9512195121951219,
                0.9512195121951219,
                0.959349593495935,
                0.959349593495935,
                0.967479674796748,
                0.967479674796748,
                0.983739837398374,
                0.983739837398374,
                1.0,
                1.0
            ],
            "auc": 0.9603948896631823
        },
        "BCC": {
            "fpr": [
                0.0,
                0.0,
                0.0,
                0.016853932584269662,
                0.016853932584269662,
                0.033707865168539325,
                0.033707865168539325,
                1.0
            ],
            "tpr": [
                0.0,
                0.06666666666666667,
                0.4666666666666667,
                0.4666666666666667,
                0.8666666666666667,
                0.8666666666666667,
                1.0,
                1.0
            ],
            "auc": 0.9887640449438202
        },
        "AKIEC": {
            "fpr": [
                0.0,
                0.005405405405405406,
                0.021621621621621623,
                0.021621621621621623,
                0.07567567567567568,
                0.07567567567567568,
                0.08648648648648649,
                0.08648648648648649,
                0.12972972972972974,
                0.12972972972972974,
                0.1837837837837838,
                0.1837837837837838,
                0.2810810810810811,
                0.2810810810810811,
                1.0
            ],
            "tpr": [
                0.0,
                0.0,
                0.0,
                0.125,
                0.125,
                0.375,
                0.375,
                0.625,
                0.625,
                0.75,
                0.75,
                0.875,
                0.875,
                1.0,
                1.0
            ],
            "auc": 0.8824324324324324
        },
        "BKL": {
            "fpr": [
                0.0,
                0.005847953216374269,
                0.005847953216374269,
                0.017543859649122806,
                0.017543859649122806,
                0.023391812865497075,
                0.023391812865497075,
                0.03508771929824561,
                0.03508771929824561,
                0.04678362573099415,
                0.04678362573099415,
                0.05847953216374269,
                0.05847953216374269,
                0.0935672514619883,
                0.0935672514619883,
                0.11695906432748537,
                0.11695906432748537,
                0.14035087719298245,
                0.14035087719298245,
                0.16374269005847952,
                0.16374269005847952,
                0.1871345029239766,
                0.1871345029239766,
                0.2046783625730994,
                0.2046783625730994,
                0.2222222222222222,
                0.2222222222222222,
                0.23391812865497075,
                0.23391812865497075,
                1.0
            ],
            "tpr": [
                0.0,
                0.0,
                0.09090909090909091,
                0.09090909090909091,
                0.13636363636363635,
                0.13636363636363635,
                0.22727272727272727,
                0.22727272727272727,
                0.2727272727272727,
                0.2727272727272727,
                0.3181818181818182,
                0.3181818181818182,
                0.45454545454545453,
                0.45454545454545453,
                0.5,
                0.5,
                0.5909090909090909,
                0.5909090909090909,
                0.7272727272727273,
                0.7272727272727273,
                0.7727272727272727,
                0.7727272727272727,
                0.8181818181818182,
                0.8181818181818182,
                0.9090909090909091,
                0.9090909090909091,
                0.9545454545454546,
                0.9545454545454546,
                1.0,
                1.0
            ],
            "auc": 0.8955342902711324
        },
        "DF": {
            "fpr": [
                0.0,
                0.0,
                1.0
            ],