{
    "epoch": 22,
    "num_classes": 7,
    "class_names": [
        "MEL",
        "NV",
        "BCC",
        "AKIEC",
        "BKL",
        "DF",
        "VASC"
    ],
    "per_class": {
        "MEL": {
            "fpr": [
                0.0,
                0.0,
                0.0,
                0.005813953488372093,
                0.005813953488372093,
                0.01744186046511628,
                0.01744186046511628,
                0.040697674418604654,
                0.040697674418604654,
                0.046511627906976744,
                0.046511627906976744,
                0.05232558139534884,
                0.05232558139534884,
                0.06976744186046512,
                0.06976744186046512,
                0.0755813953488372,
                0.0755813953488372,
                0.0872093023255814,
                0.0872093023255814,
                0.18604651162790697,
                0.18604651162790697,
                0.22093023255813954,
                0.22093023255813954,
                0.3372093023255814,
                0.3372093023255814,
                0.47093023255813954,
                0.47093023255813954,
                1.0
            ],
            "tpr": [
                0.0,
                0.047619047619047616,
                0.19047619047619047,
                0.19047619047619047,
                0.23809523809523808,
                0.23809523809523808,
                0.2857142857142857,
                0.2857142857142857,
                0.38095238095238093,
                0.38095238095238093,
                0.47619047619047616,
                0.47619047619047616,
                0.5238095238095238,
                0.5238095238095238,
                0.5714285714285714,
                0.5714285714285714,
                0.6666666666666666,
                0.6666666666666666,
                0.7142857142857143,
                0.7142857142857143,
                0.8095238095238095,
                0.8095238095238095,
                0.9047619047619048,
                0.9047619047619048,
                0.9523809523809523,
                0.9523809523809523,
                1.0,
                1.0
            ],
            "auc": 0.8961794019933556
        },
        "NV": {
            "fpr": [
                0.0,
                0.0,
                0.0,
                0.014285714285714285,
                0.014285714285714285,
                0.07142857142857142,
                0.07142857142857142,
                0.08571428571428572,
                0.08571428571428572,
                0.11428571428571428,
                0.11428571428571428,
                0.14285714285714285,
                0.14285714285714285,
                0.17142857142857143,
                0.17142857142857143,
                0.2,
                0.2,
                0.2571428571428571,
                0.2571428571428571,
                0.38571428571428573,
                0.38571428571428573,
                0.44285714285714284,
                0.44285714285714284,
                0.5285714285714286,
                0.5285714285714286,
                0.6285714285714286,
                0.6285714285714286,
                0.6428571428571429,
                0.6428571428571429,
                0.7428571428571429,
                0.7428571428571429,
                1.0
            ],
            "tpr": [
                0.0,
                0.008130081300813009,
                0.6585365853658537,
                0.6585365853658537,
                0.7967479674796748,
                0.7967479674796748,
                0.8536585365853658,
                0.8536585365853658,
                0.8943089430894309,
                0.8943089430894309,
                0.9024390243902439,
                0.9024390243902439,
                0.9105691056910569,
                0.9105691056910569,
                0.926829268292683,
                0.926829268292683,
                0.943089430894309,
                0.943089430894309,
                0.9512195121951219,
                0.9512195121951219,
                0.959349593495935,
                0.959349593495935,
                0.967479674796748,
                0.967479674796748,
                0.975609756097561,
                0.975609756097561,
                0.983739837398374,
                0.983739837398374,
                0.991869918699187,
                0.991869918699187,
                1.0,
                1.0
            ],
            "auc": 0.9528455284552845
        },
        "BCC": {
            "fpr": [
                0.0,
                0.0,
                0.0,
                0.0056179775280898875,
                0.0056179775280898875,
                0.011235955056179775,
                0.011235955056179775,
                0.0449438202247191,
                0.0449438202247191,
                0.06741573033707865,
                0.06741573033707865,
                0.19101123595505617,
                0.19101123595505617,
                1.0
            ],
            "tpr": [
                0.0,
                0.06666666666666667,
                0.2,
                0.2,
                0.6666666666666666,
                0.6666666666666666,
                0.8,
                0.8,
                0.8666666666666667,
                0.8666666666666667,
                0.9333333333333333,
                0.9333333333333333,
                1.0,
                1.0
            ],
            "auc": 0.9756554307116104
        },
        "AKIEC": {
            "fpr": [
                0.0,
                0.005405405405405406,
                0.016216216216216217,
                0.016216216216216217,
                0.03783783783783784,
                0.03783783783783784,
                0.0918918918918919,
                0.0918918918918919,
                0.10810810810810811,
                0.10810810810810811,
                0.11351351351351352,
                0.11351351351351352,
                0.12972972972972974,
                0.12972972972972974,
                0.16756756756756758,
                0.16756756756756758,
                0.24864864864864866,
                0.24864864864864866,
                1.0
            ],
            "tpr": [
                0.0,
                0.0,
                0.0,
                0.125,
                0.125,
                0.25,
                0.25,
                0.375,
                0.375,
                0.5,
                0.5,
                0.625,
                0.625,
                0.75,
                0.75,
                0.875,
                0.875,
                1.0,
                1.0
            ],
            "auc": 0.8858108108108108
        },