{
    "epoch": 62,
    "num_classes": 7,
    "class_names": [
        "MEL",
        "NV",
        "BCC",
        "AKIEC",
        "BKL",
        "DF",
        "VASC"
    ],
    "per_class": {
        "MEL": {
            "fpr": [
                0.0,
                0.0,
                0.0,
                0.011627906976744186,
                0.011627906976744186,
                0.01744186046511628,
                0.01744186046511628,
                0.029069767441860465,
                0.029069767441860465,
                0.05232558139534884,
                0.05232558139534884,
                0.06395348837209303,
                0.06395348837209303,
                0.0755813953488372,
                0.0755813953488372,
                0.0872093023255814,
                0.0872093023255814,
                0.09302325581395349,
                0.09302325581395349,
                0.10465116279069768,
                0.10465116279069768,
                0.11627906976744186,
                0.11627906976744186,
                0.12209302325581395,
                0.12209302325581395,
                0.19767441860465115,
                0.19767441860465115,
                0.21511627906976744,
                0.21511627906976744,
                0.2558139534883721,
                0.2558139534883721,
                0.27325581395348836,
                0.27325581395348836,
                1.0
            ],
            "tpr": [
                0.0,
                0.047619047619047616,
                0.14285714285714285,
                0.14285714285714285,
                0.19047619047619047,
                0.19047619047619047,
                0.2857142857142857,
                0.2857142857142857,
                0.38095238095238093,
                0.38095238095238093,
                0.42857142857142855,
                0.42857142857142855,
                0.47619047619047616,
                0.47619047619047616,
                0.5238095238095238,
                0.5238095238095238,
                0.5714285714285714,
                0.5714285714285714,
                0.6190476190476191,
                0.6190476190476191,
                0.6666666666666666,
                0.6666666666666666,
                0.7142857142857143,
                0.7142857142857143,
                0.7619047619047619,
                0.7619047619047619,
                0.8095238095238095,
                0.8095238095238095,
                0.9047619047619048,
                0.9047619047619048,
                0.9523809523809523,
                0.9523809523809523,
                1.0,
                1.0
            ],
            "auc": 0.9058693244739755
        },
        "NV": {
            "fpr": [
                0.0,
                0.0,
                0.0,
                0.0,
                0.0,
                0.014285714285714285,
                0.014285714285714285,
                0.02857142857142857,
                0.02857142857142857,
                0.04285714285714286,
                0.04285714285714286,
                0.05714285714285714,
                0.05714285714285714,
                0.07142857142857142,
                0.07142857142857142,
                0.1,
                0.1,
                0.12857142857142856,
                0.12857142857142856,
                0.17142857142857143,
                0.17142857142857143,
                0.18571428571428572,
                0.18571428571428572,
                0.2571428571428571,
                0.2571428571428571,
                0.3,
                0.3,
                0.35714285714285715,
                0.35714285714285715,
                0.4714285714285714,
                0.4714285714285714,
                0.5,
                0.5,
                0.5428571428571428,
                0.5428571428571428,
                0.5571428571428572,
                0.5571428571428572,
                0.5714285714285714,
                0.5714285714285714,
                0.7,
                0.7,
                1.0
            ],
            "tpr": [
                0.0,
                0.008130081300813009,
                0.18699186991869918,
                0.2032520325203252,
                0.7154471544715447,
                0.7154471544715447,
                0.7235772357723578,
                0.7235772357723578,
                0.8048780487804879,
                0.8048780487804879,
                0.8211382113821138,
                0.8211382113821138,
                0.8292682926829268,
                0.8292682926829268,
                0.8455284552845529,
                0.8455284552845529,
                0.8780487804878049,
                0.8780487804878049,
                0.8861788617886179,
                0.8861788617886179,
                0.9186991869918699,
                0.9186991869918699,
                0.926829268292683,
                0.926829268292683,
                0.9349593495934959,
                0.9349593495934959,
                0.943089430894309,
                0.943089430894309,
                0.9512195121951219,
                0.9512195121951219,
                0.959349593495935,
                0.959349593495935,
                0.967479674796748,
                0.967479674796748,
                0.975609756097561,
                0.975609756097561,
                0.983739837398374,
                0.983739837398374,
                0.991869918699187,
                0.991869918699187,
                1.0,
                1.0
            ],
            "auc": 0.9492450638792103
        },
        "BCC": {
            "fpr": [
                0.0,
                0.0,
                0.0,
                0.0056179775280898875,
                0.0056179775280898875,
                0.02247191011235955,
                0.02247191011235955,
                0.028089887640449437,
                0.028089887640449437,
                0.03932584269662921,
                0.03932584269662921,
                1.0
            ],
            "tpr": [
                0.0,
                0.06666666666666667,
                0.2,
                0.2,
                0.6666666666666666,
                0.6666666666666666,
                0.7333333333333333,
                0.7333333333333333,
                0.9333333333333333,
                0.9333333333333333,
                1.0,
                1.0
            ],
            "auc": 0.9876404494382023
        },
        "AKIEC": {
            "fpr": [
                0.0,
                0.005405405405405406,
                0.05405405405405406,
                0.05405405405405406,
                0.07027027027027027,
                0.07027027027027027,
                0.08108108108108109,
                0.08108108108108109,
                0.12432432432432433,
                0.12432432432432433,
                0.15135135135135136,
                0.15135135135135136,
                0.1945945945945946,
                0.1945945945945946,
                0.23783783783783785,
                0.23783783783783785,
                1.0
            ],
            "tpr": [
                0.0,
                0.0,
                0.0,
                0.25,
                0.25,
                0.375,
                0.375,
                0.5,
                0.5,
                0.625,
                0.625,
                0.75,
                0.75,
                0.875,
                0.875,
                1.0,
                1.0
            ],
            "auc": 0.879054054054054
        },