{
    "overall": {
        "accuracy": 67.3941798941799,
        "balanced_multiclass_accuracy": 0.39126519815587707,
        "macro_recall": 0.39126519815587707,
        "macro_precision": 0.44570441793026333,
        "macro_f1": 0.40389041358956845,
        "multiclass_macro_auc_ovr": 0.8795178660890951,
        "mean_auc_all_diagnoses": 0.8795178660890951,
        "mean_average_precision_all_diagnoses": 0.4343405845133407,
        "mean_sensitivity": 0.39126519815587707,
        "mean_specificity": 0.9209613516750592,
        "mean_accuracy": 0.9068405139833712,
        "mean_f1": 0.4038904135895685,
        "mean_ppv": 0.44570441793026333,
        "mean_npv": 0.9302494205786233,
        "melanoma_auc80": 0.7175931377038172,
        "malignant_vs_benign_auc": 0.850200710935705,
        "mcc": 0.42515208116635356,
        "cohen_kappa": 0.4218749030532788,
        "mean_youden_index": 0.3122265498309365
    },
    "per_class": {
        "MEL": {
            "sensitivity": 0.42105263157894735,
            "specificity": 0.9410887397464579,
            "accuracy": 0.8822751322751323,
            "auc": 0.852396963076346,
            "average_precision": 0.4250055130511359,
            "f1_score": 0.4472049689440994,
            "ppv": 0.4768211920529801,
            "npv": 0.9272593681116826,
            "auc80": 0.7175931377038172,
            "youden_index": 0.36214137132540536
        },
        "NV": {
            "sensitivity": 0.8855885588558856,
            "specificity": 0.6583747927031509,
            "accuracy": 0.794973544973545,
            "auc": 0.8813669094936027,
            "average_precision": 0.9213565505354671,
            "f1_score": 0.8385416666666669,
            "ppv": 0.7962413452027696,
            "npv": 0.7924151696606786,
            "auc80": NaN,
            "youden_index": 0.5439633515590365
        },
        "BCC": {
            "sensitivity": 0.3870967741935484,
            "specificity": 0.959830866807611,
            "accuracy": 0.9246031746031746,
            "auc": 0.9072874279175854,
            "average_precision": 0.37298234207616937,
            "f1_score": 0.3870967741935484,
            "ppv": 0.3870967741935484,
            "npv": 0.959830866807611,
            "auc80": NaN,
            "youden_index": 0.34692764100115925
        },
        "AKIEC": {
            "sensitivity": 0.3953488372093023,
            "specificity": 0.9754935330156569,
            "accuracy": 0.958994708994709,
            "auc": 0.9103962512071176,
            "average_precision": 0.25936737423183565,
            "f1_score": 0.3541666666666667,
            "ppv": 0.32075471698113206,
            "npv": 0.9821795750514051,
            "auc80": NaN,
            "youden_index": 0.37084237022495925
        },
        "BKL": {
            "sensitivity": 0.3640552995391705,
            "specificity": 0.9173745173745174,
            "accuracy": 0.8379629629629629,
            "auc": 0.8134156539686495,
            "average_precision": 0.4495574903173645,
            "f1_score": 0.3920595533498759,
            "ppv": 0.42473118279569894,
            "npv": 0.8959276018099548,
            "auc80": NaN,
            "youden_index": 0.28142981691368796
        },
        "DF": {
            "sensitivity": 0.0,
            "specificity": 0.997275204359673,
            "accuracy": 0.9682539682539683,
            "auc": 0.8658502600941294,
            "average_precision": 0.11653653395937677,
            "f1_score": 0.0,
            "ppv": 0.0,
            "npv": 0.9708222811671088,
            "auc80": NaN,
            "youden_index": -0.0027247956403270157
        },
        "VASC": {
            "sensitivity": 0.2857142857142857,
            "specificity": 0.997291807718348,
            "accuracy": 0.9808201058201058,
            "auc": 0.9259115968662346,
            "average_precision": 0.49557828742203575,
            "f1_score": 0.40816326530612246,
            "ppv": 0.7142857142857143,
            "npv": 0.9833110814419226,
            "auc80": NaN,
            "youden_index": 0.2830060934326337
        }
    },
    "malignant_definition_used": [
        "MEL",
        "BCC",
        "AKIEC"
    ],
    "test_loss": 1.1905552905703347
}