{
    "epoch": 5,
    "num_classes": 7,
    "class_names": [
        "MEL",
        "NV",
        "BCC",
        "AKIEC",
        "BKL",
        "DF",
        "VASC"
    ],
    "per_class": {
        "MEL": {
            "fpr": [
                0.0,
                0.0,
                0.0,
                0.011627906976744186,
                0.011627906976744186,
                0.023255813953488372,
                0.023255813953488372,
                0.03488372093023256,
                0.03488372093023256,
                0.05813953488372093,
                0.05813953488372093,
                0.0755813953488372,
                0.0755813953488372,
                0.09883720930232558,
                0.09883720930232558,
                0.1686046511627907,
                0.1686046511627907,
                0.3488372093023256,
                0.3488372093023256,
                1.0
            ],
            "tpr": [
                0.0,
                0.047619047619047616,
                0.5714285714285714,
                0.5714285714285714,
                0.6190476190476191,
                0.6190476190476191,
                0.7142857142857143,
                0.7142857142857143,
                0.7619047619047619,
                0.7619047619047619,
                0.8095238095238095,
                0.8095238095238095,
                0.8571428571428571,
                0.8571428571428571,
                0.9047619047619048,
                0.9047619047619048,
                0.9523809523809523,
                0.9523809523809523,
                1.0,
                1.0
            ],
            "auc": 0.9598560354374308
        },
        "NV": {
            "fpr": [
                0.0,
                0.0,
                0.0,
                0.014285714285714285,
                0.014285714285714285,
                0.02857142857142857,
                0.02857142857142857,
                0.05714285714285714,
                0.05714285714285714,
                0.07142857142857142,
                0.07142857142857142,
                0.1,
                0.1,
                0.14285714285714285,
                0.14285714285714285,
                0.22857142857142856,
                0.22857142857142856,
                0.38571428571428573,
                0.38571428571428573,
                0.6142857142857143,
                0.6142857142857143,
                0.6285714285714286,
                0.6285714285714286,
                1.0
            ],
            "tpr": [
                0.0,
                0.008130081300813009,
                0.7804878048780488,
                0.7804878048780488,
                0.9024390243902439,
                0.9024390243902439,
                0.9105691056910569,
                0.9105691056910569,
                0.926829268292683,
                0.926829268292683,
                0.9349593495934959,
                0.9349593495934959,
                0.9512195121951219,
                0.9512195121951219,
                0.967479674796748,
                0.967479674796748,
                0.975609756097561,
                0.975609756097561,
                0.983739837398374,
                0.983739837398374,
                0.991869918699187,
                0.991869918699187,
                1.0,
                1.0
            ],
            "auc": 0.9774680603948896
        },
        "BCC": {
            "fpr": [
                0.0,
                0.0,
                0.0,
                0.0056179775280898875,
                0.0056179775280898875,
                0.011235955056179775,
                0.011235955056179775,
                0.016853932584269662,
                0.016853932584269662,
                0.033707865168539325,
                0.033707865168539325,
                1.0,
                1.0
            ],
            "tpr": [
                0.0,
                0.06666666666666667,
                0.4,
                0.4,
                0.4666666666666667,
                0.4666666666666667,
                0.7333333333333333,
                0.7333333333333333,
                0.8666666666666667,
                0.8666666666666667,
                0.9333333333333333,
                0.9333333333333333,
                1.0
            ],
            "auc": 0.9254681647940075
        },
        "AKIEC": {
            "fpr": [
                0.0,
                0.005405405405405406,
                0.005405405405405406,
                0.021621621621621623,
                0.021621621621621623,
                0.16756756756756758,
                0.16756756756756758,
                1.0
            ],
            "tpr": [
                0.0,
                0.0,
                0.75,
                0.75,
                0.875,
                0.875,
                1.0,
                1.0
            ],
            "auc": 0.9722972972972972
        },
        "BKL": {
            "fpr": [
                0.0,
                0.0,
                0.0,
                0.011695906432748537,
                0.011695906432748537,
                0.017543859649122806,
                0.017543859649122806,
                0.03508771929824561,
                0.03508771929824561,
                0.04093567251461988,
                0.04093567251461988,
                0.04678362573099415,
                0.04678362573099415,
                0.3157894736842105,
                0.3157894736842105,
                0.3567251461988304,
                0.3567251461988304,
                1.0
            ],
            "tpr": [
                0.0,
                0.045454545454545456,
                0.4090909090909091,
                0.4090909090909091,
                0.6363636363636364,
                0.6363636363636364,
                0.7272727272727273,
                0.7272727272727273,
                0.7727272727272727,
                0.7727272727272727,
                0.8636363636363636,
                0.8636363636363636,
                0.9090909090909091,
                0.9090909090909091,
                0.9545454545454546,
                0.9545454545454546,
                1.0,
                1.0
            ],
            "auc": 0.9577352472089316
        },
        "DF": {
            "fpr": [
                0.0,
                0.005208333333333333,
                0.03125,
                0.03125,
                1.0
            ],
            "tpr": [
                0.0,
                0.0,
                0.0,
                1.0,
                1.0
            ],
            "auc": 0.96875
        },
        "VASC": {
            "fpr": [
                0.0,
                0.0,
                0.0,
                1.0
            ],
            "tpr": [
                0.0,
                0.3333333333333333,
                1.0,
                1.0
            ],
            "auc": 1.0
        }
    },
    "macro_average_auc": 0.9692012770614098
}