{
    "epoch": 75,
    "num_classes": 7,
    "class_names": [
        "MEL",
        "NV",
        "BCC",
        "AKIEC",
        "BKL",
        "DF",
        "VASC"
    ],
    "per_class": {
        "MEL": {
            "fpr": [
                0.0,
                0.0,
                0.0,
                0.005813953488372093,
                0.005813953488372093,
                0.011627906976744186,
                0.011627906976744186,
                0.01744186046511628,
                0.01744186046511628,
                0.023255813953488372,
                0.023255813953488372,
                0.040697674418604654,
                0.040697674418604654,
                0.046511627906976744,
                0.046511627906976744,
                0.11046511627906977,
                0.11046511627906977,
                0.12209302325581395,
                0.12209302325581395,
                0.19186046511627908,
                0.19186046511627908,
                0.21511627906976744,
                0.21511627906976744,
                0.23255813953488372,
                0.23255813953488372,
                1.0
            ],
            "tpr": [
                0.0,
                0.047619047619047616,
                0.19047619047619047,
                0.19047619047619047,
                0.38095238095238093,
                0.38095238095238093,
                0.42857142857142855,
                0.42857142857142855,
                0.47619047619047616,
                0.47619047619047616,
                0.6190476190476191,
                0.6190476190476191,
                0.7142857142857143,
                0.7142857142857143,
                0.7619047619047619,
                0.7619047619047619,
                0.8095238095238095,
                0.8095238095238095,
                0.8571428571428571,
                0.8571428571428571,
                0.9047619047619048,
                0.9047619047619048,
                0.9523809523809523,
                0.9523809523809523,
                1.0,
                1.0
            ],
            "auc": 0.9465669988925803
        },
        "NV": {
            "fpr": [
                0.0,
                0.0,
                0.0,
                0.0,
                0.0,
                0.0,
                0.0,
                0.0,
                0.0,
                0.0,
                0.0,
                0.0,
                0.0,
                0.0,
                0.0,
                0.014285714285714285,
                0.014285714285714285,
                0.02857142857142857,
                0.02857142857142857,
                0.05714285714285714,
                0.05714285714285714,
                0.1,
                0.1,
                0.15714285714285714,
                0.15714285714285714,
                0.17142857142857143,
                0.17142857142857143,
                0.24285714285714285,
                0.24285714285714285,
                0.2571428571428571,
                0.2571428571428571,
                0.35714285714285715,
                0.35714285714285715,
                0.44285714285714284,
                0.44285714285714284,
                0.5285714285714286,
                0.5285714285714286,
                0.6142857142857143,
                0.6142857142857143,
                1.0
            ],
            "tpr": [
                0.0,
                0.008130081300813009,
                0.024390243902439025,
                0.032520325203252036,
                0.04878048780487805,
                0.056910569105691054,
                0.08943089430894309,
                0.13008130081300814,
                0.13821138211382114,
                0.15447154471544716,
                0.17886178861788618,
                0.1951219512195122,
                0.2682926829268293,
                0.2845528455284553,
                0.6097560975609756,
                0.6097560975609756,
                0.7723577235772358,
                0.7723577235772358,
                0.8617886178861789,
                0.8617886178861789,
                0.8780487804878049,
                0.8780487804878049,
                0.9186991869918699,
                0.9186991869918699,
                0.926829268292683,
                0.926829268292683,
                0.9349593495934959,
                0.9349593495934959,
                0.9512195121951219,
                0.9512195121951219,
                0.967479674796748,
                0.967479674796748,
                0.975609756097561,
                0.975609756097561,
                0.983739837398374,
                0.983739837398374,
                0.991869918699187,
                0.991869918699187,
                1.0,
                1.0
            ],
            "auc": 0.9635307781649245
        },
        "BCC": {
            "fpr": [
                0.0,
                0.0056179775280898875,
                0.0056179775280898875,
                0.011235955056179775,
                0.011235955056179775,
                0.016853932584269662,
                0.016853932584269662,
                0.028089887640449437,
                0.028089887640449437,
                0.06179775280898876,
                0.06179775280898876,
                0.06741573033707865,
                0.06741573033707865,
                0.10112359550561797,
                0.10112359550561797,
                1.0
            ],
            "tpr": [
                0.0,
                0.0,
                0.26666666666666666,
                0.26666666666666666,
                0.4,
                0.4,
                0.6,
                0.6,
                0.7333333333333333,
                0.7333333333333333,
                0.8,
                0.8,
                0.8666666666666667,
                0.8666666666666667,
                1.0,
                1.0
            ],
            "auc": 0.9677902621722846
        },
        "AKIEC": {
            "fpr": [
                0.0,
                0.005405405405405406,
                0.021621621621621623,
                0.021621621621621623,
                0.032432432432432434,
                0.032432432432432434,
                0.05945945945945946,
                0.05945945945945946,
                0.07567567567567568,
                0.07567567567567568,
                0.0972972972972973,
                0.0972972972972973,
                0.20540540540540542,
                0.20540540540540542,
                0.21621621621621623,
                0.21621621621621623,
                0.5405405405405406,
                0.5405405405405406,
                1.0
            ],
            "tpr": [
                0.0,
                0.0,
                0.0,
                0.125,
                0.125,
                0.25,
                0.25,
                0.375,
                0.375,
                0.5,
                0.5,
                0.625,
                0.625,
                0.75,
                0.75,
                0.875,
                0.875,
                1.0,
                1.0
            ],
            "auc": 0.8439189189189189
        },