{
    "epoch": 90,
    "num_classes": 7,
    "class_names": [
        "MEL",
        "NV",
        "BCC",
        "AKIEC",
        "BKL",
        "DF",
        "VASC"
    ],
    "per_class": {
        "MEL": {
            "fpr": [
                0.0,
                0.0,
                0.0,
                0.005813953488372093,
                0.005813953488372093,
                0.011627906976744186,
                0.011627906976744186,
                0.01744186046511628,
                0.01744186046511628,
                0.029069767441860465,
                0.029069767441860465,
                0.046511627906976744,
                0.046511627906976744,
                0.05813953488372093,
                0.05813953488372093,
                0.12209302325581395,
                0.12209302325581395,
                0.20930232558139536,
                0.20930232558139536,
                0.25,
                0.25,
                0.28488372093023256,
                0.28488372093023256,
                1.0
            ],
            "tpr": [
                0.0,
                0.047619047619047616,
                0.14285714285714285,
                0.14285714285714285,
                0.2857142857142857,
                0.2857142857142857,
                0.47619047619047616,
                0.47619047619047616,
                0.5238095238095238,
                0.5238095238095238,
                0.6666666666666666,
                0.6666666666666666,
                0.7142857142857143,
                0.7142857142857143,
                0.7619047619047619,
                0.7619047619047619,
                0.8095238095238095,
                0.8095238095238095,
                0.8571428571428571,
                0.8571428571428571,
                0.9523809523809523,
                0.9523809523809523,
                1.0,
                1.0
            ],
            "auc": 0.9338316722037652
        },
        "NV": {
            "fpr": [
                0.0,
                0.0,
                0.0,
                0.0,
                0.0,
                0.0,
                0.0,
                0.0,
                0.0,
                0.0,
                0.014285714285714285,
                0.014285714285714285,
                0.02857142857142857,
                0.02857142857142857,
                0.04285714285714286,
                0.04285714285714286,
                0.05714285714285714,
                0.05714285714285714,
                0.07142857142857142,
                0.07142857142857142,
                0.08571428571428572,
                0.08571428571428572,
                0.1,
                0.1,
                0.12857142857142856,
                0.12857142857142856,
                0.18571428571428572,
                0.18571428571428572,
                0.24285714285714285,
                0.24285714285714285,
                0.32857142857142857,
                0.32857142857142857,
                0.34285714285714286,
                0.34285714285714286,
                0.4142857142857143,
                0.4142857142857143,
                0.5714285714285714,
                0.5714285714285714,
                0.6428571428571429,
                0.6428571428571429,
                1.0
            ],
            "tpr": [
                0.0,
                0.016260162601626018,
                0.032520325203252036,
                0.04065040650406504,
                0.07317073170731707,
                0.08943089430894309,
                0.13821138211382114,
                0.16260162601626016,
                0.17886178861788618,
                0.6260162601626016,
                0.6260162601626016,
                0.7479674796747967,
                0.7479674796747967,
                0.7804878048780488,
                0.7804878048780488,
                0.8211382113821138,
                0.8211382113821138,
                0.8373983739837398,
                0.8373983739837398,
                0.8861788617886179,
                0.8861788617886179,
                0.8943089430894309,
                0.8943089430894309,
                0.9105691056910569,
                0.9105691056910569,
                0.9186991869918699,
                0.9186991869918699,
                0.9349593495934959,
                0.9349593495934959,
                0.9512195121951219,
                0.9512195121951219,
                0.959349593495935,
                0.959349593495935,
                0.975609756097561,
                0.975609756097561,
                0.983739837398374,
                0.983739837398374,
                0.991869918699187,
                0.991869918699187,
                1.0,
                1.0
            ],
            "auc": 0.959349593495935
        },
        "BCC": {
            "fpr": [
                0.0,
                0.0,
                0.0056179775280898875,
                0.0056179775280898875,
                0.016853932584269662,
                0.016853932584269662,
                0.02247191011235955,
                0.02247191011235955,
                0.028089887640449437,
                0.028089887640449437,
                0.03932584269662921,
                0.03932584269662921,
                0.0449438202247191,
                0.0449438202247191,
                0.05056179775280899,
                0.05056179775280899,
                0.06741573033707865,
                0.06741573033707865,
                0.08426966292134831,
                0.08426966292134831,
                1.0
            ],
            "tpr": [
                0.0,
                0.06666666666666667,
                0.06666666666666667,
                0.3333333333333333,
                0.3333333333333333,
                0.4,
                0.4,
                0.4666666666666667,
                0.4666666666666667,
                0.6,
                0.6,
                0.6666666666666666,
                0.6666666666666666,
                0.7333333333333333,
                0.7333333333333333,
                0.8,
                0.8,
                0.9333333333333333,
                0.9333333333333333,
                1.0,
                1.0
            ],
            "auc": 0.9685393258426966
        },
        "AKIEC": {
            "fpr": [
                0.0,
                0.005405405405405406,
                0.010810810810810811,
                0.010810810810810811,
                0.032432432432432434,
                0.032432432432432434,
                0.043243243243243246,
                0.043243243243243246,
                0.04864864864864865,
                0.04864864864864865,
                0.08648648648648649,
                0.08648648648648649,
                0.14054054054054055,
                0.14054054054054055,
                0.1837837837837838,
                0.1837837837837838,
                0.5297297297297298,
                0.5297297297297298,
                1.0
            ],
            "tpr": [
                0.0,
                0.0,
                0.0,
                0.125,
                0.125,
                0.25,
                0.25,
                0.375,
                0.375,
                0.5,
                0.5,
                0.625,
                0.625,
                0.75,
                0.75,
                0.875,
                0.875,
                1.0,
                1.0
            ],
            "auc": 0.8655405405405405
        },