{
    "epoch": 5,
    "num_classes": 7,
    "class_names": [
        "MEL",
        "NV",
        "BCC",
        "AKIEC",
        "BKL",
        "DF",
        "VASC"
    ],
    "per_class": {
        "MEL": {
            "fpr": [
                0.0,
                0.005813953488372093,
                0.03488372093023256,
                0.03488372093023256,
                0.040697674418604654,
                0.040697674418604654,
                0.046511627906976744,
                0.046511627906976744,
                0.0872093023255814,
                0.0872093023255814,
                0.09302325581395349,
                0.09302325581395349,
                0.09883720930232558,
                0.09883720930232558,
                0.11046511627906977,
                0.11046511627906977,
                0.12790697674418605,
                0.12790697674418605,
                0.13953488372093023,
                0.13953488372093023,
                0.1686046511627907,
                0.1686046511627907,
                0.21511627906976744,
                0.21511627906976744,
                0.22674418604651161,
                0.22674418604651161,
                0.25,
                0.25,
                0.27325581395348836,
                0.27325581395348836,
                0.29651162790697677,
                0.29651162790697677,
                0.3488372093023256,
                0.3488372093023256,
                0.38372093023255816,
                0.38372093023255816,
                1.0
            ],
            "tpr": [
                0.0,
                0.0,
                0.0,
                0.047619047619047616,
                0.047619047619047616,
                0.09523809523809523,
                0.09523809523809523,
                0.14285714285714285,
                0.14285714285714285,
                0.23809523809523808,
                0.23809523809523808,
                0.2857142857142857,
                0.2857142857142857,
                0.3333333333333333,
                0.3333333333333333,
                0.42857142857142855,
                0.42857142857142855,
                0.47619047619047616,
                0.47619047619047616,
                0.5238095238095238,
                0.5238095238095238,
                0.6666666666666666,
                0.6666666666666666,
                0.7142857142857143,
                0.7142857142857143,
                0.7619047619047619,
                0.7619047619047619,
                0.8095238095238095,
                0.8095238095238095,
                0.8571428571428571,
                0.8571428571428571,
                0.9047619047619048,
                0.9047619047619048,
                0.9523809523809523,
                0.9523809523809523,
                1.0,
                1.0
            ],
            "auc": 0.8344407530454042
        },
        "NV": {
            "fpr": [
                0.0,
                0.0,
                0.0,
                0.014285714285714285,
                0.014285714285714285,
                0.07142857142857142,
                0.07142857142857142,
                0.08571428571428572,
                0.08571428571428572,
                0.1,
                0.1,
                0.11428571428571428,
                0.11428571428571428,
                0.12857142857142856,
                0.12857142857142856,
                0.14285714285714285,
                0.14285714285714285,
                0.17142857142857143,
                0.17142857142857143,
                0.22857142857142856,
                0.22857142857142856,
                0.2714285714285714,
                0.2714285714285714,
                0.2857142857142857,
                0.2857142857142857,
                0.3142857142857143,
                0.3142857142857143,
                0.4,
                0.4,
                0.4142857142857143,
                0.4142857142857143,
                0.4857142857142857,
                0.4857142857142857,
                0.5142857142857142,
                0.5142857142857142,
                0.6428571428571429,
                0.6428571428571429,
                0.7571428571428571,
                0.7571428571428571,
                0.7714285714285715,
                0.7714285714285715,
                1.0
            ],
            "tpr": [
                0.0,
                0.008130081300813009,
                0.6341463414634146,
                0.6341463414634146,
                0.7073170731707317,
                0.7073170731707317,
                0.7479674796747967,
                0.7479674796747967,
                0.7560975609756098,
                0.7560975609756098,
                0.7723577235772358,
                0.7723577235772358,
                0.7886178861788617,
                0.7886178861788617,
                0.8455284552845529,
                0.8455284552845529,
                0.8536585365853658,
                0.8536585365853658,
                0.8780487804878049,
                0.8780487804878049,
                0.8861788617886179,
                0.8861788617886179,
                0.9024390243902439,
                0.9024390243902439,
                0.9186991869918699,
                0.9186991869918699,
                0.9349593495934959,
                0.9349593495934959,
                0.943089430894309,
                0.943089430894309,
                0.9512195121951219,
                0.9512195121951219,
                0.967479674796748,
                0.967479674796748,
                0.975609756097561,
                0.975609756097561,
                0.983739837398374,
                0.983739837398374,
                0.991869918699187,
                0.991869918699187,
                1.0,
                1.0
            ],
            "auc": 0.9268292682926829
        },
        "BCC": {
            "fpr": [
                0.0,
                0.0056179775280898875,
                0.0056179775280898875,
                0.011235955056179775,
                0.011235955056179775,
                0.02247191011235955,
                0.02247191011235955,
                0.028089887640449437,
                0.028089887640449437,
                0.056179775280898875,
                0.056179775280898875,
                0.07865168539325842,
                0.07865168539325842,
                0.11797752808988764,
                0.11797752808988764,
                0.1348314606741573,
                0.1348314606741573,
                0.16292134831460675,
                0.16292134831460675,
                0.29775280898876405,
                0.29775280898876405,
                1.0
            ],
            "tpr": [
                0.0,
                0.0,
                0.4,
                0.4,
                0.4666666666666667,
                0.4666666666666667,
                0.5333333333333333,
                0.5333333333333333,
                0.6,
                0.6,
                0.6666666666666666,
                0.6666666666666666,
                0.7333333333333333,
                0.7333333333333333,
                0.8,
                0.8,
                0.8666666666666667,
                0.8666666666666667,
                0.9333333333333333,
                0.9333333333333333,
                1.0,
                1.0
            ],
            "auc": 0.9370786516853933
        },