{
    "epoch": 100,
    "num_classes": 7,
    "class_names": [
        "MEL",
        "NV",
        "BCC",
        "AKIEC",
        "BKL",
        "DF",
        "VASC"
    ],
    "per_class": {
        "MEL": {
            "fpr": [
                0.0,
                0.0,
                0.0,
                0.011627906976744186,
                0.011627906976744186,
                0.01744186046511628,
                0.01744186046511628,
                0.03488372093023256,
                0.03488372093023256,
                0.040697674418604654,
                0.040697674418604654,
                0.05813953488372093,
                0.05813953488372093,
                0.06976744186046512,
                0.06976744186046512,
                0.12790697674418605,
                0.12790697674418605,
                0.13372093023255813,
                0.13372093023255813,
                0.18604651162790697,
                0.18604651162790697,
                0.20930232558139536,
                0.20930232558139536,
                0.22093023255813954,
                0.22093023255813954,
                0.22674418604651161,
                0.22674418604651161,
                1.0
            ],
            "tpr": [
                0.0,
                0.047619047619047616,
                0.2857142857142857,
                0.2857142857142857,
                0.3333333333333333,
                0.3333333333333333,
                0.38095238095238093,
                0.38095238095238093,
                0.5238095238095238,
                0.5238095238095238,
                0.6190476190476191,
                0.6190476190476191,
                0.6666666666666666,
                0.6666666666666666,
                0.7142857142857143,
                0.7142857142857143,
                0.7619047619047619,
                0.7619047619047619,
                0.8095238095238095,
                0.8095238095238095,
                0.8571428571428571,
                0.8571428571428571,
                0.9047619047619048,
                0.9047619047619048,
                0.9523809523809523,
                0.9523809523809523,
                1.0,
                1.0
            ],
            "auc": 0.9310631229235881
        },
        "NV": {
            "fpr": [
                0.0,
                0.0,
                0.0,
                0.0,
                0.0,
                0.0,
                0.0,
                0.0,
                0.0,
                0.0,
                0.0,
                0.0,
                0.014285714285714285,
                0.014285714285714285,
                0.02857142857142857,
                0.02857142857142857,
                0.05714285714285714,
                0.05714285714285714,
                0.07142857142857142,
                0.07142857142857142,
                0.08571428571428572,
                0.08571428571428572,
                0.12857142857142856,
                0.12857142857142856,
                0.14285714285714285,
                0.14285714285714285,
                0.22857142857142856,
                0.22857142857142856,
                0.3142857142857143,
                0.3142857142857143,
                0.38571428571428573,
                0.38571428571428573,
                0.4142857142857143,
                0.4142857142857143,
                0.45714285714285713,
                0.45714285714285713,
                0.5142857142857142,
                0.5142857142857142,
                1.0
            ],
            "tpr": [
                0.0,
                0.008130081300813009,
                0.024390243902439025,
                0.032520325203252036,
                0.06504065040650407,
                0.0975609756097561,
                0.11382113821138211,
                0.13008130081300814,
                0.15447154471544716,
                0.16260162601626016,
                0.18699186991869918,
                0.7073170731707317,
                0.7073170731707317,
                0.7804878048780488,
                0.7804878048780488,
                0.8211382113821138,
                0.8211382113821138,
                0.8617886178861789,
                0.8617886178861789,
                0.8699186991869918,
                0.8699186991869918,
                0.9105691056910569,
                0.9105691056910569,
                0.9186991869918699,
                0.9186991869918699,
                0.926829268292683,
                0.926829268292683,
                0.9349593495934959,
                0.9349593495934959,
                0.959349593495935,
                0.959349593495935,
                0.967479674796748,
                0.967479674796748,
                0.975609756097561,
                0.975609756097561,
                0.991869918699187,
                0.991869918699187,
                1.0,
                1.0
            ],
            "auc": 0.9615563298490127
        },
        "BCC": {
            "fpr": [
                0.0,
                0.0,
                0.0,
                0.0056179775280898875,
                0.0056179775280898875,
                0.016853932584269662,
                0.016853932584269662,
                0.028089887640449437,
                0.028089887640449437,
                0.033707865168539325,
                0.033707865168539325,
                0.0449438202247191,
                0.0449438202247191,
                0.05056179775280899,
                0.05056179775280899,
                0.06179775280898876,
                0.06179775280898876,
                0.07303370786516854,
                0.07303370786516854,
                0.07865168539325842,
                0.07865168539325842,
                1.0
            ],
            "tpr": [
                0.0,
                0.06666666666666667,
                0.2,
                0.2,
                0.26666666666666666,
                0.26666666666666666,
                0.4,
                0.4,
                0.4666666666666667,
                0.4666666666666667,
                0.6,
                0.6,
                0.6666666666666666,
                0.6666666666666666,
                0.7333333333333333,
                0.7333333333333333,
                0.8,
                0.8,
                0.9333333333333333,
                0.9333333333333333,
                1.0,
                1.0
            ],
            "auc": 0.9655430711610488
        },
        "AKIEC": {
            "fpr": [
                0.0,
                0.005405405405405406,
                0.03783783783783784,
                0.03783783783783784,
                0.043243243243243246,
                0.043243243243243246,
                0.04864864864864865,
                0.04864864864864865,
                0.05945945945945946,
                0.05945945945945946,
                0.07027027027027027,
                0.07027027027027027,
                0.12432432432432433,
                0.12432432432432433,
                0.2,
                0.2,
                0.4648648648648649,
                0.4648648648648649,
                1.0
            ],
            "tpr": [
                0.0,
                0.0,
                0.0,
                0.125,
                0.125,
                0.25,
                0.25,
                0.375,
                0.375,
                0.5,
                0.5,
                0.625,
                0.625,
                0.75,
                0.75,
                0.875,
                0.875,
                1.0,
                1.0
            ],
            "auc": 0.8689189189189189
        },