{
    "overall": {
        "accuracy": 82.90155440414507,
        "balanced_multiclass_accuracy": 0.8485184095811273,
        "macro_recall": 0.8485184095811273,
        "macro_precision": 0.6933941997851772,
        "macro_f1": 0.7318812134069009,
        "multiclass_macro_auc_ovr": 0.9649249072893967,
        "mean_auc_all_diagnoses": 0.9649249072893967,
        "mean_average_precision_all_diagnoses": 0.8725920787389655,
        "mean_sensitivity": 0.8485184095811273,
        "mean_specificity": 0.9686579522637404,
        "mean_accuracy": 0.9511472982975573,
        "mean_f1": 0.7318812134069009,
        "mean_ppv": 0.6933941997851772,
        "mean_npv": 0.9587333195630698,
        "melanoma_auc80": 0.7436323366555924,
        "malignant_vs_benign_auc": 0.9324283099450884,
        "mcc": 0.7182088718138734,
        "cohen_kappa": 0.713224368499257,
        "mean_youden_index": 0.8171763618448679
    },
    "per_class": {
        "MEL": {
            "sensitivity": 0.5714285714285714,
            "specificity": 0.9534883720930233,
            "accuracy": 0.9119170984455959,
            "auc": 0.8845514950166112,
            "average_precision": 0.6643091408433214,
            "f1_score": 0.5853658536585366,
            "ppv": 0.6,
            "npv": 0.9479768786127167,
            "auc80": 0.7436323366555924,
            "youden_index": 0.5249169435215948
        },
        "NV": {
            "sensitivity": 0.8780487804878049,
            "specificity": 0.9428571428571428,
            "accuracy": 0.9015544041450777,
            "auc": 0.9759581881533101,
            "average_precision": 0.9859928247651618,
            "f1_score": 0.9191489361702128,
            "ppv": 0.9642857142857143,
            "npv": 0.8148148148148148,
            "auc80": NaN,
            "youden_index": 0.8209059233449478
        },
        "BCC": {
            "sensitivity": 0.9333333333333333,
            "specificity": 0.9775280898876404,
            "accuracy": 0.9740932642487047,
            "auc": 0.9910112359550561,
            "average_precision": 0.8276488326488327,
            "f1_score": 0.8484848484848485,
            "ppv": 0.7777777777777778,
            "npv": 0.9942857142857143,
            "auc80": NaN,
            "youden_index": 0.9108614232209737
        },
        "AKIEC": {
            "sensitivity": 0.875,
            "specificity": 0.9405405405405406,
            "accuracy": 0.9378238341968912,
            "auc": 0.9824324324324324,
            "average_precision": 0.8529425883256528,
            "f1_score": 0.5384615384615385,
            "ppv": 0.3888888888888889,
            "npv": 0.9942857142857143,
            "auc80": NaN,
            "youden_index": 0.8155405405405407
        },
        "BKL": {
            "sensitivity": 0.6818181818181818,
            "specificity": 0.9766081871345029,
            "accuracy": 0.9430051813471503,
            "auc": 0.9205209994683679,
            "average_precision": 0.7772511645897894,
            "f1_score": 0.7317073170731707,
            "ppv": 0.7894736842105263,
            "npv": 0.9597701149425287,
            "auc80": NaN,
            "youden_index": 0.6584263689526848
        },
        "DF": {
            "sensitivity": 1.0,
            "specificity": 0.9895833333333334,
            "accuracy": 0.9896373056994818,
            "auc": 1.0,
            "average_precision": 1.0,
            "f1_score": 0.5,
            "ppv": 0.3333333333333333,
            "npv": 1.0,
            "auc80": NaN,
            "youden_index": 0.9895833333333335
        },
        "VASC": {
            "sensitivity": 1.0,
            "specificity": 1.0,
            "accuracy": 1.0,
            "auc": 1.0,
            "average_precision": 1.0,
            "f1_score": 1.0,
            "ppv": 1.0,
            "npv": 1.0,
            "auc80": NaN,
            "youden_index": 1.0
        }
    },
    "malignant_definition_used": [
        "MEL",
        "BCC",
        "AKIEC"
    ],
    "val_loss": 0.9984657622371931
}