{
    "overall": {
        "accuracy": 85.49222797927462,
        "balanced_multiclass_accuracy": 0.7478517127471831,
        "macro_recall": 0.7478517127471831,
        "macro_precision": 0.6826839826839828,
        "macro_f1": 0.7063002352335547,
        "multiclass_macro_auc_ovr": 0.9549312972281528,
        "mean_auc_all_diagnoses": 0.9549312972281528,
        "mean_average_precision_all_diagnoses": 0.7486866824434318,
        "mean_sensitivity": 0.7478517127471831,
        "mean_specificity": 0.9733981022578463,
        "mean_accuracy": 0.9585492227979274,
        "mean_f1": 0.7063002352335547,
        "mean_ppv": 0.6826839826839828,
        "mean_npv": 0.9625863815218434,
        "melanoma_auc80": 0.8889811738648947,
        "malignant_vs_benign_auc": 0.9161073825503356,
        "mcc": 0.7634394091291803,
        "cohen_kappa": 0.7570471609045543,
        "mean_youden_index": 0.7212498150050294
    },
    "per_class": {
        "MEL": {
            "sensitivity": 0.7142857142857143,
            "specificity": 0.9709302325581395,
            "accuracy": 0.9430051813471503,
            "auc": 0.9069767441860465,
            "average_precision": 0.815516186701151,
            "f1_score": 0.7317073170731706,
            "ppv": 0.75,
            "npv": 0.9653179190751445,
            "auc80": 0.8889811738648947,
            "youden_index": 0.6852159468438539
        },
        "NV": {
            "sensitivity": 0.8699186991869918,
            "specificity": 0.9571428571428572,
            "accuracy": 0.9015544041450777,
            "auc": 0.9759581881533101,
            "average_precision": 0.9875685741472955,
            "f1_score": 0.9184549356223175,
            "ppv": 0.9727272727272728,
            "npv": 0.8072289156626506,
            "auc80": NaN,
            "youden_index": 0.8270615563298489
        },
        "BCC": {
            "sensitivity": 0.8666666666666667,
            "specificity": 0.9887640449438202,
            "accuracy": 0.9792746113989638,
            "auc": 0.9397003745318353,
            "average_precision": 0.8429729067229067,
            "f1_score": 0.8666666666666667,
            "ppv": 0.8666666666666667,
            "npv": 0.9887640449438202,
            "auc80": NaN,
            "youden_index": 0.8554307116104869
        },
        "AKIEC": {
            "sensitivity": 0.875,
            "specificity": 0.972972972972973,
            "accuracy": 0.9689119170984456,
            "auc": 0.9702702702702702,
            "average_precision": 0.689484126984127,
            "f1_score": 0.7000000000000001,
            "ppv": 0.5833333333333334,
            "npv": 0.994475138121547,
            "auc80": NaN,
            "youden_index": 0.847972972972973
        },
        "BKL": {
            "sensitivity": 0.9090909090909091,
            "specificity": 0.9239766081871345,
            "accuracy": 0.9222797927461139,
            "auc": 0.9332801701222755,
            "average_precision": 0.7941538714374321,
            "f1_score": 0.7272727272727273,
            "ppv": 0.6060606060606061,
            "npv": 0.9875,
            "auc80": NaN,
            "youden_index": 0.8330675172780435
        },
        "DF": {
            "sensitivity": 0.0,
            "specificity": 1.0,
            "accuracy": 0.9948186528497409,
            "auc": 0.9583333333333334,
            "average_precision": 0.1111111111111111,
            "f1_score": 0.0,
            "ppv": 0.0,
            "npv": 0.9948186528497409,
            "auc80": NaN,
            "youden_index": 0.0
        },
        "VASC": {
            "sensitivity": 1.0,
            "specificity": 1.0,
            "accuracy": 1.0,
            "auc": 1.0,
            "average_precision": 1.0,
            "f1_score": 1.0,
            "ppv": 1.0,
            "npv": 1.0,
            "auc80": NaN,
            "youden_index": 1.0
        }
    },
    "malignant_definition_used": [
        "MEL",
        "BCC",
        "AKIEC"
    ],
    "val_loss": 0.9840262220313511
}