{
    "overall": {
        "accuracy": 76.16580310880829,
        "balanced_multiclass_accuracy": 0.600943858696472,
        "macro_recall": 0.600943858696472,
        "macro_precision": 0.5330429491143777,
        "macro_f1": 0.5462604644775497,
        "multiclass_macro_auc_ovr": 0.9392784498250943,
        "mean_auc_all_diagnoses": 0.9392784498250943,
        "mean_average_precision_all_diagnoses": 0.6070332883743025,
        "mean_sensitivity": 0.600943858696472,
        "mean_specificity": 0.9506856341506413,
        "mean_accuracy": 0.9319022945965951,
        "mean_f1": 0.5462604644775497,
        "mean_ppv": 0.5330429491143777,
        "mean_npv": 0.9453644562348525,
        "melanoma_auc80": 0.8067552602436323,
        "malignant_vs_benign_auc": 0.9270896888346554
    },
    "per_class": {
        "MEL": {
            "sensitivity": 0.5238095238095238,
            "specificity": 0.9709302325581395,
            "accuracy": 0.9222797927461139,
            "auc": 0.913344407530454,
            "average_precision": 0.603406702438305,
            "f1_score": 0.5945945945945946,
            "ppv": 0.6875,
            "npv": 0.943502824858757,
            "auc80": 0.8067552602436323
        },
        "NV": {
            "sensitivity": 0.8699186991869918,
            "specificity": 0.8571428571428571,
            "accuracy": 0.8652849740932642,
            "auc": 0.9281068524970965,
            "average_precision": 0.9638054000099144,
            "f1_score": 0.8916666666666666,
            "ppv": 0.9145299145299145,
            "npv": 0.7894736842105263,
            "auc80": NaN
        },
        "BCC": {
            "sensitivity": 0.7333333333333333,
            "specificity": 0.9887640449438202,
            "accuracy": 0.9689119170984456,
            "auc": 0.9838951310861423,
            "average_precision": 0.8927272727272727,
            "f1_score": 0.7857142857142856,
            "ppv": 0.8461538461538461,
            "npv": 0.9777777777777777,
            "auc80": NaN
        },
        "AKIEC": {
            "sensitivity": 0.625,
            "specificity": 0.9675675675675676,
            "accuracy": 0.9533678756476683,
            "auc": 0.8979729729729731,
            "average_precision": 0.42817242121677607,
            "f1_score": 0.5263157894736842,
            "ppv": 0.45454545454545453,
            "npv": 0.9835164835164835,
            "auc80": NaN
        },
        "BKL": {
            "sensitivity": 0.45454545454545453,
            "specificity": 0.9122807017543859,
            "accuracy": 0.8601036269430051,
            "auc": 0.8811802232854864,
            "average_precision": 0.388899000005627,
            "f1_score": 0.4255319148936171,
            "ppv": 0.4,
            "npv": 0.9285714285714286,
            "auc80": NaN
        },
        "DF": {
            "sensitivity": 0.0,
            "specificity": 0.9791666666666666,
            "accuracy": 0.9740932642487047,
            "auc": 0.9739583333333334,
            "average_precision": 0.16666666666666666,
            "f1_score": 0.0,
            "ppv": 0.0,
            "npv": 0.9947089947089947,
            "auc80": NaN
        },
        "VASC": {
            "sensitivity": 1.0,
            "specificity": 0.9789473684210527,
            "accuracy": 0.9792746113989638,
            "auc": 0.9964912280701754,
            "average_precision": 0.8055555555555556,
            "f1_score": 0.6,
            "ppv": 0.42857142857142855,
            "npv": 1.0,
            "auc80": NaN
        }
    },
    "malignant_definition_used": [
        "MEL",
        "BCC",
        "AKIEC"
    ],
    "val_loss": 0.7524978320833315
}