{
    "epoch": 5,
    "num_classes": 7,
    "class_names": [
        "MEL",
        "NV",
        "BCC",
        "AKIEC",
        "BKL",
        "DF",
        "VASC"
    ],
    "per_class": {
        "MEL": {
            "fpr": [
                0.0,
                0.0,
                0.0,
                0.005813953488372093,
                0.005813953488372093,
                0.011627906976744186,
                0.011627906976744186,
                0.023255813953488372,
                0.023255813953488372,
                0.029069767441860465,
                0.029069767441860465,
                0.05232558139534884,
                0.05232558139534884,
                0.06395348837209303,
                0.06395348837209303,
                0.0872093023255814,
                0.0872093023255814,
                0.12209302325581395,
                0.12209302325581395,
                0.14534883720930233,
                0.14534883720930233,
                0.1569767441860465,
                0.1569767441860465,
                0.2558139534883721,
                0.2558139534883721,
                0.38953488372093026,
                0.38953488372093026,
                0.9418604651162791,
                0.9418604651162791,
                1.0
            ],
            "tpr": [
                0.0,
                0.047619047619047616,
                0.14285714285714285,
                0.14285714285714285,
                0.2857142857142857,
                0.2857142857142857,
                0.38095238095238093,
                0.38095238095238093,
                0.47619047619047616,
                0.47619047619047616,
                0.5238095238095238,
                0.5238095238095238,
                0.5714285714285714,
                0.5714285714285714,
                0.6190476190476191,
                0.6190476190476191,
                0.6666666666666666,
                0.6666666666666666,
                0.7142857142857143,
                0.7142857142857143,
                0.7619047619047619,
                0.7619047619047619,
                0.8571428571428571,
                0.8571428571428571,
                0.9047619047619048,
                0.9047619047619048,
                0.9523809523809523,
                0.9523809523809523,
                1.0,
                1.0
            ],
            "auc": 0.8815060908084164
        },
        "NV": {
            "fpr": [
                0.0,
                0.0,
                0.0,
                0.014285714285714285,
                0.014285714285714285,
                0.02857142857142857,
                0.02857142857142857,
                0.04285714285714286,
                0.04285714285714286,
                0.05714285714285714,
                0.05714285714285714,
                0.07142857142857142,
                0.07142857142857142,
                0.08571428571428572,
                0.08571428571428572,
                0.1,
                0.1,
                0.12857142857142856,
                0.12857142857142856,
                0.2,
                0.2,
                0.24285714285714285,
                0.24285714285714285,
                0.2714285714285714,
                0.2714285714285714,
                0.3142857142857143,
                0.3142857142857143,
                0.35714285714285715,
                0.35714285714285715,
                0.4,
                0.4,
                0.4714285714285714,
                0.4714285714285714,
                0.5428571428571428,
                0.5428571428571428,
                0.5857142857142857,
                0.5857142857142857,
                0.6714285714285714,
                0.6714285714285714,
                0.8428571428571429,
                0.8428571428571429,
                1.0
            ],
            "tpr": [
                0.0,
                0.008130081300813009,
                0.5609756097560976,
                0.5609756097560976,
                0.6666666666666666,
                0.6666666666666666,
                0.6829268292682927,
                0.6829268292682927,
                0.7560975609756098,
                0.7560975609756098,
                0.7967479674796748,
                0.7967479674796748,
                0.8373983739837398,
                0.8373983739837398,
                0.8536585365853658,
                0.8536585365853658,
                0.8617886178861789,
                0.8617886178861789,
                0.9024390243902439,
                0.9024390243902439,
                0.9186991869918699,
                0.9186991869918699,
                0.926829268292683,
                0.926829268292683,
                0.9349593495934959,
                0.9349593495934959,
                0.943089430894309,
                0.943089430894309,
                0.9512195121951219,
                0.9512195121951219,
                0.959349593495935,
                0.959349593495935,
                0.967479674796748,
                0.967479674796748,
                0.975609756097561,
                0.975609756097561,
                0.983739837398374,
                0.983739837398374,
                0.991869918699187,
                0.991869918699187,
                1.0,
                1.0
            ],
            "auc": 0.9407665505226481
        },
        "BCC": {
            "fpr": [
                0.0,
                0.0056179775280898875,
                0.011235955056179775,
                0.011235955056179775,
                0.028089887640449437,
                0.028089887640449437,
                0.03932584269662921,
                0.03932584269662921,
                0.05056179775280899,
                0.05056179775280899,
                0.07865168539325842,
                0.07865168539325842,
                0.0898876404494382,
                0.0898876404494382,
                0.12921348314606743,
                0.12921348314606743,
                0.19101123595505617,
                0.19101123595505617,
                0.30337078651685395,
                0.30337078651685395,
                0.5112359550561798,
                0.5112359550561798,
                1.0
            ],
            "tpr": [
                0.0,
                0.0,
                0.0,
                0.3333333333333333,
                0.3333333333333333,
                0.4,
                0.4,
                0.4666666666666667,
                0.4666666666666667,
                0.5333333333333333,
                0.5333333333333333,
                0.6666666666666666,
                0.6666666666666666,
                0.7333333333333333,
                0.7333333333333333,
                0.8,
                0.8,
                0.8666666666666667,
                0.8666666666666667,
                0.9333333333333333,
                0.9333333333333333,
                1.0,
                1.0
            ],
            "auc": 0.8962546816479401
        },
        "AKIEC": {
            "fpr": [
                0.0,
                0.0,
                0.005405405405405406,
                0.005405405405405406,
                0.02702702702702703,
                0.02702702702702703,
                0.14054054054054055,
                0.14054054054054055,
                0.16216216216216217,
                0.16216216216216217,
                0.1837837837837838,
                0.1837837837837838,
                0.2864864864864865,
                0.2864864864864865,
                0.5027027027027027,
                0.5027027027027027,
                1.0
            ],