{
    "epoch": 15,
    "num_classes": 7,
    "class_names": [
        "MEL",
        "NV",
        "BCC",
        "AKIEC",
        "BKL",
        "DF",
        "VASC"
    ],
    "per_class": {
        "MEL": {
            "fpr": [
                0.0,
                0.0,
                0.0,
                0.029069767441860465,
                0.029069767441860465,
                0.05813953488372093,
                0.05813953488372093,
                0.06395348837209303,
                0.06395348837209303,
                0.14534883720930233,
                0.14534883720930233,
                0.2441860465116279,
                0.2441860465116279,
                0.4941860465116279,
                0.4941860465116279,
                0.9709302325581395,
                0.9709302325581395,
                1.0
            ],
            "tpr": [
                0.0,
                0.047619047619047616,
                0.47619047619047616,
                0.47619047619047616,
                0.5238095238095238,
                0.5238095238095238,
                0.7619047619047619,
                0.7619047619047619,
                0.8095238095238095,
                0.8095238095238095,
                0.8571428571428571,
                0.8571428571428571,
                0.9047619047619048,
                0.9047619047619048,
                0.9523809523809523,
                0.9523809523809523,
                1.0,
                1.0
            ],
            "auc": 0.8934108527131783
        },
        "NV": {
            "fpr": [
                0.0,
                0.0,
                0.0,
                0.014285714285714285,
                0.014285714285714285,
                0.04285714285714286,
                0.04285714285714286,
                0.05714285714285714,
                0.05714285714285714,
                0.08571428571428572,
                0.08571428571428572,
                0.1,
                0.1,
                0.11428571428571428,
                0.11428571428571428,
                0.15714285714285714,
                0.15714285714285714,
                0.17142857142857143,
                0.17142857142857143,
                0.6,
                0.6,
                0.6285714285714286,
                0.6285714285714286,
                0.8,
                0.8,
                0.8142857142857143,
                0.8142857142857143,
                1.0
            ],
            "tpr": [
                0.0,
                0.008130081300813009,
                0.7723577235772358,
                0.7723577235772358,
                0.8048780487804879,
                0.8048780487804879,
                0.8130081300813008,
                0.8130081300813008,
                0.8536585365853658,
                0.8536585365853658,
                0.8861788617886179,
                0.8861788617886179,
                0.926829268292683,
                0.926829268292683,
                0.9349593495934959,
                0.9349593495934959,
                0.9512195121951219,
                0.9512195121951219,
                0.959349593495935,
                0.959349593495935,
                0.967479674796748,
                0.967479674796748,
                0.983739837398374,
                0.983739837398374,
                0.991869918699187,
                0.991869918699187,
                1.0,
                1.0
            ],
            "auc": 0.956910569105691
        },
        "BCC": {
            "fpr": [
                0.0,
                0.0056179775280898875,
                0.011235955056179775,
                0.011235955056179775,
                0.016853932584269662,
                0.016853932584269662,
                0.033707865168539325,
                0.033707865168539325,
                0.06179775280898876,
                0.06179775280898876,
                0.07865168539325842,
                0.07865168539325842,
                0.1348314606741573,
                0.1348314606741573,
                0.1404494382022472,
                0.1404494382022472,
                0.4438202247191011,
                0.4438202247191011,
                0.47752808988764045,
                0.47752808988764045,
                1.0
            ],
            "tpr": [
                0.0,
                0.0,
                0.0,
                0.4,
                0.4,
                0.4666666666666667,
                0.4666666666666667,
                0.6,
                0.6,
                0.6666666666666666,
                0.6666666666666666,
                0.7333333333333333,
                0.7333333333333333,
                0.8,
                0.8,
                0.8666666666666667,
                0.8666666666666667,
                0.9333333333333333,
                0.9333333333333333,
                1.0,
                1.0
            ],
            "auc": 0.9007490636704121
        },
        "AKIEC": {
            "fpr": [
                0.0,
                0.005405405405405406,
                0.005405405405405406,
                0.010810810810810811,
                0.010810810810810811,
                0.08108108108108109,
                0.08108108108108109,
                0.13513513513513514,
                0.13513513513513514,
                0.14054054054054055,
                0.14054054054054055,
                0.4486486486486487,
                0.4486486486486487,
                0.7027027027027027,
                0.7027027027027027,
                0.8918918918918919,
                0.8918918918918919,
                1.0
            ],
            "tpr": [
                0.0,
                0.0,
                0.125,
                0.125,
                0.25,
                0.25,
                0.375,
                0.375,
                0.5,
                0.5,
                0.625,
                0.625,
                0.75,
                0.75,
                0.875,
                0.875,
                1.0,
                1.0
            ],
            "auc": 0.6979729729729729
        },
        "BKL": {
            "fpr": [
                0.0,
                0.005847953216374269,
                0.005847953216374269,
                0.011695906432748537,
                0.011695906432748537,
                0.017543859649122806,
                0.017543859649122806,
                0.029239766081871343,
                0.029239766081871343,
                0.03508771929824561,
                0.03508771929824561,
                0.04093567251461988,
                0.04093567251461988,
                0.07602339181286549,
                0.07602339181286549,
                0.08187134502923976,
                0.08187134502923976,
                0.08771929824561403,
                0.08771929824561403,
                0.1111111111111111,
                0.1111111111111111,
                0.16374269005847952,
                0.16374269005847952,
                0.22807017543859648,
                0.22807017543859648,
                0.27485380116959063,
                0.27485380116959063,
                0.7543859649122807,
                0.7543859649122807,
                1.0
            ],