{
    "epoch": 95,
    "num_classes": 7,
    "class_names": [
        "MEL",
        "NV",
        "BCC",
        "AKIEC",
        "BKL",
        "DF",
        "VASC"
    ],
    "per_class": {
        "MEL": {
            "fpr": [
                0.0,
                0.0,
                0.0,
                0.005813953488372093,
                0.005813953488372093,
                0.011627906976744186,
                0.011627906976744186,
                0.01744186046511628,
                0.01744186046511628,
                0.029069767441860465,
                0.029069767441860465,
                0.05232558139534884,
                0.05232558139534884,
                0.0872093023255814,
                0.0872093023255814,
                0.09883720930232558,
                0.09883720930232558,
                0.12209302325581395,
                0.12209302325581395,
                0.13372093023255813,
                0.13372093023255813,
                0.13953488372093023,
                0.13953488372093023,
                0.2441860465116279,
                0.2441860465116279,
                0.313953488372093,
                0.313953488372093,
                0.31976744186046513,
                0.31976744186046513,
                0.42441860465116277,
                0.42441860465116277,
                1.0
            ],
            "tpr": [
                0.0,
                0.047619047619047616,
                0.14285714285714285,
                0.14285714285714285,
                0.2857142857142857,
                0.2857142857142857,
                0.3333333333333333,
                0.3333333333333333,
                0.38095238095238093,
                0.38095238095238093,
                0.42857142857142855,
                0.42857142857142855,
                0.47619047619047616,
                0.47619047619047616,
                0.5714285714285714,
                0.5714285714285714,
                0.6666666666666666,
                0.6666666666666666,
                0.7142857142857143,
                0.7142857142857143,
                0.7619047619047619,
                0.7619047619047619,
                0.8095238095238095,
                0.8095238095238095,
                0.8571428571428571,
                0.8571428571428571,
                0.9047619047619048,
                0.9047619047619048,
                0.9523809523809523,
                0.9523809523809523,
                1.0,
                1.0
            ],
            "auc": 0.8953488372093024
        },
        "NV": {
            "fpr": [
                0.0,
                0.0,
                0.0,
                0.0,
                0.0,
                0.014285714285714285,
                0.014285714285714285,
                0.02857142857142857,
                0.02857142857142857,
                0.04285714285714286,
                0.04285714285714286,
                0.05714285714285714,
                0.05714285714285714,
                0.07142857142857142,
                0.07142857142857142,
                0.1,
                0.1,
                0.11428571428571428,
                0.11428571428571428,
                0.12857142857142856,
                0.12857142857142856,
                0.15714285714285714,
                0.15714285714285714,
                0.17142857142857143,
                0.17142857142857143,
                0.3,
                0.3,
                0.3142857142857143,
                0.3142857142857143,
                0.35714285714285715,
                0.35714285714285715,
                0.4,
                0.4,
                0.44285714285714284,
                0.44285714285714284,
                0.5571428571428572,
                0.5571428571428572,
                0.6285714285714286,
                0.6285714285714286,
                1.0
            ],
            "tpr": [
                0.0,
                0.008130081300813009,
                0.032520325203252036,
                0.04878048780487805,
                0.6829268292682927,
                0.6829268292682927,
                0.7317073170731707,
                0.7317073170731707,
                0.7804878048780488,
                0.7804878048780488,
                0.8211382113821138,
                0.8211382113821138,
                0.8373983739837398,
                0.8373983739837398,
                0.8455284552845529,
                0.8455284552845529,
                0.8617886178861789,
                0.8617886178861789,
                0.8943089430894309,
                0.8943089430894309,
                0.9105691056910569,
                0.9105691056910569,
                0.926829268292683,
                0.926829268292683,
                0.9349593495934959,
                0.9349593495934959,
                0.943089430894309,
                0.943089430894309,
                0.9512195121951219,
                0.9512195121951219,
                0.967479674796748,
                0.967479674796748,
                0.975609756097561,
                0.975609756097561,
                0.983739837398374,
                0.983739837398374,
                0.991869918699187,
                0.991869918699187,
                1.0,
                1.0
            ],
            "auc": 0.9559814169570268
        },
        "BCC": {
            "fpr": [
                0.0,
                0.0,
                0.0,
                0.0056179775280898875,
                0.0056179775280898875,
                0.011235955056179775,
                0.011235955056179775,
                0.016853932584269662,
                0.016853932584269662,
                0.02247191011235955,
                0.02247191011235955,
                0.03932584269662921,
                0.03932584269662921,
                0.07865168539325842,
                0.07865168539325842,
                0.12921348314606743,
                0.12921348314606743,
                1.0
            ],
            "tpr": [
                0.0,
                0.06666666666666667,
                0.2,
                0.2,
                0.5333333333333333,
                0.5333333333333333,
                0.6,
                0.6,
                0.6666666666666666,
                0.6666666666666666,
                0.8,
                0.8,
                0.8666666666666667,
                0.8666666666666667,
                0.9333333333333333,
                0.9333333333333333,
                1.0,
                1.0
            ],
            "auc": 0.9767790262172285
        },
        "AKIEC": {
            "fpr": [
                0.0,
                0.005405405405405406,
                0.021621621621621623,
                0.021621621621621623,
                0.02702702702702703,
                0.02702702702702703,
                0.043243243243243246,
                0.043243243243243246,
                0.06486486486486487,
                0.06486486486486487,
                0.0918918918918919,
                0.0918918918918919,
                0.23783783783783785,
                0.23783783783783785,
                0.42702702702702705,
                0.42702702702702705,
                1.0
            ],
            "tpr": [
                0.0,
                0.0,
                0.0,
                0.125,
                0.125,
                0.25,
                0.25,
                0.375,
                0.375,
                0.625,
                0.625,
                0.75,
                0.75,
                0.875,
                0.875,
                1.0,
                1.0
            ],
            "auc": 0.8777027027027027
        },