{
    "epoch": 20,
    "num_classes": 7,
    "class_names": [
        "MEL",
        "NV",
        "BCC",
        "AKIEC",
        "BKL",
        "DF",
        "VASC"
    ],
    "per_class": {
        "MEL": {
            "fpr": [
                0.0,
                0.0,
                0.0,
                0.005813953488372093,
                0.005813953488372093,
                0.011627906976744186,
                0.011627906976744186,
                0.023255813953488372,
                0.023255813953488372,
                0.03488372093023256,
                0.03488372093023256,
                0.05813953488372093,
                0.05813953488372093,
                0.12209302325581395,
                0.12209302325581395,
                0.13953488372093023,
                0.13953488372093023,
                0.23837209302325582,
                0.23837209302325582,
                0.3081395348837209,
                0.3081395348837209,
                0.37790697674418605,
                0.37790697674418605,
                1.0
            ],
            "tpr": [
                0.0,
                0.047619047619047616,
                0.19047619047619047,
                0.19047619047619047,
                0.42857142857142855,
                0.42857142857142855,
                0.5238095238095238,
                0.5238095238095238,
                0.5714285714285714,
                0.5714285714285714,
                0.7142857142857143,
                0.7142857142857143,
                0.7619047619047619,
                0.7619047619047619,
                0.8095238095238095,
                0.8095238095238095,
                0.8571428571428571,
                0.8571428571428571,
                0.9047619047619048,
                0.9047619047619048,
                0.9523809523809523,
                0.9523809523809523,
                1.0,
                1.0
            ],
            "auc": 0.9321705426356589
        },
        "NV": {
            "fpr": [
                0.0,
                0.0,
                0.0,
                0.014285714285714285,
                0.014285714285714285,
                0.02857142857142857,
                0.02857142857142857,
                0.04285714285714286,
                0.04285714285714286,
                0.05714285714285714,
                0.05714285714285714,
                0.1,
                0.1,
                0.11428571428571428,
                0.11428571428571428,
                0.12857142857142856,
                0.12857142857142856,
                0.15714285714285714,
                0.15714285714285714,
                0.17142857142857143,
                0.17142857142857143,
                0.22857142857142856,
                0.22857142857142856,
                0.2714285714285714,
                0.2714285714285714,
                0.2857142857142857,
                0.2857142857142857,
                0.5,
                0.5,
                0.5571428571428572,
                0.5571428571428572,
                0.5714285714285714,
                0.5714285714285714,
                0.7285714285714285,
                0.7285714285714285,
                0.8285714285714286,
                0.8285714285714286,
                1.0
            ],
            "tpr": [
                0.0,
                0.008130081300813009,
                0.6991869918699187,
                0.6991869918699187,
                0.7886178861788617,
                0.7886178861788617,
                0.7967479674796748,
                0.7967479674796748,
                0.8211382113821138,
                0.8211382113821138,
                0.8617886178861789,
                0.8617886178861789,
                0.8780487804878049,
                0.8780487804878049,
                0.8861788617886179,
                0.8861788617886179,
                0.8943089430894309,
                0.8943089430894309,
                0.9024390243902439,
                0.9024390243902439,
                0.9186991869918699,
                0.9186991869918699,
                0.9349593495934959,
                0.9349593495934959,
                0.943089430894309,
                0.943089430894309,
                0.9512195121951219,
                0.9512195121951219,
                0.967479674796748,
                0.967479674796748,
                0.975609756097561,
                0.975609756097561,
                0.983739837398374,
                0.983739837398374,
                0.991869918699187,
                0.991869918699187,
                1.0,
                1.0
            ],
            "auc": 0.9492450638792101
        },
        "BCC": {
            "fpr": [
                0.0,
                0.0,
                0.0,
                0.0056179775280898875,
                0.0056179775280898875,
                0.011235955056179775,
                0.011235955056179775,
                0.016853932584269662,
                0.016853932584269662,
                0.033707865168539325,
                0.033707865168539325,
                0.3539325842696629,
                0.3539325842696629,
                1.0
            ],
            "tpr": [
                0.0,
                0.06666666666666667,
                0.5333333333333333,
                0.5333333333333333,
                0.6666666666666666,
                0.6666666666666666,
                0.8,
                0.8,
                0.8666666666666667,
                0.8666666666666667,
                0.9333333333333333,
                0.9333333333333333,
                1.0,
                1.0
            ],
            "auc": 0.9707865168539326
        },
        "AKIEC": {
            "fpr": [
                0.0,
                0.005405405405405406,
                0.016216216216216217,
                0.016216216216216217,
                0.03783783783783784,
                0.03783783783783784,
                0.07027027027027027,
                0.07027027027027027,
                0.0918918918918919,
                0.0918918918918919,
                0.10810810810810811,
                0.10810810810810811,
                0.14594594594594595,
                0.14594594594594595,
                0.17297297297297298,
                0.17297297297297298,
                0.2864864864864865,
                0.2864864864864865,
                1.0
            ],
            "tpr": [
                0.0,
                0.0,
                0.0,
                0.125,
                0.125,
                0.25,
                0.25,
                0.375,
                0.375,
                0.5,
                0.5,
                0.625,
                0.625,
                0.75,
                0.75,
                0.875,
                0.875,
                1.0,
                1.0
            ],
            "auc": 0.8837837837837839
        },