{
    "epoch": 95,
    "num_classes": 7,
    "class_names": [
        "MEL",
        "NV",
        "BCC",
        "AKIEC",
        "BKL",
        "DF",
        "VASC"
    ],
    "per_class": {
        "MEL": {
            "fpr": [
                0.0,
                0.0,
                0.0,
                0.005813953488372093,
                0.005813953488372093,
                0.01744186046511628,
                0.01744186046511628,
                0.03488372093023256,
                0.03488372093023256,
                0.046511627906976744,
                0.046511627906976744,
                0.06976744186046512,
                0.06976744186046512,
                0.11046511627906977,
                0.11046511627906977,
                0.14534883720930233,
                0.14534883720930233,
                0.20348837209302326,
                0.20348837209302326,
                0.23837209302325582,
                0.23837209302325582,
                0.2441860465116279,
                0.2441860465116279,
                1.0
            ],
            "tpr": [
                0.0,
                0.047619047619047616,
                0.23809523809523808,
                0.23809523809523808,
                0.42857142857142855,
                0.42857142857142855,
                0.5238095238095238,
                0.5238095238095238,
                0.5714285714285714,
                0.5714285714285714,
                0.6190476190476191,
                0.6190476190476191,
                0.7142857142857143,
                0.7142857142857143,
                0.7619047619047619,
                0.7619047619047619,
                0.8095238095238095,
                0.8095238095238095,
                0.8571428571428571,
                0.8571428571428571,
                0.9047619047619048,
                0.9047619047619048,
                1.0,
                1.0
            ],
            "auc": 0.9302325581395349
        },
        "NV": {
            "fpr": [
                0.0,
                0.0,
                0.0,
                0.0,
                0.0,
                0.014285714285714285,
                0.014285714285714285,
                0.02857142857142857,
                0.02857142857142857,
                0.04285714285714286,
                0.04285714285714286,
                0.05714285714285714,
                0.05714285714285714,
                0.07142857142857142,
                0.07142857142857142,
                0.08571428571428572,
                0.08571428571428572,
                0.12857142857142856,
                0.12857142857142856,
                0.15714285714285714,
                0.15714285714285714,
                0.2,
                0.2,
                0.2571428571428571,
                0.2571428571428571,
                0.45714285714285713,
                0.45714285714285713,
                0.4714285714285714,
                0.4714285714285714,
                0.5285714285714286,
                0.5285714285714286,
                0.6571428571428571,
                0.6571428571428571,
                0.6857142857142857,
                0.6857142857142857,
                0.7,
                0.7,
                0.8285714285714286,
                0.8285714285714286,
                1.0
            ],
            "tpr": [
                0.0,
                0.008130081300813009,
                0.024390243902439025,
                0.04065040650406504,
                0.7398373983739838,
                0.7398373983739838,
                0.7723577235772358,
                0.7723577235772358,
                0.7967479674796748,
                0.7967479674796748,
                0.8130081300813008,
                0.8130081300813008,
                0.8211382113821138,
                0.8211382113821138,
                0.8373983739837398,
                0.8373983739837398,
                0.8617886178861789,
                0.8617886178861789,
                0.8699186991869918,
                0.8699186991869918,
                0.9105691056910569,
                0.9105691056910569,
                0.926829268292683,
                0.926829268292683,
                0.943089430894309,
                0.943089430894309,
                0.9512195121951219,
                0.9512195121951219,
                0.959349593495935,
                0.959349593495935,
                0.967479674796748,
                0.967479674796748,
                0.975609756097561,
                0.975609756097561,
                0.983739837398374,
                0.983739837398374,
                0.991869918699187,
                0.991869918699187,
                1.0,
                1.0
            ],
            "auc": 0.9443670150987225
        },
        "BCC": {
            "fpr": [
                0.0,
                0.0,
                0.0056179775280898875,
                0.0056179775280898875,
                0.011235955056179775,
                0.011235955056179775,
                0.033707865168539325,
                0.033707865168539325,
                0.03932584269662921,
                0.03932584269662921,
                0.06179775280898876,
                0.06179775280898876,
                0.06741573033707865,
                0.06741573033707865,
                1.0
            ],
            "tpr": [
                0.0,
                0.06666666666666667,
                0.06666666666666667,
                0.6,
                0.6,
                0.7333333333333333,
                0.7333333333333333,
                0.8,
                0.8,
                0.8666666666666667,
                0.8666666666666667,
                0.9333333333333333,
                0.9333333333333333,
                1.0,
                1.0
            ],
            "auc": 0.9820224719101124
        },
        "AKIEC": {
            "fpr": [
                0.0,
                0.0,
                0.0,
                0.016216216216216217,
                0.016216216216216217,
                0.07567567567567568,
                0.07567567567567568,
                0.13513513513513514,
                0.13513513513513514,
                0.15135135135135136,
                0.15135135135135136,
                0.3891891891891892,
                0.3891891891891892,
                1.0
            ],
            "tpr": [
                0.0,
                0.125,
                0.25,
                0.25,
                0.5,
                0.5,
                0.625,
                0.625,
                0.75,
                0.75,
                0.875,
                0.875,
                1.0,
                1.0
            ],
            "auc": 0.902027027027027
        },