source_image,label,label_idx,seed_strategy,strength,guidance_scale,num_inference_steps,aug_idx,generator_seed,output_path,source_confidence
ISIC_0024640,MEL,0,hard,0.45,5.0,250,0,254,experiments/260521-2002_res256_sd_lora_uncond_all_seed42/img2img_hard\hard\MEL\ISIC_0024640_label-MEL_strategy-hard_strength-0.45_gs-5.0_aug-000.png,0.8351307511329651
ISIC_0024640,MEL,0,hard,0.45,5.0,250,1,1254,experiments/260521-2002_res256_sd_lora_uncond_all_seed42/img2img_hard\hard\MEL\ISIC_0024640_label-MEL_strategy-hard_strength-0.45_gs-5.0_aug-001.png,0.8351307511329651
ISIC_0024640,MEL,0,hard,0.45,5.0,250,2,2254,experiments/260521-2002_res256_sd_lora_uncond_all_seed42/img2img_hard\hard\MEL\ISIC_0024640_label-MEL_strategy-hard_strength-0.45_gs-5.0_aug-002.png,0.8351307511329651
ISIC_0024640,MEL,0,hard,0.45,5.0,250,3,3254,experiments/260521-2002_res256_sd_lora_uncond_all_seed42/img2img_hard\hard\MEL\ISIC_0024640_label-MEL_strategy-hard_strength-0.45_gs-5.0_aug-003.png,0.8351307511329651
ISIC_0024640,MEL,0,hard,0.45,5.0,250,4,4254,experiments/260521-2002_res256_sd_lora_uncond_all_seed42/img2img_hard\hard\MEL\ISIC_0024640_label-MEL_strategy-hard_strength-0.45_gs-5.0_aug-004.png,0.8351307511329651
ISIC_0034218,MEL,0,hard,0.45,5.0,250,0,337,experiments/260521-2002_res256_sd_lora_uncond_all_seed42/img2img_hard\hard\MEL\ISIC_0034218_label-MEL_strategy-hard_strength-0.45_gs-5.0_aug-000.png,0.8092272281646729
ISIC_0034218,MEL,0,hard,0.45,5.0,250,1,1337,experiments/260521-2002_res256_sd_lora_uncond_all_seed42/img2img_hard\hard\MEL\ISIC_0034218_label-MEL_strategy-hard_strength-0.45_gs-5.0_aug-001.png,0.8092272281646729
ISIC_0034218,MEL,0,hard,0.45,5.0,250,2,2337,experiments/260521-2002_res256_sd_lora_uncond_all_seed42/img2img_hard\hard\MEL\ISIC_0034218_label-MEL_strategy-hard_strength-0.45_gs-5.0_aug-002.png,0.8092272281646729
ISIC_0034218,MEL,0,hard,0.45,5.0,250,3,3337,experiments/260521-2002_res256_sd_lora_uncond_all_seed42/img2img_hard\hard\MEL\ISIC_0034218_label-MEL_strategy-hard_strength-0.45_gs-5.0_aug-003.png,0.8092272281646729
ISIC_0034218,MEL,0,hard,0.45,5.0,250,4,4337,experiments/260521-2002_res256_sd_lora_uncond_all_seed42/img2img_hard\hard\MEL\ISIC_0034218_label-MEL_strategy-hard_strength-0.45_gs-5.0_aug-004.png,0.8092272281646729
ISIC_0028696,MEL,0,hard,0.45,5.0,250,0,807,experiments/260521-2002_res256_sd_lora_uncond_all_seed42/img2img_hard\hard\MEL\ISIC_0028696_label-MEL_strategy-hard_strength-0.45_gs-5.0_aug-000.png,0.8383530378341675
ISIC_0028696,MEL,0,hard,0.45,5.0,250,1,1807,experiments/260521-2002_res256_sd_lora_uncond_all_seed42/img2img_hard\hard\MEL\ISIC_0028696_label-MEL_strategy-hard_strength-0.45_gs-5.0_aug-001.png,0.8383530378341675
ISIC_0028696,MEL,0,hard,0.45,5.0,250,2,2807,experiments/260521-2002_res256_sd_lora_uncond_all_seed42/img2img_hard\hard\MEL\ISIC_0028696_label-MEL_strategy-hard_strength-0.45_gs-5.0_aug-002.png,0.8383530378341675
ISIC_0028696,MEL,0,hard,0.45,5.0,250,3,3807,experiments/260521-2002_res256_sd_lora_uncond_all_seed42/img2img_hard\hard\MEL\ISIC_0028696_label-MEL_strategy-hard_strength-0.45_gs-5.0_aug-003.png,0.8383530378341675
ISIC_0028696,MEL,0,hard,0.45,5.0,250,4,4807,experiments/260521-2002_res256_sd_lora_uncond_all_seed42/img2img_hard\hard\MEL\ISIC_0028696_label-MEL_strategy-hard_strength-0.45_gs-5.0_aug-004.png,0.8383530378341675
ISIC_0031529,MEL,0,hard,0.45,5.0,250,0,341,experiments/260521-2002_res256_sd_lora_uncond_all_seed42/img2img_hard\hard\MEL\ISIC_0031529_label-MEL_strategy-hard_strength-0.45_gs-5.0_aug-000.png,0.7326518893241882
ISIC_0031529,MEL,0,hard,0.45,5.0,250,1,1341,experiments/260521-2002_res256_sd_lora_uncond_all_seed42/img2img_hard\hard\MEL\ISIC_0031529_label-MEL_strategy-hard_strength-0.45_gs-5.0_aug-001.png,0.7326518893241882
ISIC_0031529,MEL,0,hard,0.45,5.0,250,2,2341,experiments/260521-2002_res256_sd_lora_uncond_all_seed42/img2img_hard\hard\MEL\ISIC_0031529_label-MEL_strategy-hard_strength-0.45_gs-5.0_aug-002.png,0.7326518893241882
ISIC_0031529,MEL,0,hard,0.45,5.0,250,3,3341,experiments/260521-2002_res256_sd_lora_uncond_all_seed42/img2img_hard\hard\MEL\ISIC_0031529_label-MEL_strategy-hard_strength-0.45_gs-5.0_aug-003.png,0.7326518893241882
ISIC_0031529,MEL,0,hard,0.45,5.0,250,4,4341,experiments/260521-2002_res256_sd_lora_uncond_all_seed42/img2img_hard\hard\MEL\ISIC_0031529_label-MEL_strategy-hard_strength-0.45_gs-5.0_aug-004.png,0.7326518893241882
ISIC_0027327,MEL,0,hard,0.45,5.0,250,0,185,experiments/260521-2002_res256_sd_lora_uncond_all_seed42/img2img_hard\hard\MEL\ISIC_0027327_label-MEL_strategy-hard_strength-0.45_gs-5.0_aug-000.png,0.8117080926895142
ISIC_0027327,MEL,0,hard,0.45,5.0,250,1,1185,experiments/260521-2002_res256_sd_lora_uncond_all_seed42/img2img_hard\hard\MEL\ISIC_0027327_label-MEL_strategy-hard_strength-0.45_gs-5.0_aug-001.png,0.8117080926895142
ISIC_0027327,MEL,0,hard,0.45,5.0,250,2,2185,experiments/260521-2002_res256_sd_lora_uncond_all_seed42/img2img_hard\hard\MEL\ISIC_0027327_label-MEL_strategy-hard_strength-0.45_gs-5.0_aug-002.png,0.8117080926895142
ISIC_0027327,MEL,0,hard,0.45,5.0,250,3,3185,experiments/260521-2002_res256_sd_lora_uncond_all_seed42/img2img_hard\hard\MEL\ISIC_0027327_label-MEL_strategy-hard_strength-0.45_gs-5.0_aug-003.png,0.8117080926895142
ISIC_0027327,MEL,0,hard,0.45,5.0,250,4,4185,experiments/260521-2002_res256_sd_lora_uncond_all_seed42/img2img_hard\hard\MEL\ISIC_0027327_label-MEL_strategy-hard_strength-0.45_gs-5.0_aug-004.png,0.8117080926895142
ISIC_0032533,MEL,0,hard,0.45,5.0,250,0,281,experiments/260521-2002_res256_sd_lora_uncond_all_seed42/img2img_hard\hard\MEL\ISIC_0032533_label-MEL_strategy-hard_strength-0.45_gs-5.0_aug-000.png,0.8255009055137634
ISIC_0032533,MEL,0,hard,0.45,5.0,250,1,1281,experiments/260521-2002_res256_sd_lora_uncond_all_seed42/img2img_hard\hard\MEL\ISIC_0032533_label-MEL_strategy-hard_strength-0.45_gs-5.0_aug-001.png,0.8255009055137634
ISIC_0032533,MEL,0,hard,0.45,5.0,250,2,2281,experiments/260521-2002_res256_sd_lora_uncond_all_seed42/img2img_hard\hard\MEL\ISIC_0032533_label-MEL_strategy-hard_strength-0.45_gs-5.0_aug-002.png,0.8255009055137634
ISIC_0032533,MEL,0,hard,0.45,5.0,250,3,3281,experiments/260521-2002_res256_sd_lora_uncond_all_seed42/img2img_hard\hard\MEL\ISIC_0032533_label-MEL_strategy-hard_strength-0.45_gs-5.0_aug-003.png,0.8255009055137634
ISIC_0032533,MEL,0,hard,0.45,5.0,250,4,4281,experiments/260521-2002_res256_sd_lora_uncond_all_seed42/img2img_hard\hard\MEL\ISIC_0032533_label-MEL_strategy-hard_strength-0.45_gs-5.0_aug-004.png,0.8255009055137634
ISIC_0026458,MEL,0,hard,0.45,5.0,250,0,577,experiments/260521-2002_res256_sd_lora_uncond_all_seed42/img2img_hard\hard\MEL\ISIC_0026458_label-MEL_strategy-hard_strength-0.45_gs-5.0_aug-000.png,0.835758626461029
ISIC_0026458,MEL,0,hard,0.45,5.0,250,1,1577,experiments/260521-2002_res256_sd_lora_uncond_all_seed42/img2img_hard\hard\MEL\ISIC_0026458_label-MEL_strategy-hard_strength-0.45_gs-5.0_aug-001.png,0.835758626461029
ISIC_0026458,MEL,0,hard,0.45,5.0,250,2,2577,experiments/260521-2002_res256_sd_lora_uncond_all_seed42/img2img_hard\hard\MEL\ISIC_0026458_label-MEL_strategy-hard_strength-0.45_gs-5.0_aug-002.png,0.835758626461029
ISIC_0026458,MEL,0,hard,0.45,5.0,250,3,3577,experiments/260521-2002_res256_sd_lora_uncond_all_seed42/img2img_hard\hard\MEL\ISIC_0026458_label-MEL_strategy-hard_strength-0.45_gs-5.0_aug-003.png,0.835758626461029
ISIC_0026458,MEL,0,hard,0.45,5.0,250,4,4577,experiments/260521-2002_res256_sd_lora_uncond_all_seed42/img2img_hard\hard\MEL\ISIC_0026458_label-MEL_strategy-hard_strength-0.45_gs-5.0_aug-004.png,0.835758626461029
ISIC_0029843,MEL,0,hard,0.45,5.0,250,0,162,experiments/260521-2002_res256_sd_lora_uncond_all_seed42/img2img_hard\hard\MEL\ISIC_0029843_label-MEL_strategy-hard_strength-0.45_gs-5.0_aug-000.png,0.8319638967514038
ISIC_0029843,MEL,0,hard,0.45,5.0,250,1,1162,experiments/260521-2002_res256_sd_lora_uncond_all_seed42/img2img_hard\hard\MEL\ISIC_0029843_label-MEL_strategy-hard_strength-0.45_gs-5.0_aug-001.png,0.8319638967514038
ISIC_0029843,MEL,0,hard,0.45,5.0,250,2,2162,experiments/260521-2002_res256_sd_lora_uncond_all_seed42/img2img_hard\hard\MEL\ISIC_0029843_label-MEL_strategy-hard_strength-0.45_gs-5.0_aug-002.png,0.8319638967514038
ISIC_0029843,MEL,0,hard,0.45,5.0,250,3,3162,experiments/260521-2002_res256_sd_lora_uncond_all_seed42/img2img_hard\hard\MEL\ISIC_0029843_label-MEL_strategy-hard_strength-0.45_gs-5.0_aug-003.png,0.8319638967514038
ISIC_0029843,MEL,0,hard,0.45,5.0,250,4,4162,experiments/260521-2002_res256_sd_lora_uncond_all_seed42/img2img_hard\hard\MEL\ISIC_0029843_label-MEL_strategy-hard_strength-0.45_gs-5.0_aug-004.png,0.8319638967514038
ISIC_0033477,MEL,0,hard,0.45,5.0,250,0,602,experiments/260521-2002_res256_sd_lora_uncond_all_seed42/img2img_hard\hard\MEL\ISIC_0033477_label-MEL_strategy-hard_strength-0.45_gs-5.0_aug-000.png,0.8141980767250061
ISIC_0033477,MEL,0,hard,0.45,5.0,250,1,1602,experiments/260521-2002_res256_sd_lora_uncond_all_seed42/img2img_hard\hard\MEL\ISIC_0033477_label-MEL_strategy-hard_strength-0.45_gs-5.0_aug-001.png,0.8141980767250061
ISIC_0033477,MEL,0,hard,0.45,5.0,250,2,2602,experiments/260521-2002_res256_sd_lora_uncond_all_seed42/img2img_hard\hard\MEL\ISIC_0033477_label-MEL_strategy-hard_strength-0.45_gs-5.0_aug-002.png,0.8141980767250061
ISIC_0033477,MEL,0,hard,0.45,5.0,250,3,3602,experiments/260521-2002_res256_sd_lora_uncond_all_seed42/img2img_hard\hard\MEL\ISIC_0033477_label-MEL_strategy-hard_strength-0.45_gs-5.0_aug-003.png,0.8141980767250061
ISIC_0033477,MEL,0,hard,0.45,5.0,250,4,4602,experiments/260521-2002_res256_sd_lora_uncond_all_seed42/img2img_hard\hard\MEL\ISIC_0033477_label-MEL_strategy-hard_strength-0.45_gs-5.0_aug-004.png,0.8141980767250061
ISIC_0025800,MEL,0,hard,0.45,5.0,250,0,972,experiments/260521-2002_res256_sd_lora_uncond_all_seed42/img2img_hard\hard\MEL\ISIC_0025800_label-MEL_strategy-hard_strength-0.45_gs-5.0_aug-000.png,0.8414190411567688
ISIC_0025800,MEL,0,hard,0.45,5.0,250,1,1972,experiments/260521-2002_res256_sd_lora_uncond_all_seed42/img2img_hard\hard\MEL\ISIC_0025800_label-MEL_strategy-hard_strength-0.45_gs-5.0_aug-001.png,0.8414190411567688
ISIC_0025800,MEL,0,hard,0.45,5.0,250,2,2972,experiments/260521-2002_res256_sd_lora_uncond_all_seed42/img2img_hard\hard\MEL\ISIC_0025800_label-MEL_strategy-hard_strength-0.45_gs-5.0_aug-002.png,0.8414190411567688
ISIC_0025800,MEL,0,hard,0.45,5.0,250,3,3972,experiments/260521-2002_res256_sd_lora_uncond_all_seed42/img2img_hard\hard\MEL\ISIC_0025800_label-MEL_strategy-hard_strength-0.45_gs-5.0_aug-003.png,0.8414190411567688
ISIC_0025800,MEL,0,hard,0.45,5.0,250,4,4972,experiments/260521-2002_res256_sd_lora_uncond_all_seed42/img2img_hard\hard\MEL\ISIC_0025800_label-MEL_strategy-hard_strength-0.45_gs-5.0_aug-004.png,0.8414190411567688
ISIC_0030122,MEL,0,hard,0.45,5.0,250,0,78,experiments/260521-2002_res256_sd_lora_uncond_all_seed42/img2img_hard\hard\MEL\ISIC_0030122_label-MEL_strategy-hard_strength-0.45_gs-5.0_aug-000.png,0.8377342224121094
ISIC_0030122,MEL,0,hard,0.45,5.0,250,1,1078,experiments/260521-2002_res256_sd_lora_uncond_all_seed42/img2img_hard\hard\MEL\ISIC_0030122_label-MEL_strategy-hard_strength-0.45_gs-5.0_aug-001.png,0.8377342224121094
ISIC_0030122,MEL,0,hard,0.45,5.0,250,2,2078,experiments/260521-2002_res256_sd_lora_uncond_all_seed42/img2img_hard\hard\MEL\ISIC_0030122_label-MEL_strategy-hard_strength-0.45_gs-5.0_aug-002.png,0.8377342224121094
ISIC_0030122,MEL,0,hard,0.45,5.0,250,3,3078,experiments/260521-2002_res256_sd_lora_uncond_all_seed42/img2img_hard\hard\MEL\ISIC_0030122_label-MEL_strategy-hard_strength-0.45_gs-5.0_aug-003.png,0.8377342224121094
ISIC_0030122,MEL,0,hard,0.45,5.0,250,4,4078,experiments/260521-2002_res256_sd_lora_uncond_all_seed42/img2img_hard\hard\MEL\ISIC_0030122_label-MEL_strategy-hard_strength-0.45_gs-5.0_aug-004.png,0.8377342224121094
ISIC_0026993,MEL,0,hard,0.45,5.0,250,0,609,experiments/260521-2002_res256_sd_lora_uncond_all_seed42/img2img_hard\hard\MEL\ISIC_0026993_label-MEL_strategy-hard_strength-0.45_gs-5.0_aug-000.png,0.8330636620521545
ISIC_0026993,MEL,0,hard,0.45,5.0,250,1,1609,experiments/260521-2002_res256_sd_lora_uncond_all_seed42/img2img_hard\hard\MEL\ISIC_0026993_label-MEL_strategy-hard_strength-0.45_gs-5.0_aug-001.png,0.8330636620521545
ISIC_0026993,MEL,0,hard,0.45,5.0,250,2,2609,experiments/260521-2002_res256_sd_lora_uncond_all_seed42/img2img_hard\hard\MEL\ISIC_0026993_label-MEL_strategy-hard_strength-0.45_gs-5.0_aug-002.png,0.8330636620521545
ISIC_0026993,MEL,0,hard,0.45,5.0,250,3,3609,experiments/260521-2002_res256_sd_lora_uncond_all_seed42/img2img_hard\hard\MEL\ISIC_0026993_label-MEL_strategy-hard_strength-0.45_gs-5.0_aug-003.png,0.8330636620521545
ISIC_0026993,MEL,0,hard,0.45,5.0,250,4,4609,experiments/260521-2002_res256_sd_lora_uncond_all_seed42/img2img_hard\hard\MEL\ISIC_0026993_label-MEL_strategy-hard_strength-0.45_gs-5.0_aug-004.png,0.8330636620521545
ISIC_0031479,MEL,0,hard,0.45,5.0,250,0,915,experiments/260521-2002_res256_sd_lora_uncond_all_seed42/img2img_hard\hard\MEL\ISIC_0031479_label-MEL_strategy-hard_strength-0.45_gs-5.0_aug-000.png,0.8277604579925537
ISIC_0031479,MEL,0,hard,0.45,5.0,250,1,1915,experiments/260521-2002_res256_sd_lora_uncond_all_seed42/img2img_hard\hard\MEL\ISIC_0031479_label-MEL_strategy-hard_strength-0.45_gs-5.0_aug-001.png,0.8277604579925537
ISIC_0031479,MEL,0,hard,0.45,5.0,250,2,2915,experiments/260521-2002_res256_sd_lora_uncond_all_seed42/img2img_hard\hard\MEL\ISIC_0031479_label-MEL_strategy-hard_strength-0.45_gs-5.0_aug-002.png,0.8277604579925537
ISIC_0031479,MEL,0,hard,0.45,5.0,250,3,3915,experiments/260521-2002_res256_sd_lora_uncond_all_seed42/img2img_hard\hard\MEL\ISIC_0031479_label-MEL_strategy-hard_strength-0.45_gs-5.0_aug-003.png,0.8277604579925537
ISIC_0031479,MEL,0,hard,0.45,5.0,250,4,4915,experiments/260521-2002_res256_sd_lora_uncond_all_seed42/img2img_hard\hard\MEL\ISIC_0031479_label-MEL_strategy-hard_strength-0.45_gs-5.0_aug-004.png,0.8277604579925537
ISIC_0033670,MEL,0,hard,0.45,5.0,250,0,540,experiments/260521-2002_res256_sd_lora_uncond_all_seed42/img2img_hard\hard\MEL\ISIC_0033670_label-MEL_strategy-hard_strength-0.45_gs-5.0_aug-000.png,0.8285229802131653
ISIC_0033670,MEL,0,hard,0.45,5.0,250,1,1540,experiments/260521-2002_res256_sd_lora_uncond_all_seed42/img2img_hard\hard\MEL\ISIC_0033670_label-MEL_strategy-hard_strength-0.45_gs-5.0_aug-001.png,0.8285229802131653
ISIC_0033670,MEL,0,hard,0.45,5.0,250,2,2540,experiments/260521-2002_res256_sd_lora_uncond_all_seed42/img2img_hard\hard\MEL\ISIC_0033670_label-MEL_strategy-hard_strength-0.45_gs-5.0_aug-002.png,0.8285229802131653
ISIC_0033670,MEL,0,hard,0.45,5.0,250,3,3540,experiments/260521-2002_res256_sd_lora_uncond_all_seed42/img2img_hard\hard\MEL\ISIC_0033670_label-MEL_strategy-hard_strength-0.45_gs-5.0_aug-003.png,0.8285229802131653
ISIC_0033670,MEL,0,hard,0.45,5.0,250,4,4540,experiments/260521-2002_res256_sd_lora_uncond_all_seed42/img2img_hard\hard\MEL\ISIC_0033670_label-MEL_strategy-hard_strength-0.45_gs-5.0_aug-004.png,0.8285229802131653
ISIC_0032531,MEL,0,hard,0.45,5.0,250,0,500,experiments/260521-2002_res256_sd_lora_uncond_all_seed42/img2img_hard\hard\MEL\ISIC_0032531_label-MEL_strategy-hard_strength-0.45_gs-5.0_aug-000.png,0.8297498226165771
ISIC_0032531,MEL,0,hard,0.45,5.0,250,1,1500,experiments/260521-2002_res256_sd_lora_uncond_all_seed42/img2img_hard\hard\MEL\ISIC_0032531_label-MEL_strategy-hard_strength-0.45_gs-5.0_aug-001.png,0.8297498226165771
ISIC_0032531,MEL,0,hard,0.45,5.0,250,2,2500,experiments/260521-2002_res256_sd_lora_uncond_all_seed42/img2img_hard\hard\MEL\ISIC_0032531_label-MEL_strategy-hard_strength-0.45_gs-5.0_aug-002.png,0.8297498226165771
ISIC_0032531,MEL,0,hard,0.45,5.0,250,3,3500,experiments/260521-2002_res256_sd_lora_uncond_all_seed42/img2img_hard\hard\MEL\ISIC_0032531_label-MEL_strategy-hard_strength-0.45_gs-5.0_aug-003.png,0.8297498226165771
ISIC_0032531,MEL,0,hard,0.45,5.0,250,4,4500,experiments/260521-2002_res256_sd_lora_uncond_all_seed42/img2img_hard\hard\MEL\ISIC_0032531_label-MEL_strategy-hard_strength-0.45_gs-5.0_aug-004.png,0.8297498226165771
ISIC_0033878,MEL,0,hard,0.45,5.0,250,0,322,experiments/260521-2002_res256_sd_lora_uncond_all_seed42/img2img_hard\hard\MEL\ISIC_0033878_label-MEL_strategy-hard_strength-0.45_gs-5.0_aug-000.png,0.8233324885368347
ISIC_0033878,MEL,0,hard,0.45,5.0,250,1,1322,experiments/260521-2002_res256_sd_lora_uncond_all_seed42/img2img_hard\hard\MEL\ISIC_0033878_label-MEL_strategy-hard_strength-0.45_gs-5.0_aug-001.png,0.8233324885368347
ISIC_0033878,MEL,0,hard,0.45,5.0,250,2,2322,experiments/260521-2002_res256_sd_lora_uncond_all_seed42/img2img_hard\hard\MEL\ISIC_0033878_label-MEL_strategy-hard_strength-0.45_gs-5.0_aug-002.png,0.8233324885368347
ISIC_0033878,MEL,0,hard,0.45,5.0,250,3,3322,experiments/260521-2002_res256_sd_lora_uncond_all_seed42/img2img_hard\hard\MEL\ISIC_0033878_label-MEL_strategy-hard_strength-0.45_gs-5.0_aug-003.png,0.8233324885368347
ISIC_0033878,MEL,0,hard,0.45,5.0,250,4,4322,experiments/260521-2002_res256_sd_lora_uncond_all_seed42/img2img_hard\hard\MEL\ISIC_0033878_label-MEL_strategy-hard_strength-0.45_gs-5.0_aug-004.png,0.8233324885368347
ISIC_0028410,MEL,0,hard,0.45,5.0,250,0,898,experiments/260521-2002_res256_sd_lora_uncond_all_seed42/img2img_hard\hard\MEL\ISIC_0028410_label-MEL_strategy-hard_strength-0.45_gs-5.0_aug-000.png,0.8384741544723511
ISIC_0028410,MEL,0,hard,0.45,5.0,250,1,1898,experiments/260521-2002_res256_sd_lora_uncond_all_seed42/img2img_hard\hard\MEL\ISIC_0028410_label-MEL_strategy-hard_strength-0.45_gs-5.0_aug-001.png,0.8384741544723511
ISIC_0028410,MEL,0,hard,0.45,5.0,250,2,2898,experiments/260521-2002_res256_sd_lora_uncond_all_seed42/img2img_hard\hard\MEL\ISIC_0028410_label-MEL_strategy-hard_strength-0.45_gs-5.0_aug-002.png,0.8384741544723511
ISIC_0028410,MEL,0,hard,0.45,5.0,250,3,3898,experiments/260521-2002_res256_sd_lora_uncond_all_seed42/img2img_hard\hard\MEL\ISIC_0028410_label-MEL_strategy-hard_strength-0.45_gs-5.0_aug-003.png,0.8384741544723511
ISIC_0028410,MEL,0,hard,0.45,5.0,250,4,4898,experiments/260521-2002_res256_sd_lora_uncond_all_seed42/img2img_hard\hard\MEL\ISIC_0028410_label-MEL_strategy-hard_strength-0.45_gs-5.0_aug-004.png,0.8384741544723511
ISIC_0033240,MEL,0,hard,0.45,5.0,250,0,434,experiments/260521-2002_res256_sd_lora_uncond_all_seed42/img2img_hard\hard\MEL\ISIC_0033240_label-MEL_strategy-hard_strength-0.45_gs-5.0_aug-000.png,0.815496563911438
ISIC_0033240,MEL,0,hard,0.45,5.0,250,1,1434,experiments/260521-2002_res256_sd_lora_uncond_all_seed42/img2img_hard\hard\MEL\ISIC_0033240_label-MEL_strategy-hard_strength-0.45_gs-5.0_aug-001.png,0.815496563911438
ISIC_0033240,MEL,0,hard,0.45,5.0,250,2,2434,experiments/260521-2002_res256_sd_lora_uncond_all_seed42/img2img_hard\hard\MEL\ISIC_0033240_label-MEL_strategy-hard_strength-0.45_gs-5.0_aug-002.png,0.815496563911438
ISIC_0033240,MEL,0,hard,0.45,5.0,250,3,3434,experiments/260521-2002_res256_sd_lora_uncond_all_seed42/img2img_hard\hard\MEL\ISIC_0033240_label-MEL_strategy-hard_strength-0.45_gs-5.0_aug-003.png,0.815496563911438
ISIC_0033240,MEL,0,hard,0.45,5.0,250,4,4434,experiments/260521-2002_res256_sd_lora_uncond_all_seed42/img2img_hard\hard\MEL\ISIC_0033240_label-MEL_strategy-hard_strength-0.45_gs-5.0_aug-004.png,0.815496563911438
ISIC_0028086,MEL,0,hard,0.45,5.0,250,0,320,experiments/260521-2002_res256_sd_lora_uncond_all_seed42/img2img_hard\hard\MEL\ISIC_0028086_label-MEL_strategy-hard_strength-0.45_gs-5.0_aug-000.png,0.7923645973205566
ISIC_0028086,MEL,0,hard,0.45,5.0,250,1,1320,experiments/260521-2002_res256_sd_lora_uncond_all_seed42/img2img_hard\hard\MEL\ISIC_0028086_label-MEL_strategy-hard_strength-0.45_gs-5.0_aug-001.png,0.7923645973205566
ISIC_0028086,MEL,0,hard,0.45,5.0,250,2,2320,experiments/260521-2002_res256_sd_lora_uncond_all_seed42/img2img_hard\hard\MEL\ISIC_0028086_label-MEL_strategy-hard_strength-0.45_gs-5.0_aug-002.png,0.7923645973205566
ISIC_0028086,MEL,0,hard,0.45,5.0,250,3,3320,experiments/260521-2002_res256_sd_lora_uncond_all_seed42/img2img_hard\hard\MEL\ISIC_0028086_label-MEL_strategy-hard_strength-0.45_gs-5.0_aug-003.png,0.7923645973205566
ISIC_0028086,MEL,0,hard,0.45,5.0,250,4,4320,experiments/260521-2002_res256_sd_lora_uncond_all_seed42/img2img_hard\hard\MEL\ISIC_0028086_label-MEL_strategy-hard_strength-0.45_gs-5.0_aug-004.png,0.7923645973205566
ISIC_0024310,MEL,0,hard,0.45,5.0,250,0,75,experiments/260521-2002_res256_sd_lora_uncond_all_seed42/img2img_hard\hard\MEL\ISIC_0024310_label-MEL_strategy-hard_strength-0.45_gs-5.0_aug-000.png,0.8116837739944458
ISIC_0024310,MEL,0,hard,0.45,5.0,250,1,1075,experiments/260521-2002_res256_sd_lora_uncond_all_seed42/img2img_hard\hard\MEL\ISIC_0024310_label-MEL_strategy-hard_strength-0.45_gs-5.0_aug-001.png,0.8116837739944458
ISIC_0024310,MEL,0,hard,0.45,5.0,250,2,2075,experiments/260521-2002_res256_sd_lora_uncond_all_seed42/img2img_hard\hard\MEL\ISIC_0024310_label-MEL_strategy-hard_strength-0.45_gs-5.0_aug-002.png,0.8116837739944458
ISIC_0024310,MEL,0,hard,0.45,5.0,250,3,3075,experiments/260521-2002_res256_sd_lora_uncond_all_seed42/img2img_hard\hard\MEL\ISIC_0024310_label-MEL_strategy-hard_strength-0.45_gs-5.0_aug-003.png,0.8116837739944458
ISIC_0024310,MEL,0,hard,0.45,5.0,250,4,4075,experiments/260521-2002_res256_sd_lora_uncond_all_seed42/img2img_hard\hard\MEL\ISIC_0024310_label-MEL_strategy-hard_strength-0.45_gs-5.0_aug-004.png,0.8116837739944458
ISIC_0030837,NV,1,hard,0.45,5.0,250,0,100831,experiments/260521-2002_res256_sd_lora_uncond_all_seed42/img2img_hard\hard\NV\ISIC_0030837_label-NV_strategy-hard_strength-0.45_gs-5.0_aug-000.png,0.3509944677352905
ISIC_0030837,NV,1,hard,0.45,5.0,250,1,101831,experiments/260521-2002_res256_sd_lora_uncond_all_seed42/img2img_hard\hard\NV\ISIC_0030837_label-NV_strategy-hard_strength-0.45_gs-5.0_aug-001.png,0.3509944677352905
ISIC_0030837,NV,1,hard,0.45,5.0,250,2,102831,experiments/260521-2002_res256_sd_lora_uncond_all_seed42/img2img_hard\hard\NV\ISIC_0030837_label-NV_strategy-hard_strength-0.45_gs-5.0_aug-002.png,0.3509944677352905
ISIC_0030837,NV,1,hard,0.45,5.0,250,3,103831,experiments/260521-2002_res256_sd_lora_uncond_all_seed42/img2img_hard\hard\NV\ISIC_0030837_label-NV_strategy-hard_strength-0.45_gs-5.0_aug-003.png,0.3509944677352905
ISIC_0030837,NV,1,hard,0.45,5.0,250,4,104831,experiments/260521-2002_res256_sd_lora_uncond_all_seed42/img2img_hard\hard\NV\ISIC_0030837_label-NV_strategy-hard_strength-0.45_gs-5.0_aug-004.png,0.3509944677352905
ISIC_0028010,NV,1,hard,0.45,5.0,250,0,100798,experiments/260521-2002_res256_sd_lora_uncond_all_seed42/img2img_hard\hard\NV\ISIC_0028010_label-NV_strategy-hard_strength-0.45_gs-5.0_aug-000.png,0.4021815061569214
ISIC_0028010,NV,1,hard,0.45,5.0,250,1,101798,experiments/260521-2002_res256_sd_lora_uncond_all_seed42/img2img_hard\hard\NV\ISIC_0028010_label-NV_strategy-hard_strength-0.45_gs-5.0_aug-001.png,0.4021815061569214
ISIC_0028010,NV,1,hard,0.45,5.0,250,2,102798,experiments/260521-2002_res256_sd_lora_uncond_all_seed42/img2img_hard\hard\NV\ISIC_0028010_label-NV_strategy-hard_strength-0.45_gs-5.0_aug-002.png,0.4021815061569214
ISIC_0028010,NV,1,hard,0.45,5.0,250,3,103798,experiments/260521-2002_res256_sd_lora_uncond_all_seed42/img2img_hard\hard\NV\ISIC_0028010_label-NV_strategy-hard_strength-0.45_gs-5.0_aug-003.png,0.4021815061569214
ISIC_0028010,NV,1,hard,0.45,5.0,250,4,104798,experiments/260521-2002_res256_sd_lora_uncond_all_seed42/img2img_hard\hard\NV\ISIC_0028010_label-NV_strategy-hard_strength-0.45_gs-5.0_aug-004.png,0.4021815061569214
ISIC_0026573,NV,1,hard,0.45,5.0,250,0,100948,experiments/260521-2002_res256_sd_lora_uncond_all_seed42/img2img_hard\hard\NV\ISIC_0026573_label-NV_strategy-hard_strength-0.45_gs-5.0_aug-000.png,0.398080438375473
ISIC_0026573,NV,1,hard,0.45,5.0,250,1,101948,experiments/260521-2002_res256_sd_lora_uncond_all_seed42/img2img_hard\hard\NV\ISIC_0026573_label-NV_strategy-hard_strength-0.45_gs-5.0_aug-001.png,0.398080438375473
ISIC_0026573,NV,1,hard,0.45,5.0,250,2,102948,experiments/260521-2002_res256_sd_lora_uncond_all_seed42/img2img_hard\hard\NV\ISIC_0026573_label-NV_strategy-hard_strength-0.45_gs-5.0_aug-002.png,0.398080438375473
ISIC_0026573,NV,1,hard,0.45,5.0,250,3,103948,experiments/260521-2002_res256_sd_lora_uncond_all_seed42/img2img_hard\hard\NV\ISIC_0026573_label-NV_strategy-hard_strength-0.45_gs-5.0_aug-003.png,0.398080438375473
ISIC_0026573,NV,1,hard,0.45,5.0,250,4,104948,experiments/260521-2002_res256_sd_lora_uncond_all_seed42/img2img_hard\hard\NV\ISIC_0026573_label-NV_strategy-hard_strength-0.45_gs-5.0_aug-004.png,0.398080438375473
ISIC_0034234,NV,1,hard,0.45,5.0,250,0,100953,experiments/260521-2002_res256_sd_lora_uncond_all_seed42/img2img_hard\hard\NV\ISIC_0034234_label-NV_strategy-hard_strength-0.45_gs-5.0_aug-000.png,0.4110915660858154
ISIC_0034234,NV,1,hard,0.45,5.0,250,1,101953,experiments/260521-2002_res256_sd_lora_uncond_all_seed42/img2img_hard\hard\NV\ISIC_0034234_label-NV_strategy-hard_strength-0.45_gs-5.0_aug-001.png,0.4110915660858154
ISIC_0034234,NV,1,hard,0.45,5.0,250,2,102953,experiments/260521-2002_res256_sd_lora_uncond_all_seed42/img2img_hard\hard\NV\ISIC_0034234_label-NV_strategy-hard_strength-0.45_gs-5.0_aug-002.png,0.4110915660858154
ISIC_0034234,NV,1,hard,0.45,5.0,250,3,103953,experiments/260521-2002_res256_sd_lora_uncond_all_seed42/img2img_hard\hard\NV\ISIC_0034234_label-NV_strategy-hard_strength-0.45_gs-5.0_aug-003.png,0.4110915660858154
ISIC_0034234,NV,1,hard,0.45,5.0,250,4,104953,experiments/260521-2002_res256_sd_lora_uncond_all_seed42/img2img_hard\hard\NV\ISIC_0034234_label-NV_strategy-hard_strength-0.45_gs-5.0_aug-004.png,0.4110915660858154
ISIC_0034304,NV,1,hard,0.45,5.0,250,0,100054,experiments/260521-2002_res256_sd_lora_uncond_all_seed42/img2img_hard\hard\NV\ISIC_0034304_label-NV_strategy-hard_strength-0.45_gs-5.0_aug-000.png,0.2558886110782623
ISIC_0034304,NV,1,hard,0.45,5.0,250,1,101054,experiments/260521-2002_res256_sd_lora_uncond_all_seed42/img2img_hard\hard\NV\ISIC_0034304_label-NV_strategy-hard_strength-0.45_gs-5.0_aug-001.png,0.2558886110782623
ISIC_0034304,NV,1,hard,0.45,5.0,250,2,102054,experiments/260521-2002_res256_sd_lora_uncond_all_seed42/img2img_hard\hard\NV\ISIC_0034304_label-NV_strategy-hard_strength-0.45_gs-5.0_aug-002.png,0.2558886110782623
ISIC_0034304,NV,1,hard,0.45,5.0,250,3,103054,experiments/260521-2002_res256_sd_lora_uncond_all_seed42/img2img_hard\hard\NV\ISIC_0034304_label-NV_strategy-hard_strength-0.45_gs-5.0_aug-003.png,0.2558886110782623
ISIC_0034304,NV,1,hard,0.45,5.0,250,4,104054,experiments/260521-2002_res256_sd_lora_uncond_all_seed42/img2img_hard\hard\NV\ISIC_0034304_label-NV_strategy-hard_strength-0.45_gs-5.0_aug-004.png,0.2558886110782623
ISIC_0029795,NV,1,hard,0.45,5.0,250,0,100788,experiments/260521-2002_res256_sd_lora_uncond_all_seed42/img2img_hard\hard\NV\ISIC_0029795_label-NV_strategy-hard_strength-0.45_gs-5.0_aug-000.png,0.4119894504547119
ISIC_0029795,NV,1,hard,0.45,5.0,250,1,101788,experiments/260521-2002_res256_sd_lora_uncond_all_seed42/img2img_hard\hard\NV\ISIC_0029795_label-NV_strategy-hard_strength-0.45_gs-5.0_aug-001.png,0.4119894504547119
ISIC_0029795,NV,1,hard,0.45,5.0,250,2,102788,experiments/260521-2002_res256_sd_lora_uncond_all_seed42/img2img_hard\hard\NV\ISIC_0029795_label-NV_strategy-hard_strength-0.45_gs-5.0_aug-002.png,0.4119894504547119
ISIC_0029795,NV,1,hard,0.45,5.0,250,3,103788,experiments/260521-2002_res256_sd_lora_uncond_all_seed42/img2img_hard\hard\NV\ISIC_0029795_label-NV_strategy-hard_strength-0.45_gs-5.0_aug-003.png,0.4119894504547119
ISIC_0029795,NV,1,hard,0.45,5.0,250,4,104788,experiments/260521-2002_res256_sd_lora_uncond_all_seed42/img2img_hard\hard\NV\ISIC_0029795_label-NV_strategy-hard_strength-0.45_gs-5.0_aug-004.png,0.4119894504547119
ISIC_0033057,NV,1,hard,0.45,5.0,250,0,100397,experiments/260521-2002_res256_sd_lora_uncond_all_seed42/img2img_hard\hard\NV\ISIC_0033057_label-NV_strategy-hard_strength-0.45_gs-5.0_aug-000.png,0.3871474862098694
ISIC_0033057,NV,1,hard,0.45,5.0,250,1,101397,experiments/260521-2002_res256_sd_lora_uncond_all_seed42/img2img_hard\hard\NV\ISIC_0033057_label-NV_strategy-hard_strength-0.45_gs-5.0_aug-001.png,0.3871474862098694
ISIC_0033057,NV,1,hard,0.45,5.0,250,2,102397,experiments/260521-2002_res256_sd_lora_uncond_all_seed42/img2img_hard\hard\NV\ISIC_0033057_label-NV_strategy-hard_strength-0.45_gs-5.0_aug-002.png,0.3871474862098694
ISIC_0033057,NV,1,hard,0.45,5.0,250,3,103397,experiments/260521-2002_res256_sd_lora_uncond_all_seed42/img2img_hard\hard\NV\ISIC_0033057_label-NV_strategy-hard_strength-0.45_gs-5.0_aug-003.png,0.3871474862098694
ISIC_0033057,NV,1,hard,0.45,5.0,250,4,104397,experiments/260521-2002_res256_sd_lora_uncond_all_seed42/img2img_hard\hard\NV\ISIC_0033057_label-NV_strategy-hard_strength-0.45_gs-5.0_aug-004.png,0.3871474862098694
ISIC_0024497,NV,1,hard,0.45,5.0,250,0,100719,experiments/260521-2002_res256_sd_lora_uncond_all_seed42/img2img_hard\hard\NV\ISIC_0024497_label-NV_strategy-hard_strength-0.45_gs-5.0_aug-000.png,0.2750853598117828
ISIC_0024497,NV,1,hard,0.45,5.0,250,1,101719,experiments/260521-2002_res256_sd_lora_uncond_all_seed42/img2img_hard\hard\NV\ISIC_0024497_label-NV_strategy-hard_strength-0.45_gs-5.0_aug-001.png,0.2750853598117828
ISIC_0024497,NV,1,hard,0.45,5.0,250,2,102719,experiments/260521-2002_res256_sd_lora_uncond_all_seed42/img2img_hard\hard\NV\ISIC_0024497_label-NV_strategy-hard_strength-0.45_gs-5.0_aug-002.png,0.2750853598117828
ISIC_0024497,NV,1,hard,0.45,5.0,250,3,103719,experiments/260521-2002_res256_sd_lora_uncond_all_seed42/img2img_hard\hard\NV\ISIC_0024497_label-NV_strategy-hard_strength-0.45_gs-5.0_aug-003.png,0.2750853598117828
ISIC_0024497,NV,1,hard,0.45,5.0,250,4,104719,experiments/260521-2002_res256_sd_lora_uncond_all_seed42/img2img_hard\hard\NV\ISIC_0024497_label-NV_strategy-hard_strength-0.45_gs-5.0_aug-004.png,0.2750853598117828
ISIC_0032178,NV,1,hard,0.45,5.0,250,0,100184,experiments/260521-2002_res256_sd_lora_uncond_all_seed42/img2img_hard\hard\NV\ISIC_0032178_label-NV_strategy-hard_strength-0.45_gs-5.0_aug-000.png,0.3893609046936035
ISIC_0032178,NV,1,hard,0.45,5.0,250,1,101184,experiments/260521-2002_res256_sd_lora_uncond_all_seed42/img2img_hard\hard\NV\ISIC_0032178_label-NV_strategy-hard_strength-0.45_gs-5.0_aug-001.png,0.3893609046936035
ISIC_0032178,NV,1,hard,0.45,5.0,250,2,102184,experiments/260521-2002_res256_sd_lora_uncond_all_seed42/img2img_hard\hard\NV\ISIC_0032178_label-NV_strategy-hard_strength-0.45_gs-5.0_aug-002.png,0.3893609046936035
ISIC_0032178,NV,1,hard,0.45,5.0,250,3,103184,experiments/260521-2002_res256_sd_lora_uncond_all_seed42/img2img_hard\hard\NV\ISIC_0032178_label-NV_strategy-hard_strength-0.45_gs-5.0_aug-003.png,0.3893609046936035
ISIC_0032178,NV,1,hard,0.45,5.0,250,4,104184,experiments/260521-2002_res256_sd_lora_uncond_all_seed42/img2img_hard\hard\NV\ISIC_0032178_label-NV_strategy-hard_strength-0.45_gs-5.0_aug-004.png,0.3893609046936035
ISIC_0027166,NV,1,hard,0.45,5.0,250,0,100584,experiments/260521-2002_res256_sd_lora_uncond_all_seed42/img2img_hard\hard\NV\ISIC_0027166_label-NV_strategy-hard_strength-0.45_gs-5.0_aug-000.png,0.3673982918262481
ISIC_0027166,NV,1,hard,0.45,5.0,250,1,101584,experiments/260521-2002_res256_sd_lora_uncond_all_seed42/img2img_hard\hard\NV\ISIC_0027166_label-NV_strategy-hard_strength-0.45_gs-5.0_aug-001.png,0.3673982918262481
ISIC_0027166,NV,1,hard,0.45,5.0,250,2,102584,experiments/260521-2002_res256_sd_lora_uncond_all_seed42/img2img_hard\hard\NV\ISIC_0027166_label-NV_strategy-hard_strength-0.45_gs-5.0_aug-002.png,0.3673982918262481
ISIC_0027166,NV,1,hard,0.45,5.0,250,3,103584,experiments/260521-2002_res256_sd_lora_uncond_all_seed42/img2img_hard\hard\NV\ISIC_0027166_label-NV_strategy-hard_strength-0.45_gs-5.0_aug-003.png,0.3673982918262481
ISIC_0027166,NV,1,hard,0.45,5.0,250,4,104584,experiments/260521-2002_res256_sd_lora_uncond_all_seed42/img2img_hard\hard\NV\ISIC_0027166_label-NV_strategy-hard_strength-0.45_gs-5.0_aug-004.png,0.3673982918262481
ISIC_0033632,NV,1,hard,0.45,5.0,250,0,100502,experiments/260521-2002_res256_sd_lora_uncond_all_seed42/img2img_hard\hard\NV\ISIC_0033632_label-NV_strategy-hard_strength-0.45_gs-5.0_aug-000.png,0.2846696078777313
ISIC_0033632,NV,1,hard,0.45,5.0,250,1,101502,experiments/260521-2002_res256_sd_lora_uncond_all_seed42/img2img_hard\hard\NV\ISIC_0033632_label-NV_strategy-hard_strength-0.45_gs-5.0_aug-001.png,0.2846696078777313
ISIC_0033632,NV,1,hard,0.45,5.0,250,2,102502,experiments/260521-2002_res256_sd_lora_uncond_all_seed42/img2img_hard\hard\NV\ISIC_0033632_label-NV_strategy-hard_strength-0.45_gs-5.0_aug-002.png,0.2846696078777313
ISIC_0033632,NV,1,hard,0.45,5.0,250,3,103502,experiments/260521-2002_res256_sd_lora_uncond_all_seed42/img2img_hard\hard\NV\ISIC_0033632_label-NV_strategy-hard_strength-0.45_gs-5.0_aug-003.png,0.2846696078777313
ISIC_0033632,NV,1,hard,0.45,5.0,250,4,104502,experiments/260521-2002_res256_sd_lora_uncond_all_seed42/img2img_hard\hard\NV\ISIC_0033632_label-NV_strategy-hard_strength-0.45_gs-5.0_aug-004.png,0.2846696078777313
ISIC_0033471,NV,1,hard,0.45,5.0,250,0,100388,experiments/260521-2002_res256_sd_lora_uncond_all_seed42/img2img_hard\hard\NV\ISIC_0033471_label-NV_strategy-hard_strength-0.45_gs-5.0_aug-000.png,0.2345467954874038
ISIC_0033471,NV,1,hard,0.45,5.0,250,1,101388,experiments/260521-2002_res256_sd_lora_uncond_all_seed42/img2img_hard\hard\NV\ISIC_0033471_label-NV_strategy-hard_strength-0.45_gs-5.0_aug-001.png,0.2345467954874038
ISIC_0033471,NV,1,hard,0.45,5.0,250,2,102388,experiments/260521-2002_res256_sd_lora_uncond_all_seed42/img2img_hard\hard\NV\ISIC_0033471_label-NV_strategy-hard_strength-0.45_gs-5.0_aug-002.png,0.2345467954874038
ISIC_0033471,NV,1,hard,0.45,5.0,250,3,103388,experiments/260521-2002_res256_sd_lora_uncond_all_seed42/img2img_hard\hard\NV\ISIC_0033471_label-NV_strategy-hard_strength-0.45_gs-5.0_aug-003.png,0.2345467954874038
ISIC_0033471,NV,1,hard,0.45,5.0,250,4,104388,experiments/260521-2002_res256_sd_lora_uncond_all_seed42/img2img_hard\hard\NV\ISIC_0033471_label-NV_strategy-hard_strength-0.45_gs-5.0_aug-004.png,0.2345467954874038
ISIC_0033138,NV,1,hard,0.45,5.0,250,0,100046,experiments/260521-2002_res256_sd_lora_uncond_all_seed42/img2img_hard\hard\NV\ISIC_0033138_label-NV_strategy-hard_strength-0.45_gs-5.0_aug-000.png,0.3765047788619995
ISIC_0033138,NV,1,hard,0.45,5.0,250,1,101046,experiments/260521-2002_res256_sd_lora_uncond_all_seed42/img2img_hard\hard\NV\ISIC_0033138_label-NV_strategy-hard_strength-0.45_gs-5.0_aug-001.png,0.3765047788619995
ISIC_0033138,NV,1,hard,0.45,5.0,250,2,102046,experiments/260521-2002_res256_sd_lora_uncond_all_seed42/img2img_hard\hard\NV\ISIC_0033138_label-NV_strategy-hard_strength-0.45_gs-5.0_aug-002.png,0.3765047788619995
ISIC_0033138,NV,1,hard,0.45,5.0,250,3,103046,experiments/260521-2002_res256_sd_lora_uncond_all_seed42/img2img_hard\hard\NV\ISIC_0033138_label-NV_strategy-hard_strength-0.45_gs-5.0_aug-003.png,0.3765047788619995
ISIC_0033138,NV,1,hard,0.45,5.0,250,4,104046,experiments/260521-2002_res256_sd_lora_uncond_all_seed42/img2img_hard\hard\NV\ISIC_0033138_label-NV_strategy-hard_strength-0.45_gs-5.0_aug-004.png,0.3765047788619995
ISIC_0030527,NV,1,hard,0.45,5.0,250,0,100425,experiments/260521-2002_res256_sd_lora_uncond_all_seed42/img2img_hard\hard\NV\ISIC_0030527_label-NV_strategy-hard_strength-0.45_gs-5.0_aug-000.png,0.4111831486225128
ISIC_0030527,NV,1,hard,0.45,5.0,250,1,101425,experiments/260521-2002_res256_sd_lora_uncond_all_seed42/img2img_hard\hard\NV\ISIC_0030527_label-NV_strategy-hard_strength-0.45_gs-5.0_aug-001.png,0.4111831486225128
ISIC_0030527,NV,1,hard,0.45,5.0,250,2,102425,experiments/260521-2002_res256_sd_lora_uncond_all_seed42/img2img_hard\hard\NV\ISIC_0030527_label-NV_strategy-hard_strength-0.45_gs-5.0_aug-002.png,0.4111831486225128
ISIC_0030527,NV,1,hard,0.45,5.0,250,3,103425,experiments/260521-2002_res256_sd_lora_uncond_all_seed42/img2img_hard\hard\NV\ISIC_0030527_label-NV_strategy-hard_strength-0.45_gs-5.0_aug-003.png,0.4111831486225128
ISIC_0030527,NV,1,hard,0.45,5.0,250,4,104425,experiments/260521-2002_res256_sd_lora_uncond_all_seed42/img2img_hard\hard\NV\ISIC_0030527_label-NV_strategy-hard_strength-0.45_gs-5.0_aug-004.png,0.4111831486225128
ISIC_0029511,NV,1,hard,0.45,5.0,250,0,100582,experiments/260521-2002_res256_sd_lora_uncond_all_seed42/img2img_hard\hard\NV\ISIC_0029511_label-NV_strategy-hard_strength-0.45_gs-5.0_aug-000.png,0.3988016247749328
ISIC_0029511,NV,1,hard,0.45,5.0,250,1,101582,experiments/260521-2002_res256_sd_lora_uncond_all_seed42/img2img_hard\hard\NV\ISIC_0029511_label-NV_strategy-hard_strength-0.45_gs-5.0_aug-001.png,0.3988016247749328
ISIC_0029511,NV,1,hard,0.45,5.0,250,2,102582,experiments/260521-2002_res256_sd_lora_uncond_all_seed42/img2img_hard\hard\NV\ISIC_0029511_label-NV_strategy-hard_strength-0.45_gs-5.0_aug-002.png,0.3988016247749328
ISIC_0029511,NV,1,hard,0.45,5.0,250,3,103582,experiments/260521-2002_res256_sd_lora_uncond_all_seed42/img2img_hard\hard\NV\ISIC_0029511_label-NV_strategy-hard_strength-0.45_gs-5.0_aug-003.png,0.3988016247749328
ISIC_0029511,NV,1,hard,0.45,5.0,250,4,104582,experiments/260521-2002_res256_sd_lora_uncond_all_seed42/img2img_hard\hard\NV\ISIC_0029511_label-NV_strategy-hard_strength-0.45_gs-5.0_aug-004.png,0.3988016247749328
ISIC_0027868,NV,1,hard,0.45,5.0,250,0,100691,experiments/260521-2002_res256_sd_lora_uncond_all_seed42/img2img_hard\hard\NV\ISIC_0027868_label-NV_strategy-hard_strength-0.45_gs-5.0_aug-000.png,0.404272049665451
ISIC_0027868,NV,1,hard,0.45,5.0,250,1,101691,experiments/260521-2002_res256_sd_lora_uncond_all_seed42/img2img_hard\hard\NV\ISIC_0027868_label-NV_strategy-hard_strength-0.45_gs-5.0_aug-001.png,0.404272049665451
ISIC_0027868,NV,1,hard,0.45,5.0,250,2,102691,experiments/260521-2002_res256_sd_lora_uncond_all_seed42/img2img_hard\hard\NV\ISIC_0027868_label-NV_strategy-hard_strength-0.45_gs-5.0_aug-002.png,0.404272049665451
ISIC_0027868,NV,1,hard,0.45,5.0,250,3,103691,experiments/260521-2002_res256_sd_lora_uncond_all_seed42/img2img_hard\hard\NV\ISIC_0027868_label-NV_strategy-hard_strength-0.45_gs-5.0_aug-003.png,0.404272049665451
ISIC_0027868,NV,1,hard,0.45,5.0,250,4,104691,experiments/260521-2002_res256_sd_lora_uncond_all_seed42/img2img_hard\hard\NV\ISIC_0027868_label-NV_strategy-hard_strength-0.45_gs-5.0_aug-004.png,0.404272049665451
ISIC_0028212,NV,1,hard,0.45,5.0,250,0,100586,experiments/260521-2002_res256_sd_lora_uncond_all_seed42/img2img_hard\hard\NV\ISIC_0028212_label-NV_strategy-hard_strength-0.45_gs-5.0_aug-000.png,0.4000012576580047
ISIC_0028212,NV,1,hard,0.45,5.0,250,1,101586,experiments/260521-2002_res256_sd_lora_uncond_all_seed42/img2img_hard\hard\NV\ISIC_0028212_label-NV_strategy-hard_strength-0.45_gs-5.0_aug-001.png,0.4000012576580047
ISIC_0028212,NV,1,hard,0.45,5.0,250,2,102586,experiments/260521-2002_res256_sd_lora_uncond_all_seed42/img2img_hard\hard\NV\ISIC_0028212_label-NV_strategy-hard_strength-0.45_gs-5.0_aug-002.png,0.4000012576580047
ISIC_0028212,NV,1,hard,0.45,5.0,250,3,103586,experiments/260521-2002_res256_sd_lora_uncond_all_seed42/img2img_hard\hard\NV\ISIC_0028212_label-NV_strategy-hard_strength-0.45_gs-5.0_aug-003.png,0.4000012576580047
ISIC_0028212,NV,1,hard,0.45,5.0,250,4,104586,experiments/260521-2002_res256_sd_lora_uncond_all_seed42/img2img_hard\hard\NV\ISIC_0028212_label-NV_strategy-hard_strength-0.45_gs-5.0_aug-004.png,0.4000012576580047
ISIC_0028170,NV,1,hard,0.45,5.0,250,0,100894,experiments/260521-2002_res256_sd_lora_uncond_all_seed42/img2img_hard\hard\NV\ISIC_0028170_label-NV_strategy-hard_strength-0.45_gs-5.0_aug-000.png,0.3685789108276367
ISIC_0028170,NV,1,hard,0.45,5.0,250,1,101894,experiments/260521-2002_res256_sd_lora_uncond_all_seed42/img2img_hard\hard\NV\ISIC_0028170_label-NV_strategy-hard_strength-0.45_gs-5.0_aug-001.png,0.3685789108276367
ISIC_0028170,NV,1,hard,0.45,5.0,250,2,102894,experiments/260521-2002_res256_sd_lora_uncond_all_seed42/img2img_hard\hard\NV\ISIC_0028170_label-NV_strategy-hard_strength-0.45_gs-5.0_aug-002.png,0.3685789108276367
ISIC_0028170,NV,1,hard,0.45,5.0,250,3,103894,experiments/260521-2002_res256_sd_lora_uncond_all_seed42/img2img_hard\hard\NV\ISIC_0028170_label-NV_strategy-hard_strength-0.45_gs-5.0_aug-003.png,0.3685789108276367
ISIC_0028170,NV,1,hard,0.45,5.0,250,4,104894,experiments/260521-2002_res256_sd_lora_uncond_all_seed42/img2img_hard\hard\NV\ISIC_0028170_label-NV_strategy-hard_strength-0.45_gs-5.0_aug-004.png,0.3685789108276367
ISIC_0027523,NV,1,hard,0.45,5.0,250,0,100362,experiments/260521-2002_res256_sd_lora_uncond_all_seed42/img2img_hard\hard\NV\ISIC_0027523_label-NV_strategy-hard_strength-0.45_gs-5.0_aug-000.png,0.3740878403186798
ISIC_0027523,NV,1,hard,0.45,5.0,250,1,101362,experiments/260521-2002_res256_sd_lora_uncond_all_seed42/img2img_hard\hard\NV\ISIC_0027523_label-NV_strategy-hard_strength-0.45_gs-5.0_aug-001.png,0.3740878403186798
ISIC_0027523,NV,1,hard,0.45,5.0,250,2,102362,experiments/260521-2002_res256_sd_lora_uncond_all_seed42/img2img_hard\hard\NV\ISIC_0027523_label-NV_strategy-hard_strength-0.45_gs-5.0_aug-002.png,0.3740878403186798
ISIC_0027523,NV,1,hard,0.45,5.0,250,3,103362,experiments/260521-2002_res256_sd_lora_uncond_all_seed42/img2img_hard\hard\NV\ISIC_0027523_label-NV_strategy-hard_strength-0.45_gs-5.0_aug-003.png,0.3740878403186798
ISIC_0027523,NV,1,hard,0.45,5.0,250,4,104362,experiments/260521-2002_res256_sd_lora_uncond_all_seed42/img2img_hard\hard\NV\ISIC_0027523_label-NV_strategy-hard_strength-0.45_gs-5.0_aug-004.png,0.3740878403186798
ISIC_0033803,NV,1,hard,0.45,5.0,250,0,100949,experiments/260521-2002_res256_sd_lora_uncond_all_seed42/img2img_hard\hard\NV\ISIC_0033803_label-NV_strategy-hard_strength-0.45_gs-5.0_aug-000.png,0.3954657316207886
ISIC_0033803,NV,1,hard,0.45,5.0,250,1,101949,experiments/260521-2002_res256_sd_lora_uncond_all_seed42/img2img_hard\hard\NV\ISIC_0033803_label-NV_strategy-hard_strength-0.45_gs-5.0_aug-001.png,0.3954657316207886
ISIC_0033803,NV,1,hard,0.45,5.0,250,2,102949,experiments/260521-2002_res256_sd_lora_uncond_all_seed42/img2img_hard\hard\NV\ISIC_0033803_label-NV_strategy-hard_strength-0.45_gs-5.0_aug-002.png,0.3954657316207886
ISIC_0033803,NV,1,hard,0.45,5.0,250,3,103949,experiments/260521-2002_res256_sd_lora_uncond_all_seed42/img2img_hard\hard\NV\ISIC_0033803_label-NV_strategy-hard_strength-0.45_gs-5.0_aug-003.png,0.3954657316207886
ISIC_0033803,NV,1,hard,0.45,5.0,250,4,104949,experiments/260521-2002_res256_sd_lora_uncond_all_seed42/img2img_hard\hard\NV\ISIC_0033803_label-NV_strategy-hard_strength-0.45_gs-5.0_aug-004.png,0.3954657316207886
ISIC_0024457,BCC,2,hard,0.45,5.0,250,0,200648,experiments/260521-2002_res256_sd_lora_uncond_all_seed42/img2img_hard\hard\BCC\ISIC_0024457_label-BCC_strategy-hard_strength-0.45_gs-5.0_aug-000.png,0.9173596501350404
ISIC_0024457,BCC,2,hard,0.45,5.0,250,1,201648,experiments/260521-2002_res256_sd_lora_uncond_all_seed42/img2img_hard\hard\BCC\ISIC_0024457_label-BCC_strategy-hard_strength-0.45_gs-5.0_aug-001.png,0.9173596501350404
ISIC_0024457,BCC,2,hard,0.45,5.0,250,2,202648,experiments/260521-2002_res256_sd_lora_uncond_all_seed42/img2img_hard\hard\BCC\ISIC_0024457_label-BCC_strategy-hard_strength-0.45_gs-5.0_aug-002.png,0.9173596501350404
ISIC_0024457,BCC,2,hard,0.45,5.0,250,3,203648,experiments/260521-2002_res256_sd_lora_uncond_all_seed42/img2img_hard\hard\BCC\ISIC_0024457_label-BCC_strategy-hard_strength-0.45_gs-5.0_aug-003.png,0.9173596501350404
ISIC_0024457,BCC,2,hard,0.45,5.0,250,4,204648,experiments/260521-2002_res256_sd_lora_uncond_all_seed42/img2img_hard\hard\BCC\ISIC_0024457_label-BCC_strategy-hard_strength-0.45_gs-5.0_aug-004.png,0.9173596501350404
ISIC_0030746,BCC,2,hard,0.45,5.0,250,0,200858,experiments/260521-2002_res256_sd_lora_uncond_all_seed42/img2img_hard\hard\BCC\ISIC_0030746_label-BCC_strategy-hard_strength-0.45_gs-5.0_aug-000.png,0.9182891249656676
ISIC_0030746,BCC,2,hard,0.45,5.0,250,1,201858,experiments/260521-2002_res256_sd_lora_uncond_all_seed42/img2img_hard\hard\BCC\ISIC_0030746_label-BCC_strategy-hard_strength-0.45_gs-5.0_aug-001.png,0.9182891249656676
ISIC_0030746,BCC,2,hard,0.45,5.0,250,2,202858,experiments/260521-2002_res256_sd_lora_uncond_all_seed42/img2img_hard\hard\BCC\ISIC_0030746_label-BCC_strategy-hard_strength-0.45_gs-5.0_aug-002.png,0.9182891249656676
ISIC_0030746,BCC,2,hard,0.45,5.0,250,3,203858,experiments/260521-2002_res256_sd_lora_uncond_all_seed42/img2img_hard\hard\BCC\ISIC_0030746_label-BCC_strategy-hard_strength-0.45_gs-5.0_aug-003.png,0.9182891249656676
ISIC_0030746,BCC,2,hard,0.45,5.0,250,4,204858,experiments/260521-2002_res256_sd_lora_uncond_all_seed42/img2img_hard\hard\BCC\ISIC_0030746_label-BCC_strategy-hard_strength-0.45_gs-5.0_aug-004.png,0.9182891249656676
ISIC_0030138,BCC,2,hard,0.45,5.0,250,0,200995,experiments/260521-2002_res256_sd_lora_uncond_all_seed42/img2img_hard\hard\BCC\ISIC_0030138_label-BCC_strategy-hard_strength-0.45_gs-5.0_aug-000.png,0.9053015112876892
ISIC_0030138,BCC,2,hard,0.45,5.0,250,1,201995,experiments/260521-2002_res256_sd_lora_uncond_all_seed42/img2img_hard\hard\BCC\ISIC_0030138_label-BCC_strategy-hard_strength-0.45_gs-5.0_aug-001.png,0.9053015112876892
ISIC_0030138,BCC,2,hard,0.45,5.0,250,2,202995,experiments/260521-2002_res256_sd_lora_uncond_all_seed42/img2img_hard\hard\BCC\ISIC_0030138_label-BCC_strategy-hard_strength-0.45_gs-5.0_aug-002.png,0.9053015112876892
ISIC_0030138,BCC,2,hard,0.45,5.0,250,3,203995,experiments/260521-2002_res256_sd_lora_uncond_all_seed42/img2img_hard\hard\BCC\ISIC_0030138_label-BCC_strategy-hard_strength-0.45_gs-5.0_aug-003.png,0.9053015112876892
ISIC_0030138,BCC,2,hard,0.45,5.0,250,4,204995,experiments/260521-2002_res256_sd_lora_uncond_all_seed42/img2img_hard\hard\BCC\ISIC_0030138_label-BCC_strategy-hard_strength-0.45_gs-5.0_aug-004.png,0.9053015112876892
ISIC_0030230,BCC,2,hard,0.45,5.0,250,0,200931,experiments/260521-2002_res256_sd_lora_uncond_all_seed42/img2img_hard\hard\BCC\ISIC_0030230_label-BCC_strategy-hard_strength-0.45_gs-5.0_aug-000.png,0.9151899218559264
ISIC_0030230,BCC,2,hard,0.45,5.0,250,1,201931,experiments/260521-2002_res256_sd_lora_uncond_all_seed42/img2img_hard\hard\BCC\ISIC_0030230_label-BCC_strategy-hard_strength-0.45_gs-5.0_aug-001.png,0.9151899218559264
ISIC_0030230,BCC,2,hard,0.45,5.0,250,2,202931,experiments/260521-2002_res256_sd_lora_uncond_all_seed42/img2img_hard\hard\BCC\ISIC_0030230_label-BCC_strategy-hard_strength-0.45_gs-5.0_aug-002.png,0.9151899218559264
ISIC_0030230,BCC,2,hard,0.45,5.0,250,3,203931,experiments/260521-2002_res256_sd_lora_uncond_all_seed42/img2img_hard\hard\BCC\ISIC_0030230_label-BCC_strategy-hard_strength-0.45_gs-5.0_aug-003.png,0.9151899218559264
ISIC_0030230,BCC,2,hard,0.45,5.0,250,4,204931,experiments/260521-2002_res256_sd_lora_uncond_all_seed42/img2img_hard\hard\BCC\ISIC_0030230_label-BCC_strategy-hard_strength-0.45_gs-5.0_aug-004.png,0.9151899218559264
ISIC_0031614,BCC,2,hard,0.45,5.0,250,0,200402,experiments/260521-2002_res256_sd_lora_uncond_all_seed42/img2img_hard\hard\BCC\ISIC_0031614_label-BCC_strategy-hard_strength-0.45_gs-5.0_aug-000.png,0.9202927947044371
ISIC_0031614,BCC,2,hard,0.45,5.0,250,1,201402,experiments/260521-2002_res256_sd_lora_uncond_all_seed42/img2img_hard\hard\BCC\ISIC_0031614_label-BCC_strategy-hard_strength-0.45_gs-5.0_aug-001.png,0.9202927947044371
ISIC_0031614,BCC,2,hard,0.45,5.0,250,2,202402,experiments/260521-2002_res256_sd_lora_uncond_all_seed42/img2img_hard\hard\BCC\ISIC_0031614_label-BCC_strategy-hard_strength-0.45_gs-5.0_aug-002.png,0.9202927947044371
ISIC_0031614,BCC,2,hard,0.45,5.0,250,3,203402,experiments/260521-2002_res256_sd_lora_uncond_all_seed42/img2img_hard\hard\BCC\ISIC_0031614_label-BCC_strategy-hard_strength-0.45_gs-5.0_aug-003.png,0.9202927947044371
ISIC_0031614,BCC,2,hard,0.45,5.0,250,4,204402,experiments/260521-2002_res256_sd_lora_uncond_all_seed42/img2img_hard\hard\BCC\ISIC_0031614_label-BCC_strategy-hard_strength-0.45_gs-5.0_aug-004.png,0.9202927947044371
ISIC_0024787,BCC,2,hard,0.45,5.0,250,0,200459,experiments/260521-2002_res256_sd_lora_uncond_all_seed42/img2img_hard\hard\BCC\ISIC_0024787_label-BCC_strategy-hard_strength-0.45_gs-5.0_aug-000.png,0.9223686456680298
ISIC_0024787,BCC,2,hard,0.45,5.0,250,1,201459,experiments/260521-2002_res256_sd_lora_uncond_all_seed42/img2img_hard\hard\BCC\ISIC_0024787_label-BCC_strategy-hard_strength-0.45_gs-5.0_aug-001.png,0.9223686456680298
ISIC_0024787,BCC,2,hard,0.45,5.0,250,2,202459,experiments/260521-2002_res256_sd_lora_uncond_all_seed42/img2img_hard\hard\BCC\ISIC_0024787_label-BCC_strategy-hard_strength-0.45_gs-5.0_aug-002.png,0.9223686456680298
ISIC_0024787,BCC,2,hard,0.45,5.0,250,3,203459,experiments/260521-2002_res256_sd_lora_uncond_all_seed42/img2img_hard\hard\BCC\ISIC_0024787_label-BCC_strategy-hard_strength-0.45_gs-5.0_aug-003.png,0.9223686456680298
ISIC_0024787,BCC,2,hard,0.45,5.0,250,4,204459,experiments/260521-2002_res256_sd_lora_uncond_all_seed42/img2img_hard\hard\BCC\ISIC_0024787_label-BCC_strategy-hard_strength-0.45_gs-5.0_aug-004.png,0.9223686456680298
ISIC_0025826,BCC,2,hard,0.45,5.0,250,0,200911,experiments/260521-2002_res256_sd_lora_uncond_all_seed42/img2img_hard\hard\BCC\ISIC_0025826_label-BCC_strategy-hard_strength-0.45_gs-5.0_aug-000.png,0.920885980129242
ISIC_0025826,BCC,2,hard,0.45,5.0,250,1,201911,experiments/260521-2002_res256_sd_lora_uncond_all_seed42/img2img_hard\hard\BCC\ISIC_0025826_label-BCC_strategy-hard_strength-0.45_gs-5.0_aug-001.png,0.920885980129242
ISIC_0025826,BCC,2,hard,0.45,5.0,250,2,202911,experiments/260521-2002_res256_sd_lora_uncond_all_seed42/img2img_hard\hard\BCC\ISIC_0025826_label-BCC_strategy-hard_strength-0.45_gs-5.0_aug-002.png,0.920885980129242
ISIC_0025826,BCC,2,hard,0.45,5.0,250,3,203911,experiments/260521-2002_res256_sd_lora_uncond_all_seed42/img2img_hard\hard\BCC\ISIC_0025826_label-BCC_strategy-hard_strength-0.45_gs-5.0_aug-003.png,0.920885980129242
ISIC_0025826,BCC,2,hard,0.45,5.0,250,4,204911,experiments/260521-2002_res256_sd_lora_uncond_all_seed42/img2img_hard\hard\BCC\ISIC_0025826_label-BCC_strategy-hard_strength-0.45_gs-5.0_aug-004.png,0.920885980129242
ISIC_0034143,BCC,2,hard,0.45,5.0,250,0,200588,experiments/260521-2002_res256_sd_lora_uncond_all_seed42/img2img_hard\hard\BCC\ISIC_0034143_label-BCC_strategy-hard_strength-0.45_gs-5.0_aug-000.png,0.918468177318573
ISIC_0034143,BCC,2,hard,0.45,5.0,250,1,201588,experiments/260521-2002_res256_sd_lora_uncond_all_seed42/img2img_hard\hard\BCC\ISIC_0034143_label-BCC_strategy-hard_strength-0.45_gs-5.0_aug-001.png,0.918468177318573
ISIC_0034143,BCC,2,hard,0.45,5.0,250,2,202588,experiments/260521-2002_res256_sd_lora_uncond_all_seed42/img2img_hard\hard\BCC\ISIC_0034143_label-BCC_strategy-hard_strength-0.45_gs-5.0_aug-002.png,0.918468177318573
ISIC_0034143,BCC,2,hard,0.45,5.0,250,3,203588,experiments/260521-2002_res256_sd_lora_uncond_all_seed42/img2img_hard\hard\BCC\ISIC_0034143_label-BCC_strategy-hard_strength-0.45_gs-5.0_aug-003.png,0.918468177318573
ISIC_0034143,BCC,2,hard,0.45,5.0,250,4,204588,experiments/260521-2002_res256_sd_lora_uncond_all_seed42/img2img_hard\hard\BCC\ISIC_0034143_label-BCC_strategy-hard_strength-0.45_gs-5.0_aug-004.png,0.918468177318573
ISIC_0031552,BCC,2,hard,0.45,5.0,250,0,200592,experiments/260521-2002_res256_sd_lora_uncond_all_seed42/img2img_hard\hard\BCC\ISIC_0031552_label-BCC_strategy-hard_strength-0.45_gs-5.0_aug-000.png,0.9235544204711914
ISIC_0031552,BCC,2,hard,0.45,5.0,250,1,201592,experiments/260521-2002_res256_sd_lora_uncond_all_seed42/img2img_hard\hard\BCC\ISIC_0031552_label-BCC_strategy-hard_strength-0.45_gs-5.0_aug-001.png,0.9235544204711914
ISIC_0031552,BCC,2,hard,0.45,5.0,250,2,202592,experiments/260521-2002_res256_sd_lora_uncond_all_seed42/img2img_hard\hard\BCC\ISIC_0031552_label-BCC_strategy-hard_strength-0.45_gs-5.0_aug-002.png,0.9235544204711914
ISIC_0031552,BCC,2,hard,0.45,5.0,250,3,203592,experiments/260521-2002_res256_sd_lora_uncond_all_seed42/img2img_hard\hard\BCC\ISIC_0031552_label-BCC_strategy-hard_strength-0.45_gs-5.0_aug-003.png,0.9235544204711914
ISIC_0031552,BCC,2,hard,0.45,5.0,250,4,204592,experiments/260521-2002_res256_sd_lora_uncond_all_seed42/img2img_hard\hard\BCC\ISIC_0031552_label-BCC_strategy-hard_strength-0.45_gs-5.0_aug-004.png,0.9235544204711914
ISIC_0030349,BCC,2,hard,0.45,5.0,250,0,200471,experiments/260521-2002_res256_sd_lora_uncond_all_seed42/img2img_hard\hard\BCC\ISIC_0030349_label-BCC_strategy-hard_strength-0.45_gs-5.0_aug-000.png,0.9088646173477172
ISIC_0030349,BCC,2,hard,0.45,5.0,250,1,201471,experiments/260521-2002_res256_sd_lora_uncond_all_seed42/img2img_hard\hard\BCC\ISIC_0030349_label-BCC_strategy-hard_strength-0.45_gs-5.0_aug-001.png,0.9088646173477172
ISIC_0030349,BCC,2,hard,0.45,5.0,250,2,202471,experiments/260521-2002_res256_sd_lora_uncond_all_seed42/img2img_hard\hard\BCC\ISIC_0030349_label-BCC_strategy-hard_strength-0.45_gs-5.0_aug-002.png,0.9088646173477172
ISIC_0030349,BCC,2,hard,0.45,5.0,250,3,203471,experiments/260521-2002_res256_sd_lora_uncond_all_seed42/img2img_hard\hard\BCC\ISIC_0030349_label-BCC_strategy-hard_strength-0.45_gs-5.0_aug-003.png,0.9088646173477172
ISIC_0030349,BCC,2,hard,0.45,5.0,250,4,204471,experiments/260521-2002_res256_sd_lora_uncond_all_seed42/img2img_hard\hard\BCC\ISIC_0030349_label-BCC_strategy-hard_strength-0.45_gs-5.0_aug-004.png,0.9088646173477172
ISIC_0026091,BCC,2,hard,0.45,5.0,250,0,200047,experiments/260521-2002_res256_sd_lora_uncond_all_seed42/img2img_hard\hard\BCC\ISIC_0026091_label-BCC_strategy-hard_strength-0.45_gs-5.0_aug-000.png,0.9107609987258912
ISIC_0026091,BCC,2,hard,0.45,5.0,250,1,201047,experiments/260521-2002_res256_sd_lora_uncond_all_seed42/img2img_hard\hard\BCC\ISIC_0026091_label-BCC_strategy-hard_strength-0.45_gs-5.0_aug-001.png,0.9107609987258912
ISIC_0026091,BCC,2,hard,0.45,5.0,250,2,202047,experiments/260521-2002_res256_sd_lora_uncond_all_seed42/img2img_hard\hard\BCC\ISIC_0026091_label-BCC_strategy-hard_strength-0.45_gs-5.0_aug-002.png,0.9107609987258912
ISIC_0026091,BCC,2,hard,0.45,5.0,250,3,203047,experiments/260521-2002_res256_sd_lora_uncond_all_seed42/img2img_hard\hard\BCC\ISIC_0026091_label-BCC_strategy-hard_strength-0.45_gs-5.0_aug-003.png,0.9107609987258912
ISIC_0026091,BCC,2,hard,0.45,5.0,250,4,204047,experiments/260521-2002_res256_sd_lora_uncond_all_seed42/img2img_hard\hard\BCC\ISIC_0026091_label-BCC_strategy-hard_strength-0.45_gs-5.0_aug-004.png,0.9107609987258912
ISIC_0030145,BCC,2,hard,0.45,5.0,250,0,200294,experiments/260521-2002_res256_sd_lora_uncond_all_seed42/img2img_hard\hard\BCC\ISIC_0030145_label-BCC_strategy-hard_strength-0.45_gs-5.0_aug-000.png,0.9222451448440552
ISIC_0030145,BCC,2,hard,0.45,5.0,250,1,201294,experiments/260521-2002_res256_sd_lora_uncond_all_seed42/img2img_hard\hard\BCC\ISIC_0030145_label-BCC_strategy-hard_strength-0.45_gs-5.0_aug-001.png,0.9222451448440552
ISIC_0030145,BCC,2,hard,0.45,5.0,250,2,202294,experiments/260521-2002_res256_sd_lora_uncond_all_seed42/img2img_hard\hard\BCC\ISIC_0030145_label-BCC_strategy-hard_strength-0.45_gs-5.0_aug-002.png,0.9222451448440552
ISIC_0030145,BCC,2,hard,0.45,5.0,250,3,203294,experiments/260521-2002_res256_sd_lora_uncond_all_seed42/img2img_hard\hard\BCC\ISIC_0030145_label-BCC_strategy-hard_strength-0.45_gs-5.0_aug-003.png,0.9222451448440552
ISIC_0030145,BCC,2,hard,0.45,5.0,250,4,204294,experiments/260521-2002_res256_sd_lora_uncond_all_seed42/img2img_hard\hard\BCC\ISIC_0030145_label-BCC_strategy-hard_strength-0.45_gs-5.0_aug-004.png,0.9222451448440552
ISIC_0032290,BCC,2,hard,0.45,5.0,250,0,200683,experiments/260521-2002_res256_sd_lora_uncond_all_seed42/img2img_hard\hard\BCC\ISIC_0032290_label-BCC_strategy-hard_strength-0.45_gs-5.0_aug-000.png,0.9199845790863036
ISIC_0032290,BCC,2,hard,0.45,5.0,250,1,201683,experiments/260521-2002_res256_sd_lora_uncond_all_seed42/img2img_hard\hard\BCC\ISIC_0032290_label-BCC_strategy-hard_strength-0.45_gs-5.0_aug-001.png,0.9199845790863036
ISIC_0032290,BCC,2,hard,0.45,5.0,250,2,202683,experiments/260521-2002_res256_sd_lora_uncond_all_seed42/img2img_hard\hard\BCC\ISIC_0032290_label-BCC_strategy-hard_strength-0.45_gs-5.0_aug-002.png,0.9199845790863036
ISIC_0032290,BCC,2,hard,0.45,5.0,250,3,203683,experiments/260521-2002_res256_sd_lora_uncond_all_seed42/img2img_hard\hard\BCC\ISIC_0032290_label-BCC_strategy-hard_strength-0.45_gs-5.0_aug-003.png,0.9199845790863036
ISIC_0032290,BCC,2,hard,0.45,5.0,250,4,204683,experiments/260521-2002_res256_sd_lora_uncond_all_seed42/img2img_hard\hard\BCC\ISIC_0032290_label-BCC_strategy-hard_strength-0.45_gs-5.0_aug-004.png,0.9199845790863036
ISIC_0027135,BCC,2,hard,0.45,5.0,250,0,200495,experiments/260521-2002_res256_sd_lora_uncond_all_seed42/img2img_hard\hard\BCC\ISIC_0027135_label-BCC_strategy-hard_strength-0.45_gs-5.0_aug-000.png,0.9202696084976196
ISIC_0027135,BCC,2,hard,0.45,5.0,250,1,201495,experiments/260521-2002_res256_sd_lora_uncond_all_seed42/img2img_hard\hard\BCC\ISIC_0027135_label-BCC_strategy-hard_strength-0.45_gs-5.0_aug-001.png,0.9202696084976196
ISIC_0027135,BCC,2,hard,0.45,5.0,250,2,202495,experiments/260521-2002_res256_sd_lora_uncond_all_seed42/img2img_hard\hard\BCC\ISIC_0027135_label-BCC_strategy-hard_strength-0.45_gs-5.0_aug-002.png,0.9202696084976196
ISIC_0027135,BCC,2,hard,0.45,5.0,250,3,203495,experiments/260521-2002_res256_sd_lora_uncond_all_seed42/img2img_hard\hard\BCC\ISIC_0027135_label-BCC_strategy-hard_strength-0.45_gs-5.0_aug-003.png,0.9202696084976196
ISIC_0027135,BCC,2,hard,0.45,5.0,250,4,204495,experiments/260521-2002_res256_sd_lora_uncond_all_seed42/img2img_hard\hard\BCC\ISIC_0027135_label-BCC_strategy-hard_strength-0.45_gs-5.0_aug-004.png,0.9202696084976196
ISIC_0032857,BCC,2,hard,0.45,5.0,250,0,200697,experiments/260521-2002_res256_sd_lora_uncond_all_seed42/img2img_hard\hard\BCC\ISIC_0032857_label-BCC_strategy-hard_strength-0.45_gs-5.0_aug-000.png,0.9234182834625244
ISIC_0032857,BCC,2,hard,0.45,5.0,250,1,201697,experiments/260521-2002_res256_sd_lora_uncond_all_seed42/img2img_hard\hard\BCC\ISIC_0032857_label-BCC_strategy-hard_strength-0.45_gs-5.0_aug-001.png,0.9234182834625244
ISIC_0032857,BCC,2,hard,0.45,5.0,250,2,202697,experiments/260521-2002_res256_sd_lora_uncond_all_seed42/img2img_hard\hard\BCC\ISIC_0032857_label-BCC_strategy-hard_strength-0.45_gs-5.0_aug-002.png,0.9234182834625244
ISIC_0032857,BCC,2,hard,0.45,5.0,250,3,203697,experiments/260521-2002_res256_sd_lora_uncond_all_seed42/img2img_hard\hard\BCC\ISIC_0032857_label-BCC_strategy-hard_strength-0.45_gs-5.0_aug-003.png,0.9234182834625244
ISIC_0032857,BCC,2,hard,0.45,5.0,250,4,204697,experiments/260521-2002_res256_sd_lora_uncond_all_seed42/img2img_hard\hard\BCC\ISIC_0032857_label-BCC_strategy-hard_strength-0.45_gs-5.0_aug-004.png,0.9234182834625244
ISIC_0033146,BCC,2,hard,0.45,5.0,250,0,200422,experiments/260521-2002_res256_sd_lora_uncond_all_seed42/img2img_hard\hard\BCC\ISIC_0033146_label-BCC_strategy-hard_strength-0.45_gs-5.0_aug-000.png,0.9090718030929564
ISIC_0033146,BCC,2,hard,0.45,5.0,250,1,201422,experiments/260521-2002_res256_sd_lora_uncond_all_seed42/img2img_hard\hard\BCC\ISIC_0033146_label-BCC_strategy-hard_strength-0.45_gs-5.0_aug-001.png,0.9090718030929564
ISIC_0033146,BCC,2,hard,0.45,5.0,250,2,202422,experiments/260521-2002_res256_sd_lora_uncond_all_seed42/img2img_hard\hard\BCC\ISIC_0033146_label-BCC_strategy-hard_strength-0.45_gs-5.0_aug-002.png,0.9090718030929564
ISIC_0033146,BCC,2,hard,0.45,5.0,250,3,203422,experiments/260521-2002_res256_sd_lora_uncond_all_seed42/img2img_hard\hard\BCC\ISIC_0033146_label-BCC_strategy-hard_strength-0.45_gs-5.0_aug-003.png,0.9090718030929564
ISIC_0033146,BCC,2,hard,0.45,5.0,250,4,204422,experiments/260521-2002_res256_sd_lora_uncond_all_seed42/img2img_hard\hard\BCC\ISIC_0033146_label-BCC_strategy-hard_strength-0.45_gs-5.0_aug-004.png,0.9090718030929564
ISIC_0034047,BCC,2,hard,0.45,5.0,250,0,200774,experiments/260521-2002_res256_sd_lora_uncond_all_seed42/img2img_hard\hard\BCC\ISIC_0034047_label-BCC_strategy-hard_strength-0.45_gs-5.0_aug-000.png,0.9083259105682372
ISIC_0034047,BCC,2,hard,0.45,5.0,250,1,201774,experiments/260521-2002_res256_sd_lora_uncond_all_seed42/img2img_hard\hard\BCC\ISIC_0034047_label-BCC_strategy-hard_strength-0.45_gs-5.0_aug-001.png,0.9083259105682372
ISIC_0034047,BCC,2,hard,0.45,5.0,250,2,202774,experiments/260521-2002_res256_sd_lora_uncond_all_seed42/img2img_hard\hard\BCC\ISIC_0034047_label-BCC_strategy-hard_strength-0.45_gs-5.0_aug-002.png,0.9083259105682372
ISIC_0034047,BCC,2,hard,0.45,5.0,250,3,203774,experiments/260521-2002_res256_sd_lora_uncond_all_seed42/img2img_hard\hard\BCC\ISIC_0034047_label-BCC_strategy-hard_strength-0.45_gs-5.0_aug-003.png,0.9083259105682372
ISIC_0034047,BCC,2,hard,0.45,5.0,250,4,204774,experiments/260521-2002_res256_sd_lora_uncond_all_seed42/img2img_hard\hard\BCC\ISIC_0034047_label-BCC_strategy-hard_strength-0.45_gs-5.0_aug-004.png,0.9083259105682372
ISIC_0029230,BCC,2,hard,0.45,5.0,250,0,200727,experiments/260521-2002_res256_sd_lora_uncond_all_seed42/img2img_hard\hard\BCC\ISIC_0029230_label-BCC_strategy-hard_strength-0.45_gs-5.0_aug-000.png,0.9068930149078368
ISIC_0029230,BCC,2,hard,0.45,5.0,250,1,201727,experiments/260521-2002_res256_sd_lora_uncond_all_seed42/img2img_hard\hard\BCC\ISIC_0029230_label-BCC_strategy-hard_strength-0.45_gs-5.0_aug-001.png,0.9068930149078368
ISIC_0029230,BCC,2,hard,0.45,5.0,250,2,202727,experiments/260521-2002_res256_sd_lora_uncond_all_seed42/img2img_hard\hard\BCC\ISIC_0029230_label-BCC_strategy-hard_strength-0.45_gs-5.0_aug-002.png,0.9068930149078368
ISIC_0029230,BCC,2,hard,0.45,5.0,250,3,203727,experiments/260521-2002_res256_sd_lora_uncond_all_seed42/img2img_hard\hard\BCC\ISIC_0029230_label-BCC_strategy-hard_strength-0.45_gs-5.0_aug-003.png,0.9068930149078368
ISIC_0029230,BCC,2,hard,0.45,5.0,250,4,204727,experiments/260521-2002_res256_sd_lora_uncond_all_seed42/img2img_hard\hard\BCC\ISIC_0029230_label-BCC_strategy-hard_strength-0.45_gs-5.0_aug-004.png,0.9068930149078368
ISIC_0033609,BCC,2,hard,0.45,5.0,250,0,200937,experiments/260521-2002_res256_sd_lora_uncond_all_seed42/img2img_hard\hard\BCC\ISIC_0033609_label-BCC_strategy-hard_strength-0.45_gs-5.0_aug-000.png,0.9151021838188172
ISIC_0033609,BCC,2,hard,0.45,5.0,250,1,201937,experiments/260521-2002_res256_sd_lora_uncond_all_seed42/img2img_hard\hard\BCC\ISIC_0033609_label-BCC_strategy-hard_strength-0.45_gs-5.0_aug-001.png,0.9151021838188172
ISIC_0033609,BCC,2,hard,0.45,5.0,250,2,202937,experiments/260521-2002_res256_sd_lora_uncond_all_seed42/img2img_hard\hard\BCC\ISIC_0033609_label-BCC_strategy-hard_strength-0.45_gs-5.0_aug-002.png,0.9151021838188172
ISIC_0033609,BCC,2,hard,0.45,5.0,250,3,203937,experiments/260521-2002_res256_sd_lora_uncond_all_seed42/img2img_hard\hard\BCC\ISIC_0033609_label-BCC_strategy-hard_strength-0.45_gs-5.0_aug-003.png,0.9151021838188172
ISIC_0033609,BCC,2,hard,0.45,5.0,250,4,204937,experiments/260521-2002_res256_sd_lora_uncond_all_seed42/img2img_hard\hard\BCC\ISIC_0033609_label-BCC_strategy-hard_strength-0.45_gs-5.0_aug-004.png,0.9151021838188172
ISIC_0032030,BCC,2,hard,0.45,5.0,250,0,200205,experiments/260521-2002_res256_sd_lora_uncond_all_seed42/img2img_hard\hard\BCC\ISIC_0032030_label-BCC_strategy-hard_strength-0.45_gs-5.0_aug-000.png,0.9143164157867432
ISIC_0032030,BCC,2,hard,0.45,5.0,250,1,201205,experiments/260521-2002_res256_sd_lora_uncond_all_seed42/img2img_hard\hard\BCC\ISIC_0032030_label-BCC_strategy-hard_strength-0.45_gs-5.0_aug-001.png,0.9143164157867432
ISIC_0032030,BCC,2,hard,0.45,5.0,250,2,202205,experiments/260521-2002_res256_sd_lora_uncond_all_seed42/img2img_hard\hard\BCC\ISIC_0032030_label-BCC_strategy-hard_strength-0.45_gs-5.0_aug-002.png,0.9143164157867432
ISIC_0032030,BCC,2,hard,0.45,5.0,250,3,203205,experiments/260521-2002_res256_sd_lora_uncond_all_seed42/img2img_hard\hard\BCC\ISIC_0032030_label-BCC_strategy-hard_strength-0.45_gs-5.0_aug-003.png,0.9143164157867432
ISIC_0032030,BCC,2,hard,0.45,5.0,250,4,204205,experiments/260521-2002_res256_sd_lora_uncond_all_seed42/img2img_hard\hard\BCC\ISIC_0032030_label-BCC_strategy-hard_strength-0.45_gs-5.0_aug-004.png,0.9143164157867432
ISIC_0030825,AKIEC,3,hard,0.45,5.0,250,0,300476,experiments/260521-2002_res256_sd_lora_uncond_all_seed42/img2img_hard\hard\AKIEC\ISIC_0030825_label-AKIEC_strategy-hard_strength-0.45_gs-5.0_aug-000.png,0.9562683701515198
ISIC_0030825,AKIEC,3,hard,0.45,5.0,250,1,301476,experiments/260521-2002_res256_sd_lora_uncond_all_seed42/img2img_hard\hard\AKIEC\ISIC_0030825_label-AKIEC_strategy-hard_strength-0.45_gs-5.0_aug-001.png,0.9562683701515198
ISIC_0030825,AKIEC,3,hard,0.45,5.0,250,2,302476,experiments/260521-2002_res256_sd_lora_uncond_all_seed42/img2img_hard\hard\AKIEC\ISIC_0030825_label-AKIEC_strategy-hard_strength-0.45_gs-5.0_aug-002.png,0.9562683701515198
ISIC_0030825,AKIEC,3,hard,0.45,5.0,250,3,303476,experiments/260521-2002_res256_sd_lora_uncond_all_seed42/img2img_hard\hard\AKIEC\ISIC_0030825_label-AKIEC_strategy-hard_strength-0.45_gs-5.0_aug-003.png,0.9562683701515198
ISIC_0030825,AKIEC,3,hard,0.45,5.0,250,4,304476,experiments/260521-2002_res256_sd_lora_uncond_all_seed42/img2img_hard\hard\AKIEC\ISIC_0030825_label-AKIEC_strategy-hard_strength-0.45_gs-5.0_aug-004.png,0.9562683701515198
ISIC_0028820,AKIEC,3,hard,0.45,5.0,250,0,300655,experiments/260521-2002_res256_sd_lora_uncond_all_seed42/img2img_hard\hard\AKIEC\ISIC_0028820_label-AKIEC_strategy-hard_strength-0.45_gs-5.0_aug-000.png,0.9534148573875428
ISIC_0028820,AKIEC,3,hard,0.45,5.0,250,1,301655,experiments/260521-2002_res256_sd_lora_uncond_all_seed42/img2img_hard\hard\AKIEC\ISIC_0028820_label-AKIEC_strategy-hard_strength-0.45_gs-5.0_aug-001.png,0.9534148573875428
ISIC_0028820,AKIEC,3,hard,0.45,5.0,250,2,302655,experiments/260521-2002_res256_sd_lora_uncond_all_seed42/img2img_hard\hard\AKIEC\ISIC_0028820_label-AKIEC_strategy-hard_strength-0.45_gs-5.0_aug-002.png,0.9534148573875428
ISIC_0028820,AKIEC,3,hard,0.45,5.0,250,3,303655,experiments/260521-2002_res256_sd_lora_uncond_all_seed42/img2img_hard\hard\AKIEC\ISIC_0028820_label-AKIEC_strategy-hard_strength-0.45_gs-5.0_aug-003.png,0.9534148573875428
ISIC_0028820,AKIEC,3,hard,0.45,5.0,250,4,304655,experiments/260521-2002_res256_sd_lora_uncond_all_seed42/img2img_hard\hard\AKIEC\ISIC_0028820_label-AKIEC_strategy-hard_strength-0.45_gs-5.0_aug-004.png,0.9534148573875428
ISIC_0029315,AKIEC,3,hard,0.45,5.0,250,0,300684,experiments/260521-2002_res256_sd_lora_uncond_all_seed42/img2img_hard\hard\AKIEC\ISIC_0029315_label-AKIEC_strategy-hard_strength-0.45_gs-5.0_aug-000.png,0.9619004726409912
ISIC_0029315,AKIEC,3,hard,0.45,5.0,250,1,301684,experiments/260521-2002_res256_sd_lora_uncond_all_seed42/img2img_hard\hard\AKIEC\ISIC_0029315_label-AKIEC_strategy-hard_strength-0.45_gs-5.0_aug-001.png,0.9619004726409912
ISIC_0029315,AKIEC,3,hard,0.45,5.0,250,2,302684,experiments/260521-2002_res256_sd_lora_uncond_all_seed42/img2img_hard\hard\AKIEC\ISIC_0029315_label-AKIEC_strategy-hard_strength-0.45_gs-5.0_aug-002.png,0.9619004726409912
ISIC_0029315,AKIEC,3,hard,0.45,5.0,250,3,303684,experiments/260521-2002_res256_sd_lora_uncond_all_seed42/img2img_hard\hard\AKIEC\ISIC_0029315_label-AKIEC_strategy-hard_strength-0.45_gs-5.0_aug-003.png,0.9619004726409912
ISIC_0029315,AKIEC,3,hard,0.45,5.0,250,4,304684,experiments/260521-2002_res256_sd_lora_uncond_all_seed42/img2img_hard\hard\AKIEC\ISIC_0029315_label-AKIEC_strategy-hard_strength-0.45_gs-5.0_aug-004.png,0.9619004726409912
ISIC_0024522,AKIEC,3,hard,0.45,5.0,250,0,300093,experiments/260521-2002_res256_sd_lora_uncond_all_seed42/img2img_hard\hard\AKIEC\ISIC_0024522_label-AKIEC_strategy-hard_strength-0.45_gs-5.0_aug-000.png,0.9599936604499816
ISIC_0024522,AKIEC,3,hard,0.45,5.0,250,1,301093,experiments/260521-2002_res256_sd_lora_uncond_all_seed42/img2img_hard\hard\AKIEC\ISIC_0024522_label-AKIEC_strategy-hard_strength-0.45_gs-5.0_aug-001.png,0.9599936604499816
ISIC_0024522,AKIEC,3,hard,0.45,5.0,250,2,302093,experiments/260521-2002_res256_sd_lora_uncond_all_seed42/img2img_hard\hard\AKIEC\ISIC_0024522_label-AKIEC_strategy-hard_strength-0.45_gs-5.0_aug-002.png,0.9599936604499816
ISIC_0024522,AKIEC,3,hard,0.45,5.0,250,3,303093,experiments/260521-2002_res256_sd_lora_uncond_all_seed42/img2img_hard\hard\AKIEC\ISIC_0024522_label-AKIEC_strategy-hard_strength-0.45_gs-5.0_aug-003.png,0.9599936604499816
ISIC_0024522,AKIEC,3,hard,0.45,5.0,250,4,304093,experiments/260521-2002_res256_sd_lora_uncond_all_seed42/img2img_hard\hard\AKIEC\ISIC_0024522_label-AKIEC_strategy-hard_strength-0.45_gs-5.0_aug-004.png,0.9599936604499816
ISIC_0024562,AKIEC,3,hard,0.45,5.0,250,0,300954,experiments/260521-2002_res256_sd_lora_uncond_all_seed42/img2img_hard\hard\AKIEC\ISIC_0024562_label-AKIEC_strategy-hard_strength-0.45_gs-5.0_aug-000.png,0.9642397165298462
ISIC_0024562,AKIEC,3,hard,0.45,5.0,250,1,301954,experiments/260521-2002_res256_sd_lora_uncond_all_seed42/img2img_hard\hard\AKIEC\ISIC_0024562_label-AKIEC_strategy-hard_strength-0.45_gs-5.0_aug-001.png,0.9642397165298462
ISIC_0024562,AKIEC,3,hard,0.45,5.0,250,2,302954,experiments/260521-2002_res256_sd_lora_uncond_all_seed42/img2img_hard\hard\AKIEC\ISIC_0024562_label-AKIEC_strategy-hard_strength-0.45_gs-5.0_aug-002.png,0.9642397165298462
ISIC_0024562,AKIEC,3,hard,0.45,5.0,250,3,303954,experiments/260521-2002_res256_sd_lora_uncond_all_seed42/img2img_hard\hard\AKIEC\ISIC_0024562_label-AKIEC_strategy-hard_strength-0.45_gs-5.0_aug-003.png,0.9642397165298462
ISIC_0024562,AKIEC,3,hard,0.45,5.0,250,4,304954,experiments/260521-2002_res256_sd_lora_uncond_all_seed42/img2img_hard\hard\AKIEC\ISIC_0024562_label-AKIEC_strategy-hard_strength-0.45_gs-5.0_aug-004.png,0.9642397165298462
ISIC_0027588,AKIEC,3,hard,0.45,5.0,250,0,300522,experiments/260521-2002_res256_sd_lora_uncond_all_seed42/img2img_hard\hard\AKIEC\ISIC_0027588_label-AKIEC_strategy-hard_strength-0.45_gs-5.0_aug-000.png,0.9619633555412292
ISIC_0027588,AKIEC,3,hard,0.45,5.0,250,1,301522,experiments/260521-2002_res256_sd_lora_uncond_all_seed42/img2img_hard\hard\AKIEC\ISIC_0027588_label-AKIEC_strategy-hard_strength-0.45_gs-5.0_aug-001.png,0.9619633555412292
ISIC_0027588,AKIEC,3,hard,0.45,5.0,250,2,302522,experiments/260521-2002_res256_sd_lora_uncond_all_seed42/img2img_hard\hard\AKIEC\ISIC_0027588_label-AKIEC_strategy-hard_strength-0.45_gs-5.0_aug-002.png,0.9619633555412292
ISIC_0027588,AKIEC,3,hard,0.45,5.0,250,3,303522,experiments/260521-2002_res256_sd_lora_uncond_all_seed42/img2img_hard\hard\AKIEC\ISIC_0027588_label-AKIEC_strategy-hard_strength-0.45_gs-5.0_aug-003.png,0.9619633555412292
ISIC_0027588,AKIEC,3,hard,0.45,5.0,250,4,304522,experiments/260521-2002_res256_sd_lora_uncond_all_seed42/img2img_hard\hard\AKIEC\ISIC_0027588_label-AKIEC_strategy-hard_strength-0.45_gs-5.0_aug-004.png,0.9619633555412292
ISIC_0026625,AKIEC,3,hard,0.45,5.0,250,0,300428,experiments/260521-2002_res256_sd_lora_uncond_all_seed42/img2img_hard\hard\AKIEC\ISIC_0026625_label-AKIEC_strategy-hard_strength-0.45_gs-5.0_aug-000.png,0.952498733997345
ISIC_0026625,AKIEC,3,hard,0.45,5.0,250,1,301428,experiments/260521-2002_res256_sd_lora_uncond_all_seed42/img2img_hard\hard\AKIEC\ISIC_0026625_label-AKIEC_strategy-hard_strength-0.45_gs-5.0_aug-001.png,0.952498733997345
ISIC_0026625,AKIEC,3,hard,0.45,5.0,250,2,302428,experiments/260521-2002_res256_sd_lora_uncond_all_seed42/img2img_hard\hard\AKIEC\ISIC_0026625_label-AKIEC_strategy-hard_strength-0.45_gs-5.0_aug-002.png,0.952498733997345
ISIC_0026625,AKIEC,3,hard,0.45,5.0,250,3,303428,experiments/260521-2002_res256_sd_lora_uncond_all_seed42/img2img_hard\hard\AKIEC\ISIC_0026625_label-AKIEC_strategy-hard_strength-0.45_gs-5.0_aug-003.png,0.952498733997345
ISIC_0026625,AKIEC,3,hard,0.45,5.0,250,4,304428,experiments/260521-2002_res256_sd_lora_uncond_all_seed42/img2img_hard\hard\AKIEC\ISIC_0026625_label-AKIEC_strategy-hard_strength-0.45_gs-5.0_aug-004.png,0.952498733997345
ISIC_0029930,AKIEC,3,hard,0.45,5.0,250,0,300700,experiments/260521-2002_res256_sd_lora_uncond_all_seed42/img2img_hard\hard\AKIEC\ISIC_0029930_label-AKIEC_strategy-hard_strength-0.45_gs-5.0_aug-000.png,0.939046025276184
ISIC_0029930,AKIEC,3,hard,0.45,5.0,250,1,301700,experiments/260521-2002_res256_sd_lora_uncond_all_seed42/img2img_hard\hard\AKIEC\ISIC_0029930_label-AKIEC_strategy-hard_strength-0.45_gs-5.0_aug-001.png,0.939046025276184
ISIC_0029930,AKIEC,3,hard,0.45,5.0,250,2,302700,experiments/260521-2002_res256_sd_lora_uncond_all_seed42/img2img_hard\hard\AKIEC\ISIC_0029930_label-AKIEC_strategy-hard_strength-0.45_gs-5.0_aug-002.png,0.939046025276184
ISIC_0029930,AKIEC,3,hard,0.45,5.0,250,3,303700,experiments/260521-2002_res256_sd_lora_uncond_all_seed42/img2img_hard\hard\AKIEC\ISIC_0029930_label-AKIEC_strategy-hard_strength-0.45_gs-5.0_aug-003.png,0.939046025276184
ISIC_0029930,AKIEC,3,hard,0.45,5.0,250,4,304700,experiments/260521-2002_res256_sd_lora_uncond_all_seed42/img2img_hard\hard\AKIEC\ISIC_0029930_label-AKIEC_strategy-hard_strength-0.45_gs-5.0_aug-004.png,0.939046025276184
ISIC_0026083,AKIEC,3,hard,0.45,5.0,250,0,300412,experiments/260521-2002_res256_sd_lora_uncond_all_seed42/img2img_hard\hard\AKIEC\ISIC_0026083_label-AKIEC_strategy-hard_strength-0.45_gs-5.0_aug-000.png,0.9647656083106996
ISIC_0026083,AKIEC,3,hard,0.45,5.0,250,1,301412,experiments/260521-2002_res256_sd_lora_uncond_all_seed42/img2img_hard\hard\AKIEC\ISIC_0026083_label-AKIEC_strategy-hard_strength-0.45_gs-5.0_aug-001.png,0.9647656083106996
ISIC_0026083,AKIEC,3,hard,0.45,5.0,250,2,302412,experiments/260521-2002_res256_sd_lora_uncond_all_seed42/img2img_hard\hard\AKIEC\ISIC_0026083_label-AKIEC_strategy-hard_strength-0.45_gs-5.0_aug-002.png,0.9647656083106996
ISIC_0026083,AKIEC,3,hard,0.45,5.0,250,3,303412,experiments/260521-2002_res256_sd_lora_uncond_all_seed42/img2img_hard\hard\AKIEC\ISIC_0026083_label-AKIEC_strategy-hard_strength-0.45_gs-5.0_aug-003.png,0.9647656083106996
ISIC_0026083,AKIEC,3,hard,0.45,5.0,250,4,304412,experiments/260521-2002_res256_sd_lora_uncond_all_seed42/img2img_hard\hard\AKIEC\ISIC_0026083_label-AKIEC_strategy-hard_strength-0.45_gs-5.0_aug-004.png,0.9647656083106996
ISIC_0030142,AKIEC,3,hard,0.45,5.0,250,0,300175,experiments/260521-2002_res256_sd_lora_uncond_all_seed42/img2img_hard\hard\AKIEC\ISIC_0030142_label-AKIEC_strategy-hard_strength-0.45_gs-5.0_aug-000.png,0.9583863615989684
ISIC_0030142,AKIEC,3,hard,0.45,5.0,250,1,301175,experiments/260521-2002_res256_sd_lora_uncond_all_seed42/img2img_hard\hard\AKIEC\ISIC_0030142_label-AKIEC_strategy-hard_strength-0.45_gs-5.0_aug-001.png,0.9583863615989684
ISIC_0030142,AKIEC,3,hard,0.45,5.0,250,2,302175,experiments/260521-2002_res256_sd_lora_uncond_all_seed42/img2img_hard\hard\AKIEC\ISIC_0030142_label-AKIEC_strategy-hard_strength-0.45_gs-5.0_aug-002.png,0.9583863615989684
ISIC_0030142,AKIEC,3,hard,0.45,5.0,250,3,303175,experiments/260521-2002_res256_sd_lora_uncond_all_seed42/img2img_hard\hard\AKIEC\ISIC_0030142_label-AKIEC_strategy-hard_strength-0.45_gs-5.0_aug-003.png,0.9583863615989684
ISIC_0030142,AKIEC,3,hard,0.45,5.0,250,4,304175,experiments/260521-2002_res256_sd_lora_uncond_all_seed42/img2img_hard\hard\AKIEC\ISIC_0030142_label-AKIEC_strategy-hard_strength-0.45_gs-5.0_aug-004.png,0.9583863615989684
ISIC_0025319,AKIEC,3,hard,0.45,5.0,250,0,300182,experiments/260521-2002_res256_sd_lora_uncond_all_seed42/img2img_hard\hard\AKIEC\ISIC_0025319_label-AKIEC_strategy-hard_strength-0.45_gs-5.0_aug-000.png,0.954948902130127
ISIC_0025319,AKIEC,3,hard,0.45,5.0,250,1,301182,experiments/260521-2002_res256_sd_lora_uncond_all_seed42/img2img_hard\hard\AKIEC\ISIC_0025319_label-AKIEC_strategy-hard_strength-0.45_gs-5.0_aug-001.png,0.954948902130127
ISIC_0025319,AKIEC,3,hard,0.45,5.0,250,2,302182,experiments/260521-2002_res256_sd_lora_uncond_all_seed42/img2img_hard\hard\AKIEC\ISIC_0025319_label-AKIEC_strategy-hard_strength-0.45_gs-5.0_aug-002.png,0.954948902130127
ISIC_0025319,AKIEC,3,hard,0.45,5.0,250,3,303182,experiments/260521-2002_res256_sd_lora_uncond_all_seed42/img2img_hard\hard\AKIEC\ISIC_0025319_label-AKIEC_strategy-hard_strength-0.45_gs-5.0_aug-003.png,0.954948902130127
ISIC_0025319,AKIEC,3,hard,0.45,5.0,250,4,304182,experiments/260521-2002_res256_sd_lora_uncond_all_seed42/img2img_hard\hard\AKIEC\ISIC_0025319_label-AKIEC_strategy-hard_strength-0.45_gs-5.0_aug-004.png,0.954948902130127
ISIC_0029900,AKIEC,3,hard,0.45,5.0,250,0,300530,experiments/260521-2002_res256_sd_lora_uncond_all_seed42/img2img_hard\hard\AKIEC\ISIC_0029900_label-AKIEC_strategy-hard_strength-0.45_gs-5.0_aug-000.png,0.9649225473403932
ISIC_0029900,AKIEC,3,hard,0.45,5.0,250,1,301530,experiments/260521-2002_res256_sd_lora_uncond_all_seed42/img2img_hard\hard\AKIEC\ISIC_0029900_label-AKIEC_strategy-hard_strength-0.45_gs-5.0_aug-001.png,0.9649225473403932
ISIC_0029900,AKIEC,3,hard,0.45,5.0,250,2,302530,experiments/260521-2002_res256_sd_lora_uncond_all_seed42/img2img_hard\hard\AKIEC\ISIC_0029900_label-AKIEC_strategy-hard_strength-0.45_gs-5.0_aug-002.png,0.9649225473403932
ISIC_0029900,AKIEC,3,hard,0.45,5.0,250,3,303530,experiments/260521-2002_res256_sd_lora_uncond_all_seed42/img2img_hard\hard\AKIEC\ISIC_0029900_label-AKIEC_strategy-hard_strength-0.45_gs-5.0_aug-003.png,0.9649225473403932
ISIC_0029900,AKIEC,3,hard,0.45,5.0,250,4,304530,experiments/260521-2002_res256_sd_lora_uncond_all_seed42/img2img_hard\hard\AKIEC\ISIC_0029900_label-AKIEC_strategy-hard_strength-0.45_gs-5.0_aug-004.png,0.9649225473403932
ISIC_0033413,AKIEC,3,hard,0.45,5.0,250,0,300074,experiments/260521-2002_res256_sd_lora_uncond_all_seed42/img2img_hard\hard\AKIEC\ISIC_0033413_label-AKIEC_strategy-hard_strength-0.45_gs-5.0_aug-000.png,0.9634383916854858
ISIC_0033413,AKIEC,3,hard,0.45,5.0,250,1,301074,experiments/260521-2002_res256_sd_lora_uncond_all_seed42/img2img_hard\hard\AKIEC\ISIC_0033413_label-AKIEC_strategy-hard_strength-0.45_gs-5.0_aug-001.png,0.9634383916854858
ISIC_0033413,AKIEC,3,hard,0.45,5.0,250,2,302074,experiments/260521-2002_res256_sd_lora_uncond_all_seed42/img2img_hard\hard\AKIEC\ISIC_0033413_label-AKIEC_strategy-hard_strength-0.45_gs-5.0_aug-002.png,0.9634383916854858
ISIC_0033413,AKIEC,3,hard,0.45,5.0,250,3,303074,experiments/260521-2002_res256_sd_lora_uncond_all_seed42/img2img_hard\hard\AKIEC\ISIC_0033413_label-AKIEC_strategy-hard_strength-0.45_gs-5.0_aug-003.png,0.9634383916854858
ISIC_0033413,AKIEC,3,hard,0.45,5.0,250,4,304074,experiments/260521-2002_res256_sd_lora_uncond_all_seed42/img2img_hard\hard\AKIEC\ISIC_0033413_label-AKIEC_strategy-hard_strength-0.45_gs-5.0_aug-004.png,0.9634383916854858
ISIC_0024800,AKIEC,3,hard,0.45,5.0,250,0,300930,experiments/260521-2002_res256_sd_lora_uncond_all_seed42/img2img_hard\hard\AKIEC\ISIC_0024800_label-AKIEC_strategy-hard_strength-0.45_gs-5.0_aug-000.png,0.9607633352279664
ISIC_0024800,AKIEC,3,hard,0.45,5.0,250,1,301930,experiments/260521-2002_res256_sd_lora_uncond_all_seed42/img2img_hard\hard\AKIEC\ISIC_0024800_label-AKIEC_strategy-hard_strength-0.45_gs-5.0_aug-001.png,0.9607633352279664
ISIC_0024800,AKIEC,3,hard,0.45,5.0,250,2,302930,experiments/260521-2002_res256_sd_lora_uncond_all_seed42/img2img_hard\hard\AKIEC\ISIC_0024800_label-AKIEC_strategy-hard_strength-0.45_gs-5.0_aug-002.png,0.9607633352279664
ISIC_0024800,AKIEC,3,hard,0.45,5.0,250,3,303930,experiments/260521-2002_res256_sd_lora_uncond_all_seed42/img2img_hard\hard\AKIEC\ISIC_0024800_label-AKIEC_strategy-hard_strength-0.45_gs-5.0_aug-003.png,0.9607633352279664
ISIC_0024800,AKIEC,3,hard,0.45,5.0,250,4,304930,experiments/260521-2002_res256_sd_lora_uncond_all_seed42/img2img_hard\hard\AKIEC\ISIC_0024800_label-AKIEC_strategy-hard_strength-0.45_gs-5.0_aug-004.png,0.9607633352279664
ISIC_0025953,AKIEC,3,hard,0.45,5.0,250,0,300904,experiments/260521-2002_res256_sd_lora_uncond_all_seed42/img2img_hard\hard\AKIEC\ISIC_0025953_label-AKIEC_strategy-hard_strength-0.45_gs-5.0_aug-000.png,0.9602162837982178
ISIC_0025953,AKIEC,3,hard,0.45,5.0,250,1,301904,experiments/260521-2002_res256_sd_lora_uncond_all_seed42/img2img_hard\hard\AKIEC\ISIC_0025953_label-AKIEC_strategy-hard_strength-0.45_gs-5.0_aug-001.png,0.9602162837982178
ISIC_0025953,AKIEC,3,hard,0.45,5.0,250,2,302904,experiments/260521-2002_res256_sd_lora_uncond_all_seed42/img2img_hard\hard\AKIEC\ISIC_0025953_label-AKIEC_strategy-hard_strength-0.45_gs-5.0_aug-002.png,0.9602162837982178
ISIC_0025953,AKIEC,3,hard,0.45,5.0,250,3,303904,experiments/260521-2002_res256_sd_lora_uncond_all_seed42/img2img_hard\hard\AKIEC\ISIC_0025953_label-AKIEC_strategy-hard_strength-0.45_gs-5.0_aug-003.png,0.9602162837982178
ISIC_0025953,AKIEC,3,hard,0.45,5.0,250,4,304904,experiments/260521-2002_res256_sd_lora_uncond_all_seed42/img2img_hard\hard\AKIEC\ISIC_0025953_label-AKIEC_strategy-hard_strength-0.45_gs-5.0_aug-004.png,0.9602162837982178
ISIC_0028872,AKIEC,3,hard,0.45,5.0,250,0,300991,experiments/260521-2002_res256_sd_lora_uncond_all_seed42/img2img_hard\hard\AKIEC\ISIC_0028872_label-AKIEC_strategy-hard_strength-0.45_gs-5.0_aug-000.png,0.9619054198265076
ISIC_0028872,AKIEC,3,hard,0.45,5.0,250,1,301991,experiments/260521-2002_res256_sd_lora_uncond_all_seed42/img2img_hard\hard\AKIEC\ISIC_0028872_label-AKIEC_strategy-hard_strength-0.45_gs-5.0_aug-001.png,0.9619054198265076
ISIC_0028872,AKIEC,3,hard,0.45,5.0,250,2,302991,experiments/260521-2002_res256_sd_lora_uncond_all_seed42/img2img_hard\hard\AKIEC\ISIC_0028872_label-AKIEC_strategy-hard_strength-0.45_gs-5.0_aug-002.png,0.9619054198265076
ISIC_0028872,AKIEC,3,hard,0.45,5.0,250,3,303991,experiments/260521-2002_res256_sd_lora_uncond_all_seed42/img2img_hard\hard\AKIEC\ISIC_0028872_label-AKIEC_strategy-hard_strength-0.45_gs-5.0_aug-003.png,0.9619054198265076
ISIC_0028872,AKIEC,3,hard,0.45,5.0,250,4,304991,experiments/260521-2002_res256_sd_lora_uncond_all_seed42/img2img_hard\hard\AKIEC\ISIC_0028872_label-AKIEC_strategy-hard_strength-0.45_gs-5.0_aug-004.png,0.9619054198265076
ISIC_0026149,AKIEC,3,hard,0.45,5.0,250,0,300659,experiments/260521-2002_res256_sd_lora_uncond_all_seed42/img2img_hard\hard\AKIEC\ISIC_0026149_label-AKIEC_strategy-hard_strength-0.45_gs-5.0_aug-000.png,0.9610809683799744
ISIC_0026149,AKIEC,3,hard,0.45,5.0,250,1,301659,experiments/260521-2002_res256_sd_lora_uncond_all_seed42/img2img_hard\hard\AKIEC\ISIC_0026149_label-AKIEC_strategy-hard_strength-0.45_gs-5.0_aug-001.png,0.9610809683799744
ISIC_0026149,AKIEC,3,hard,0.45,5.0,250,2,302659,experiments/260521-2002_res256_sd_lora_uncond_all_seed42/img2img_hard\hard\AKIEC\ISIC_0026149_label-AKIEC_strategy-hard_strength-0.45_gs-5.0_aug-002.png,0.9610809683799744
ISIC_0026149,AKIEC,3,hard,0.45,5.0,250,3,303659,experiments/260521-2002_res256_sd_lora_uncond_all_seed42/img2img_hard\hard\AKIEC\ISIC_0026149_label-AKIEC_strategy-hard_strength-0.45_gs-5.0_aug-003.png,0.9610809683799744
ISIC_0026149,AKIEC,3,hard,0.45,5.0,250,4,304659,experiments/260521-2002_res256_sd_lora_uncond_all_seed42/img2img_hard\hard\AKIEC\ISIC_0026149_label-AKIEC_strategy-hard_strength-0.45_gs-5.0_aug-004.png,0.9610809683799744
ISIC_0033494,AKIEC,3,hard,0.45,5.0,250,0,300124,experiments/260521-2002_res256_sd_lora_uncond_all_seed42/img2img_hard\hard\AKIEC\ISIC_0033494_label-AKIEC_strategy-hard_strength-0.45_gs-5.0_aug-000.png,0.9609130024909972
ISIC_0033494,AKIEC,3,hard,0.45,5.0,250,1,301124,experiments/260521-2002_res256_sd_lora_uncond_all_seed42/img2img_hard\hard\AKIEC\ISIC_0033494_label-AKIEC_strategy-hard_strength-0.45_gs-5.0_aug-001.png,0.9609130024909972
ISIC_0033494,AKIEC,3,hard,0.45,5.0,250,2,302124,experiments/260521-2002_res256_sd_lora_uncond_all_seed42/img2img_hard\hard\AKIEC\ISIC_0033494_label-AKIEC_strategy-hard_strength-0.45_gs-5.0_aug-002.png,0.9609130024909972
ISIC_0033494,AKIEC,3,hard,0.45,5.0,250,3,303124,experiments/260521-2002_res256_sd_lora_uncond_all_seed42/img2img_hard\hard\AKIEC\ISIC_0033494_label-AKIEC_strategy-hard_strength-0.45_gs-5.0_aug-003.png,0.9609130024909972
ISIC_0033494,AKIEC,3,hard,0.45,5.0,250,4,304124,experiments/260521-2002_res256_sd_lora_uncond_all_seed42/img2img_hard\hard\AKIEC\ISIC_0033494_label-AKIEC_strategy-hard_strength-0.45_gs-5.0_aug-004.png,0.9609130024909972
ISIC_0025182,AKIEC,3,hard,0.45,5.0,250,0,300050,experiments/260521-2002_res256_sd_lora_uncond_all_seed42/img2img_hard\hard\AKIEC\ISIC_0025182_label-AKIEC_strategy-hard_strength-0.45_gs-5.0_aug-000.png,0.9611954092979432
ISIC_0025182,AKIEC,3,hard,0.45,5.0,250,1,301050,experiments/260521-2002_res256_sd_lora_uncond_all_seed42/img2img_hard\hard\AKIEC\ISIC_0025182_label-AKIEC_strategy-hard_strength-0.45_gs-5.0_aug-001.png,0.9611954092979432
ISIC_0025182,AKIEC,3,hard,0.45,5.0,250,2,302050,experiments/260521-2002_res256_sd_lora_uncond_all_seed42/img2img_hard\hard\AKIEC\ISIC_0025182_label-AKIEC_strategy-hard_strength-0.45_gs-5.0_aug-002.png,0.9611954092979432
ISIC_0025182,AKIEC,3,hard,0.45,5.0,250,3,303050,experiments/260521-2002_res256_sd_lora_uncond_all_seed42/img2img_hard\hard\AKIEC\ISIC_0025182_label-AKIEC_strategy-hard_strength-0.45_gs-5.0_aug-003.png,0.9611954092979432
ISIC_0025182,AKIEC,3,hard,0.45,5.0,250,4,304050,experiments/260521-2002_res256_sd_lora_uncond_all_seed42/img2img_hard\hard\AKIEC\ISIC_0025182_label-AKIEC_strategy-hard_strength-0.45_gs-5.0_aug-004.png,0.9611954092979432
ISIC_0026212,AKIEC,3,hard,0.45,5.0,250,0,300561,experiments/260521-2002_res256_sd_lora_uncond_all_seed42/img2img_hard\hard\AKIEC\ISIC_0026212_label-AKIEC_strategy-hard_strength-0.45_gs-5.0_aug-000.png,0.963306963443756
ISIC_0026212,AKIEC,3,hard,0.45,5.0,250,1,301561,experiments/260521-2002_res256_sd_lora_uncond_all_seed42/img2img_hard\hard\AKIEC\ISIC_0026212_label-AKIEC_strategy-hard_strength-0.45_gs-5.0_aug-001.png,0.963306963443756
ISIC_0026212,AKIEC,3,hard,0.45,5.0,250,2,302561,experiments/260521-2002_res256_sd_lora_uncond_all_seed42/img2img_hard\hard\AKIEC\ISIC_0026212_label-AKIEC_strategy-hard_strength-0.45_gs-5.0_aug-002.png,0.963306963443756
ISIC_0026212,AKIEC,3,hard,0.45,5.0,250,3,303561,experiments/260521-2002_res256_sd_lora_uncond_all_seed42/img2img_hard\hard\AKIEC\ISIC_0026212_label-AKIEC_strategy-hard_strength-0.45_gs-5.0_aug-003.png,0.963306963443756
ISIC_0026212,AKIEC,3,hard,0.45,5.0,250,4,304561,experiments/260521-2002_res256_sd_lora_uncond_all_seed42/img2img_hard\hard\AKIEC\ISIC_0026212_label-AKIEC_strategy-hard_strength-0.45_gs-5.0_aug-004.png,0.963306963443756
ISIC_0033553,BKL,4,hard,0.45,5.0,250,0,400718,experiments/260521-2002_res256_sd_lora_uncond_all_seed42/img2img_hard\hard\BKL\ISIC_0033553_label-BKL_strategy-hard_strength-0.45_gs-5.0_aug-000.png,0.8564753532409668
ISIC_0033553,BKL,4,hard,0.45,5.0,250,1,401718,experiments/260521-2002_res256_sd_lora_uncond_all_seed42/img2img_hard\hard\BKL\ISIC_0033553_label-BKL_strategy-hard_strength-0.45_gs-5.0_aug-001.png,0.8564753532409668
ISIC_0033553,BKL,4,hard,0.45,5.0,250,2,402718,experiments/260521-2002_res256_sd_lora_uncond_all_seed42/img2img_hard\hard\BKL\ISIC_0033553_label-BKL_strategy-hard_strength-0.45_gs-5.0_aug-002.png,0.8564753532409668
ISIC_0033553,BKL,4,hard,0.45,5.0,250,3,403718,experiments/260521-2002_res256_sd_lora_uncond_all_seed42/img2img_hard\hard\BKL\ISIC_0033553_label-BKL_strategy-hard_strength-0.45_gs-5.0_aug-003.png,0.8564753532409668
ISIC_0033553,BKL,4,hard,0.45,5.0,250,4,404718,experiments/260521-2002_res256_sd_lora_uncond_all_seed42/img2img_hard\hard\BKL\ISIC_0033553_label-BKL_strategy-hard_strength-0.45_gs-5.0_aug-004.png,0.8564753532409668
ISIC_0029232,BKL,4,hard,0.45,5.0,250,0,400075,experiments/260521-2002_res256_sd_lora_uncond_all_seed42/img2img_hard\hard\BKL\ISIC_0029232_label-BKL_strategy-hard_strength-0.45_gs-5.0_aug-000.png,0.8308894038200378
ISIC_0029232,BKL,4,hard,0.45,5.0,250,1,401075,experiments/260521-2002_res256_sd_lora_uncond_all_seed42/img2img_hard\hard\BKL\ISIC_0029232_label-BKL_strategy-hard_strength-0.45_gs-5.0_aug-001.png,0.8308894038200378
ISIC_0029232,BKL,4,hard,0.45,5.0,250,2,402075,experiments/260521-2002_res256_sd_lora_uncond_all_seed42/img2img_hard\hard\BKL\ISIC_0029232_label-BKL_strategy-hard_strength-0.45_gs-5.0_aug-002.png,0.8308894038200378
ISIC_0029232,BKL,4,hard,0.45,5.0,250,3,403075,experiments/260521-2002_res256_sd_lora_uncond_all_seed42/img2img_hard\hard\BKL\ISIC_0029232_label-BKL_strategy-hard_strength-0.45_gs-5.0_aug-003.png,0.8308894038200378
ISIC_0029232,BKL,4,hard,0.45,5.0,250,4,404075,experiments/260521-2002_res256_sd_lora_uncond_all_seed42/img2img_hard\hard\BKL\ISIC_0029232_label-BKL_strategy-hard_strength-0.45_gs-5.0_aug-004.png,0.8308894038200378
ISIC_0027771,BKL,4,hard,0.45,5.0,250,0,400254,experiments/260521-2002_res256_sd_lora_uncond_all_seed42/img2img_hard\hard\BKL\ISIC_0027771_label-BKL_strategy-hard_strength-0.45_gs-5.0_aug-000.png,0.8614022135734558
ISIC_0027771,BKL,4,hard,0.45,5.0,250,1,401254,experiments/260521-2002_res256_sd_lora_uncond_all_seed42/img2img_hard\hard\BKL\ISIC_0027771_label-BKL_strategy-hard_strength-0.45_gs-5.0_aug-001.png,0.8614022135734558
ISIC_0027771,BKL,4,hard,0.45,5.0,250,2,402254,experiments/260521-2002_res256_sd_lora_uncond_all_seed42/img2img_hard\hard\BKL\ISIC_0027771_label-BKL_strategy-hard_strength-0.45_gs-5.0_aug-002.png,0.8614022135734558
ISIC_0027771,BKL,4,hard,0.45,5.0,250,3,403254,experiments/260521-2002_res256_sd_lora_uncond_all_seed42/img2img_hard\hard\BKL\ISIC_0027771_label-BKL_strategy-hard_strength-0.45_gs-5.0_aug-003.png,0.8614022135734558
ISIC_0027771,BKL,4,hard,0.45,5.0,250,4,404254,experiments/260521-2002_res256_sd_lora_uncond_all_seed42/img2img_hard\hard\BKL\ISIC_0027771_label-BKL_strategy-hard_strength-0.45_gs-5.0_aug-004.png,0.8614022135734558
ISIC_0031686,BKL,4,hard,0.45,5.0,250,0,400639,experiments/260521-2002_res256_sd_lora_uncond_all_seed42/img2img_hard\hard\BKL\ISIC_0031686_label-BKL_strategy-hard_strength-0.45_gs-5.0_aug-000.png,0.8471449613571167
ISIC_0031686,BKL,4,hard,0.45,5.0,250,1,401639,experiments/260521-2002_res256_sd_lora_uncond_all_seed42/img2img_hard\hard\BKL\ISIC_0031686_label-BKL_strategy-hard_strength-0.45_gs-5.0_aug-001.png,0.8471449613571167
ISIC_0031686,BKL,4,hard,0.45,5.0,250,2,402639,experiments/260521-2002_res256_sd_lora_uncond_all_seed42/img2img_hard\hard\BKL\ISIC_0031686_label-BKL_strategy-hard_strength-0.45_gs-5.0_aug-002.png,0.8471449613571167
ISIC_0031686,BKL,4,hard,0.45,5.0,250,3,403639,experiments/260521-2002_res256_sd_lora_uncond_all_seed42/img2img_hard\hard\BKL\ISIC_0031686_label-BKL_strategy-hard_strength-0.45_gs-5.0_aug-003.png,0.8471449613571167
ISIC_0031686,BKL,4,hard,0.45,5.0,250,4,404639,experiments/260521-2002_res256_sd_lora_uncond_all_seed42/img2img_hard\hard\BKL\ISIC_0031686_label-BKL_strategy-hard_strength-0.45_gs-5.0_aug-004.png,0.8471449613571167
ISIC_0026538,BKL,4,hard,0.45,5.0,250,0,400251,experiments/260521-2002_res256_sd_lora_uncond_all_seed42/img2img_hard\hard\BKL\ISIC_0026538_label-BKL_strategy-hard_strength-0.45_gs-5.0_aug-000.png,0.8531097173690796
ISIC_0026538,BKL,4,hard,0.45,5.0,250,1,401251,experiments/260521-2002_res256_sd_lora_uncond_all_seed42/img2img_hard\hard\BKL\ISIC_0026538_label-BKL_strategy-hard_strength-0.45_gs-5.0_aug-001.png,0.8531097173690796
ISIC_0026538,BKL,4,hard,0.45,5.0,250,2,402251,experiments/260521-2002_res256_sd_lora_uncond_all_seed42/img2img_hard\hard\BKL\ISIC_0026538_label-BKL_strategy-hard_strength-0.45_gs-5.0_aug-002.png,0.8531097173690796
ISIC_0026538,BKL,4,hard,0.45,5.0,250,3,403251,experiments/260521-2002_res256_sd_lora_uncond_all_seed42/img2img_hard\hard\BKL\ISIC_0026538_label-BKL_strategy-hard_strength-0.45_gs-5.0_aug-003.png,0.8531097173690796
ISIC_0026538,BKL,4,hard,0.45,5.0,250,4,404251,experiments/260521-2002_res256_sd_lora_uncond_all_seed42/img2img_hard\hard\BKL\ISIC_0026538_label-BKL_strategy-hard_strength-0.45_gs-5.0_aug-004.png,0.8531097173690796
ISIC_0025388,BKL,4,hard,0.45,5.0,250,0,401039,experiments/260521-2002_res256_sd_lora_uncond_all_seed42/img2img_hard\hard\BKL\ISIC_0025388_label-BKL_strategy-hard_strength-0.45_gs-5.0_aug-000.png,0.8575308918952942
ISIC_0025388,BKL,4,hard,0.45,5.0,250,1,402039,experiments/260521-2002_res256_sd_lora_uncond_all_seed42/img2img_hard\hard\BKL\ISIC_0025388_label-BKL_strategy-hard_strength-0.45_gs-5.0_aug-001.png,0.8575308918952942
ISIC_0025388,BKL,4,hard,0.45,5.0,250,2,403039,experiments/260521-2002_res256_sd_lora_uncond_all_seed42/img2img_hard\hard\BKL\ISIC_0025388_label-BKL_strategy-hard_strength-0.45_gs-5.0_aug-002.png,0.8575308918952942
ISIC_0025388,BKL,4,hard,0.45,5.0,250,3,404039,experiments/260521-2002_res256_sd_lora_uncond_all_seed42/img2img_hard\hard\BKL\ISIC_0025388_label-BKL_strategy-hard_strength-0.45_gs-5.0_aug-003.png,0.8575308918952942
ISIC_0025388,BKL,4,hard,0.45,5.0,250,4,405039,experiments/260521-2002_res256_sd_lora_uncond_all_seed42/img2img_hard\hard\BKL\ISIC_0025388_label-BKL_strategy-hard_strength-0.45_gs-5.0_aug-004.png,0.8575308918952942
ISIC_0025567,BKL,4,hard,0.45,5.0,250,0,400387,experiments/260521-2002_res256_sd_lora_uncond_all_seed42/img2img_hard\hard\BKL\ISIC_0025567_label-BKL_strategy-hard_strength-0.45_gs-5.0_aug-000.png,0.8209593892097473
ISIC_0025567,BKL,4,hard,0.45,5.0,250,1,401387,experiments/260521-2002_res256_sd_lora_uncond_all_seed42/img2img_hard\hard\BKL\ISIC_0025567_label-BKL_strategy-hard_strength-0.45_gs-5.0_aug-001.png,0.8209593892097473
ISIC_0025567,BKL,4,hard,0.45,5.0,250,2,402387,experiments/260521-2002_res256_sd_lora_uncond_all_seed42/img2img_hard\hard\BKL\ISIC_0025567_label-BKL_strategy-hard_strength-0.45_gs-5.0_aug-002.png,0.8209593892097473
ISIC_0025567,BKL,4,hard,0.45,5.0,250,3,403387,experiments/260521-2002_res256_sd_lora_uncond_all_seed42/img2img_hard\hard\BKL\ISIC_0025567_label-BKL_strategy-hard_strength-0.45_gs-5.0_aug-003.png,0.8209593892097473
ISIC_0025567,BKL,4,hard,0.45,5.0,250,4,404387,experiments/260521-2002_res256_sd_lora_uncond_all_seed42/img2img_hard\hard\BKL\ISIC_0025567_label-BKL_strategy-hard_strength-0.45_gs-5.0_aug-004.png,0.8209593892097473
ISIC_0025470,BKL,4,hard,0.45,5.0,250,0,400734,experiments/260521-2002_res256_sd_lora_uncond_all_seed42/img2img_hard\hard\BKL\ISIC_0025470_label-BKL_strategy-hard_strength-0.45_gs-5.0_aug-000.png,0.8423833250999451
ISIC_0025470,BKL,4,hard,0.45,5.0,250,1,401734,experiments/260521-2002_res256_sd_lora_uncond_all_seed42/img2img_hard\hard\BKL\ISIC_0025470_label-BKL_strategy-hard_strength-0.45_gs-5.0_aug-001.png,0.8423833250999451
ISIC_0025470,BKL,4,hard,0.45,5.0,250,2,402734,experiments/260521-2002_res256_sd_lora_uncond_all_seed42/img2img_hard\hard\BKL\ISIC_0025470_label-BKL_strategy-hard_strength-0.45_gs-5.0_aug-002.png,0.8423833250999451
ISIC_0025470,BKL,4,hard,0.45,5.0,250,3,403734,experiments/260521-2002_res256_sd_lora_uncond_all_seed42/img2img_hard\hard\BKL\ISIC_0025470_label-BKL_strategy-hard_strength-0.45_gs-5.0_aug-003.png,0.8423833250999451
ISIC_0025470,BKL,4,hard,0.45,5.0,250,4,404734,experiments/260521-2002_res256_sd_lora_uncond_all_seed42/img2img_hard\hard\BKL\ISIC_0025470_label-BKL_strategy-hard_strength-0.45_gs-5.0_aug-004.png,0.8423833250999451
ISIC_0030465,BKL,4,hard,0.45,5.0,250,0,400601,experiments/260521-2002_res256_sd_lora_uncond_all_seed42/img2img_hard\hard\BKL\ISIC_0030465_label-BKL_strategy-hard_strength-0.45_gs-5.0_aug-000.png,0.8454388380050659
ISIC_0030465,BKL,4,hard,0.45,5.0,250,1,401601,experiments/260521-2002_res256_sd_lora_uncond_all_seed42/img2img_hard\hard\BKL\ISIC_0030465_label-BKL_strategy-hard_strength-0.45_gs-5.0_aug-001.png,0.8454388380050659
ISIC_0030465,BKL,4,hard,0.45,5.0,250,2,402601,experiments/260521-2002_res256_sd_lora_uncond_all_seed42/img2img_hard\hard\BKL\ISIC_0030465_label-BKL_strategy-hard_strength-0.45_gs-5.0_aug-002.png,0.8454388380050659
ISIC_0030465,BKL,4,hard,0.45,5.0,250,3,403601,experiments/260521-2002_res256_sd_lora_uncond_all_seed42/img2img_hard\hard\BKL\ISIC_0030465_label-BKL_strategy-hard_strength-0.45_gs-5.0_aug-003.png,0.8454388380050659
ISIC_0030465,BKL,4,hard,0.45,5.0,250,4,404601,experiments/260521-2002_res256_sd_lora_uncond_all_seed42/img2img_hard\hard\BKL\ISIC_0030465_label-BKL_strategy-hard_strength-0.45_gs-5.0_aug-004.png,0.8454388380050659
ISIC_0025519,BKL,4,hard,0.45,5.0,250,0,400680,experiments/260521-2002_res256_sd_lora_uncond_all_seed42/img2img_hard\hard\BKL\ISIC_0025519_label-BKL_strategy-hard_strength-0.45_gs-5.0_aug-000.png,0.8516430854797363
ISIC_0025519,BKL,4,hard,0.45,5.0,250,1,401680,experiments/260521-2002_res256_sd_lora_uncond_all_seed42/img2img_hard\hard\BKL\ISIC_0025519_label-BKL_strategy-hard_strength-0.45_gs-5.0_aug-001.png,0.8516430854797363
ISIC_0025519,BKL,4,hard,0.45,5.0,250,2,402680,experiments/260521-2002_res256_sd_lora_uncond_all_seed42/img2img_hard\hard\BKL\ISIC_0025519_label-BKL_strategy-hard_strength-0.45_gs-5.0_aug-002.png,0.8516430854797363
ISIC_0025519,BKL,4,hard,0.45,5.0,250,3,403680,experiments/260521-2002_res256_sd_lora_uncond_all_seed42/img2img_hard\hard\BKL\ISIC_0025519_label-BKL_strategy-hard_strength-0.45_gs-5.0_aug-003.png,0.8516430854797363
ISIC_0025519,BKL,4,hard,0.45,5.0,250,4,404680,experiments/260521-2002_res256_sd_lora_uncond_all_seed42/img2img_hard\hard\BKL\ISIC_0025519_label-BKL_strategy-hard_strength-0.45_gs-5.0_aug-004.png,0.8516430854797363
ISIC_0030056,BKL,4,hard,0.45,5.0,250,0,400158,experiments/260521-2002_res256_sd_lora_uncond_all_seed42/img2img_hard\hard\BKL\ISIC_0030056_label-BKL_strategy-hard_strength-0.45_gs-5.0_aug-000.png,0.834106981754303
ISIC_0030056,BKL,4,hard,0.45,5.0,250,1,401158,experiments/260521-2002_res256_sd_lora_uncond_all_seed42/img2img_hard\hard\BKL\ISIC_0030056_label-BKL_strategy-hard_strength-0.45_gs-5.0_aug-001.png,0.834106981754303
ISIC_0030056,BKL,4,hard,0.45,5.0,250,2,402158,experiments/260521-2002_res256_sd_lora_uncond_all_seed42/img2img_hard\hard\BKL\ISIC_0030056_label-BKL_strategy-hard_strength-0.45_gs-5.0_aug-002.png,0.834106981754303
ISIC_0030056,BKL,4,hard,0.45,5.0,250,3,403158,experiments/260521-2002_res256_sd_lora_uncond_all_seed42/img2img_hard\hard\BKL\ISIC_0030056_label-BKL_strategy-hard_strength-0.45_gs-5.0_aug-003.png,0.834106981754303
ISIC_0030056,BKL,4,hard,0.45,5.0,250,4,404158,experiments/260521-2002_res256_sd_lora_uncond_all_seed42/img2img_hard\hard\BKL\ISIC_0030056_label-BKL_strategy-hard_strength-0.45_gs-5.0_aug-004.png,0.834106981754303
ISIC_0029022,BKL,4,hard,0.45,5.0,250,0,400203,experiments/260521-2002_res256_sd_lora_uncond_all_seed42/img2img_hard\hard\BKL\ISIC_0029022_label-BKL_strategy-hard_strength-0.45_gs-5.0_aug-000.png,0.8504830598831177
ISIC_0029022,BKL,4,hard,0.45,5.0,250,1,401203,experiments/260521-2002_res256_sd_lora_uncond_all_seed42/img2img_hard\hard\BKL\ISIC_0029022_label-BKL_strategy-hard_strength-0.45_gs-5.0_aug-001.png,0.8504830598831177
ISIC_0029022,BKL,4,hard,0.45,5.0,250,2,402203,experiments/260521-2002_res256_sd_lora_uncond_all_seed42/img2img_hard\hard\BKL\ISIC_0029022_label-BKL_strategy-hard_strength-0.45_gs-5.0_aug-002.png,0.8504830598831177
ISIC_0029022,BKL,4,hard,0.45,5.0,250,3,403203,experiments/260521-2002_res256_sd_lora_uncond_all_seed42/img2img_hard\hard\BKL\ISIC_0029022_label-BKL_strategy-hard_strength-0.45_gs-5.0_aug-003.png,0.8504830598831177
ISIC_0029022,BKL,4,hard,0.45,5.0,250,4,404203,experiments/260521-2002_res256_sd_lora_uncond_all_seed42/img2img_hard\hard\BKL\ISIC_0029022_label-BKL_strategy-hard_strength-0.45_gs-5.0_aug-004.png,0.8504830598831177
ISIC_0026046,BKL,4,hard,0.45,5.0,250,0,400970,experiments/260521-2002_res256_sd_lora_uncond_all_seed42/img2img_hard\hard\BKL\ISIC_0026046_label-BKL_strategy-hard_strength-0.45_gs-5.0_aug-000.png,0.8583616018295288
ISIC_0026046,BKL,4,hard,0.45,5.0,250,1,401970,experiments/260521-2002_res256_sd_lora_uncond_all_seed42/img2img_hard\hard\BKL\ISIC_0026046_label-BKL_strategy-hard_strength-0.45_gs-5.0_aug-001.png,0.8583616018295288
ISIC_0026046,BKL,4,hard,0.45,5.0,250,2,402970,experiments/260521-2002_res256_sd_lora_uncond_all_seed42/img2img_hard\hard\BKL\ISIC_0026046_label-BKL_strategy-hard_strength-0.45_gs-5.0_aug-002.png,0.8583616018295288
ISIC_0026046,BKL,4,hard,0.45,5.0,250,3,403970,experiments/260521-2002_res256_sd_lora_uncond_all_seed42/img2img_hard\hard\BKL\ISIC_0026046_label-BKL_strategy-hard_strength-0.45_gs-5.0_aug-003.png,0.8583616018295288
ISIC_0026046,BKL,4,hard,0.45,5.0,250,4,404970,experiments/260521-2002_res256_sd_lora_uncond_all_seed42/img2img_hard\hard\BKL\ISIC_0026046_label-BKL_strategy-hard_strength-0.45_gs-5.0_aug-004.png,0.8583616018295288
ISIC_0033853,BKL,4,hard,0.45,5.0,250,0,400151,experiments/260521-2002_res256_sd_lora_uncond_all_seed42/img2img_hard\hard\BKL\ISIC_0033853_label-BKL_strategy-hard_strength-0.45_gs-5.0_aug-000.png,0.8537808060646057
ISIC_0033853,BKL,4,hard,0.45,5.0,250,1,401151,experiments/260521-2002_res256_sd_lora_uncond_all_seed42/img2img_hard\hard\BKL\ISIC_0033853_label-BKL_strategy-hard_strength-0.45_gs-5.0_aug-001.png,0.8537808060646057
ISIC_0033853,BKL,4,hard,0.45,5.0,250,2,402151,experiments/260521-2002_res256_sd_lora_uncond_all_seed42/img2img_hard\hard\BKL\ISIC_0033853_label-BKL_strategy-hard_strength-0.45_gs-5.0_aug-002.png,0.8537808060646057
ISIC_0033853,BKL,4,hard,0.45,5.0,250,3,403151,experiments/260521-2002_res256_sd_lora_uncond_all_seed42/img2img_hard\hard\BKL\ISIC_0033853_label-BKL_strategy-hard_strength-0.45_gs-5.0_aug-003.png,0.8537808060646057
ISIC_0033853,BKL,4,hard,0.45,5.0,250,4,404151,experiments/260521-2002_res256_sd_lora_uncond_all_seed42/img2img_hard\hard\BKL\ISIC_0033853_label-BKL_strategy-hard_strength-0.45_gs-5.0_aug-004.png,0.8537808060646057
ISIC_0033899,BKL,4,hard,0.45,5.0,250,0,400304,experiments/260521-2002_res256_sd_lora_uncond_all_seed42/img2img_hard\hard\BKL\ISIC_0033899_label-BKL_strategy-hard_strength-0.45_gs-5.0_aug-000.png,0.851414680480957
ISIC_0033899,BKL,4,hard,0.45,5.0,250,1,401304,experiments/260521-2002_res256_sd_lora_uncond_all_seed42/img2img_hard\hard\BKL\ISIC_0033899_label-BKL_strategy-hard_strength-0.45_gs-5.0_aug-001.png,0.851414680480957
ISIC_0033899,BKL,4,hard,0.45,5.0,250,2,402304,experiments/260521-2002_res256_sd_lora_uncond_all_seed42/img2img_hard\hard\BKL\ISIC_0033899_label-BKL_strategy-hard_strength-0.45_gs-5.0_aug-002.png,0.851414680480957
ISIC_0033899,BKL,4,hard,0.45,5.0,250,3,403304,experiments/260521-2002_res256_sd_lora_uncond_all_seed42/img2img_hard\hard\BKL\ISIC_0033899_label-BKL_strategy-hard_strength-0.45_gs-5.0_aug-003.png,0.851414680480957
ISIC_0033899,BKL,4,hard,0.45,5.0,250,4,404304,experiments/260521-2002_res256_sd_lora_uncond_all_seed42/img2img_hard\hard\BKL\ISIC_0033899_label-BKL_strategy-hard_strength-0.45_gs-5.0_aug-004.png,0.851414680480957
ISIC_0025326,BKL,4,hard,0.45,5.0,250,0,400160,experiments/260521-2002_res256_sd_lora_uncond_all_seed42/img2img_hard\hard\BKL\ISIC_0025326_label-BKL_strategy-hard_strength-0.45_gs-5.0_aug-000.png,0.8626658916473389
ISIC_0025326,BKL,4,hard,0.45,5.0,250,1,401160,experiments/260521-2002_res256_sd_lora_uncond_all_seed42/img2img_hard\hard\BKL\ISIC_0025326_label-BKL_strategy-hard_strength-0.45_gs-5.0_aug-001.png,0.8626658916473389
ISIC_0025326,BKL,4,hard,0.45,5.0,250,2,402160,experiments/260521-2002_res256_sd_lora_uncond_all_seed42/img2img_hard\hard\BKL\ISIC_0025326_label-BKL_strategy-hard_strength-0.45_gs-5.0_aug-002.png,0.8626658916473389
ISIC_0025326,BKL,4,hard,0.45,5.0,250,3,403160,experiments/260521-2002_res256_sd_lora_uncond_all_seed42/img2img_hard\hard\BKL\ISIC_0025326_label-BKL_strategy-hard_strength-0.45_gs-5.0_aug-003.png,0.8626658916473389
ISIC_0025326,BKL,4,hard,0.45,5.0,250,4,404160,experiments/260521-2002_res256_sd_lora_uncond_all_seed42/img2img_hard\hard\BKL\ISIC_0025326_label-BKL_strategy-hard_strength-0.45_gs-5.0_aug-004.png,0.8626658916473389
ISIC_0029243,BKL,4,hard,0.45,5.0,250,0,400220,experiments/260521-2002_res256_sd_lora_uncond_all_seed42/img2img_hard\hard\BKL\ISIC_0029243_label-BKL_strategy-hard_strength-0.45_gs-5.0_aug-000.png,0.8351247906684875
ISIC_0029243,BKL,4,hard,0.45,5.0,250,1,401220,experiments/260521-2002_res256_sd_lora_uncond_all_seed42/img2img_hard\hard\BKL\ISIC_0029243_label-BKL_strategy-hard_strength-0.45_gs-5.0_aug-001.png,0.8351247906684875
ISIC_0029243,BKL,4,hard,0.45,5.0,250,2,402220,experiments/260521-2002_res256_sd_lora_uncond_all_seed42/img2img_hard\hard\BKL\ISIC_0029243_label-BKL_strategy-hard_strength-0.45_gs-5.0_aug-002.png,0.8351247906684875
ISIC_0029243,BKL,4,hard,0.45,5.0,250,3,403220,experiments/260521-2002_res256_sd_lora_uncond_all_seed42/img2img_hard\hard\BKL\ISIC_0029243_label-BKL_strategy-hard_strength-0.45_gs-5.0_aug-003.png,0.8351247906684875
ISIC_0029243,BKL,4,hard,0.45,5.0,250,4,404220,experiments/260521-2002_res256_sd_lora_uncond_all_seed42/img2img_hard\hard\BKL\ISIC_0029243_label-BKL_strategy-hard_strength-0.45_gs-5.0_aug-004.png,0.8351247906684875
ISIC_0029878,BKL,4,hard,0.45,5.0,250,0,400653,experiments/260521-2002_res256_sd_lora_uncond_all_seed42/img2img_hard\hard\BKL\ISIC_0029878_label-BKL_strategy-hard_strength-0.45_gs-5.0_aug-000.png,0.861519455909729
ISIC_0029878,BKL,4,hard,0.45,5.0,250,1,401653,experiments/260521-2002_res256_sd_lora_uncond_all_seed42/img2img_hard\hard\BKL\ISIC_0029878_label-BKL_strategy-hard_strength-0.45_gs-5.0_aug-001.png,0.861519455909729
ISIC_0029878,BKL,4,hard,0.45,5.0,250,2,402653,experiments/260521-2002_res256_sd_lora_uncond_all_seed42/img2img_hard\hard\BKL\ISIC_0029878_label-BKL_strategy-hard_strength-0.45_gs-5.0_aug-002.png,0.861519455909729
ISIC_0029878,BKL,4,hard,0.45,5.0,250,3,403653,experiments/260521-2002_res256_sd_lora_uncond_all_seed42/img2img_hard\hard\BKL\ISIC_0029878_label-BKL_strategy-hard_strength-0.45_gs-5.0_aug-003.png,0.861519455909729
ISIC_0029878,BKL,4,hard,0.45,5.0,250,4,404653,experiments/260521-2002_res256_sd_lora_uncond_all_seed42/img2img_hard\hard\BKL\ISIC_0029878_label-BKL_strategy-hard_strength-0.45_gs-5.0_aug-004.png,0.861519455909729
ISIC_0024498,BKL,4,hard,0.45,5.0,250,0,400685,experiments/260521-2002_res256_sd_lora_uncond_all_seed42/img2img_hard\hard\BKL\ISIC_0024498_label-BKL_strategy-hard_strength-0.45_gs-5.0_aug-000.png,0.8486852049827576
ISIC_0024498,BKL,4,hard,0.45,5.0,250,1,401685,experiments/260521-2002_res256_sd_lora_uncond_all_seed42/img2img_hard\hard\BKL\ISIC_0024498_label-BKL_strategy-hard_strength-0.45_gs-5.0_aug-001.png,0.8486852049827576
ISIC_0024498,BKL,4,hard,0.45,5.0,250,2,402685,experiments/260521-2002_res256_sd_lora_uncond_all_seed42/img2img_hard\hard\BKL\ISIC_0024498_label-BKL_strategy-hard_strength-0.45_gs-5.0_aug-002.png,0.8486852049827576
ISIC_0024498,BKL,4,hard,0.45,5.0,250,3,403685,experiments/260521-2002_res256_sd_lora_uncond_all_seed42/img2img_hard\hard\BKL\ISIC_0024498_label-BKL_strategy-hard_strength-0.45_gs-5.0_aug-003.png,0.8486852049827576
ISIC_0024498,BKL,4,hard,0.45,5.0,250,4,404685,experiments/260521-2002_res256_sd_lora_uncond_all_seed42/img2img_hard\hard\BKL\ISIC_0024498_label-BKL_strategy-hard_strength-0.45_gs-5.0_aug-004.png,0.8486852049827576
ISIC_0027760,BKL,4,hard,0.45,5.0,250,0,400250,experiments/260521-2002_res256_sd_lora_uncond_all_seed42/img2img_hard\hard\BKL\ISIC_0027760_label-BKL_strategy-hard_strength-0.45_gs-5.0_aug-000.png,0.8484126329421997
ISIC_0027760,BKL,4,hard,0.45,5.0,250,1,401250,experiments/260521-2002_res256_sd_lora_uncond_all_seed42/img2img_hard\hard\BKL\ISIC_0027760_label-BKL_strategy-hard_strength-0.45_gs-5.0_aug-001.png,0.8484126329421997
ISIC_0027760,BKL,4,hard,0.45,5.0,250,2,402250,experiments/260521-2002_res256_sd_lora_uncond_all_seed42/img2img_hard\hard\BKL\ISIC_0027760_label-BKL_strategy-hard_strength-0.45_gs-5.0_aug-002.png,0.8484126329421997
ISIC_0027760,BKL,4,hard,0.45,5.0,250,3,403250,experiments/260521-2002_res256_sd_lora_uncond_all_seed42/img2img_hard\hard\BKL\ISIC_0027760_label-BKL_strategy-hard_strength-0.45_gs-5.0_aug-003.png,0.8484126329421997
ISIC_0027760,BKL,4,hard,0.45,5.0,250,4,404250,experiments/260521-2002_res256_sd_lora_uncond_all_seed42/img2img_hard\hard\BKL\ISIC_0027760_label-BKL_strategy-hard_strength-0.45_gs-5.0_aug-004.png,0.8484126329421997
ISIC_0029891,DF,5,hard,0.45,5.0,250,0,500335,experiments/260521-2002_res256_sd_lora_uncond_all_seed42/img2img_hard\hard\DF\ISIC_0029891_label-DF_strategy-hard_strength-0.45_gs-5.0_aug-000.png,0.9904576539993286
ISIC_0029891,DF,5,hard,0.45,5.0,250,1,501335,experiments/260521-2002_res256_sd_lora_uncond_all_seed42/img2img_hard\hard\DF\ISIC_0029891_label-DF_strategy-hard_strength-0.45_gs-5.0_aug-001.png,0.9904576539993286
ISIC_0029891,DF,5,hard,0.45,5.0,250,2,502335,experiments/260521-2002_res256_sd_lora_uncond_all_seed42/img2img_hard\hard\DF\ISIC_0029891_label-DF_strategy-hard_strength-0.45_gs-5.0_aug-002.png,0.9904576539993286
ISIC_0029891,DF,5,hard,0.45,5.0,250,3,503335,experiments/260521-2002_res256_sd_lora_uncond_all_seed42/img2img_hard\hard\DF\ISIC_0029891_label-DF_strategy-hard_strength-0.45_gs-5.0_aug-003.png,0.9904576539993286
ISIC_0029891,DF,5,hard,0.45,5.0,250,4,504335,experiments/260521-2002_res256_sd_lora_uncond_all_seed42/img2img_hard\hard\DF\ISIC_0029891_label-DF_strategy-hard_strength-0.45_gs-5.0_aug-004.png,0.9904576539993286
ISIC_0031735,DF,5,hard,0.45,5.0,250,0,500912,experiments/260521-2002_res256_sd_lora_uncond_all_seed42/img2img_hard\hard\DF\ISIC_0031735_label-DF_strategy-hard_strength-0.45_gs-5.0_aug-000.png,0.9910883903503418
ISIC_0031735,DF,5,hard,0.45,5.0,250,1,501912,experiments/260521-2002_res256_sd_lora_uncond_all_seed42/img2img_hard\hard\DF\ISIC_0031735_label-DF_strategy-hard_strength-0.45_gs-5.0_aug-001.png,0.9910883903503418
ISIC_0031735,DF,5,hard,0.45,5.0,250,2,502912,experiments/260521-2002_res256_sd_lora_uncond_all_seed42/img2img_hard\hard\DF\ISIC_0031735_label-DF_strategy-hard_strength-0.45_gs-5.0_aug-002.png,0.9910883903503418
ISIC_0031735,DF,5,hard,0.45,5.0,250,3,503912,experiments/260521-2002_res256_sd_lora_uncond_all_seed42/img2img_hard\hard\DF\ISIC_0031735_label-DF_strategy-hard_strength-0.45_gs-5.0_aug-003.png,0.9910883903503418
ISIC_0031735,DF,5,hard,0.45,5.0,250,4,504912,experiments/260521-2002_res256_sd_lora_uncond_all_seed42/img2img_hard\hard\DF\ISIC_0031735_label-DF_strategy-hard_strength-0.45_gs-5.0_aug-004.png,0.9910883903503418
ISIC_0032247,DF,5,hard,0.45,5.0,250,0,500906,experiments/260521-2002_res256_sd_lora_uncond_all_seed42/img2img_hard\hard\DF\ISIC_0032247_label-DF_strategy-hard_strength-0.45_gs-5.0_aug-000.png,0.9910640716552734
ISIC_0032247,DF,5,hard,0.45,5.0,250,1,501906,experiments/260521-2002_res256_sd_lora_uncond_all_seed42/img2img_hard\hard\DF\ISIC_0032247_label-DF_strategy-hard_strength-0.45_gs-5.0_aug-001.png,0.9910640716552734
ISIC_0032247,DF,5,hard,0.45,5.0,250,2,502906,experiments/260521-2002_res256_sd_lora_uncond_all_seed42/img2img_hard\hard\DF\ISIC_0032247_label-DF_strategy-hard_strength-0.45_gs-5.0_aug-002.png,0.9910640716552734
ISIC_0032247,DF,5,hard,0.45,5.0,250,3,503906,experiments/260521-2002_res256_sd_lora_uncond_all_seed42/img2img_hard\hard\DF\ISIC_0032247_label-DF_strategy-hard_strength-0.45_gs-5.0_aug-003.png,0.9910640716552734
ISIC_0032247,DF,5,hard,0.45,5.0,250,4,504906,experiments/260521-2002_res256_sd_lora_uncond_all_seed42/img2img_hard\hard\DF\ISIC_0032247_label-DF_strategy-hard_strength-0.45_gs-5.0_aug-004.png,0.9910640716552734
ISIC_0024330,DF,5,hard,0.45,5.0,250,0,500066,experiments/260521-2002_res256_sd_lora_uncond_all_seed42/img2img_hard\hard\DF\ISIC_0024330_label-DF_strategy-hard_strength-0.45_gs-5.0_aug-000.png,0.9895997047424316
ISIC_0024330,DF,5,hard,0.45,5.0,250,1,501066,experiments/260521-2002_res256_sd_lora_uncond_all_seed42/img2img_hard\hard\DF\ISIC_0024330_label-DF_strategy-hard_strength-0.45_gs-5.0_aug-001.png,0.9895997047424316
ISIC_0024330,DF,5,hard,0.45,5.0,250,2,502066,experiments/260521-2002_res256_sd_lora_uncond_all_seed42/img2img_hard\hard\DF\ISIC_0024330_label-DF_strategy-hard_strength-0.45_gs-5.0_aug-002.png,0.9895997047424316
ISIC_0024330,DF,5,hard,0.45,5.0,250,3,503066,experiments/260521-2002_res256_sd_lora_uncond_all_seed42/img2img_hard\hard\DF\ISIC_0024330_label-DF_strategy-hard_strength-0.45_gs-5.0_aug-003.png,0.9895997047424316
ISIC_0024330,DF,5,hard,0.45,5.0,250,4,504066,experiments/260521-2002_res256_sd_lora_uncond_all_seed42/img2img_hard\hard\DF\ISIC_0024330_label-DF_strategy-hard_strength-0.45_gs-5.0_aug-004.png,0.9895997047424316
ISIC_0033847,DF,5,hard,0.45,5.0,250,0,500056,experiments/260521-2002_res256_sd_lora_uncond_all_seed42/img2img_hard\hard\DF\ISIC_0033847_label-DF_strategy-hard_strength-0.45_gs-5.0_aug-000.png,0.9912137389183044
ISIC_0033847,DF,5,hard,0.45,5.0,250,1,501056,experiments/260521-2002_res256_sd_lora_uncond_all_seed42/img2img_hard\hard\DF\ISIC_0033847_label-DF_strategy-hard_strength-0.45_gs-5.0_aug-001.png,0.9912137389183044
ISIC_0033847,DF,5,hard,0.45,5.0,250,2,502056,experiments/260521-2002_res256_sd_lora_uncond_all_seed42/img2img_hard\hard\DF\ISIC_0033847_label-DF_strategy-hard_strength-0.45_gs-5.0_aug-002.png,0.9912137389183044
ISIC_0033847,DF,5,hard,0.45,5.0,250,3,503056,experiments/260521-2002_res256_sd_lora_uncond_all_seed42/img2img_hard\hard\DF\ISIC_0033847_label-DF_strategy-hard_strength-0.45_gs-5.0_aug-003.png,0.9912137389183044
ISIC_0033847,DF,5,hard,0.45,5.0,250,4,504056,experiments/260521-2002_res256_sd_lora_uncond_all_seed42/img2img_hard\hard\DF\ISIC_0033847_label-DF_strategy-hard_strength-0.45_gs-5.0_aug-004.png,0.9912137389183044
ISIC_0029578,DF,5,hard,0.45,5.0,250,0,500445,experiments/260521-2002_res256_sd_lora_uncond_all_seed42/img2img_hard\hard\DF\ISIC_0029578_label-DF_strategy-hard_strength-0.45_gs-5.0_aug-000.png,0.9915770292282104
ISIC_0029578,DF,5,hard,0.45,5.0,250,1,501445,experiments/260521-2002_res256_sd_lora_uncond_all_seed42/img2img_hard\hard\DF\ISIC_0029578_label-DF_strategy-hard_strength-0.45_gs-5.0_aug-001.png,0.9915770292282104
ISIC_0029578,DF,5,hard,0.45,5.0,250,2,502445,experiments/260521-2002_res256_sd_lora_uncond_all_seed42/img2img_hard\hard\DF\ISIC_0029578_label-DF_strategy-hard_strength-0.45_gs-5.0_aug-002.png,0.9915770292282104
ISIC_0029578,DF,5,hard,0.45,5.0,250,3,503445,experiments/260521-2002_res256_sd_lora_uncond_all_seed42/img2img_hard\hard\DF\ISIC_0029578_label-DF_strategy-hard_strength-0.45_gs-5.0_aug-003.png,0.9915770292282104
ISIC_0029578,DF,5,hard,0.45,5.0,250,4,504445,experiments/260521-2002_res256_sd_lora_uncond_all_seed42/img2img_hard\hard\DF\ISIC_0029578_label-DF_strategy-hard_strength-0.45_gs-5.0_aug-004.png,0.9915770292282104
ISIC_0028926,DF,5,hard,0.45,5.0,250,0,500971,experiments/260521-2002_res256_sd_lora_uncond_all_seed42/img2img_hard\hard\DF\ISIC_0028926_label-DF_strategy-hard_strength-0.45_gs-5.0_aug-000.png,0.9922103881835938
ISIC_0028926,DF,5,hard,0.45,5.0,250,1,501971,experiments/260521-2002_res256_sd_lora_uncond_all_seed42/img2img_hard\hard\DF\ISIC_0028926_label-DF_strategy-hard_strength-0.45_gs-5.0_aug-001.png,0.9922103881835938
ISIC_0028926,DF,5,hard,0.45,5.0,250,2,502971,experiments/260521-2002_res256_sd_lora_uncond_all_seed42/img2img_hard\hard\DF\ISIC_0028926_label-DF_strategy-hard_strength-0.45_gs-5.0_aug-002.png,0.9922103881835938
ISIC_0028926,DF,5,hard,0.45,5.0,250,3,503971,experiments/260521-2002_res256_sd_lora_uncond_all_seed42/img2img_hard\hard\DF\ISIC_0028926_label-DF_strategy-hard_strength-0.45_gs-5.0_aug-003.png,0.9922103881835938
ISIC_0028926,DF,5,hard,0.45,5.0,250,4,504971,experiments/260521-2002_res256_sd_lora_uncond_all_seed42/img2img_hard\hard\DF\ISIC_0028926_label-DF_strategy-hard_strength-0.45_gs-5.0_aug-004.png,0.9922103881835938
ISIC_0033554,DF,5,hard,0.45,5.0,250,0,500530,experiments/260521-2002_res256_sd_lora_uncond_all_seed42/img2img_hard\hard\DF\ISIC_0033554_label-DF_strategy-hard_strength-0.45_gs-5.0_aug-000.png,0.9917324781417848
ISIC_0033554,DF,5,hard,0.45,5.0,250,1,501530,experiments/260521-2002_res256_sd_lora_uncond_all_seed42/img2img_hard\hard\DF\ISIC_0033554_label-DF_strategy-hard_strength-0.45_gs-5.0_aug-001.png,0.9917324781417848
ISIC_0033554,DF,5,hard,0.45,5.0,250,2,502530,experiments/260521-2002_res256_sd_lora_uncond_all_seed42/img2img_hard\hard\DF\ISIC_0033554_label-DF_strategy-hard_strength-0.45_gs-5.0_aug-002.png,0.9917324781417848
ISIC_0033554,DF,5,hard,0.45,5.0,250,3,503530,experiments/260521-2002_res256_sd_lora_uncond_all_seed42/img2img_hard\hard\DF\ISIC_0033554_label-DF_strategy-hard_strength-0.45_gs-5.0_aug-003.png,0.9917324781417848
ISIC_0033554,DF,5,hard,0.45,5.0,250,4,504530,experiments/260521-2002_res256_sd_lora_uncond_all_seed42/img2img_hard\hard\DF\ISIC_0033554_label-DF_strategy-hard_strength-0.45_gs-5.0_aug-004.png,0.9917324781417848
ISIC_0025154,DF,5,hard,0.45,5.0,250,0,500787,experiments/260521-2002_res256_sd_lora_uncond_all_seed42/img2img_hard\hard\DF\ISIC_0025154_label-DF_strategy-hard_strength-0.45_gs-5.0_aug-000.png,0.9904710054397584
ISIC_0025154,DF,5,hard,0.45,5.0,250,1,501787,experiments/260521-2002_res256_sd_lora_uncond_all_seed42/img2img_hard\hard\DF\ISIC_0025154_label-DF_strategy-hard_strength-0.45_gs-5.0_aug-001.png,0.9904710054397584
ISIC_0025154,DF,5,hard,0.45,5.0,250,2,502787,experiments/260521-2002_res256_sd_lora_uncond_all_seed42/img2img_hard\hard\DF\ISIC_0025154_label-DF_strategy-hard_strength-0.45_gs-5.0_aug-002.png,0.9904710054397584
ISIC_0025154,DF,5,hard,0.45,5.0,250,3,503787,experiments/260521-2002_res256_sd_lora_uncond_all_seed42/img2img_hard\hard\DF\ISIC_0025154_label-DF_strategy-hard_strength-0.45_gs-5.0_aug-003.png,0.9904710054397584
ISIC_0025154,DF,5,hard,0.45,5.0,250,4,504787,experiments/260521-2002_res256_sd_lora_uncond_all_seed42/img2img_hard\hard\DF\ISIC_0025154_label-DF_strategy-hard_strength-0.45_gs-5.0_aug-004.png,0.9904710054397584
ISIC_0027488,DF,5,hard,0.45,5.0,250,0,501038,experiments/260521-2002_res256_sd_lora_uncond_all_seed42/img2img_hard\hard\DF\ISIC_0027488_label-DF_strategy-hard_strength-0.45_gs-5.0_aug-000.png,0.9906052947044371
ISIC_0027488,DF,5,hard,0.45,5.0,250,1,502038,experiments/260521-2002_res256_sd_lora_uncond_all_seed42/img2img_hard\hard\DF\ISIC_0027488_label-DF_strategy-hard_strength-0.45_gs-5.0_aug-001.png,0.9906052947044371
ISIC_0027488,DF,5,hard,0.45,5.0,250,2,503038,experiments/260521-2002_res256_sd_lora_uncond_all_seed42/img2img_hard\hard\DF\ISIC_0027488_label-DF_strategy-hard_strength-0.45_gs-5.0_aug-002.png,0.9906052947044371
ISIC_0027488,DF,5,hard,0.45,5.0,250,3,504038,experiments/260521-2002_res256_sd_lora_uncond_all_seed42/img2img_hard\hard\DF\ISIC_0027488_label-DF_strategy-hard_strength-0.45_gs-5.0_aug-003.png,0.9906052947044371
ISIC_0027488,DF,5,hard,0.45,5.0,250,4,505038,experiments/260521-2002_res256_sd_lora_uncond_all_seed42/img2img_hard\hard\DF\ISIC_0027488_label-DF_strategy-hard_strength-0.45_gs-5.0_aug-004.png,0.9906052947044371
ISIC_0028735,DF,5,hard,0.45,5.0,250,0,500691,experiments/260521-2002_res256_sd_lora_uncond_all_seed42/img2img_hard\hard\DF\ISIC_0028735_label-DF_strategy-hard_strength-0.45_gs-5.0_aug-000.png,0.9909875988960266
ISIC_0028735,DF,5,hard,0.45,5.0,250,1,501691,experiments/260521-2002_res256_sd_lora_uncond_all_seed42/img2img_hard\hard\DF\ISIC_0028735_label-DF_strategy-hard_strength-0.45_gs-5.0_aug-001.png,0.9909875988960266
ISIC_0028735,DF,5,hard,0.45,5.0,250,2,502691,experiments/260521-2002_res256_sd_lora_uncond_all_seed42/img2img_hard\hard\DF\ISIC_0028735_label-DF_strategy-hard_strength-0.45_gs-5.0_aug-002.png,0.9909875988960266
ISIC_0028735,DF,5,hard,0.45,5.0,250,3,503691,experiments/260521-2002_res256_sd_lora_uncond_all_seed42/img2img_hard\hard\DF\ISIC_0028735_label-DF_strategy-hard_strength-0.45_gs-5.0_aug-003.png,0.9909875988960266
ISIC_0028735,DF,5,hard,0.45,5.0,250,4,504691,experiments/260521-2002_res256_sd_lora_uncond_all_seed42/img2img_hard\hard\DF\ISIC_0028735_label-DF_strategy-hard_strength-0.45_gs-5.0_aug-004.png,0.9909875988960266
ISIC_0025954,DF,5,hard,0.45,5.0,250,0,500432,experiments/260521-2002_res256_sd_lora_uncond_all_seed42/img2img_hard\hard\DF\ISIC_0025954_label-DF_strategy-hard_strength-0.45_gs-5.0_aug-000.png,0.9911552667617798
ISIC_0025954,DF,5,hard,0.45,5.0,250,1,501432,experiments/260521-2002_res256_sd_lora_uncond_all_seed42/img2img_hard\hard\DF\ISIC_0025954_label-DF_strategy-hard_strength-0.45_gs-5.0_aug-001.png,0.9911552667617798
ISIC_0025954,DF,5,hard,0.45,5.0,250,2,502432,experiments/260521-2002_res256_sd_lora_uncond_all_seed42/img2img_hard\hard\DF\ISIC_0025954_label-DF_strategy-hard_strength-0.45_gs-5.0_aug-002.png,0.9911552667617798
ISIC_0025954,DF,5,hard,0.45,5.0,250,3,503432,experiments/260521-2002_res256_sd_lora_uncond_all_seed42/img2img_hard\hard\DF\ISIC_0025954_label-DF_strategy-hard_strength-0.45_gs-5.0_aug-003.png,0.9911552667617798
ISIC_0025954,DF,5,hard,0.45,5.0,250,4,504432,experiments/260521-2002_res256_sd_lora_uncond_all_seed42/img2img_hard\hard\DF\ISIC_0025954_label-DF_strategy-hard_strength-0.45_gs-5.0_aug-004.png,0.9911552667617798
ISIC_0025903,DF,5,hard,0.45,5.0,250,0,500656,experiments/260521-2002_res256_sd_lora_uncond_all_seed42/img2img_hard\hard\DF\ISIC_0025903_label-DF_strategy-hard_strength-0.45_gs-5.0_aug-000.png,0.9919935464859008
ISIC_0025903,DF,5,hard,0.45,5.0,250,1,501656,experiments/260521-2002_res256_sd_lora_uncond_all_seed42/img2img_hard\hard\DF\ISIC_0025903_label-DF_strategy-hard_strength-0.45_gs-5.0_aug-001.png,0.9919935464859008
ISIC_0025903,DF,5,hard,0.45,5.0,250,2,502656,experiments/260521-2002_res256_sd_lora_uncond_all_seed42/img2img_hard\hard\DF\ISIC_0025903_label-DF_strategy-hard_strength-0.45_gs-5.0_aug-002.png,0.9919935464859008
ISIC_0025903,DF,5,hard,0.45,5.0,250,3,503656,experiments/260521-2002_res256_sd_lora_uncond_all_seed42/img2img_hard\hard\DF\ISIC_0025903_label-DF_strategy-hard_strength-0.45_gs-5.0_aug-003.png,0.9919935464859008
ISIC_0025903,DF,5,hard,0.45,5.0,250,4,504656,experiments/260521-2002_res256_sd_lora_uncond_all_seed42/img2img_hard\hard\DF\ISIC_0025903_label-DF_strategy-hard_strength-0.45_gs-5.0_aug-004.png,0.9919935464859008
ISIC_0030555,DF,5,hard,0.45,5.0,250,0,500748,experiments/260521-2002_res256_sd_lora_uncond_all_seed42/img2img_hard\hard\DF\ISIC_0030555_label-DF_strategy-hard_strength-0.45_gs-5.0_aug-000.png,0.9910071492195128
ISIC_0030555,DF,5,hard,0.45,5.0,250,1,501748,experiments/260521-2002_res256_sd_lora_uncond_all_seed42/img2img_hard\hard\DF\ISIC_0030555_label-DF_strategy-hard_strength-0.45_gs-5.0_aug-001.png,0.9910071492195128
ISIC_0030555,DF,5,hard,0.45,5.0,250,2,502748,experiments/260521-2002_res256_sd_lora_uncond_all_seed42/img2img_hard\hard\DF\ISIC_0030555_label-DF_strategy-hard_strength-0.45_gs-5.0_aug-002.png,0.9910071492195128
ISIC_0030555,DF,5,hard,0.45,5.0,250,3,503748,experiments/260521-2002_res256_sd_lora_uncond_all_seed42/img2img_hard\hard\DF\ISIC_0030555_label-DF_strategy-hard_strength-0.45_gs-5.0_aug-003.png,0.9910071492195128
ISIC_0030555,DF,5,hard,0.45,5.0,250,4,504748,experiments/260521-2002_res256_sd_lora_uncond_all_seed42/img2img_hard\hard\DF\ISIC_0030555_label-DF_strategy-hard_strength-0.45_gs-5.0_aug-004.png,0.9910071492195128
ISIC_0029248,DF,5,hard,0.45,5.0,250,0,500963,experiments/260521-2002_res256_sd_lora_uncond_all_seed42/img2img_hard\hard\DF\ISIC_0029248_label-DF_strategy-hard_strength-0.45_gs-5.0_aug-000.png,0.9915595650672911
ISIC_0029248,DF,5,hard,0.45,5.0,250,1,501963,experiments/260521-2002_res256_sd_lora_uncond_all_seed42/img2img_hard\hard\DF\ISIC_0029248_label-DF_strategy-hard_strength-0.45_gs-5.0_aug-001.png,0.9915595650672911
ISIC_0029248,DF,5,hard,0.45,5.0,250,2,502963,experiments/260521-2002_res256_sd_lora_uncond_all_seed42/img2img_hard\hard\DF\ISIC_0029248_label-DF_strategy-hard_strength-0.45_gs-5.0_aug-002.png,0.9915595650672911
ISIC_0029248,DF,5,hard,0.45,5.0,250,3,503963,experiments/260521-2002_res256_sd_lora_uncond_all_seed42/img2img_hard\hard\DF\ISIC_0029248_label-DF_strategy-hard_strength-0.45_gs-5.0_aug-003.png,0.9915595650672911
ISIC_0029248,DF,5,hard,0.45,5.0,250,4,504963,experiments/260521-2002_res256_sd_lora_uncond_all_seed42/img2img_hard\hard\DF\ISIC_0029248_label-DF_strategy-hard_strength-0.45_gs-5.0_aug-004.png,0.9915595650672911
ISIC_0031827,DF,5,hard,0.45,5.0,250,0,500628,experiments/260521-2002_res256_sd_lora_uncond_all_seed42/img2img_hard\hard\DF\ISIC_0031827_label-DF_strategy-hard_strength-0.45_gs-5.0_aug-000.png,0.991232693195343
ISIC_0031827,DF,5,hard,0.45,5.0,250,1,501628,experiments/260521-2002_res256_sd_lora_uncond_all_seed42/img2img_hard\hard\DF\ISIC_0031827_label-DF_strategy-hard_strength-0.45_gs-5.0_aug-001.png,0.991232693195343
ISIC_0031827,DF,5,hard,0.45,5.0,250,2,502628,experiments/260521-2002_res256_sd_lora_uncond_all_seed42/img2img_hard\hard\DF\ISIC_0031827_label-DF_strategy-hard_strength-0.45_gs-5.0_aug-002.png,0.991232693195343
ISIC_0031827,DF,5,hard,0.45,5.0,250,3,503628,experiments/260521-2002_res256_sd_lora_uncond_all_seed42/img2img_hard\hard\DF\ISIC_0031827_label-DF_strategy-hard_strength-0.45_gs-5.0_aug-003.png,0.991232693195343
ISIC_0031827,DF,5,hard,0.45,5.0,250,4,504628,experiments/260521-2002_res256_sd_lora_uncond_all_seed42/img2img_hard\hard\DF\ISIC_0031827_label-DF_strategy-hard_strength-0.45_gs-5.0_aug-004.png,0.991232693195343
ISIC_0033780,DF,5,hard,0.45,5.0,250,0,500057,experiments/260521-2002_res256_sd_lora_uncond_all_seed42/img2img_hard\hard\DF\ISIC_0033780_label-DF_strategy-hard_strength-0.45_gs-5.0_aug-000.png,0.989582061767578
ISIC_0033780,DF,5,hard,0.45,5.0,250,1,501057,experiments/260521-2002_res256_sd_lora_uncond_all_seed42/img2img_hard\hard\DF\ISIC_0033780_label-DF_strategy-hard_strength-0.45_gs-5.0_aug-001.png,0.989582061767578
ISIC_0033780,DF,5,hard,0.45,5.0,250,2,502057,experiments/260521-2002_res256_sd_lora_uncond_all_seed42/img2img_hard\hard\DF\ISIC_0033780_label-DF_strategy-hard_strength-0.45_gs-5.0_aug-002.png,0.989582061767578
ISIC_0033780,DF,5,hard,0.45,5.0,250,3,503057,experiments/260521-2002_res256_sd_lora_uncond_all_seed42/img2img_hard\hard\DF\ISIC_0033780_label-DF_strategy-hard_strength-0.45_gs-5.0_aug-003.png,0.989582061767578
ISIC_0033780,DF,5,hard,0.45,5.0,250,4,504057,experiments/260521-2002_res256_sd_lora_uncond_all_seed42/img2img_hard\hard\DF\ISIC_0033780_label-DF_strategy-hard_strength-0.45_gs-5.0_aug-004.png,0.989582061767578
ISIC_0027044,DF,5,hard,0.45,5.0,250,0,500929,experiments/260521-2002_res256_sd_lora_uncond_all_seed42/img2img_hard\hard\DF\ISIC_0027044_label-DF_strategy-hard_strength-0.45_gs-5.0_aug-000.png,0.992111325263977
ISIC_0027044,DF,5,hard,0.45,5.0,250,1,501929,experiments/260521-2002_res256_sd_lora_uncond_all_seed42/img2img_hard\hard\DF\ISIC_0027044_label-DF_strategy-hard_strength-0.45_gs-5.0_aug-001.png,0.992111325263977
ISIC_0027044,DF,5,hard,0.45,5.0,250,2,502929,experiments/260521-2002_res256_sd_lora_uncond_all_seed42/img2img_hard\hard\DF\ISIC_0027044_label-DF_strategy-hard_strength-0.45_gs-5.0_aug-002.png,0.992111325263977
ISIC_0027044,DF,5,hard,0.45,5.0,250,3,503929,experiments/260521-2002_res256_sd_lora_uncond_all_seed42/img2img_hard\hard\DF\ISIC_0027044_label-DF_strategy-hard_strength-0.45_gs-5.0_aug-003.png,0.992111325263977
ISIC_0027044,DF,5,hard,0.45,5.0,250,4,504929,experiments/260521-2002_res256_sd_lora_uncond_all_seed42/img2img_hard\hard\DF\ISIC_0027044_label-DF_strategy-hard_strength-0.45_gs-5.0_aug-004.png,0.992111325263977
ISIC_0032138,DF,5,hard,0.45,5.0,250,0,500687,experiments/260521-2002_res256_sd_lora_uncond_all_seed42/img2img_hard\hard\DF\ISIC_0032138_label-DF_strategy-hard_strength-0.45_gs-5.0_aug-000.png,0.992060661315918
ISIC_0032138,DF,5,hard,0.45,5.0,250,1,501687,experiments/260521-2002_res256_sd_lora_uncond_all_seed42/img2img_hard\hard\DF\ISIC_0032138_label-DF_strategy-hard_strength-0.45_gs-5.0_aug-001.png,0.992060661315918
ISIC_0032138,DF,5,hard,0.45,5.0,250,2,502687,experiments/260521-2002_res256_sd_lora_uncond_all_seed42/img2img_hard\hard\DF\ISIC_0032138_label-DF_strategy-hard_strength-0.45_gs-5.0_aug-002.png,0.992060661315918
ISIC_0032138,DF,5,hard,0.45,5.0,250,3,503687,experiments/260521-2002_res256_sd_lora_uncond_all_seed42/img2img_hard\hard\DF\ISIC_0032138_label-DF_strategy-hard_strength-0.45_gs-5.0_aug-003.png,0.992060661315918
ISIC_0032138,DF,5,hard,0.45,5.0,250,4,504687,experiments/260521-2002_res256_sd_lora_uncond_all_seed42/img2img_hard\hard\DF\ISIC_0032138_label-DF_strategy-hard_strength-0.45_gs-5.0_aug-004.png,0.992060661315918
ISIC_0032114,DF,5,hard,0.45,5.0,250,0,500154,experiments/260521-2002_res256_sd_lora_uncond_all_seed42/img2img_hard\hard\DF\ISIC_0032114_label-DF_strategy-hard_strength-0.45_gs-5.0_aug-000.png,0.9921247363090516
ISIC_0032114,DF,5,hard,0.45,5.0,250,1,501154,experiments/260521-2002_res256_sd_lora_uncond_all_seed42/img2img_hard\hard\DF\ISIC_0032114_label-DF_strategy-hard_strength-0.45_gs-5.0_aug-001.png,0.9921247363090516
ISIC_0032114,DF,5,hard,0.45,5.0,250,2,502154,experiments/260521-2002_res256_sd_lora_uncond_all_seed42/img2img_hard\hard\DF\ISIC_0032114_label-DF_strategy-hard_strength-0.45_gs-5.0_aug-002.png,0.9921247363090516
ISIC_0032114,DF,5,hard,0.45,5.0,250,3,503154,experiments/260521-2002_res256_sd_lora_uncond_all_seed42/img2img_hard\hard\DF\ISIC_0032114_label-DF_strategy-hard_strength-0.45_gs-5.0_aug-003.png,0.9921247363090516
ISIC_0032114,DF,5,hard,0.45,5.0,250,4,504154,experiments/260521-2002_res256_sd_lora_uncond_all_seed42/img2img_hard\hard\DF\ISIC_0032114_label-DF_strategy-hard_strength-0.45_gs-5.0_aug-004.png,0.9921247363090516
ISIC_0032919,VASC,6,hard,0.45,5.0,250,0,600715,experiments/260521-2002_res256_sd_lora_uncond_all_seed42/img2img_hard\hard\VASC\ISIC_0032919_label-VASC_strategy-hard_strength-0.45_gs-5.0_aug-000.png,0.9794551134109496
ISIC_0032919,VASC,6,hard,0.45,5.0,250,1,601715,experiments/260521-2002_res256_sd_lora_uncond_all_seed42/img2img_hard\hard\VASC\ISIC_0032919_label-VASC_strategy-hard_strength-0.45_gs-5.0_aug-001.png,0.9794551134109496
ISIC_0032919,VASC,6,hard,0.45,5.0,250,2,602715,experiments/260521-2002_res256_sd_lora_uncond_all_seed42/img2img_hard\hard\VASC\ISIC_0032919_label-VASC_strategy-hard_strength-0.45_gs-5.0_aug-002.png,0.9794551134109496
ISIC_0032919,VASC,6,hard,0.45,5.0,250,3,603715,experiments/260521-2002_res256_sd_lora_uncond_all_seed42/img2img_hard\hard\VASC\ISIC_0032919_label-VASC_strategy-hard_strength-0.45_gs-5.0_aug-003.png,0.9794551134109496
ISIC_0032919,VASC,6,hard,0.45,5.0,250,4,604715,experiments/260521-2002_res256_sd_lora_uncond_all_seed42/img2img_hard\hard\VASC\ISIC_0032919_label-VASC_strategy-hard_strength-0.45_gs-5.0_aug-004.png,0.9794551134109496
ISIC_0033123,VASC,6,hard,0.45,5.0,250,0,600723,experiments/260521-2002_res256_sd_lora_uncond_all_seed42/img2img_hard\hard\VASC\ISIC_0033123_label-VASC_strategy-hard_strength-0.45_gs-5.0_aug-000.png,0.9827672243118286
ISIC_0033123,VASC,6,hard,0.45,5.0,250,1,601723,experiments/260521-2002_res256_sd_lora_uncond_all_seed42/img2img_hard\hard\VASC\ISIC_0033123_label-VASC_strategy-hard_strength-0.45_gs-5.0_aug-001.png,0.9827672243118286
ISIC_0033123,VASC,6,hard,0.45,5.0,250,2,602723,experiments/260521-2002_res256_sd_lora_uncond_all_seed42/img2img_hard\hard\VASC\ISIC_0033123_label-VASC_strategy-hard_strength-0.45_gs-5.0_aug-002.png,0.9827672243118286
ISIC_0033123,VASC,6,hard,0.45,5.0,250,3,603723,experiments/260521-2002_res256_sd_lora_uncond_all_seed42/img2img_hard\hard\VASC\ISIC_0033123_label-VASC_strategy-hard_strength-0.45_gs-5.0_aug-003.png,0.9827672243118286
ISIC_0033123,VASC,6,hard,0.45,5.0,250,4,604723,experiments/260521-2002_res256_sd_lora_uncond_all_seed42/img2img_hard\hard\VASC\ISIC_0033123_label-VASC_strategy-hard_strength-0.45_gs-5.0_aug-004.png,0.9827672243118286
ISIC_0028431,VASC,6,hard,0.45,5.0,250,0,600774,experiments/260521-2002_res256_sd_lora_uncond_all_seed42/img2img_hard\hard\VASC\ISIC_0028431_label-VASC_strategy-hard_strength-0.45_gs-5.0_aug-000.png,0.9807316660881042
ISIC_0028431,VASC,6,hard,0.45,5.0,250,1,601774,experiments/260521-2002_res256_sd_lora_uncond_all_seed42/img2img_hard\hard\VASC\ISIC_0028431_label-VASC_strategy-hard_strength-0.45_gs-5.0_aug-001.png,0.9807316660881042
ISIC_0028431,VASC,6,hard,0.45,5.0,250,2,602774,experiments/260521-2002_res256_sd_lora_uncond_all_seed42/img2img_hard\hard\VASC\ISIC_0028431_label-VASC_strategy-hard_strength-0.45_gs-5.0_aug-002.png,0.9807316660881042
ISIC_0028431,VASC,6,hard,0.45,5.0,250,3,603774,experiments/260521-2002_res256_sd_lora_uncond_all_seed42/img2img_hard\hard\VASC\ISIC_0028431_label-VASC_strategy-hard_strength-0.45_gs-5.0_aug-003.png,0.9807316660881042
ISIC_0028431,VASC,6,hard,0.45,5.0,250,4,604774,experiments/260521-2002_res256_sd_lora_uncond_all_seed42/img2img_hard\hard\VASC\ISIC_0028431_label-VASC_strategy-hard_strength-0.45_gs-5.0_aug-004.png,0.9807316660881042
ISIC_0031270,VASC,6,hard,0.45,5.0,250,0,600679,experiments/260521-2002_res256_sd_lora_uncond_all_seed42/img2img_hard\hard\VASC\ISIC_0031270_label-VASC_strategy-hard_strength-0.45_gs-5.0_aug-000.png,0.9825806021690368
ISIC_0031270,VASC,6,hard,0.45,5.0,250,1,601679,experiments/260521-2002_res256_sd_lora_uncond_all_seed42/img2img_hard\hard\VASC\ISIC_0031270_label-VASC_strategy-hard_strength-0.45_gs-5.0_aug-001.png,0.9825806021690368
ISIC_0031270,VASC,6,hard,0.45,5.0,250,2,602679,experiments/260521-2002_res256_sd_lora_uncond_all_seed42/img2img_hard\hard\VASC\ISIC_0031270_label-VASC_strategy-hard_strength-0.45_gs-5.0_aug-002.png,0.9825806021690368
ISIC_0031270,VASC,6,hard,0.45,5.0,250,3,603679,experiments/260521-2002_res256_sd_lora_uncond_all_seed42/img2img_hard\hard\VASC\ISIC_0031270_label-VASC_strategy-hard_strength-0.45_gs-5.0_aug-003.png,0.9825806021690368
ISIC_0031270,VASC,6,hard,0.45,5.0,250,4,604679,experiments/260521-2002_res256_sd_lora_uncond_all_seed42/img2img_hard\hard\VASC\ISIC_0031270_label-VASC_strategy-hard_strength-0.45_gs-5.0_aug-004.png,0.9825806021690368
ISIC_0031093,VASC,6,hard,0.45,5.0,250,0,600183,experiments/260521-2002_res256_sd_lora_uncond_all_seed42/img2img_hard\hard\VASC\ISIC_0031093_label-VASC_strategy-hard_strength-0.45_gs-5.0_aug-000.png,0.9801294207572936
ISIC_0031093,VASC,6,hard,0.45,5.0,250,1,601183,experiments/260521-2002_res256_sd_lora_uncond_all_seed42/img2img_hard\hard\VASC\ISIC_0031093_label-VASC_strategy-hard_strength-0.45_gs-5.0_aug-001.png,0.9801294207572936
ISIC_0031093,VASC,6,hard,0.45,5.0,250,2,602183,experiments/260521-2002_res256_sd_lora_uncond_all_seed42/img2img_hard\hard\VASC\ISIC_0031093_label-VASC_strategy-hard_strength-0.45_gs-5.0_aug-002.png,0.9801294207572936
ISIC_0031093,VASC,6,hard,0.45,5.0,250,3,603183,experiments/260521-2002_res256_sd_lora_uncond_all_seed42/img2img_hard\hard\VASC\ISIC_0031093_label-VASC_strategy-hard_strength-0.45_gs-5.0_aug-003.png,0.9801294207572936
ISIC_0031093,VASC,6,hard,0.45,5.0,250,4,604183,experiments/260521-2002_res256_sd_lora_uncond_all_seed42/img2img_hard\hard\VASC\ISIC_0031093_label-VASC_strategy-hard_strength-0.45_gs-5.0_aug-004.png,0.9801294207572936
ISIC_0032545,VASC,6,hard,0.45,5.0,250,0,600267,experiments/260521-2002_res256_sd_lora_uncond_all_seed42/img2img_hard\hard\VASC\ISIC_0032545_label-VASC_strategy-hard_strength-0.45_gs-5.0_aug-000.png,0.9804940223693848
ISIC_0032545,VASC,6,hard,0.45,5.0,250,1,601267,experiments/260521-2002_res256_sd_lora_uncond_all_seed42/img2img_hard\hard\VASC\ISIC_0032545_label-VASC_strategy-hard_strength-0.45_gs-5.0_aug-001.png,0.9804940223693848
ISIC_0032545,VASC,6,hard,0.45,5.0,250,2,602267,experiments/260521-2002_res256_sd_lora_uncond_all_seed42/img2img_hard\hard\VASC\ISIC_0032545_label-VASC_strategy-hard_strength-0.45_gs-5.0_aug-002.png,0.9804940223693848
ISIC_0032545,VASC,6,hard,0.45,5.0,250,3,603267,experiments/260521-2002_res256_sd_lora_uncond_all_seed42/img2img_hard\hard\VASC\ISIC_0032545_label-VASC_strategy-hard_strength-0.45_gs-5.0_aug-003.png,0.9804940223693848
ISIC_0032545,VASC,6,hard,0.45,5.0,250,4,604267,experiments/260521-2002_res256_sd_lora_uncond_all_seed42/img2img_hard\hard\VASC\ISIC_0032545_label-VASC_strategy-hard_strength-0.45_gs-5.0_aug-004.png,0.9804940223693848
ISIC_0032932,VASC,6,hard,0.45,5.0,250,0,600212,experiments/260521-2002_res256_sd_lora_uncond_all_seed42/img2img_hard\hard\VASC\ISIC_0032932_label-VASC_strategy-hard_strength-0.45_gs-5.0_aug-000.png,0.9822002649307252
ISIC_0032932,VASC,6,hard,0.45,5.0,250,1,601212,experiments/260521-2002_res256_sd_lora_uncond_all_seed42/img2img_hard\hard\VASC\ISIC_0032932_label-VASC_strategy-hard_strength-0.45_gs-5.0_aug-001.png,0.9822002649307252
ISIC_0032932,VASC,6,hard,0.45,5.0,250,2,602212,experiments/260521-2002_res256_sd_lora_uncond_all_seed42/img2img_hard\hard\VASC\ISIC_0032932_label-VASC_strategy-hard_strength-0.45_gs-5.0_aug-002.png,0.9822002649307252
ISIC_0032932,VASC,6,hard,0.45,5.0,250,3,603212,experiments/260521-2002_res256_sd_lora_uncond_all_seed42/img2img_hard\hard\VASC\ISIC_0032932_label-VASC_strategy-hard_strength-0.45_gs-5.0_aug-003.png,0.9822002649307252
ISIC_0032932,VASC,6,hard,0.45,5.0,250,4,604212,experiments/260521-2002_res256_sd_lora_uncond_all_seed42/img2img_hard\hard\VASC\ISIC_0032932_label-VASC_strategy-hard_strength-0.45_gs-5.0_aug-004.png,0.9822002649307252
ISIC_0029514,VASC,6,hard,0.45,5.0,250,0,600955,experiments/260521-2002_res256_sd_lora_uncond_all_seed42/img2img_hard\hard\VASC\ISIC_0029514_label-VASC_strategy-hard_strength-0.45_gs-5.0_aug-000.png,0.983244240283966
ISIC_0029514,VASC,6,hard,0.45,5.0,250,1,601955,experiments/260521-2002_res256_sd_lora_uncond_all_seed42/img2img_hard\hard\VASC\ISIC_0029514_label-VASC_strategy-hard_strength-0.45_gs-5.0_aug-001.png,0.983244240283966
ISIC_0029514,VASC,6,hard,0.45,5.0,250,2,602955,experiments/260521-2002_res256_sd_lora_uncond_all_seed42/img2img_hard\hard\VASC\ISIC_0029514_label-VASC_strategy-hard_strength-0.45_gs-5.0_aug-002.png,0.983244240283966
ISIC_0029514,VASC,6,hard,0.45,5.0,250,3,603955,experiments/260521-2002_res256_sd_lora_uncond_all_seed42/img2img_hard\hard\VASC\ISIC_0029514_label-VASC_strategy-hard_strength-0.45_gs-5.0_aug-003.png,0.983244240283966
ISIC_0029514,VASC,6,hard,0.45,5.0,250,4,604955,experiments/260521-2002_res256_sd_lora_uncond_all_seed42/img2img_hard\hard\VASC\ISIC_0029514_label-VASC_strategy-hard_strength-0.45_gs-5.0_aug-004.png,0.983244240283966
ISIC_0025596,VASC,6,hard,0.45,5.0,250,0,600134,experiments/260521-2002_res256_sd_lora_uncond_all_seed42/img2img_hard\hard\VASC\ISIC_0025596_label-VASC_strategy-hard_strength-0.45_gs-5.0_aug-000.png,0.9786210060119628
ISIC_0025596,VASC,6,hard,0.45,5.0,250,1,601134,experiments/260521-2002_res256_sd_lora_uncond_all_seed42/img2img_hard\hard\VASC\ISIC_0025596_label-VASC_strategy-hard_strength-0.45_gs-5.0_aug-001.png,0.9786210060119628
ISIC_0025596,VASC,6,hard,0.45,5.0,250,2,602134,experiments/260521-2002_res256_sd_lora_uncond_all_seed42/img2img_hard\hard\VASC\ISIC_0025596_label-VASC_strategy-hard_strength-0.45_gs-5.0_aug-002.png,0.9786210060119628
ISIC_0025596,VASC,6,hard,0.45,5.0,250,3,603134,experiments/260521-2002_res256_sd_lora_uncond_all_seed42/img2img_hard\hard\VASC\ISIC_0025596_label-VASC_strategy-hard_strength-0.45_gs-5.0_aug-003.png,0.9786210060119628
ISIC_0025596,VASC,6,hard,0.45,5.0,250,4,604134,experiments/260521-2002_res256_sd_lora_uncond_all_seed42/img2img_hard\hard\VASC\ISIC_0025596_label-VASC_strategy-hard_strength-0.45_gs-5.0_aug-004.png,0.9786210060119628
ISIC_0024375,VASC,6,hard,0.45,5.0,250,0,600889,experiments/260521-2002_res256_sd_lora_uncond_all_seed42/img2img_hard\hard\VASC\ISIC_0024375_label-VASC_strategy-hard_strength-0.45_gs-5.0_aug-000.png,0.9804633259773254
ISIC_0024375,VASC,6,hard,0.45,5.0,250,1,601889,experiments/260521-2002_res256_sd_lora_uncond_all_seed42/img2img_hard\hard\VASC\ISIC_0024375_label-VASC_strategy-hard_strength-0.45_gs-5.0_aug-001.png,0.9804633259773254
ISIC_0024375,VASC,6,hard,0.45,5.0,250,2,602889,experiments/260521-2002_res256_sd_lora_uncond_all_seed42/img2img_hard\hard\VASC\ISIC_0024375_label-VASC_strategy-hard_strength-0.45_gs-5.0_aug-002.png,0.9804633259773254
ISIC_0024375,VASC,6,hard,0.45,5.0,250,3,603889,experiments/260521-2002_res256_sd_lora_uncond_all_seed42/img2img_hard\hard\VASC\ISIC_0024375_label-VASC_strategy-hard_strength-0.45_gs-5.0_aug-003.png,0.9804633259773254
ISIC_0024375,VASC,6,hard,0.45,5.0,250,4,604889,experiments/260521-2002_res256_sd_lora_uncond_all_seed42/img2img_hard\hard\VASC\ISIC_0024375_label-VASC_strategy-hard_strength-0.45_gs-5.0_aug-004.png,0.9804633259773254
ISIC_0026713,VASC,6,hard,0.45,5.0,250,0,600293,experiments/260521-2002_res256_sd_lora_uncond_all_seed42/img2img_hard\hard\VASC\ISIC_0026713_label-VASC_strategy-hard_strength-0.45_gs-5.0_aug-000.png,0.9831857681274414
ISIC_0026713,VASC,6,hard,0.45,5.0,250,1,601293,experiments/260521-2002_res256_sd_lora_uncond_all_seed42/img2img_hard\hard\VASC\ISIC_0026713_label-VASC_strategy-hard_strength-0.45_gs-5.0_aug-001.png,0.9831857681274414
ISIC_0026713,VASC,6,hard,0.45,5.0,250,2,602293,experiments/260521-2002_res256_sd_lora_uncond_all_seed42/img2img_hard\hard\VASC\ISIC_0026713_label-VASC_strategy-hard_strength-0.45_gs-5.0_aug-002.png,0.9831857681274414
ISIC_0026713,VASC,6,hard,0.45,5.0,250,3,603293,experiments/260521-2002_res256_sd_lora_uncond_all_seed42/img2img_hard\hard\VASC\ISIC_0026713_label-VASC_strategy-hard_strength-0.45_gs-5.0_aug-003.png,0.9831857681274414
ISIC_0026713,VASC,6,hard,0.45,5.0,250,4,604293,experiments/260521-2002_res256_sd_lora_uncond_all_seed42/img2img_hard\hard\VASC\ISIC_0026713_label-VASC_strategy-hard_strength-0.45_gs-5.0_aug-004.png,0.9831857681274414
ISIC_0025612,VASC,6,hard,0.45,5.0,250,0,601019,experiments/260521-2002_res256_sd_lora_uncond_all_seed42/img2img_hard\hard\VASC\ISIC_0025612_label-VASC_strategy-hard_strength-0.45_gs-5.0_aug-000.png,0.9818156361579896
ISIC_0025612,VASC,6,hard,0.45,5.0,250,1,602019,experiments/260521-2002_res256_sd_lora_uncond_all_seed42/img2img_hard\hard\VASC\ISIC_0025612_label-VASC_strategy-hard_strength-0.45_gs-5.0_aug-001.png,0.9818156361579896
ISIC_0025612,VASC,6,hard,0.45,5.0,250,2,603019,experiments/260521-2002_res256_sd_lora_uncond_all_seed42/img2img_hard\hard\VASC\ISIC_0025612_label-VASC_strategy-hard_strength-0.45_gs-5.0_aug-002.png,0.9818156361579896
ISIC_0025612,VASC,6,hard,0.45,5.0,250,3,604019,experiments/260521-2002_res256_sd_lora_uncond_all_seed42/img2img_hard\hard\VASC\ISIC_0025612_label-VASC_strategy-hard_strength-0.45_gs-5.0_aug-003.png,0.9818156361579896
ISIC_0025612,VASC,6,hard,0.45,5.0,250,4,605019,experiments/260521-2002_res256_sd_lora_uncond_all_seed42/img2img_hard\hard\VASC\ISIC_0025612_label-VASC_strategy-hard_strength-0.45_gs-5.0_aug-004.png,0.9818156361579896
ISIC_0032057,VASC,6,hard,0.45,5.0,250,0,600267,experiments/260521-2002_res256_sd_lora_uncond_all_seed42/img2img_hard\hard\VASC\ISIC_0032057_label-VASC_strategy-hard_strength-0.45_gs-5.0_aug-000.png,0.9811853766441344
ISIC_0032057,VASC,6,hard,0.45,5.0,250,1,601267,experiments/260521-2002_res256_sd_lora_uncond_all_seed42/img2img_hard\hard\VASC\ISIC_0032057_label-VASC_strategy-hard_strength-0.45_gs-5.0_aug-001.png,0.9811853766441344
ISIC_0032057,VASC,6,hard,0.45,5.0,250,2,602267,experiments/260521-2002_res256_sd_lora_uncond_all_seed42/img2img_hard\hard\VASC\ISIC_0032057_label-VASC_strategy-hard_strength-0.45_gs-5.0_aug-002.png,0.9811853766441344
ISIC_0032057,VASC,6,hard,0.45,5.0,250,3,603267,experiments/260521-2002_res256_sd_lora_uncond_all_seed42/img2img_hard\hard\VASC\ISIC_0032057_label-VASC_strategy-hard_strength-0.45_gs-5.0_aug-003.png,0.9811853766441344
ISIC_0032057,VASC,6,hard,0.45,5.0,250,4,604267,experiments/260521-2002_res256_sd_lora_uncond_all_seed42/img2img_hard\hard\VASC\ISIC_0032057_label-VASC_strategy-hard_strength-0.45_gs-5.0_aug-004.png,0.9811853766441344
ISIC_0029742,VASC,6,hard,0.45,5.0,250,0,600660,experiments/260521-2002_res256_sd_lora_uncond_all_seed42/img2img_hard\hard\VASC\ISIC_0029742_label-VASC_strategy-hard_strength-0.45_gs-5.0_aug-000.png,0.9788193106651306
ISIC_0029742,VASC,6,hard,0.45,5.0,250,1,601660,experiments/260521-2002_res256_sd_lora_uncond_all_seed42/img2img_hard\hard\VASC\ISIC_0029742_label-VASC_strategy-hard_strength-0.45_gs-5.0_aug-001.png,0.9788193106651306
ISIC_0029742,VASC,6,hard,0.45,5.0,250,2,602660,experiments/260521-2002_res256_sd_lora_uncond_all_seed42/img2img_hard\hard\VASC\ISIC_0029742_label-VASC_strategy-hard_strength-0.45_gs-5.0_aug-002.png,0.9788193106651306
ISIC_0029742,VASC,6,hard,0.45,5.0,250,3,603660,experiments/260521-2002_res256_sd_lora_uncond_all_seed42/img2img_hard\hard\VASC\ISIC_0029742_label-VASC_strategy-hard_strength-0.45_gs-5.0_aug-003.png,0.9788193106651306
ISIC_0029742,VASC,6,hard,0.45,5.0,250,4,604660,experiments/260521-2002_res256_sd_lora_uncond_all_seed42/img2img_hard\hard\VASC\ISIC_0029742_label-VASC_strategy-hard_strength-0.45_gs-5.0_aug-004.png,0.9788193106651306
ISIC_0027665,VASC,6,hard,0.45,5.0,250,0,600047,experiments/260521-2002_res256_sd_lora_uncond_all_seed42/img2img_hard\hard\VASC\ISIC_0027665_label-VASC_strategy-hard_strength-0.45_gs-5.0_aug-000.png,0.9837109446525574
ISIC_0027665,VASC,6,hard,0.45,5.0,250,1,601047,experiments/260521-2002_res256_sd_lora_uncond_all_seed42/img2img_hard\hard\VASC\ISIC_0027665_label-VASC_strategy-hard_strength-0.45_gs-5.0_aug-001.png,0.9837109446525574
ISIC_0027665,VASC,6,hard,0.45,5.0,250,2,602047,experiments/260521-2002_res256_sd_lora_uncond_all_seed42/img2img_hard\hard\VASC\ISIC_0027665_label-VASC_strategy-hard_strength-0.45_gs-5.0_aug-002.png,0.9837109446525574
ISIC_0027665,VASC,6,hard,0.45,5.0,250,3,603047,experiments/260521-2002_res256_sd_lora_uncond_all_seed42/img2img_hard\hard\VASC\ISIC_0027665_label-VASC_strategy-hard_strength-0.45_gs-5.0_aug-003.png,0.9837109446525574
ISIC_0027665,VASC,6,hard,0.45,5.0,250,4,604047,experiments/260521-2002_res256_sd_lora_uncond_all_seed42/img2img_hard\hard\VASC\ISIC_0027665_label-VASC_strategy-hard_strength-0.45_gs-5.0_aug-004.png,0.9837109446525574
ISIC_0025677,VASC,6,hard,0.45,5.0,250,0,600159,experiments/260521-2002_res256_sd_lora_uncond_all_seed42/img2img_hard\hard\VASC\ISIC_0025677_label-VASC_strategy-hard_strength-0.45_gs-5.0_aug-000.png,0.9820491671562196
ISIC_0025677,VASC,6,hard,0.45,5.0,250,1,601159,experiments/260521-2002_res256_sd_lora_uncond_all_seed42/img2img_hard\hard\VASC\ISIC_0025677_label-VASC_strategy-hard_strength-0.45_gs-5.0_aug-001.png,0.9820491671562196
ISIC_0025677,VASC,6,hard,0.45,5.0,250,2,602159,experiments/260521-2002_res256_sd_lora_uncond_all_seed42/img2img_hard\hard\VASC\ISIC_0025677_label-VASC_strategy-hard_strength-0.45_gs-5.0_aug-002.png,0.9820491671562196
ISIC_0025677,VASC,6,hard,0.45,5.0,250,3,603159,experiments/260521-2002_res256_sd_lora_uncond_all_seed42/img2img_hard\hard\VASC\ISIC_0025677_label-VASC_strategy-hard_strength-0.45_gs-5.0_aug-003.png,0.9820491671562196
ISIC_0025677,VASC,6,hard,0.45,5.0,250,4,604159,experiments/260521-2002_res256_sd_lora_uncond_all_seed42/img2img_hard\hard\VASC\ISIC_0025677_label-VASC_strategy-hard_strength-0.45_gs-5.0_aug-004.png,0.9820491671562196
ISIC_0030956,VASC,6,hard,0.45,5.0,250,0,600153,experiments/260521-2002_res256_sd_lora_uncond_all_seed42/img2img_hard\hard\VASC\ISIC_0030956_label-VASC_strategy-hard_strength-0.45_gs-5.0_aug-000.png,0.9818319082260132
ISIC_0030956,VASC,6,hard,0.45,5.0,250,1,601153,experiments/260521-2002_res256_sd_lora_uncond_all_seed42/img2img_hard\hard\VASC\ISIC_0030956_label-VASC_strategy-hard_strength-0.45_gs-5.0_aug-001.png,0.9818319082260132
ISIC_0030956,VASC,6,hard,0.45,5.0,250,2,602153,experiments/260521-2002_res256_sd_lora_uncond_all_seed42/img2img_hard\hard\VASC\ISIC_0030956_label-VASC_strategy-hard_strength-0.45_gs-5.0_aug-002.png,0.9818319082260132
ISIC_0030956,VASC,6,hard,0.45,5.0,250,3,603153,experiments/260521-2002_res256_sd_lora_uncond_all_seed42/img2img_hard\hard\VASC\ISIC_0030956_label-VASC_strategy-hard_strength-0.45_gs-5.0_aug-003.png,0.9818319082260132
ISIC_0030956,VASC,6,hard,0.45,5.0,250,4,604153,experiments/260521-2002_res256_sd_lora_uncond_all_seed42/img2img_hard\hard\VASC\ISIC_0030956_label-VASC_strategy-hard_strength-0.45_gs-5.0_aug-004.png,0.9818319082260132
ISIC_0026490,VASC,6,hard,0.45,5.0,250,0,600122,experiments/260521-2002_res256_sd_lora_uncond_all_seed42/img2img_hard\hard\VASC\ISIC_0026490_label-VASC_strategy-hard_strength-0.45_gs-5.0_aug-000.png,0.9800471663475036
ISIC_0026490,VASC,6,hard,0.45,5.0,250,1,601122,experiments/260521-2002_res256_sd_lora_uncond_all_seed42/img2img_hard\hard\VASC\ISIC_0026490_label-VASC_strategy-hard_strength-0.45_gs-5.0_aug-001.png,0.9800471663475036
ISIC_0026490,VASC,6,hard,0.45,5.0,250,2,602122,experiments/260521-2002_res256_sd_lora_uncond_all_seed42/img2img_hard\hard\VASC\ISIC_0026490_label-VASC_strategy-hard_strength-0.45_gs-5.0_aug-002.png,0.9800471663475036
ISIC_0026490,VASC,6,hard,0.45,5.0,250,3,603122,experiments/260521-2002_res256_sd_lora_uncond_all_seed42/img2img_hard\hard\VASC\ISIC_0026490_label-VASC_strategy-hard_strength-0.45_gs-5.0_aug-003.png,0.9800471663475036
ISIC_0026490,VASC,6,hard,0.45,5.0,250,4,604122,experiments/260521-2002_res256_sd_lora_uncond_all_seed42/img2img_hard\hard\VASC\ISIC_0026490_label-VASC_strategy-hard_strength-0.45_gs-5.0_aug-004.png,0.9800471663475036
ISIC_0033608,VASC,6,hard,0.45,5.0,250,0,600452,experiments/260521-2002_res256_sd_lora_uncond_all_seed42/img2img_hard\hard\VASC\ISIC_0033608_label-VASC_strategy-hard_strength-0.45_gs-5.0_aug-000.png,0.9835577011108398
ISIC_0033608,VASC,6,hard,0.45,5.0,250,1,601452,experiments/260521-2002_res256_sd_lora_uncond_all_seed42/img2img_hard\hard\VASC\ISIC_0033608_label-VASC_strategy-hard_strength-0.45_gs-5.0_aug-001.png,0.9835577011108398
ISIC_0033608,VASC,6,hard,0.45,5.0,250,2,602452,experiments/260521-2002_res256_sd_lora_uncond_all_seed42/img2img_hard\hard\VASC\ISIC_0033608_label-VASC_strategy-hard_strength-0.45_gs-5.0_aug-002.png,0.9835577011108398
ISIC_0033608,VASC,6,hard,0.45,5.0,250,3,603452,experiments/260521-2002_res256_sd_lora_uncond_all_seed42/img2img_hard\hard\VASC\ISIC_0033608_label-VASC_strategy-hard_strength-0.45_gs-5.0_aug-003.png,0.9835577011108398
ISIC_0033608,VASC,6,hard,0.45,5.0,250,4,604452,experiments/260521-2002_res256_sd_lora_uncond_all_seed42/img2img_hard\hard\VASC\ISIC_0033608_label-VASC_strategy-hard_strength-0.45_gs-5.0_aug-004.png,0.9835577011108398
ISIC_0026068,VASC,6,hard,0.45,5.0,250,0,600841,experiments/260521-2002_res256_sd_lora_uncond_all_seed42/img2img_hard\hard\VASC\ISIC_0026068_label-VASC_strategy-hard_strength-0.45_gs-5.0_aug-000.png,0.9823688864707948
ISIC_0026068,VASC,6,hard,0.45,5.0,250,1,601841,experiments/260521-2002_res256_sd_lora_uncond_all_seed42/img2img_hard\hard\VASC\ISIC_0026068_label-VASC_strategy-hard_strength-0.45_gs-5.0_aug-001.png,0.9823688864707948
ISIC_0026068,VASC,6,hard,0.45,5.0,250,2,602841,experiments/260521-2002_res256_sd_lora_uncond_all_seed42/img2img_hard\hard\VASC\ISIC_0026068_label-VASC_strategy-hard_strength-0.45_gs-5.0_aug-002.png,0.9823688864707948
ISIC_0026068,VASC,6,hard,0.45,5.0,250,3,603841,experiments/260521-2002_res256_sd_lora_uncond_all_seed42/img2img_hard\hard\VASC\ISIC_0026068_label-VASC_strategy-hard_strength-0.45_gs-5.0_aug-003.png,0.9823688864707948
ISIC_0026068,VASC,6,hard,0.45,5.0,250,4,604841,experiments/260521-2002_res256_sd_lora_uncond_all_seed42/img2img_hard\hard\VASC\ISIC_0026068_label-VASC_strategy-hard_strength-0.45_gs-5.0_aug-004.png,0.9823688864707948
