epoch,test_loss,test_acc,test_balanced_acc,test_macro_recall,test_macro_f1,test_macro_precision,test_mcc,test_cohen_kappa,test_mean_youden_index,test_auc_macro_ovr,test_mean_auc_all_diagnoses,test_mean_ap_all_diagnoses,test_mean_sensitivity,test_mean_specificity,test_mean_ppv,test_mean_npv,test_melanoma_auc80,test_malignant_vs_benign_auc,roc_curve_path,confusion_matrix_path,test_predictions_path,detailed_metrics_path
1,0.8332723574663596,83.0026455026455,0.7152454436457832,0.7152454436457832,0.7372390015191022,0.7673537682331989,0.7084952051171617,0.7067405656532725,0.6726108243423271,0.921949673045109,0.921949673045109,0.7622437794935392,0.7152454436457832,0.9573653806965438,0.7673537682331989,0.9639409452819316,0.786852789443158,0.9025044940327356,experiments\260504-2310_resnet50_test-only\roc_curves\epoch_001_roc.png,experiments\260504-2310_resnet50_test-only\confusion_matrices\epoch_001_confusion_matrix.png,experiments\260504-2310_resnet50_test-only\predictions\val_predictions_epoch_01.csv,experiments\260504-2310_resnet50_test-only\metrics\epoch_001_detailed_metrics.json
1,0.8321331676351961,82.53968253968253,0.6958670772296552,0.6958670772296552,0.7222623184192364,0.755155163837033,0.6995831814286746,0.6974732596307393,0.6518381380312087,0.9196431305961367,0.9196431305961367,0.7595238178055846,0.6958670772296552,0.9559710608015536,0.755155163837033,0.9633646871051502,0.7945672034922006,0.9018530282346899,experiments\260504-2310_resnet50_test-only\roc_curves\epoch_001_roc.png,experiments\260504-2310_resnet50_test-only\confusion_matrices\epoch_001_confusion_matrix.png,experiments\260504-2310_resnet50_test-only\predictions\val_predictions_epoch_01.csv,experiments\260504-2310_resnet50_test-only\metrics\epoch_001_detailed_metrics.json
