index,sample_id,image_path,true_label_idx,true_label_name,pred_label_idx,pred_label_name,is_correct,confidence,distance_to_true_center,nearest_wrong_class_idx,nearest_wrong_class_name,distance_to_nearest_wrong_center,distance_margin,distance_to_MEL,distance_to_NV,distance_to_BCC,distance_to_AKIEC,distance_to_BKL,distance_to_DF,distance_to_VASC,rank_global,rank_in_true_class
9882,ISIC_0034188,,0,MEL,6,VASC,False,0.5574190020561218,0.9499652981758118,6,VASC,0.7433319687843323,-0.2066333293914795,0.9499652981758118,0.9605923891067505,1.061265468597412,1.0444968938827515,1.0078129768371582,0.958197832107544,0.7433319687843323,11,1
6880,ISIC_0031186,,0,MEL,3,AKIEC,False,0.7048096060752869,0.8407028317451477,3,AKIEC,0.637293815612793,-0.20340901613235474,0.8407028317451477,1.0827908515930176,0.9839487075805664,0.637293815612793,0.7948520183563232,0.8682476282119751,1.1224256753921509,15,2
9118,ISIC_0033424,,0,MEL,3,AKIEC,False,0.571100115776062,0.81328284740448,3,AKIEC,0.6578150391578674,-0.15546780824661255,0.81328284740448,1.0236420631408691,0.7672153115272522,0.6578150391578674,0.7937876582145691,0.6933695077896118,1.0279115438461304,52,3
815,ISIC_0025121,,0,MEL,0,MEL,True,0.7749078869819641,1.0339131355285645,6,VASC,0.8804275393486023,-0.15348559617996216,1.0339131355285645,1.09157133102417,1.160386085510254,1.0966306924819946,1.0626477003097534,1.1192735433578491,0.8804275393486023,55,4
8966,ISIC_0033272,,0,MEL,3,AKIEC,False,0.47943314909935,0.953019917011261,3,AKIEC,0.8104153275489807,-0.14260458946228027,0.953019917011261,1.092976689338684,1.0984327793121338,0.8104153275489807,0.867816686630249,0.9325183033943176,1.1529057025909424,68,5
1218,ISIC_0025524,,0,MEL,0,MEL,True,0.7006546854972839,0.9682389497756958,6,VASC,0.8331519961357117,-0.13508695363998413,0.9682389497756958,1.0969645977020264,1.1185433864593506,1.0363346338272095,0.972471296787262,1.0224813222885132,0.8331519961357117,78,6
9446,ISIC_0033752,,0,MEL,3,AKIEC,False,0.6432982087135315,0.7718185186386108,3,AKIEC,0.6369410157203674,-0.1348775029182434,0.7718185186386108,0.9884509444236755,0.8414101600646973,0.6369410157203674,0.7441496253013611,0.7437440752983093,1.0351877212524414,80,7
5579,ISIC_0029885,,0,MEL,3,AKIEC,False,0.31275129318237305,0.9401267766952515,5,DF,0.8149006366729736,-0.12522614002227783,0.9401267766952515,1.0584421157836914,0.9900830388069153,0.872991144657135,0.9476368427276611,0.8149006366729736,1.1494741439819336,99,8
2517,ISIC_0026823,,0,MEL,3,AKIEC,False,0.6921359896659851,0.8805591464042664,3,AKIEC,0.759283721446991,-0.12127542495727539,0.8805591464042664,1.0108858346939087,1.059822678565979,0.759283721446991,0.8881199955940247,0.9617851376533508,1.1435874700546265,114,9
1657,ISIC_0025963,,0,MEL,0,MEL,True,0.6837591528892517,1.0547865629196167,6,VASC,0.9471060037612915,-0.1076805591583252,1.0547865629196167,1.0949344635009766,1.167924404144287,1.1204261779785156,1.06621253490448,1.1398388147354126,0.9471060037612915,172,10
3566,ISIC_0027872,,0,MEL,0,MEL,True,0.6029251217842102,0.8050238490104675,5,DF,0.6982395052909851,-0.10678434371948242,0.8050238490104675,0.9897092580795288,0.9256255030632019,0.9399493336677551,0.8542119264602661,0.6982395052909851,1.1339656114578247,175,11
3487,ISIC_0027793,,0,MEL,1,NV,False,0.8894261121749878,0.9703702926635742,1,NV,0.864697277545929,-0.10567301511764526,0.9703702926635742,0.864697277545929,1.0323781967163086,1.075116515159607,1.0846495628356934,1.0910747051239014,1.2012100219726562,183,12
6997,ISIC_0031303,,0,MEL,4,BKL,False,0.554901659488678,0.8441872596740723,4,BKL,0.7394368648529053,-0.10475039482116699,0.8441872596740723,1.063236951828003,1.0055835247039795,0.7881824374198914,0.7394368648529053,0.9277257919311523,1.1374837160110474,187,13
9362,ISIC_0033668,,0,MEL,3,AKIEC,False,0.4400571584701538,0.965162456035614,3,AKIEC,0.8613160848617554,-0.10384637117385864,0.965162456035614,1.1232893466949463,1.0946587324142456,0.8613160848617554,0.8695835471153259,1.0435274839401245,1.174871563911438,193,14
8718,ISIC_0033024,,0,MEL,0,MEL,True,0.5302774906158447,0.8238667845726013,2,BCC,0.7262097597122192,-0.09765702486038208,0.8238667845726013,1.012082576751709,0.7262097597122192,0.9023388028144836,0.8892256617546082,0.9638479948043823,1.0733811855316162,226,15
9402,ISIC_0033708,,0,MEL,0,MEL,True,0.8186984658241272,0.7308015823364258,3,AKIEC,0.6370438933372498,-0.09375768899917603,0.7308015823364258,0.9998255372047424,0.8759841918945312,0.6370438933372498,0.7554978132247925,0.844495952129364,1.0340701341629028,245,16
2898,ISIC_0027204,,0,MEL,0,MEL,True,0.4541182816028595,0.8973335027694702,4,BKL,0.8064978718757629,-0.09083563089370728,0.8973335027694702,1.1034493446350098,1.0966510772705078,0.8968230485916138,0.8064978718757629,0.9858490228652954,1.1728334426879883,261,17
1403,ISIC_0025709,,0,MEL,0,MEL,True,0.5476588010787964,0.8872742056846619,3,AKIEC,0.8009914755821228,-0.08628273010253906,0.8872742056846619,1.0436612367630005,1.0529197454452515,0.8009914755821228,0.8845590353012085,1.0175715684890747,1.1197364330291748,293,18
6453,ISIC_0030759,,0,MEL,0,MEL,True,0.4654087424278259,0.8548778295516968,4,BKL,0.7691185474395752,-0.08575928211212158,0.8548778295516968,1.0863908529281616,1.0150400400161743,0.8247615098953247,0.7691185474395752,0.9360494613647461,1.1644355058670044,300,19
4454,ISIC_0028760,,0,MEL,1,NV,False,0.7215021252632141,1.1038738489151,1,NV,1.0209567546844482,-0.08291709423065186,1.1038738489151,1.0209567546844482,1.284128189086914,1.2602697610855103,1.2313936948776245,1.2598270177841187,1.2121284008026123,317,20
4595,ISIC_0028901,,0,MEL,0,MEL,True,0.7942948341369629,0.8222776651382446,5,DF,0.7465915083885193,-0.07568615674972534,0.8222776651382446,0.9914847612380981,1.0841439962387085,0.9188731908798218,0.8638916015625,0.7465915083885193,1.0891382694244385,373,21
4936,ISIC_0029242,,0,MEL,0,MEL,True,0.45988577604293823,0.8709018230438232,3,AKIEC,0.7967864871025085,-0.0741153359413147,0.8709018230438232,1.111436128616333,0.9335678219795227,0.7967864871025085,0.9339476227760315,0.8988097310066223,0.9169980883598328,381,22
6258,ISIC_0030564,,0,MEL,0,MEL,True,0.45474177598953247,0.836311399936676,3,AKIEC,0.7628750801086426,-0.07343631982803345,0.836311399936676,1.0404540300369263,1.0291142463684082,0.7628750801086426,0.8013398051261902,0.9516823887825012,1.1812788248062134,387,23
1237,ISIC_0025543,,0,MEL,0,MEL,True,0.4901537001132965,0.8917946815490723,3,AKIEC,0.818486213684082,-0.07330846786499023,0.8917946815490723,1.0915898084640503,1.088102102279663,0.818486213684082,0.8360640406608582,0.9836599826812744,1.161151647567749,388,24
1194,ISIC_0025500,,0,MEL,0,MEL,True,0.7649637460708618,0.8509780168533325,4,BKL,0.7787315249443054,-0.0722464919090271,0.8509780168533325,1.0652098655700684,1.0637232065200806,0.8904855251312256,0.7787315249443054,0.9622254967689514,1.2023851871490479,398,25
4572,ISIC_0028878,,0,MEL,4,BKL,False,0.44519004225730896,0.851158857345581,4,BKL,0.7815109491348267,-0.0696479082107544,0.851158857345581,1.0193496942520142,1.034544825553894,0.9251276850700378,0.7815109491348267,1.011725902557373,1.1838306188583374,416,26
8127,ISIC_0032433,,0,MEL,0,MEL,True,0.555228590965271,0.9732978940010071,4,BKL,0.9061828851699829,-0.06711500883102417,0.9732978940010071,1.1109833717346191,1.1660884618759155,1.0147655010223389,0.9061828851699829,1.065298080444336,1.2240686416625977,435,27
6478,ISIC_0030784,,0,MEL,0,MEL,True,0.5253348350524902,0.7583116888999939,4,BKL,0.6921311616897583,-0.0661805272102356,0.7583116888999939,0.9725042581558228,1.0511008501052856,0.835699200630188,0.6921311616897583,0.8725308179855347,1.1276246309280396,442,28
9641,ISIC_0033947,,0,MEL,0,MEL,True,0.5422175526618958,0.8105047941207886,4,BKL,0.7470530867576599,-0.06345170736312866,0.8105047941207886,1.0576634407043457,1.0824869871139526,0.9033508896827698,0.7470530867576599,0.9873771667480469,1.1616160869598389,465,29
175,ISIC_0024481,,0,MEL,1,NV,False,0.5307695865631104,0.9917708039283752,4,BKL,0.931582510471344,-0.06018829345703125,0.9917708039283752,1.0475082397460938,1.1116321086883545,1.0345637798309326,0.931582510471344,0.9774473905563354,1.1702418327331543,491,30
5971,ISIC_0030277,,0,MEL,0,MEL,True,0.8003206253051758,0.9637531042098999,4,BKL,0.9043353199958801,-0.059417784214019775,0.9637531042098999,1.1078029870986938,1.1644628047943115,1.0516563653945923,0.9043353199958801,1.0930322408676147,1.2506787776947021,498,31
248,ISIC_0024554,,0,MEL,0,MEL,True,0.7236868143081665,0.8956934809684753,4,BKL,0.837114155292511,-0.058579325675964355,0.8956934809684753,1.1221868991851807,1.1144365072250366,0.8831419944763184,0.837114155292511,0.9923493266105652,1.1950275897979736,508,32
7223,ISIC_0031529,,0,MEL,1,NV,False,0.8201808333396912,0.9967923164367676,1,NV,0.93829745054245,-0.05849486589431763,0.9967923164367676,0.93829745054245,1.2468491792678833,1.230837345123291,1.1487090587615967,1.17633855342865,1.1977479457855225,509,33
4707,ISIC_0029013,,0,MEL,1,NV,False,0.7116979956626892,1.1131185293197632,1,NV,1.054999589920044,-0.05811893939971924,1.1131185293197632,1.054999589920044,1.2808912992477417,1.2643744945526123,1.2215049266815186,1.2620928287506104,1.24539315700531,513,34
5553,ISIC_0029859,,0,MEL,1,NV,False,0.7465438842773438,0.9203286170959473,1,NV,0.8635502457618713,-0.05677837133407593,0.9203286170959473,0.8635502457618713,1.1015011072158813,1.0659654140472412,1.0730804204940796,1.0546281337738037,1.167961835861206,532,35
4663,ISIC_0028969,,0,MEL,4,BKL,False,0.5046409368515015,0.8975648880004883,4,BKL,0.8417102098464966,-0.0558546781539917,0.8975648880004883,1.0531960725784302,1.0705229043960571,0.9187069535255432,0.8417102098464966,0.9209068417549133,1.1808834075927734,540,36
8286,ISIC_0032592,,0,MEL,0,MEL,True,0.6735677719116211,0.9341580867767334,6,VASC,0.8788344264030457,-0.055323660373687744,0.9341580867767334,1.0550841093063354,1.0620235204696655,0.9753915071487427,0.9367840886116028,0.9421031475067139,0.8788344264030457,543,37
265,ISIC_0024571,,0,MEL,0,MEL,True,0.8929688334465027,0.7213171720504761,3,AKIEC,0.6668910384178162,-0.05442613363265991,0.7213171720504761,1.041206955909729,0.9560989737510681,0.6668910384178162,0.7849186658859253,0.9053600430488586,1.0908730030059814,556,38
2715,ISIC_0027021,,0,MEL,3,AKIEC,False,0.6476268172264099,0.7971070408821106,3,AKIEC,0.7436453104019165,-0.05346173048019409,0.7971070408821106,0.9790546298027039,0.8785979747772217,0.7436453104019165,0.9219866394996643,0.8646804690361023,1.1274516582489014,565,39
8736,ISIC_0033042,,0,MEL,0,MEL,True,0.6979464292526245,0.8318942189216614,4,BKL,0.7814306616783142,-0.05046355724334717,0.8318942189216614,1.03104829788208,1.022727370262146,0.8442198634147644,0.7814306616783142,0.9335718154907227,1.1024260520935059,596,40
3769,ISIC_0028075,,0,MEL,0,MEL,True,0.8842268586158752,0.8297941088676453,3,AKIEC,0.7820120453834534,-0.047782063484191895,0.8297941088676453,0.9817895293235779,1.0582265853881836,0.7820120453834534,0.8471083045005798,0.9005404710769653,1.122778058052063,624,41
6180,ISIC_0030486,,0,MEL,0,MEL,True,0.6450486183166504,0.7819104790687561,3,AKIEC,0.7350296378135681,-0.04688084125518799,0.7819104790687561,0.9694634675979614,1.0113904476165771,0.7350296378135681,0.7424291968345642,0.8113613724708557,1.0956709384918213,630,42
9902,ISIC_0034208,,0,MEL,0,MEL,True,0.6297609806060791,0.792365550994873,5,DF,0.745787501335144,-0.046578049659729004,0.792365550994873,1.0438883304595947,0.9121396541595459,0.7574892044067383,0.7757563591003418,0.745787501335144,1.126981258392334,635,43
2562,ISIC_0026868,,0,MEL,0,MEL,True,0.5422229170799255,0.8049271702766418,3,AKIEC,0.7588765621185303,-0.04605060815811157,0.8049271702766418,0.9957175850868225,0.8799009919166565,0.7588765621185303,0.8206645846366882,0.7729603052139282,1.090141773223877,638,44
5167,ISIC_0029473,,0,MEL,0,MEL,True,0.8543465733528137,0.8918310403823853,5,DF,0.8464945554733276,-0.04533648490905762,0.8918310403823853,1.0116281509399414,1.0788929462432861,1.0184599161148071,0.9715239405632019,0.8464945554733276,1.1491785049438477,645,45
5652,ISIC_0029958,,0,MEL,0,MEL,True,0.946445107460022,0.7917903065681458,4,BKL,0.7468884587287903,-0.04490184783935547,0.7917903065681458,0.9919533133506775,1.0644781589508057,0.8111332058906555,0.7468884587287903,0.8790283203125,1.1196562051773071,654,46
5728,ISIC_0030034,,0,MEL,1,NV,False,0.5174733996391296,0.9439408779144287,5,DF,0.8997818231582642,-0.04415905475616455,0.9439408779144287,0.9498816728591919,1.0805037021636963,1.0794332027435303,1.0090969800949097,0.8997818231582642,1.1043381690979004,663,47
9828,ISIC_0034134,,0,MEL,0,MEL,True,0.5837380886077881,0.8590437769889832,2,BCC,0.8154942393302917,-0.043549537658691406,0.8590437769889832,1.0730637311935425,0.8154942393302917,0.9372848868370056,0.9075396060943604,0.9960565567016602,1.1032884120941162,671,48
4783,ISIC_0029089,,0,MEL,0,MEL,True,0.4528472125530243,0.7462107539176941,3,AKIEC,0.7033217549324036,-0.04288899898529053,0.7462107539176941,0.989335834980011,0.9229769110679626,0.7033217549324036,0.7751597762107849,0.8008471727371216,1.1059033870697021,678,49
5800,ISIC_0030106,,0,MEL,0,MEL,True,0.788322389125824,0.7342553734779358,5,DF,0.6914791464805603,-0.04277622699737549,0.7342553734779358,0.9236646294593811,1.0133183002471924,0.8573152422904968,0.8192144632339478,0.6914791464805603,1.12502920627594,682,50
3797,ISIC_0028103,,0,MEL,0,MEL,True,0.3572746217250824,0.9219282269477844,4,BKL,0.8793929815292358,-0.042535245418548584,0.9219282269477844,1.0724787712097168,1.001482367515564,0.9034413695335388,0.8793929815292358,0.931724488735199,1.187472939491272,686,51
7063,ISIC_0031369,,0,MEL,0,MEL,True,0.6521784067153931,0.7883459329605103,4,BKL,0.7466051578521729,-0.0417407751083374,0.7883459329605103,1.0552996397018433,0.9197909235954285,0.7714266180992126,0.7466051578521729,0.8429103493690491,1.1470822095870972,693,52
7939,ISIC_0032245,,0,MEL,1,NV,False,0.9123812317848206,0.8476173281669617,1,NV,0.8064274787902832,-0.04118984937667847,0.8476173281669617,0.8064274787902832,0.9864854216575623,1.007628321647644,0.9696626663208008,0.9567371606826782,1.112350344657898,702,53
219,ISIC_0024525,,0,MEL,0,MEL,True,0.6324933767318726,0.8427689671516418,3,AKIEC,0.8025076985359192,-0.040261268615722656,0.8427689671516418,1.081500768661499,1.0086301565170288,0.8025076985359192,0.8378073573112488,1.0062118768692017,1.1966214179992676,711,54
5587,ISIC_0029893,,0,MEL,0,MEL,True,0.847076952457428,0.8467823266983032,3,AKIEC,0.8065614700317383,-0.04022085666656494,0.8467823266983032,1.0728719234466553,1.0213786363601685,0.8065614700317383,0.8425819873809814,0.9956236481666565,1.0852818489074707,714,55
6111,ISIC_0030417,,0,MEL,0,MEL,True,0.699874997138977,0.6995260119438171,3,AKIEC,0.6593729853630066,-0.04015302658081055,0.6995260119438171,0.9522665143013,0.9805558323860168,0.6593729853630066,0.7134231925010681,0.8713486790657043,1.0575064420700073,717,56
2432,ISIC_0026738,,0,MEL,0,MEL,True,0.7594982385635376,0.8242708444595337,4,BKL,0.7867541313171387,-0.03751671314239502,0.8242708444595337,1.030315637588501,1.0554040670394897,0.9039509892463684,0.7867541313171387,0.9554686546325684,1.202186942100525,748,57
427,ISIC_0024733,,0,MEL,0,MEL,True,0.8119140863418579,0.8241795301437378,2,BCC,0.7869834303855896,-0.03719609975814819,0.8241795301437378,1.0311311483383179,0.7869834303855896,0.815856397151947,0.8781524300575256,0.9254136085510254,1.1364487409591675,753,58
6201,ISIC_0030507,,0,MEL,3,AKIEC,False,0.3781077563762665,0.7584931254386902,3,AKIEC,0.7213879227638245,-0.03710520267486572,0.7584931254386902,1.0099457502365112,0.8043161034584045,0.7213879227638245,0.7905752658843994,0.8853865265846252,1.169440507888794,756,59
9699,ISIC_0034005,,0,MEL,1,NV,False,0.32635876536369324,0.8940916657447815,4,BKL,0.8578863143920898,-0.03620535135269165,0.8940916657447815,0.9979223012924194,0.9942405223846436,0.9074305295944214,0.8578863143920898,0.8809798359870911,1.1207295656204224,767,60
7764,ISIC_0032070,,0,MEL,0,MEL,True,0.6784871816635132,0.7472448945045471,3,AKIEC,0.7120134234428406,-0.03523147106170654,0.7472448945045471,0.9798985719680786,0.8266987800598145,0.7120134234428406,0.7741866111755371,0.8413938283920288,1.067275047302246,779,61
7651,ISIC_0031957,,0,MEL,1,NV,False,0.6725670695304871,0.965484619140625,1,NV,0.9305599331855774,-0.03492468595504761,0.965484619140625,0.9305599331855774,1.0753390789031982,1.0493751764297485,1.0453616380691528,1.0481901168823242,1.1956816911697388,783,62
3174,ISIC_0027480,,0,MEL,0,MEL,True,0.3726399838924408,0.9935638904571533,4,BKL,0.9588683247566223,-0.034695565700531006,0.9935638904571533,1.064316987991333,1.1719547510147095,1.0512081384658813,0.9588683247566223,1.085085391998291,1.213289499282837,788,63
1310,ISIC_0025616,,0,MEL,0,MEL,True,0.6268157958984375,0.7865822315216064,4,BKL,0.7522308230400085,-0.0343514084815979,0.7865822315216064,0.9361140727996826,1.0786751508712769,0.948510468006134,0.7522308230400085,0.9777351021766663,1.1539357900619507,791,64
8114,ISIC_0032420,,0,MEL,0,MEL,True,0.9561348557472229,0.8233851194381714,4,BKL,0.7891849875450134,-0.03420013189315796,0.8233851194381714,1.1128226518630981,1.0574227571487427,0.8654081225395203,0.7891849875450134,0.9993839263916016,1.1976091861724854,794,65
1010,ISIC_0025316,,0,MEL,1,NV,False,0.49764519929885864,0.9828841090202332,1,NV,0.9503782987594604,-0.032505810260772705,0.9828841090202332,0.9503782987594604,1.2356197834014893,1.1990352869033813,1.190932035446167,1.220271110534668,1.2254844903945923,818,66
652,ISIC_0024958,,0,MEL,1,NV,False,0.5684509873390198,0.8279744982719421,4,BKL,0.7960282564163208,-0.03194624185562134,0.8279744982719421,0.9345056414604187,1.07700514793396,0.9467659592628479,0.7960282564163208,0.9645563364028931,1.1765294075012207,824,67
4349,ISIC_0028655,,0,MEL,0,MEL,True,0.5459138751029968,0.7066353559494019,3,AKIEC,0.6753650307655334,-0.03127032518386841,0.7066353559494019,1.0040286779403687,0.9329910278320312,0.6753650307655334,0.8157345652580261,0.8668502569198608,1.1267321109771729,837,68
4554,ISIC_0028860,,0,MEL,0,MEL,True,0.4454064965248108,0.8367804288864136,3,AKIEC,0.8064265847206116,-0.030353844165802002,0.8367804288864136,1.077298641204834,1.034533143043518,0.8064265847206116,0.8595913648605347,0.9283554553985596,1.166926622390747,852,69
6689,ISIC_0030995,,0,MEL,0,MEL,True,0.8318927884101868,0.7723909020423889,4,BKL,0.7427951097488403,-0.029595792293548584,0.7723909020423889,0.9797876477241516,1.0375802516937256,0.9555584192276001,0.7427951097488403,0.9533206820487976,1.176343321800232,867,70
7062,ISIC_0031368,,0,MEL,0,MEL,True,0.7917002439498901,0.8013917207717896,4,BKL,0.7720027565956116,-0.02938896417617798,0.8013917207717896,1.048052191734314,1.045830488204956,0.8820830583572388,0.7720027565956116,0.9902487397193909,1.1779743432998657,871,71
3979,ISIC_0028285,,0,MEL,0,MEL,True,0.6905642151832581,0.7729972004890442,4,BKL,0.7443821430206299,-0.028615057468414307,0.7729972004890442,0.9506964087486267,0.9771094918251038,0.7531106472015381,0.7443821430206299,0.7973141074180603,1.0736300945281982,891,72
882,ISIC_0025188,,0,MEL,1,NV,False,0.47927162051200867,0.8887096643447876,4,BKL,0.8609218597412109,-0.02778780460357666,0.8887096643447876,1.000408411026001,1.030532717704773,0.8818871378898621,0.8609218597412109,0.9405756592750549,1.180237054824829,902,73
8563,ISIC_0032869,,0,MEL,0,MEL,True,0.7343229651451111,0.7023831009864807,3,AKIEC,0.6759607195854187,-0.02642238140106201,0.7023831009864807,0.9692748785018921,0.8535457253456116,0.6759607195854187,0.8432088494300842,0.7546519637107849,1.0947461128234863,920,74
4840,ISIC_0029146,,0,MEL,0,MEL,True,0.7773930430412292,0.8160523772239685,3,AKIEC,0.7899030447006226,-0.026149332523345947,0.8160523772239685,1.020410418510437,1.0382875204086304,0.7899030447006226,0.9061428308486938,0.9436085820198059,1.151758074760437,925,75
5012,ISIC_0029318,,0,MEL,0,MEL,True,0.7105011940002441,0.7449387907981873,3,AKIEC,0.7218928337097168,-0.02304595708847046,0.7449387907981873,0.9809905886650085,0.8211483359336853,0.7218928337097168,0.8301023244857788,0.8710430264472961,1.119705319404602,981,76
5783,ISIC_0030089,,0,MEL,5,DF,False,0.27312779426574707,0.8673007488250732,5,DF,0.8447035551071167,-0.022597193717956543,0.8673007488250732,0.9803892374038696,0.9056366682052612,0.9817625284194946,0.945416271686554,0.8447035551071167,1.0946040153503418,989,77
1145,ISIC_0025451,,0,MEL,1,NV,False,0.713435173034668,0.9271487593650818,1,NV,0.9056079387664795,-0.021540820598602295,0.9271487593650818,0.9056079387664795,1.1967709064483643,1.1488659381866455,1.093964695930481,1.1443839073181152,1.1387717723846436,1003,78
6707,ISIC_0031013,,0,MEL,0,MEL,True,0.8340678215026855,0.7995069622993469,4,BKL,0.7780704498291016,-0.02143651247024536,0.7995069622993469,1.065491795539856,1.0458487272262573,0.8635571002960205,0.7780704498291016,0.9924509525299072,1.2048267126083374,1004,79
2657,ISIC_0026963,,0,MEL,0,MEL,True,0.6595762968063354,0.7441790103912354,4,BKL,0.7233222723007202,-0.020856738090515137,0.7441790103912354,1.0165414810180664,0.983863890171051,0.8173882961273193,0.7233222723007202,0.9353581666946411,1.114370584487915,1012,80
9758,ISIC_0034064,,0,MEL,0,MEL,True,0.7230543494224548,0.8136106133460999,2,BCC,0.7930241227149963,-0.020586490631103516,0.8136106133460999,0.9879983067512512,0.7930241227149963,0.9588316679000854,0.9298352003097534,0.9952359795570374,1.106338381767273,1015,81
4109,ISIC_0028415,,0,MEL,0,MEL,True,0.5395634770393372,0.8899626135826111,5,DF,0.8695317506790161,-0.02043086290359497,0.8899626135826111,1.0107581615447998,1.1408337354660034,1.033271074295044,0.985298752784729,0.8695317506790161,1.1793307065963745,1019,82
9109,ISIC_0033415,,0,MEL,0,MEL,True,0.5416072010993958,0.7980328798294067,3,AKIEC,0.7777109742164612,-0.020321905612945557,0.7980328798294067,1.036275863647461,0.897000253200531,0.7777109742164612,0.9461701512336731,0.8712034225463867,1.1613138914108276,1021,83
7602,ISIC_0031908,,0,MEL,1,NV,False,0.9091206192970276,0.8285133838653564,1,NV,0.808323323726654,-0.020190060138702393,0.8285133838653564,0.808323323726654,1.140057921409607,1.112359642982483,1.0579532384872437,1.0648881196975708,1.1845784187316895,1023,84
1508,ISIC_0025814,,0,MEL,0,MEL,True,0.7096264958381653,0.7383338212966919,5,DF,0.71867436170578,-0.019659459590911865,0.7383338212966919,0.9391806721687317,0.9816664457321167,0.8281841278076172,0.7792386412620544,0.71867436170578,1.1018598079681396,1030,85
8609,ISIC_0032915,,0,MEL,0,MEL,True,0.9078346490859985,0.7559763193130493,5,DF,0.7384092211723328,-0.017567098140716553,0.7559763193130493,1.0406975746154785,0.8295575380325317,0.7722846269607544,0.8513015508651733,0.7384092211723328,1.146309733390808,1067,86
8654,ISIC_0032960,,0,MEL,0,MEL,True,0.7665508985519409,0.7550246715545654,3,AKIEC,0.7386341094970703,-0.016390562057495117,0.7550246715545654,0.9473677277565002,0.9275720119476318,0.7386341094970703,0.795101523399353,0.8672332167625427,1.0450928211212158,1085,87
8612,ISIC_0032918,,0,MEL,0,MEL,True,0.857839822769165,0.7489309906959534,4,BKL,0.7337978482246399,-0.015133142471313477,0.7489309906959534,0.9362385869026184,0.9396334290504456,0.761005699634552,0.7337978482246399,0.8679830431938171,1.0506672859191895,1104,88
94,ISIC_0024400,,0,MEL,0,MEL,True,0.9213765263557434,0.7294473052024841,4,BKL,0.7146115899085999,-0.014835715293884277,0.7294473052024841,0.9944459795951843,0.9823183417320251,0.8344115018844604,0.7146115899085999,0.8106390833854675,1.0978665351867676,1109,89
5091,ISIC_0029397,,0,MEL,1,NV,False,0.8093038201332092,0.9005242586135864,1,NV,0.8862050175666809,-0.014319241046905518,0.9005242586135864,0.8862050175666809,1.1628897190093994,1.1410187482833862,1.0588902235031128,1.11191725730896,1.1927545070648193,1116,90
7775,ISIC_0032081,,0,MEL,0,MEL,True,0.698645830154419,0.7433406710624695,3,AKIEC,0.72922283411026,-0.014117836952209473,0.7433406710624695,1.0009609460830688,0.9663683772087097,0.72922283411026,0.7863414287567139,0.8115931749343872,1.1439402103424072,1120,91
4903,ISIC_0029209,,0,MEL,1,NV,False,0.6737828850746155,0.9073556661605835,4,BKL,0.8939298391342163,-0.013425827026367188,0.9073556661605835,0.9328207969665527,1.0707058906555176,1.0311063528060913,0.8939298391342163,1.0469592809677124,1.1812983751296997,1131,92
2200,ISIC_0026506,,0,MEL,0,MEL,True,0.9115206599235535,0.9869205355644226,6,VASC,0.9735234379768372,-0.01339709758758545,0.9869205355644226,1.072934627532959,1.1644985675811768,1.1620126962661743,1.1313122510910034,1.1888320446014404,0.9735234379768372,1132,93
2505,ISIC_0026811,,0,MEL,0,MEL,True,0.4340820014476776,0.7685405611991882,4,BKL,0.7557094097137451,-0.012831151485443115,0.7685405611991882,0.9122439622879028,0.9579395055770874,0.8004411458969116,0.7557094097137451,0.8312651515007019,1.1239545345306396,1142,94
9272,ISIC_0033578,,0,MEL,0,MEL,True,0.9266684651374817,0.727505087852478,4,BKL,0.7152401804924011,-0.012264907360076904,0.727505087852478,0.981548011302948,1.020667314529419,0.8414150476455688,0.7152401804924011,0.9493725895881653,1.1393046379089355,1152,95
4187,ISIC_0028493,,0,MEL,0,MEL,True,0.6796157956123352,0.769868016242981,4,BKL,0.7581127882003784,-0.011755228042602539,0.769868016242981,0.9653717279434204,0.9395215511322021,0.819349467754364,0.7581127882003784,0.7920643091201782,1.1109483242034912,1160,96
9575,ISIC_0033881,,0,MEL,0,MEL,True,0.4632193148136139,0.8502187132835388,4,BKL,0.8387276530265808,-0.011491060256958008,0.8502187132835388,1.0246362686157227,1.0684396028518677,0.9349067211151123,0.8387276530265808,0.9373196363449097,1.1428903341293335,1168,97
8420,ISIC_0032726,,0,MEL,0,MEL,True,0.879295289516449,0.8292567729949951,3,AKIEC,0.820214569568634,-0.009042203426361084,0.8292567729949951,1.040827989578247,1.0477246046066284,0.820214569568634,0.8207282423973083,0.8525881171226501,1.096070408821106,1207,98
9373,ISIC_0033679,,0,MEL,0,MEL,True,0.9198773503303528,0.767382025718689,5,DF,0.7585815787315369,-0.0088004469871521,0.767382025718689,1.0703808069229126,0.9771842956542969,0.819502592086792,0.852693498134613,0.7585815787315369,1.1374565362930298,1212,99
9218,ISIC_0033524,,0,MEL,0,MEL,True,0.6898481845855713,0.7427823543548584,3,AKIEC,0.7340959906578064,-0.008686363697052002,0.7427823543548584,0.9862839579582214,0.902165949344635,0.7340959906578064,0.8758055567741394,0.8078641891479492,1.126593828201294,1215,100
2263,ISIC_0026569,,1,NV,2,BCC,False,0.6955660581588745,1.0570884943008423,2,BCC,0.7547165751457214,-0.30237191915512085,1.0460236072540283,1.0570884943008423,0.7547165751457214,1.0061182975769043,1.0527606010437012,1.052013635635376,1.1882133483886719,1,1
9784,ISIC_0034090,,1,NV,2,BCC,False,0.6009289622306824,0.9690808057785034,2,BCC,0.6724951863288879,-0.2965856194496155,0.886672854423523,0.9690808057785034,0.6724951863288879,0.9701447486877441,0.976924479007721,0.9161650538444519,1.082771897315979,2,2
7168,ISIC_0031474,,1,NV,1,NV,True,0.7134835720062256,0.9465738534927368,5,DF,0.6811422109603882,-0.26543164253234863,0.8559404611587524,0.9465738534927368,1.0189753770828247,0.9239509105682373,0.862487256526947,0.6811422109603882,1.1207690238952637,3,3
5099,ISIC_0029405,,1,NV,1,NV,True,0.5179762244224548,0.8940737247467041,5,DF,0.6510115265846252,-0.24306219816207886,0.7992891073226929,0.8940737247467041,0.8669356107711792,0.8633396029472351,0.8784608244895935,0.6510115265846252,0.847506046295166,4,4
2098,ISIC_0026404,,1,NV,1,NV,True,0.2912927269935608,1.0159231424331665,4,BKL,0.7900433540344238,-0.22587978839874268,0.916474461555481,1.0159231424331665,0.9096693992614746,0.8614034056663513,0.7900433540344238,0.9098535776138306,1.1384629011154175,7,5
4192,ISIC_0028498,,1,NV,0,MEL,False,0.45845210552215576,0.8707576394081116,0,MEL,0.6571845412254333,-0.21357309818267822,0.6571845412254333,0.8707576394081116,0.9066104292869568,0.8347873091697693,0.7818294763565063,0.8644115924835205,1.1053667068481445,10,6
5845,ISIC_0030151,,1,NV,4,BKL,False,0.427645742893219,1.084550142288208,4,BKL,0.878498911857605,-0.20605123043060303,1.0297060012817383,1.084550142288208,1.1167466640472412,1.0510534048080444,0.878498911857605,1.0282467603683472,1.2365906238555908,12,7
9766,ISIC_0034072,,1,NV,1,NV,True,0.6178779602050781,1.0493757724761963,2,BCC,0.8446441888809204,-0.20473158359527588,1.0441151857376099,1.0493757724761963,0.8446441888809204,0.9771258234977722,0.9824771881103516,0.9823004007339478,1.1441177129745483,13,8
2108,ISIC_0026414,,1,NV,0,MEL,False,0.6996851563453674,0.8638393878936768,0,MEL,0.6596189737319946,-0.20422041416168213,0.6596189737319946,0.8638393878936768,1.0193736553192139,0.9124624729156494,0.88420569896698,0.9682793617248535,1.1613140106201172,14,9
7053,ISIC_0031359,,1,NV,1,NV,True,0.7937604188919067,0.9544799327850342,5,DF,0.7572996616363525,-0.19718027114868164,0.8773008584976196,0.9544799327850342,0.9058102965354919,0.9833786487579346,0.8781885504722595,0.7572996616363525,1.0794392824172974,17,10
2123,ISIC_0026429,,1,NV,2,BCC,False,0.47525715827941895,0.9510325193405151,2,BCC,0.7635238170623779,-0.1875087022781372,0.9154719710350037,0.9510325193405151,0.7635238170623779,0.9843276143074036,0.9611575603485107,0.9077740907669067,1.0808433294296265,20,11
7288,ISIC_0031594,,1,NV,4,BKL,False,0.31149405241012573,1.0474061965942383,2,BCC,0.8636910915374756,-0.1837151050567627,0.9915763139724731,1.0474061965942383,0.8636910915374756,0.8773916363716125,0.8882279992103577,0.9371402859687805,1.108638048171997,21,12
3825,ISIC_0028131,,1,NV,0,MEL,False,0.40124017000198364,0.9092725515365601,0,MEL,0.7269033789634705,-0.1823691725730896,0.7269033789634705,0.9092725515365601,0.9304412007331848,0.9480677247047424,0.802537202835083,0.9337596893310547,1.1082626581192017,23,13
4094,ISIC_0028400,,1,NV,1,NV,True,0.47055456042289734,0.9285210967063904,5,DF,0.7467310428619385,-0.1817900538444519,0.8747991323471069,0.9285210967063904,0.9038059115409851,0.8794299364089966,0.8144344091415405,0.7467310428619385,1.0274007320404053,24,14
4004,ISIC_0028310,,1,NV,1,NV,True,0.5448262095451355,0.9261878132820129,2,BCC,0.7457149624824524,-0.18047285079956055,0.933666467666626,0.9261878132820129,0.7457149624824524,0.944195032119751,0.9648697972297668,0.915256679058075,1.0686792135238647,26,15
4567,ISIC_0028873,,1,NV,1,NV,True,0.6563233733177185,1.0194278955459595,4,BKL,0.8398517370223999,-0.17957615852355957,0.9585386514663696,1.0194278955459595,1.1057547330856323,1.007585048675537,0.8398517370223999,1.029363989830017,1.1873562335968018,27,16
6007,ISIC_0030313,,1,NV,1,NV,True,0.7915463447570801,0.9378460645675659,6,VASC,0.7654507160186768,-0.17239534854888916,1.1016076803207397,0.9378460645675659,1.1368221044540405,1.1642570495605469,1.1073477268218994,1.050174355506897,0.7654507160186768,31,17
7296,ISIC_0031602,,1,NV,0,MEL,False,0.49873048067092896,0.8525672554969788,0,MEL,0.682153582572937,-0.17041367292404175,0.682153582572937,0.8525672554969788,1.0730347633361816,1.0183268785476685,0.9126737713813782,0.8855668306350708,1.100696325302124,32,18
7156,ISIC_0031462,,1,NV,1,NV,True,0.5890077948570251,0.9193745255470276,3,AKIEC,0.7492469549179077,-0.17012757062911987,0.8285070061683655,0.9193745255470276,0.8328186273574829,0.7492469549179077,0.8152093291282654,0.8224977254867554,1.0832480192184448,33,19
6480,ISIC_0030786,,1,NV,1,NV,True,0.5739282965660095,0.9593960642814636,5,DF,0.7938082814216614,-0.16558778285980225,0.9413615465164185,0.9593960642814636,1.0174072980880737,1.006329894065857,0.9658840298652649,0.7938082814216614,1.098192572593689,36,20
3955,ISIC_0028261,,1,NV,4,BKL,False,0.538730263710022,0.8844472765922546,4,BKL,0.7188826203346252,-0.1655646562576294,0.7868091464042664,0.8844472765922546,1.0438157320022583,0.9251047968864441,0.7188826203346252,0.8825249075889587,1.132680892944336,37,21
7729,ISIC_0032035,,1,NV,0,MEL,False,0.8021126985549927,0.8772499561309814,0,MEL,0.7118001580238342,-0.16544979810714722,0.7118001580238342,0.8772499561309814,1.0127876996994019,1.016089677810669,0.9650693535804749,1.0206693410873413,1.1004796028137207,38,22
7975,ISIC_0032281,,1,NV,1,NV,True,0.5990071296691895,0.944603681564331,0,MEL,0.780072033405304,-0.1645316481590271,0.780072033405304,0.944603681564331,1.0194064378738403,1.0274314880371094,0.9862847328186035,0.9837487936019897,1.1690547466278076,39,23
6052,ISIC_0030358,,1,NV,1,NV,True,0.6879863739013672,0.9203755855560303,5,DF,0.7572636008262634,-0.16311198472976685,0.8009375929832458,0.9203755855560303,0.9977127313613892,0.8978488445281982,0.8635990619659424,0.7572636008262634,1.1069583892822266,40,24
6360,ISIC_0030666,,1,NV,1,NV,True,0.8288716673851013,0.833789587020874,0,MEL,0.6731245517730713,-0.16066503524780273,0.6731245517730713,0.833789587020874,0.9453502893447876,0.953362226486206,0.8395252227783203,0.840798556804657,1.0528111457824707,42,25
3054,ISIC_0027360,,1,NV,1,NV,True,0.9435662627220154,0.8583532571792603,0,MEL,0.698085367679596,-0.1602678894996643,0.698085367679596,0.8583532571792603,0.7680885791778564,0.8257076144218445,0.7785196900367737,0.8806425929069519,1.0824100971221924,43,26
2185,ISIC_0026491,,1,NV,1,NV,True,0.6732338666915894,0.8400413393974304,0,MEL,0.680265486240387,-0.15977585315704346,0.680265486240387,0.8400413393974304,1.0151928663253784,0.8737362027168274,0.7986962795257568,0.8932039141654968,1.1602634191513062,44,27
8259,ISIC_0032565,,1,NV,0,MEL,False,0.6089937686920166,0.8769894242286682,0,MEL,0.7176674604415894,-0.15932196378707886,0.7176674604415894,0.8769894242286682,1.0247094631195068,1.0146119594573975,0.9576118588447571,0.9977973699569702,1.1611933708190918,45,28
6533,ISIC_0030839,,1,NV,1,NV,True,0.4415462613105774,0.8986077308654785,4,BKL,0.7393289804458618,-0.1592787504196167,0.8513923287391663,0.8986077308654785,1.0797817707061768,0.9305415749549866,0.7393289804458618,0.9005810022354126,1.1365561485290527,46,29
9555,ISIC_0033861,,1,NV,0,MEL,False,0.5627524256706238,0.9408409595489502,0,MEL,0.7837384343147278,-0.1571025252342224,0.7837384343147278,0.9408409595489502,1.0529307126998901,0.9416828751564026,0.9354162216186523,1.0010251998901367,1.1796824932098389,47,30
2938,ISIC_0027244,,1,NV,1,NV,True,0.7717331647872925,0.8893136978149414,4,BKL,0.7324254512786865,-0.15688824653625488,0.7636411190032959,0.8893136978149414,0.9981752634048462,0.9116427898406982,0.7324254512786865,0.8379868865013123,1.0843325853347778,48,31
9311,ISIC_0033617,,1,NV,1,NV,True,0.5212716460227966,0.9084106087684631,0,MEL,0.7515629529953003,-0.15684765577316284,0.7515629529953003,0.9084106087684631,1.0092172622680664,1.0213161706924438,0.9288387894630432,0.9866378307342529,1.124457836151123,49,32
2293,ISIC_0026599,,1,NV,1,NV,True,0.5950291156768799,0.9387807846069336,2,BCC,0.7821545004844666,-0.15662628412246704,0.7912185788154602,0.9387807846069336,0.7821545004844666,0.9564238786697388,0.9151087999343872,0.9641661643981934,1.156087875366211,50,33
1884,ISIC_0026190,,1,NV,1,NV,True,0.6043412089347839,1.048710823059082,0,MEL,0.8935315012931824,-0.15517932176589966,0.8935315012931824,1.048710823059082,0.9388186931610107,1.0365763902664185,1.0013216733932495,0.9889442324638367,1.225281000137329,53,34
8068,ISIC_0032374,,1,NV,1,NV,True,0.8683609962463379,1.0313050746917725,5,DF,0.8781677484512329,-0.15313732624053955,1.0328388214111328,1.0313050746917725,1.0764942169189453,1.0600417852401733,1.0538408756256104,0.8781677484512329,1.1302107572555542,56,35
9847,ISIC_0034153,,1,NV,1,NV,True,0.8198148608207703,0.8673378825187683,2,BCC,0.716614842414856,-0.15072304010391235,0.7301303744316101,0.8673378825187683,0.716614842414856,0.8461135625839233,0.8122438788414001,0.772804319858551,1.0170584917068481,57,36
9721,ISIC_0034027,,1,NV,1,NV,True,0.7525866627693176,0.8698866367340088,0,MEL,0.7221360206604004,-0.1477506160736084,0.7221360206604004,0.8698866367340088,0.8695058226585388,0.8637230396270752,0.811686635017395,0.8932473659515381,1.1151162385940552,59,37
4695,ISIC_0029001,,1,NV,1,NV,True,0.9122366309165955,0.8973174095153809,4,BKL,0.7498194575309753,-0.14749795198440552,0.8114892244338989,0.8973174095153809,0.8590672612190247,0.8385207056999207,0.7498194575309753,0.813143253326416,1.1088800430297852,60,38
9488,ISIC_0033794,,1,NV,1,NV,True,0.4825364649295807,0.9654556512832642,4,BKL,0.8188843131065369,-0.1465713381767273,0.9242019653320312,0.9654556512832642,1.1286715269088745,1.0480257272720337,0.8188843131065369,0.96832674741745,1.1873352527618408,61,39
1765,ISIC_0026071,,1,NV,1,NV,True,0.41778603196144104,1.0439702272415161,4,BKL,0.8974353075027466,-0.14653491973876953,0.958263099193573,1.0439702272415161,1.1084189414978027,0.9836512207984924,0.8974353075027466,1.0519068241119385,1.1840250492095947,62,40
5809,ISIC_0030115,,1,NV,1,NV,True,0.79361891746521,0.8980562686920166,0,MEL,0.7515251040458679,-0.14653116464614868,0.7515251040458679,0.8980562686920166,0.9603949189186096,0.93235844373703,0.8484621047973633,0.8730446696281433,1.1400864124298096,63,41
1429,ISIC_0025735,,1,NV,1,NV,True,0.6779468059539795,0.8179188370704651,0,MEL,0.6721608638763428,-0.14575797319412231,0.6721608638763428,0.8179188370704651,0.8001331686973572,0.8177785873413086,0.7560223340988159,0.7575855255126953,0.8968958854675293,64,42
3115,ISIC_0027421,,1,NV,1,NV,True,0.8275618553161621,0.9789445996284485,4,BKL,0.8334070444107056,-0.14553755521774292,0.980313241481781,0.9789445996284485,1.0237188339233398,0.9786276817321777,0.8334070444107056,0.9022451639175415,1.1054545640945435,65,43
6886,ISIC_0031192,,1,NV,1,NV,True,0.6917259693145752,0.8759775757789612,0,MEL,0.7308202981948853,-0.14515727758407593,0.7308202981948853,0.8759775757789612,0.8786064386367798,0.8272537589073181,0.7366254925727844,0.8637682795524597,1.0948575735092163,66,44
6028,ISIC_0030334,,1,NV,1,NV,True,0.8074997663497925,0.7607882618904114,0,MEL,0.6159446835517883,-0.14484357833862305,0.6159446835517883,0.7607882618904114,1.012324571609497,1.013384461402893,0.8996650576591492,0.9331850409507751,1.0329694747924805,67,45
9290,ISIC_0033596,,1,NV,1,NV,True,0.7841638922691345,0.9162439703941345,4,BKL,0.7737920880317688,-0.14245188236236572,0.8422343730926514,0.9162439703941345,1.0309799909591675,0.9389435052871704,0.7737920880317688,0.8604984283447266,1.0822973251342773,69,46
7885,ISIC_0032191,,1,NV,1,NV,True,0.9769395589828491,0.8376441597938538,5,DF,0.6970783472061157,-0.14056581258773804,0.8096306920051575,0.8376441597938538,0.9741966128349304,0.9150784611701965,0.7956346273422241,0.6970783472061157,1.0496562719345093,70,47
7880,ISIC_0032186,,1,NV,1,NV,True,0.841099202632904,0.8315432071685791,0,MEL,0.6912988424301147,-0.14024436473846436,0.6912988424301147,0.8315432071685791,0.9826215505599976,0.8464120030403137,0.8442175388336182,0.8622621893882751,1.1613454818725586,72,48
4504,ISIC_0028810,,1,NV,1,NV,True,0.9753853678703308,0.834517776966095,0,MEL,0.694455623626709,-0.140062153339386,0.694455623626709,0.834517776966095,0.9120394587516785,0.8991497159004211,0.8227325081825256,0.818269670009613,1.0687390565872192,73,49
3822,ISIC_0028128,,1,NV,1,NV,True,0.9302725195884705,0.8910925388336182,4,BKL,0.751164972782135,-0.13992756605148315,0.7820545434951782,0.8910925388336182,0.9041749835014343,0.9218518733978271,0.751164972782135,0.8792684674263,1.1185201406478882,74,50
1247,ISIC_0025553,,1,NV,1,NV,True,0.6074801087379456,0.9373085498809814,2,BCC,0.7975027561187744,-0.13980579376220703,0.8934593796730042,0.9373085498809814,0.7975027561187744,0.9184169173240662,0.8715361952781677,0.858858048915863,1.0196877717971802,75,51
4326,ISIC_0028632,,1,NV,1,NV,True,0.8935706615447998,0.8708252310752869,5,DF,0.7332742214202881,-0.13755100965499878,0.7900187969207764,0.8708252310752869,1.0077433586120605,0.8731796145439148,0.7997470498085022,0.7332742214202881,1.082096815109253,77,52
9627,ISIC_0033933,,1,NV,1,NV,True,0.6253052353858948,0.9179198741912842,0,MEL,0.7829144597053528,-0.1350054144859314,0.7829144597053528,0.9179198741912842,1.0566301345825195,1.0657349824905396,1.000195026397705,1.0176541805267334,1.1086982488632202,79,53
2699,ISIC_0027005,,1,NV,1,NV,True,0.5977142453193665,0.9314962029457092,0,MEL,0.7967722415924072,-0.134723961353302,0.7967722415924072,0.9314962029457092,1.0194799900054932,0.9185271859169006,0.8063278794288635,0.9484632611274719,1.1804296970367432,81,54
9483,ISIC_0033789,,1,NV,1,NV,True,0.8934105038642883,0.904443085193634,0,MEL,0.7709622979164124,-0.13348078727722168,0.7709622979164124,0.904443085193634,0.8977978825569153,1.0332435369491577,0.9069110751152039,0.9340454936027527,1.1373465061187744,83,55
8525,ISIC_0032831,,1,NV,1,NV,True,0.9878155589103699,0.7307838201522827,0,MEL,0.5973920822143555,-0.13339173793792725,0.5973920822143555,0.7307838201522827,0.9285421967506409,0.9348855018615723,0.7915340065956116,0.8266232013702393,1.0030442476272583,84,56
8302,ISIC_0032608,,1,NV,1,NV,True,0.7970102429389954,0.9392420649528503,0,MEL,0.8062046766281128,-0.13303738832473755,0.8062046766281128,0.9392420649528503,1.0189406871795654,1.0643360614776611,0.9449585676193237,0.9482949376106262,1.1883527040481567,85,57
9003,ISIC_0033309,,1,NV,1,NV,True,0.9316163659095764,0.8630727529525757,0,MEL,0.7326681017875671,-0.13040465116500854,0.7326681017875671,0.8630727529525757,0.9545162320137024,0.9714462161064148,0.8664462566375732,0.9091010093688965,1.102121114730835,87,58
68,ISIC_0024374,,1,NV,1,NV,True,0.6945481300354004,0.9760147929191589,4,BKL,0.8467187285423279,-0.12929606437683105,0.9496665596961975,0.9760147929191589,1.1250877380371094,1.0411057472229004,0.8467187285423279,0.9778652787208557,1.2117079496383667,88,59
8425,ISIC_0032731,,1,NV,1,NV,True,0.918937087059021,0.8098023533821106,0,MEL,0.6813206672668457,-0.1284816861152649,0.6813206672668457,0.8098023533821106,1.0057482719421387,0.9917626976966858,0.8767160773277283,0.9094654321670532,1.1146787405014038,89,60
8764,ISIC_0033070,,1,NV,1,NV,True,0.6344066858291626,0.8078228235244751,0,MEL,0.6795641183853149,-0.12825870513916016,0.6795641183853149,0.8078228235244751,0.9741766452789307,0.9794121384620667,0.8759536147117615,0.8784511685371399,1.0390578508377075,90,61
451,ISIC_0024757,,1,NV,0,MEL,False,0.5251070261001587,1.0135620832443237,0,MEL,0.8855138421058655,-0.12804824113845825,0.8855138421058655,1.0135620832443237,1.1021500825881958,1.043331265449524,0.9678902626037598,0.9952781200408936,1.1079570055007935,91,62
170,ISIC_0024476,,1,NV,1,NV,True,0.8856855630874634,0.8752551078796387,0,MEL,0.7481987476348877,-0.12705636024475098,0.7481987476348877,0.8752551078796387,0.9496036767959595,0.8745392560958862,0.825172483921051,0.8998437523841858,1.1460806131362915,92,63
989,ISIC_0025295,,1,NV,1,NV,True,0.8973897099494934,0.8064686059951782,0,MEL,0.679663360118866,-0.12680524587631226,0.679663360118866,0.8064686059951782,0.791969895362854,0.9217132925987244,0.8596134781837463,0.9033976197242737,1.0983189344406128,93,64
6006,ISIC_0030312,,1,NV,1,NV,True,0.43727630376815796,0.9580097198486328,5,DF,0.8322173357009888,-0.12579238414764404,0.8862510919570923,0.9580097198486328,0.9622614979743958,0.9451350569725037,0.9414848685264587,0.8322173357009888,1.0755584239959717,95,65
2934,ISIC_0027240,,1,NV,1,NV,True,0.9707477688789368,0.8660792708396912,5,DF,0.7404015064239502,-0.12567776441574097,0.8671964406967163,0.8660792708396912,0.9014837741851807,0.9364528059959412,0.8522770404815674,0.7404015064239502,1.0101276636123657,96,66
9206,ISIC_0033512,,1,NV,1,NV,True,0.6268088817596436,0.9597572088241577,2,BCC,0.8342081308364868,-0.1255490779876709,0.9046519994735718,0.9597572088241577,0.8342081308364868,0.8837264776229858,0.9826592206954956,0.8400439023971558,1.0850193500518799,97,67
4559,ISIC_0028865,,1,NV,1,NV,True,0.8698204755783081,0.880835235118866,0,MEL,0.756192684173584,-0.12464255094528198,0.756192684173584,0.880835235118866,0.920760452747345,0.9084718227386475,0.7770315408706665,0.9154619574546814,1.120600938796997,100,68
1817,ISIC_0026123,,1,NV,1,NV,True,0.735313355922699,0.8839478492736816,0,MEL,0.7594861388206482,-0.12446171045303345,0.7594861388206482,0.8839478492736816,0.7944191694259644,0.8603704571723938,0.9021332859992981,0.9188292622566223,1.135970115661621,101,69
6110,ISIC_0030416,,1,NV,1,NV,True,0.7309778332710266,0.9216685891151428,0,MEL,0.7975960373878479,-0.12407255172729492,0.7975960373878479,0.9216685891151428,1.028967261314392,0.9392249584197998,0.9213938117027283,0.9937683343887329,1.1570837497711182,102,70
7047,ISIC_0031353,,1,NV,1,NV,True,0.8862832188606262,0.8589969873428345,0,MEL,0.7352542281150818,-0.12374275922775269,0.7352542281150818,0.8589969873428345,0.9446681141853333,0.9195699691772461,0.8568798303604126,0.9172317385673523,1.0774909257888794,104,71
551,ISIC_0024857,,1,NV,1,NV,True,0.828056812286377,1.0210247039794922,4,BKL,0.8972899317741394,-0.12373477220535278,1.0234177112579346,1.0210247039794922,1.1769819259643555,1.1069250106811523,0.8972899317741394,1.0571987628936768,1.2392256259918213,105,72
9551,ISIC_0033857,,1,NV,1,NV,True,0.7313552498817444,0.8757756352424622,0,MEL,0.7521601915359497,-0.12361544370651245,0.7521601915359497,0.8757756352424622,0.9339371919631958,0.9473456144332886,0.8668456673622131,0.9196879267692566,1.1121748685836792,107,73
9569,ISIC_0033875,,1,NV,1,NV,True,0.9470518231391907,0.7955695986747742,0,MEL,0.6730223298072815,-0.12254726886749268,0.6730223298072815,0.7955695986747742,0.9389307498931885,0.9731971025466919,0.8495801687240601,0.9168025255203247,1.1152215003967285,108,74
5173,ISIC_0029479,,1,NV,1,NV,True,0.4054395854473114,0.8279705047607422,0,MEL,0.7054758667945862,-0.122494637966156,0.7054758667945862,0.8279705047607422,0.9571080207824707,0.8108675479888916,0.8260309100151062,0.8737545609474182,1.0652046203613281,109,75
6465,ISIC_0030771,,1,NV,1,NV,True,0.9304987192153931,0.848487138748169,0,MEL,0.7262095212936401,-0.12227761745452881,0.7262095212936401,0.848487138748169,0.9579673409461975,0.9241739511489868,0.8450880646705627,0.8307358622550964,1.1282888650894165,111,76
8213,ISIC_0032519,,1,NV,1,NV,True,0.6288314461708069,0.8690656423568726,2,BCC,0.7470165491104126,-0.12204909324645996,0.8399648666381836,0.8690656423568726,0.7470165491104126,0.8864775896072388,0.9287136197090149,0.8610498309135437,0.9360159039497375,112,77
5309,ISIC_0029615,,1,NV,1,NV,True,0.7242861390113831,0.8642772436141968,0,MEL,0.7429372072219849,-0.12134003639221191,0.7429372072219849,0.8642772436141968,1.0797991752624512,1.0547511577606201,0.922877848148346,1.014784574508667,1.0663079023361206,113,78
3710,ISIC_0028016,,1,NV,1,NV,True,0.9334436655044556,0.896344780921936,5,DF,0.7752659320831299,-0.12107884883880615,0.8520963788032532,0.896344780921936,0.8685815930366516,0.8715132474899292,0.7873092889785767,0.7752659320831299,1.068879246711731,115,79
6836,ISIC_0031142,,1,NV,1,NV,True,0.9537145495414734,0.8144979476928711,4,BKL,0.6934274435043335,-0.1210705041885376,0.7800868153572083,0.8144979476928711,0.9172801375389099,0.8463895916938782,0.6934274435043335,0.7539329528808594,1.0561010837554932,116,80
6368,ISIC_0030674,,1,NV,1,NV,True,0.5391942858695984,0.8983508944511414,4,BKL,0.777482271194458,-0.12086862325668335,0.8302211761474609,0.8983508944511414,0.9592847228050232,0.8634149432182312,0.777482271194458,0.9497716426849365,1.0260839462280273,117,81
3102,ISIC_0027408,,1,NV,1,NV,True,0.9616962671279907,0.8495567440986633,0,MEL,0.7290892004966736,-0.12046754360198975,0.7290892004966736,0.8495567440986633,0.9680430889129639,1.0207093954086304,0.93561190366745,0.875313937664032,1.1297961473464966,119,82
4564,ISIC_0028870,,1,NV,1,NV,True,0.9605389833450317,0.8858471512794495,6,VASC,0.765451967716217,-0.12039518356323242,0.9386007189750671,0.8858471512794495,0.9875063896179199,0.9923380017280579,0.969189465045929,0.9324164986610413,0.765451967716217,120,83
1909,ISIC_0026215,,1,NV,1,NV,True,0.9222490787506104,0.8468168377876282,5,DF,0.726458728313446,-0.12035810947418213,0.748605489730835,0.8468168377876282,0.8976290822029114,0.9009084701538086,0.8557904362678528,0.726458728313446,0.9917113184928894,121,84
1530,ISIC_0025836,,1,NV,1,NV,True,0.7796090245246887,0.9631534814834595,5,DF,0.8430159687995911,-0.12013751268386841,0.890917956829071,0.9631534814834595,1.0515120029449463,1.0556608438491821,0.9639091491699219,0.8430159687995911,1.1477959156036377,122,85
3880,ISIC_0028186,,1,NV,1,NV,True,0.7570948004722595,0.9243465662002563,0,MEL,0.8044022917747498,-0.11994427442550659,0.8044022917747498,0.9243465662002563,0.9853692054748535,0.9930465221405029,0.9537826776504517,0.9748600721359253,1.1568154096603394,124,86
1640,ISIC_0025946,,1,NV,1,NV,True,0.7129195928573608,0.9909762144088745,4,BKL,0.8713577389717102,-0.1196184754371643,0.9310691356658936,0.9909762144088745,0.9274459481239319,0.9422057867050171,0.8713577389717102,0.9252420663833618,1.1767444610595703,125,87
9434,ISIC_0033740,,1,NV,1,NV,True,0.6807321906089783,0.9183662533760071,0,MEL,0.798980712890625,-0.11938554048538208,0.798980712890625,0.9183662533760071,0.9454978704452515,0.9295066595077515,0.8975269794464111,0.867231011390686,1.1079181432724,126,88
6695,ISIC_0031001,,1,NV,1,NV,True,0.8904728889465332,0.8661179542541504,0,MEL,0.746880292892456,-0.11923766136169434,0.746880292892456,0.8661179542541504,0.8277894854545593,0.9694226980209351,0.8311874270439148,0.8453485369682312,1.042701005935669,127,89
6504,ISIC_0030810,,1,NV,1,NV,True,0.45270103216171265,0.9500707387924194,3,AKIEC,0.8313871026039124,-0.11868363618850708,0.8378140330314636,0.9500707387924194,0.9941996335983276,0.8313871026039124,0.8376420140266418,0.8767255544662476,1.152275800704956,128,90
6274,ISIC_0030580,,1,NV,1,NV,True,0.7992314100265503,0.8995420336723328,0,MEL,0.7809003591537476,-0.1186416745185852,0.7809003591537476,0.8995420336723328,0.8715951442718506,0.8552234768867493,0.872434139251709,0.8717098236083984,1.1041289567947388,129,91
6639,ISIC_0030945,,1,NV,1,NV,True,0.45087409019470215,1.043380618095398,3,AKIEC,0.9251915812492371,-0.11818903684616089,1.04543936252594,1.043380618095398,1.0870081186294556,0.9251915812492371,0.9808322787284851,0.9897770881652832,1.207478404045105,130,92
9363,ISIC_0033669,,1,NV,1,NV,True,0.8363423943519592,0.9155029058456421,0,MEL,0.7973214387893677,-0.11818146705627441,0.7973214387893677,0.9155029058456421,0.9157117605209351,0.9736167788505554,0.8312118649482727,0.9064032435417175,1.1453191041946411,131,93
9080,ISIC_0033386,,1,NV,1,NV,True,0.9716136455535889,0.852020800113678,0,MEL,0.7339070439338684,-0.11811375617980957,0.7339070439338684,0.852020800113678,1.0472501516342163,1.0268008708953857,0.9150999784469604,0.9417617321014404,1.1905254125595093,132,94
9962,ISIC_0034268,,1,NV,1,NV,True,0.958598256111145,0.892808735370636,0,MEL,0.7752969264984131,-0.1175118088722229,0.7752969264984131,0.892808735370636,1.0347176790237427,1.0295368432998657,0.9435073137283325,0.96797114610672,1.1529059410095215,134,95
1292,ISIC_0025598,,1,NV,1,NV,True,0.6333901882171631,1.0373095273971558,4,BKL,0.9198551177978516,-0.1174544095993042,1.040553092956543,1.0373095273971558,1.1563078165054321,1.072214126586914,0.9198551177978516,1.0753371715545654,1.2409720420837402,135,96
3165,ISIC_0027471,,1,NV,1,NV,True,0.7305741310119629,0.9253948926925659,4,BKL,0.8080209493637085,-0.11737394332885742,0.8888393640518188,0.9253948926925659,1.1035032272338867,1.0453524589538574,0.8080209493637085,0.9915347695350647,1.1243561506271362,136,97
7470,ISIC_0031776,,1,NV,1,NV,True,0.872869074344635,0.9796788096427917,4,BKL,0.8632417321205139,-0.11643707752227783,0.9945191740989685,0.9796788096427917,1.128718376159668,1.0180341005325317,0.8632417321205139,0.8860130310058594,1.2102900743484497,137,98
1601,ISIC_0025907,,1,NV,1,NV,True,0.8218272924423218,0.8659235835075378,0,MEL,0.7507519721984863,-0.11517161130905151,0.7507519721984863,0.8659235835075378,1.0373036861419678,0.9756777882575989,0.7838668823242188,0.9097272157669067,1.0939173698425293,140,99
521,ISIC_0024827,,1,NV,1,NV,True,0.946355938911438,0.7960954308509827,0,MEL,0.6811749339103699,-0.11492049694061279,0.6811749339103699,0.7960954308509827,0.9876884818077087,0.9621562957763672,0.8994446992874146,0.9252240657806396,1.127784013748169,141,100
4729,ISIC_0029035,,2,BCC,3,AKIEC,False,0.7881188988685608,0.9543736577033997,3,AKIEC,0.7354267835617065,-0.21894687414169312,0.9872824549674988,1.1378933191299438,0.9543736577033997,0.7354267835617065,0.9269883632659912,0.8600510358810425,1.14552640914917,9,1
6751,ISIC_0031057,,2,BCC,3,AKIEC,False,0.5874631404876709,1.047622561454773,3,AKIEC,0.8982253670692444,-0.14939719438552856,1.0713081359863281,1.1693729162216187,1.047622561454773,0.8982253670692444,0.9850606918334961,1.0603885650634766,1.231502890586853,58,2
1634,ISIC_0025940,,2,BCC,3,AKIEC,False,0.5634133815765381,0.8519548773765564,3,AKIEC,0.7209338545799255,-0.13102102279663086,0.9532251954078674,1.0741792917251587,0.8519548773765564,0.7209338545799255,0.9486084580421448,0.9456250667572021,1.1266778707504272,86,3
5106,ISIC_0029412,,2,BCC,3,AKIEC,False,0.675583004951477,0.8242307305335999,3,AKIEC,0.7005729079246521,-0.12365782260894775,1.0255718231201172,1.1899659633636475,0.8242307305335999,0.7005729079246521,0.9600203037261963,0.8760027885437012,1.2095181941986084,106,4
6960,ISIC_0031266,,2,BCC,2,BCC,True,0.4223642647266388,0.8696059584617615,3,AKIEC,0.7646377086639404,-0.10496824979782104,0.926544189453125,1.0791410207748413,0.8696059584617615,0.7646377086639404,0.855033814907074,0.8766871094703674,1.196584939956665,186,5
4382,ISIC_0028688,,2,BCC,3,AKIEC,False,0.37790557742118835,1.0634098052978516,3,AKIEC,0.9842801094055176,-0.07912969589233398,1.0808519124984741,1.0877704620361328,1.0634098052978516,0.9842801094055176,0.991173505783081,1.0880179405212402,1.2060225009918213,345,6
2015,ISIC_0026321,,2,BCC,2,BCC,True,0.7775783538818359,0.939250111579895,6,VASC,0.8652591705322266,-0.07399094104766846,1.037696361541748,1.050187587738037,0.939250111579895,0.99093097448349,1.040129542350769,0.9849224090576172,0.8652591705322266,383,7
6353,ISIC_0030659,,2,BCC,2,BCC,True,0.46826285123825073,0.854741096496582,5,DF,0.8008236885070801,-0.05391740798950195,0.934188187122345,1.079863429069519,0.854741096496582,0.8511850237846375,0.9087056517601013,0.8008236885070801,1.061437964439392,560,8
2539,ISIC_0026845,,2,BCC,2,BCC,True,0.7543808817863464,0.8017346262931824,3,AKIEC,0.7478552460670471,-0.053879380226135254,0.9078832268714905,1.0825296640396118,0.8017346262931824,0.7478552460670471,0.9136644601821899,0.8850088715553284,0.89471435546875,561,9
3862,ISIC_0028168,,2,BCC,2,BCC,True,0.35647866129875183,0.973834753036499,3,AKIEC,0.9241307973861694,-0.04970395565032959,0.9551795721054077,1.041550874710083,0.973834753036499,0.9241307973861694,0.9596023559570312,0.984246551990509,1.1626430749893188,602,10
1278,ISIC_0025584,,2,BCC,2,BCC,True,0.5346146821975708,1.198806643486023,3,AKIEC,1.158621072769165,-0.04018557071685791,1.202762246131897,1.2540122270584106,1.198806643486023,1.158621072769165,1.1672273874282837,1.2297625541687012,1.2589410543441772,716,11
9673,ISIC_0033979,,2,BCC,2,BCC,True,0.5335157513618469,0.8375498056411743,3,AKIEC,0.7998777031898499,-0.03767210245132446,1.0188565254211426,1.1340440511703491,0.8375498056411743,0.7998777031898499,0.9279086589813232,0.9662690758705139,1.0419106483459473,746,12
4672,ISIC_0028978,,2,BCC,2,BCC,True,0.8501425981521606,0.8113202452659607,5,DF,0.7738340497016907,-0.03748619556427002,0.8525134921073914,1.0306668281555176,0.8113202452659607,0.8215175867080688,0.9281443953514099,0.7738340497016907,1.055598497390747,749,13
5943,ISIC_0030249,,2,BCC,2,BCC,True,0.7163175940513611,0.78612220287323,3,AKIEC,0.7508177757263184,-0.03530442714691162,1.013128399848938,1.1525481939315796,0.78612220287323,0.7508177757263184,0.9324542284011841,0.878195583820343,1.1075021028518677,778,14
4422,ISIC_0028728,,2,BCC,2,BCC,True,0.8765166401863098,0.7452296614646912,3,AKIEC,0.7110714912414551,-0.034158170223236084,0.8911024928092957,1.0614328384399414,0.7452296614646912,0.7110714912414551,0.9202901124954224,0.7552114129066467,1.0725840330123901,795,15
7334,ISIC_0031640,,2,BCC,2,BCC,True,0.7015859484672546,1.0297191143035889,4,BKL,0.9966455698013306,-0.0330735445022583,1.0571812391281128,1.151626467704773,1.0297191143035889,1.0023713111877441,0.9966455698013306,1.0417022705078125,1.158255934715271,812,16
6957,ISIC_0031263,,2,BCC,3,AKIEC,False,0.3966042101383209,0.9193128347396851,3,AKIEC,0.8905271291732788,-0.02878570556640625,1.0634769201278687,1.1761434078216553,0.9193128347396851,0.8905271291732788,0.9413546919822693,1.0303165912628174,1.1142383813858032,884,17
3303,ISIC_0027609,,2,BCC,2,BCC,True,0.923305094242096,1.0604482889175415,6,VASC,1.0384429693222046,-0.022005319595336914,1.1776659488677979,1.1905893087387085,1.0604482889175415,1.127265453338623,1.1429675817489624,1.1620577573776245,1.0384429693222046,997,18
2381,ISIC_0026687,,2,BCC,2,BCC,True,0.6629232168197632,0.8590642809867859,3,AKIEC,0.8421475887298584,-0.01691669225692749,0.9919528961181641,1.1411190032958984,0.8590642809867859,0.8421475887298584,1.0091559886932373,0.9041208624839783,1.1852918863296509,1082,19
6431,ISIC_0030737,,2,BCC,2,BCC,True,0.6216515302658081,0.7296692728996277,3,AKIEC,0.7155137658119202,-0.01415550708770752,0.9544668197631836,1.0832157135009766,0.7296692728996277,0.7155137658119202,0.9017996191978455,0.8570791482925415,1.1180362701416016,1119,20
4747,ISIC_0029053,,2,BCC,2,BCC,True,0.6323534846305847,0.7576783299446106,3,AKIEC,0.7441465258598328,-0.013531804084777832,0.972623348236084,1.1071763038635254,0.7576783299446106,0.7441465258598328,0.9317808747291565,0.8279304504394531,1.0581876039505005,1128,21
8176,ISIC_0032482,,2,BCC,2,BCC,True,0.8679364323616028,0.8357787728309631,6,VASC,0.8232392072677612,-0.012539565563201904,1.0006725788116455,1.074898362159729,0.8357787728309631,0.9543138146400452,1.0168176889419556,0.843130886554718,0.8232392072677612,1148,22
7984,ISIC_0032290,,2,BCC,2,BCC,True,0.7974637150764465,0.7713443040847778,6,VASC,0.7600183486938477,-0.011325955390930176,1.0802971124649048,1.0994261503219604,0.7713443040847778,1.0446076393127441,1.1026943922042847,1.0774496793746948,0.7600183486938477,1171,23
6381,ISIC_0030687,,2,BCC,2,BCC,True,0.7333021759986877,1.2069913148880005,3,AKIEC,1.1965020895004272,-0.010489225387573242,1.2200194597244263,1.2383443117141724,1.2069913148880005,1.1965020895004272,1.2018498182296753,1.22532320022583,1.2117966413497925,1184,24
954,ISIC_0025260,,2,BCC,2,BCC,True,0.42633676528930664,0.8820759654045105,5,DF,0.8720746636390686,-0.010001301765441895,0.8765028715133667,1.003230094909668,0.8820759654045105,0.9134292006492615,0.91744464635849,0.8720746636390686,1.1467561721801758,1190,25
3239,ISIC_0027545,,2,BCC,2,BCC,True,0.8926719427108765,1.0016398429870605,6,VASC,0.997835099697113,-0.0038047432899475098,1.1520718336105347,1.1943178176879883,1.0016398429870605,1.0996793508529663,1.1078753471374512,1.1499847173690796,0.997835099697113,1307,26
4895,ISIC_0029201,,2,BCC,2,BCC,True,0.9201120138168335,0.8001770973205566,5,DF,0.7976114749908447,-0.002565622329711914,0.9351414442062378,1.0286332368850708,0.8001770973205566,0.8743231892585754,0.9429181218147278,0.7976114749908447,0.9654643535614014,1330,27
1446,ISIC_0025752,,2,BCC,2,BCC,True,0.8851615786552429,0.828911304473877,0,MEL,0.8294053673744202,0.0004940629005432129,0.8294053673744202,0.9869161248207092,0.828911304473877,0.9154109358787537,0.9249792098999023,0.9014456272125244,1.138041377067566,1377,28
9162,ISIC_0033468,,2,BCC,2,BCC,True,0.7828710079193115,0.8656574487686157,0,MEL,0.8701795935630798,0.004522144794464111,0.8701795935630798,1.0634210109710693,0.8656574487686157,0.9469256401062012,0.9588232040405273,0.9244112968444824,1.0200295448303223,1466,29
6848,ISIC_0031154,,2,BCC,2,BCC,True,0.6952117681503296,0.8840618133544922,3,AKIEC,0.8893036842346191,0.005241870880126953,0.975614070892334,1.075134038925171,0.8840618133544922,0.8893036842346191,0.9989657402038574,0.9980624914169312,1.1420800685882568,1480,30
1405,ISIC_0025711,,2,BCC,2,BCC,True,0.6994796395301819,0.8342109322547913,3,AKIEC,0.8404315114021301,0.006220579147338867,0.9206522107124329,1.0772643089294434,0.8342109322547913,0.8404315114021301,0.8767461180686951,0.9409668445587158,1.059766411781311,1502,31
3545,ISIC_0027851,,2,BCC,2,BCC,True,0.5794752836227417,0.8203586935997009,3,AKIEC,0.8283950090408325,0.008036315441131592,0.9322481155395508,1.0412884950637817,0.8203586935997009,0.8283950090408325,0.8978538513183594,0.8403396010398865,1.147080421447754,1536,32
2147,ISIC_0026453,,2,BCC,2,BCC,True,0.7013790011405945,0.875126838684082,0,MEL,0.8889254331588745,0.01379859447479248,0.8889254331588745,0.9786907434463501,0.875126838684082,1.0104624032974243,0.9641344547271729,0.9704198837280273,1.0813556909561157,1654,33
6461,ISIC_0030767,,2,BCC,2,BCC,True,0.8769533038139343,0.855506956577301,3,AKIEC,0.8703634142875671,0.014856457710266113,0.9145955443382263,1.052616834640503,0.855506956577301,0.8703634142875671,0.8906900882720947,0.8704889416694641,1.1330666542053223,1676,34
5035,ISIC_0029341,,2,BCC,2,BCC,True,0.7921879291534424,0.8640393018722534,4,BKL,0.8797162175178528,0.015676915645599365,0.9534894824028015,1.0699275732040405,0.8640393018722534,0.9292176365852356,0.8797162175178528,0.9618167281150818,1.140263557434082,1693,35
6338,ISIC_0030644,,2,BCC,2,BCC,True,0.7659305930137634,0.7288792133331299,3,AKIEC,0.7458370923995972,0.016957879066467285,0.9261118173599243,1.1007412672042847,0.7288792133331299,0.7458370923995972,0.9036330580711365,0.849664568901062,1.1231815814971924,1723,36
2740,ISIC_0027046,,2,BCC,2,BCC,True,0.4921046495437622,0.9616559147834778,3,AKIEC,0.9789271354675293,0.017271220684051514,1.0436887741088867,1.1193305253982544,0.9616559147834778,0.9789271354675293,1.0353564023971558,1.0720266103744507,1.2185875177383423,1733,37
2089,ISIC_0026395,,2,BCC,2,BCC,True,0.5239607095718384,0.8887555003166199,0,MEL,0.9143972396850586,0.02564173936843872,0.9143972396850586,1.0127826929092407,0.8887555003166199,0.9900426268577576,0.9741928577423096,0.9927283525466919,1.133345603942871,1909,38
5473,ISIC_0029779,,2,BCC,2,BCC,True,0.721811056137085,0.8187822103500366,6,VASC,0.8448741436004639,0.026091933250427246,0.9235405325889587,1.0327563285827637,0.8187822103500366,0.9225839376449585,0.8958743214607239,0.8665407299995422,0.8448741436004639,1923,39
4277,ISIC_0028583,,2,BCC,2,BCC,True,0.7712798714637756,0.7616449594497681,3,AKIEC,0.7894625067710876,0.02781754732131958,0.892597496509552,1.0683895349502563,0.7616449594497681,0.7894625067710876,0.9138234853744507,0.9475333094596863,1.1887545585632324,1978,40
6865,ISIC_0031171,,2,BCC,2,BCC,True,0.5856962203979492,0.9190784692764282,6,VASC,0.9482153654098511,0.02913689613342285,1.0595364570617676,1.0766397714614868,0.9190784692764282,0.9985573887825012,1.0932691097259521,1.0098519325256348,0.9482153654098511,2006,41
4658,ISIC_0028964,,2,BCC,2,BCC,True,0.447678804397583,0.7732844352722168,3,AKIEC,0.8066513538360596,0.03336691856384277,0.9195637106895447,0.9921756982803345,0.7732844352722168,0.8066513538360596,0.8773113489151001,0.8894971013069153,1.0896884202957153,2092,42
2672,ISIC_0026978,,2,BCC,2,BCC,True,0.8157923817634583,0.665895938873291,3,AKIEC,0.706031858921051,0.04013592004776001,0.7642768025398254,0.9829895496368408,0.665895938873291,0.706031858921051,0.7591161727905273,0.7889012694358826,0.9778576493263245,2262,43
6472,ISIC_0030778,,2,BCC,2,BCC,True,0.8774939775466919,0.8189931511878967,6,VASC,0.860338032245636,0.04134488105773926,0.8898305892944336,1.036394715309143,0.8189931511878967,0.9059261083602905,0.936397910118103,0.8809187412261963,0.860338032245636,2301,44
8748,ISIC_0033054,,2,BCC,2,BCC,True,0.8722177147865295,0.834932804107666,5,DF,0.8779860734939575,0.043053269386291504,0.9208477139472961,1.0393251180648804,0.834932804107666,0.9528135061264038,0.9787498116493225,0.8779860734939575,1.016658902168274,2343,45
7483,ISIC_0031789,,2,BCC,1,NV,False,0.36855363845825195,0.9160666465759277,5,DF,0.959270715713501,0.04320406913757324,1.0122687816619873,1.0049126148223877,0.9160666465759277,0.9730566143989563,1.0017839670181274,0.959270715713501,1.1270266771316528,2349,46
3552,ISIC_0027858,,2,BCC,2,BCC,True,0.6313104629516602,0.9628301858901978,4,BKL,1.0092252492904663,0.046395063400268555,1.059324860572815,1.174662709236145,0.9628301858901978,1.0421268939971924,1.0092252492904663,1.0721759796142578,1.2037315368652344,2427,47
6701,ISIC_0031007,,2,BCC,2,BCC,True,0.8783612251281738,0.6623084545135498,3,AKIEC,0.7108754515647888,0.048566997051239014,0.9653600454330444,1.1305229663848877,0.6623084545135498,0.7108754515647888,0.931957483291626,0.9311656355857849,1.1648739576339722,2477,48
5341,ISIC_0029647,,2,BCC,2,BCC,True,0.6399630904197693,0.8978966474533081,4,BKL,0.9487034678459167,0.05080682039260864,1.0291579961776733,1.1425329446792603,0.8978966474533081,1.0095268487930298,0.9487034678459167,1.0660594701766968,1.175500750541687,2538,49
4371,ISIC_0028677,,2,BCC,2,BCC,True,0.6827829480171204,1.1248819828033447,3,AKIEC,1.1757911443710327,0.05090916156768799,1.2291004657745361,1.2194384336471558,1.1248819828033447,1.1757911443710327,1.1991586685180664,1.2289535999298096,1.282690167427063,2541,50
3779,ISIC_0028085,,2,BCC,2,BCC,True,0.9486148953437805,0.8062366843223572,5,DF,0.8579088449478149,0.051672160625457764,1.0619138479232788,1.0894440412521362,0.8062366843223572,0.9718900322914124,0.9923174381256104,0.8579088449478149,1.0696179866790771,2561,51
5924,ISIC_0030230,,2,BCC,2,BCC,True,0.5519665479660034,0.9105740785598755,0,MEL,0.9629360437393188,0.05236196517944336,0.9629360437393188,0.994642436504364,0.9105740785598755,1.0720913410186768,1.1028552055358887,1.10988187789917,1.1429157257080078,2590,52
2018,ISIC_0026324,,2,BCC,2,BCC,True,0.9297268390655518,0.7230184674263,3,AKIEC,0.7766563892364502,0.053637921810150146,1.0097612142562866,1.1316529512405396,0.7230184674263,0.7766563892364502,0.9363259673118591,0.8629253506660461,1.0896620750427246,2628,53
8685,ISIC_0032991,,2,BCC,2,BCC,True,0.8406959772109985,0.7218591570854187,3,AKIEC,0.7757411003112793,0.053881943225860596,0.9364981055259705,1.0931318998336792,0.7218591570854187,0.7757411003112793,0.9294727444648743,0.780018150806427,1.0888948440551758,2631,54
8951,ISIC_0033257,,2,BCC,2,BCC,True,0.8464665412902832,0.8530075550079346,5,DF,0.9082731604576111,0.055265605449676514,0.9093649983406067,1.035836935043335,0.8530075550079346,0.9594864249229431,0.9543195962905884,0.9082731604576111,1.0970423221588135,2675,55
3508,ISIC_0027814,,2,BCC,2,BCC,True,0.5980563759803772,0.7341368794441223,3,AKIEC,0.7901381254196167,0.056001245975494385,1.0162334442138672,1.0440759658813477,0.7341368794441223,0.7901381254196167,0.9351583123207092,0.9063307642936707,1.07157301902771,2691,56
7221,ISIC_0031527,,2,BCC,2,BCC,True,0.9240692257881165,0.9431562423706055,3,AKIEC,0.9998759627342224,0.05671972036361694,1.0455563068389893,1.1052775382995605,0.9431562423706055,0.9998759627342224,1.037003517150879,1.008175253868103,1.0352686643600464,2715,57
2923,ISIC_0027229,,2,BCC,2,BCC,True,0.7924001812934875,0.7320196628570557,3,AKIEC,0.7912490367889404,0.059229373931884766,0.8604586720466614,1.0887008905410767,0.7320196628570557,0.7912490367889404,0.8386312127113342,0.9303328990936279,1.1076666116714478,2786,58
1750,ISIC_0026056,,2,BCC,2,BCC,True,0.7386018633842468,0.8175615072250366,0,MEL,0.8775221705436707,0.05996066331863403,0.8775221705436707,1.0294610261917114,0.8175615072250366,0.9527316093444824,0.8945644497871399,1.0244948863983154,1.1330714225769043,2805,59
3744,ISIC_0028050,,2,BCC,2,BCC,True,0.617660403251648,0.8394759893417358,3,AKIEC,0.9007135629653931,0.06123757362365723,0.9779990315437317,1.0356686115264893,0.8394759893417358,0.9007135629653931,1.0154317617416382,1.0216869115829468,1.1563466787338257,2852,60
1924,ISIC_0026230,,2,BCC,2,BCC,True,0.8212274312973022,0.8314237594604492,0,MEL,0.8956800699234009,0.06425631046295166,0.8956800699234009,1.0876314640045166,0.8314237594604492,0.9419199228286743,1.0202981233596802,1.041610598564148,1.1518782377243042,2939,61
360,ISIC_0024666,,2,BCC,2,BCC,True,0.9019924402236938,0.7377325296401978,0,MEL,0.8028482794761658,0.06511574983596802,0.8028482794761658,0.9578613042831421,0.7377325296401978,0.835676908493042,0.8891138434410095,0.8216161131858826,1.1208646297454834,2957,62
9917,ISIC_0034223,,2,BCC,2,BCC,True,0.9301149249076843,0.680138885974884,3,AKIEC,0.7463862299919128,0.06624734401702881,0.8730496168136597,1.0525267124176025,0.680138885974884,0.7463862299919128,0.9164925813674927,0.8914563059806824,1.095122218132019,2989,63
7919,ISIC_0032225,,2,BCC,2,BCC,True,0.8244764804840088,0.7356778383255005,3,AKIEC,0.8031278848648071,0.06745004653930664,0.9000857472419739,1.053423285484314,0.7356778383255005,0.8031278848648071,0.9242870807647705,0.8661934733390808,1.1230696439743042,3021,64
2492,ISIC_0026798,,2,BCC,2,BCC,True,0.7111852765083313,0.8960513472557068,3,AKIEC,0.9649335145950317,0.06888216733932495,1.1052054166793823,1.1524076461791992,0.8960513472557068,0.9649335145950317,1.0562292337417603,1.0681257247924805,1.1750264167785645,3060,65
5525,ISIC_0029831,,2,BCC,2,BCC,True,0.7601985931396484,0.7606655359268188,3,AKIEC,0.8317093253135681,0.07104378938674927,0.8800148963928223,0.9723460674285889,0.7606655359268188,0.8317093253135681,0.9562825560569763,0.9031049013137817,1.118227481842041,3115,66
3891,ISIC_0028197,,2,BCC,2,BCC,True,0.8107298612594604,0.7890939712524414,3,AKIEC,0.8629501461982727,0.0738561749458313,0.9329184889793396,1.0167797803878784,0.7890939712524414,0.8629501461982727,0.9728416800498962,0.9514080286026001,1.1366668939590454,3196,67
8305,ISIC_0032611,,2,BCC,2,BCC,True,0.8792821764945984,0.7027910351753235,3,AKIEC,0.7768172025680542,0.07402616739273071,0.8264364004135132,1.0668745040893555,0.7027910351753235,0.7768172025680542,0.8945616483688354,0.9742281436920166,1.1072492599487305,3199,68
2031,ISIC_0026337,,2,BCC,4,BKL,False,0.45010989904403687,0.7080754637718201,4,BKL,0.7821447849273682,0.0740693211555481,0.8656739592552185,1.0847399234771729,0.7080754637718201,0.8111352920532227,0.7821447849273682,0.8704337477684021,1.0789339542388916,3200,69
5441,ISIC_0029747,,2,BCC,2,BCC,True,0.9073312878608704,0.6692128777503967,5,DF,0.7449275851249695,0.07571470737457275,0.8846214413642883,1.0338571071624756,0.6692128777503967,0.8062206506729126,0.8845078945159912,0.7449275851249695,0.9072189927101135,3251,70
5025,ISIC_0029331,,2,BCC,2,BCC,True,0.7900820970535278,0.7171351909637451,3,AKIEC,0.7937842607498169,0.07664906978607178,0.9930127263069153,1.0999329090118408,0.7171351909637451,0.7937842607498169,0.9826638698577881,0.9306944012641907,1.1587413549423218,3281,71
7619,ISIC_0031925,,2,BCC,2,BCC,True,0.8282566070556641,0.750197172164917,3,AKIEC,0.8297668099403381,0.07956963777542114,1.0552247762680054,1.1150681972503662,0.750197172164917,0.8297668099403381,0.9679809808731079,0.9188276529312134,1.0225589275360107,3375,72
1161,ISIC_0025467,,2,BCC,2,BCC,True,0.9737706780433655,0.781583309173584,6,VASC,0.8623658418655396,0.08078253269195557,0.9923691153526306,1.034206509590149,0.781583309173584,0.9856526851654053,1.041270136833191,1.0120699405670166,0.8623658418655396,3418,73
7724,ISIC_0032030,,2,BCC,2,BCC,True,0.6819849014282227,0.929215133190155,3,AKIEC,1.0102243423461914,0.08100920915603638,1.1101438999176025,1.117108941078186,0.929215133190155,1.0102243423461914,1.0620895624160767,1.1002415418624878,1.1422340869903564,3423,74
9709,ISIC_0034015,,2,BCC,2,BCC,True,0.8625677227973938,0.6749163269996643,3,AKIEC,0.7565027475357056,0.08158642053604126,0.8227669596672058,1.0043480396270752,0.6749163269996643,0.7565027475357056,0.8379881381988525,0.8439099192619324,1.1136358976364136,3435,75
8001,ISIC_0032307,,2,BCC,2,BCC,True,0.8377118110656738,0.6746100187301636,3,AKIEC,0.756921648979187,0.08231163024902344,0.844448447227478,1.0737905502319336,0.6746100187301636,0.756921648979187,0.8152588605880737,0.9332895278930664,1.1192156076431274,3456,76
3849,ISIC_0028155,,2,BCC,2,BCC,True,0.8820875883102417,0.844697892665863,3,AKIEC,0.9291840195655823,0.08448612689971924,1.0227829217910767,1.1308962106704712,0.844697892665863,0.9291840195655823,0.984839916229248,0.9368863105773926,1.088530421257019,3520,77
6587,ISIC_0030893,,2,BCC,2,BCC,True,0.9337030053138733,0.7415565252304077,5,DF,0.8312551975250244,0.0896986722946167,0.9769641757011414,1.0124350786209106,0.7415565252304077,0.9353084564208984,0.9864629507064819,0.8312551975250244,0.9865248203277588,3672,78
2222,ISIC_0026528,,2,BCC,2,BCC,True,0.7584996819496155,0.891655683517456,5,DF,0.9826580882072449,0.09100240468978882,1.0727436542510986,1.0796321630477905,0.891655683517456,1.0787650346755981,1.131244421005249,0.9826580882072449,1.0407168865203857,3699,79
1850,ISIC_0026156,,2,BCC,2,BCC,True,0.7416144609451294,0.785175621509552,3,AKIEC,0.8766457438468933,0.09147012233734131,1.025769829750061,1.1489598751068115,0.785175621509552,0.8766457438468933,0.9082242846488953,1.031484842300415,1.1242427825927734,3717,80
1324,ISIC_0025630,,2,BCC,2,BCC,True,0.7510862350463867,0.7800205945968628,6,VASC,0.8729665875434875,0.09294599294662476,1.0726747512817383,1.029679775238037,0.7800205945968628,1.0363563299179077,1.0991612672805786,1.0382204055786133,0.8729665875434875,3761,81
713,ISIC_0025019,,2,BCC,2,BCC,True,0.8547191619873047,0.6663428544998169,3,AKIEC,0.7596937417984009,0.09335088729858398,0.9380442500114441,1.0593907833099365,0.6663428544998169,0.7596937417984009,0.9450320601463318,0.8752775192260742,1.1099797487258911,3775,82
1224,ISIC_0025530,,2,BCC,2,BCC,True,0.8739001750946045,0.6734458804130554,5,DF,0.7694805264472961,0.09603464603424072,0.9982951879501343,1.1418426036834717,0.6734458804130554,0.7759985327720642,0.9741595387458801,0.7694805264472961,1.1302348375320435,3858,83
3031,ISIC_0027337,,2,BCC,2,BCC,True,0.8974431753158569,0.8213291764259338,3,AKIEC,0.9181715250015259,0.09684234857559204,1.091064691543579,1.117671012878418,0.8213291764259338,0.9181715250015259,1.041738748550415,0.9723232984542847,1.0760148763656616,3874,84
7291,ISIC_0031597,,2,BCC,2,BCC,True,0.7330014705657959,0.8646771907806396,3,AKIEC,0.9618683457374573,0.09719115495681763,1.0267059803009033,1.0933030843734741,0.8646771907806396,0.9618683457374573,0.9951906800270081,1.0150794982910156,1.2185392379760742,3885,85
4271,ISIC_0028577,,2,BCC,2,BCC,True,0.8001195788383484,0.6786907315254211,3,AKIEC,0.7761945128440857,0.09750378131866455,0.9954104423522949,1.1138873100280762,0.6786907315254211,0.7761945128440857,0.948275625705719,0.9136281609535217,1.0552871227264404,3894,86
5514,ISIC_0029820,,2,BCC,2,BCC,True,0.7964186072349548,0.6080963611602783,3,AKIEC,0.7060670256614685,0.09797066450119019,0.9185783267021179,1.0928614139556885,0.6080963611602783,0.7060670256614685,0.8334401249885559,0.925239622592926,1.1319752931594849,3909,87
3059,ISIC_0027365,,2,BCC,2,BCC,True,0.973230242729187,0.8224876523017883,4,BKL,0.922582745552063,0.10009509325027466,0.9616801142692566,1.072606086730957,0.8224876523017883,0.9441202878952026,0.922582745552063,0.9369363784790039,1.1063987016677856,3967,88
7214,ISIC_0031520,,2,BCC,2,BCC,True,0.675475537776947,0.7602005004882812,3,AKIEC,0.8616087436676025,0.10140824317932129,0.8828564286231995,1.0462151765823364,0.7602005004882812,0.8616087436676025,0.9654602408409119,0.9647412896156311,1.0576530694961548,4002,89
4365,ISIC_0028671,,2,BCC,2,BCC,True,0.9557324647903442,0.7344809770584106,6,VASC,0.835975170135498,0.1014941930770874,0.8876444697380066,0.9962283968925476,0.7344809770584106,0.9942930936813354,0.9807064533233643,0.9320886135101318,0.835975170135498,4005,90
1385,ISIC_0025691,,2,BCC,2,BCC,True,0.9124443531036377,0.7720555663108826,5,DF,0.8782593011856079,0.10620373487472534,0.9874638319015503,1.0474154949188232,0.7720555663108826,0.9819426536560059,0.979184091091156,0.8782593011856079,1.0768048763275146,4151,91
6220,ISIC_0030526,,2,BCC,2,BCC,True,0.8717753887176514,0.6120777726173401,3,AKIEC,0.7207211256027222,0.10864335298538208,0.969194769859314,1.0762038230895996,0.6120777726173401,0.7207211256027222,0.9684956073760986,0.8538975119590759,1.0627760887145996,4203,92
5965,ISIC_0030271,,2,BCC,2,BCC,True,0.7538579106330872,0.8433277606964111,3,AKIEC,0.9523091316223145,0.10898137092590332,0.9987266063690186,1.1460970640182495,0.8433277606964111,0.9523091316223145,0.9967793822288513,0.9617083072662354,1.1801345348358154,4211,93
6978,ISIC_0031284,,2,BCC,2,BCC,True,0.9247453212738037,0.6986358761787415,3,AKIEC,0.8076508045196533,0.10901492834091187,0.8392205238342285,1.0254229307174683,0.6986358761787415,0.8076508045196533,0.8950860500335693,0.8329549431800842,1.1268775463104248,4213,94
2559,ISIC_0026865,,2,BCC,2,BCC,True,0.9409496188163757,0.719606339931488,3,AKIEC,0.8288348913192749,0.10922855138778687,1.036388874053955,1.0841976404190063,0.719606339931488,0.8288348913192749,0.9918968081474304,0.8971663117408752,1.1249853372573853,4221,95
9720,ISIC_0034026,,2,BCC,2,BCC,True,0.8197327256202698,0.7092862725257874,3,AKIEC,0.8188227415084839,0.10953646898269653,0.8762893080711365,1.023470163345337,0.7092862725257874,0.8188227415084839,0.8879469037055969,0.8259327411651611,1.0257997512817383,4227,96
4823,ISIC_0029129,,2,BCC,2,BCC,True,0.8488911390304565,0.6053069233894348,3,AKIEC,0.7156355381011963,0.11032861471176147,0.9461461305618286,1.0902663469314575,0.6053069233894348,0.7156355381011963,0.9092240333557129,0.8851842880249023,1.064484715461731,4258,97
198,ISIC_0024504,,2,BCC,2,BCC,True,0.8973712921142578,0.7636385560035706,3,AKIEC,0.8744242787361145,0.11078572273254395,0.912667989730835,1.05628502368927,0.7636385560035706,0.8744242787361145,0.8756113648414612,0.9109185338020325,1.0790233612060547,4270,98
8191,ISIC_0032497,,2,BCC,2,BCC,True,0.7218943238258362,0.7141925692558289,3,AKIEC,0.8256539702415466,0.11146140098571777,0.8869315385818481,1.0091230869293213,0.7141925692558289,0.8256539702415466,0.8988896608352661,0.9074091911315918,1.1462410688400269,4293,99
9198,ISIC_0033504,,2,BCC,2,BCC,True,0.9047017097473145,0.6778834462165833,5,DF,0.7900910377502441,0.11220759153366089,0.9263414144515991,1.054827094078064,0.6778834462165833,0.8248665928840637,0.8480916619300842,0.7900910377502441,1.017494559288025,4308,100
5609,ISIC_0029915,,3,AKIEC,5,DF,False,0.6139203906059265,0.7606722116470337,5,DF,0.6215465068817139,-0.13912570476531982,0.940969705581665,1.059417724609375,0.9305899739265442,0.7606722116470337,0.8888466954231262,0.6215465068817139,1.0316579341888428,76,1
619,ISIC_0024925,,3,AKIEC,2,BCC,False,0.5788997411727905,0.9318501353263855,2,BCC,0.8118623495101929,-0.11998778581619263,0.9633355140686035,1.068255066871643,0.8118623495101929,0.9318501353263855,1.0285619497299194,1.056273341178894,1.1853621006011963,123,2
7897,ISIC_0032203,,3,AKIEC,2,BCC,False,0.6780480146408081,0.8296034336090088,2,BCC,0.7116966247558594,-0.11790680885314941,0.9473497271537781,1.0615171194076538,0.7116966247558594,0.8296034336090088,0.9504702687263489,0.94419264793396,1.1043472290039062,133,3
7124,ISIC_0031430,,3,AKIEC,4,BKL,False,0.35799640417099,1.1508959531784058,4,BKL,1.0616607666015625,-0.08923518657684326,1.1866623163223267,1.2227433919906616,1.2058722972869873,1.1508959531784058,1.0616607666015625,1.1548869609832764,1.1926982402801514,274,4
112,ISIC_0024418,,3,AKIEC,3,AKIEC,True,0.5603023767471313,0.934664785861969,0,MEL,0.858497679233551,-0.07616710662841797,0.858497679233551,0.9974076747894287,1.0941051244735718,0.934664785861969,0.9623621106147766,1.0237244367599487,1.1317839622497559,369,5
1826,ISIC_0026132,,3,AKIEC,2,BCC,False,0.7031103372573853,0.7722127437591553,2,BCC,0.6968545317649841,-0.07535821199417114,0.9200350046157837,1.0336302518844604,0.6968545317649841,0.7722127437591553,0.9241258502006531,0.9588783979415894,1.162611722946167,375,6
2741,ISIC_0027047,,3,AKIEC,2,BCC,False,0.48858603835105896,0.906794548034668,2,BCC,0.8342161774635315,-0.07257837057113647,1.054719090461731,1.0358428955078125,0.8342161774635315,0.906794548034668,0.9768732786178589,0.9587213397026062,1.0422778129577637,394,7
3037,ISIC_0027343,,3,AKIEC,3,AKIEC,True,0.41637635231018066,0.999103844165802,0,MEL,0.9274868369102478,-0.0716170072555542,0.9274868369102478,0.9840737581253052,1.1162596940994263,0.999103844165802,1.0416276454925537,1.077243447303772,1.1266463994979858,404,8
5409,ISIC_0029715,,3,AKIEC,2,BCC,False,0.4443420469760895,0.9436561465263367,2,BCC,0.8831920027732849,-0.06046414375305176,0.9062069058418274,1.045148491859436,0.8831920027732849,0.9436561465263367,0.9812453389167786,1.0646204948425293,1.1364213228225708,488,9
348,ISIC_0024654,,3,AKIEC,2,BCC,False,0.3899405598640442,0.9612486958503723,4,BKL,0.9080838561058044,-0.05316483974456787,0.9950438141822815,1.1195704936981201,0.9405062794685364,0.9612486958503723,0.9080838561058044,1.0153053998947144,1.0962941646575928,569,10
1484,ISIC_0025790,,3,AKIEC,2,BCC,False,0.4215097427368164,0.8577791452407837,2,BCC,0.8050053715705872,-0.05277377367019653,0.9740399122238159,1.0458054542541504,0.8050053715705872,0.8577791452407837,1.006710410118103,1.0459809303283691,1.1805548667907715,574,11
9505,ISIC_0033811,,3,AKIEC,4,BKL,False,0.61305832862854,0.8023730516433716,4,BKL,0.7526921629905701,-0.049680888652801514,0.9149972796440125,1.1007819175720215,1.0237375497817993,0.8023730516433716,0.7526921629905701,0.9107032418251038,1.085767149925232,603,12
6885,ISIC_0031191,,3,AKIEC,4,BKL,False,0.29099899530410767,0.987971842288971,4,BKL,0.9411225318908691,-0.04684931039810181,0.9898622035980225,1.1199613809585571,1.072663426399231,0.987971842288971,0.9411225318908691,0.9899347424507141,1.0879082679748535,631,13
5869,ISIC_0030175,,3,AKIEC,0,MEL,False,0.40828606486320496,0.7506670355796814,0,MEL,0.706165075302124,-0.04450196027755737,0.706165075302124,0.8975828886032104,0.9466461539268494,0.7506670355796814,0.8863272070884705,0.7376665472984314,1.1051056385040283,660,14
4338,ISIC_0028644,,3,AKIEC,3,AKIEC,True,0.5057200193405151,0.83497154712677,0,MEL,0.7954545021057129,-0.03951704502105713,0.7954545021057129,0.9933789968490601,0.9851269721984863,0.83497154712677,0.8934610486030579,0.9630381464958191,1.1769235134124756,726,15
3826,ISIC_0028132,,3,AKIEC,2,BCC,False,0.6748698353767395,0.6778644919395447,2,BCC,0.6431390643119812,-0.03472542762756348,0.9835348725318909,1.140503168106079,0.6431390643119812,0.6778644919395447,0.9533591866493225,0.9616407752037048,1.1321839094161987,787,16
211,ISIC_0024517,,3,AKIEC,2,BCC,False,0.37647226452827454,0.9097872376441956,2,BCC,0.8768017888069153,-0.03298544883728027,0.9875154495239258,1.0232194662094116,0.8768017888069153,0.9097872376441956,1.0477659702301025,1.017824411392212,1.059136986732483,813,17
1900,ISIC_0026206,,3,AKIEC,3,AKIEC,True,0.6166467070579529,0.8813250064849854,0,MEL,0.8514454364776611,-0.02987957000732422,0.8514454364776611,1.0227108001708984,1.0099114179611206,0.8813250064849854,0.9491279125213623,0.9868307709693909,1.1235719919204712,861,18
8591,ISIC_0032897,,3,AKIEC,4,BKL,False,0.3775334358215332,0.8504629731178284,4,BKL,0.8305891752243042,-0.01987379789352417,0.9270266890525818,1.0574649572372437,1.0247770547866821,0.8504629731178284,0.8305891752243042,0.8616923093795776,1.167801856994629,1026,19
5065,ISIC_0029371,,3,AKIEC,2,BCC,False,0.6416307687759399,0.7886643409729004,2,BCC,0.7697163820266724,-0.018947958946228027,1.0618889331817627,1.1498206853866577,0.7697163820266724,0.7886643409729004,0.9751861691474915,0.9975613355636597,1.1200411319732666,1048,20
763,ISIC_0025069,,3,AKIEC,2,BCC,False,0.41549548506736755,0.9482998847961426,0,MEL,0.9338058233261108,-0.014494061470031738,0.9338058233261108,1.118510365486145,0.9996879696846008,0.9482998847961426,0.982535183429718,0.9862249493598938,1.1488255262374878,1114,21
216,ISIC_0024522,,3,AKIEC,3,AKIEC,True,0.31370285153388977,0.8099097013473511,2,BCC,0.7963200211524963,-0.013589680194854736,0.8573052883148193,0.9786978363990784,0.7963200211524963,0.8099097013473511,0.8023836612701416,0.8202501535415649,1.0635058879852295,1126,22
2988,ISIC_0027294,,3,AKIEC,3,AKIEC,True,0.510080873966217,0.884831964969635,2,BCC,0.8720919489860535,-0.012740015983581543,1.0168485641479492,1.0999306440353394,0.8720919489860535,0.884831964969635,0.9952704310417175,1.0470253229141235,1.0610228776931763,1143,23
1897,ISIC_0026203,,3,AKIEC,3,AKIEC,True,0.48080170154571533,0.9446261525154114,0,MEL,0.9318973422050476,-0.01272881031036377,0.9318973422050476,0.9353023767471313,1.0536987781524658,0.9446261525154114,1.0643826723098755,1.0354517698287964,1.1537113189697266,1144,24
4211,ISIC_0028517,,3,AKIEC,3,AKIEC,True,0.6493759155273438,0.6889147162437439,5,DF,0.6774114966392517,-0.011503219604492188,0.9595012664794922,1.1278810501098633,0.974248468875885,0.6889147162437439,0.9361741542816162,0.6774114966392517,1.135668396949768,1167,25
5154,ISIC_0029460,,3,AKIEC,3,AKIEC,True,0.49399471282958984,0.8141227960586548,5,DF,0.8132306337356567,-0.0008921623229980469,0.9552273154258728,1.0697036981582642,1.0127431154251099,0.8141227960586548,0.8636621236801147,0.8132306337356567,1.143271565437317,1352,26
2056,ISIC_0026362,,3,AKIEC,4,BKL,False,0.4097540080547333,0.8376622796058655,4,BKL,0.8373478055000305,-0.00031447410583496094,0.9511902928352356,1.1206839084625244,1.0661731958389282,0.8376622796058655,0.8373478055000305,1.0094588994979858,1.2311646938323975,1361,27
3309,ISIC_0027615,,3,AKIEC,3,AKIEC,True,0.42479372024536133,0.7200561761856079,5,DF,0.7220721244812012,0.0020159482955932617,0.8502950668334961,1.0128673315048218,0.9559043049812317,0.7200561761856079,0.7656405568122864,0.7220721244812012,1.071396827697754,1411,28
7623,ISIC_0031929,,3,AKIEC,3,AKIEC,True,0.5409631133079529,0.8019307851791382,0,MEL,0.8071373701095581,0.005206584930419922,0.8071373701095581,1.024324893951416,0.989872932434082,0.8019307851791382,0.8605993390083313,0.9229572415351868,1.1606192588806152,1478,29
2878,ISIC_0027184,,3,AKIEC,2,BCC,False,0.5671499967575073,0.750690758228302,2,BCC,0.7561146020889282,0.005423843860626221,0.9240256547927856,1.0949318408966064,0.7561146020889282,0.750690758228302,0.9311707019805908,0.9538000226020813,1.1392555236816406,1482,30
5276,ISIC_0029582,,3,AKIEC,3,AKIEC,True,0.6455056667327881,0.834230899810791,2,BCC,0.8467239737510681,0.0124930739402771,1.0659235715866089,1.1233333349227905,0.8467239737510681,0.834230899810791,1.0215681791305542,1.0595424175262451,1.1329562664031982,1631,31
3852,ISIC_0028158,,3,AKIEC,3,AKIEC,True,0.3991749584674835,0.9635889530181885,4,BKL,0.9765438437461853,0.012954890727996826,0.9769492149353027,1.0077296495437622,1.0422340631484985,0.9635889530181885,0.9765438437461853,1.0206019878387451,1.0145756006240845,1639,32
2997,ISIC_0027303,,3,AKIEC,3,AKIEC,True,0.6086402535438538,0.882627010345459,0,MEL,0.8963295221328735,0.01370251178741455,0.8963295221328735,1.0566508769989014,0.9711023569107056,0.882627010345459,0.9130077958106995,1.0211423635482788,1.113327145576477,1650,33
3244,ISIC_0027550,,3,AKIEC,3,AKIEC,True,0.6730796694755554,0.8333301544189453,0,MEL,0.8477641940116882,0.01443403959274292,0.8477641940116882,1.0731173753738403,1.0643264055252075,0.8333301544189453,0.8911272287368774,0.9632545709609985,1.1861547231674194,1664,34
1165,ISIC_0025471,,3,AKIEC,2,BCC,False,0.3716200590133667,0.6676865220069885,2,BCC,0.688606858253479,0.02092033624649048,0.7459127902984619,0.938293993473053,0.688606858253479,0.6676865220069885,0.7235221862792969,0.7310694456100464,0.8727735877037048,1804,35
4761,ISIC_0029067,,3,AKIEC,3,AKIEC,True,0.742091715335846,0.6339117288589478,5,DF,0.6549566984176636,0.02104496955871582,0.8422015309333801,1.0118765830993652,0.8557787537574768,0.6339117288589478,0.7748250961303711,0.6549566984176636,1.074324369430542,1807,36
7546,ISIC_0031852,,3,AKIEC,3,AKIEC,True,0.6283922791481018,0.9290445446968079,0,MEL,0.9512596726417542,0.02221512794494629,0.9512596726417542,1.0539225339889526,1.1154335737228394,0.9290445446968079,1.0189985036849976,1.1018400192260742,1.2295221090316772,1832,37
5261,ISIC_0029567,,3,AKIEC,3,AKIEC,True,0.6438830494880676,0.7290684580802917,2,BCC,0.7518755197525024,0.022807061672210693,0.9379493594169617,1.0418275594711304,0.7518755197525024,0.7290684580802917,0.9336575269699097,0.843438982963562,1.0486271381378174,1847,38
1233,ISIC_0025539,,3,AKIEC,3,AKIEC,True,0.7920421361923218,0.7754234671592712,4,BKL,0.8007782697677612,0.02535480260848999,0.8503133058547974,1.0315459966659546,0.9501974582672119,0.7754234671592712,0.8007782697677612,0.8863756060600281,1.073102593421936,1902,39
5156,ISIC_0029462,,3,AKIEC,2,BCC,False,0.45476239919662476,0.7555010318756104,2,BCC,0.7814419865608215,0.02594095468521118,0.9019235968589783,1.0344716310501099,0.7814419865608215,0.7555010318756104,0.9084571599960327,0.9133065938949585,1.109075665473938,1919,40
7303,ISIC_0031609,,3,AKIEC,1,NV,False,0.4998777210712433,0.8569793701171875,4,BKL,0.8832827210426331,0.026303350925445557,0.9271933436393738,0.9582653045654297,1.0605703592300415,0.8569793701171875,0.8832827210426331,0.9380296468734741,1.1395100355148315,1932,41
1105,ISIC_0025411,,3,AKIEC,3,AKIEC,True,0.6570181250572205,0.7571505904197693,0,MEL,0.7847206592559814,0.027570068836212158,0.7847206592559814,0.9428045749664307,0.9508996605873108,0.7571505904197693,0.8724585175514221,0.9805372357368469,1.1119567155838013,1965,42
4066,ISIC_0028372,,3,AKIEC,3,AKIEC,True,0.7099787592887878,0.7726641297340393,5,DF,0.8038528561592102,0.0311887264251709,0.9460946917533875,1.0676122903823853,1.0738650560379028,0.7726641297340393,0.8639801144599915,0.8038528561592102,1.190168023109436,2041,43
2021,ISIC_0026327,,3,AKIEC,3,AKIEC,True,0.7526179552078247,0.7514227628707886,2,BCC,0.786183774471283,0.034761011600494385,0.9235275387763977,1.0902265310287476,0.786183774471283,0.7514227628707886,0.9537045359611511,1.0177747011184692,1.1753361225128174,2120,44
6081,ISIC_0030387,,3,AKIEC,3,AKIEC,True,0.5659189820289612,0.9103265404701233,2,BCC,0.9459292888641357,0.03560274839401245,1.0085729360580444,1.0923343896865845,0.9459292888641357,0.9103265404701233,0.9716181755065918,0.9908631443977356,1.122969150543213,2138,45
2162,ISIC_0026468,,3,AKIEC,3,AKIEC,True,0.40955111384391785,1.0439201593399048,4,BKL,1.0824569463729858,0.038536787033081055,1.1533337831497192,1.1276854276657104,1.101837158203125,1.0439201593399048,1.0824569463729858,1.1118780374526978,1.1747896671295166,2210,46
7848,ISIC_0032154,,3,AKIEC,3,AKIEC,True,0.6374468207359314,0.8751438856124878,4,BKL,0.9140068888664246,0.03886300325393677,0.9935747981071472,1.1252515316009521,1.0490785837173462,0.8751438856124878,0.9140068888664246,1.047675609588623,1.2445663213729858,2223,47
4313,ISIC_0028619,,3,AKIEC,3,AKIEC,True,0.7104600667953491,0.8128576278686523,4,BKL,0.8536059260368347,0.04074829816818237,0.9829443097114563,1.157785415649414,1.0645300149917603,0.8128576278686523,0.8536059260368347,0.9075170159339905,1.1438184976577759,2283,48
205,ISIC_0024511,,3,AKIEC,3,AKIEC,True,0.441731333732605,0.7531241774559021,2,BCC,0.7943601608276367,0.04123598337173462,0.8653404712677002,1.0080147981643677,0.7943601608276367,0.7531241774559021,0.8574592471122742,0.8272960186004639,1.0534400939941406,2299,49
2778,ISIC_0027084,,3,AKIEC,3,AKIEC,True,0.7650072574615479,0.7497439980506897,2,BCC,0.7921882271766663,0.04244422912597656,0.8857640624046326,0.9907318949699402,0.7921882271766663,0.7497439980506897,0.8997695446014404,0.9179376363754272,1.0684388875961304,2328,50
3394,ISIC_0027700,,3,AKIEC,3,AKIEC,True,0.5473538637161255,0.6977789998054504,0,MEL,0.7413125038146973,0.043533504009246826,0.7413125038146973,0.976740300655365,0.8259361982345581,0.6977789998054504,0.7461037039756775,0.8512948751449585,1.1100550889968872,2357,51
958,ISIC_0025264,,3,AKIEC,3,AKIEC,True,0.7913858890533447,0.7740911245346069,4,BKL,0.8201377391815186,0.04604661464691162,0.835405170917511,1.0741175413131714,0.9907740354537964,0.7740911245346069,0.8201377391815186,0.8871689438819885,1.1263833045959473,2420,52
6737,ISIC_0031043,,3,AKIEC,3,AKIEC,True,0.5208218693733215,0.8104016780853271,0,MEL,0.8579986095428467,0.04759693145751953,0.8579986095428467,1.0312535762786865,0.9362990856170654,0.8104016780853271,0.896025538444519,0.920958399772644,1.1607098579406738,2452,53
2414,ISIC_0026720,,3,AKIEC,3,AKIEC,True,0.8781377673149109,0.7453503012657166,5,DF,0.7949780821800232,0.04962778091430664,0.9826580882072449,1.1028224229812622,0.9918602108955383,0.7453503012657166,0.9506630897521973,0.7949780821800232,1.0722087621688843,2506,54
8050,ISIC_0032356,,3,AKIEC,3,AKIEC,True,0.6224960088729858,0.6478922963142395,2,BCC,0.6978198885917664,0.049927592277526855,0.9580453038215637,1.1209090948104858,0.6978198885917664,0.6478922963142395,0.8746009469032288,0.8555010557174683,0.9241990447044373,2512,55
1865,ISIC_0026171,,3,AKIEC,3,AKIEC,True,0.8746501803398132,0.8149772882461548,4,BKL,0.8650389909744263,0.050061702728271484,1.0026137828826904,1.1581792831420898,1.0698834657669067,0.8149772882461548,0.8650389909744263,1.0357820987701416,1.0797991752624512,2514,56
5111,ISIC_0029417,,3,AKIEC,3,AKIEC,True,0.6579313278198242,0.7098535299301147,5,DF,0.7602906227111816,0.050437092781066895,0.9392622113227844,1.1300939321517944,0.8738805651664734,0.7098535299301147,0.8104351758956909,0.7602906227111816,1.1417900323867798,2524,57
7708,ISIC_0032014,,3,AKIEC,3,AKIEC,True,0.4844803214073181,0.6474641561508179,2,BCC,0.6988715529441833,0.05140739679336548,0.9004993438720703,1.0908881425857544,0.6988715529441833,0.6474641561508179,0.8424469232559204,0.8058751225471497,1.14006769657135,2552,58
3461,ISIC_0027767,,3,AKIEC,3,AKIEC,True,0.5694736838340759,0.7953066825866699,5,DF,0.8484146595001221,0.05310797691345215,0.853175163269043,1.0350807905197144,0.9207757115364075,0.7953066825866699,0.8726195096969604,0.8484146595001221,1.1482280492782593,2610,59
1497,ISIC_0025803,,3,AKIEC,3,AKIEC,True,0.8439075350761414,0.8274692893028259,4,BKL,0.8814029097557068,0.05393362045288086,1.023321509361267,1.0991389751434326,1.0223621129989624,0.8274692893028259,0.8814029097557068,0.9718667268753052,1.1324650049209595,2634,60
404,ISIC_0024710,,3,AKIEC,3,AKIEC,True,0.8347086310386658,0.7419370412826538,2,BCC,0.7968313097953796,0.05489426851272583,0.9944406747817993,1.2074077129364014,0.7968313097953796,0.7419370412826538,0.9821180105209351,1.0149818658828735,1.0151488780975342,2667,61
1651,ISIC_0025957,,3,AKIEC,3,AKIEC,True,0.679661214351654,0.6924571990966797,2,BCC,0.7475565671920776,0.05509936809539795,0.8805938959121704,1.0294108390808105,0.7475565671920776,0.6924571990966797,0.8839902877807617,0.914172887802124,1.141559362411499,2671,62
2160,ISIC_0026466,,3,AKIEC,3,AKIEC,True,0.7449581027030945,0.8413967490196228,2,BCC,0.8971148729324341,0.05571812391281128,0.9983254075050354,1.063720703125,0.8971148729324341,0.8413967490196228,1.0066125392913818,1.0498297214508057,1.158441185951233,2683,63
2243,ISIC_0026549,,3,AKIEC,3,AKIEC,True,0.6926029324531555,0.8011443018913269,4,BKL,0.8587532043457031,0.05760890245437622,0.8770306706428528,0.9914232492446899,0.9426088929176331,0.8011443018913269,0.8587532043457031,0.8891714215278625,1.1412160396575928,2738,64
6296,ISIC_0030602,,3,AKIEC,3,AKIEC,True,0.653559148311615,0.7570775747299194,0,MEL,0.8158981204032898,0.05882054567337036,0.8158981204032898,1.0017989873886108,0.9494280219078064,0.7570775747299194,0.8616779446601868,0.9199332594871521,1.1948713064193726,2779,65
4193,ISIC_0028499,,3,AKIEC,3,AKIEC,True,0.7768282890319824,0.7674571871757507,4,BKL,0.8276068568229675,0.0601496696472168,0.9783872365951538,1.1353591680526733,1.0142192840576172,0.7674571871757507,0.8276068568229675,0.9949089288711548,1.1895809173583984,2819,66
4075,ISIC_0028381,,3,AKIEC,3,AKIEC,True,0.6286767721176147,0.7830397486686707,0,MEL,0.8432145118713379,0.060174763202667236,0.8432145118713379,1.0880613327026367,1.0489333868026733,0.7830397486686707,0.8852453827857971,0.9313453435897827,1.2065330743789673,2820,67
4753,ISIC_0029059,,3,AKIEC,3,AKIEC,True,0.6700173616409302,0.7978380918502808,2,BCC,0.8607465028762817,0.06290841102600098,0.9435139298439026,1.125496506690979,0.8607465028762817,0.7978380918502808,0.90986567735672,0.934533953666687,1.1578774452209473,2902,68
1777,ISIC_0026083,,3,AKIEC,3,AKIEC,True,0.5769460797309875,0.8692789077758789,4,BKL,0.9327527284622192,0.06347382068634033,0.9662962555885315,1.0389881134033203,1.0049242973327637,0.8692789077758789,0.9327527284622192,0.9940148591995239,1.1251356601715088,2919,69
2948,ISIC_0027254,,3,AKIEC,3,AKIEC,True,0.7387269735336304,0.9904574751853943,4,BKL,1.054145336151123,0.06368786096572876,1.1226211786270142,1.1693388223648071,1.1221518516540527,0.9904574751853943,1.054145336151123,1.0725756883621216,1.1721702814102173,2925,70
7200,ISIC_0031506,,3,AKIEC,3,AKIEC,True,0.7829022407531738,0.8420711755752563,4,BKL,0.9057667851448059,0.06369560956954956,1.029691219329834,1.160138487815857,0.9820930361747742,0.8420711755752563,0.9057667851448059,1.0374404191970825,1.1761224269866943,2926,71
6479,ISIC_0030785,,3,AKIEC,3,AKIEC,True,0.8220378756523132,0.6992109417915344,2,BCC,0.7669047117233276,0.06769376993179321,0.9938309788703918,1.170804738998413,0.7669047117233276,0.6992109417915344,1.0110588073730469,0.9875184893608093,1.1079697608947754,3028,72
3413,ISIC_0027719,,3,AKIEC,3,AKIEC,True,0.43100520968437195,0.9619194865226746,5,DF,1.031873345375061,0.06995385885238647,1.0647387504577637,1.0441075563430786,1.0360476970672607,0.9619194865226746,1.0731645822525024,1.031873345375061,1.16386079788208,3084,73
1502,ISIC_0025808,,3,AKIEC,3,AKIEC,True,0.474850058555603,0.7167556881904602,2,BCC,0.7883252501487732,0.07156956195831299,1.016610860824585,1.1319974660873413,0.7883252501487732,0.7167556881904602,0.8885915279388428,0.8860430121421814,1.1117616891860962,3130,74
1299,ISIC_0025605,,3,AKIEC,3,AKIEC,True,0.6541366577148438,0.8835529685020447,4,BKL,0.9551689624786377,0.07161599397659302,0.989334762096405,1.1536368131637573,0.9668287038803101,0.8835529685020447,0.9551689624786377,1.1122990846633911,1.2179287672042847,3131,75
233,ISIC_0024539,,3,AKIEC,3,AKIEC,True,0.6868556141853333,0.834564208984375,4,BKL,0.9065831899642944,0.07201898097991943,1.0465291738510132,1.1558343172073364,1.04830801486969,0.834564208984375,0.9065831899642944,1.0016870498657227,1.1655932664871216,3140,76
5407,ISIC_0029713,,3,AKIEC,3,AKIEC,True,0.818618655204773,0.7422894239425659,2,BCC,0.8149333596229553,0.0726439356803894,0.9245195984840393,1.154955267906189,0.8149333596229553,0.7422894239425659,0.9388527274131775,1.0077080726623535,1.1744179725646973,3159,77
3362,ISIC_0027668,,3,AKIEC,3,AKIEC,True,0.9338372945785522,0.8589706420898438,4,BKL,0.9316643476486206,0.07269370555877686,0.9360960125923157,1.0645673274993896,1.0574414730072021,0.8589706420898438,0.9316643476486206,1.0345361232757568,1.1678235530853271,3161,78
3624,ISIC_0027930,,3,AKIEC,3,AKIEC,True,0.8012375831604004,0.8007895350456238,0,MEL,0.8744516968727112,0.0736621618270874,0.8744516968727112,1.042136549949646,0.9512820243835449,0.8007895350456238,0.8894057869911194,1.0102159976959229,1.1541697978973389,3189,79
4635,ISIC_0028941,,3,AKIEC,3,AKIEC,True,0.7011374831199646,1.1040198802947998,4,BKL,1.1796268224716187,0.07560694217681885,1.219206690788269,1.2467392683029175,1.2143077850341797,1.1040198802947998,1.1796268224716187,1.231216549873352,1.2793936729431152,3246,80
6515,ISIC_0030821,,3,AKIEC,3,AKIEC,True,0.5768412947654724,0.6838182806968689,4,BKL,0.7599055171012878,0.07608723640441895,0.8609281182289124,1.0170748233795166,0.9237110614776611,0.6838182806968689,0.7599055171012878,0.8185240626335144,1.0916908979415894,3261,81
3447,ISIC_0027753,,3,AKIEC,3,AKIEC,True,0.6448054909706116,0.7342537641525269,0,MEL,0.8106952905654907,0.07644152641296387,0.8106952905654907,1.0292026996612549,0.8968273401260376,0.7342537641525269,0.8716241121292114,0.8908416628837585,1.123918056488037,3271,82
5009,ISIC_0029315,,3,AKIEC,3,AKIEC,True,0.8413903713226318,0.6969714760780334,2,BCC,0.7736786603927612,0.07670718431472778,0.8103246092796326,0.9734888076782227,0.7736786603927612,0.6969714760780334,0.8643039464950562,0.8736157417297363,1.0505865812301636,3283,83
4962,ISIC_0029268,,3,AKIEC,3,AKIEC,True,0.7681831121444702,0.7943241000175476,0,MEL,0.8715196251869202,0.07719552516937256,0.8715196251869202,1.029069185256958,1.0091397762298584,0.7943241000175476,0.877454936504364,0.9096431136131287,1.153952717781067,3295,84
5626,ISIC_0029932,,3,AKIEC,3,AKIEC,True,0.8444868326187134,0.6855530738830566,0,MEL,0.7637656331062317,0.07821255922317505,0.7637656331062317,1.0067312717437744,0.9446083307266235,0.6855530738830566,0.8401157259941101,0.8590537905693054,1.1054328680038452,3326,85
2542,ISIC_0026848,,3,AKIEC,3,AKIEC,True,0.7372482419013977,0.810650646686554,4,BKL,0.8895498514175415,0.07889920473098755,0.9464846253395081,1.0880908966064453,1.0560390949249268,0.810650646686554,0.8895498514175415,0.9814061522483826,1.1689265966415405,3351,86
4424,ISIC_0028730,,3,AKIEC,3,AKIEC,True,0.7311055064201355,0.7859775424003601,4,BKL,0.8663572669029236,0.08037972450256348,0.9826610684394836,1.1319626569747925,0.9703599810600281,0.7859775424003601,0.8663572669029236,0.9641119837760925,1.1951195001602173,3411,87
4835,ISIC_0029141,,3,AKIEC,3,AKIEC,True,0.5716274976730347,0.8186342716217041,4,BKL,0.8994551301002502,0.08082085847854614,1.0409561395645142,1.227664589881897,1.066265344619751,0.8186342716217041,0.8994551301002502,1.0413649082183838,1.238853931427002,3419,88
9244,ISIC_0033550,,3,AKIEC,3,AKIEC,True,0.8473690748214722,0.7612563967704773,4,BKL,0.8428419828414917,0.0815855860710144,0.9756582379341125,1.107634425163269,1.0197012424468994,0.7612563967704773,0.8428419828414917,0.9591807126998901,1.1576709747314453,3434,89
1708,ISIC_0026014,,3,AKIEC,3,AKIEC,True,0.5226008892059326,0.7992998361587524,2,BCC,0.8812376260757446,0.08193778991699219,0.9080236554145813,1.0655680894851685,0.8812376260757446,0.7992998361587524,0.9067760705947876,0.9763561487197876,1.147813320159912,3445,90
2599,ISIC_0026905,,3,AKIEC,3,AKIEC,True,0.6822513341903687,0.8002951145172119,5,DF,0.8827740550041199,0.08247894048690796,0.976886510848999,1.0820558071136475,1.0354681015014648,0.8002951145172119,0.8847250938415527,0.8827740550041199,1.1439523696899414,3462,91
6349,ISIC_0030655,,3,AKIEC,3,AKIEC,True,0.8964187502861023,0.7657608389854431,4,BKL,0.848565399646759,0.08280456066131592,0.9976809024810791,1.1469827890396118,1.0585436820983887,0.7657608389854431,0.848565399646759,1.035023808479309,1.139373779296875,3470,92
1331,ISIC_0025637,,3,AKIEC,3,AKIEC,True,0.807409942150116,0.8392773270606995,4,BKL,0.9231538772583008,0.08387655019760132,1.0066081285476685,1.1157310009002686,1.041822075843811,0.8392773270606995,0.9231538772583008,1.0045099258422852,1.1560543775558472,3499,93
4566,ISIC_0028872,,3,AKIEC,3,AKIEC,True,0.8867749571800232,0.7595634460449219,4,BKL,0.8446648716926575,0.0851014256477356,0.8815765976905823,0.9908719062805176,0.9730815887451172,0.7595634460449219,0.8446648716926575,0.9045141935348511,1.0542957782745361,3538,94
2459,ISIC_0026765,,3,AKIEC,3,AKIEC,True,0.66558837890625,0.689768373966217,2,BCC,0.7755782604217529,0.08580988645553589,0.9844942688941956,1.1780455112457275,0.7755782604217529,0.689768373966217,0.907971978187561,0.9358866214752197,1.1428390741348267,3566,95
3271,ISIC_0027577,,3,AKIEC,3,AKIEC,True,0.5675732493400574,0.7397736310958862,4,BKL,0.8262755870819092,0.08650195598602295,0.9368595480918884,1.115779995918274,0.9799565672874451,0.7397736310958862,0.8262755870819092,0.9843828678131104,1.1945220232009888,3587,96
1642,ISIC_0025948,,3,AKIEC,3,AKIEC,True,0.6968538761138916,0.7830610275268555,4,BKL,0.8699347376823425,0.08687371015548706,0.9579421281814575,1.131954550743103,0.9121167063713074,0.7830610275268555,0.8699347376823425,0.9806822538375854,1.1409331560134888,3594,97
401,ISIC_0024707,,3,AKIEC,3,AKIEC,True,0.6180508136749268,0.794713020324707,4,BKL,0.882479727268219,0.08776670694351196,1.0162278413772583,1.1783714294433594,1.0445775985717773,0.794713020324707,0.882479727268219,1.0207395553588867,1.1585338115692139,3618,98
8091,ISIC_0032397,,3,AKIEC,3,AKIEC,True,0.7543417811393738,0.7430432438850403,0,MEL,0.8308578729629517,0.08781462907791138,0.8308578729629517,0.9745011329650879,0.9810582995414734,0.7430432438850403,0.8932257890701294,0.8585150837898254,1.1694823503494263,3620,99
5885,ISIC_0030191,,3,AKIEC,3,AKIEC,True,0.8261397480964661,0.7357567548751831,0,MEL,0.8236387968063354,0.08788204193115234,0.8236387968063354,0.9810813665390015,0.9050673842430115,0.7357567548751831,0.8659387826919556,0.8934585452079773,1.0505191087722778,3621,100
7683,ISIC_0031989,,4,BKL,2,BCC,False,0.5750126838684082,0.8986064791679382,3,AKIEC,0.6731220483779907,-0.2254844307899475,0.9245361089706421,1.0595307350158691,0.6887416243553162,0.6731220483779907,0.8986064791679382,0.9077685475349426,1.0474557876586914,8,1
6516,ISIC_0030822,,4,BKL,3,AKIEC,False,0.799757182598114,0.8387932777404785,3,AKIEC,0.6380533576011658,-0.20073992013931274,0.9585781693458557,1.121743083000183,0.9343621730804443,0.6380533576011658,0.8387932777404785,0.8995738625526428,1.1704734563827515,16,2
2301,ISIC_0026607,,4,BKL,2,BCC,False,0.5907501578330994,0.9562637805938721,2,BCC,0.7674664258956909,-0.18879735469818115,0.8928766250610352,1.0291653871536255,0.7674664258956909,0.8723650574684143,0.9562637805938721,1.032294750213623,1.1245226860046387,18,3
4305,ISIC_0028611,,4,BKL,3,AKIEC,False,0.6812679767608643,0.9948838353157043,3,AKIEC,0.8069526553153992,-0.18793118000030518,0.9162952303886414,1.0395046472549438,0.9161989092826843,0.8069526553153992,0.9948838353157043,0.943472146987915,1.1189448833465576,19,4
1679,ISIC_0025985,,4,BKL,2,BCC,False,0.7281270027160645,0.8039184808731079,2,BCC,0.6213076710700989,-0.18261080980300903,0.8959095478057861,1.0509434938430786,0.6213076710700989,0.7564639449119568,0.8039184808731079,0.8920672535896301,1.1058692932128906,22,5
3553,ISIC_0027859,,4,BKL,3,AKIEC,False,0.8916934728622437,0.7931123375892639,3,AKIEC,0.6148866415023804,-0.17822569608688354,0.9346886277198792,1.1165804862976074,1.0254398584365845,0.6148866415023804,0.7931123375892639,0.9123152494430542,1.1354868412017822,28,6
7231,ISIC_0031537,,4,BKL,3,AKIEC,False,0.8325609564781189,0.8981566429138184,3,AKIEC,0.720776379108429,-0.1773802638053894,0.9819622039794922,1.1446475982666016,0.9188690781593323,0.720776379108429,0.8981566429138184,0.9119331240653992,1.179570198059082,29,7
3798,ISIC_0028104,,4,BKL,2,BCC,False,0.8476037383079529,0.837468147277832,2,BCC,0.6607047319412231,-0.1767634153366089,0.74837327003479,0.9193085432052612,0.6607047319412231,0.841111958026886,0.837468147277832,0.8516198396682739,0.9608564376831055,30,8
4921,ISIC_0029227,,4,BKL,1,NV,False,0.8597238063812256,1.1241167783737183,1,NV,0.9543238878250122,-0.16979289054870605,1.082890510559082,0.9543238878250122,1.2377158403396606,1.2057032585144043,1.1241167783737183,1.0698330402374268,1.246227502822876,34,9
5854,ISIC_0030160,,4,BKL,5,DF,False,0.4785149395465851,0.9997570514678955,5,DF,0.8307859301567078,-0.16897112131118774,0.9210730195045471,1.0121783018112183,1.1072670221328735,1.0645527839660645,0.9997570514678955,0.8307859301567078,1.1867330074310303,35,10
1060,ISIC_0025366,,4,BKL,1,NV,False,0.797013521194458,1.1284947395324707,1,NV,0.9661714434623718,-0.16232329607009888,1.0842238664627075,0.9661714434623718,1.1678756475448608,1.1760945320129395,1.1284947395324707,1.0800282955169678,1.1475311517715454,41,11
2833,ISIC_0027139,,4,BKL,1,NV,False,0.908547580242157,1.0552371740341187,1,NV,0.8994073271751404,-0.15582984685897827,1.0229309797286987,0.8994073271751404,1.1519596576690674,1.0840115547180176,1.0552371740341187,1.0644835233688354,1.1667424440383911,51,12
9410,ISIC_0033716,,4,BKL,2,BCC,False,0.4541968107223511,1.0012633800506592,2,BCC,0.8476013541221619,-0.15366202592849731,0.9131592512130737,1.0652424097061157,0.8476013541221619,0.9631887078285217,1.0012633800506592,1.072435736656189,1.1685339212417603,54,13
7718,ISIC_0032024,,4,BKL,3,AKIEC,False,0.6624786853790283,0.8130286931991577,3,AKIEC,0.6725655198097229,-0.14046317338943481,0.911669135093689,1.094087839126587,0.8326794505119324,0.6725655198097229,0.8130286931991577,0.8511388301849365,1.1364922523498535,71,14
3306,ISIC_0027612,,4,BKL,5,DF,False,0.4191180169582367,0.840178370475769,5,DF,0.7060548663139343,-0.13412350416183472,0.8454522490501404,0.9240787029266357,0.9183322191238403,0.918006956577301,0.840178370475769,0.7060548663139343,1.0650993585586548,82,15
1020,ISIC_0025326,,4,BKL,4,BKL,True,0.5227980613708496,0.7910869121551514,3,AKIEC,0.6649326086044312,-0.12615430355072021,0.8722672462463379,1.1303660869598389,0.7830782532691956,0.6649326086044312,0.7910869121551514,0.8897820711135864,1.126476764678955,94,16
5274,ISIC_0029580,,4,BKL,2,BCC,False,0.5057895183563232,0.8227205276489258,2,BCC,0.6973370909690857,-0.1253834366798401,0.9031625390052795,1.1307456493377686,0.6973370909690857,0.7935567498207092,0.8227205276489258,0.9636598825454712,1.1243256330490112,98,17
9836,ISIC_0034142,,4,BKL,3,AKIEC,False,0.6813087463378906,0.7975446581840515,3,AKIEC,0.6736630201339722,-0.12388163805007935,0.9957347512245178,1.2022110223770142,1.029910922050476,0.6736630201339722,0.7975446581840515,0.8887861967086792,1.1891086101531982,103,18
4820,ISIC_0029126,,4,BKL,3,AKIEC,False,0.7301438450813293,0.8190213441848755,3,AKIEC,0.6966395378112793,-0.12238180637359619,0.9283133745193481,1.0722312927246094,0.817916214466095,0.6966395378112793,0.8190213441848755,0.8404720425605774,1.0054330825805664,110,19
675,ISIC_0024981,,4,BKL,0,MEL,False,0.6136815547943115,0.8647347092628479,0,MEL,0.7486246824264526,-0.11611002683639526,0.7486246824264526,0.9722704887390137,1.010899305343628,1.0047146081924438,0.8647347092628479,1.0066604614257812,1.065036654472351,138,20
7401,ISIC_0031707,,4,BKL,0,MEL,False,0.48936405777931213,0.9938720464706421,0,MEL,0.8781917691230774,-0.1156802773475647,0.8781917691230774,0.9861028790473938,1.1534316539764404,1.1027603149414062,0.9938720464706421,1.130521297454834,1.1955994367599487,139,21
6066,ISIC_0030372,,4,BKL,3,AKIEC,False,0.4404817223548889,0.8621851801872253,2,BCC,0.7493233680725098,-0.11286181211471558,0.8798974752426147,1.0926951169967651,0.7493233680725098,0.7542489767074585,0.8621851801872253,0.9687607884407043,1.1201601028442383,149,22
4401,ISIC_0028707,,4,BKL,3,AKIEC,False,0.8362488746643066,0.7121018171310425,3,AKIEC,0.6000072360038757,-0.11209458112716675,0.7978019714355469,1.0376739501953125,0.9042686820030212,0.6000072360038757,0.7121018171310425,0.7677866816520691,1.0893741846084595,155,23
6506,ISIC_0030812,,4,BKL,2,BCC,False,0.5436376333236694,0.8317523002624512,2,BCC,0.7252858281135559,-0.10646647214889526,0.9116015434265137,1.1046719551086426,0.7252858281135559,0.7591761350631714,0.8317523002624512,0.9658259153366089,1.0563868284225464,180,24
1622,ISIC_0025928,,4,BKL,3,AKIEC,False,0.5876854658126831,0.7762351036071777,3,AKIEC,0.6715739369392395,-0.10466116666793823,0.753003716468811,0.9690346121788025,0.7511001825332642,0.6715739369392395,0.7762351036071777,0.774010419845581,1.009691596031189,188,25
6394,ISIC_0030700,,4,BKL,3,AKIEC,False,0.5200177431106567,0.8188973665237427,3,AKIEC,0.7143592238426208,-0.10453814268112183,0.8566471934318542,1.0916630029678345,0.9198810458183289,0.7143592238426208,0.8188973665237427,0.8263706564903259,1.149329423904419,189,26
1083,ISIC_0025389,,4,BKL,3,AKIEC,False,0.4192159175872803,0.9151579141616821,3,AKIEC,0.8141611218452454,-0.10099679231643677,1.023057222366333,1.1734241247177124,0.8459799885749817,0.8141611218452454,0.9151579141616821,0.9817221760749817,1.173842430114746,207,27
6682,ISIC_0030988,,4,BKL,2,BCC,False,0.4089464843273163,0.8821224570274353,2,BCC,0.7819668054580688,-0.10015565156936646,0.8060750961303711,0.9080266356468201,0.7819668054580688,0.8500253558158875,0.8821224570274353,0.9360518455505371,1.0770636796951294,212,28
7143,ISIC_0031449,,4,BKL,5,DF,False,0.28479376435279846,0.8808284997940063,5,DF,0.780961275100708,-0.09986722469329834,0.9855140447616577,1.045487403869629,0.9903102517127991,0.8481583595275879,0.8808284997940063,0.780961275100708,1.142987608909607,213,29
6400,ISIC_0030706,,4,BKL,1,NV,False,0.6422236561775208,0.9310028553009033,0,MEL,0.8337453007698059,-0.09725755453109741,0.8337453007698059,0.901533305644989,0.9987761378288269,0.8894864916801453,0.9310028553009033,1.0099748373031616,1.1640781164169312,229,30
5496,ISIC_0029802,,4,BKL,3,AKIEC,False,0.3800561726093292,0.798408567905426,3,AKIEC,0.7017737030982971,-0.0966348648071289,0.8610661625862122,1.0935062170028687,0.7320321202278137,0.7017737030982971,0.798408567905426,0.9109727144241333,1.048611044883728,233,31
6570,ISIC_0030876,,4,BKL,3,AKIEC,False,0.6193259954452515,0.869957447052002,3,AKIEC,0.7745732069015503,-0.09538424015045166,1.0381340980529785,1.152630090713501,1.062136173248291,0.7745732069015503,0.869957447052002,1.0375627279281616,1.1578253507614136,238,32
6670,ISIC_0030976,,4,BKL,0,MEL,False,0.5874529480934143,0.8045179843902588,5,DF,0.7125362753868103,-0.09198170900344849,0.7470813393592834,0.9247526526451111,0.9563512802124023,0.8334389328956604,0.8045179843902588,0.7125362753868103,1.0403484106063843,257,33
7271,ISIC_0031577,,4,BKL,1,NV,False,0.5682567358016968,1.0502591133117676,1,NV,0.9604294896125793,-0.08982962369918823,1.0575863122940063,0.9604294896125793,1.1438255310058594,1.1125080585479736,1.0502591133117676,1.0770965814590454,1.2216646671295166,268,34
2933,ISIC_0027239,,4,BKL,3,AKIEC,False,0.40266433358192444,0.8014168739318848,3,AKIEC,0.7133573293685913,-0.08805954456329346,0.8636357188224792,1.1028261184692383,0.8510560989379883,0.7133573293685913,0.8014168739318848,0.8280276656150818,1.1873188018798828,281,35
2565,ISIC_0026871,,4,BKL,3,AKIEC,False,0.5932946801185608,0.90754234790802,3,AKIEC,0.8214162588119507,-0.08612608909606934,1.0051310062408447,1.0694862604141235,1.0631999969482422,0.8214162588119507,0.90754234790802,0.9356592893600464,1.1515564918518066,296,36
6,ISIC_0024312,,4,BKL,4,BKL,True,0.34637749195098877,0.8142253160476685,3,AKIEC,0.7284699082374573,-0.08575540781021118,0.9040931463241577,1.0671963691711426,0.7513918876647949,0.7284699082374573,0.8142253160476685,0.7857716679573059,1.0681231021881104,301,37
2712,ISIC_0027018,,4,BKL,3,AKIEC,False,0.501895546913147,0.8045152425765991,3,AKIEC,0.7189189791679382,-0.08559626340866089,0.8198977112770081,0.9997159838676453,0.8090652227401733,0.7189189791679382,0.8045152425765991,0.7691167593002319,1.1213526725769043,303,38
758,ISIC_0025064,,4,BKL,0,MEL,False,0.26933908462524414,1.0543742179870605,0,MEL,0.9732942581176758,-0.08107995986938477,0.9732942581176758,1.0869520902633667,1.0811933279037476,1.0716485977172852,1.0543742179870605,1.159745693206787,1.1660321950912476,332,39
3648,ISIC_0027954,,4,BKL,1,NV,False,0.5678727626800537,0.9370996952056885,1,NV,0.856874942779541,-0.08022475242614746,0.8930912017822266,0.856874942779541,1.0492616891860962,1.0257737636566162,0.9370996952056885,0.9336423873901367,1.064794898033142,339,40
6947,ISIC_0031253,,4,BKL,5,DF,False,0.38493961095809937,1.0739965438842773,5,DF,0.9984338283538818,-0.07556271553039551,1.1582456827163696,1.125162959098816,1.1979097127914429,1.1715431213378906,1.0739965438842773,0.9984338283538818,1.226597785949707,374,41
2317,ISIC_0026623,,4,BKL,2,BCC,False,0.41658127307891846,0.8741618394851685,3,AKIEC,0.7998961806297302,-0.07426565885543823,0.8998957276344299,1.0390797853469849,0.8969744443893433,0.7998961806297302,0.8741618394851685,0.9169753789901733,1.1555321216583252,380,42
7252,ISIC_0031558,,4,BKL,1,NV,False,0.6040603518486023,0.9736411571502686,5,DF,0.8996441960334778,-0.07399696111679077,1.0172816514968872,0.9389611482620239,1.1384788751602173,1.0976967811584473,0.9736411571502686,0.8996441960334778,1.1841869354248047,382,43
5294,ISIC_0029600,,4,BKL,6,VASC,False,0.30443283915519714,0.9600743055343628,6,VASC,0.8864870071411133,-0.07358729839324951,0.9736272096633911,1.027733564376831,1.0687987804412842,1.0438923835754395,0.9600743055343628,0.9936545491218567,0.8864870071411133,386,44
3374,ISIC_0027680,,4,BKL,3,AKIEC,False,0.47150930762290955,0.8635506629943848,3,AKIEC,0.7920305132865906,-0.07152014970779419,0.8427188992500305,1.075667142868042,0.8981528878211975,0.7920305132865906,0.8635506629943848,0.9536932110786438,1.0064058303833008,406,45
577,ISIC_0024883,,4,BKL,2,BCC,False,0.2530410587787628,0.9894554018974304,0,MEL,0.9186263680458069,-0.07082903385162354,0.9186263680458069,1.0240815877914429,0.9435377717018127,1.0323495864868164,0.9894554018974304,1.0780389308929443,1.1531823873519897,410,46
1353,ISIC_0025659,,4,BKL,3,AKIEC,False,0.5630940794944763,0.7247314453125,3,AKIEC,0.655190646648407,-0.06954079866409302,0.7519656419754028,1.032762885093689,0.769077479839325,0.655190646648407,0.7247314453125,0.7732771635055542,1.0954420566558838,417,47
4404,ISIC_0028710,,4,BKL,3,AKIEC,False,0.4842698276042938,0.7863709926605225,3,AKIEC,0.7199581861495972,-0.06641280651092529,0.8956899642944336,1.0614759922027588,1.0250664949417114,0.7199581861495972,0.7863709926605225,0.9503492116928101,1.1904213428497314,440,48
2463,ISIC_0026769,,4,BKL,3,AKIEC,False,0.4782368838787079,0.829411506652832,3,AKIEC,0.7632847428321838,-0.0661267638206482,0.8872361183166504,1.1076633930206299,0.9476436376571655,0.7632847428321838,0.829411506652832,0.7776025533676147,1.1312087774276733,443,49
3654,ISIC_0027960,,4,BKL,3,AKIEC,False,0.3935469388961792,0.8482925295829773,5,DF,0.7826995849609375,-0.0655929446220398,0.9213823676109314,1.0795644521713257,0.966208815574646,0.8029312491416931,0.8482925295829773,0.7826995849609375,1.0746691226959229,448,50
7681,ISIC_0031987,,4,BKL,4,BKL,True,0.44704669713974,0.864371657371521,5,DF,0.799109697341919,-0.06526196002960205,1.0268718004226685,1.1101057529449463,0.99017733335495,0.9720735549926758,0.864371657371521,0.799109697341919,1.158644437789917,449,51
2438,ISIC_0026744,,4,BKL,3,AKIEC,False,0.3606945276260376,0.8149715662002563,3,AKIEC,0.7499134540557861,-0.06505811214447021,0.8571112155914307,0.9992888569831848,0.8498530387878418,0.7499134540557861,0.8149715662002563,0.7849488258361816,1.1177234649658203,451,52
442,ISIC_0024748,,4,BKL,0,MEL,False,0.4270279109477997,0.9103896617889404,0,MEL,0.8472978472709656,-0.06309181451797485,0.8472978472709656,1.0111830234527588,1.0195796489715576,1.0245795249938965,0.9103896617889404,1.036017656326294,1.127898931503296,468,53
5775,ISIC_0030081,,4,BKL,4,BKL,True,0.3751693367958069,0.8749415278434753,2,BCC,0.8119304776191711,-0.0630110502243042,0.8725984692573547,1.0066428184509277,0.8119304776191711,0.9445657134056091,0.8749415278434753,0.9738977551460266,1.1102302074432373,469,54
575,ISIC_0024881,,4,BKL,4,BKL,True,0.5116298794746399,0.9096800088882446,3,AKIEC,0.8468881845474243,-0.06279182434082031,1.0375349521636963,1.1958942413330078,0.9469666481018066,0.8468881845474243,0.9096800088882446,1.011924147605896,1.0524450540542603,470,55
4244,ISIC_0028550,,4,BKL,4,BKL,True,0.4275735020637512,0.843043863773346,0,MEL,0.7805207967758179,-0.06252306699752808,0.7805207967758179,1.066697597503662,0.9073556661605835,0.8475733399391174,0.843043863773346,0.9064273834228516,1.1689914464950562,471,56
4801,ISIC_0029107,,4,BKL,1,NV,False,0.6671266555786133,0.9359970092773438,1,NV,0.8754831552505493,-0.060513854026794434,0.905559778213501,0.8754831552505493,1.0928529500961304,1.0247280597686768,0.9359970092773438,0.9536933898925781,1.1861755847930908,486,57
9859,ISIC_0034165,,4,BKL,4,BKL,True,0.6215283870697021,0.7480408549308777,0,MEL,0.690359354019165,-0.057681500911712646,0.690359354019165,0.9903413653373718,1.0480151176452637,0.9253461956977844,0.7480408549308777,0.9013701677322388,1.170516014099121,518,58
2720,ISIC_0027026,,4,BKL,3,AKIEC,False,0.4537023901939392,0.9287950992584229,3,AKIEC,0.8717280626296997,-0.057067036628723145,0.9927070736885071,1.1441792249679565,1.0757347345352173,0.8717280626296997,0.9287950992584229,0.9205321073532104,1.2337127923965454,528,59
4646,ISIC_0028952,,4,BKL,4,BKL,True,0.43426263332366943,0.9643658995628357,2,BCC,0.9090710282325745,-0.05529487133026123,0.9735659956932068,1.1113510131835938,0.9090710282325745,1.0307952165603638,0.9643658995628357,1.08026921749115,1.152492642402649,546,60
4191,ISIC_0028497,,4,BKL,4,BKL,True,0.6710211038589478,0.8691942691802979,5,DF,0.8147630095481873,-0.054431259632110596,0.9520494937896729,0.9960266947746277,0.9588796496391296,0.9927529692649841,0.8691942691802979,0.8147630095481873,1.0655053853988647,555,61
1498,ISIC_0025804,,4,BKL,1,NV,False,0.784801721572876,1.181905746459961,1,NV,1.1279616355895996,-0.05394411087036133,1.1942304372787476,1.1279616355895996,1.2461833953857422,1.2268141508102417,1.181905746459961,1.2064560651779175,1.2844483852386475,559,62
2758,ISIC_0027064,,4,BKL,4,BKL,True,0.6352008581161499,0.7193751931190491,5,DF,0.666567325592041,-0.05280786752700806,0.8211022615432739,1.0037001371383667,0.9967826008796692,0.8129174709320068,0.7193751931190491,0.666567325592041,1.0332622528076172,573,63
5685,ISIC_0029991,,4,BKL,4,BKL,True,0.7130093574523926,0.8547331094741821,2,BCC,0.8035958409309387,-0.05113726854324341,0.9564542174339294,1.1250985860824585,0.8035958409309387,0.8086811304092407,0.8547331094741821,0.9925824999809265,1.129075288772583,588,64
9819,ISIC_0034125,,4,BKL,4,BKL,True,0.8054308295249939,0.836211621761322,0,MEL,0.7850788831710815,-0.05113273859024048,0.7850788831710815,0.9841268062591553,1.0809818506240845,0.9728948473930359,0.836211621761322,0.9790346026420593,1.1200505495071411,589,65
5219,ISIC_0029525,,4,BKL,4,BKL,True,0.5714853405952454,0.8004626035690308,3,AKIEC,0.752397358417511,-0.048065245151519775,0.9878071546554565,1.1120686531066895,1.0157705545425415,0.752397358417511,0.8004626035690308,0.932126522064209,1.1583532094955444,619,66
5458,ISIC_0029764,,4,BKL,4,BKL,True,0.7427932620048523,0.9005635380744934,3,AKIEC,0.8525441288948059,-0.0480194091796875,1.0326130390167236,1.2209421396255493,0.9872855544090271,0.8525441288948059,0.9005635380744934,1.0001766681671143,1.121651291847229,620,67
8330,ISIC_0032636,,4,BKL,4,BKL,True,0.7667437195777893,0.894194483757019,0,MEL,0.8470497131347656,-0.04714477062225342,0.8470497131347656,1.0458831787109375,1.0529029369354248,1.0037169456481934,0.894194483757019,1.066344976425171,1.039635419845581,629,68
2543,ISIC_0026849,,4,BKL,4,BKL,True,0.4049273729324341,0.7945556044578552,3,AKIEC,0.7477415800094604,-0.046814024448394775,0.8990837335586548,1.1039460897445679,0.8535266518592834,0.7477415800094604,0.7945556044578552,0.8583128452301025,1.1515356302261353,632,69
5818,ISIC_0030124,,4,BKL,4,BKL,True,0.5478653311729431,0.8727279305458069,0,MEL,0.8271569609642029,-0.045570969581604004,0.8271569609642029,0.9610639214515686,1.0042688846588135,1.0012129545211792,0.8727279305458069,0.9437639117240906,0.9566966891288757,643,70
6694,ISIC_0031000,,4,BKL,3,AKIEC,False,0.49907243251800537,0.8017486333847046,3,AKIEC,0.7568379640579224,-0.04491066932678223,0.9442985653877258,1.1242467164993286,0.8322737216949463,0.7568379640579224,0.8017486333847046,0.8620060086250305,1.0842939615249634,653,71
3930,ISIC_0028236,,4,BKL,1,NV,False,0.44924917817115784,1.035695195198059,3,AKIEC,0.9913057684898376,-0.044389426708221436,1.045465350151062,1.0421888828277588,1.0883584022521973,0.9913057684898376,1.035695195198059,1.05820894241333,1.2180497646331787,661,72
8940,ISIC_0033246,,4,BKL,4,BKL,True,0.6331827044487,0.7837895154953003,5,DF,0.740336537361145,-0.04345297813415527,0.8184270858764648,1.0006920099258423,1.0467753410339355,0.9223991632461548,0.7837895154953003,0.740336537361145,1.1482155323028564,672,73
3475,ISIC_0027781,,4,BKL,4,BKL,True,0.48026174306869507,0.8106656074523926,0,MEL,0.7672977447509766,-0.043367862701416016,0.7672977447509766,1.0351533889770508,0.9527528285980225,0.8495396375656128,0.8106656074523926,0.9347966313362122,1.1498959064483643,674,74
4491,ISIC_0028797,,4,BKL,4,BKL,True,0.7297793626785278,0.9489627480506897,5,DF,0.9061213135719299,-0.042841434478759766,0.951876163482666,1.0182288885116577,1.0511208772659302,1.1037498712539673,0.9489627480506897,0.9061213135719299,1.16002357006073,681,75
5882,ISIC_0030188,,4,BKL,4,BKL,True,0.43532422184944153,0.8541261553764343,3,AKIEC,0.8125646114349365,-0.0415615439414978,0.8639761209487915,1.0159252882003784,1.026660442352295,0.8125646114349365,0.8541261553764343,0.9084435701370239,1.1575802564620972,699,76
7818,ISIC_0032124,,4,BKL,4,BKL,True,0.9412254691123962,0.8533250093460083,5,DF,0.8131377100944519,-0.040187299251556396,0.9575726389884949,1.0164827108383179,1.0739935636520386,0.9855365753173828,0.8533250093460083,0.8131377100944519,1.0674803256988525,715,77
5921,ISIC_0030227,,4,BKL,1,NV,False,0.6048283576965332,0.875900149345398,0,MEL,0.8367014527320862,-0.03919869661331177,0.8367014527320862,0.9552201628684998,0.9511708617210388,0.9351317882537842,0.875900149345398,0.9598785638809204,1.2015897035598755,730,78
2300,ISIC_0026606,,4,BKL,4,BKL,True,0.67063969373703,0.8893874883651733,0,MEL,0.8525931239128113,-0.03679436445236206,0.8525931239128113,1.040249228477478,1.0554059743881226,1.043809175491333,0.8893874883651733,1.0187392234802246,1.0564948320388794,760,79
6495,ISIC_0030801,,4,BKL,4,BKL,True,0.5931993126869202,0.8034230470657349,3,AKIEC,0.7683013677597046,-0.03512167930603027,0.9525039196014404,1.0911465883255005,0.9314608573913574,0.7683013677597046,0.8034230470657349,0.9186857342720032,1.160066843032837,781,80
5088,ISIC_0029394,,4,BKL,1,NV,False,0.7801650166511536,1.0318338871002197,1,NV,0.9972939491271973,-0.03453993797302246,1.0313807725906372,0.9972939491271973,1.2184159755706787,1.1578339338302612,1.0318338871002197,1.10972261428833,1.2616956233978271,789,81
5290,ISIC_0029596,,4,BKL,0,MEL,False,0.49883833527565,0.719151496887207,0,MEL,0.6876829266548157,-0.03146857023239136,0.6876829266548157,0.9431126713752747,0.8443077206611633,0.7405557632446289,0.719151496887207,0.7919146418571472,1.071880578994751,831,82
2537,ISIC_0026843,,4,BKL,4,BKL,True,0.38504862785339355,1.0107721090316772,0,MEL,0.9794392585754395,-0.03133285045623779,0.9794392585754395,1.0627131462097168,1.1071302890777588,1.1080683469772339,1.0107721090316772,1.0722283124923706,1.1680222749710083,836,83
9594,ISIC_0033900,,4,BKL,4,BKL,True,0.8650221824645996,0.9185305833816528,0,MEL,0.8873568773269653,-0.0311737060546875,0.8873568773269653,1.0898438692092896,1.0751292705535889,1.050020694732666,0.9185305833816528,1.0619045495986938,1.1737186908721924,841,84
6301,ISIC_0030607,,4,BKL,4,BKL,True,0.4401073455810547,0.8501017093658447,2,BCC,0.8196812868118286,-0.030420422554016113,0.9923216700553894,1.1090977191925049,0.8196812868118286,0.9165384769439697,0.8501017093658447,0.9246556758880615,1.119638442993164,849,85
8754,ISIC_0033060,,4,BKL,4,BKL,True,0.8661288619041443,0.8568330407142639,0,MEL,0.8281724452972412,-0.028660595417022705,0.8281724452972412,0.9626410007476807,1.0860415697097778,1.0296047925949097,0.8568330407142639,1.0200586318969727,1.1256197690963745,888,86
5377,ISIC_0029683,,4,BKL,1,NV,False,0.38382408022880554,0.9205524325370789,0,MEL,0.892033576965332,-0.028518855571746826,0.892033576965332,1.0007027387619019,1.1626794338226318,1.1060411930084229,0.9205524325370789,1.0794761180877686,1.1859203577041626,893,87
7464,ISIC_0031770,,4,BKL,3,AKIEC,False,0.3487912714481354,0.8382833003997803,3,AKIEC,0.8107032179832458,-0.027580082416534424,0.9289258122444153,1.0406817197799683,0.8694880604743958,0.8107032179832458,0.8382833003997803,0.8714424967765808,1.0588295459747314,907,88
6343,ISIC_0030649,,4,BKL,4,BKL,True,0.5754401087760925,0.805773913860321,2,BCC,0.7798213958740234,-0.025952517986297607,0.9351374506950378,1.073195457458496,0.7798213958740234,0.8319886326789856,0.805773913860321,0.8820992112159729,1.0637999773025513,926,89
8529,ISIC_0032835,,4,BKL,0,MEL,False,0.6587405204772949,0.917177140712738,0,MEL,0.8913156986236572,-0.02586144208908081,0.8913156986236572,1.1098524332046509,1.0102899074554443,0.9716212153434753,0.917177140712738,0.9241342544555664,1.211701512336731,928,90
6130,ISIC_0030436,,4,BKL,4,BKL,True,0.6883352398872375,0.8205949068069458,0,MEL,0.7950295209884644,-0.025565385818481445,0.7950295209884644,1.0116658210754395,0.9276840686798096,0.8708915710449219,0.8205949068069458,0.9577575922012329,1.0757884979248047,932,91
52,ISIC_0024358,,4,BKL,3,AKIEC,False,0.6162810325622559,0.8733801245689392,3,AKIEC,0.8479421734809875,-0.02543795108795166,0.8619263172149658,1.1022937297821045,1.0477232933044434,0.8479421734809875,0.8733801245689392,1.0751873254776,1.1972229480743408,933,92
1536,ISIC_0025842,,4,BKL,4,BKL,True,0.5258346796035767,0.7183096408843994,3,AKIEC,0.6930833458900452,-0.025226294994354248,0.8371564149856567,1.069164514541626,0.9262177348136902,0.6930833458900452,0.7183096408843994,0.7636340856552124,1.1261420249938965,937,93
6875,ISIC_0031181,,4,BKL,2,BCC,False,0.3236382007598877,0.9506806135177612,2,BCC,0.9265995621681213,-0.024081051349639893,0.972620964050293,1.0622998476028442,0.9265995621681213,0.950296938419342,0.9506806135177612,1.057560682296753,1.1680742502212524,961,94
3131,ISIC_0027437,,4,BKL,4,BKL,True,0.7143809199333191,0.7881231307983398,0,MEL,0.7647206783294678,-0.02340245246887207,0.7647206783294678,1.0130468606948853,1.0346893072128296,0.9074753522872925,0.7881231307983398,1.0042415857315063,1.174243450164795,975,95
7287,ISIC_0031593,,4,BKL,1,NV,False,0.29335200786590576,0.8293916583061218,3,AKIEC,0.806151807308197,-0.023239850997924805,0.8078488111495972,0.9506935477256775,0.9433518052101135,0.806151807308197,0.8293916583061218,0.8806318640708923,1.1218409538269043,979,96
7566,ISIC_0031872,,4,BKL,4,BKL,True,0.7860217690467834,0.8097937107086182,5,DF,0.7872763872146606,-0.02251732349395752,0.9287148714065552,1.0524101257324219,0.9747301936149597,0.9455543160438538,0.8097937107086182,0.7872763872146606,1.1098965406417847,991,97
9055,ISIC_0033361,,4,BKL,4,BKL,True,0.7863784432411194,0.8407955765724182,0,MEL,0.8185405731201172,-0.022255003452301025,0.8185405731201172,1.0009762048721313,1.0799241065979004,0.9567491412162781,0.8407955765724182,0.925413191318512,1.1244759559631348,993,98
403,ISIC_0024709,,4,BKL,4,BKL,True,0.5457841753959656,0.8817511796951294,5,DF,0.860396683216095,-0.021354496479034424,0.9948480725288391,1.0685136318206787,1.0896174907684326,0.9392493367195129,0.8817511796951294,0.860396683216095,1.1671451330184937,1005,99
2536,ISIC_0026842,,4,BKL,1,NV,False,0.590368390083313,1.0309584140777588,5,DF,1.0103927850723267,-0.02056562900543213,1.1005418300628662,1.04401695728302,1.0446885824203491,1.0393521785736084,1.0309584140777588,1.0103927850723267,1.1724998950958252,1016,100
7038,ISIC_0031344,,5,DF,3,AKIEC,False,0.47886791825294495,0.8443759083747864,3,AKIEC,0.6629732251167297,-0.18140268325805664,0.9576343297958374,1.0948630571365356,0.7942479252815247,0.6629732251167297,0.8307083249092102,0.8443759083747864,1.1473541259765625,25,1
1198,ISIC_0025504,,5,DF,1,NV,False,0.2941965162754059,1.0964852571487427,2,BCC,0.9966892004013062,-0.09979605674743652,1.0193212032318115,1.0326581001281738,0.9966892004013062,1.0089106559753418,1.0941543579101562,1.0964852571487427,1.2056816816329956,215,2
2910,ISIC_0027216,,5,DF,1,NV,False,0.8192041516304016,1.0786100625991821,1,NV,0.9845660924911499,-0.09404397010803223,1.1689269542694092,0.9845660924911499,1.2172759771347046,1.1703097820281982,1.15272855758667,1.0786100625991821,1.255548119544983,242,3
4040,ISIC_0028346,,5,DF,3,AKIEC,False,0.41578254103660583,0.8327137231826782,3,AKIEC,0.742893397808075,-0.08982032537460327,0.9792846441268921,1.1005862951278687,0.8849805593490601,0.742893397808075,0.842265784740448,0.8327137231826782,1.179617166519165,269,4
4345,ISIC_0028651,,5,DF,1,NV,False,0.6515744924545288,0.9630417823791504,1,NV,0.8805232644081116,-0.08251851797103882,1.046323537826538,0.8805232644081116,1.1711559295654297,1.1339929103851318,1.0745652914047241,0.9630417823791504,1.082588791847229,323,5
4620,ISIC_0028926,,5,DF,3,AKIEC,False,0.422759473323822,0.9130750298500061,3,AKIEC,0.8381719589233398,-0.07490307092666626,0.9189992547035217,1.0101374387741089,0.9139446020126343,0.8381719589233398,0.9615315794944763,0.9130750298500061,1.1687241792678833,379,6
2801,ISIC_0027107,,5,DF,0,MEL,False,0.2902528941631317,0.8652124404907227,4,BKL,0.8121042847633362,-0.053108155727386475,0.8197004795074463,0.9955729842185974,1.0292657613754272,0.8827958106994629,0.8121042847633362,0.8652124404907227,1.1648077964782715,571,7
1648,ISIC_0025954,,5,DF,1,NV,False,0.40556836128234863,1.0015708208084106,0,MEL,0.9606728553771973,-0.04089796543121338,0.9606728553771973,0.9831931591033936,1.018317699432373,0.966262698173523,1.020294427871704,1.0015708208084106,1.1043307781219482,705,8
6015,ISIC_0030321,,5,DF,2,BCC,False,0.6860809922218323,0.9606444239616394,2,BCC,0.9209515452384949,-0.03969287872314453,1.092871904373169,1.107143521308899,0.9209515452384949,0.9799985289573669,1.0684040784835815,0.9606444239616394,1.2202800512313843,724,9
7052,ISIC_0031358,,5,DF,3,AKIEC,False,0.46913859248161316,0.8961216807365417,3,AKIEC,0.8576278686523438,-0.038493812084198,1.1250544786453247,1.2140917778015137,1.0539315938949585,0.8576278686523438,0.9919010996818542,0.8961216807365417,1.2215185165405273,738,10
2738,ISIC_0027044,,5,DF,1,NV,False,0.4289410412311554,1.038696050643921,4,BKL,1.00743567943573,-0.03126037120819092,1.145092248916626,1.077125906944275,1.1770230531692505,1.150862455368042,1.00743567943573,1.038696050643921,1.2124916315078735,838,11
5585,ISIC_0029891,,5,DF,3,AKIEC,False,0.3938387334346771,0.8089023232460022,3,AKIEC,0.7795671224594116,-0.029335200786590576,0.8645332455635071,1.0152809619903564,0.8124454021453857,0.7795671224594116,0.8588674068450928,0.8089023232460022,1.068035364151001,874,12
1597,ISIC_0025903,,5,DF,1,NV,False,0.695727527141571,1.1680855751037598,1,NV,1.143104910850525,-0.024980664253234863,1.2628178596496582,1.143104910850525,1.2506424188613892,1.272961139678955,1.208946704864502,1.1680855751037598,1.2323614358901978,943,13
7123,ISIC_0031429,,5,DF,4,BKL,False,0.3009568750858307,0.8903607130050659,4,BKL,0.8684316873550415,-0.021929025650024414,0.8954439759254456,0.9628869295120239,1.0121666193008423,0.8991423845291138,0.8684316873550415,0.8903607130050659,1.0987935066223145,1000,14
4733,ISIC_0029039,,5,DF,1,NV,False,0.37718644738197327,0.9807437658309937,3,AKIEC,0.9622492790222168,-0.018494486808776855,0.9727045893669128,1.0016485452651978,0.9769445061683655,0.9622492790222168,1.0070706605911255,0.9807437658309937,1.1698299646377563,1052,15
3570,ISIC_0027876,,5,DF,3,AKIEC,False,0.3871475160121918,0.8191670775413513,3,AKIEC,0.8016747832298279,-0.017492294311523438,1.0007210969924927,1.0523476600646973,0.9316827654838562,0.8016747832298279,0.9488084316253662,0.8191670775413513,1.1479572057724,1069,16
5272,ISIC_0029578,,5,DF,5,DF,True,0.44305965304374695,0.9164603352546692,0,MEL,0.9029655456542969,-0.013494789600372314,0.9029655456542969,0.9711589217185974,1.1044015884399414,0.9989292025566101,0.9996351599693298,0.9164603352546692,1.1539154052734375,1129,17
6451,ISIC_0030757,,5,DF,3,AKIEC,False,0.5122051239013672,0.7097450494766235,3,AKIEC,0.7097997069358826,5.46574592590332e-05,0.9381134510040283,1.082890510559082,0.9631949663162231,0.7097997069358826,0.8365641832351685,0.7097450494766235,1.1270357370376587,1368,18
667,ISIC_0024973,,5,DF,5,DF,True,0.34403741359710693,0.8109784126281738,0,MEL,0.8135442733764648,0.0025658607482910156,0.8135442733764648,0.9205119609832764,0.8822718262672424,0.8873212337493896,0.922758936882019,0.8109784126281738,1.0707635879516602,1421,19
5661,ISIC_0029967,,5,DF,2,BCC,False,0.6961979866027832,0.8332691788673401,2,BCC,0.8369786739349365,0.0037094950675964355,0.9706878066062927,1.0911272764205933,0.8369786739349365,0.8470205664634705,0.9707349538803101,0.8332691788673401,1.1550357341766357,1453,20
5656,ISIC_0029962,,5,DF,4,BKL,False,0.38030806183815,0.8065157532691956,3,AKIEC,0.811579704284668,0.005063951015472412,0.9619374871253967,1.0530580282211304,0.9964314699172974,0.811579704284668,0.8184043765068054,0.8065157532691956,1.1120160818099976,1474,21
1674,ISIC_0025980,,5,DF,1,NV,False,0.36268433928489685,0.9465656280517578,1,NV,0.9633926153182983,0.016826987266540527,0.9860228896141052,0.9633926153182983,1.1444387435913086,1.0757020711898804,1.0029712915420532,0.9465656280517578,1.2110575437545776,1721,22
4871,ISIC_0029177,,5,DF,1,NV,False,0.5367951393127441,0.9897474050521851,1,NV,1.0114171504974365,0.021669745445251465,1.11101496219635,1.0114171504974365,1.1734018325805664,1.1987148523330688,1.1416411399841309,0.9897474050521851,1.1520988941192627,1820,23
7941,ISIC_0032247,,5,DF,5,DF,True,0.33269885182380676,0.817226767539978,0,MEL,0.8398681879043579,0.022641420364379883,0.8398681879043579,0.9958605170249939,0.9378474950790405,0.8583928346633911,0.8440731763839722,0.817226767539978,1.017311692237854,1842,24
688,ISIC_0024994,,5,DF,4,BKL,False,0.39585450291633606,0.9068254232406616,4,BKL,0.9310510158538818,0.024225592613220215,1.0577400922775269,1.0246700048446655,1.1683207750320435,1.1197627782821655,0.9310510158538818,0.9068254232406616,1.1755377054214478,1881,25
3292,ISIC_0027598,,5,DF,1,NV,False,0.6700345873832703,0.9438973069190979,1,NV,0.9733994603157043,0.029502153396606445,1.09212327003479,0.9733994603157043,1.1662803888320923,1.1799371242523193,1.0734992027282715,0.9438973069190979,1.189038634300232,2016,26
4429,ISIC_0028735,,5,DF,1,NV,False,0.31510207056999207,0.9707604050636292,4,BKL,1.0023276805877686,0.031567275524139404,1.0453604459762573,1.0352367162704468,1.07073175907135,1.0305452346801758,1.0023276805877686,0.9707604050636292,1.1304576396942139,2054,27
6136,ISIC_0030442,,5,DF,5,DF,True,0.6277055740356445,0.7015944123268127,4,BKL,0.7456774711608887,0.04408305883407593,0.8839156627655029,0.9632943272590637,1.0114521980285645,0.8473279476165771,0.7456774711608887,0.7015944123268127,1.0883787870407104,2373,28
5477,ISIC_0029783,,5,DF,3,AKIEC,False,0.28355199098587036,0.8770106434822083,3,AKIEC,0.9250622391700745,0.04805159568786621,0.9787917137145996,1.0198262929916382,0.9568687677383423,0.9250622391700745,0.9866783618927002,0.8770106434822083,0.987023115158081,2464,29
1362,ISIC_0025668,,5,DF,5,DF,True,0.4708244800567627,0.9518561959266663,4,BKL,1.0016947984695435,0.0498386025428772,1.05143404006958,1.096921443939209,1.1557729244232178,1.0966246128082275,1.0016947984695435,0.9518561959266663,1.2178905010223389,2510,30
9863,ISIC_0034169,,5,DF,2,BCC,False,0.5305359363555908,0.7775447368621826,2,BCC,0.8292573094367981,0.05171257257461548,0.9072045683860779,1.0047792196273804,0.8292573094367981,0.9154436588287354,0.9186275601387024,0.7775447368621826,1.0513736009597778,2562,31
7003,ISIC_0031309,,5,DF,5,DF,True,0.4563368856906891,0.8179788589477539,3,AKIEC,0.8714767694473267,0.053497910499572754,1.02747642993927,1.1378182172775269,0.984067440032959,0.8714767694473267,0.8779119849205017,0.8179788589477539,1.060753345489502,2623,32
6524,ISIC_0030830,,5,DF,5,DF,True,0.40673360228538513,0.9195843935012817,0,MEL,0.9740501046180725,0.05446571111679077,0.9740501046180725,0.9925885796546936,1.1606365442276,1.0968995094299316,1.020947813987732,0.9195843935012817,1.143673062324524,2655,33
848,ISIC_0025154,,5,DF,2,BCC,False,0.3547705113887787,0.7628445029258728,3,AKIEC,0.8267409801483154,0.06389647722244263,0.9574878811836243,1.0690650939941406,0.8695713877677917,0.8267409801483154,0.9417701363563538,0.7628445029258728,1.160220742225647,2932,34
2812,ISIC_0027118,,5,DF,1,NV,False,0.4465353190898895,0.9861719012260437,1,NV,1.0535780191421509,0.06740611791610718,1.0636677742004395,1.0535780191421509,1.1611229181289673,1.144720435142517,1.0712389945983887,0.9861719012260437,1.1873681545257568,3018,35
6564,ISIC_0030870,,5,DF,4,BKL,False,0.5379158854484558,0.8956531882286072,4,BKL,0.9720544219017029,0.0764012336730957,1.0891131162643433,1.160151481628418,1.1749602556228638,1.0943872928619385,0.9720544219017029,0.8956531882286072,1.206222414970398,3268,36
4824,ISIC_0029130,,5,DF,5,DF,True,0.4697646498680115,0.911238968372345,4,BKL,0.9932527542114258,0.08201378583908081,1.0956518650054932,1.1043511629104614,1.1829891204833984,1.1352190971374512,0.9932527542114258,0.911238968372345,1.190514326095581,3447,37
7808,ISIC_0032114,,5,DF,5,DF,True,0.6508800983428955,0.7191978096961975,3,AKIEC,0.8016313314437866,0.08243352174758911,0.9627016186714172,1.0835187435150146,0.9317237734794617,0.8016313314437866,0.8234113454818726,0.7191978096961975,1.1235135793685913,3459,38
7429,ISIC_0031735,,5,DF,5,DF,True,0.6606303453445435,0.678421139717102,3,AKIEC,0.7613932490348816,0.08297210931777954,0.9436751008033752,1.0835562944412231,0.9634032845497131,0.7613932490348816,0.8370953798294067,0.678421139717102,1.164597511291504,3474,39
2882,ISIC_0027188,,5,DF,5,DF,True,0.6232532858848572,0.8193920254707336,2,BCC,0.9038706421852112,0.08447861671447754,0.9835526943206787,1.063711166381836,0.9038706421852112,1.0016878843307495,0.9153465032577515,0.8193920254707336,1.1384742259979248,3519,40
2323,ISIC_0026629,,5,DF,1,NV,False,0.3663070499897003,0.8484548330307007,4,BKL,0.9332559704780579,0.08480113744735718,1.0321012735366821,0.9964087009429932,1.0214167833328247,0.9989324808120728,0.9332559704780579,0.8484548330307007,1.1564817428588867,3526,41
4942,ISIC_0029248,,5,DF,5,DF,True,0.5474407076835632,0.7795997262001038,4,BKL,0.8712866306304932,0.0916869044303894,0.9253851175308228,0.9892593026161194,1.0392794609069824,0.9021304845809937,0.8712866306304932,0.7795997262001038,1.1130709648132324,3727,42
7493,ISIC_0031799,,5,DF,5,DF,True,0.5683574080467224,0.8827768564224243,4,BKL,0.9889627695083618,0.1061859130859375,1.09315025806427,1.1724865436553955,1.185160756111145,1.082739233970642,0.9889627695083618,0.8827768564224243,1.2070525884628296,4149,43
5705,ISIC_0030011,,5,DF,5,DF,True,0.6568650603294373,0.6997836232185364,3,AKIEC,0.8103182911872864,0.11053466796875,0.9153748154640198,1.021459698677063,0.9794685244560242,0.8103182911872864,0.865253746509552,0.6997836232185364,1.0776830911636353,4262,44
3342,ISIC_0027648,,5,DF,5,DF,True,0.7870811223983765,0.7160359621047974,4,BKL,0.8312056660652161,0.1151697039604187,0.9632421731948853,1.0040698051452637,0.9987648129463196,0.8723660111427307,0.8312056660652161,0.7160359621047974,1.0417020320892334,4409,45
8104,ISIC_0032410,,5,DF,5,DF,True,0.6887868046760559,0.9115980267524719,4,BKL,1.0324808359146118,0.12088280916213989,1.0869373083114624,1.1531373262405396,1.134602665901184,1.0844227075576782,1.0324808359146118,0.9115980267524719,1.2296890020370483,4544,46
7151,ISIC_0031457,,5,DF,5,DF,True,0.44964799284935,0.672656238079071,3,AKIEC,0.7962132692337036,0.12355703115463257,0.9103532433509827,0.9942440986633301,0.9324339032173157,0.7962132692337036,0.8441382646560669,0.672656238079071,1.0977513790130615,4608,47
6359,ISIC_0030665,,5,DF,5,DF,True,0.5254358053207397,0.9761424660682678,4,BKL,1.1002295017242432,0.12408703565597534,1.1675374507904053,1.1199851036071777,1.2314178943634033,1.1884775161743164,1.1002295017242432,0.9761424660682678,1.2454010248184204,4618,48
2483,ISIC_0026789,,5,DF,5,DF,True,0.7011277675628662,0.702966034412384,3,AKIEC,0.8274681568145752,0.12450212240219116,0.9622287154197693,1.0711292028427124,0.931273877620697,0.8274681568145752,0.8782514333724976,0.702966034412384,1.0483583211898804,4630,49
9554,ISIC_0033860,,5,DF,5,DF,True,0.7179458141326904,0.8760437369346619,0,MEL,1.0053284168243408,0.12928467988967896,1.0053284168243408,1.0605562925338745,1.0794776678085327,1.0761431455612183,1.0165425539016724,0.8760437369346619,1.1980141401290894,4775,50
4991,ISIC_0029297,,5,DF,5,DF,True,0.5748311877250671,0.8097397089004517,0,MEL,0.9414852857589722,0.1317455768585205,0.9414852857589722,1.029593586921692,1.138635516166687,1.0246856212615967,0.9821946024894714,0.8097397089004517,1.153200387954712,4830,51
6249,ISIC_0030555,,5,DF,5,DF,True,0.6613723635673523,0.9111359119415283,4,BKL,1.0433231592178345,0.13218724727630615,1.1090948581695557,1.1561295986175537,1.145846962928772,1.0828503370285034,1.0433231592178345,0.9111359119415283,1.2135491371154785,4838,52
9502,ISIC_0033808,,5,DF,5,DF,True,0.7971987128257751,0.7613658905029297,0,MEL,0.8959415555000305,0.13457566499710083,0.8959415555000305,0.9596821665763855,1.1046531200408936,1.0320271253585815,0.9712491631507874,0.7613658905029297,1.1575648784637451,4902,53
247,ISIC_0024553,,5,DF,5,DF,True,0.6407783627510071,0.8728843927383423,2,BCC,1.011160969734192,0.1382765769958496,1.104715347290039,1.101779580116272,1.011160969734192,1.0564477443695068,1.047953486442566,0.8728843927383423,1.0496491193771362,4998,54
996,ISIC_0025302,,5,DF,5,DF,True,0.5167454481124878,0.7049520015716553,3,AKIEC,0.8437998294830322,0.13884782791137695,0.9194502830505371,0.985031247138977,0.9103118181228638,0.8437998294830322,0.9192540049552917,0.7049520015716553,1.1415892839431763,5015,55
3421,ISIC_0027727,,5,DF,5,DF,True,0.840376079082489,0.6339603066444397,3,AKIEC,0.7804875373840332,0.1465272307395935,0.9186697006225586,1.0029546022415161,0.932163417339325,0.7804875373840332,0.8724895715713501,0.6339603066444397,1.1125730276107788,5218,56
7832,ISIC_0032138,,5,DF,5,DF,True,0.696800172328949,0.7203565835952759,3,AKIEC,0.8717081546783447,0.15135157108306885,1.0181772708892822,1.0541325807571411,1.043889045715332,0.8717081546783447,0.9955474734306335,0.7203565835952759,1.1789522171020508,5343,57
9484,ISIC_0033790,,5,DF,5,DF,True,0.692307710647583,0.7298166751861572,0,MEL,0.8861119151115417,0.15629523992538452,0.8861119151115417,1.0315685272216797,1.0930781364440918,0.9555824398994446,0.9496556520462036,0.7298166751861572,1.1932185888290405,5466,58
1948,ISIC_0026254,,5,DF,5,DF,True,0.7478640675544739,0.8309535980224609,4,BKL,0.9890034198760986,0.1580498218536377,1.0670604705810547,1.0997881889343262,1.1298809051513672,1.0801163911819458,0.9890034198760986,0.8309535980224609,1.235787034034729,5506,59
2167,ISIC_0026473,,5,DF,5,DF,True,0.8590822815895081,0.6418551206588745,3,AKIEC,0.8035313487052917,0.16167622804641724,0.9245560169219971,1.0747897624969482,0.8567517399787903,0.8035313487052917,0.8892385363578796,0.6418551206588745,1.0789270401000977,5615,60
8336,ISIC_0032642,,5,DF,5,DF,True,0.9009671807289124,0.7549891471862793,0,MEL,0.9195926785469055,0.16460353136062622,0.9195926785469055,1.0556296110153198,1.1075681447982788,1.018587589263916,0.9951210021972656,0.7549891471862793,1.1820132732391357,5673,61
9116,ISIC_0033422,,5,DF,5,DF,True,0.792712390422821,0.7871851921081543,0,MEL,0.954031229019165,0.16684603691101074,0.954031229019165,1.0836071968078613,1.0129693746566772,1.0036975145339966,0.9764291048049927,0.7871851921081543,1.1679116487503052,5718,62
8635,ISIC_0032941,,5,DF,5,DF,True,0.6824291944503784,0.7736820578575134,3,AKIEC,0.9422078728675842,0.1685258150100708,1.0086640119552612,1.097002625465393,0.9430164098739624,0.9422078728675842,0.9913531541824341,0.7736820578575134,1.1488815546035767,5768,63
9369,ISIC_0033675,,5,DF,5,DF,True,0.8556531667709351,0.706114649772644,0,MEL,0.8779861927032471,0.17187154293060303,0.8779861927032471,1.0390980243682861,1.0644863843917847,0.9680104851722717,0.9494945406913757,0.706114649772644,1.1767849922180176,5838,64
2165,ISIC_0026471,,5,DF,5,DF,True,0.8308617472648621,0.7727894186973572,4,BKL,0.9447788000106812,0.17198938131332397,1.0292972326278687,1.078768253326416,1.1368277072906494,1.0410614013671875,0.9447788000106812,0.7727894186973572,1.183611273765564,5842,65
8950,ISIC_0033256,,5,DF,5,DF,True,0.7083511352539062,0.7223272323608398,0,MEL,0.8960046172142029,0.17367738485336304,0.8960046172142029,1.0992541313171387,1.0675815343856812,0.9028195142745972,0.9664208889007568,0.7223272323608398,1.1760532855987549,5890,66
5709,ISIC_0030015,,5,DF,5,DF,True,0.7110065817832947,0.613177478313446,3,AKIEC,0.7880344986915588,0.1748570203781128,0.8263671398162842,1.0193578004837036,0.8970519304275513,0.7880344986915588,0.8412628769874573,0.613177478313446,1.0726144313812256,5917,67
6696,ISIC_0031002,,5,DF,5,DF,True,0.7571980357170105,0.7315767407417297,0,MEL,0.9074029326438904,0.17582619190216064,0.9074029326438904,0.9691258668899536,1.05849289894104,1.0245578289031982,0.9350569248199463,0.7315767407417297,1.133199691772461,5940,68
2702,ISIC_0027008,,5,DF,5,DF,True,0.6522936820983887,0.6991701722145081,3,AKIEC,0.8825238943099976,0.1833537220954895,0.9100040793418884,1.0353285074234009,0.9271533489227295,0.8825238943099976,0.9811733365058899,0.6991701722145081,0.9549970626831055,6126,69
6951,ISIC_0031257,,5,DF,5,DF,True,0.7809082865715027,0.7995885610580444,4,BKL,0.987323522567749,0.1877349615097046,1.0080640316009521,1.0577120780944824,1.140670895576477,1.0619592666625977,0.987323522567749,0.7995885610580444,1.1595619916915894,6231,70
2835,ISIC_0027141,,5,DF,5,DF,True,0.6122762560844421,0.8374893069267273,1,NV,1.0259652137756348,0.18847590684890747,1.0805712938308716,1.0259652137756348,1.0327036380767822,1.0658645629882812,1.0487909317016602,0.8374893069267273,1.079756498336792,6250,71
1067,ISIC_0025373,,5,DF,5,DF,True,0.7885767817497253,0.7298291921615601,4,BKL,0.9184556603431702,0.1886264681816101,0.9286659359931946,0.9909666180610657,1.0397573709487915,0.9509783983230591,0.9184556603431702,0.7298291921615601,1.062735915184021,6259,72
5518,ISIC_0029824,,5,DF,5,DF,True,0.9097134470939636,0.8140788674354553,3,AKIEC,1.0039019584655762,0.18982309103012085,1.08987557888031,1.1811678409576416,1.1330690383911133,1.0039019584655762,1.0340198278427124,0.8140788674354553,1.225066065788269,6289,73
8307,ISIC_0032613,,5,DF,5,DF,True,0.6386366486549377,0.7396935820579529,0,MEL,0.9324232339859009,0.192729651927948,0.9324232339859009,1.0756722688674927,1.11235773563385,0.9342804551124573,1.0024219751358032,0.7396935820579529,1.1604727506637573,6359,74
9541,ISIC_0033847,,5,DF,5,DF,True,0.7924230694770813,0.7587009072303772,0,MEL,0.9564050436019897,0.19770413637161255,0.9564050436019897,0.9568049311637878,1.1207338571548462,1.019545316696167,1.0198854207992554,0.7587009072303772,1.183763027191162,6499,75
1465,ISIC_0025771,,5,DF,5,DF,True,0.9342264533042908,0.7307654023170471,4,BKL,0.9308011531829834,0.20003575086593628,0.9963597655296326,1.069282054901123,1.1002488136291504,0.9910409450531006,0.9308011531829834,0.7307654023170471,1.096853256225586,6553,76
6121,ISIC_0030427,,5,DF,5,DF,True,0.9490925669670105,0.6261156797409058,3,AKIEC,0.8263493180274963,0.20023363828659058,0.959926962852478,1.0757732391357422,0.9596541523933411,0.8263493180274963,0.8645128607749939,0.6261156797409058,1.0748714208602905,6559,77
5715,ISIC_0030021,,5,DF,5,DF,True,0.780171275138855,0.8390418887138367,0,MEL,1.0420455932617188,0.20300370454788208,1.0420455932617188,1.082343339920044,1.1629177331924438,1.1017637252807617,1.0927493572235107,0.8390418887138367,1.1910051107406616,6618,78
1316,ISIC_0025622,,5,DF,5,DF,True,0.8549923896789551,0.6883237957954407,0,MEL,0.8928089141845703,0.20448511838912964,0.8928089141845703,1.066968321800232,0.9812244772911072,0.9096869230270386,0.9213024973869324,0.6883237957954407,1.1691430807113647,6649,79
4574,ISIC_0028880,,5,DF,5,DF,True,0.7941516637802124,0.8452911376953125,4,BKL,1.0522466897964478,0.20695555210113525,1.0951852798461914,1.148309588432312,1.096856951713562,1.0577176809310913,1.0522466897964478,0.8452911376953125,1.179797887802124,6707,80
3320,ISIC_0027626,,5,DF,5,DF,True,0.9574840664863586,0.7048941254615784,3,AKIEC,0.9132471084594727,0.2083529829978943,1.0281012058258057,1.1191271543502808,1.0088690519332886,0.9132471084594727,0.9234804511070251,0.7048941254615784,1.0864944458007812,6742,81
4484,ISIC_0028790,,5,DF,5,DF,True,0.816590428352356,0.6929470300674438,3,AKIEC,0.9014747142791748,0.20852768421173096,0.9478904604911804,1.0986250638961792,0.9693988561630249,0.9014747142791748,0.9713712930679321,0.6929470300674438,1.0719072818756104,6747,82
7137,ISIC_0031443,,5,DF,5,DF,True,0.978621244430542,0.7380107045173645,3,AKIEC,0.9596444964408875,0.22163379192352295,1.0414897203445435,1.1551792621612549,1.1205329895019531,0.9596444964408875,1.0158565044403076,0.7380107045173645,1.197707176208496,7024,83
1008,ISIC_0025314,,5,DF,5,DF,True,0.8547229170799255,0.734567403793335,4,BKL,0.9588513374328613,0.22428393363952637,1.05343759059906,1.1218675374984741,1.1216274499893188,1.0406345129013062,0.9588513374328613,0.734567403793335,1.081426978111267,7089,84
7066,ISIC_0031372,,5,DF,5,DF,True,0.9517976641654968,0.6766131520271301,4,BKL,0.9024673700332642,0.22585421800613403,0.9684070944786072,1.09113347530365,1.0682650804519653,0.9590750336647034,0.9024673700332642,0.6766131520271301,1.1574410200119019,7124,85
5454,ISIC_0029760,,5,DF,5,DF,True,0.9266865849494934,0.776077926158905,4,BKL,1.0040260553359985,0.2279481291770935,1.0417226552963257,1.0947461128234863,1.1332772970199585,1.0600898265838623,1.0040260553359985,0.776077926158905,1.1512598991394043,7171,86
917,ISIC_0025223,,5,DF,5,DF,True,0.8489395976066589,0.6896620988845825,3,AKIEC,0.9191944003105164,0.22953230142593384,0.983521044254303,1.0829970836639404,0.971457839012146,0.9191944003105164,0.9825229644775391,0.6896620988845825,1.157961130142212,7210,87
5938,ISIC_0030244,,5,DF,5,DF,True,0.8889723420143127,0.6309789419174194,2,BCC,0.8610366582870483,0.2300577163696289,0.8752822875976562,0.9981520175933838,0.8610366582870483,0.9013307094573975,0.8749181032180786,0.6309789419174194,1.0366277694702148,7223,88
7521,ISIC_0031827,,5,DF,5,DF,True,0.9465976357460022,0.6998199820518494,3,AKIEC,0.9301119446754456,0.2302919626235962,0.9983375072479248,1.0793683528900146,1.0049734115600586,0.9301119446754456,0.9939472675323486,0.6998199820518494,1.0412073135375977,7230,89
3182,ISIC_0027488,,5,DF,5,DF,True,0.9352430105209351,0.6508634090423584,3,AKIEC,0.8875105977058411,0.23664718866348267,0.9343885779380798,1.0605906248092651,1.0258640050888062,0.8875105977058411,0.8878963589668274,0.6508634090423584,1.1554166078567505,7361,90
6817,ISIC_0031123,,5,DF,5,DF,True,0.9395290017127991,0.7519286274909973,4,BKL,0.9890033006668091,0.23707467317581177,1.0545330047607422,1.1066838502883911,1.1327626705169678,1.0163846015930176,0.9890033006668091,0.7519286274909973,1.1442410945892334,7369,91
3439,ISIC_0027745,,5,DF,5,DF,True,0.7571316361427307,0.7154453992843628,4,BKL,0.9545069336891174,0.23906153440475464,1.0028213262557983,0.9954613447189331,0.9680764675140381,0.9886179566383362,0.9545069336891174,0.7154453992843628,1.0700608491897583,7406,92
9585,ISIC_0033891,,5,DF,5,DF,True,0.8313542604446411,0.7304810881614685,4,BKL,0.970665693283081,0.24018460512161255,0.9895640015602112,1.0211037397384644,1.06269109249115,1.0561856031417847,0.970665693283081,0.7304810881614685,1.1405564546585083,7432,93
6273,ISIC_0030579,,5,DF,5,DF,True,0.9804091453552246,0.7442407608032227,3,AKIEC,0.9889799952507019,0.24473923444747925,1.06389319896698,1.18301260471344,1.0510375499725342,0.9889799952507019,1.0580062866210938,0.7442407608032227,1.1366699934005737,7518,94
539,ISIC_0024845,,5,DF,5,DF,True,0.9044705629348755,0.7283942699432373,3,AKIEC,0.9834572672843933,0.255062997341156,1.0379236936569214,1.060939908027649,1.1195775270462036,0.9834572672843933,0.9975171685218811,0.7283942699432373,1.1205233335494995,7761,95
2007,ISIC_0026313,,5,DF,5,DF,True,0.9430329203605652,0.6747589707374573,3,AKIEC,0.9310587048530579,0.2562997341156006,1.022079586982727,1.136889934539795,1.074506163597107,0.9310587048530579,0.9554349184036255,0.6747589707374573,1.158464789390564,7786,96
9504,ISIC_0033810,,5,DF,5,DF,True,0.9383546113967896,0.7107039093971252,4,BKL,0.9675503373146057,0.25684642791748047,0.9872650504112244,1.018425703048706,1.0806857347488403,1.024232268333435,0.9675503373146057,0.7107039093971252,1.1128809452056885,7796,97
5667,ISIC_0029973,,5,DF,5,DF,True,0.8460079431533813,0.7778099179267883,4,BKL,1.0382378101348877,0.26042789220809937,1.077495813369751,1.0982071161270142,1.169224739074707,1.0958536863327026,1.0382378101348877,0.7778099179267883,1.2050788402557373,7890,98
1288,ISIC_0025594,,5,DF,5,DF,True,0.9538262486457825,0.7961559891700745,4,BKL,1.058996319770813,0.2628403306007385,1.070676326751709,1.153283953666687,1.1624164581298828,1.1029103994369507,1.058996319770813,0.7961559891700745,1.2297545671463013,7947,99
4746,ISIC_0029052,,5,DF,5,DF,True,0.8980920314788818,0.7809268832206726,4,BKL,1.050797939300537,0.2698710560798645,1.0806180238723755,1.1371299028396606,1.075197458267212,1.0713142156600952,1.050797939300537,0.7809268832206726,1.1086711883544922,8114,100
5180,ISIC_0029486,,6,VASC,5,DF,False,0.2558693587779999,1.1046292781829834,5,DF,0.8699641227722168,-0.2346651554107666,0.9894760847091675,1.0563271045684814,0.988808274269104,0.9621648788452148,0.9665645360946655,0.8699641227722168,1.1046292781829834,5,1
943,ISIC_0025249,,6,VASC,5,DF,False,0.8275313377380371,1.0305598974227905,5,DF,0.8034889698028564,-0.22707092761993408,1.0130703449249268,1.0978472232818604,1.0725047588348389,1.0664458274841309,0.991247832775116,0.8034889698028564,1.0305598974227905,6,2
7595,ISIC_0031901,,6,VASC,2,BCC,False,0.31604868173599243,1.128347396850586,2,BCC,1.007820963859558,-0.12052643299102783,1.0871962308883667,1.1291989088058472,1.007820963859558,1.0445724725723267,1.0197592973709106,1.0133055448532104,1.128347396850586,118,3
7649,ISIC_0031955,,6,VASC,1,NV,False,0.46787992119789124,1.0574150085449219,5,DF,0.9446724057197571,-0.1127426028251648,1.0435726642608643,1.027424931526184,1.0399445295333862,1.0892730951309204,0.9975084662437439,0.9446724057197571,1.0574150085449219,151,4
3840,ISIC_0028146,,6,VASC,1,NV,False,0.6122872233390808,0.9597721695899963,1,NV,0.9677568078041077,0.007984638214111328,1.080128788948059,0.9677568078041077,1.1089235544204712,1.1530308723449707,1.1540391445159912,1.1313979625701904,0.9597721695899963,1533,5
7413,ISIC_0031719,,6,VASC,1,NV,False,0.3886859714984894,0.9678707718849182,1,NV,1.0455334186553955,0.0776626467704773,1.0717368125915527,1.0455334186553955,1.1887167692184448,1.1026711463928223,1.0811723470687866,1.0976423025131226,0.9678707718849182,3312,6
9152,ISIC_0033458,,6,VASC,6,VASC,True,0.45055046677589417,0.8094304203987122,0,MEL,0.9092759490013123,0.0998455286026001,0.9092759490013123,1.0302916765213013,0.9374392628669739,0.9349608421325684,0.942455530166626,0.9270254373550415,0.8094304203987122,3961,7
169,ISIC_0024475,,6,VASC,6,VASC,True,0.4753415882587433,0.8534752130508423,2,BCC,0.9697684049606323,0.11629319190979004,1.0402331352233887,1.0295132398605347,0.9697684049606323,1.0734567642211914,1.0351427793502808,0.9798162579536438,0.8534752130508423,4431,8
5764,ISIC_0030070,,6,VASC,1,NV,False,0.5345284342765808,0.8602587580680847,5,DF,0.9896979331970215,0.12943917512893677,1.0181444883346558,0.9940312504768372,1.0914586782455444,1.08688223361969,0.9966933727264404,0.9896979331970215,0.8602587580680847,4780,9
9908,ISIC_0034214,,6,VASC,6,VASC,True,0.8730318546295166,0.741634726524353,2,BCC,0.8855071067810059,0.14387238025665283,0.9338391423225403,1.0734511613845825,0.8855071067810059,0.9158660769462585,1.0092720985412598,0.9556428790092468,0.741634726524353,5145,10
6784,ISIC_0031090,,6,VASC,6,VASC,True,0.7597325444221497,0.8194953203201294,5,DF,0.9721813201904297,0.1526859998703003,0.9727321863174438,1.0466008186340332,1.0818562507629395,1.0558723211288452,1.0608195066452026,0.9721813201904297,0.8194953203201294,5382,11
8469,ISIC_0032775,,6,VASC,6,VASC,True,0.6963168382644653,0.7385886311531067,0,MEL,0.8991819620132446,0.16059333086013794,0.8991819620132446,1.0374860763549805,1.019766092300415,0.9980711340904236,0.9963522553443909,1.026982307434082,0.7385886311531067,5576,12
944,ISIC_0025250,,6,VASC,6,VASC,True,0.8636960983276367,0.8277075886726379,2,BCC,1.0142594575881958,0.18655186891555786,1.0982872247695923,1.1538944244384766,1.0142594575881958,1.0901083946228027,1.092348575592041,1.1563739776611328,0.8277075886726379,6204,13
8924,ISIC_0033230,,6,VASC,6,VASC,True,0.9336570501327515,0.6646894812583923,2,BCC,0.8555284738540649,0.1908389925956726,0.9066244959831238,1.0355311632156372,0.8555284738540649,0.8810299038887024,0.9613456726074219,0.9340352416038513,0.6646894812583923,6308,14
9456,ISIC_0033762,,6,VASC,6,VASC,True,0.864526093006134,0.6937268376350403,3,AKIEC,0.8860881328582764,0.19236129522323608,0.9184321761131287,1.080407977104187,0.9142485857009888,0.8860881328582764,1.0022794008255005,0.9037043452262878,0.6937268376350403,6350,15
3359,ISIC_0027665,,6,VASC,6,VASC,True,0.5310329794883728,0.8436981439590454,1,NV,1.0367416143417358,0.19304347038269043,1.1667124032974243,1.0367416143417358,1.1563800573349,1.1887037754058838,1.1898454427719116,1.157963752746582,0.8436981439590454,6374,16
2150,ISIC_0026456,,6,VASC,6,VASC,True,0.7117452621459961,0.7603439092636108,2,BCC,0.9568560719490051,0.1965121626853943,1.1073530912399292,1.1396087408065796,0.9568560719490051,1.0133453607559204,1.0793977975845337,1.1096893548965454,0.7603439092636108,6462,17
3257,ISIC_0027563,,6,VASC,6,VASC,True,0.7728671431541443,0.7313698530197144,2,BCC,0.9316467642784119,0.2002769112586975,0.9557597637176514,0.9834543466567993,0.9316467642784119,1.0605493783950806,1.0037912130355835,0.9431778788566589,0.7313698530197144,6560,18
2853,ISIC_0027159,,6,VASC,6,VASC,True,0.8563433885574341,0.7972161173820496,0,MEL,1.0065139532089233,0.20929783582687378,1.0065139532089233,1.037308692932129,1.111418604850769,1.1452490091323853,1.0981926918029785,1.0327566862106323,0.7972161173820496,6764,19
8439,ISIC_0032745,,6,VASC,6,VASC,True,0.8540627956390381,0.7760012149810791,4,BKL,0.9932350516319275,0.2172338366508484,1.0304056406021118,1.0826281309127808,1.0391513109207153,1.0545148849487305,0.9932350516319275,1.037170171737671,0.7760012149810791,6947,20
3597,ISIC_0027903,,6,VASC,6,VASC,True,0.944476306438446,0.6636404395103455,3,AKIEC,0.8841313123703003,0.22049087285995483,0.9463350176811218,1.0261468887329102,0.9196367859840393,0.8841313123703003,0.9395059943199158,0.8872109055519104,0.6636404395103455,7001,21
8725,ISIC_0033031,,6,VASC,6,VASC,True,0.8489270210266113,0.7035782337188721,0,MEL,0.930063009262085,0.2264847755432129,0.930063009262085,1.035193920135498,0.9773385524749756,0.9396783709526062,0.955883264541626,0.9498618245124817,0.7035782337188721,7137,22
938,ISIC_0025244,,6,VASC,6,VASC,True,0.767663836479187,0.83128821849823,1,NV,1.0601929426193237,0.22890472412109375,1.1107063293457031,1.0601929426193237,1.163625955581665,1.170165777206421,1.1428935527801514,1.1390305757522583,0.83128821849823,7193,23
8948,ISIC_0033254,,6,VASC,6,VASC,True,0.8056647777557373,0.6703640818595886,0,MEL,0.901045560836792,0.23068147897720337,0.901045560836792,1.0233396291732788,1.031263828277588,0.9944247007369995,1.0179287195205688,0.9860453605651855,0.6703640818595886,7238,24
3857,ISIC_0028163,,6,VASC,6,VASC,True,0.9106011390686035,0.6660459041595459,5,DF,0.9046473503112793,0.2386014461517334,0.9907885193824768,1.0174379348754883,0.9827467203140259,1.050031065940857,1.063736915588379,0.9046473503112793,0.6660459041595459,7394,25
2407,ISIC_0026713,,6,VASC,6,VASC,True,0.9048128724098206,0.6636436581611633,2,BCC,0.9349901676177979,0.2713465094566345,1.0301563739776611,1.0354173183441162,0.9349901676177979,1.0789811611175537,1.0666182041168213,1.0117053985595703,0.6636436581611633,8158,26
1272,ISIC_0025578,,6,VASC,6,VASC,True,0.8737367987632751,0.692160427570343,0,MEL,0.9653377532958984,0.2731773257255554,0.9653377532958984,1.0389771461486816,1.0759825706481934,1.0622504949569702,1.0156434774398804,1.0978248119354248,0.692160427570343,8196,27
8786,ISIC_0033092,,6,VASC,6,VASC,True,0.9145069122314453,0.7892271280288696,4,BKL,1.0637407302856445,0.2745136022567749,1.0783740282058716,1.1555976867675781,1.1091814041137695,1.0935311317443848,1.0637407302856445,1.102111577987671,0.7892271280288696,8229,28
5571,ISIC_0029877,,6,VASC,6,VASC,True,0.8646606206893921,0.7781323790550232,1,NV,1.0540664196014404,0.27593404054641724,1.120449185371399,1.0540664196014404,1.2178741693496704,1.2168538570404053,1.1962764263153076,1.0827884674072266,0.7781323790550232,8262,29
8251,ISIC_0032557,,6,VASC,6,VASC,True,0.9190869927406311,0.7388381361961365,0,MEL,1.0156959295272827,0.27685779333114624,1.0156959295272827,1.0894204378128052,1.0439430475234985,1.0467158555984497,1.0171891450881958,1.032501220703125,0.7388381361961365,8284,30
1119,ISIC_0025425,,6,VASC,6,VASC,True,0.67694491147995,0.8063260912895203,1,NV,1.0844718217849731,0.2781457304954529,1.2237852811813354,1.0844718217849731,1.1979957818984985,1.2150951623916626,1.2278395891189575,1.2049472332000732,0.8063260912895203,8319,31
1567,ISIC_0025873,,6,VASC,6,VASC,True,0.716299831867218,0.799507737159729,1,NV,1.0872793197631836,0.2877715826034546,1.1733183860778809,1.0872793197631836,1.2162386178970337,1.2078789472579956,1.180179238319397,1.1701037883758545,0.799507737159729,8561,32
5969,ISIC_0030275,,6,VASC,6,VASC,True,0.88576340675354,0.7388162016868591,0,MEL,1.0275801420211792,0.28876394033432007,1.0275801420211792,1.0819449424743652,1.0868003368377686,1.063936471939087,1.0660053491592407,1.0997852087020874,0.7388162016868591,8583,33
9511,ISIC_0033817,,6,VASC,6,VASC,True,0.8977234363555908,0.6724962592124939,5,DF,0.9651512503623962,0.29265499114990234,0.9945341348648071,1.0069899559020996,0.9901226758956909,1.0037137269973755,1.0270094871520996,0.9651512503623962,0.6724962592124939,8666,34
7964,ISIC_0032270,,6,VASC,6,VASC,True,0.9138738512992859,0.7618130445480347,1,NV,1.0560184717178345,0.2942054271697998,1.0962586402893066,1.0560184717178345,1.197493076324463,1.1937940120697021,1.1186473369598389,1.1047756671905518,0.7618130445480347,8703,35
3484,ISIC_0027790,,6,VASC,6,VASC,True,0.8261955380439758,0.7983115315437317,5,DF,1.0950332880020142,0.29672175645828247,1.1296069622039795,1.12235689163208,1.125449776649475,1.1304501295089722,1.1251647472381592,1.0950332880020142,0.7983115315437317,8779,36
891,ISIC_0025197,,6,VASC,6,VASC,True,0.7033957242965698,0.7527158856391907,1,NV,1.0501132011413574,0.29739731550216675,1.171925663948059,1.0501132011413574,1.1968355178833008,1.1960762739181519,1.171932578086853,1.177114486694336,0.7527158856391907,8799,37
3677,ISIC_0027983,,6,VASC,6,VASC,True,0.8491864800453186,0.6064198613166809,2,BCC,0.9081645011901855,0.30174463987350464,1.027268648147583,1.0561511516571045,0.9081645011901855,0.9927917718887329,1.046661615371704,0.9262663125991821,0.6064198613166809,8907,38
7040,ISIC_0031346,,6,VASC,6,VASC,True,0.9460709691047668,0.6385283470153809,4,BKL,0.9424448609352112,0.3039165139198303,1.0020684003829956,1.0554628372192383,0.9962317943572998,1.0128188133239746,0.9424448609352112,0.9756364822387695,0.6385283470153809,8971,39
9890,ISIC_0034196,,6,VASC,6,VASC,True,0.9088414311408997,0.7243664860725403,2,BCC,1.0381752252578735,0.31380873918533325,1.063673973083496,1.105867624282837,1.0381752252578735,1.0760393142700195,1.0814273357391357,1.1234694719314575,0.7243664860725403,9207,40
356,ISIC_0024662,,6,VASC,6,VASC,True,0.9039161205291748,0.7969824075698853,1,NV,1.1117782592773438,0.3147958517074585,1.1653475761413574,1.1117782592773438,1.2162739038467407,1.2285144329071045,1.192389965057373,1.1447792053222656,0.7969824075698853,9228,41
5142,ISIC_0029448,,6,VASC,6,VASC,True,0.959266185760498,0.6574593782424927,0,MEL,0.9827370047569275,0.3252776265144348,0.9827370047569275,1.0275931358337402,1.0994864702224731,1.0697212219238281,1.029279351234436,1.1050527095794678,0.6574593782424927,9430,42
4793,ISIC_0029099,,6,VASC,6,VASC,True,0.9194504618644714,0.6258952021598816,5,DF,0.9516972303390503,0.3258020281791687,1.018325686454773,1.0250324010849,0.9540868401527405,1.0088202953338623,1.024046778678894,0.9516972303390503,0.6258952021598816,9439,43
7934,ISIC_0032240,,6,VASC,6,VASC,True,0.9676469564437866,0.5851665139198303,5,DF,0.9205602407455444,0.3353937268257141,1.0490731000900269,1.0852934122085571,1.0003219842910767,1.0715579986572266,1.0907559394836426,0.9205602407455444,0.5851665139198303,9592,44
6464,ISIC_0030770,,6,VASC,6,VASC,True,0.859940767288208,0.6657775044441223,2,BCC,1.0038832426071167,0.3381057381629944,1.0635473728179932,1.0623195171356201,1.0038832426071167,1.0860403776168823,1.0732309818267822,1.014202356338501,0.6657775044441223,9639,45
441,ISIC_0024747,,6,VASC,6,VASC,True,0.9545897245407104,0.5909625291824341,2,BCC,0.9418783783912659,0.3509158492088318,1.0067031383514404,1.0818085670471191,0.9418783783912659,1.0063023567199707,1.0466161966323853,0.9714565277099609,0.5909625291824341,9765,46
69,ISIC_0024375,,6,VASC,6,VASC,True,0.7378599047660828,0.6925396919250488,1,NV,1.0472612380981445,0.3547215461730957,1.116477608680725,1.0472612380981445,1.0756858587265015,1.155767560005188,1.140556812286377,1.09048593044281,0.6925396919250488,9788,47
9443,ISIC_0033749,,6,VASC,6,VASC,True,0.9584484100341797,0.6834713220596313,3,AKIEC,1.0385066270828247,0.35503530502319336,1.0397977828979492,1.1006850004196167,1.0469396114349365,1.0385066270828247,1.0561962127685547,1.0916234254837036,0.6834713220596313,9792,48
4125,ISIC_0028431,,6,VASC,6,VASC,True,0.8798677325248718,0.7076013088226318,1,NV,1.063389539718628,0.3557882308959961,1.12739896774292,1.063389539718628,1.1321234703063965,1.1521189212799072,1.1255756616592407,1.0696505308151245,0.7076013088226318,9797,49
6964,ISIC_0031270,,6,VASC,6,VASC,True,0.9312469363212585,0.6286752223968506,0,MEL,0.9856667518615723,0.3569915294647217,0.9856667518615723,1.0715581178665161,1.0558232069015503,1.0407625436782837,1.0519540309906006,1.0331950187683105,0.6286752223968506,9804,50
1401,ISIC_0025707,,6,VASC,6,VASC,True,0.8791677355766296,0.7207468748092651,1,NV,1.0797374248504639,0.35899055004119873,1.104947805404663,1.0797374248504639,1.1145155429840088,1.144607424736023,1.10032320022583,1.1129579544067383,0.7207468748092651,9821,51
7690,ISIC_0031996,,6,VASC,6,VASC,True,0.9244341850280762,0.7856124639511108,4,BKL,1.1463205814361572,0.3607081174850464,1.1633849143981934,1.1842551231384277,1.165322184562683,1.1516135931015015,1.1463205814361572,1.1467483043670654,0.7856124639511108,9833,52
3882,ISIC_0028188,,6,VASC,6,VASC,True,0.8685067296028137,0.741267740726471,1,NV,1.1050496101379395,0.3637818694114685,1.1921987533569336,1.1050496101379395,1.1601893901824951,1.2356531620025635,1.2181713581085205,1.1782604455947876,0.741267740726471,9846,53
7644,ISIC_0031950,,6,VASC,6,VASC,True,0.959632158279419,0.6102102398872375,0,MEL,0.9799052476882935,0.3696950078010559,0.9799052476882935,1.0071946382522583,1.0441399812698364,1.0251989364624023,1.016201138496399,0.9888854622840881,0.6102102398872375,9863,54
8232,ISIC_0032538,,6,VASC,6,VASC,True,0.9694580435752869,0.6094980835914612,0,MEL,0.9846649169921875,0.3751668334007263,0.9846649169921875,1.0209821462631226,1.024677038192749,1.0411975383758545,1.045903205871582,0.9850984811782837,0.6094980835914612,9879,55
7453,ISIC_0031759,,6,VASC,6,VASC,True,0.969569742679596,0.6150038838386536,1,NV,0.9935105443000793,0.3785066604614258,0.9959559440612793,0.9935105443000793,1.0629326105117798,1.075605034828186,1.0352928638458252,1.0071765184402466,0.6150038838386536,9882,56
3550,ISIC_0027856,,6,VASC,6,VASC,True,0.9392381310462952,0.6161059737205505,2,BCC,0.9957589507102966,0.3796529769897461,1.0471577644348145,1.083198070526123,0.9957589507102966,1.064490795135498,1.0427186489105225,1.059373140335083,0.6161059737205505,9885,57
8584,ISIC_0032890,,6,VASC,6,VASC,True,0.912877082824707,0.7650471925735474,4,BKL,1.1467859745025635,0.3817387819290161,1.1474806070327759,1.153338074684143,1.1635228395462036,1.1504279375076294,1.1467859745025635,1.1498680114746094,0.7650471925735474,9889,58
6891,ISIC_0031197,,6,VASC,6,VASC,True,0.9544075727462769,0.6767213344573975,5,DF,1.0603359937667847,0.3836146593093872,1.0777347087860107,1.1200792789459229,1.0867400169372559,1.0902390480041504,1.1082786321640015,1.0603359937667847,0.6767213344573975,9894,59
8561,ISIC_0032867,,6,VASC,6,VASC,True,0.9539619088172913,0.681354284286499,0,MEL,1.066354751586914,0.38500046730041504,1.066354751586914,1.1039507389068604,1.1015372276306152,1.0825804471969604,1.0936845541000366,1.0875121355056763,0.681354284286499,9895,60
1300,ISIC_0025606,,6,VASC,6,VASC,True,0.860080897808075,0.6921595931053162,1,NV,1.080556869506836,0.3883972764015198,1.166208028793335,1.080556869506836,1.1795626878738403,1.1903769969940186,1.186826467514038,1.149765133857727,0.6921595931053162,9898,61
5208,ISIC_0029514,,6,VASC,6,VASC,True,0.9310488104820251,0.5784520506858826,2,BCC,0.9700232148170471,0.39157116413116455,1.0389060974121094,1.0713961124420166,0.9700232148170471,1.0302045345306396,1.0770589113235474,0.9961782097816467,0.5784520506858826,9905,62
8386,ISIC_0032692,,6,VASC,6,VASC,True,0.9139713048934937,0.7544057965278625,0,MEL,1.1473710536956787,0.39296525716781616,1.1473710536956787,1.1714146137237549,1.2277487516403198,1.1903696060180664,1.152663230895996,1.2092981338500977,0.7544057965278625,9907,63
3366,ISIC_0027672,,6,VASC,6,VASC,True,0.9162500500679016,0.6569322943687439,5,DF,1.050085186958313,0.3931528925895691,1.1061692237854004,1.0686248540878296,1.0975896120071411,1.115112066268921,1.1212998628616333,1.050085186958313,0.6569322943687439,9910,64
5098,ISIC_0029404,,6,VASC,6,VASC,True,0.91650390625,0.6664744019508362,0,MEL,1.0619611740112305,0.3954867720603943,1.0619611740112305,1.0788623094558716,1.1216779947280884,1.0957177877426147,1.098513126373291,1.1420522928237915,0.6664744019508362,9914,65
2161,ISIC_0026467,,6,VASC,6,VASC,True,0.9155471920967102,0.6494702100753784,1,NV,1.0509932041168213,0.40152299404144287,1.1445492506027222,1.0509932041168213,1.1219435930252075,1.1560490131378174,1.1669639348983765,1.1104182004928589,0.6494702100753784,9920,66
1015,ISIC_0025321,,6,VASC,6,VASC,True,0.9641094207763672,0.5409233570098877,2,BCC,0.9441523551940918,0.4032289981842041,0.9633256196975708,1.0488460063934326,0.9441523551940918,0.9845388531684875,0.9986228942871094,0.9641896486282349,0.5409233570098877,9921,67
5583,ISIC_0029889,,6,VASC,6,VASC,True,0.8996965885162354,0.6668538451194763,2,BCC,1.0711584091186523,0.404304563999176,1.097815990447998,1.1416312456130981,1.0711584091186523,1.1019117832183838,1.1177870035171509,1.1496978998184204,0.6668538451194763,9922,68
2950,ISIC_0027256,,6,VASC,6,VASC,True,0.9625492691993713,0.6787490844726562,1,NV,1.0832455158233643,0.404496431350708,1.1346993446350098,1.0832455158233643,1.181638240814209,1.1882996559143066,1.1644078493118286,1.1110318899154663,0.6787490844726562,9923,69
2963,ISIC_0027269,,6,VASC,6,VASC,True,0.9585829377174377,0.7295069098472595,1,NV,1.1344799995422363,0.4049730896949768,1.1643916368484497,1.1344799995422363,1.2030293941497803,1.1994014978408813,1.208752989768982,1.1921452283859253,0.7295069098472595,9924,70
2904,ISIC_0027210,,6,VASC,6,VASC,True,0.9871520400047302,0.576837956905365,0,MEL,0.9826804399490356,0.40584248304367065,0.9826804399490356,1.051708698272705,1.0335814952850342,1.0433180332183838,1.0436701774597168,1.0266165733337402,0.576837956905365,9926,71
9144,ISIC_0033450,,6,VASC,6,VASC,True,0.8933826684951782,0.627008855342865,0,MEL,1.033878207206726,0.4068693518638611,1.033878207206726,1.104239821434021,1.1620025634765625,1.1450598239898682,1.1353635787963867,1.1179596185684204,0.627008855342865,9927,72
8239,ISIC_0032545,,6,VASC,6,VASC,True,0.9873973727226257,0.6329219341278076,0,MEL,1.0427166223526,0.4097946882247925,1.0427166223526,1.0660921335220337,1.136949062347412,1.134691596031189,1.0997742414474487,1.0643593072891235,0.6329219341278076,9928,73
1501,ISIC_0025807,,6,VASC,6,VASC,True,0.9070343375205994,0.6215379238128662,1,NV,1.035654067993164,0.41411614418029785,1.0922980308532715,1.035654067993164,1.0913373231887817,1.1310988664627075,1.1164122819900513,1.0993309020996094,0.6215379238128662,9930,74
6909,ISIC_0031215,,6,VASC,6,VASC,True,0.9583916068077087,0.6554068922996521,1,NV,1.07261061668396,0.41720372438430786,1.0753064155578613,1.07261061668396,1.1171824932098389,1.152201533317566,1.1050355434417725,1.0783931016921997,0.6554068922996521,9933,75
8852,ISIC_0033158,,6,VASC,6,VASC,True,0.9802651405334473,0.6528300046920776,0,MEL,1.0741430521011353,0.4213130474090576,1.0741430521011353,1.1122187376022339,1.1508270502090454,1.152554988861084,1.1333088874816895,1.1148641109466553,0.6528300046920776,9938,76
1857,ISIC_0026163,,6,VASC,6,VASC,True,0.9537321925163269,0.7012678980827332,1,NV,1.1230542659759521,0.421786367893219,1.1751643419265747,1.1230542659759521,1.170838713645935,1.1889653205871582,1.1704071760177612,1.1487832069396973,0.7012678980827332,9939,77
7342,ISIC_0031648,,6,VASC,6,VASC,True,0.980010449886322,0.6175325512886047,0,MEL,1.0462300777435303,0.42869752645492554,1.0462300777435303,1.0789885520935059,1.1461992263793945,1.1415293216705322,1.0936018228530884,1.0779215097427368,0.6175325512886047,9942,78
6576,ISIC_0030882,,6,VASC,6,VASC,True,0.9588920474052429,0.6130613088607788,0,MEL,1.0486613512039185,0.43560004234313965,1.0486613512039185,1.0797202587127686,1.0645238161087036,1.1267584562301636,1.1320934295654297,1.1040304899215698,0.6130613088607788,9944,79
1371,ISIC_0025677,,6,VASC,6,VASC,True,0.9095286130905151,0.6964361071586609,1,NV,1.1352849006652832,0.4388487935066223,1.193773627281189,1.1352849006652832,1.2081685066223145,1.2148222923278809,1.1818656921386719,1.1820697784423828,0.6964361071586609,9945,80
6650,ISIC_0030956,,6,VASC,6,VASC,True,0.9647687077522278,0.6539469957351685,5,DF,1.0986511707305908,0.44470417499542236,1.1202574968338013,1.1192715167999268,1.179395079612732,1.1690891981124878,1.1443756818771362,1.0986511707305908,0.6539469957351685,9949,81
9538,ISIC_0033844,,6,VASC,6,VASC,True,0.9756990671157837,0.627221405506134,2,BCC,1.0721654891967773,0.4449440836906433,1.1306581497192383,1.161662220954895,1.0721654891967773,1.0934696197509766,1.1145155429840088,1.1417328119277954,0.627221405506134,9950,82
1290,ISIC_0025596,,6,VASC,6,VASC,True,0.9354875683784485,0.6829367876052856,1,NV,1.1293526887893677,0.44641590118408203,1.1399312019348145,1.1293526887893677,1.1695138216018677,1.1845719814300537,1.1365300416946411,1.167755365371704,0.6829367876052856,9951,83
2570,ISIC_0026876,,6,VASC,6,VASC,True,0.989591658115387,0.6073472499847412,2,BCC,1.0563938617706299,0.44904661178588867,1.082705020904541,1.0726516246795654,1.0563938617706299,1.0963984727859497,1.1281249523162842,1.0578579902648926,0.6073472499847412,9954,84
4408,ISIC_0028714,,6,VASC,6,VASC,True,0.9803345203399658,0.577152669429779,0,MEL,1.0300769805908203,0.45292431116104126,1.0300769805908203,1.0345454216003418,1.0939594507217407,1.0916239023208618,1.0678006410598755,1.0305581092834473,0.577152669429779,9955,85
3079,ISIC_0027385,,6,VASC,6,VASC,True,0.917273759841919,0.6396839618682861,1,NV,1.0961226224899292,0.45643866062164307,1.1105029582977295,1.0961226224899292,1.1222271919250488,1.1604944467544556,1.1515064239501953,1.1435073614120483,0.6396839618682861,9957,86
1618,ISIC_0025924,,6,VASC,6,VASC,True,0.9693201184272766,0.6868821382522583,0,MEL,1.1470483541488647,0.46016621589660645,1.1470483541488647,1.1707662343978882,1.2088795900344849,1.1958346366882324,1.1793814897537231,1.2083423137664795,0.6868821382522583,9958,87
9285,ISIC_0033591,,6,VASC,6,VASC,True,0.9887443780899048,0.5515039563179016,5,DF,1.015994906425476,0.46449095010757446,1.0175050497055054,1.0856190919876099,1.0568970441818237,1.0653406381607056,1.0801684856414795,1.015994906425476,0.5515039563179016,9960,88
8817,ISIC_0033123,,6,VASC,6,VASC,True,0.9402364492416382,0.6833617687225342,1,NV,1.1488444805145264,0.4654827117919922,1.1643717288970947,1.1488444805145264,1.2161900997161865,1.197540283203125,1.1894712448120117,1.208814024925232,0.6833617687225342,9961,89
9302,ISIC_0033608,,6,VASC,6,VASC,True,0.9466435313224792,0.663278341293335,0,MEL,1.1292868852615356,0.4660085439682007,1.1292868852615356,1.1670386791229248,1.1849732398986816,1.1650243997573853,1.1602420806884766,1.2022466659545898,0.663278341293335,9962,90
2387,ISIC_0026693,,6,VASC,6,VASC,True,0.9905919432640076,0.5176665186882019,0,MEL,0.9868298768997192,0.46916335821151733,0.9868298768997192,1.0449990034103394,1.0195821523666382,1.006813406944275,1.021410584449768,0.994589626789093,0.5176665186882019,9963,91
8560,ISIC_0032866,,6,VASC,6,VASC,True,0.9897981882095337,0.6323555111885071,5,DF,1.1030914783477783,0.47073596715927124,1.1502939462661743,1.155717372894287,1.1551542282104492,1.1709762811660767,1.1858932971954346,1.1030914783477783,0.6323555111885071,9964,92
1762,ISIC_0026068,,6,VASC,6,VASC,True,0.8957266211509705,0.6856764554977417,1,NV,1.1569591760635376,0.4712827205657959,1.2159736156463623,1.1569591760635376,1.2078856229782104,1.2204729318618774,1.2301698923110962,1.2219425439834595,0.6856764554977417,9965,93
9259,ISIC_0033565,,6,VASC,6,VASC,True,0.9762288928031921,0.6484771966934204,1,NV,1.1199074983596802,0.47143030166625977,1.133956789970398,1.1199074983596802,1.1989693641662598,1.1928702592849731,1.172215223312378,1.1697847843170166,0.6484771966934204,9966,94
8533,ISIC_0032839,,6,VASC,6,VASC,True,0.9901178479194641,0.5912427306175232,3,AKIEC,1.0628052949905396,0.47156256437301636,1.1013238430023193,1.1805821657180786,1.065925121307373,1.0628052949905396,1.0991766452789307,1.1118319034576416,0.5912427306175232,9967,95
1786,ISIC_0026092,,6,VASC,6,VASC,True,0.9697891473770142,0.5557184219360352,2,BCC,1.0291510820388794,0.47343266010284424,1.0943642854690552,1.113097906112671,1.0291510820388794,1.0804463624954224,1.1024483442306519,1.0830007791519165,0.5557184219360352,9969,96
7770,ISIC_0032076,,6,VASC,6,VASC,True,0.9875271916389465,0.5274991393089294,5,DF,1.0011577606201172,0.47365862131118774,1.0197646617889404,1.0827620029449463,1.0534546375274658,1.0435919761657715,1.048423171043396,1.0011577606201172,0.5274991393089294,9970,97
4579,ISIC_0028885,,6,VASC,6,VASC,True,0.9808965921401978,0.5741205215454102,5,DF,1.0490398406982422,0.47491931915283203,1.0858126878738403,1.112290382385254,1.1424360275268555,1.1284936666488647,1.1015048027038574,1.0490398406982422,0.5741205215454102,9971,98
1306,ISIC_0025612,,6,VASC,6,VASC,True,0.9671441316604614,0.6109783053398132,1,NV,1.087800145149231,0.4768218398094177,1.1163606643676758,1.087800145149231,1.1554313898086548,1.1694642305374146,1.1397939920425415,1.1071767807006836,0.6109783053398132,9972,99
9685,ISIC_0033991,,6,VASC,6,VASC,True,0.933617889881134,0.6681041717529297,1,NV,1.1502573490142822,0.48215317726135254,1.2041643857955933,1.1502573490142822,1.1642931699752808,1.1742440462112427,1.210492730140686,1.2154539823532104,0.6681041717529297,9973,100
