{
    "overall": {
        "accuracy": 74.61139896373057,
        "balanced_multiclass_accuracy": 0.346881080591882,
        "macro_recall": 0.346881080591882,
        "macro_precision": 0.40853297840875474,
        "macro_f1": 0.3602113959811458,
        "multiclass_macro_auc_ovr": 0.9073376556936286,
        "mean_auc_all_diagnoses": 0.9073376556936286,
        "mean_average_precision_all_diagnoses": 0.4493256660148065,
        "mean_sensitivity": 0.346881080591882,
        "mean_specificity": 0.9340271047819905,
        "mean_accuracy": 0.927461139896373,
        "mean_f1": 0.5042959543736042,
        "mean_ppv": 0.5719461697722567,
        "mean_npv": 0.9500243403204294,
        "melanoma_auc80": 0.7571982281284607,
        "malignant_vs_benign_auc": 0.911836485661989
    },
    "per_class": {
        "MEL": {
            "sensitivity": 0.47619047619047616,
            "specificity": 0.9418604651162791,
            "accuracy": 0.8911917098445595,
            "auc": 0.8853820598006644,
            "mean_average_precision": 0.5189801811308682,
            "f1_score": 0.4878048780487805,
            "ppv": 0.5,
            "npv": 0.9364161849710982,
            "auc80": 0.7571982281284607
        },
        "NV": {
            "sensitivity": 0.9512195121951219,
            "specificity": 0.7,
            "accuracy": 0.8601036269430051,
            "auc": 0.9448315911730546,
            "mean_average_precision": 0.9732553952043809,
            "f1_score": 0.8965517241379309,
            "ppv": 0.8478260869565217,
            "npv": 0.8909090909090909,
            "auc80": NaN
        },
        "BCC": {
            "sensitivity": 0.4666666666666667,
            "specificity": 0.9719101123595506,
            "accuracy": 0.9326424870466321,
            "auc": 0.9370786516853932,
            "mean_average_precision": 0.7196061895907097,
            "f1_score": 0.5185185185185186,
            "ppv": 0.5833333333333334,
            "npv": 0.9558011049723757,
            "auc80": NaN
        },
        "AKIEC": {
            "sensitivity": 0.125,
            "specificity": 0.9945945945945946,
            "accuracy": 0.9585492227979274,
            "auc": 0.8722972972972973,
            "mean_average_precision": 0.28869724025974025,
            "f1_score": 0.2,
            "ppv": 0.5,
            "npv": 0.9633507853403142,
            "auc80": NaN
        },
        "BKL": {
            "sensitivity": 0.4090909090909091,
            "specificity": 0.9298245614035088,
            "accuracy": 0.8704663212435233,
            "auc": 0.8846358320042531,
            "mean_average_precision": 0.463650912328203,
            "f1_score": 0.4186046511627907,
            "ppv": 0.42857142857142855,
            "npv": 0.9244186046511628,
            "auc80": NaN
        },
        "DF": {
            "sensitivity": 0.0,
            "specificity": 1.0,
            "accuracy": 0.9948186528497409,
            "auc": 0.921875,
            "mean_average_precision": 0.0625,
            "f1_score": NaN,
            "ppv": NaN,
            "npv": 0.9948186528497409,
            "auc80": NaN
        },
        "VASC": {
            "sensitivity": 0.0,
            "specificity": 1.0,
            "accuracy": 0.9844559585492227,
            "auc": 0.9052631578947369,
            "mean_average_precision": 0.11858974358974358,
            "f1_score": NaN,
            "ppv": NaN,
            "npv": 0.9844559585492227,
            "auc80": NaN
        }
    },
    "malignant_definition_used": [
        "MEL",
        "BCC",
        "AKIEC"
    ],
    "val_loss": 0.7326289424624468
}