{
    "overall": {
        "accuracy": 75.12953367875647,
        "balanced_multiclass_accuracy": 0.4276403909679171,
        "macro_recall": 0.4276403909679171,
        "macro_precision": 0.5179654538980947,
        "macro_f1": 0.4476143075079002,
        "multiclass_macro_auc_ovr": 0.9399187216741852,
        "mean_auc_all_diagnoses": 0.9399187216741852,
        "mean_average_precision_all_diagnoses": 0.6471121828806842,
        "mean_sensitivity": 0.4276403909679171,
        "mean_specificity": 0.9436395327804018,
        "mean_accuracy": 0.9289415247964471,
        "mean_f1": 0.5222166920925503,
        "mean_ppv": 0.6042930295477771,
        "mean_npv": 0.9476196311424169,
        "melanoma_auc80": 0.7937430786267996,
        "malignant_vs_benign_auc": 0.9252593044539352
    },
    "per_class": {
        "MEL": {
            "sensitivity": 0.42857142857142855,
            "specificity": 0.9534883720930233,
            "accuracy": 0.8963730569948186,
            "auc": 0.9091915836101883,
            "mean_average_precision": 0.5529430799485104,
            "f1_score": 0.4736842105263158,
            "ppv": 0.5294117647058824,
            "npv": 0.9318181818181818,
            "auc80": 0.7937430786267996
        },
        "NV": {
            "sensitivity": 0.9186991869918699,
            "specificity": 0.8,
            "accuracy": 0.8756476683937824,
            "auc": 0.9455284552845529,
            "mean_average_precision": 0.9731970114356759,
            "f1_score": 0.904,
            "ppv": 0.889763779527559,
            "npv": 0.8484848484848485,
            "auc80": NaN
        },
        "BCC": {
            "sensitivity": 0.7333333333333333,
            "specificity": 0.9662921348314607,
            "accuracy": 0.9481865284974094,
            "auc": 0.9876404494382023,
            "mean_average_precision": 0.8400128429075797,
            "f1_score": 0.6875,
            "ppv": 0.6470588235294118,
            "npv": 0.9772727272727273,
            "auc80": NaN
        },
        "AKIEC": {
            "sensitivity": 0.125,
            "specificity": 0.9675675675675676,
            "accuracy": 0.9326424870466321,
            "auc": 0.8783783783783784,
            "mean_average_precision": 0.16537916791454527,
            "f1_score": 0.13333333333333333,
            "ppv": 0.14285714285714285,
            "npv": 0.9623655913978495,
            "auc80": NaN
        },
        "BKL": {
            "sensitivity": 0.45454545454545453,
            "specificity": 0.9181286549707602,
            "accuracy": 0.8652849740932642,
            "auc": 0.8779904306220097,
            "mean_average_precision": 0.41491984462514525,
            "f1_score": 0.43478260869565216,
            "ppv": 0.4166666666666667,
            "npv": 0.9289940828402367,
            "auc80": NaN
        },
        "DF": {
            "sensitivity": 0.0,
            "specificity": 1.0,
            "accuracy": 0.9948186528497409,
            "auc": 1.0,
            "mean_average_precision": 1.0,
            "f1_score": NaN,
            "ppv": NaN,
            "npv": 0.9948186528497409,
            "auc80": NaN
        },
        "VASC": {
            "sensitivity": 0.3333333333333333,
            "specificity": 1.0,
            "accuracy": 0.9896373056994818,
            "auc": 0.9807017543859649,
            "mean_average_precision": 0.5833333333333333,
            "f1_score": 0.5,
            "ppv": 1.0,
            "npv": 0.9895833333333334,
            "auc80": NaN
        }
    },
    "malignant_definition_used": [
        "MEL",
        "BCC",
        "AKIEC"
    ],
    "val_loss": 0.6737544734243284
}