{
    "overall": {
        "accuracy": 74.61139896373057,
        "balanced_multiclass_accuracy": 0.3690479961385885,
        "macro_recall": 0.3690479961385885,
        "macro_precision": 0.36670546081027827,
        "macro_f1": 0.3665717752998133,
        "multiclass_macro_auc_ovr": 0.9393508307591399,
        "mean_auc_all_diagnoses": 0.9393508307591399,
        "mean_average_precision_all_diagnoses": 0.6387610780683223,
        "mean_sensitivity": 0.3690479961385885,
        "mean_specificity": 0.9403981791193942,
        "mean_accuracy": 0.927461139896373,
        "mean_f1": 0.5132004854197386,
        "mean_ppv": 0.5133876451343895,
        "mean_npv": 0.9486336628989358,
        "melanoma_auc80": 0.8133997785160575,
        "malignant_vs_benign_auc": 0.9215985356924954
    },
    "per_class": {
        "MEL": {
            "sensitivity": 0.38095238095238093,
            "specificity": 0.9476744186046512,
            "accuracy": 0.8860103626943006,
            "auc": 0.9031007751937984,
            "mean_average_precision": 0.5431982655870704,
            "f1_score": 0.42105263157894735,
            "ppv": 0.47058823529411764,
            "npv": 0.9261363636363636,
            "auc80": 0.8133997785160575
        },
        "NV": {
            "sensitivity": 0.9349593495934959,
            "specificity": 0.7714285714285715,
            "accuracy": 0.8756476683937824,
            "auc": 0.951684088269454,
            "mean_average_precision": 0.9760509683235888,
            "f1_score": 0.905511811023622,
            "ppv": 0.8778625954198473,
            "npv": 0.8709677419354839,
            "auc80": NaN
        },
        "BCC": {
            "sensitivity": 0.7333333333333333,
            "specificity": 0.9662921348314607,
            "accuracy": 0.9481865284974094,
            "auc": 0.9887640449438202,
            "mean_average_precision": 0.8212593071416601,
            "f1_score": 0.6875,
            "ppv": 0.6470588235294118,
            "npv": 0.9772727272727273,
            "auc80": NaN
        },
        "AKIEC": {
            "sensitivity": 0.125,
            "specificity": 0.9675675675675676,
            "accuracy": 0.9326424870466321,
            "auc": 0.8763513513513513,
            "mean_average_precision": 0.16462252819814677,
            "f1_score": 0.13333333333333333,
            "ppv": 0.14285714285714285,
            "npv": 0.9623655913978495,
            "auc80": NaN
        },
        "BKL": {
            "sensitivity": 0.4090909090909091,
            "specificity": 0.9298245614035088,
            "accuracy": 0.8704663212435233,
            "auc": 0.8801169590643274,
            "mean_average_precision": 0.42810123913255227,
            "f1_score": 0.4186046511627907,
            "ppv": 0.42857142857142855,
            "npv": 0.9244186046511628,
            "auc80": NaN
        },
        "DF": {
            "sensitivity": 0.0,
            "specificity": 1.0,
            "accuracy": 0.9948186528497409,
            "auc": 1.0,
            "mean_average_precision": 1.0,
            "f1_score": NaN,
            "ppv": NaN,
            "npv": 0.9948186528497409,
            "auc80": NaN
        },
        "VASC": {
            "sensitivity": 0.0,
            "specificity": 1.0,
            "accuracy": 0.9844559585492227,
            "auc": 0.9754385964912281,
            "mean_average_precision": 0.5380952380952381,
            "f1_score": NaN,
            "ppv": NaN,
            "npv": 0.9844559585492227,
            "auc80": NaN
        }
    },
    "malignant_definition_used": [
        "MEL",
        "BCC",
        "AKIEC"
    ],
    "val_loss": 0.6818590287717513
}