{
    "overall": {
        "accuracy": 72.53886010362694,
        "balanced_multiclass_accuracy": 0.33370288248337027,
        "macro_recall": 0.33370288248337027,
        "macro_precision": 0.3376517629952744,
        "macro_f1": 0.33373886774791445,
        "multiclass_macro_auc_ovr": 0.9397028281707565,
        "mean_auc_all_diagnoses": 0.9397028281707565,
        "mean_average_precision_all_diagnoses": 0.6430717567203018,
        "mean_sensitivity": 0.33370288248337027,
        "mean_specificity": 0.9358766074708006,
        "mean_accuracy": 0.921539600296077,
        "mean_f1": 0.5840430185588503,
        "mean_ppv": 0.4727124681933842,
        "mean_npv": 0.9438542918533644,
        "melanoma_auc80": 0.8355481727574751,
        "malignant_vs_benign_auc": 0.9234289200732154
    },
    "per_class": {
        "MEL": {
            "sensitivity": 0.3333333333333333,
            "specificity": 0.9534883720930233,
            "accuracy": 0.8860103626943006,
            "auc": 0.9053156146179402,
            "mean_average_precision": 0.5382047769761242,
            "f1_score": 0.3888888888888889,
            "ppv": 0.4666666666666667,
            "npv": 0.9213483146067416,
            "auc80": 0.8355481727574751
        },
        "NV": {
            "sensitivity": 0.926829268292683,
            "specificity": 0.7571428571428571,
            "accuracy": 0.8652849740932642,
            "auc": 0.9506387921022067,
            "mean_average_precision": 0.9754696327647079,
            "f1_score": 0.8976377952755905,
            "ppv": 0.8702290076335878,
            "npv": 0.8548387096774194,
            "auc80": NaN
        },
        "BCC": {
            "sensitivity": 0.6666666666666666,
            "specificity": 0.9719101123595506,
            "accuracy": 0.9481865284974094,
            "auc": 0.9913857677902622,
            "mean_average_precision": 0.8784160284160285,
            "f1_score": 0.6666666666666666,
            "ppv": 0.6666666666666666,
            "npv": 0.9719101123595506,
            "auc80": NaN
        },
        "AKIEC": {
            "sensitivity": 0.0,
            "specificity": 0.9621621621621622,
            "accuracy": 0.9222797927461139,
            "auc": 0.8716216216216216,
            "mean_average_precision": 0.15799929434891485,
            "f1_score": NaN,
            "ppv": 0.0,
            "npv": 0.956989247311828,
            "auc80": NaN
        },
        "BKL": {
            "sensitivity": 0.4090909090909091,
            "specificity": 0.9064327485380117,
            "accuracy": 0.8497409326424871,
            "auc": 0.8782562466772994,
            "mean_average_precision": 0.40696812009189304,
            "f1_score": 0.3829787234042554,
            "ppv": 0.36,
            "npv": 0.9226190476190477,
            "auc80": NaN
        },
        "DF": {
            "sensitivity": 0.0,
            "specificity": 1.0,
            "accuracy": 0.9948186528497409,
            "auc": 1.0,
            "mean_average_precision": 1.0,
            "f1_score": NaN,
            "ppv": NaN,
            "npv": 0.9948186528497409,
            "auc80": NaN
        },
        "VASC": {
            "sensitivity": 0.0,
            "specificity": 1.0,
            "accuracy": 0.9844559585492227,
            "auc": 0.9807017543859649,
            "mean_average_precision": 0.5444444444444444,
            "f1_score": NaN,
            "ppv": NaN,
            "npv": 0.9844559585492227,
            "auc80": NaN
        }
    },
    "malignant_definition_used": [
        "MEL",
        "BCC",
        "AKIEC"
    ],
    "val_loss": 0.6642304306820884
}