{
    "overall": {
        "accuracy": 73.57512953367875,
        "balanced_multiclass_accuracy": 0.3583627464289485,
        "macro_recall": 0.3583627464289485,
        "macro_precision": 0.3566002058718224,
        "macro_f1": 0.35709584024151836,
        "multiclass_macro_auc_ovr": 0.9369534331866264,
        "mean_auc_all_diagnoses": 0.9369534331866264,
        "mean_average_precision_all_diagnoses": 0.6327105484327408,
        "mean_sensitivity": 0.3583627464289485,
        "mean_specificity": 0.9411149847584872,
        "mean_accuracy": 0.924500370096225,
        "mean_f1": 0.4999341763381257,
        "mean_ppv": 0.49924028822055133,
        "mean_npv": 0.946207579441941,
        "melanoma_auc80": 0.8053709856035437,
        "malignant_vs_benign_auc": 0.9208358755338621
    },
    "per_class": {
        "MEL": {
            "sensitivity": 0.38095238095238093,
            "specificity": 0.936046511627907,
            "accuracy": 0.8756476683937824,
            "auc": 0.8992248062015503,
            "mean_average_precision": 0.501684634378688,
            "f1_score": 0.4,
            "ppv": 0.42105263157894735,
            "npv": 0.9252873563218391,
            "auc80": 0.8053709856035437
        },
        "NV": {
            "sensitivity": 0.926829268292683,
            "specificity": 0.8,
            "accuracy": 0.8808290155440415,
            "auc": 0.9506387921022067,
            "mean_average_precision": 0.97399287618246,
            "f1_score": 0.9083665338645419,
            "ppv": 0.890625,
            "npv": 0.8615384615384616,
            "auc80": NaN
        },
        "BCC": {
            "sensitivity": 0.6666666666666666,
            "specificity": 0.9719101123595506,
            "accuracy": 0.9481865284974094,
            "auc": 0.9868913857677902,
            "mean_average_precision": 0.806706483168995,
            "f1_score": 0.6666666666666666,
            "ppv": 0.6666666666666666,
            "npv": 0.9719101123595506,
            "auc80": NaN
        },
        "AKIEC": {
            "sensitivity": 0.125,
            "specificity": 0.9675675675675676,
            "accuracy": 0.9326424870466321,
            "auc": 0.8783783783783784,
            "mean_average_precision": 0.16849052923146313,
            "f1_score": 0.13333333333333333,
            "ppv": 0.14285714285714285,
            "npv": 0.9623655913978495,
            "auc80": NaN
        },
        "BKL": {
            "sensitivity": 0.4090909090909091,
            "specificity": 0.9122807017543859,
            "accuracy": 0.8549222797927462,
            "auc": 0.871610845295056,
            "mean_average_precision": 0.41927578665581466,
            "f1_score": 0.3913043478260869,
            "ppv": 0.375,
            "npv": 0.9230769230769231,
            "auc80": NaN
        },
        "DF": {
            "sensitivity": 0.0,
            "specificity": 1.0,
            "accuracy": 0.9948186528497409,
            "auc": 1.0,
            "mean_average_precision": 1.0,
            "f1_score": NaN,
            "ppv": NaN,
            "npv": 0.9948186528497409,
            "auc80": NaN
        },
        "VASC": {
            "sensitivity": 0.0,
            "specificity": 1.0,
            "accuracy": 0.9844559585492227,
            "auc": 0.9719298245614035,
            "mean_average_precision": 0.5588235294117647,
            "f1_score": NaN,
            "ppv": NaN,
            "npv": 0.9844559585492227,
            "auc80": NaN
        }
    },
    "malignant_definition_used": [
        "MEL",
        "BCC",
        "AKIEC"
    ],
    "val_loss": 0.6788073883155467
}