{
    "overall": {
        "accuracy": 74.61139896373057,
        "balanced_multiclass_accuracy": 0.3609948413955383,
        "macro_recall": 0.3609948413955383,
        "macro_precision": 0.3618262689691261,
        "macro_f1": 0.3611590658472209,
        "multiclass_macro_auc_ovr": 0.9458105349839838,
        "mean_auc_all_diagnoses": 0.9458105349839838,
        "mean_average_precision_all_diagnoses": 0.6490688910593174,
        "mean_sensitivity": 0.3609948413955383,
        "mean_specificity": 0.9427858285345943,
        "mean_accuracy": 0.927461139896373,
        "mean_f1": 0.5056226921861093,
        "mean_ppv": 0.5065567765567766,
        "mean_npv": 0.9502399561940474,
        "melanoma_auc80": 0.8621262458471761,
        "malignant_vs_benign_auc": 0.9370042708968884
    },
    "per_class": {
        "MEL": {
            "sensitivity": 0.42857142857142855,
            "specificity": 0.936046511627907,
            "accuracy": 0.8808290155440415,
            "auc": 0.9277408637873754,
            "mean_average_precision": 0.6197521139891773,
            "f1_score": 0.4390243902439024,
            "ppv": 0.45,
            "npv": 0.930635838150289,
            "auc80": 0.8621262458471761
        },
        "NV": {
            "sensitivity": 0.943089430894309,
            "specificity": 0.8,
            "accuracy": 0.8911917098445595,
            "auc": 0.9593495934959351,
            "mean_average_precision": 0.980107961812636,
            "f1_score": 0.9169960474308301,
            "ppv": 0.8923076923076924,
            "npv": 0.8888888888888888,
            "auc80": NaN
        },
        "BCC": {
            "sensitivity": 0.6666666666666666,
            "specificity": 0.9719101123595506,
            "accuracy": 0.9481865284974094,
            "auc": 0.9872659176029963,
            "mean_average_precision": 0.822543475043475,
            "f1_score": 0.6666666666666666,
            "ppv": 0.6666666666666666,
            "npv": 0.9719101123595506,
            "auc80": NaN
        },
        "AKIEC": {
            "sensitivity": 0.125,
            "specificity": 0.9675675675675676,
            "accuracy": 0.9326424870466321,
            "auc": 0.8878378378378379,
            "mean_average_precision": 0.18053364509419328,
            "f1_score": 0.13333333333333333,
            "ppv": 0.14285714285714285,
            "npv": 0.9623655913978495,
            "auc80": NaN
        },
        "BKL": {
            "sensitivity": 0.36363636363636365,
            "specificity": 0.9239766081871345,
            "accuracy": 0.8601036269430051,
            "auc": 0.8830409356725146,
            "mean_average_precision": 0.428640279570978,
            "f1_score": 0.37209302325581395,
            "ppv": 0.38095238095238093,
            "npv": 0.9186046511627907,
            "auc80": NaN
        },
        "DF": {
            "sensitivity": 0.0,
            "specificity": 1.0,
            "accuracy": 0.9948186528497409,
            "auc": 1.0,
            "mean_average_precision": 1.0,
            "f1_score": NaN,
            "ppv": NaN,
            "npv": 0.9948186528497409,
            "auc80": NaN
        },
        "VASC": {
            "sensitivity": 0.0,
            "specificity": 1.0,
            "accuracy": 0.9844559585492227,
            "auc": 0.975438596491228,
            "mean_average_precision": 0.5119047619047619,
            "f1_score": NaN,
            "ppv": NaN,
            "npv": 0.9844559585492227,
            "auc80": NaN
        }
    },
    "malignant_definition_used": [
        "MEL",
        "BCC",
        "AKIEC"
    ],
    "val_loss": 0.6076962500038542
}