{
    "overall": {
        "accuracy": 74.09326424870466,
        "balanced_multiclass_accuracy": 0.3565229195891217,
        "macro_recall": 0.3565229195891217,
        "macro_precision": 0.34705039206317984,
        "macro_f1": 0.35059754953919714,
        "multiclass_macro_auc_ovr": 0.9407491982790562,
        "mean_auc_all_diagnoses": 0.9407491982790562,
        "mean_average_precision_all_diagnoses": 0.6375850168385444,
        "mean_sensitivity": 0.3565229195891217,
        "mean_specificity": 0.9395627572313406,
        "mean_accuracy": 0.9259807549962991,
        "mean_f1": 0.6135457116935951,
        "mean_ppv": 0.4858705488884517,
        "mean_npv": 0.946636796499099,
        "melanoma_auc80": 0.780454042081949,
        "malignant_vs_benign_auc": 0.9180902989627822
    },
    "per_class": {
        "MEL": {
            "sensitivity": 0.38095238095238093,
            "specificity": 0.9476744186046512,
            "accuracy": 0.8860103626943006,
            "auc": 0.9011627906976745,
            "mean_average_precision": 0.5097419868017559,
            "f1_score": 0.42105263157894735,
            "ppv": 0.47058823529411764,
            "npv": 0.9261363636363636,
            "auc80": 0.780454042081949
        },
        "NV": {
            "sensitivity": 0.926829268292683,
            "specificity": 0.7714285714285715,
            "accuracy": 0.8704663212435233,
            "auc": 0.9497096399535424,
            "mean_average_precision": 0.9753299591497449,
            "f1_score": 0.9011857707509882,
            "ppv": 0.8769230769230769,
            "npv": 0.8571428571428571,
            "auc80": NaN
        },
        "BCC": {
            "sensitivity": 0.7333333333333333,
            "specificity": 0.9662921348314607,
            "accuracy": 0.9481865284974094,
            "auc": 0.9898876404494382,
            "mean_average_precision": 0.8283672917496447,
            "f1_score": 0.6875,
            "ppv": 0.6470588235294118,
            "npv": 0.9772727272727273,
            "auc80": NaN
        },
        "AKIEC": {
            "sensitivity": 0.0,
            "specificity": 0.9675675675675676,
            "accuracy": 0.927461139896373,
            "auc": 0.875,
            "mean_average_precision": 0.16159523651299967,
            "f1_score": NaN,
            "ppv": 0.0,
            "npv": 0.9572192513368984,
            "auc80": NaN
        },
        "BKL": {
            "sensitivity": 0.45454545454545453,
            "specificity": 0.9239766081871345,
            "accuracy": 0.8704663212435233,
            "auc": 0.8870281765018607,
            "mean_average_precision": 0.4344892150842369,
            "f1_score": 0.4444444444444445,
            "ppv": 0.43478260869565216,
            "npv": 0.9294117647058824,
            "auc80": NaN
        },
        "DF": {
            "sensitivity": 0.0,
            "specificity": 1.0,
            "accuracy": 0.9948186528497409,
            "auc": 1.0,
            "mean_average_precision": 1.0,
            "f1_score": NaN,
            "ppv": NaN,
            "npv": 0.9948186528497409,
            "auc80": NaN
        },
        "VASC": {
            "sensitivity": 0.0,
            "specificity": 1.0,
            "accuracy": 0.9844559585492227,
            "auc": 0.9824561403508772,
            "mean_average_precision": 0.5535714285714286,
            "f1_score": NaN,
            "ppv": NaN,
            "npv": 0.9844559585492227,
            "auc80": NaN
        }
    },
    "malignant_definition_used": [
        "MEL",
        "BCC",
        "AKIEC"
    ],
    "val_loss": 0.6871922247768066
}