{
    "overall": {
        "accuracy": 74.61139896373057,
        "balanced_multiclass_accuracy": 0.3547351313030755,
        "macro_recall": 0.3547351313030755,
        "macro_precision": 0.3677738927738928,
        "macro_f1": 0.35801857740982224,
        "multiclass_macro_auc_ovr": 0.9379064029783954,
        "mean_auc_all_diagnoses": 0.9379064029783954,
        "mean_average_precision_all_diagnoses": 0.6281913633505621,
        "mean_sensitivity": 0.3547351313030755,
        "mean_specificity": 0.9380080434805371,
        "mean_accuracy": 0.927461139896373,
        "mean_f1": 0.5012260083737512,
        "mean_ppv": 0.5148834498834499,
        "mean_npv": 0.9509128340183974,
        "melanoma_auc80": 0.7937430786267995,
        "malignant_vs_benign_auc": 0.9187004270896889
    },
    "per_class": {
        "MEL": {
            "sensitivity": 0.2857142857142857,
            "specificity": 0.9593023255813954,
            "accuracy": 0.8860103626943006,
            "auc": 0.8878737541528239,
            "mean_average_precision": 0.4797670137668148,
            "f1_score": 0.35294117647058826,
            "ppv": 0.46153846153846156,
            "npv": 0.9166666666666666,
            "auc80": 0.7937430786267995
        },
        "NV": {
            "sensitivity": 0.9512195121951219,
            "specificity": 0.7428571428571429,
            "accuracy": 0.8756476683937824,
            "auc": 0.9488966318234612,
            "mean_average_precision": 0.9731175071217593,
            "f1_score": 0.9069767441860465,
            "ppv": 0.8666666666666667,
            "npv": 0.896551724137931,
            "auc80": NaN
        },
        "BCC": {
            "sensitivity": 0.6666666666666666,
            "specificity": 0.9719101123595506,
            "accuracy": 0.9481865284974094,
            "auc": 0.9883895131086142,
            "mean_average_precision": 0.8417968251791781,
            "f1_score": 0.6666666666666666,
            "ppv": 0.6666666666666666,
            "npv": 0.9719101123595506,
            "auc80": NaN
        },
        "AKIEC": {
            "sensitivity": 0.125,
            "specificity": 0.9621621621621622,
            "accuracy": 0.927461139896373,
            "auc": 0.8770270270270271,
            "mean_average_precision": 0.1597354399985979,
            "f1_score": 0.125,
            "ppv": 0.125,
            "npv": 0.9621621621621622,
            "auc80": NaN
        },
        "BKL": {
            "sensitivity": 0.45454545454545453,
            "specificity": 0.9298245614035088,
            "accuracy": 0.8756476683937824,
            "auc": 0.894736842105263,
            "mean_average_precision": 0.43965478353137555,
            "f1_score": 0.45454545454545453,
            "ppv": 0.45454545454545453,
            "npv": 0.9298245614035088,
            "auc80": NaN
        },
        "DF": {
            "sensitivity": 0.0,
            "specificity": 1.0,
            "accuracy": 0.9948186528497409,
            "auc": 1.0,
            "mean_average_precision": 1.0,
            "f1_score": NaN,
            "ppv": NaN,
            "npv": 0.9948186528497409,
            "auc80": NaN
        },
        "VASC": {
            "sensitivity": 0.0,
            "specificity": 1.0,
            "accuracy": 0.9844559585492227,
            "auc": 0.968421052631579,
            "mean_average_precision": 0.5032679738562091,
            "f1_score": NaN,
            "ppv": NaN,
            "npv": 0.9844559585492227,
            "auc80": NaN
        }
    },
    "malignant_definition_used": [
        "MEL",
        "BCC",
        "AKIEC"
    ],
    "val_loss": 0.6679186678921003
}