{
    "overall": {
        "accuracy": 73.05699481865285,
        "balanced_multiclass_accuracy": 0.348838936905139,
        "macro_recall": 0.348838936905139,
        "macro_precision": 0.3567380440548312,
        "macro_f1": 0.35182979133419323,
        "multiclass_macro_auc_ovr": 0.937616534435915,
        "mean_auc_all_diagnoses": 0.937616534435915,
        "mean_average_precision_all_diagnoses": 0.6030960224134707,
        "mean_sensitivity": 0.348838936905139,
        "mean_specificity": 0.9392112175286141,
        "mean_accuracy": 0.923019985196151,
        "mean_f1": 0.4925617078678705,
        "mean_ppv": 0.4161943847306364,
        "mean_npv": 0.9452035069503664,
        "melanoma_auc80": 0.7954042081949059,
        "malignant_vs_benign_auc": 0.9194630872483223
    },
    "per_class": {
        "MEL": {
            "sensitivity": 0.38095238095238093,
            "specificity": 0.9476744186046512,
            "accuracy": 0.8860103626943006,
            "auc": 0.8972868217054264,
            "mean_average_precision": 0.5443619357275442,
            "f1_score": 0.42105263157894735,
            "ppv": 0.47058823529411764,
            "npv": 0.9261363636363636,
            "auc80": 0.7954042081949059
        },
        "NV": {
            "sensitivity": 0.926829268292683,
            "specificity": 0.7857142857142857,
            "accuracy": 0.8756476683937824,
            "auc": 0.948315911730546,
            "mean_average_precision": 0.9736091862111095,
            "f1_score": 0.9047619047619047,
            "ppv": 0.8837209302325582,
            "npv": 0.859375,
            "auc80": NaN
        },
        "BCC": {
            "sensitivity": 0.6,
            "specificity": 0.9719101123595506,
            "accuracy": 0.9430051813471503,
            "auc": 0.9861423220973783,
            "mean_average_precision": 0.801262767733356,
            "f1_score": 0.6206896551724138,
            "ppv": 0.6428571428571429,
            "npv": 0.9664804469273743,
            "auc80": NaN
        },
        "AKIEC": {
            "sensitivity": 0.125,
            "specificity": 0.9621621621621622,
            "accuracy": 0.927461139896373,
            "auc": 0.8817567567567568,
            "mean_average_precision": 0.17400091694446534,
            "f1_score": 0.125,
            "ppv": 0.125,
            "npv": 0.9621621621621622,
            "auc80": NaN
        },
        "BKL": {
            "sensitivity": 0.4090909090909091,
            "specificity": 0.9122807017543859,
            "accuracy": 0.8549222797927462,
            "auc": 0.8849016480595427,
            "mean_average_precision": 0.42424154608201614,
            "f1_score": 0.3913043478260869,
            "ppv": 0.375,
            "npv": 0.9230769230769231,
            "auc80": NaN
        },
        "DF": {
            "sensitivity": 0.0,
            "specificity": 1.0,
            "accuracy": 0.9948186528497409,
            "auc": 1.0,
            "mean_average_precision": 1.0,
            "f1_score": NaN,
            "ppv": NaN,
            "npv": 0.9948186528497409,
            "auc80": NaN
        },
        "VASC": {
            "sensitivity": 0.0,
            "specificity": 0.9947368421052631,
            "accuracy": 0.9792746113989638,
            "auc": 0.9649122807017544,
            "mean_average_precision": 0.3041958041958042,
            "f1_score": NaN,
            "ppv": 0.0,
            "npv": 0.984375,
            "auc80": NaN
        }
    },
    "malignant_definition_used": [
        "MEL",
        "BCC",
        "AKIEC"
    ],
    "val_loss": 0.699190526428618
}