{
    "overall": {
        "accuracy": 73.57512953367875,
        "balanced_multiclass_accuracy": 0.40482035386216575,
        "macro_recall": 0.40482035386216575,
        "macro_precision": 0.49518140589569165,
        "macro_f1": 0.4256217957847759,
        "multiclass_macro_auc_ovr": 0.941059166214761,
        "mean_auc_all_diagnoses": 0.941059166214761,
        "mean_average_precision_all_diagnoses": 0.6318248947163043,
        "mean_sensitivity": 0.40482035386216575,
        "mean_specificity": 0.9424115968785717,
        "mean_accuracy": 0.924500370096225,
        "mean_f1": 0.4965587617489052,
        "mean_ppv": 0.5777116402116402,
        "mean_npv": 0.9454075768889343,
        "melanoma_auc80": 0.870985603543743,
        "malignant_vs_benign_auc": 0.9287675411836485
    },
    "per_class": {
        "MEL": {
            "sensitivity": 0.38095238095238093,
            "specificity": 0.9418604651162791,
            "accuracy": 0.8808290155440415,
            "auc": 0.9252491694352158,
            "mean_average_precision": 0.5785687004111961,
            "f1_score": 0.41025641025641024,
            "ppv": 0.4444444444444444,
            "npv": 0.9257142857142857,
            "auc80": 0.870985603543743
        },
        "NV": {
            "sensitivity": 0.9186991869918699,
            "specificity": 0.8142857142857143,
            "accuracy": 0.8808290155440415,
            "auc": 0.9531939605110338,
            "mean_average_precision": 0.9768652905565446,
            "f1_score": 0.9076305220883534,
            "ppv": 0.8968253968253969,
            "npv": 0.8507462686567164,
            "auc80": NaN
        },
        "BCC": {
            "sensitivity": 0.6666666666666666,
            "specificity": 0.9662921348314607,
            "accuracy": 0.9430051813471503,
            "auc": 0.9846441947565543,
            "mean_average_precision": 0.7914952476717183,
            "f1_score": 0.6451612903225806,
            "ppv": 0.625,
            "npv": 0.9717514124293786,
            "auc80": NaN
        },
        "AKIEC": {
            "sensitivity": 0.125,
            "specificity": 0.9621621621621622,
            "accuracy": 0.927461139896373,
            "auc": 0.8777027027027027,
            "mean_average_precision": 0.1659019541267534,
            "f1_score": 0.125,
            "ppv": 0.125,
            "npv": 0.9621621621621622,
            "auc80": NaN
        },
        "BKL": {
            "sensitivity": 0.4090909090909091,
            "specificity": 0.9122807017543859,
            "accuracy": 0.8549222797927462,
            "auc": 0.8729399255715046,
            "mean_average_precision": 0.409943070247918,
            "f1_score": 0.3913043478260869,
            "ppv": 0.375,
            "npv": 0.9230769230769231,
            "auc80": NaN
        },
        "DF": {
            "sensitivity": 0.0,
            "specificity": 1.0,
            "accuracy": 0.9948186528497409,
            "auc": 1.0,
            "mean_average_precision": 1.0,
            "f1_score": NaN,
            "ppv": NaN,
            "npv": 0.9948186528497409,
            "auc80": NaN
        },
        "VASC": {
            "sensitivity": 0.3333333333333333,
            "specificity": 1.0,
            "accuracy": 0.9896373056994818,
            "auc": 0.9736842105263157,
            "mean_average_precision": 0.5,
            "f1_score": 0.5,
            "ppv": 1.0,
            "npv": 0.9895833333333334,
            "auc80": NaN
        }
    },
    "malignant_definition_used": [
        "MEL",
        "BCC",
        "AKIEC"
    ],
    "val_loss": 0.6478116530828525
}