{
    "epoch": 77,
    "num_classes": 7,
    "class_names": [
        "MEL",
        "NV",
        "BCC",
        "AKIEC",
        "BKL",
        "DF",
        "VASC"
    ],
    "per_class": {
        "MEL": {
            "fpr": [
                0.0,
                0.0,
                0.0,
                0.005813953488372093,
                0.005813953488372093,
                0.01744186046511628,
                0.01744186046511628,
                0.023255813953488372,
                0.023255813953488372,
                0.05813953488372093,
                0.05813953488372093,
                0.06395348837209303,
                0.06395348837209303,
                0.06976744186046512,
                0.06976744186046512,
                0.0755813953488372,
                0.0755813953488372,
                0.09302325581395349,
                0.09302325581395349,
                0.12209302325581395,
                0.12209302325581395,
                0.13953488372093023,
                0.13953488372093023,
                0.1569767441860465,
                0.1569767441860465,
                0.21511627906976744,
                0.21511627906976744,
                0.22093023255813954,
                0.22093023255813954,
                0.23255813953488372,
                0.23255813953488372,
                0.26744186046511625,
                0.26744186046511625,
                0.313953488372093,
                0.313953488372093,
                1.0
            ],
            "tpr": [
                0.0,
                0.047619047619047616,
                0.09523809523809523,
                0.09523809523809523,
                0.14285714285714285,
                0.14285714285714285,
                0.19047619047619047,
                0.19047619047619047,
                0.38095238095238093,
                0.38095238095238093,
                0.42857142857142855,
                0.42857142857142855,
                0.47619047619047616,
                0.47619047619047616,
                0.5238095238095238,
                0.5238095238095238,
                0.5714285714285714,
                0.5714285714285714,
                0.6190476190476191,
                0.6190476190476191,
                0.6666666666666666,
                0.6666666666666666,
                0.7142857142857143,
                0.7142857142857143,
                0.7619047619047619,
                0.7619047619047619,
                0.8095238095238095,
                0.8095238095238095,
                0.8571428571428571,
                0.8571428571428571,
                0.9047619047619048,
                0.9047619047619048,
                0.9523809523809523,
                0.9523809523809523,
                1.0,
                1.0
            ],
            "auc": 0.8978405315614618
        },
        "NV": {
            "fpr": [
                0.0,
                0.0,
                0.0,
                0.014285714285714285,
                0.014285714285714285,
                0.02857142857142857,
                0.02857142857142857,
                0.04285714285714286,
                0.04285714285714286,
                0.05714285714285714,
                0.05714285714285714,
                0.07142857142857142,
                0.07142857142857142,
                0.12857142857142856,
                0.12857142857142856,
                0.14285714285714285,
                0.14285714285714285,
                0.15714285714285714,
                0.15714285714285714,
                0.2,
                0.2,
                0.21428571428571427,
                0.21428571428571427,
                0.3142857142857143,
                0.3142857142857143,
                0.34285714285714286,
                0.34285714285714286,
                0.35714285714285715,
                0.35714285714285715,
                0.44285714285714284,
                0.44285714285714284,
                0.45714285714285713,
                0.45714285714285713,
                0.5428571428571428,
                0.5428571428571428,
                0.5857142857142857,
                0.5857142857142857,
                0.6142857142857143,
                0.6142857142857143,
                0.6857142857142857,
                0.6857142857142857,
                1.0
            ],
            "tpr": [
                0.0,
                0.008130081300813009,
                0.7073170731707317,
                0.7073170731707317,
                0.7886178861788617,
                0.7886178861788617,
                0.7967479674796748,
                0.7967479674796748,
                0.8048780487804879,
                0.8048780487804879,
                0.8373983739837398,
                0.8373983739837398,
                0.8699186991869918,
                0.8699186991869918,
                0.8780487804878049,
                0.8780487804878049,
                0.8861788617886179,
                0.8861788617886179,
                0.9105691056910569,
                0.9105691056910569,
                0.9186991869918699,
                0.9186991869918699,
                0.926829268292683,
                0.926829268292683,
                0.9349593495934959,
                0.9349593495934959,
                0.943089430894309,
                0.943089430894309,
                0.9512195121951219,
                0.9512195121951219,
                0.959349593495935,
                0.959349593495935,
                0.967479674796748,
                0.967479674796748,
                0.975609756097561,
                0.975609756097561,
                0.983739837398374,
                0.983739837398374,
                0.991869918699187,
                0.991869918699187,
                1.0,
                1.0
            ],
            "auc": 0.9493612078977933
        },
        "BCC": {
            "fpr": [
                0.0,
                0.0,
                0.0,
                0.0056179775280898875,
                0.0056179775280898875,
                0.016853932584269662,
                0.016853932584269662,
                0.02247191011235955,
                0.02247191011235955,
                0.028089887640449437,
                0.028089887640449437,
                0.0449438202247191,
                0.0449438202247191,
                1.0
            ],
            "tpr": [
                0.0,
                0.06666666666666667,
                0.2,
                0.2,
                0.6,
                0.6,
                0.6666666666666666,
                0.6666666666666666,
                0.8,
                0.8,
                0.9333333333333333,
                0.9333333333333333,
                1.0,
                1.0
            ],
            "auc": 0.9868913857677902
        },
        "AKIEC": {
            "fpr": [
                0.0,
                0.005405405405405406,
                0.043243243243243246,
                0.043243243243243246,
                0.05405405405405406,
                0.05405405405405406,
                0.08108108108108109,
                0.08108108108108109,
                0.0972972972972973,
                0.0972972972972973,
                0.12432432432432433,
                0.12432432432432433,
                0.14594594594594595,
                0.14594594594594595,
                0.1945945945945946,
                0.1945945945945946,
                0.23783783783783785,
                0.23783783783783785,
                1.0
            ],