{
    "epoch": 82,
    "num_classes": 7,
    "class_names": [
        "MEL",
        "NV",
        "BCC",
        "AKIEC",
        "BKL",
        "DF",
        "VASC"
    ],
    "per_class": {
        "MEL": {
            "fpr": [
                0.0,
                0.0,
                0.0,
                0.005813953488372093,
                0.005813953488372093,
                0.011627906976744186,
                0.011627906976744186,
                0.01744186046511628,
                0.01744186046511628,
                0.023255813953488372,
                0.023255813953488372,
                0.029069767441860465,
                0.029069767441860465,
                0.05232558139534884,
                0.05232558139534884,
                0.0755813953488372,
                0.0755813953488372,
                0.08139534883720931,
                0.08139534883720931,
                0.11627906976744186,
                0.11627906976744186,
                0.12790697674418605,
                0.12790697674418605,
                0.13372093023255813,
                0.13372093023255813,
                0.1511627906976744,
                0.1511627906976744,
                0.18604651162790697,
                0.18604651162790697,
                0.19767441860465115,
                0.19767441860465115,
                0.23255813953488372,
                0.23255813953488372,
                0.31976744186046513,
                0.31976744186046513,
                0.32558139534883723,
                0.32558139534883723,
                1.0
            ],
            "tpr": [
                0.0,
                0.047619047619047616,
                0.09523809523809523,
                0.09523809523809523,
                0.14285714285714285,
                0.14285714285714285,
                0.19047619047619047,
                0.19047619047619047,
                0.23809523809523808,
                0.23809523809523808,
                0.3333333333333333,
                0.3333333333333333,
                0.38095238095238093,
                0.38095238095238093,
                0.42857142857142855,
                0.42857142857142855,
                0.47619047619047616,
                0.47619047619047616,
                0.5714285714285714,
                0.5714285714285714,
                0.6190476190476191,
                0.6190476190476191,
                0.6666666666666666,
                0.6666666666666666,
                0.7142857142857143,
                0.7142857142857143,
                0.7619047619047619,
                0.7619047619047619,
                0.8095238095238095,
                0.8095238095238095,
                0.8571428571428571,
                0.8571428571428571,
                0.9047619047619048,
                0.9047619047619048,
                0.9523809523809523,
                0.9523809523809523,
                1.0,
                1.0
            ],
            "auc": 0.89562569213732
        },
        "NV": {
            "fpr": [
                0.0,
                0.0,
                0.0,
                0.014285714285714285,
                0.014285714285714285,
                0.02857142857142857,
                0.02857142857142857,
                0.04285714285714286,
                0.04285714285714286,
                0.05714285714285714,
                0.05714285714285714,
                0.07142857142857142,
                0.07142857142857142,
                0.08571428571428572,
                0.08571428571428572,
                0.1,
                0.1,
                0.15714285714285714,
                0.15714285714285714,
                0.17142857142857143,
                0.17142857142857143,
                0.2,
                0.2,
                0.21428571428571427,
                0.21428571428571427,
                0.3142857142857143,
                0.3142857142857143,
                0.32857142857142857,
                0.32857142857142857,
                0.5142857142857142,
                0.5142857142857142,
                0.5428571428571428,
                0.5428571428571428,
                0.5571428571428572,
                0.5571428571428572,
                1.0
            ],
            "tpr": [
                0.0,
                0.008130081300813009,
                0.6504065040650406,
                0.6504065040650406,
                0.6666666666666666,
                0.6666666666666666,
                0.7642276422764228,
                0.7642276422764228,
                0.8130081300813008,
                0.8130081300813008,
                0.8373983739837398,
                0.8373983739837398,
                0.8617886178861789,
                0.8617886178861789,
                0.8699186991869918,
                0.8699186991869918,
                0.8780487804878049,
                0.8780487804878049,
                0.8861788617886179,
                0.8861788617886179,
                0.9024390243902439,
                0.9024390243902439,
                0.926829268292683,
                0.926829268292683,
                0.9349593495934959,
                0.9349593495934959,
                0.943089430894309,
                0.943089430894309,
                0.9512195121951219,
                0.9512195121951219,
                0.967479674796748,
                0.967479674796748,
                0.975609756097561,
                0.975609756097561,
                1.0,
                1.0
            ],
            "auc": 0.9479674796747968
        },
        "BCC": {
            "fpr": [
                0.0,
                0.0,
                0.0,
                0.0056179775280898875,
                0.0056179775280898875,
                0.011235955056179775,
                0.011235955056179775,
                0.016853932584269662,
                0.016853932584269662,
                0.056179775280898875,
                0.056179775280898875,
                1.0
            ],
            "tpr": [
                0.0,
                0.06666666666666667,
                0.2,
                0.2,
                0.3333333333333333,
                0.3333333333333333,
                0.6,
                0.6,
                0.9333333333333333,
                0.9333333333333333,
                1.0,
                1.0
            ],
            "auc": 0.9868913857677902
        },
        "AKIEC": {
            "fpr": [
                0.0,
                0.005405405405405406,
                0.03783783783783784,
                0.03783783783783784,
                0.06486486486486487,
                0.06486486486486487,
                0.07567567567567568,
                0.07567567567567568,
                0.0972972972972973,
                0.0972972972972973,
                0.16216216216216217,
                0.16216216216216217,
                0.1945945945945946,
                0.1945945945945946,
                0.24324324324324326,
                0.24324324324324326,
                1.0
            ],
            "tpr": [
                0.0,
                0.0,
                0.0,
                0.125,
                0.125,
                0.25,
                0.25,
                0.5,
                0.5,
                0.625,
                0.625,
                0.75,
                0.75,
                0.875,
                0.875,
                1.0,
                1.0
            ],
            "auc": 0.8810810810810812
        },