{
    "epoch": 15,
    "num_classes": 7,
    "class_names": [
        "MEL",
        "NV",
        "BCC",
        "AKIEC",
        "BKL",
        "DF",
        "VASC"
    ],
    "per_class": {
        "MEL": {
            "fpr": [
                0.0,
                0.0,
                0.0,
                0.005813953488372093,
                0.005813953488372093,
                0.023255813953488372,
                0.023255813953488372,
                0.040697674418604654,
                0.040697674418604654,
                0.08139534883720931,
                0.08139534883720931,
                0.11627906976744186,
                0.11627906976744186,
                0.1569767441860465,
                0.1569767441860465,
                0.1686046511627907,
                0.1686046511627907,
                0.18604651162790697,
                0.18604651162790697,
                0.19186046511627908,
                0.19186046511627908,
                0.21511627906976744,
                0.21511627906976744,
                0.25,
                0.25,
                0.37790697674418605,
                0.37790697674418605,
                0.5116279069767442,
                0.5116279069767442,
                1.0
            ],
            "tpr": [
                0.0,
                0.047619047619047616,
                0.23809523809523808,
                0.23809523809523808,
                0.2857142857142857,
                0.2857142857142857,
                0.38095238095238093,
                0.38095238095238093,
                0.47619047619047616,
                0.47619047619047616,
                0.5714285714285714,
                0.5714285714285714,
                0.6190476190476191,
                0.6190476190476191,
                0.6666666666666666,
                0.6666666666666666,
                0.7142857142857143,
                0.7142857142857143,
                0.7619047619047619,
                0.7619047619047619,
                0.8095238095238095,
                0.8095238095238095,
                0.8571428571428571,
                0.8571428571428571,
                0.9047619047619048,
                0.9047619047619048,
                0.9523809523809523,
                0.9523809523809523,
                1.0,
                1.0
            ],
            "auc": 0.8823366555924695
        },
        "NV": {
            "fpr": [
                0.0,
                0.0,
                0.0,
                0.02857142857142857,
                0.02857142857142857,
                0.04285714285714286,
                0.04285714285714286,
                0.05714285714285714,
                0.05714285714285714,
                0.08571428571428572,
                0.08571428571428572,
                0.1,
                0.1,
                0.11428571428571428,
                0.11428571428571428,
                0.12857142857142856,
                0.12857142857142856,
                0.14285714285714285,
                0.14285714285714285,
                0.17142857142857143,
                0.17142857142857143,
                0.34285714285714286,
                0.34285714285714286,
                0.38571428571428573,
                0.38571428571428573,
                0.45714285714285713,
                0.45714285714285713,
                0.5285714285714286,
                0.5285714285714286,
                0.5428571428571428,
                0.5428571428571428,
                0.5714285714285714,
                0.5714285714285714,
                0.9142857142857143,
                0.9142857142857143,
                1.0
            ],
            "tpr": [
                0.0,
                0.008130081300813009,
                0.7073170731707317,
                0.7073170731707317,
                0.7398373983739838,
                0.7398373983739838,
                0.7642276422764228,
                0.7642276422764228,
                0.8211382113821138,
                0.8211382113821138,
                0.8617886178861789,
                0.8617886178861789,
                0.8861788617886179,
                0.8861788617886179,
                0.9105691056910569,
                0.9105691056910569,
                0.9186991869918699,
                0.9186991869918699,
                0.926829268292683,
                0.926829268292683,
                0.943089430894309,
                0.943089430894309,
                0.9512195121951219,
                0.9512195121951219,
                0.959349593495935,
                0.959349593495935,
                0.967479674796748,
                0.967479674796748,
                0.975609756097561,
                0.975609756097561,
                0.983739837398374,
                0.983739837398374,
                0.991869918699187,
                0.991869918699187,
                1.0,
                1.0
            ],
            "auc": 0.9506387921022067
        },
        "BCC": {
            "fpr": [
                0.0,
                0.0,
                0.0,
                0.0056179775280898875,
                0.0056179775280898875,
                0.016853932584269662,
                0.016853932584269662,
                0.02247191011235955,
                0.02247191011235955,
                0.033707865168539325,
                0.033707865168539325,
                0.1797752808988764,
                0.1797752808988764,
                0.3651685393258427,
                0.3651685393258427,
                1.0
            ],
            "tpr": [
                0.0,
                0.06666666666666667,
                0.13333333333333333,
                0.13333333333333333,
                0.3333333333333333,
                0.3333333333333333,
                0.7333333333333333,
                0.7333333333333333,
                0.8,
                0.8,
                0.8666666666666667,
                0.8666666666666667,
                0.9333333333333333,
                0.9333333333333333,
                1.0,
                1.0
            ],
            "auc": 0.952059925093633
        },
        "AKIEC": {
            "fpr": [
                0.0,
                0.005405405405405406,
                0.010810810810810811,
                0.010810810810810811,
                0.03783783783783784,
                0.03783783783783784,
                0.06486486486486487,
                0.06486486486486487,
                0.12972972972972974,
                0.12972972972972974,
                0.17297297297297298,
                0.17297297297297298,
                0.23783783783783785,
                0.23783783783783785,
                0.4540540540540541,
                0.4540540540540541,
                1.0
            ],
            "tpr": [
                0.0,
                0.0,
                0.0,
                0.125,
                0.125,
                0.25,
                0.25,
                0.5,
                0.5,
                0.625,
                0.625,
                0.75,
                0.75,
                0.875,
                0.875,
                1.0,
                1.0
            ],
            "auc": 0.8533783783783784
        },