{
    "epoch": 36,
    "num_classes": 7,
    "class_names": [
        "MEL",
        "NV",
        "BCC",
        "AKIEC",
        "BKL",
        "DF",
        "VASC"
    ],
    "per_class": {
        "MEL": {
            "fpr": [
                0.0,
                0.0,
                0.0,
                0.005813953488372093,
                0.005813953488372093,
                0.011627906976744186,
                0.011627906976744186,
                0.023255813953488372,
                0.023255813953488372,
                0.05813953488372093,
                0.05813953488372093,
                0.06976744186046512,
                0.06976744186046512,
                0.0755813953488372,
                0.0755813953488372,
                0.08139534883720931,
                0.08139534883720931,
                0.09883720930232558,
                0.09883720930232558,
                0.10465116279069768,
                0.10465116279069768,
                0.1511627906976744,
                0.1511627906976744,
                0.18023255813953487,
                0.18023255813953487,
                0.23837209302325582,
                0.23837209302325582,
                0.3081395348837209,
                0.3081395348837209,
                1.0
            ],
            "tpr": [
                0.0,
                0.047619047619047616,
                0.09523809523809523,
                0.09523809523809523,
                0.19047619047619047,
                0.19047619047619047,
                0.38095238095238093,
                0.38095238095238093,
                0.47619047619047616,
                0.47619047619047616,
                0.5238095238095238,
                0.5238095238095238,
                0.5714285714285714,
                0.5714285714285714,
                0.6190476190476191,
                0.6190476190476191,
                0.6666666666666666,
                0.6666666666666666,
                0.7619047619047619,
                0.7619047619047619,
                0.8095238095238095,
                0.8095238095238095,
                0.8571428571428571,
                0.8571428571428571,
                0.9047619047619048,
                0.9047619047619048,
                0.9523809523809523,
                0.9523809523809523,
                1.0,
                1.0
            ],
            "auc": 0.925249169435216
        },
        "NV": {
            "fpr": [
                0.0,
                0.0,
                0.0,
                0.0,
                0.0,
                0.014285714285714285,
                0.014285714285714285,
                0.02857142857142857,
                0.02857142857142857,
                0.04285714285714286,
                0.04285714285714286,
                0.05714285714285714,
                0.05714285714285714,
                0.07142857142857142,
                0.07142857142857142,
                0.08571428571428572,
                0.08571428571428572,
                0.11428571428571428,
                0.11428571428571428,
                0.12857142857142856,
                0.12857142857142856,
                0.14285714285714285,
                0.14285714285714285,
                0.15714285714285714,
                0.15714285714285714,
                0.2857142857142857,
                0.2857142857142857,
                0.3142857142857143,
                0.3142857142857143,
                0.4714285714285714,
                0.4714285714285714,
                0.5285714285714286,
                0.5285714285714286,
                0.6428571428571429,
                0.6428571428571429,
                0.6857142857142857,
                0.6857142857142857,
                1.0
            ],
            "tpr": [
                0.0,
                0.008130081300813009,
                0.22764227642276422,
                0.24390243902439024,
                0.8130081300813008,
                0.8130081300813008,
                0.8211382113821138,
                0.8211382113821138,
                0.8292682926829268,
                0.8292682926829268,
                0.8373983739837398,
                0.8373983739837398,
                0.8536585365853658,
                0.8536585365853658,
                0.8617886178861789,
                0.8617886178861789,
                0.8861788617886179,
                0.8861788617886179,
                0.8943089430894309,
                0.8943089430894309,
                0.9105691056910569,
                0.9105691056910569,
                0.926829268292683,
                0.926829268292683,
                0.9349593495934959,
                0.9349593495934959,
                0.943089430894309,
                0.943089430894309,
                0.9512195121951219,
                0.9512195121951219,
                0.967479674796748,
                0.967479674796748,
                0.983739837398374,
                0.983739837398374,
                0.991869918699187,
                0.991869918699187,
                1.0,
                1.0
            ],
            "auc": 0.9571428571428572
        },
        "BCC": {
            "fpr": [
                0.0,
                0.0,
                0.0,
                0.0056179775280898875,
                0.0056179775280898875,
                0.011235955056179775,
                0.011235955056179775,
                0.016853932584269662,
                0.016853932584269662,
                0.033707865168539325,
                0.033707865168539325,
                1.0
            ],
            "tpr": [
                0.0,
                0.06666666666666667,
                0.3333333333333333,
                0.3333333333333333,
                0.4,
                0.4,
                0.6666666666666666,
                0.6666666666666666,
                0.9333333333333333,
                0.9333333333333333,
                1.0,
                1.0
            ],
            "auc": 0.9898876404494382
        },
        "AKIEC": {
            "fpr": [
                0.0,
                0.005405405405405406,
                0.021621621621621623,
                0.021621621621621623,
                0.07567567567567568,
                0.07567567567567568,
                0.08108108108108109,
                0.08108108108108109,
                0.0972972972972973,
                0.0972972972972973,
                0.12432432432432433,
                0.12432432432432433,
                0.1837837837837838,
                0.1837837837837838,
                0.2864864864864865,
                0.2864864864864865,
                1.0
            ],
            "tpr": [
                0.0,
                0.0,
                0.0,
                0.125,
                0.125,
                0.25,
                0.25,
                0.5,
                0.5,
                0.625,
                0.625,
                0.75,
                0.75,
                0.875,
                0.875,
                1.0,
                1.0
            ],
            "auc": 0.8810810810810812
        },