{
    "epoch": 1,
    "num_classes": 7,
    "class_names": [
        "MEL",
        "NV",
        "BCC",
        "AKIEC",
        "BKL",
        "DF",
        "VASC"
    ],
    "per_class": {
        "MEL": {
            "fpr": [
                0.0,
                0.005813953488372093,
                0.005813953488372093,
                0.029069767441860465,
                0.029069767441860465,
                0.040697674418604654,
                0.040697674418604654,
                0.046511627906976744,
                0.046511627906976744,
                0.11046511627906977,
                0.11046511627906977,
                0.12209302325581395,
                0.12209302325581395,
                0.19767441860465115,
                0.19767441860465115,
                0.28488372093023256,
                0.28488372093023256,
                0.32558139534883723,
                0.32558139534883723,
                0.3430232558139535,
                0.3430232558139535,
                0.3488372093023256,
                0.3488372093023256,
                0.37209302325581395,
                0.37209302325581395,
                0.43023255813953487,
                0.43023255813953487,
                0.4941860465116279,
                0.4941860465116279,
                0.5,
                0.5,
                0.563953488372093,
                0.563953488372093,
                0.8023255813953488,
                0.8023255813953488,
                1.0
            ],
            "tpr": [
                0.0,
                0.0,
                0.047619047619047616,
                0.047619047619047616,
                0.09523809523809523,
                0.09523809523809523,
                0.23809523809523808,
                0.23809523809523808,
                0.2857142857142857,
                0.2857142857142857,
                0.38095238095238093,
                0.38095238095238093,
                0.42857142857142855,
                0.42857142857142855,
                0.47619047619047616,
                0.47619047619047616,
                0.5238095238095238,
                0.5238095238095238,
                0.5714285714285714,
                0.5714285714285714,
                0.6666666666666666,
                0.6666666666666666,
                0.7142857142857143,
                0.7142857142857143,
                0.7619047619047619,
                0.7619047619047619,
                0.8095238095238095,
                0.8095238095238095,
                0.8571428571428571,
                0.8571428571428571,
                0.9047619047619048,
                0.9047619047619048,
                0.9523809523809523,
                0.9523809523809523,
                1.0,
                1.0
            ],
            "auc": 0.7356035437430787
        },
        "NV": {
            "fpr": [
                0.0,
                0.0,
                0.0,
                0.014285714285714285,
                0.014285714285714285,
                0.02857142857142857,
                0.02857142857142857,
                0.04285714285714286,
                0.04285714285714286,
                0.05714285714285714,
                0.05714285714285714,
                0.07142857142857142,
                0.07142857142857142,
                0.08571428571428572,
                0.08571428571428572,
                0.1,
                0.1,
                0.11428571428571428,
                0.11428571428571428,
                0.14285714285714285,
                0.14285714285714285,
                0.15714285714285714,
                0.15714285714285714,
                0.2,
                0.2,
                0.21428571428571427,
                0.21428571428571427,
                0.22857142857142856,
                0.22857142857142856,
                0.24285714285714285,
                0.24285714285714285,
                0.2571428571428571,
                0.2571428571428571,
                0.2857142857142857,
                0.2857142857142857,
                0.3,
                0.3,
                0.32857142857142857,
                0.32857142857142857,
                0.34285714285714286,
                0.34285714285714286,
                0.4142857142857143,
                0.4142857142857143,
                0.44285714285714284,
                0.44285714285714284,
                0.45714285714285713,
                0.45714285714285713,
                0.4857142857142857,
                0.4857142857142857,
                0.5428571428571428,
                0.5428571428571428,
                0.5571428571428572,
                0.5571428571428572,
                0.5857142857142857,
                0.5857142857142857,
                0.6285714285714286,
                0.6285714285714286,
                0.6714285714285714,
                0.6714285714285714,
                0.7,
                0.7,
                0.7857142857142857,
                0.7857142857142857,
                0.8142857142857143,
                0.8142857142857143,
                0.8714285714285714,
                0.8714285714285714,
                0.9142857142857143,
                0.9142857142857143,
                0.9428571428571428,
                0.9428571428571428,
                1.0
            ],
            "tpr": [
                0.0,
                0.008130081300813009,
                0.24390243902439024,
                0.24390243902439024,
                0.2601626016260163,
                0.2601626016260163,
                0.2682926829268293,
                0.2682926829268293,
                0.4065040650406504,
                0.4065040650406504,
                0.43089430894308944,
                0.43089430894308944,
                0.44715447154471544,
                0.44715447154471544,
                0.5447154471544715,
                0.5447154471544715,
                0.6097560975609756,
                0.6097560975609756,
                0.6178861788617886,
                0.6178861788617886,
                0.6422764227642277,
                0.6422764227642277,
                0.6585365853658537,
                0.6585365853658537,
                0.6747967479674797,
                0.6747967479674797,
                0.6910569105691057,
                0.6910569105691057,
                0.6991869918699187,
                0.6991869918699187,
                0.7073170731707317,
                0.7073170731707317,
                0.7235772357723578,
                0.7235772357723578,
                0.7804878048780488,
                0.7804878048780488,
                0.7886178861788617,
                0.7886178861788617,
                0.8048780487804879,
                0.8048780487804879,
                0.8130081300813008,
                0.8130081300813008,
                0.8211382113821138,
                0.8211382113821138,
                0.8373983739837398,
                0.8373983739837398,
                0.8455284552845529,
                0.8455284552845529,
                0.8780487804878049,
                0.8780487804878049,
                0.8943089430894309,
                0.8943089430894309,
                0.9024390243902439,
                0.9024390243902439,
                0.9105691056910569,
                0.9105691056910569,
                0.9186991869918699,
                0.9186991869918699,
                0.926829268292683,
                0.926829268292683,
                0.943089430894309,
                0.943089430894309,
                0.9512195121951219,
                0.9512195121951219,
                0.959349593495935,
                0.959349593495935,
                0.967479674796748,
                0.967479674796748,
                0.991869918699187,
                0.991869918699187,
                1.0,
                1.0
            ],
            "auc": 0.8074332171893146
        },