{
    "epoch": 93,
    "num_classes": 7,
    "class_names": [
        "MEL",
        "NV",
        "BCC",
        "AKIEC",
        "BKL",
        "DF",
        "VASC"
    ],
    "per_class": {
        "MEL": {
            "fpr": [
                0.0,
                0.0,
                0.0,
                0.01744186046511628,
                0.01744186046511628,
                0.029069767441860465,
                0.029069767441860465,
                0.046511627906976744,
                0.046511627906976744,
                0.05813953488372093,
                0.05813953488372093,
                0.0755813953488372,
                0.0755813953488372,
                0.08139534883720931,
                0.08139534883720931,
                0.0872093023255814,
                0.0872093023255814,
                0.11046511627906977,
                0.11046511627906977,
                0.13953488372093023,
                0.13953488372093023,
                0.14534883720930233,
                0.14534883720930233,
                0.18023255813953487,
                0.18023255813953487,
                0.22093023255813954,
                0.22093023255813954,
                0.2616279069767442,
                0.2616279069767442,
                0.4127906976744186,
                0.4127906976744186,
                1.0
            ],
            "tpr": [
                0.0,
                0.047619047619047616,
                0.19047619047619047,
                0.19047619047619047,
                0.23809523809523808,
                0.23809523809523808,
                0.3333333333333333,
                0.3333333333333333,
                0.42857142857142855,
                0.42857142857142855,
                0.47619047619047616,
                0.47619047619047616,
                0.5238095238095238,
                0.5238095238095238,
                0.5714285714285714,
                0.5714285714285714,
                0.6190476190476191,
                0.6190476190476191,
                0.7142857142857143,
                0.7142857142857143,
                0.7619047619047619,
                0.7619047619047619,
                0.8095238095238095,
                0.8095238095238095,
                0.8571428571428571,
                0.8571428571428571,
                0.9047619047619048,
                0.9047619047619048,
                0.9523809523809523,
                0.9523809523809523,
                1.0,
                1.0
            ],
            "auc": 0.9022702104097452
        },
        "NV": {
            "fpr": [
                0.0,
                0.0,
                0.0,
                0.014285714285714285,
                0.014285714285714285,
                0.02857142857142857,
                0.02857142857142857,
                0.04285714285714286,
                0.04285714285714286,
                0.05714285714285714,
                0.05714285714285714,
                0.07142857142857142,
                0.07142857142857142,
                0.1,
                0.1,
                0.12857142857142856,
                0.12857142857142856,
                0.14285714285714285,
                0.14285714285714285,
                0.21428571428571427,
                0.21428571428571427,
                0.22857142857142856,
                0.22857142857142856,
                0.38571428571428573,
                0.38571428571428573,
                0.4142857142857143,
                0.4142857142857143,
                0.4714285714285714,
                0.4714285714285714,
                0.5,
                0.5,
                0.5285714285714286,
                0.5285714285714286,
                0.6857142857142857,
                0.6857142857142857,
                0.7285714285714285,
                0.7285714285714285,
                1.0
            ],
            "tpr": [
                0.0,
                0.008130081300813009,
                0.5284552845528455,
                0.5284552845528455,
                0.7479674796747967,
                0.7479674796747967,
                0.7723577235772358,
                0.7723577235772358,
                0.7967479674796748,
                0.7967479674796748,
                0.8617886178861789,
                0.8617886178861789,
                0.8699186991869918,
                0.8699186991869918,
                0.8780487804878049,
                0.8780487804878049,
                0.8861788617886179,
                0.8861788617886179,
                0.9186991869918699,
                0.9186991869918699,
                0.926829268292683,
                0.926829268292683,
                0.943089430894309,
                0.943089430894309,
                0.9512195121951219,
                0.9512195121951219,
                0.959349593495935,
                0.959349593495935,
                0.967479674796748,
                0.967479674796748,
                0.975609756097561,
                0.975609756097561,
                0.983739837398374,
                0.983739837398374,
                0.991869918699187,
                0.991869918699187,
                1.0,
                1.0
            ],
            "auc": 0.948664343786295
        },
        "BCC": {
            "fpr": [
                0.0,
                0.0,
                0.0,
                0.0056179775280898875,
                0.0056179775280898875,
                0.011235955056179775,
                0.011235955056179775,
                0.016853932584269662,
                0.016853932584269662,
                0.028089887640449437,
                0.028089887640449437,
                0.03932584269662921,
                0.03932584269662921,
                1.0
            ],
            "tpr": [
                0.0,
                0.06666666666666667,
                0.13333333333333333,
                0.13333333333333333,
                0.26666666666666666,
                0.26666666666666666,
                0.7333333333333333,
                0.7333333333333333,
                0.8666666666666667,
                0.8666666666666667,
                0.9333333333333333,
                0.9333333333333333,
                1.0,
                1.0
            ],
            "auc": 0.9872659176029963
        },
        "AKIEC": {
            "fpr": [
                0.0,
                0.005405405405405406,
                0.05945945945945946,
                0.05945945945945946,
                0.07027027027027027,
                0.07027027027027027,
                0.07567567567567568,
                0.07567567567567568,
                0.10270270270270271,
                0.10270270270270271,
                0.14054054054054055,
                0.14054054054054055,
                0.20540540540540542,
                0.20540540540540542,
                0.24324324324324326,
                0.24324324324324326,
                1.0
            ],
            "tpr": [
                0.0,
                0.0,
                0.0,
                0.125,
                0.125,
                0.25,
                0.25,
                0.375,
                0.375,
                0.625,
                0.625,
                0.75,
                0.75,
                0.875,
                0.875,
                1.0,
                1.0
            ],
            "auc": 0.875
        },