{
    "epoch": 69,
    "num_classes": 7,
    "class_names": [
        "MEL",
        "NV",
        "BCC",
        "AKIEC",
        "BKL",
        "DF",
        "VASC"
    ],
    "per_class": {
        "MEL": {
            "fpr": [
                0.0,
                0.0,
                0.0,
                0.011627906976744186,
                0.011627906976744186,
                0.01744186046511628,
                0.01744186046511628,
                0.023255813953488372,
                0.023255813953488372,
                0.03488372093023256,
                0.03488372093023256,
                0.046511627906976744,
                0.046511627906976744,
                0.05232558139534884,
                0.05232558139534884,
                0.05813953488372093,
                0.05813953488372093,
                0.0755813953488372,
                0.0755813953488372,
                0.11046511627906977,
                0.11046511627906977,
                0.12790697674418605,
                0.12790697674418605,
                0.18604651162790697,
                0.18604651162790697,
                0.22674418604651161,
                0.22674418604651161,
                0.313953488372093,
                0.313953488372093,
                1.0
            ],
            "tpr": [
                0.0,
                0.047619047619047616,
                0.09523809523809523,
                0.09523809523809523,
                0.19047619047619047,
                0.19047619047619047,
                0.2857142857142857,
                0.2857142857142857,
                0.3333333333333333,
                0.3333333333333333,
                0.38095238095238093,
                0.38095238095238093,
                0.42857142857142855,
                0.42857142857142855,
                0.47619047619047616,
                0.47619047619047616,
                0.5238095238095238,
                0.5238095238095238,
                0.6190476190476191,
                0.6190476190476191,
                0.6666666666666666,
                0.6666666666666666,
                0.7619047619047619,
                0.7619047619047619,
                0.8095238095238095,
                0.8095238095238095,
                0.9523809523809523,
                0.9523809523809523,
                1.0,
                1.0
            ],
            "auc": 0.9061461794019934
        },
        "NV": {
            "fpr": [
                0.0,
                0.0,
                0.0,
                0.014285714285714285,
                0.014285714285714285,
                0.02857142857142857,
                0.02857142857142857,
                0.05714285714285714,
                0.05714285714285714,
                0.07142857142857142,
                0.07142857142857142,
                0.08571428571428572,
                0.08571428571428572,
                0.11428571428571428,
                0.11428571428571428,
                0.14285714285714285,
                0.14285714285714285,
                0.2,
                0.2,
                0.24285714285714285,
                0.24285714285714285,
                0.2571428571428571,
                0.2571428571428571,
                0.37142857142857144,
                0.37142857142857144,
                0.5428571428571428,
                0.5428571428571428,
                0.5571428571428572,
                0.5571428571428572,
                0.7,
                0.7,
                0.7428571428571429,
                0.7428571428571429,
                1.0
            ],
            "tpr": [
                0.0,
                0.008130081300813009,
                0.6666666666666666,
                0.6666666666666666,
                0.6747967479674797,
                0.6747967479674797,
                0.7723577235772358,
                0.7723577235772358,
                0.8292682926829268,
                0.8292682926829268,
                0.8617886178861789,
                0.8617886178861789,
                0.8780487804878049,
                0.8780487804878049,
                0.8861788617886179,
                0.8861788617886179,
                0.8943089430894309,
                0.8943089430894309,
                0.9349593495934959,
                0.9349593495934959,
                0.943089430894309,
                0.943089430894309,
                0.9512195121951219,
                0.9512195121951219,
                0.959349593495935,
                0.959349593495935,
                0.975609756097561,
                0.975609756097561,
                0.983739837398374,
                0.983739837398374,
                0.991869918699187,
                0.991869918699187,
                1.0,
                1.0
            ],
            "auc": 0.9477351916376306
        },
        "BCC": {
            "fpr": [
                0.0,
                0.0,
                0.0,
                0.0056179775280898875,
                0.0056179775280898875,
                0.028089887640449437,
                0.028089887640449437,
                0.033707865168539325,
                0.033707865168539325,
                1.0
            ],
            "tpr": [
                0.0,
                0.06666666666666667,
                0.13333333333333333,
                0.13333333333333333,
                0.8666666666666667,
                0.8666666666666667,
                0.9333333333333333,
                0.9333333333333333,
                1.0,
                1.0
            ],
            "auc": 0.9917602996254682
        },
        "AKIEC": {
            "fpr": [
                0.0,
                0.005405405405405406,
                0.04864864864864865,
                0.04864864864864865,
                0.05945945945945946,
                0.05945945945945946,
                0.07027027027027027,
                0.07027027027027027,
                0.10270270270270271,
                0.10270270270270271,
                0.16216216216216217,
                0.16216216216216217,
                0.1891891891891892,
                0.1891891891891892,
                0.22702702702702704,
                0.22702702702702704,
                1.0
            ],
            "tpr": [
                0.0,
                0.0,
                0.0,
                0.125,
                0.125,
                0.25,
                0.25,
                0.5,
                0.5,
                0.625,
                0.625,
                0.75,
                0.75,
                0.875,
                0.875,
                1.0,
                1.0
            ],
            "auc": 0.8837837837837837
        },