{
    "epoch": 5,
    "num_classes": 7,
    "class_names": [
        "MEL",
        "NV",
        "BCC",
        "AKIEC",
        "BKL",
        "DF",
        "VASC"
    ],
    "per_class": {
        "MEL": {
            "fpr": [
                0.0,
                0.0,
                0.0,
                0.005813953488372093,
                0.005813953488372093,
                0.011627906976744186,
                0.011627906976744186,
                0.023255813953488372,
                0.023255813953488372,
                0.029069767441860465,
                0.029069767441860465,
                0.05232558139534884,
                0.05232558139534884,
                0.06395348837209303,
                0.06395348837209303,
                0.08139534883720931,
                0.08139534883720931,
                0.09302325581395349,
                0.09302325581395349,
                0.10465116279069768,
                0.10465116279069768,
                0.1744186046511628,
                0.1744186046511628,
                0.3313953488372093,
                0.3313953488372093,
                0.6744186046511628,
                0.6744186046511628,
                1.0
            ],
            "tpr": [
                0.0,
                0.047619047619047616,
                0.2857142857142857,
                0.2857142857142857,
                0.3333333333333333,
                0.3333333333333333,
                0.47619047619047616,
                0.47619047619047616,
                0.5238095238095238,
                0.5238095238095238,
                0.5714285714285714,
                0.5714285714285714,
                0.6190476190476191,
                0.6190476190476191,
                0.6666666666666666,
                0.6666666666666666,
                0.7142857142857143,
                0.7142857142857143,
                0.8095238095238095,
                0.8095238095238095,
                0.8571428571428571,
                0.8571428571428571,
                0.9047619047619048,
                0.9047619047619048,
                0.9523809523809523,
                0.9523809523809523,
                1.0,
                1.0
            ],
            "auc": 0.9161129568106312
        },
        "NV": {
            "fpr": [
                0.0,
                0.0,
                0.0,
                0.014285714285714285,
                0.014285714285714285,
                0.02857142857142857,
                0.02857142857142857,
                0.05714285714285714,
                0.05714285714285714,
                0.08571428571428572,
                0.08571428571428572,
                0.11428571428571428,
                0.11428571428571428,
                0.12857142857142856,
                0.12857142857142856,
                0.15714285714285714,
                0.15714285714285714,
                0.24285714285714285,
                0.24285714285714285,
                0.2857142857142857,
                0.2857142857142857,
                0.4142857142857143,
                0.4142857142857143,
                0.5285714285714286,
                0.5285714285714286,
                0.9142857142857143,
                0.9142857142857143,
                1.0
            ],
            "tpr": [
                0.0,
                0.008130081300813009,
                0.7154471544715447,
                0.7154471544715447,
                0.7479674796747967,
                0.7479674796747967,
                0.7560975609756098,
                0.7560975609756098,
                0.8780487804878049,
                0.8780487804878049,
                0.9024390243902439,
                0.9024390243902439,
                0.9105691056910569,
                0.9105691056910569,
                0.9349593495934959,
                0.9349593495934959,
                0.943089430894309,
                0.943089430894309,
                0.967479674796748,
                0.967479674796748,
                0.975609756097561,
                0.975609756097561,
                0.983739837398374,
                0.983739837398374,
                0.991869918699187,
                0.991869918699187,
                1.0,
                1.0
            ],
            "auc": 0.9615563298490127
        },
        "BCC": {
            "fpr": [
                0.0,
                0.0056179775280898875,
                0.0056179775280898875,
                0.011235955056179775,
                0.011235955056179775,
                0.016853932584269662,
                0.016853932584269662,
                0.02247191011235955,
                0.02247191011235955,
                0.03932584269662921,
                0.03932584269662921,
                0.056179775280898875,
                0.056179775280898875,
                0.06179775280898876,
                0.06179775280898876,
                0.23595505617977527,
                0.23595505617977527,
                1.0
            ],
            "tpr": [
                0.0,
                0.0,
                0.13333333333333333,
                0.13333333333333333,
                0.5333333333333333,
                0.5333333333333333,
                0.6,
                0.6,
                0.7333333333333333,
                0.7333333333333333,
                0.8,
                0.8,
                0.8666666666666667,
                0.8666666666666667,
                0.9333333333333333,
                0.9333333333333333,
                1.0,
                1.0
            ],
            "auc": 0.9644194756554306
        },
        "AKIEC": {
            "fpr": [
                0.0,
                0.0,
                0.0,
                0.02702702702702703,
                0.02702702702702703,
                0.032432432432432434,
                0.032432432432432434,
                0.06486486486486487,
                0.06486486486486487,
                0.08648648648648649,
                0.08648648648648649,
                1.0
            ],
            "tpr": [
                0.0,
                0.125,
                0.25,
                0.25,
                0.5,
                0.5,
                0.75,
                0.75,
                0.875,
                0.875,
                1.0,
                1.0
            ],
            "auc": 0.9662162162162162
        },
        "BKL": {
            "fpr": [
                0.0,
                0.0,
                0.0,
                0.005847953216374269,
                0.005847953216374269,
                0.011695906432748537,
                0.011695906432748537,
                0.017543859649122806,
                0.017543859649122806,
                0.03508771929824561,
                0.03508771929824561,
                0.05847953216374269,
                0.05847953216374269,
                0.07602339181286549,
                0.07602339181286549,
                0.14035087719298245,
                0.14035087719298245,
                0.16374269005847952,
                0.16374269005847952,
                0.21052631578947367,
                0.21052631578947367,
                0.47368421052631576,
                0.47368421052631576,
                1.0
            ],