{
    "overall": {
        "accuracy": 75.12953367875647,
        "balanced_multiclass_accuracy": 0.3644580448587417,
        "macro_recall": 0.3644580448587417,
        "macro_precision": 0.38820094634048125,
        "macro_f1": 0.3725449154020582,
        "multiclass_macro_auc_ovr": 0.943369125768333,
        "mean_auc_all_diagnoses": 0.943369125768333,
        "mean_average_precision_all_diagnoses": 0.6317566306741386,
        "mean_sensitivity": 0.3644580448587417,
        "mean_specificity": 0.9447183696438595,
        "mean_accuracy": 0.9289415247964471,
        "mean_f1": 0.5215628815628814,
        "mean_ppv": 0.5434813248766737,
        "mean_npv": 0.9511427812187255,
        "melanoma_auc80": 0.8247508305647842,
        "malignant_vs_benign_auc": 0.9356314826113483
    },
    "per_class": {
        "MEL": {
            "sensitivity": 0.42857142857142855,
            "specificity": 0.9476744186046512,
            "accuracy": 0.8911917098445595,
            "auc": 0.909468438538206,
            "mean_average_precision": 0.5691808509244747,
            "f1_score": 0.4615384615384615,
            "ppv": 0.5,
            "npv": 0.9314285714285714,
            "auc80": 0.8247508305647842
        },
        "NV": {
            "sensitivity": 0.943089430894309,
            "specificity": 0.8142857142857143,
            "accuracy": 0.8963730569948186,
            "auc": 0.9592334494773519,
            "mean_average_precision": 0.9798212880943045,
            "f1_score": 0.9206349206349207,
            "ppv": 0.8992248062015504,
            "npv": 0.890625,
            "auc80": NaN
        },
        "BCC": {
            "sensitivity": 0.6,
            "specificity": 0.9887640449438202,
            "accuracy": 0.9585492227979274,
            "auc": 0.9846441947565543,
            "mean_average_precision": 0.8712951314330625,
            "f1_score": 0.6923076923076923,
            "ppv": 0.8181818181818182,
            "npv": 0.967032967032967,
            "auc80": NaN
        },
        "AKIEC": {
            "sensitivity": 0.125,
            "specificity": 0.9675675675675676,
            "accuracy": 0.9326424870466321,
            "auc": 0.8837837837837837,
            "mean_average_precision": 0.1811598124098124,
            "f1_score": 0.13333333333333333,
            "ppv": 0.14285714285714285,
            "npv": 0.9623655913978495,
            "auc80": NaN
        },
        "BKL": {
            "sensitivity": 0.45454545454545453,
            "specificity": 0.8947368421052632,
            "accuracy": 0.844559585492228,
            "auc": 0.8910154173312068,
            "mean_average_precision": 0.4708393318573157,
            "f1_score": 0.4,
            "ppv": 0.35714285714285715,
            "npv": 0.9272727272727272,
            "auc80": NaN
        },
        "DF": {
            "sensitivity": 0.0,
            "specificity": 1.0,
            "accuracy": 0.9948186528497409,
            "auc": 1.0,
            "mean_average_precision": 1.0,
            "f1_score": NaN,
            "ppv": NaN,
            "npv": 0.9948186528497409,
            "auc80": NaN
        },
        "VASC": {
            "sensitivity": 0.0,
            "specificity": 1.0,
            "accuracy": 0.9844559585492227,
            "auc": 0.9754385964912281,
            "mean_average_precision": 0.35,
            "f1_score": NaN,
            "ppv": NaN,
            "npv": 0.9844559585492227,
            "auc80": NaN
        }
    },
    "malignant_definition_used": [
        "MEL",
        "BCC",
        "AKIEC"
    ],
    "val_loss": 0.6388252096472626
}