{
    "overall": {
        "accuracy": 74.09326424870466,
        "balanced_multiclass_accuracy": 0.37049753382505995,
        "macro_recall": 0.37049753382505995,
        "macro_precision": 0.36520434945631797,
        "macro_f1": 0.3672117657938135,
        "multiclass_macro_auc_ovr": 0.9414931595921079,
        "mean_auc_all_diagnoses": 0.9414931595921079,
        "mean_average_precision_all_diagnoses": 0.6153943662631255,
        "mean_sensitivity": 0.37049753382505995,
        "mean_specificity": 0.9420367672241479,
        "mean_accuracy": 0.9259807549962991,
        "mean_f1": 0.5140964721113389,
        "mean_ppv": 0.5112860892388451,
        "mean_npv": 0.9460136698205944,
        "melanoma_auc80": 0.7987264673311185,
        "malignant_vs_benign_auc": 0.9286150091519219
    },
    "per_class": {
        "MEL": {
            "sensitivity": 0.42857142857142855,
            "specificity": 0.9476744186046512,
            "accuracy": 0.8911917098445595,
            "auc": 0.9138981173864895,
            "mean_average_precision": 0.5523403653455932,
            "f1_score": 0.4615384615384615,
            "ppv": 0.5,
            "npv": 0.9314285714285714,
            "auc80": 0.7987264673311185
        },
        "NV": {
            "sensitivity": 0.9186991869918699,
            "specificity": 0.8,
            "accuracy": 0.8756476683937824,
            "auc": 0.9543554006968641,
            "mean_average_precision": 0.9770012810129518,
            "f1_score": 0.904,
            "ppv": 0.889763779527559,
            "npv": 0.8484848484848485,
            "auc80": NaN
        },
        "BCC": {
            "sensitivity": 0.6666666666666666,
            "specificity": 0.9662921348314607,
            "accuracy": 0.9430051813471503,
            "auc": 0.9857677902621722,
            "mean_average_precision": 0.810220596397067,
            "f1_score": 0.6451612903225806,
            "ppv": 0.625,
            "npv": 0.9717514124293786,
            "auc80": NaN
        },
        "AKIEC": {
            "sensitivity": 0.125,
            "specificity": 0.9621621621621622,
            "accuracy": 0.927461139896373,
            "auc": 0.8831081081081082,
            "mean_average_precision": 0.16938143656927387,
            "f1_score": 0.125,
            "ppv": 0.125,
            "npv": 0.9621621621621622,
            "auc80": NaN
        },
        "BKL": {
            "sensitivity": 0.45454545454545453,
            "specificity": 0.9181286549707602,
            "accuracy": 0.8652849740932642,
            "auc": 0.8761297182349814,
            "mean_average_precision": 0.4154835511836581,
            "f1_score": 0.43478260869565216,
            "ppv": 0.4166666666666667,
            "npv": 0.9289940828402367,
            "auc80": NaN
        },
        "DF": {
            "sensitivity": 0.0,
            "specificity": 1.0,
            "accuracy": 0.9948186528497409,
            "auc": 1.0,
            "mean_average_precision": 1.0,
            "f1_score": NaN,
            "ppv": NaN,
            "npv": 0.9948186528497409,
            "auc80": NaN
        },
        "VASC": {
            "sensitivity": 0.0,
            "specificity": 1.0,
            "accuracy": 0.9844559585492227,
            "auc": 0.9771929824561403,
            "mean_average_precision": 0.3833333333333333,
            "f1_score": NaN,
            "ppv": NaN,
            "npv": 0.9844559585492227,
            "auc80": NaN
        }
    },
    "malignant_definition_used": [
        "MEL",
        "BCC",
        "AKIEC"
    ],
    "val_loss": 0.6471113642880336
}