{
    "overall": {
        "accuracy": 72.02072538860104,
        "balanced_multiclass_accuracy": 0.2966721721948202,
        "macro_recall": 0.2966721721948202,
        "macro_precision": 0.4638415875904502,
        "macro_f1": 0.30841263041948414,
        "multiclass_macro_auc_ovr": 0.9174748844371222,
        "mean_auc_all_diagnoses": 0.9174748844371222,
        "mean_average_precision_all_diagnoses": 0.46271225219899803,
        "mean_sensitivity": 0.2966721721948202,
        "mean_specificity": 0.9117205077245628,
        "mean_accuracy": 0.9200592153960029,
        "mean_f1": 0.4317776825872778,
        "mean_ppv": 0.6493782226266303,
        "mean_npv": 0.9518064681274214,
        "melanoma_auc80": 0.8352713178294574,
        "malignant_vs_benign_auc": 0.9266320927394752
    },
    "per_class": {
        "MEL": {
            "sensitivity": 0.09523809523809523,
            "specificity": 1.0,
            "accuracy": 0.9015544041450777,
            "auc": 0.918327796234773,
            "mean_average_precision": 0.6370583417168831,
            "f1_score": 0.17391304347826084,
            "ppv": 1.0,
            "npv": 0.900523560209424,
            "auc80": 0.8352713178294574
        },
        "NV": {
            "sensitivity": 0.983739837398374,
            "specificity": 0.4857142857142857,
            "accuracy": 0.8031088082901554,
            "auc": 0.9455284552845529,
            "mean_average_precision": 0.973249912368446,
            "f1_score": 0.8642857142857142,
            "ppv": 0.7707006369426752,
            "npv": 0.9444444444444444,
            "auc80": NaN
        },
        "BCC": {
            "sensitivity": 0.6,
            "specificity": 0.9719101123595506,
            "accuracy": 0.9430051813471503,
            "auc": 0.9505617977528089,
            "mean_average_precision": 0.7263031230647099,
            "f1_score": 0.6206896551724138,
            "ppv": 0.6428571428571429,
            "npv": 0.9664804469273743,
            "auc80": NaN
        },
        "AKIEC": {
            "sensitivity": 0.125,
            "specificity": 0.9945945945945946,
            "accuracy": 0.9585492227979274,
            "auc": 0.8662162162162161,
            "mean_average_precision": 0.19386732393232076,
            "f1_score": 0.2,
            "ppv": 0.5,
            "npv": 0.9633507853403142,
            "auc80": NaN
        },
        "BKL": {
            "sensitivity": 0.2727272727272727,
            "specificity": 0.9298245614035088,
            "accuracy": 0.8549222797927462,
            "auc": 0.8466241360978204,
            "mean_average_precision": 0.42676103256459486,
            "f1_score": 0.3,
            "ppv": 0.3333333333333333,
            "npv": 0.9085714285714286,
            "auc80": NaN
        },
        "DF": {
            "sensitivity": 0.0,
            "specificity": 1.0,
            "accuracy": 0.9948186528497409,
            "auc": 0.96875,
            "mean_average_precision": 0.14285714285714285,
            "f1_score": NaN,
            "ppv": NaN,
            "npv": 0.9948186528497409,
            "auc80": NaN
        },
        "VASC": {
            "sensitivity": 0.0,
            "specificity": 1.0,
            "accuracy": 0.9844559585492227,
            "auc": 0.9263157894736843,
            "mean_average_precision": 0.1388888888888889,
            "f1_score": NaN,
            "ppv": NaN,
            "npv": 0.9844559585492227,
            "auc80": NaN
        }
    },
    "malignant_definition_used": [
        "MEL",
        "BCC",
        "AKIEC"
    ],
    "val_loss": 0.7466807467332158
}