{
    "overall": {
        "accuracy": 74.09326424870466,
        "balanced_multiclass_accuracy": 0.3425192693485376,
        "macro_recall": 0.3425192693485376,
        "macro_precision": 0.3363971945367294,
        "macro_f1": 0.33882969445279476,
        "multiclass_macro_auc_ovr": 0.9400337046609436,
        "mean_auc_all_diagnoses": 0.9400337046609436,
        "mean_average_precision_all_diagnoses": 0.6137473836154846,
        "mean_sensitivity": 0.3425192693485376,
        "mean_specificity": 0.9431558010850178,
        "mean_accuracy": 0.9259807549962991,
        "mean_f1": 0.5929519652923909,
        "mean_ppv": 0.4709560723514212,
        "mean_npv": 0.9496572005238344,
        "melanoma_auc80": 0.7890365448504983,
        "malignant_vs_benign_auc": 0.9225137278828555
    },
    "per_class": {
        "MEL": {
            "sensitivity": 0.3333333333333333,
            "specificity": 0.936046511627907,
            "accuracy": 0.8704663212435233,
            "auc": 0.89562569213732,
            "mean_average_precision": 0.4881353652633707,
            "f1_score": 0.358974358974359,
            "ppv": 0.3888888888888889,
            "npv": 0.92,
            "auc80": 0.7890365448504983
        },
        "NV": {
            "sensitivity": 0.943089430894309,
            "specificity": 0.8142857142857143,
            "accuracy": 0.8963730569948186,
            "auc": 0.9498257839721255,
            "mean_average_precision": 0.9750301884737278,
            "f1_score": 0.9206349206349207,
            "ppv": 0.8992248062015504,
            "npv": 0.890625,
            "auc80": NaN
        },
        "BCC": {
            "sensitivity": 0.6666666666666666,
            "specificity": 0.9719101123595506,
            "accuracy": 0.9481865284974094,
            "auc": 0.9895131086142323,
            "mean_average_precision": 0.8534529196293902,
            "f1_score": 0.6666666666666666,
            "ppv": 0.6666666666666666,
            "npv": 0.9719101123595506,
            "auc80": NaN
        },
        "AKIEC": {
            "sensitivity": 0.0,
            "specificity": 0.9675675675675676,
            "accuracy": 0.927461139896373,
            "auc": 0.8824324324324324,
            "mean_average_precision": 0.17005158781474572,
            "f1_score": NaN,
            "ppv": 0.0,
            "npv": 0.9572192513368984,
            "auc80": NaN
        },
        "BKL": {
            "sensitivity": 0.45454545454545453,
            "specificity": 0.9122807017543859,
            "accuracy": 0.8601036269430051,
            "auc": 0.8803827751196173,
            "mean_average_precision": 0.4067838463493803,
            "f1_score": 0.4255319148936171,
            "ppv": 0.4,
            "npv": 0.9285714285714286,
            "auc80": NaN
        },
        "DF": {
            "sensitivity": 0.0,
            "specificity": 1.0,
            "accuracy": 0.9948186528497409,
            "auc": 1.0,
            "mean_average_precision": 1.0,
            "f1_score": NaN,
            "ppv": NaN,
            "npv": 0.9948186528497409,
            "auc80": NaN
        },
        "VASC": {
            "sensitivity": 0.0,
            "specificity": 1.0,
            "accuracy": 0.9844559585492227,
            "auc": 0.9824561403508772,
            "mean_average_precision": 0.4027777777777778,
            "f1_score": NaN,
            "ppv": NaN,
            "npv": 0.9844559585492227,
            "auc80": NaN
        }
    },
    "malignant_definition_used": [
        "MEL",
        "BCC",
        "AKIEC"
    ],
    "val_loss": 0.6826006662042647
}