{
    "overall": {
        "accuracy": 74.09326424870466,
        "balanced_multiclass_accuracy": 0.34916926859435576,
        "macro_recall": 0.34916926859435576,
        "macro_precision": 0.3652793964301049,
        "macro_f1": 0.3539790854306983,
        "multiclass_macro_auc_ovr": 0.948046251185349,
        "mean_auc_all_diagnoses": 0.948046251185349,
        "mean_average_precision_all_diagnoses": 0.6595878927615868,
        "mean_sensitivity": 0.34916926859435576,
        "mean_specificity": 0.934789829281284,
        "mean_accuracy": 0.9259807549962991,
        "mean_f1": 0.4955707196029776,
        "mean_ppv": 0.5113911550021468,
        "mean_npv": 0.9496743582287825,
        "melanoma_auc80": 0.8743078626799556,
        "malignant_vs_benign_auc": 0.9377669310555217
    },
    "per_class": {
        "MEL": {
            "sensitivity": 0.42857142857142855,
            "specificity": 0.9651162790697675,
            "accuracy": 0.9067357512953368,
            "auc": 0.9255260243632336,
            "mean_average_precision": 0.627486596489143,
            "f1_score": 0.5,
            "ppv": 0.6,
            "npv": 0.9325842696629213,
            "auc80": 0.8743078626799556
        },
        "NV": {
            "sensitivity": 0.9512195121951219,
            "specificity": 0.7142857142857143,
            "accuracy": 0.8652849740932642,
            "auc": 0.9608594657375146,
            "mean_average_precision": 0.9805811593642801,
            "f1_score": 0.9,
            "ppv": 0.8540145985401459,
            "npv": 0.8928571428571429,
            "auc80": NaN
        },
        "BCC": {
            "sensitivity": 0.6666666666666666,
            "specificity": 0.9662921348314607,
            "accuracy": 0.9430051813471503,
            "auc": 0.9880149812734083,
            "mean_average_precision": 0.856570435641643,
            "f1_score": 0.6451612903225806,
            "ppv": 0.625,
            "npv": 0.9717514124293786,
            "auc80": NaN
        },
        "AKIEC": {
            "sensitivity": 0.125,
            "specificity": 0.9621621621621622,
            "accuracy": 0.927461139896373,
            "auc": 0.8912162162162162,
            "mean_average_precision": 0.1864183985741189,
            "f1_score": 0.125,
            "ppv": 0.125,
            "npv": 0.9621621621621622,
            "auc80": NaN
        },
        "BKL": {
            "sensitivity": 0.2727272727272727,
            "specificity": 0.935672514619883,
            "accuracy": 0.8601036269430051,
            "auc": 0.8952684742158427,
            "mean_average_precision": 0.4541538973571611,
            "f1_score": 0.30769230769230765,
            "ppv": 0.35294117647058826,
            "npv": 0.9090909090909091,
            "auc80": NaN
        },
        "DF": {
            "sensitivity": 0.0,
            "specificity": 1.0,
            "accuracy": 0.9948186528497409,
            "auc": 1.0,
            "mean_average_precision": 1.0,
            "f1_score": NaN,
            "ppv": NaN,
            "npv": 0.9948186528497409,
            "auc80": NaN
        },
        "VASC": {
            "sensitivity": 0.0,
            "specificity": 1.0,
            "accuracy": 0.9844559585492227,
            "auc": 0.975438596491228,
            "mean_average_precision": 0.5119047619047619,
            "f1_score": NaN,
            "ppv": NaN,
            "npv": 0.9844559585492227,
            "auc80": NaN
        }
    },
    "malignant_definition_used": [
        "MEL",
        "BCC",
        "AKIEC"
    ],
    "val_loss": 0.6058287469216579
}