{
    "overall": {
        "accuracy": 73.57512953367875,
        "balanced_multiclass_accuracy": 0.3941562212468136,
        "macro_recall": 0.3941562212468136,
        "macro_precision": 0.49984539270253553,
        "macro_f1": 0.42179643356113944,
        "multiclass_macro_auc_ovr": 0.9457171806818748,
        "mean_auc_all_diagnoses": 0.9457171806818748,
        "mean_average_precision_all_diagnoses": 0.6410447897966105,
        "mean_sensitivity": 0.3941562212468136,
        "mean_specificity": 0.9374842301310549,
        "mean_accuracy": 0.924500370096225,
        "mean_f1": 0.49209583915466265,
        "mean_ppv": 0.5831529581529581,
        "mean_npv": 0.9466235032896625,
        "melanoma_auc80": 0.8568660022148393,
        "malignant_vs_benign_auc": 0.9399023794996949
    },
    "per_class": {
        "MEL": {
            "sensitivity": 0.38095238095238093,
            "specificity": 0.9534883720930233,
            "accuracy": 0.8911917098445595,
            "auc": 0.9280177187153931,
            "mean_average_precision": 0.5923814320270577,
            "f1_score": 0.4324324324324324,
            "ppv": 0.5,
            "npv": 0.9265536723163842,
            "auc80": 0.8568660022148393
        },
        "NV": {
            "sensitivity": 0.9349593495934959,
            "specificity": 0.7571428571428571,
            "accuracy": 0.8704663212435233,
            "auc": 0.9586527293844368,
            "mean_average_precision": 0.9800638084435583,
            "f1_score": 0.9019607843137255,
            "ppv": 0.8712121212121212,
            "npv": 0.8688524590163934,
            "auc80": NaN
        },
        "BCC": {
            "sensitivity": 0.6666666666666666,
            "specificity": 0.9719101123595506,
            "accuracy": 0.9481865284974094,
            "auc": 0.9861423220973783,
            "mean_average_precision": 0.8045732970732971,
            "f1_score": 0.6666666666666666,
            "ppv": 0.6666666666666666,
            "npv": 0.9719101123595506,
            "auc80": NaN
        },
        "AKIEC": {
            "sensitivity": 0.125,
            "specificity": 0.9675675675675676,
            "accuracy": 0.9326424870466321,
            "auc": 0.8837837837837837,
            "mean_average_precision": 0.18302676758309436,
            "f1_score": 0.13333333333333333,
            "ppv": 0.14285714285714285,
            "npv": 0.9623655913978495,
            "auc80": NaN
        },
        "BKL": {
            "sensitivity": 0.3181818181818182,
            "specificity": 0.9122807017543859,
            "accuracy": 0.844559585492228,
            "auc": 0.8950026581605529,
            "mean_average_precision": 0.4361967948778381,
            "f1_score": 0.3181818181818182,
            "ppv": 0.3181818181818182,
            "npv": 0.9122807017543859,
            "auc80": NaN
        },
        "DF": {
            "sensitivity": 0.0,
            "specificity": 1.0,
            "accuracy": 0.9948186528497409,
            "auc": 1.0,
            "mean_average_precision": 1.0,
            "f1_score": NaN,
            "ppv": NaN,
            "npv": 0.9948186528497409,
            "auc80": NaN
        },
        "VASC": {
            "sensitivity": 0.3333333333333333,
            "specificity": 1.0,
            "accuracy": 0.9896373056994818,
            "auc": 0.968421052631579,
            "mean_average_precision": 0.49107142857142855,
            "f1_score": 0.5,
            "ppv": 1.0,
            "npv": 0.9895833333333334,
            "auc80": NaN
        }
    },
    "malignant_definition_used": [
        "MEL",
        "BCC",
        "AKIEC"
    ],
    "val_loss": 0.6043927700408382
}