{
    "overall": {
        "accuracy": 73.57512953367875,
        "balanced_multiclass_accuracy": 0.3500294130956152,
        "macro_recall": 0.3500294130956152,
        "macro_precision": 0.3380755065760716,
        "macro_f1": 0.3432169021454735,
        "multiclass_macro_auc_ovr": 0.9388911784759146,
        "mean_auc_all_diagnoses": 0.9388911784759146,
        "mean_average_precision_all_diagnoses": 0.6054277364086584,
        "mean_sensitivity": 0.3500294130956152,
        "mean_specificity": 0.9399579079587175,
        "mean_accuracy": 0.924500370096225,
        "mean_f1": 0.6006295787545787,
        "mean_ppv": 0.3944214243387502,
        "mean_npv": 0.9460759837302997,
        "melanoma_auc80": 0.8147840531561461,
        "malignant_vs_benign_auc": 0.9197681513117755
    },
    "per_class": {
        "MEL": {
            "sensitivity": 0.38095238095238093,
            "specificity": 0.9418604651162791,
            "accuracy": 0.8808290155440415,
            "auc": 0.8983942414174972,
            "mean_average_precision": 0.5232117479543767,
            "f1_score": 0.41025641025641024,
            "ppv": 0.4444444444444444,
            "npv": 0.9257142857142857,
            "auc80": 0.8147840531561461
        },
        "NV": {
            "sensitivity": 0.926829268292683,
            "specificity": 0.7857142857142857,
            "accuracy": 0.8756476683937824,
            "auc": 0.948548199767712,
            "mean_average_precision": 0.973439640344723,
            "f1_score": 0.9047619047619047,
            "ppv": 0.8837209302325582,
            "npv": 0.859375,
            "auc80": NaN
        },
        "BCC": {
            "sensitivity": 0.7333333333333333,
            "specificity": 0.9662921348314607,
            "accuracy": 0.9481865284974094,
            "auc": 0.9876404494382023,
            "mean_average_precision": 0.8134111943554668,
            "f1_score": 0.6875,
            "ppv": 0.6470588235294118,
            "npv": 0.9772727272727273,
            "auc80": NaN
        },
        "AKIEC": {
            "sensitivity": 0.0,
            "specificity": 0.972972972972973,
            "accuracy": 0.9326424870466321,
            "auc": 0.8783783783783783,
            "mean_average_precision": 0.16717380500466483,
            "f1_score": NaN,
            "ppv": 0.0,
            "npv": 0.9574468085106383,
            "auc80": NaN
        },
        "BKL": {
            "sensitivity": 0.4090909090909091,
            "specificity": 0.9181286549707602,
            "accuracy": 0.8601036269430051,
            "auc": 0.8838383838383839,
            "mean_average_precision": 0.4107577672013777,
            "f1_score": 0.4,
            "ppv": 0.391304347826087,
            "npv": 0.9235294117647059,
            "auc80": NaN
        },
        "DF": {
            "sensitivity": 0.0,
            "specificity": 1.0,
            "accuracy": 0.9948186528497409,
            "auc": 1.0,
            "mean_average_precision": 1.0,
            "f1_score": NaN,
            "ppv": NaN,
            "npv": 0.9948186528497409,
            "auc80": NaN
        },
        "VASC": {
            "sensitivity": 0.0,
            "specificity": 0.9947368421052631,
            "accuracy": 0.9792746113989638,
            "auc": 0.9754385964912281,
            "mean_average_precision": 0.35,
            "f1_score": NaN,
            "ppv": 0.0,
            "npv": 0.984375,
            "auc80": NaN
        }
    },
    "malignant_definition_used": [
        "MEL",
        "BCC",
        "AKIEC"
    ],
    "val_loss": 0.686145258073362
}