{
    "overall": {
        "accuracy": 74.09326424870466,
        "balanced_multiclass_accuracy": 0.3565229195891217,
        "macro_recall": 0.3565229195891217,
        "macro_precision": 0.34130586617849235,
        "macro_f1": 0.34789833216428967,
        "multiclass_macro_auc_ovr": 0.9389421861848312,
        "mean_auc_all_diagnoses": 0.9389421861848312,
        "mean_average_precision_all_diagnoses": 0.6148710462636137,
        "mean_sensitivity": 0.3565229195891217,
        "mean_specificity": 0.9431837976507725,
        "mean_accuracy": 0.9259807549962991,
        "mean_f1": 0.6088220812875068,
        "mean_ppv": 0.4778282126498893,
        "mean_npv": 0.9473840954186669,
        "melanoma_auc80": 0.7754706533776301,
        "malignant_vs_benign_auc": 0.924496644295302
    },
    "per_class": {
        "MEL": {
            "sensitivity": 0.38095238095238093,
            "specificity": 0.9418604651162791,
            "accuracy": 0.8808290155440415,
            "auc": 0.9003322259136213,
            "mean_average_precision": 0.5432329668133697,
            "f1_score": 0.41025641025641024,
            "ppv": 0.4444444444444444,
            "npv": 0.9257142857142857,
            "auc80": 0.7754706533776301
        },
        "NV": {
            "sensitivity": 0.926829268292683,
            "specificity": 0.8142857142857143,
            "accuracy": 0.8860103626943006,
            "auc": 0.9478513356562137,
            "mean_average_precision": 0.9726699053183661,
            "f1_score": 0.9119999999999999,
            "ppv": 0.8976377952755905,
            "npv": 0.8636363636363636,
            "auc80": NaN
        },
        "BCC": {
            "sensitivity": 0.7333333333333333,
            "specificity": 0.9662921348314607,
            "accuracy": 0.9481865284974094,
            "auc": 0.9910112359550562,
            "mean_average_precision": 0.8611218265165633,
            "f1_score": 0.6875,
            "ppv": 0.6470588235294118,
            "npv": 0.9772727272727273,
            "auc80": NaN
        },
        "AKIEC": {
            "sensitivity": 0.0,
            "specificity": 0.9675675675675676,
            "accuracy": 0.927461139896373,
            "auc": 0.8831081081081081,
            "mean_average_precision": 0.17533190593852357,
            "f1_score": NaN,
            "ppv": 0.0,
            "npv": 0.9572192513368984,
            "auc80": NaN
        },
        "BKL": {
            "sensitivity": 0.45454545454545453,
            "specificity": 0.9122807017543859,
            "accuracy": 0.8601036269430051,
            "auc": 0.8713450292397661,
            "mean_average_precision": 0.3787248462426004,
            "f1_score": 0.4255319148936171,
            "ppv": 0.4,
            "npv": 0.9285714285714286,
            "auc80": NaN
        },
        "DF": {
            "sensitivity": 0.0,
            "specificity": 1.0,
            "accuracy": 0.9948186528497409,
            "auc": 1.0,
            "mean_average_precision": 1.0,
            "f1_score": NaN,
            "ppv": NaN,
            "npv": 0.9948186528497409,
            "auc80": NaN
        },
        "VASC": {
            "sensitivity": 0.0,
            "specificity": 1.0,
            "accuracy": 0.9844559585492227,
            "auc": 0.9789473684210527,
            "mean_average_precision": 0.373015873015873,
            "f1_score": NaN,
            "ppv": NaN,
            "npv": 0.9844559585492227,
            "auc80": NaN
        }
    },
    "malignant_definition_used": [
        "MEL",
        "BCC",
        "AKIEC"
    ],
    "val_loss": 0.6911818836019447
}