{
    "overall": {
        "accuracy": 75.12953367875647,
        "balanced_multiclass_accuracy": 0.3671791332941159,
        "macro_recall": 0.3671791332941159,
        "macro_precision": 0.3719445893192989,
        "macro_f1": 0.367490857997589,
        "multiclass_macro_auc_ovr": 0.9389516180883593,
        "mean_auc_all_diagnoses": 0.9389516180883593,
        "mean_average_precision_all_diagnoses": 0.6377979593430086,
        "mean_sensitivity": 0.3671791332941159,
        "mean_specificity": 0.9424925023537769,
        "mean_accuracy": 0.9289415247964471,
        "mean_f1": 0.5144872011966246,
        "mean_ppv": 0.5207224250470185,
        "mean_npv": 0.9509518595749666,
        "melanoma_auc80": 0.8084163898117387,
        "malignant_vs_benign_auc": 0.9206833435021354
    },
    "per_class": {
        "MEL": {
            "sensitivity": 0.38095238095238093,
            "specificity": 0.9593023255813954,
            "accuracy": 0.8963730569948186,
            "auc": 0.8978405315614618,
            "mean_average_precision": 0.5338507089397448,
            "f1_score": 0.4444444444444444,
            "ppv": 0.5333333333333333,
            "npv": 0.9269662921348315,
            "auc80": 0.8084163898117387
        },
        "NV": {
            "sensitivity": 0.943089430894309,
            "specificity": 0.7857142857142857,
            "accuracy": 0.8860103626943006,
            "auc": 0.9500580720092915,
            "mean_average_precision": 0.9748040907625264,
            "f1_score": 0.9133858267716536,
            "ppv": 0.8854961832061069,
            "npv": 0.8870967741935484,
            "auc80": NaN
        },
        "BCC": {
            "sensitivity": 0.6666666666666666,
            "specificity": 0.9662921348314607,
            "accuracy": 0.9430051813471503,
            "auc": 0.9887640449438202,
            "mean_average_precision": 0.8378145618857693,
            "f1_score": 0.6451612903225806,
            "ppv": 0.625,
            "npv": 0.9717514124293786,
            "auc80": NaN
        },
        "AKIEC": {
            "sensitivity": 0.125,
            "specificity": 0.9621621621621622,
            "accuracy": 0.927461139896373,
            "auc": 0.8810810810810812,
            "mean_average_precision": 0.16921563166957448,
            "f1_score": 0.125,
            "ppv": 0.125,
            "npv": 0.9621621621621622,
            "auc80": NaN
        },
        "BKL": {
            "sensitivity": 0.45454545454545453,
            "specificity": 0.9239766081871345,
            "accuracy": 0.8704663212435233,
            "auc": 0.8777246145667199,
            "mean_average_precision": 0.4211229443656678,
            "f1_score": 0.4444444444444445,
            "ppv": 0.43478260869565216,
            "npv": 0.9294117647058824,
            "auc80": NaN
        },
        "DF": {
            "sensitivity": 0.0,
            "specificity": 1.0,
            "accuracy": 0.9948186528497409,
            "auc": 1.0,
            "mean_average_precision": 1.0,
            "f1_score": NaN,
            "ppv": NaN,
            "npv": 0.9948186528497409,
            "auc80": NaN
        },
        "VASC": {
            "sensitivity": 0.0,
            "specificity": 1.0,
            "accuracy": 0.9844559585492227,
            "auc": 0.9771929824561403,
            "mean_average_precision": 0.5277777777777778,
            "f1_score": NaN,
            "ppv": NaN,
            "npv": 0.9844559585492227,
            "auc80": NaN
        }
    },
    "malignant_definition_used": [
        "MEL",
        "BCC",
        "AKIEC"
    ],
    "val_loss": 0.6864721685493548
}