{
    "overall": {
        "accuracy": 67.35751295336787,
        "balanced_multiclass_accuracy": 0.21036849329532256,
        "macro_recall": 0.21036849329532256,
        "macro_precision": 0.30025062656641605,
        "macro_f1": 0.20465328988738354,
        "multiclass_macro_auc_ovr": 0.857524821591995,
        "mean_auc_all_diagnoses": 0.857524821591995,
        "mean_average_precision_all_diagnoses": 0.4558761747293712,
        "mean_sensitivity": 0.21036849329532256,
        "mean_specificity": 0.8858933046902971,
        "mean_accuracy": 0.9067357512953367,
        "mean_f1": 0.4775243430705615,
        "mean_ppv": 0.7005847953216374,
        "mean_npv": 0.934809174994479,
        "melanoma_auc80": 0.8183831672203765,
        "malignant_vs_benign_auc": 0.8857535082367297
    },
    "per_class": {
        "MEL": {
            "sensitivity": 0.0,
            "specificity": 1.0,
            "accuracy": 0.8911917098445595,
            "auc": 0.8820598006644518,
            "mean_average_precision": 0.4464545318357197,
            "f1_score": NaN,
            "ppv": NaN,
            "npv": 0.8911917098445595,
            "auc80": 0.8183831672203765
        },
        "NV": {
            "sensitivity": 0.975609756097561,
            "specificity": 0.2714285714285714,
            "accuracy": 0.7202072538860104,
            "auc": 0.9299651567944252,
            "mean_average_precision": 0.9649640380720098,
            "f1_score": 0.8163265306122448,
            "ppv": 0.7017543859649122,
            "npv": 0.8636363636363636,
            "auc80": NaN
        },
        "BCC": {
            "sensitivity": 0.13333333333333333,
            "specificity": 1.0,
            "accuracy": 0.9326424870466321,
            "auc": 0.9419475655430711,
            "mean_average_precision": 0.7189271452362438,
            "f1_score": 0.23529411764705882,
            "ppv": 1.0,
            "npv": 0.9319371727748691,
            "auc80": NaN
        },
        "AKIEC": {
            "sensitivity": 0.0,
            "specificity": 1.0,
            "accuracy": 0.9585492227979274,
            "auc": 0.8608108108108108,
            "mean_average_precision": 0.17558995600875396,
            "f1_score": NaN,
            "ppv": NaN,
            "npv": 0.9585492227979274,
            "auc80": NaN
        },
        "BKL": {
            "sensitivity": 0.36363636363636365,
            "specificity": 0.9298245614035088,
            "accuracy": 0.8652849740932642,
            "auc": 0.8910154173312068,
            "mean_average_precision": 0.4783793701346892,
            "f1_score": 0.380952380952381,
            "ppv": 0.4,
            "npv": 0.9190751445086706,
            "auc80": NaN
        },
        "DF": {
            "sensitivity": 0.0,
            "specificity": 1.0,
            "accuracy": 0.9948186528497409,
            "auc": 0.6302083333333333,
            "mean_average_precision": 0.013888888888888888,
            "f1_score": NaN,
            "ppv": NaN,
            "npv": 0.9948186528497409,
            "auc80": NaN
        },
        "VASC": {
            "sensitivity": 0.0,
            "specificity": 1.0,
            "accuracy": 0.9844559585492227,
            "auc": 0.8666666666666667,
            "mean_average_precision": 0.3929292929292929,
            "f1_score": NaN,
            "ppv": NaN,
            "npv": 0.9844559585492227,
            "auc80": NaN
        }
    },
    "malignant_definition_used": [
        "MEL",
        "BCC",
        "AKIEC"
    ],
    "val_loss": 0.8115135795711853
}