{
    "overall": {
        "accuracy": 77.720207253886,
        "balanced_multiclass_accuracy": 0.4965005958037317,
        "macro_recall": 0.4965005958037317,
        "macro_precision": 0.5981353161419606,
        "macro_f1": 0.5206967110639805,
        "multiclass_macro_auc_ovr": 0.9260045132804715,
        "mean_auc_all_diagnoses": 0.9260045132804715,
        "mean_average_precision_all_diagnoses": 0.5863807636815878,
        "mean_sensitivity": 0.4965005958037317,
        "mean_specificity": 0.9440618162418745,
        "mean_accuracy": 0.9363434492968171,
        "mean_f1": 0.6074794962413106,
        "mean_ppv": 0.697824535498954,
        "mean_npv": 0.94968858812833,
        "melanoma_auc80": 0.8233665559246954,
        "malignant_vs_benign_auc": 0.9136668700427089
    },
    "per_class": {
        "MEL": {
            "sensitivity": 0.42857142857142855,
            "specificity": 0.9651162790697675,
            "accuracy": 0.9067357512953368,
            "auc": 0.9047619047619048,
            "mean_average_precision": 0.5538205316067706,
            "f1_score": 0.5,
            "ppv": 0.6,
            "npv": 0.9325842696629213,
            "auc80": 0.8233665559246954
        },
        "NV": {
            "sensitivity": 0.9105691056910569,
            "specificity": 0.7571428571428571,
            "accuracy": 0.8549222797927462,
            "auc": 0.9441347270615562,
            "mean_average_precision": 0.9708771809376223,
            "f1_score": 0.8888888888888888,
            "ppv": 0.8682170542635659,
            "npv": 0.828125,
            "auc80": NaN
        },
        "BCC": {
            "sensitivity": 0.6666666666666666,
            "specificity": 0.9775280898876404,
            "accuracy": 0.9533678756476683,
            "auc": 0.9790262172284645,
            "mean_average_precision": 0.8371222785928668,
            "f1_score": 0.689655172413793,
            "ppv": 0.7142857142857143,
            "npv": 0.9720670391061452,
            "auc80": NaN
        },
        "AKIEC": {
            "sensitivity": 0.5,
            "specificity": 0.972972972972973,
            "accuracy": 0.9533678756476683,
            "auc": 0.8587837837837837,
            "mean_average_precision": 0.2281624243900459,
            "f1_score": 0.47058823529411764,
            "ppv": 0.4444444444444444,
            "npv": 0.9782608695652174,
            "auc80": NaN
        },
        "BKL": {
            "sensitivity": 0.6363636363636364,
            "specificity": 0.935672514619883,
            "accuracy": 0.9015544041450777,
            "auc": 0.9074960127591706,
            "mean_average_precision": 0.4982894876208582,
            "f1_score": 0.5957446808510639,
            "ppv": 0.56,
            "npv": 0.9523809523809523,
            "auc80": NaN
        },
        "DF": {
            "sensitivity": 0.0,
            "specificity": 1.0,
            "accuracy": 0.9948186528497409,
            "auc": 0.9895833333333334,
            "mean_average_precision": 0.3333333333333333,
            "f1_score": NaN,
            "ppv": NaN,
            "npv": 0.9948186528497409,
            "auc80": NaN
        },
        "VASC": {
            "sensitivity": 0.3333333333333333,
            "specificity": 1.0,
            "accuracy": 0.9896373056994818,
            "auc": 0.8982456140350876,
            "mean_average_precision": 0.6830601092896175,
            "f1_score": 0.5,
            "ppv": 1.0,
            "npv": 0.9895833333333334,
            "auc80": NaN
        }
    },
    "malignant_definition_used": [
        "MEL",
        "BCC",
        "AKIEC"
    ],
    "val_loss": 0.6963906984563937
}