{
    "overall": {
        "accuracy": 76.68393782383419,
        "balanced_multiclass_accuracy": 0.4581462962124983,
        "macro_recall": 0.4581462962124983,
        "macro_precision": 0.559466575091575,
        "macro_f1": 0.481524017309447,
        "multiclass_macro_auc_ovr": 0.9283105616888995,
        "mean_auc_all_diagnoses": 0.9283105616888995,
        "mean_average_precision_all_diagnoses": 0.5464382935508284,
        "mean_sensitivity": 0.4581462962124983,
        "mean_specificity": 0.9461384551169046,
        "mean_accuracy": 0.9333826794966692,
        "mean_f1": 0.561778020194355,
        "mean_ppv": 0.6527110042735043,
        "mean_npv": 0.9511941123689409,
        "melanoma_auc80": 0.8347176079734219,
        "malignant_vs_benign_auc": 0.9115314215985357
    },
    "per_class": {
        "MEL": {
            "sensitivity": 0.38095238095238093,
            "specificity": 0.9593023255813954,
            "accuracy": 0.8963730569948186,
            "auc": 0.9072535991140642,
            "mean_average_precision": 0.5984615415186995,
            "f1_score": 0.4444444444444444,
            "ppv": 0.5333333333333333,
            "npv": 0.9269662921348315,
            "auc80": 0.8347176079734219
        },
        "NV": {
            "sensitivity": 0.926829268292683,
            "specificity": 0.8,
            "accuracy": 0.8808290155440415,
            "auc": 0.9450638792102206,
            "mean_average_precision": 0.9701932710674492,
            "f1_score": 0.9083665338645419,
            "ppv": 0.890625,
            "npv": 0.8615384615384616,
            "auc80": NaN
        },
        "BCC": {
            "sensitivity": 0.6,
            "specificity": 0.9775280898876404,
            "accuracy": 0.9481865284974094,
            "auc": 0.9752808988764045,
            "mean_average_precision": 0.7463168457328363,
            "f1_score": 0.6428571428571429,
            "ppv": 0.6923076923076923,
            "npv": 0.9666666666666667,
            "auc80": NaN
        },
        "AKIEC": {
            "sensitivity": 0.375,
            "specificity": 0.9621621621621622,
            "accuracy": 0.9378238341968912,
            "auc": 0.8594594594594596,
            "mean_average_precision": 0.1972042197322702,
            "f1_score": 0.33333333333333326,
            "ppv": 0.3,
            "npv": 0.9726775956284153,
            "auc80": NaN
        },
        "BKL": {
            "sensitivity": 0.5909090909090909,
            "specificity": 0.9239766081871345,
            "accuracy": 0.8860103626943006,
            "auc": 0.9109516214779372,
            "mean_average_precision": 0.4873366212489878,
            "f1_score": 0.5416666666666667,
            "ppv": 0.5,
            "npv": 0.9461077844311377,
            "auc80": NaN
        },
        "DF": {
            "sensitivity": 0.0,
            "specificity": 1.0,
            "accuracy": 0.9948186528497409,
            "auc": 0.984375,
            "mean_average_precision": 0.25,
            "f1_score": NaN,
            "ppv": NaN,
            "npv": 0.9948186528497409,
            "auc80": NaN
        },
        "VASC": {
            "sensitivity": 0.3333333333333333,
            "specificity": 1.0,
            "accuracy": 0.9896373056994818,
            "auc": 0.9157894736842105,
            "mean_average_precision": 0.5755555555555555,
            "f1_score": 0.5,
            "ppv": 1.0,
            "npv": 0.9895833333333334,
            "auc80": NaN
        }
    },
    "malignant_definition_used": [
        "MEL",
        "BCC",
        "AKIEC"
    ],
    "val_loss": 0.6808756909531015
}