{
    "epoch": 5,
    "num_classes": 7,
    "class_names": [
        "MEL",
        "NV",
        "BCC",
        "AKIEC",
        "BKL",
        "DF",
        "VASC"
    ],
    "per_class": {
        "MEL": {
            "fpr": [
                0.0,
                0.0,
                0.0,
                0.005813953488372093,
                0.005813953488372093,
                0.011627906976744186,
                0.011627906976744186,
                0.023255813953488372,
                0.023255813953488372,
                0.05232558139534884,
                0.05232558139534884,
                0.06976744186046512,
                0.06976744186046512,
                0.09302325581395349,
                0.09302325581395349,
                0.12209302325581395,
                0.12209302325581395,
                0.2558139534883721,
                0.2558139534883721,
                0.2616279069767442,
                0.2616279069767442,
                0.27325581395348836,
                0.27325581395348836,
                0.37209302325581395,
                0.37209302325581395,
                0.45930232558139533,
                0.45930232558139533,
                1.0
            ],
            "tpr": [
                0.0,
                0.047619047619047616,
                0.23809523809523808,
                0.23809523809523808,
                0.38095238095238093,
                0.38095238095238093,
                0.5238095238095238,
                0.5238095238095238,
                0.5714285714285714,
                0.5714285714285714,
                0.6190476190476191,
                0.6190476190476191,
                0.6666666666666666,
                0.6666666666666666,
                0.7142857142857143,
                0.7142857142857143,
                0.7619047619047619,
                0.7619047619047619,
                0.8095238095238095,
                0.8095238095238095,
                0.8571428571428571,
                0.8571428571428571,
                0.9047619047619048,
                0.9047619047619048,
                0.9523809523809523,
                0.9523809523809523,
                1.0,
                1.0
            ],
            "auc": 0.9031007751937985
        },
        "NV": {
            "fpr": [
                0.0,
                0.0,
                0.0,
                0.014285714285714285,
                0.014285714285714285,
                0.05714285714285714,
                0.05714285714285714,
                0.08571428571428572,
                0.08571428571428572,
                0.1,
                0.1,
                0.12857142857142856,
                0.12857142857142856,
                0.14285714285714285,
                0.14285714285714285,
                0.2,
                0.2,
                0.21428571428571427,
                0.21428571428571427,
                0.5142857142857142,
                0.5142857142857142,
                0.6571428571428571,
                0.6571428571428571,
                0.7571428571428571,
                0.7571428571428571,
                1.0
            ],
            "tpr": [
                0.0,
                0.008130081300813009,
                0.6585365853658537,
                0.6585365853658537,
                0.8130081300813008,
                0.8130081300813008,
                0.8536585365853658,
                0.8536585365853658,
                0.8861788617886179,
                0.8861788617886179,
                0.9186991869918699,
                0.9186991869918699,
                0.926829268292683,
                0.926829268292683,
                0.9512195121951219,
                0.9512195121951219,
                0.967479674796748,
                0.967479674796748,
                0.975609756097561,
                0.975609756097561,
                0.983739837398374,
                0.983739837398374,
                0.991869918699187,
                0.991869918699187,
                1.0,
                1.0
            ],
            "auc": 0.9642276422764227
        },
        "BCC": {
            "fpr": [
                0.0,
                0.0,
                0.0,
                0.011235955056179775,
                0.011235955056179775,
                0.03932584269662921,
                0.03932584269662921,
                0.05056179775280899,
                0.05056179775280899,
                1.0
            ],
            "tpr": [
                0.0,
                0.06666666666666667,
                0.4666666666666667,
                0.4666666666666667,
                0.6666666666666666,
                0.6666666666666666,
                0.7333333333333333,
                0.7333333333333333,
                1.0,
                1.0
            ],
            "auc": 0.9816479400749063
        },
        "AKIEC": {
            "fpr": [
                0.0,
                0.0,
                0.0,
                0.005405405405405406,
                0.005405405405405406,
                0.021621621621621623,
                0.021621621621621623,
                0.10810810810810811,
                0.10810810810810811,
                0.14054054054054055,
                0.14054054054054055,
                0.1783783783783784,
                0.1783783783783784,
                1.0
            ],
            "tpr": [
                0.0,
                0.125,
                0.375,
                0.375,
                0.5,
                0.5,
                0.625,
                0.625,
                0.75,
                0.75,
                0.875,
                0.875,
                1.0,
                1.0
            ],
            "auc": 0.9432432432432433
        },
        "BKL": {
            "fpr": [
                0.0,
                0.0,
                0.0,
                0.005847953216374269,
                0.005847953216374269,
                0.011695906432748537,
                0.011695906432748537,
                0.017543859649122806,
                0.017543859649122806,
                0.023391812865497075,
                0.023391812865497075,
                0.03508771929824561,
                0.03508771929824561,
                0.04678362573099415,
                0.04678362573099415,
                0.05263157894736842,
                0.05263157894736842,
                1.0
            ],
            "tpr": [
                0.0,
                0.045454545454545456,
                0.18181818181818182,
                0.18181818181818182,
                0.3181818181818182,
                0.3181818181818182,
                0.36363636363636365,
                0.36363636363636365,
                0.6818181818181818,
                0.6818181818181818,
                0.8181818181818182,
                0.8181818181818182,
                0.9090909090909091,
                0.9090909090909091,
                0.9545454545454546,
                0.9545454545454546,
                1.0,
                1.0
            ],
            "auc": 0.9821903242955875
        },
        "DF": {
            "fpr": [
                0.0,
                0.005208333333333333,
                0.005208333333333333,
                1.0
            ],
            "tpr": [
                0.0,
                0.0,
                1.0,
                1.0
            ],
            "auc": 0.9947916666666666
        },
        "VASC": {
            "fpr": [
                0.0,
                0.0,
                0.0,
                1.0
            ],
            "tpr": [
                0.0,
                0.3333333333333333,
                1.0,
                1.0
            ],
            "auc": 1.0
        }
    },
    "macro_average_auc": 0.9695591795831572
}