{
    "epoch": 75,
    "num_classes": 7,
    "class_names": [
        "MEL",
        "NV",
        "BCC",
        "AKIEC",
        "BKL",
        "DF",
        "VASC"
    ],
    "per_class": {
        "MEL": {
            "fpr": [
                0.0,
                0.0,
                0.0,
                0.005813953488372093,
                0.005813953488372093,
                0.011627906976744186,
                0.011627906976744186,
                0.046511627906976744,
                0.046511627906976744,
                0.05813953488372093,
                0.05813953488372093,
                0.0872093023255814,
                0.0872093023255814,
                0.1744186046511628,
                0.1744186046511628,
                0.75,
                0.75,
                1.0
            ],
            "tpr": [
                0.0,
                0.047619047619047616,
                0.14285714285714285,
                0.14285714285714285,
                0.47619047619047616,
                0.47619047619047616,
                0.7619047619047619,
                0.7619047619047619,
                0.8095238095238095,
                0.8095238095238095,
                0.8571428571428571,
                0.8571428571428571,
                0.9047619047619048,
                0.9047619047619048,
                0.9523809523809523,
                0.9523809523809523,
                1.0,
                1.0
            ],
            "auc": 0.9415836101882613
        },
        "NV": {
            "fpr": [
                0.0,
                0.0,
                0.0,
                0.014285714285714285,
                0.014285714285714285,
                0.02857142857142857,
                0.02857142857142857,
                0.04285714285714286,
                0.04285714285714286,
                0.07142857142857142,
                0.07142857142857142,
                0.1,
                0.1,
                0.12857142857142856,
                0.12857142857142856,
                0.17142857142857143,
                0.17142857142857143,
                0.35714285714285715,
                0.35714285714285715,
                1.0
            ],
            "tpr": [
                0.0,
                0.008130081300813009,
                0.8292682926829268,
                0.8292682926829268,
                0.8617886178861789,
                0.8617886178861789,
                0.926829268292683,
                0.926829268292683,
                0.959349593495935,
                0.959349593495935,
                0.967479674796748,
                0.967479674796748,
                0.975609756097561,
                0.975609756097561,
                0.983739837398374,
                0.983739837398374,
                0.991869918699187,
                0.991869918699187,
                1.0,
                1.0
            ],
            "auc": 0.9895470383275261
        },
        "BCC": {
            "fpr": [
                0.0,
                0.0,
                0.0,
                0.0056179775280898875,
                0.0056179775280898875,
                0.011235955056179775,
                0.011235955056179775,
                0.016853932584269662,
                0.016853932584269662,
                0.07303370786516854,
                0.07303370786516854,
                0.8314606741573034,
                0.8314606741573034,
                1.0
            ],
            "tpr": [
                0.0,
                0.06666666666666667,
                0.26666666666666666,
                0.26666666666666666,
                0.5333333333333333,
                0.5333333333333333,
                0.6,
                0.6,
                0.8666666666666667,
                0.8666666666666667,
                0.9333333333333333,
                0.9333333333333333,
                1.0,
                1.0
            ],
            "auc": 0.9329588014981274
        },
        "AKIEC": {
            "fpr": [
                0.0,
                0.0,
                0.0,
                0.005405405405405406,
                0.005405405405405406,
                0.010810810810810811,
                0.010810810810810811,
                0.43783783783783786,
                0.43783783783783786,
                1.0
            ],
            "tpr": [
                0.0,
                0.125,
                0.5,
                0.5,
                0.625,
                0.625,
                0.875,
                0.875,
                1.0,
                1.0
            ],
            "auc": 0.9418918918918919
        },
        "BKL": {
            "fpr": [
                0.0,
                0.0,
                0.0,
                0.005847953216374269,
                0.005847953216374269,
                0.011695906432748537,
                0.011695906432748537,
                0.017543859649122806,
                0.017543859649122806,
                0.023391812865497075,
                0.023391812865497075,
                0.03508771929824561,
                0.03508771929824561,
                0.5964912280701754,
                0.5964912280701754,
                0.8596491228070176,
                0.8596491228070176,
                1.0
            ],
            "tpr": [
                0.0,
                0.045454545454545456,
                0.45454545454545453,
                0.45454545454545453,
                0.5,
                0.5,
                0.6363636363636364,
                0.6363636363636364,
                0.7727272727272727,
                0.7727272727272727,
                0.8181818181818182,
                0.8181818181818182,
                0.9090909090909091,
                0.9090909090909091,
                0.9545454545454546,
                0.9545454545454546,
                1.0,
                1.0
            ],
            "auc": 0.9253056884635832
        },
        "DF": {
            "fpr": [
                0.0,
                0.005208333333333333,
                0.17708333333333334,
                0.17708333333333334,
                1.0
            ],
            "tpr": [
                0.0,
                0.0,
                0.0,
                1.0,
                1.0
            ],
            "auc": 0.8229166666666666
        },
        "VASC": {
            "fpr": [
                0.0,
                0.0,
                0.0,
                1.0
            ],
            "tpr": [
                0.0,
                0.3333333333333333,
                1.0,
                1.0
            ],
            "auc": 1.0
        }
    },
    "macro_average_auc": 0.9392964774730965
}