{
    "epoch": 70,
    "num_classes": 7,
    "class_names": [
        "MEL",
        "NV",
        "BCC",
        "AKIEC",
        "BKL",
        "DF",
        "VASC"
    ],
    "per_class": {
        "MEL": {
            "fpr": [
                0.0,
                0.0,
                0.0,
                0.005813953488372093,
                0.005813953488372093,
                0.011627906976744186,
                0.011627906976744186,
                0.01744186046511628,
                0.01744186046511628,
                0.040697674418604654,
                0.040697674418604654,
                0.0755813953488372,
                0.0755813953488372,
                0.22093023255813954,
                0.22093023255813954,
                0.7906976744186046,
                0.7906976744186046,
                1.0
            ],
            "tpr": [
                0.0,
                0.047619047619047616,
                0.09523809523809523,
                0.09523809523809523,
                0.6190476190476191,
                0.6190476190476191,
                0.6666666666666666,
                0.6666666666666666,
                0.7619047619047619,
                0.7619047619047619,
                0.8095238095238095,
                0.8095238095238095,
                0.9047619047619048,
                0.9047619047619048,
                0.9523809523809523,
                0.9523809523809523,
                1.0,
                1.0
            ],
            "auc": 0.9374307862679955
        },
        "NV": {
            "fpr": [
                0.0,
                0.0,
                0.0,
                0.014285714285714285,
                0.014285714285714285,
                0.02857142857142857,
                0.02857142857142857,
                0.04285714285714286,
                0.04285714285714286,
                0.05714285714285714,
                0.05714285714285714,
                0.07142857142857142,
                0.07142857142857142,
                0.08571428571428572,
                0.08571428571428572,
                0.1,
                0.1,
                0.11428571428571428,
                0.11428571428571428,
                0.18571428571428572,
                0.18571428571428572,
                0.4857142857142857,
                0.4857142857142857,
                1.0
            ],
            "tpr": [
                0.0,
                0.008130081300813009,
                0.7967479674796748,
                0.7967479674796748,
                0.8211382113821138,
                0.8211382113821138,
                0.9105691056910569,
                0.9105691056910569,
                0.926829268292683,
                0.926829268292683,
                0.943089430894309,
                0.943089430894309,
                0.9512195121951219,
                0.9512195121951219,
                0.967479674796748,
                0.967479674796748,
                0.975609756097561,
                0.975609756097561,
                0.983739837398374,
                0.983739837398374,
                0.991869918699187,
                0.991869918699187,
                1.0,
                1.0
            ],
            "auc": 0.9862950058072009
        },
        "BCC": {
            "fpr": [
                0.0,
                0.0,
                0.0,
                0.0056179775280898875,
                0.0056179775280898875,
                0.011235955056179775,
                0.011235955056179775,
                0.016853932584269662,
                0.016853932584269662,
                0.03932584269662921,
                0.03932584269662921,
                0.7134831460674157,
                0.7134831460674157,
                1.0
            ],
            "tpr": [
                0.0,
                0.06666666666666667,
                0.26666666666666666,
                0.26666666666666666,
                0.6,
                0.6,
                0.6666666666666666,
                0.6666666666666666,
                0.8666666666666667,
                0.8666666666666667,
                0.9333333333333333,
                0.9333333333333333,
                1.0,
                1.0
            ],
            "auc": 0.9438202247191011
        },
        "AKIEC": {
            "fpr": [
                0.0,
                0.0,
                0.0,
                0.010810810810810811,
                0.010810810810810811,
                0.4648648648648649,
                0.4648648648648649,
                1.0
            ],
            "tpr": [
                0.0,
                0.125,
                0.5,
                0.5,
                0.875,
                0.875,
                1.0,
                1.0
            ],
            "auc": 0.9378378378378378
        },
        "BKL": {
            "fpr": [
                0.0,
                0.0,
                0.0,
                0.005847953216374269,
                0.005847953216374269,
                0.011695906432748537,
                0.011695906432748537,
                0.017543859649122806,
                0.017543859649122806,
                0.04678362573099415,
                0.04678362573099415,
                0.08187134502923976,
                0.08187134502923976,
                0.6081871345029239,
                0.6081871345029239,
                0.8596491228070176,
                0.8596491228070176,
                1.0
            ],
            "tpr": [
                0.0,
                0.045454545454545456,
                0.18181818181818182,
                0.18181818181818182,
                0.3181818181818182,
                0.3181818181818182,
                0.7727272727272727,
                0.7727272727272727,
                0.8181818181818182,
                0.8181818181818182,
                0.8636363636363636,
                0.8636363636363636,
                0.9090909090909091,
                0.9090909090909091,
                0.9545454545454546,
                0.9545454545454546,
                1.0,
                1.0
            ],
            "auc": 0.9205209994683679
        },
        "DF": {
            "fpr": [
                0.0,
                0.005208333333333333,
                0.026041666666666668,
                0.026041666666666668,
                1.0
            ],
            "tpr": [
                0.0,
                0.0,
                0.0,
                1.0,
                1.0
            ],
            "auc": 0.9739583333333334
        },
        "VASC": {
            "fpr": [
                0.0,
                0.0,
                0.0,
                1.0
            ],
            "tpr": [
                0.0,
                0.3333333333333333,
                1.0,
                1.0
            ],
            "auc": 1.0
        }
    },
    "macro_average_auc": 0.9618460046453174
}