{
    "epoch": 50,
    "num_classes": 7,
    "class_names": [
        "MEL",
        "NV",
        "BCC",
        "AKIEC",
        "BKL",
        "DF",
        "VASC"
    ],
    "per_class": {
        "MEL": {
            "fpr": [
                0.0,
                0.0,
                0.0,
                0.023255813953488372,
                0.023255813953488372,
                0.05813953488372093,
                0.05813953488372093,
                0.0755813953488372,
                0.0755813953488372,
                0.7151162790697675,
                0.7151162790697675,
                0.936046511627907,
                0.936046511627907,
                1.0
            ],
            "tpr": [
                0.0,
                0.047619047619047616,
                0.5714285714285714,
                0.5714285714285714,
                0.8095238095238095,
                0.8095238095238095,
                0.8571428571428571,
                0.8571428571428571,
                0.9047619047619048,
                0.9047619047619048,
                0.9523809523809523,
                0.9523809523809523,
                1.0,
                1.0
            ],
            "auc": 0.9094684385382059
        },
        "NV": {
            "fpr": [
                0.0,
                0.0,
                0.0,
                0.014285714285714285,
                0.014285714285714285,
                0.02857142857142857,
                0.02857142857142857,
                0.04285714285714286,
                0.04285714285714286,
                0.12857142857142856,
                0.12857142857142856,
                0.2,
                0.2,
                0.5714285714285714,
                0.5714285714285714,
                0.7571428571428571,
                0.7571428571428571,
                1.0
            ],
            "tpr": [
                0.0,
                0.008130081300813009,
                0.5934959349593496,
                0.5934959349593496,
                0.9024390243902439,
                0.9024390243902439,
                0.9349593495934959,
                0.9349593495934959,
                0.943089430894309,
                0.943089430894309,
                0.975609756097561,
                0.975609756097561,
                0.983739837398374,
                0.983739837398374,
                0.991869918699187,
                0.991869918699187,
                1.0,
                1.0
            ],
            "auc": 0.9777003484320557
        },
        "BCC": {
            "fpr": [
                0.0,
                0.0,
                0.011235955056179775,
                0.011235955056179775,
                0.02247191011235955,
                0.02247191011235955,
                0.33707865168539325,
                0.33707865168539325,
                0.651685393258427,
                0.651685393258427,
                1.0
            ],
            "tpr": [
                0.0,
                0.06666666666666667,
                0.06666666666666667,
                0.8,
                0.8,
                0.8666666666666667,
                0.8666666666666667,
                0.9333333333333333,
                0.9333333333333333,
                1.0,
                1.0
            ],
            "auc": 0.9243445692883895
        },
        "AKIEC": {
            "fpr": [
                0.0,
                0.005405405405405406,
                0.005405405405405406,
                0.010810810810810811,
                0.010810810810810811,
                0.40540540540540543,
                0.40540540540540543,
                0.41081081081081083,
                0.41081081081081083,
                0.7405405405405405,
                0.7405405405405405,
                0.7567567567567568,
                0.7567567567567568,
                1.0
            ],
            "tpr": [
                0.0,
                0.0,
                0.375,
                0.375,
                0.5,
                0.5,
                0.625,
                0.625,
                0.75,
                0.75,
                0.875,
                0.875,
                1.0,
                1.0
            ],
            "auc": 0.7074324324324324
        },
        "BKL": {
            "fpr": [
                0.0,
                0.0,
                0.0,
                0.005847953216374269,
                0.005847953216374269,
                0.011695906432748537,
                0.011695906432748537,
                0.017543859649122806,
                0.017543859649122806,
                0.023391812865497075,
                0.023391812865497075,
                0.03508771929824561,
                0.03508771929824561,
                0.04093567251461988,
                0.04093567251461988,
                0.06432748538011696,
                0.06432748538011696,
                0.9941520467836257,
                0.9941520467836257,
                1.0
            ],
            "tpr": [
                0.0,
                0.045454545454545456,
                0.13636363636363635,
                0.13636363636363635,
                0.22727272727272727,
                0.22727272727272727,
                0.4090909090909091,
                0.4090909090909091,
                0.5,
                0.5,
                0.7727272727272727,
                0.7727272727272727,
                0.8181818181818182,
                0.8181818181818182,
                0.9090909090909091,
                0.9090909090909091,
                0.9545454545454546,
                0.9545454545454546,
                1.0,
                1.0
            ],
            "auc": 0.9359383306751728
        },
        "DF": {
            "fpr": [
                0.0,
                0.0,
                1.0
            ],
            "tpr": [
                0.0,
                1.0,
                1.0
            ],
            "auc": 1.0
        },
        "VASC": {
            "fpr": [
                0.0,
                0.0,
                0.0,
                1.0
            ],
            "tpr": [
                0.0,
                0.3333333333333333,
                1.0,
                1.0
            ],
            "auc": 1.0
        }
    },
    "macro_average_auc": 0.9259829342146837
}