{
    "overall": {
        "accuracy": 74.61139896373057,
        "balanced_multiclass_accuracy": 0.34943210100004524,
        "macro_recall": 0.34943210100004524,
        "macro_precision": 0.35391156462585033,
        "macro_f1": 0.3381074962635079,
        "multiclass_macro_auc_ovr": 0.9021242813923834,
        "mean_auc_all_diagnoses": 0.9021242813923834,
        "mean_average_precision_all_diagnoses": 0.45111402785831345,
        "mean_sensitivity": 0.34943210100004524,
        "mean_specificity": 0.931617656070446,
        "mean_accuracy": 0.927461139896373,
        "mean_f1": 0.3381074962635079,
        "mean_ppv": 0.35391156462585033,
        "mean_npv": 0.9498329186444485,
        "melanoma_auc80": 0.7533222591362126,
        "malignant_vs_benign_auc": 0.9167175106772423
    },
    "per_class": {
        "MEL": {
            "sensitivity": 0.2857142857142857,
            "specificity": 0.9825581395348837,
            "accuracy": 0.9067357512953368,
            "auc": 0.8914728682170543,
            "average_precision": 0.6177601551686358,
            "f1_score": 0.4,
            "ppv": 0.6666666666666666,
            "npv": 0.9184782608695652,
            "auc80": 0.7533222591362126
        },
        "NV": {
            "sensitivity": 0.9512195121951219,
            "specificity": 0.6714285714285714,
            "accuracy": 0.8497409326424871,
            "auc": 0.9373983739837399,
            "average_precision": 0.9690071568145615,
            "f1_score": 0.8897338403041825,
            "ppv": 0.8357142857142857,
            "npv": 0.8867924528301887,
            "auc80": NaN
        },
        "BCC": {
            "sensitivity": 0.8,
            "specificity": 0.9550561797752809,
            "accuracy": 0.9430051813471503,
            "auc": 0.952808988764045,
            "average_precision": 0.775792034762623,
            "f1_score": 0.6857142857142857,
            "ppv": 0.6,
            "npv": 0.9826589595375722,
            "auc80": NaN
        },
        "AKIEC": {
            "sensitivity": 0.0,
            "specificity": 1.0,
            "accuracy": 0.9585492227979274,
            "auc": 0.8418918918918918,
            "average_precision": 0.15225999636604012,
            "f1_score": 0.0,
            "ppv": 0.0,
            "npv": 0.9585492227979274,
            "auc80": NaN
        },
        "BKL": {
            "sensitivity": 0.4090909090909091,
            "specificity": 0.9122807017543859,
            "accuracy": 0.8549222797927462,
            "auc": 0.8732057416267943,
            "average_precision": 0.45167989743948406,
            "f1_score": 0.3913043478260869,
            "ppv": 0.375,
            "npv": 0.9230769230769231,
            "auc80": NaN
        },
        "DF": {
            "sensitivity": 0.0,
            "specificity": 1.0,
            "accuracy": 0.9948186528497409,
            "auc": 0.9479166666666666,
            "average_precision": 0.09090909090909091,
            "f1_score": 0.0,
            "ppv": 0.0,
            "npv": 0.9948186528497409,
            "auc80": NaN
        },
        "VASC": {
            "sensitivity": 0.0,
            "specificity": 1.0,
            "accuracy": 0.9844559585492227,
            "auc": 0.8701754385964913,
            "average_precision": 0.10038986354775828,
            "f1_score": 0.0,
            "ppv": 0.0,
            "npv": 0.9844559585492227,
            "auc80": NaN
        }
    },
    "malignant_definition_used": [
        "MEL",
        "BCC",
        "AKIEC"
    ],
    "val_loss": 0.735763475684922
}