{
    "overall": {
        "accuracy": 74.61139896373057,
        "balanced_multiclass_accuracy": 0.3553535604929333,
        "macro_recall": 0.3553535604929333,
        "macro_precision": 0.40355386705751667,
        "macro_f1": 0.3700680272108844,
        "multiclass_macro_auc_ovr": 0.920594482240146,
        "mean_auc_all_diagnoses": 0.920594482240146,
        "mean_average_precision_all_diagnoses": 0.4578678433786507,
        "mean_sensitivity": 0.3553535604929333,
        "mean_specificity": 0.9353856766163664,
        "mean_accuracy": 0.927461139896373,
        "mean_f1": 0.37006802721088433,
        "mean_ppv": 0.40355386705751667,
        "mean_npv": 0.9502371306628861,
        "melanoma_auc80": 0.8565891472868217,
        "malignant_vs_benign_auc": 0.9228187919463087
    },
    "per_class": {
        "MEL": {
            "sensitivity": 0.38095238095238093,
            "specificity": 0.9825581395348837,
            "accuracy": 0.917098445595855,
            "auc": 0.9280177187153931,
            "average_precision": 0.6558535618622887,
            "f1_score": 0.5,
            "ppv": 0.7272727272727273,
            "npv": 0.9285714285714286,
            "auc80": 0.8565891472868217
        },
        "NV": {
            "sensitivity": 0.9512195121951219,
            "specificity": 0.7142857142857143,
            "accuracy": 0.8652849740932642,
            "auc": 0.9515679442508711,
            "average_precision": 0.9760475962495057,
            "f1_score": 0.9,
            "ppv": 0.8540145985401459,
            "npv": 0.8928571428571429,
            "auc80": NaN
        },
        "BCC": {
            "sensitivity": 0.6666666666666666,
            "specificity": 0.9831460674157303,
            "accuracy": 0.9585492227979274,
            "auc": 0.9689138576779026,
            "average_precision": 0.7236812817019984,
            "f1_score": 0.7142857142857142,
            "ppv": 0.7692307692307693,
            "npv": 0.9722222222222222,
            "auc80": NaN
        },
        "AKIEC": {
            "sensitivity": 0.125,
            "specificity": 0.972972972972973,
            "accuracy": 0.9378238341968912,
            "auc": 0.8459459459459461,
            "average_precision": 0.17202196599811598,
            "f1_score": 0.14285714285714288,
            "ppv": 0.16666666666666666,
            "npv": 0.9625668449197861,
            "auc80": NaN
        },
        "BKL": {
            "sensitivity": 0.36363636363636365,
            "specificity": 0.8947368421052632,
            "accuracy": 0.8341968911917098,
            "auc": 0.8740031897926636,
            "average_precision": 0.40471697508512394,
            "f1_score": 0.33333333333333337,
            "ppv": 0.3076923076923077,
            "npv": 0.9161676646706587,
            "auc80": NaN
        },
        "DF": {
            "sensitivity": 0.0,
            "specificity": 1.0,
            "accuracy": 0.9948186528497409,
            "auc": 0.9739583333333334,
            "average_precision": 0.16666666666666666,
            "f1_score": 0.0,
            "ppv": 0.0,
            "npv": 0.9948186528497409,
            "auc80": NaN
        },
        "VASC": {
            "sensitivity": 0.0,
            "specificity": 1.0,
            "accuracy": 0.9844559585492227,
            "auc": 0.9017543859649123,
            "average_precision": 0.10608685608685609,
            "f1_score": 0.0,
            "ppv": 0.0,
            "npv": 0.9844559585492227,
            "auc80": NaN
        }
    },
    "malignant_definition_used": [
        "MEL",
        "BCC",
        "AKIEC"
    ],
    "val_loss": 0.6724352317770528
}