{
    "overall": {
        "accuracy": 77.720207253886,
        "balanced_multiclass_accuracy": 0.4665007466401195,
        "macro_recall": 0.4665007466401195,
        "macro_precision": 0.6398017441495701,
        "macro_f1": 0.5085466539913001,
        "multiclass_macro_auc_ovr": 0.9407145411911652,
        "mean_auc_all_diagnoses": 0.9407145411911652,
        "mean_average_precision_all_diagnoses": 0.5397233394571961,
        "mean_sensitivity": 0.4665007466401195,
        "mean_specificity": 0.9393352084594108,
        "mean_accuracy": 0.9363434492968172,
        "mean_f1": 0.5085466539913001,
        "mean_ppv": 0.6398017441495701,
        "mean_npv": 0.9550230182027404,
        "melanoma_auc80": 0.886766334440753,
        "malignant_vs_benign_auc": 0.9350213544844417
    },
    "per_class": {
        "MEL": {
            "sensitivity": 0.38095238095238093,
            "specificity": 0.9941860465116279,
            "accuracy": 0.927461139896373,
            "auc": 0.9382613510520488,
            "average_precision": 0.6403886501402096,
            "f1_score": 0.5333333333333333,
            "ppv": 0.8888888888888888,
            "npv": 0.9293478260869565,
            "auc80": 0.886766334440753
        },
        "NV": {
            "sensitivity": 0.9512195121951219,
            "specificity": 0.7,
            "accuracy": 0.8601036269430051,
            "auc": 0.9564459930313589,
            "average_precision": 0.9774331456130041,
            "f1_score": 0.8965517241379309,
            "ppv": 0.8478260869565217,
            "npv": 0.8909090909090909,
            "auc80": NaN
        },
        "BCC": {
            "sensitivity": 0.6,
            "specificity": 0.9943820224719101,
            "accuracy": 0.9637305699481865,
            "auc": 0.9827715355805244,
            "average_precision": 0.8554545210630402,
            "f1_score": 0.7200000000000001,
            "ppv": 0.9,
            "npv": 0.9672131147540983,
            "auc80": NaN
        },
        "AKIEC": {
            "sensitivity": 0.5,
            "specificity": 0.9621621621621622,
            "accuracy": 0.9430051813471503,
            "auc": 0.8972972972972972,
            "average_precision": 0.30545288045288044,
            "f1_score": 0.4210526315789474,
            "ppv": 0.36363636363636365,
            "npv": 0.978021978021978,
            "auc80": NaN
        },
        "BKL": {
            "sensitivity": 0.5,
            "specificity": 0.9298245614035088,
            "accuracy": 0.8808290155440415,
            "auc": 0.9096225412014887,
            "average_precision": 0.46838179797885715,
            "f1_score": 0.4888888888888889,
            "ppv": 0.4782608695652174,
            "npv": 0.9352941176470588,
            "auc80": NaN
        },
        "DF": {
            "sensitivity": 0.0,
            "specificity": 0.9947916666666666,
            "accuracy": 0.9896373056994818,
            "auc": 0.9427083333333334,
            "average_precision": 0.08333333333333333,
            "f1_score": 0.0,
            "ppv": 0.0,
            "npv": 0.9947916666666666,
            "auc80": NaN
        },
        "VASC": {
            "sensitivity": 0.3333333333333333,
            "specificity": 1.0,
            "accuracy": 0.9896373056994818,
            "auc": 0.9578947368421052,
            "average_precision": 0.4476190476190476,
            "f1_score": 0.5,
            "ppv": 1.0,
            "npv": 0.9895833333333334,
            "auc80": NaN
        }
    },
    "malignant_definition_used": [
        "MEL",
        "BCC",
        "AKIEC"
    ],
    "val_loss": 0.5992421350330887
}