{
    "epoch": 5,
    "num_classes": 7,
    "class_names": [
        "MEL",
        "NV",
        "BCC",
        "AKIEC",
        "BKL",
        "DF",
        "VASC"
    ],
    "per_class": {
        "MEL": {
            "fpr": [
                0.0,
                0.005813953488372093,
                0.005813953488372093,
                0.01744186046511628,
                0.01744186046511628,
                0.040697674418604654,
                0.040697674418604654,
                0.046511627906976744,
                0.046511627906976744,
                0.11046511627906977,
                0.11046511627906977,
                0.12209302325581395,
                0.12209302325581395,
                0.14534883720930233,
                0.14534883720930233,
                0.21511627906976744,
                0.21511627906976744,
                0.26744186046511625,
                0.26744186046511625,
                0.29069767441860467,
                0.29069767441860467,
                0.3081395348837209,
                0.3081395348837209,
                0.3372093023255814,
                0.3372093023255814,
                0.36046511627906974,
                0.36046511627906974,
                0.4069767441860465,
                0.4069767441860465,
                0.436046511627907,
                0.436046511627907,
                0.47674418604651164,
                0.47674418604651164,
                1.0
            ],
            "tpr": [
                0.0,
                0.0,
                0.047619047619047616,
                0.047619047619047616,
                0.09523809523809523,
                0.09523809523809523,
                0.14285714285714285,
                0.14285714285714285,
                0.23809523809523808,
                0.23809523809523808,
                0.2857142857142857,
                0.2857142857142857,
                0.47619047619047616,
                0.47619047619047616,
                0.5238095238095238,
                0.5238095238095238,
                0.5714285714285714,
                0.5714285714285714,
                0.6190476190476191,
                0.6190476190476191,
                0.6666666666666666,
                0.6666666666666666,
                0.7619047619047619,
                0.7619047619047619,
                0.8095238095238095,
                0.8095238095238095,
                0.8571428571428571,
                0.8571428571428571,
                0.9047619047619048,
                0.9047619047619048,
                0.9523809523809523,
                0.9523809523809523,
                1.0,
                1.0
            ],
            "auc": 0.7948504983388704
        },
        "NV": {
            "fpr": [
                0.0,
                0.0,
                0.0,
                0.014285714285714285,
                0.014285714285714285,
                0.04285714285714286,
                0.04285714285714286,
                0.05714285714285714,
                0.05714285714285714,
                0.07142857142857142,
                0.07142857142857142,
                0.08571428571428572,
                0.08571428571428572,
                0.1,
                0.1,
                0.11428571428571428,
                0.11428571428571428,
                0.12857142857142856,
                0.12857142857142856,
                0.15714285714285714,
                0.15714285714285714,
                0.18571428571428572,
                0.18571428571428572,
                0.2,
                0.2,
                0.2571428571428571,
                0.2571428571428571,
                0.2714285714285714,
                0.2714285714285714,
                0.35714285714285715,
                0.35714285714285715,
                0.4142857142857143,
                0.4142857142857143,
                0.44285714285714284,
                0.44285714285714284,
                0.45714285714285713,
                0.45714285714285713,
                0.4714285714285714,
                0.4714285714285714,
                0.5285714285714286,
                0.5285714285714286,
                0.5714285714285714,
                0.5714285714285714,
                0.6571428571428571,
                0.6571428571428571,
                0.6714285714285714,
                0.6714285714285714,
                0.7428571428571429,
                0.7428571428571429,
                0.9714285714285714,
                0.9714285714285714,
                1.0
            ],
            "tpr": [
                0.0,
                0.008130081300813009,
                0.5934959349593496,
                0.5934959349593496,
                0.6178861788617886,
                0.6178861788617886,
                0.6260162601626016,
                0.6260162601626016,
                0.6341463414634146,
                0.6341463414634146,
                0.6422764227642277,
                0.6422764227642277,
                0.6504065040650406,
                0.6504065040650406,
                0.7073170731707317,
                0.7073170731707317,
                0.7642276422764228,
                0.7642276422764228,
                0.7804878048780488,
                0.7804878048780488,
                0.8373983739837398,
                0.8373983739837398,
                0.8455284552845529,
                0.8455284552845529,
                0.8617886178861789,
                0.8617886178861789,
                0.8699186991869918,
                0.8699186991869918,
                0.8943089430894309,
                0.8943089430894309,
                0.9024390243902439,
                0.9024390243902439,
                0.9105691056910569,
                0.9105691056910569,
                0.9186991869918699,
                0.9186991869918699,
                0.926829268292683,
                0.926829268292683,
                0.9349593495934959,
                0.9349593495934959,
                0.9512195121951219,
                0.9512195121951219,
                0.959349593495935,
                0.959349593495935,
                0.967479674796748,
                0.967479674796748,
                0.983739837398374,
                0.983739837398374,
                0.991869918699187,
                0.991869918699187,
                1.0,
                1.0
            ],
            "auc": 0.9
        },
        "BCC": {
            "fpr": [
                0.0,
                0.0,
                0.0,
                0.016853932584269662,
                0.016853932584269662,
                0.02247191011235955,
                0.02247191011235955,
                0.028089887640449437,
                0.028089887640449437,
                0.06179775280898876,
                0.06179775280898876,
                0.07865168539325842,
                0.07865168539325842,
                0.16853932584269662,
                0.16853932584269662,
                0.25280898876404495,
                0.25280898876404495,
                1.0
            ],
            "tpr": [
                0.0,
                0.06666666666666667,
                0.2,
                0.2,
                0.3333333333333333,
                0.3333333333333333,
                0.4,
                0.4,
                0.4666666666666667,
                0.4666666666666667,
                0.5333333333333333,
                0.5333333333333333,
                0.8666666666666667,
                0.8666666666666667,
                0.9333333333333333,
                0.9333333333333333,
                1.0,
                1.0
            ],
            "auc": 0.9359550561797753
        },