{
    "epoch": 60,
    "num_classes": 7,
    "class_names": [
        "MEL",
        "NV",
        "BCC",
        "AKIEC",
        "BKL",
        "DF",
        "VASC"
    ],
    "per_class": {
        "MEL": {
            "fpr": [
                0.0,
                0.0,
                0.0,
                0.011627906976744186,
                0.011627906976744186,
                0.01744186046511628,
                0.01744186046511628,
                0.040697674418604654,
                0.040697674418604654,
                0.05232558139534884,
                0.05232558139534884,
                0.05813953488372093,
                0.05813953488372093,
                0.11046511627906977,
                0.11046511627906977,
                0.13372093023255813,
                0.13372093023255813,
                0.1744186046511628,
                0.1744186046511628,
                0.21511627906976744,
                0.21511627906976744,
                0.23255813953488372,
                0.23255813953488372,
                0.23837209302325582,
                0.23837209302325582,
                0.28488372093023256,
                0.28488372093023256,
                0.4476744186046512,
                0.4476744186046512,
                1.0
            ],
            "tpr": [
                0.0,
                0.047619047619047616,
                0.14285714285714285,
                0.14285714285714285,
                0.38095238095238093,
                0.38095238095238093,
                0.42857142857142855,
                0.42857142857142855,
                0.47619047619047616,
                0.47619047619047616,
                0.5238095238095238,
                0.5238095238095238,
                0.5714285714285714,
                0.5714285714285714,
                0.6190476190476191,
                0.6190476190476191,
                0.6666666666666666,
                0.6666666666666666,
                0.7619047619047619,
                0.7619047619047619,
                0.8095238095238095,
                0.8095238095238095,
                0.8571428571428571,
                0.8571428571428571,
                0.9047619047619048,
                0.9047619047619048,
                0.9523809523809523,
                0.9523809523809523,
                1.0,
                1.0
            ],
            "auc": 0.8934108527131783
        },
        "NV": {
            "fpr": [
                0.0,
                0.0,
                0.0,
                0.0,
                0.0,
                0.0,
                0.0,
                0.0,
                0.0,
                0.0,
                0.0,
                0.0,
                0.0,
                0.0,
                0.014285714285714285,
                0.014285714285714285,
                0.02857142857142857,
                0.02857142857142857,
                0.04285714285714286,
                0.04285714285714286,
                0.08571428571428572,
                0.08571428571428572,
                0.1,
                0.1,
                0.11428571428571428,
                0.11428571428571428,
                0.12857142857142856,
                0.12857142857142856,
                0.14285714285714285,
                0.14285714285714285,
                0.18571428571428572,
                0.18571428571428572,
                0.2,
                0.2,
                0.21428571428571427,
                0.21428571428571427,
                0.22857142857142856,
                0.22857142857142856,
                0.2714285714285714,
                0.2714285714285714,
                0.3,
                0.3,
                0.35714285714285715,
                0.35714285714285715,
                0.38571428571428573,
                0.38571428571428573,
                0.4,
                0.4,
                0.44285714285714284,
                0.44285714285714284,
                0.5,
                0.5,
                0.5142857142857142,
                0.5142857142857142,
                0.6,
                0.6,
                0.6142857142857143,
                0.6142857142857143,
                0.7857142857142857,
                0.7857142857142857,
                1.0
            ],
            "tpr": [
                0.0,
                0.024390243902439025,
                0.04065040650406504,
                0.06504065040650407,
                0.0975609756097561,
                0.12195121951219512,
                0.13008130081300814,
                0.14634146341463414,
                0.16260162601626016,
                0.21138211382113822,
                0.22764227642276422,
                0.24390243902439024,
                0.2601626016260163,
                0.6422764227642277,
                0.6422764227642277,
                0.7804878048780488,
                0.7804878048780488,
                0.7886178861788617,
                0.7886178861788617,
                0.7967479674796748,
                0.7967479674796748,
                0.8130081300813008,
                0.8130081300813008,
                0.8292682926829268,
                0.8292682926829268,
                0.8455284552845529,
                0.8455284552845529,
                0.8536585365853658,
                0.8536585365853658,
                0.8699186991869918,
                0.8699186991869918,
                0.8780487804878049,
                0.8780487804878049,
                0.8861788617886179,
                0.8861788617886179,
                0.8943089430894309,
                0.8943089430894309,
                0.9105691056910569,
                0.9105691056910569,
                0.9186991869918699,
                0.9186991869918699,
                0.926829268292683,
                0.926829268292683,
                0.9349593495934959,
                0.9349593495934959,
                0.943089430894309,
                0.943089430894309,
                0.9512195121951219,
                0.9512195121951219,
                0.959349593495935,
                0.959349593495935,
                0.967479674796748,
                0.967479674796748,
                0.975609756097561,
                0.975609756097561,
                0.983739837398374,
                0.983739837398374,
                0.991869918699187,
                0.991869918699187,
                1.0,
                1.0
            ],
            "auc": 0.9385598141695701
        },
        "BCC": {
            "fpr": [
                0.0,
                0.0,
                0.0,
                0.0056179775280898875,
                0.0056179775280898875,
                0.011235955056179775,
                0.011235955056179775,
                0.016853932584269662,
                0.016853932584269662,
                0.028089887640449437,
                0.028089887640449437,
                0.03932584269662921,
                0.03932584269662921,
                0.05056179775280899,
                0.05056179775280899,
                0.06741573033707865,
                0.06741573033707865,
                1.0
            ],
            "tpr": [
                0.0,
                0.06666666666666667,
                0.5333333333333333,
                0.5333333333333333,
                0.6,
                0.6,
                0.6666666666666666,
                0.6666666666666666,
                0.7333333333333333,
                0.7333333333333333,
                0.8,
                0.8,
                0.8666666666666667,
                0.8666666666666667,
                0.9333333333333333,
                0.9333333333333333,
                1.0,
                1.0
            ],
            "auc": 0.9853932584269663
        },