{
    "epoch": 90,
    "num_classes": 7,
    "class_names": [
        "MEL",
        "NV",
        "BCC",
        "AKIEC",
        "BKL",
        "DF",
        "VASC"
    ],
    "per_class": {
        "MEL": {
            "fpr": [
                0.0,
                0.0,
                0.0,
                0.01744186046511628,
                0.01744186046511628,
                0.023255813953488372,
                0.023255813953488372,
                0.029069767441860465,
                0.029069767441860465,
                0.040697674418604654,
                0.040697674418604654,
                0.12790697674418605,
                0.12790697674418605,
                0.13372093023255813,
                0.13372093023255813,
                0.16279069767441862,
                0.16279069767441862,
                0.20348837209302326,
                0.20348837209302326,
                0.20930232558139536,
                0.20930232558139536,
                0.22093023255813954,
                0.22093023255813954,
                0.22674418604651161,
                0.22674418604651161,
                0.4941860465116279,
                0.4941860465116279,
                1.0
            ],
            "tpr": [
                0.0,
                0.047619047619047616,
                0.23809523809523808,
                0.23809523809523808,
                0.3333333333333333,
                0.3333333333333333,
                0.38095238095238093,
                0.38095238095238093,
                0.5238095238095238,
                0.5238095238095238,
                0.5714285714285714,
                0.5714285714285714,
                0.6666666666666666,
                0.6666666666666666,
                0.7142857142857143,
                0.7142857142857143,
                0.7619047619047619,
                0.7619047619047619,
                0.8095238095238095,
                0.8095238095238095,
                0.8571428571428571,
                0.8571428571428571,
                0.9047619047619048,
                0.9047619047619048,
                0.9523809523809523,
                0.9523809523809523,
                1.0,
                1.0
            ],
            "auc": 0.9003322259136213
        },
        "NV": {
            "fpr": [
                0.0,
                0.0,
                0.0,
                0.0,
                0.0,
                0.0,
                0.0,
                0.0,
                0.0,
                0.0,
                0.0,
                0.0,
                0.0,
                0.0,
                0.0,
                0.014285714285714285,
                0.014285714285714285,
                0.02857142857142857,
                0.02857142857142857,
                0.04285714285714286,
                0.04285714285714286,
                0.05714285714285714,
                0.05714285714285714,
                0.07142857142857142,
                0.07142857142857142,
                0.1,
                0.1,
                0.12857142857142856,
                0.12857142857142856,
                0.17142857142857143,
                0.17142857142857143,
                0.22857142857142856,
                0.22857142857142856,
                0.24285714285714285,
                0.24285714285714285,
                0.2714285714285714,
                0.2714285714285714,
                0.37142857142857144,
                0.37142857142857144,
                0.42857142857142855,
                0.42857142857142855,
                0.4857142857142857,
                0.4857142857142857,
                0.8428571428571429,
                0.8428571428571429,
                1.0
            ],
            "tpr": [
                0.0,
                0.008130081300813009,
                0.024390243902439025,
                0.032520325203252036,
                0.08130081300813008,
                0.11382113821138211,
                0.1951219512195122,
                0.21951219512195122,
                0.2845528455284553,
                0.3008130081300813,
                0.34959349593495936,
                0.36585365853658536,
                0.43902439024390244,
                0.45528455284552843,
                0.5121951219512195,
                0.5121951219512195,
                0.6341463414634146,
                0.6341463414634146,
                0.7398373983739838,
                0.7398373983739838,
                0.8130081300813008,
                0.8130081300813008,
                0.8292682926829268,
                0.8292682926829268,
                0.8699186991869918,
                0.8699186991869918,
                0.8780487804878049,
                0.8780487804878049,
                0.8943089430894309,
                0.8943089430894309,
                0.9105691056910569,
                0.9105691056910569,
                0.926829268292683,
                0.926829268292683,
                0.9349593495934959,
                0.9349593495934959,
                0.967479674796748,
                0.967479674796748,
                0.975609756097561,
                0.975609756097561,
                0.983739837398374,
                0.983739837398374,
                0.991869918699187,
                0.991869918699187,
                1.0,
                1.0
            ],
            "auc": 0.9507549361207898
        },
        "BCC": {
            "fpr": [
                0.0,
                0.0,
                0.0,
                0.011235955056179775,
                0.011235955056179775,
                0.02247191011235955,
                0.02247191011235955,
                0.028089887640449437,
                0.028089887640449437,
                0.0449438202247191,
                0.0449438202247191,
                1.0
            ],
            "tpr": [
                0.0,
                0.06666666666666667,
                0.6666666666666666,
                0.6666666666666666,
                0.7333333333333333,
                0.7333333333333333,
                0.8666666666666667,
                0.8666666666666667,
                0.9333333333333333,
                0.9333333333333333,
                1.0,
                1.0
            ],
            "auc": 0.9913857677902622
        },
        "AKIEC": {
            "fpr": [
                0.0,
                0.005405405405405406,
                0.005405405405405406,
                0.03783783783783784,
                0.03783783783783784,
                0.043243243243243246,
                0.043243243243243246,
                0.05945945945945946,
                0.05945945945945946,
                0.21081081081081082,
                0.21081081081081082,
                0.24324324324324326,
                0.24324324324324326,
                0.2810810810810811,
                0.2810810810810811,
                1.0
            ],
            "tpr": [
                0.0,
                0.0,
                0.25,
                0.25,
                0.375,
                0.375,
                0.5,
                0.5,
                0.625,
                0.625,
                0.75,
                0.75,
                0.875,
                0.875,
                1.0,
                1.0
            ],
            "auc": 0.8891891891891892
        },