{
    "overall": {
        "accuracy": 83.93782383419689,
        "balanced_multiclass_accuracy": 0.7999445676274944,
        "macro_recall": 0.7999445676274944,
        "macro_precision": 0.7615642576218795,
        "macro_f1": 0.7213302769702536,
        "multiclass_macro_auc_ovr": 0.9585434856151273,
        "mean_auc_all_diagnoses": 0.9585434856151273,
        "mean_average_precision_all_diagnoses": 0.8570794683925097,
        "mean_sensitivity": 0.7999445676274944,
        "mean_specificity": 0.97084985382144,
        "mean_accuracy": 0.9541080680977053,
        "mean_f1": 0.7213302769702536,
        "mean_ppv": 0.7615642576218795,
        "mean_npv": 0.9621376828145375,
        "melanoma_auc80": 0.7652270210409746,
        "malignant_vs_benign_auc": 0.8645515558267237
    },
    "per_class": {
        "MEL": {
            "sensitivity": 0.6666666666666666,
            "specificity": 0.9709302325581395,
            "accuracy": 0.9378238341968912,
            "auc": 0.8715393133997785,
            "average_precision": 0.6961348194985485,
            "f1_score": 0.7,
            "ppv": 0.7368421052631579,
            "npv": 0.9597701149425287,
            "auc80": 0.7652270210409746
        },
        "NV": {
            "sensitivity": 0.8943089430894309,
            "specificity": 0.9571428571428572,
            "accuracy": 0.917098445595855,
            "auc": 0.9760743321718931,
            "average_precision": 0.9881973241096429,
            "f1_score": 0.9322033898305085,
            "ppv": 0.9734513274336283,
            "npv": 0.8375,
            "auc80": NaN
        },
        "BCC": {
            "sensitivity": 0.8,
            "specificity": 0.9887640449438202,
            "accuracy": 0.9740932642487047,
            "auc": 0.9434456928838951,
            "average_precision": 0.8311686022126927,
            "f1_score": 0.8275862068965518,
            "ppv": 0.8571428571428571,
            "npv": 0.9832402234636871,
            "auc80": NaN
        },
        "AKIEC": {
            "sensitivity": 0.375,
            "specificity": 1.0,
            "accuracy": 0.9740932642487047,
            "auc": 0.9567567567567568,
            "average_precision": 0.7306482870717679,
            "f1_score": 0.5454545454545454,
            "ppv": 1.0,
            "npv": 0.9736842105263158,
            "auc80": NaN
        },
        "BKL": {
            "sensitivity": 0.8636363636363636,
            "specificity": 0.8947368421052632,
            "accuracy": 0.8911917098445595,
            "auc": 0.9619883040935673,
            "average_precision": 0.7534072458549159,
            "f1_score": 0.6440677966101694,
            "ppv": 0.5135135135135135,
            "npv": 0.9807692307692307,
            "auc80": NaN
        },
        "DF": {
            "sensitivity": 1.0,
            "specificity": 0.984375,
            "accuracy": 0.9844559585492227,
            "auc": 1.0,
            "average_precision": 1.0,
            "f1_score": 0.4,
            "ppv": 0.25,
            "npv": 1.0,
            "auc80": NaN
        },
        "VASC": {
            "sensitivity": 1.0,
            "specificity": 1.0,
            "accuracy": 1.0,
            "auc": 1.0,
            "average_precision": 1.0,
            "f1_score": 1.0,
            "ppv": 1.0,
            "npv": 1.0,
            "auc80": NaN
        }
    },
    "malignant_definition_used": [
        "MEL",
        "BCC",
        "AKIEC"
    ],
    "val_loss": 1.1189754768974423
}