{
    "overall": {
        "accuracy": 81.94444444444444,
        "balanced_multiclass_accuracy": 0.6822289961366932,
        "macro_recall": 0.6822289961366932,
        "macro_precision": 0.7346746679928524,
        "macro_f1": 0.7048570668329213,
        "multiclass_macro_auc_ovr": 0.9095617108961137,
        "mean_auc_all_diagnoses": 0.9095617108961137,
        "mean_average_precision_all_diagnoses": 0.7616958853081778,
        "mean_sensitivity": 0.6822289961366932,
        "mean_specificity": 0.9566092706390634,
        "mean_accuracy": 0.9484126984126984,
        "mean_f1": 0.7048570668329214,
        "mean_ppv": 0.7346746679928524,
        "mean_npv": 0.9623550130375332,
        "melanoma_auc80": 0.75691964188373,
        "malignant_vs_benign_auc": 0.8818711395245111
    },
    "per_class": {
        "MEL": {
            "sensitivity": 0.543859649122807,
            "specificity": 0.9604772557792692,
            "accuracy": 0.9133597883597884,
            "auc": 0.869644282219344,
            "average_precision": 0.6452438082109974,
            "f1_score": 0.5867507886435331,
            "ppv": 0.636986301369863,
            "npv": 0.9428989751098097,
            "auc80": 0.75691964188373
        },
        "NV": {
            "sensitivity": 0.933993399339934,
            "specificity": 0.814262023217247,
            "accuracy": 0.8862433862433863,
            "auc": 0.9312385633256527,
            "average_precision": 0.9257350775320988,
            "f1_score": 0.9080213903743316,
            "ppv": 0.8834547346514048,
            "npv": 0.8911070780399274,
            "auc80": NaN
        },
        "BCC": {
            "sensitivity": 0.7096774193548387,
            "specificity": 0.9830866807610994,
            "accuracy": 0.9662698412698413,
            "auc": 0.9406745625800389,
            "average_precision": 0.7977722856477215,
            "f1_score": 0.7213114754098361,
            "ppv": 0.7333333333333333,
            "npv": 0.9810126582278481,
            "auc80": NaN
        },
        "AKIEC": {
            "sensitivity": 0.5581395348837209,
            "specificity": 0.9836623553437712,
            "accuracy": 0.9715608465608465,
            "auc": 0.8526920702265424,
            "average_precision": 0.5965040619811989,
            "f1_score": 0.5274725274725274,
            "ppv": 0.5,
            "npv": 0.9870218579234973,
            "auc80": NaN
        },
        "BKL": {
            "sensitivity": 0.7188940092165899,
            "specificity": 0.962934362934363,
            "accuracy": 0.9279100529100529,
            "auc": 0.8973293240574346,
            "average_precision": 0.792769344156683,
            "f1_score": 0.7410926365795725,
            "ppv": 0.7647058823529411,
            "npv": 0.9533639143730887,
            "auc80": NaN
        },
        "DF": {
            "sensitivity": 0.5681818181818182,
            "specificity": 0.9945504087193461,
            "accuracy": 0.9821428571428571,
            "auc": 0.9337534059945504,
            "average_precision": 0.7387225908095517,
            "f1_score": 0.6493506493506495,
            "ppv": 0.7575757575757576,
            "npv": 0.9871534820824882,
            "auc80": NaN
        },
        "VASC": {
            "sensitivity": 0.7428571428571429,
            "specificity": 0.997291807718348,
            "accuracy": 0.9914021164021164,
            "auc": 0.941599767869233,
            "average_precision": 0.8351240288189935,
            "f1_score": 0.8,
            "ppv": 0.8666666666666667,
            "npv": 0.9939271255060729,
            "auc80": NaN
        }
    },
    "malignant_definition_used": [
        "MEL",
        "BCC",
        "AKIEC"
    ],
    "val_loss": 0.8491725275125453
}