{
    "overall": {
        "accuracy": 74.61139896373057,
        "balanced_multiclass_accuracy": 0.39575056186554447,
        "macro_recall": 0.39575056186554447,
        "macro_precision": 0.5203877005347594,
        "macro_f1": 0.43263458667185367,
        "multiclass_macro_auc_ovr": 0.9300725358429168,
        "mean_auc_all_diagnoses": 0.9300725358429168,
        "mean_average_precision_all_diagnoses": 0.528260173350113,
        "mean_sensitivity": 0.39575056186554447,
        "mean_specificity": 0.9352442155642017,
        "mean_accuracy": 0.927461139896373,
        "mean_f1": 0.5047403511171626,
        "mean_ppv": 0.6071189839572192,
        "mean_npv": 0.9486718319033242,
        "melanoma_auc80": 0.8767995570321152,
        "malignant_vs_benign_auc": 0.9313605857230018
    },
    "per_class": {
        "MEL": {
            "sensitivity": 0.38095238095238093,
            "specificity": 0.9825581395348837,
            "accuracy": 0.917098445595855,
            "auc": 0.9238648947951273,
            "mean_average_precision": 0.715061682236655,
            "f1_score": 0.5,
            "ppv": 0.7272727272727273,
            "npv": 0.9285714285714286,
            "auc80": 0.8767995570321152
        },
        "NV": {
            "sensitivity": 0.943089430894309,
            "specificity": 0.7142857142857143,
            "accuracy": 0.8601036269430051,
            "auc": 0.9522648083623694,
            "mean_average_precision": 0.9762881641647216,
            "f1_score": 0.8957528957528959,
            "ppv": 0.8529411764705882,
            "npv": 0.8771929824561403,
            "auc80": NaN
        },
        "BCC": {
            "sensitivity": 0.5333333333333333,
            "specificity": 1.0,
            "accuracy": 0.9637305699481865,
            "auc": 0.9576779026217228,
            "mean_average_precision": 0.8431033164826267,
            "f1_score": 0.6956521739130436,
            "ppv": 1.0,
            "npv": 0.9621621621621622,
            "auc80": NaN
        },
        "AKIEC": {
            "sensitivity": 0.125,
            "specificity": 0.9837837837837838,
            "accuracy": 0.9481865284974094,
            "auc": 0.8878378378378379,
            "mean_average_precision": 0.2145504184474773,
            "f1_score": 0.16666666666666666,
            "ppv": 0.25,
            "npv": 0.9629629629629629,
            "auc80": NaN
        },
        "BKL": {
            "sensitivity": 0.45454545454545453,
            "specificity": 0.8713450292397661,
            "accuracy": 0.8238341968911918,
            "auc": 0.8862307283359916,
            "mean_average_precision": 0.4471369598504033,
            "f1_score": 0.3703703703703703,
            "ppv": 0.3125,
            "npv": 0.9254658385093167,
            "auc80": NaN
        },
        "DF": {
            "sensitivity": 0.0,
            "specificity": 1.0,
            "accuracy": 0.9948186528497409,
            "auc": 0.9166666666666666,
            "mean_average_precision": 0.058823529411764705,
            "f1_score": NaN,
            "ppv": NaN,
            "npv": 0.9948186528497409,
            "auc80": NaN
        },
        "VASC": {
            "sensitivity": 0.3333333333333333,
            "specificity": 0.9947368421052631,
            "accuracy": 0.9844559585492227,
            "auc": 0.9859649122807018,
            "mean_average_precision": 0.44285714285714284,
            "f1_score": 0.4,
            "ppv": 0.5,
            "npv": 0.9895287958115183,
            "auc80": NaN
        }
    },
    "malignant_definition_used": [
        "MEL",
        "BCC",
        "AKIEC"
    ],
    "val_loss": 0.6620876764386429
}