{
    "overall": {
        "accuracy": 76.68393782383419,
        "balanced_multiclass_accuracy": 0.46233238306409036,
        "macro_recall": 0.46233238306409036,
        "macro_precision": 0.47877308521907824,
        "macro_f1": 0.4668883640638403,
        "multiclass_macro_auc_ovr": 0.9200302707544784,
        "mean_auc_all_diagnoses": 0.9200302707544784,
        "mean_average_precision_all_diagnoses": 0.5198471456417132,
        "mean_sensitivity": 0.46233238306409036,
        "mean_specificity": 0.9497688775791925,
        "mean_accuracy": 0.9333826794966692,
        "mean_f1": 0.5447030914078137,
        "mean_ppv": 0.5585685994222579,
        "mean_npv": 0.9499708518609474,
        "melanoma_auc80": 0.8460686600221483,
        "malignant_vs_benign_auc": 0.9310555216595485
    },
    "per_class": {
        "MEL": {
            "sensitivity": 0.6666666666666666,
            "specificity": 0.9302325581395349,
            "accuracy": 0.9015544041450777,
            "auc": 0.934939091915836,
            "mean_average_precision": 0.742386572233511,
            "f1_score": 0.5957446808510638,
            "ppv": 0.5384615384615384,
            "npv": 0.9580838323353293,
            "auc80": 0.8460686600221483
        },
        "NV": {
            "sensitivity": 0.9105691056910569,
            "specificity": 0.8428571428571429,
            "accuracy": 0.8860103626943006,
            "auc": 0.9530778164924507,
            "mean_average_precision": 0.9734607338364849,
            "f1_score": 0.9105691056910569,
            "ppv": 0.9105691056910569,
            "npv": 0.8428571428571429,
            "auc80": NaN
        },
        "BCC": {
            "sensitivity": 0.6666666666666666,
            "specificity": 0.9719101123595506,
            "accuracy": 0.9481865284974094,
            "auc": 0.9677902621722847,
            "mean_average_precision": 0.7104491720059671,
            "f1_score": 0.6666666666666666,
            "ppv": 0.6666666666666666,
            "npv": 0.9719101123595506,
            "auc80": NaN
        },
        "AKIEC": {
            "sensitivity": 0.25,
            "specificity": 0.972972972972973,
            "accuracy": 0.9430051813471503,
            "auc": 0.897972972972973,
            "mean_average_precision": 0.25075098710060756,
            "f1_score": 0.26666666666666666,
            "ppv": 0.2857142857142857,
            "npv": 0.967741935483871,
            "auc80": NaN
        },
        "BKL": {
            "sensitivity": 0.4090909090909091,
            "specificity": 0.935672514619883,
            "accuracy": 0.8756476683937824,
            "auc": 0.8657628920786815,
            "mean_average_precision": 0.47434694177980924,
            "f1_score": 0.4285714285714286,
            "ppv": 0.45,
            "npv": 0.9248554913294798,
            "auc80": NaN
        },
        "DF": {
            "sensitivity": 0.0,
            "specificity": 1.0,
            "accuracy": 0.9948186528497409,
            "auc": 0.8697916666666666,
            "mean_average_precision": 0.038461538461538464,
            "f1_score": NaN,
            "ppv": NaN,
            "npv": 0.9948186528497409,
            "auc80": NaN
        },
        "VASC": {
            "sensitivity": 0.3333333333333333,
            "specificity": 0.9947368421052631,
            "accuracy": 0.9844559585492227,
            "auc": 0.9508771929824561,
            "mean_average_precision": 0.44907407407407407,
            "f1_score": 0.4,
            "ppv": 0.5,
            "npv": 0.9895287958115183,
            "auc80": NaN
        }
    },
    "malignant_definition_used": [
        "MEL",
        "BCC",
        "AKIEC"
    ],
    "val_loss": 0.652799473525329
}