{
    "overall": {
        "accuracy": 77.720207253886,
        "balanced_multiclass_accuracy": 0.49953089883403473,
        "macro_recall": 0.49953089883403473,
        "macro_precision": 0.6228354978354979,
        "macro_f1": 0.5268948017453994,
        "multiclass_macro_auc_ovr": 0.946097740240219,
        "mean_auc_all_diagnoses": 0.946097740240219,
        "mean_average_precision_all_diagnoses": 0.6785207924085386,
        "mean_sensitivity": 0.49953089883403473,
        "mean_specificity": 0.9451845611484976,
        "mean_accuracy": 0.9363434492968172,
        "mean_f1": 0.6147106020362992,
        "mean_ppv": 0.7266414141414143,
        "mean_npv": 0.9499898421939824,
        "melanoma_auc80": 0.8441306755260244,
        "malignant_vs_benign_auc": 0.9385295912141549
    },
    "per_class": {
        "MEL": {
            "sensitivity": 0.42857142857142855,
            "specificity": 0.9883720930232558,
            "accuracy": 0.927461139896373,
            "auc": 0.9341085271317829,
            "mean_average_precision": 0.7071807241667869,
            "f1_score": 0.5625,
            "ppv": 0.8181818181818182,
            "npv": 0.9340659340659341,
            "auc80": 0.8441306755260244
        },
        "NV": {
            "sensitivity": 0.9105691056910569,
            "specificity": 0.7714285714285715,
            "accuracy": 0.8601036269430051,
            "auc": 0.9437862950058071,
            "mean_average_precision": 0.9726187216112803,
            "f1_score": 0.8924302788844621,
            "ppv": 0.875,
            "npv": 0.8307692307692308,
            "auc80": NaN
        },
        "BCC": {
            "sensitivity": 0.7333333333333333,
            "specificity": 0.9775280898876404,
            "accuracy": 0.9585492227979274,
            "auc": 0.9782771535580524,
            "mean_average_precision": 0.7628282159483494,
            "f1_score": 0.7333333333333333,
            "ppv": 0.7333333333333333,
            "npv": 0.9775280898876404,
            "auc80": NaN
        },
        "AKIEC": {
            "sensitivity": 0.5,
            "specificity": 0.9783783783783784,
            "accuracy": 0.9585492227979274,
            "auc": 0.9067567567567568,
            "mean_average_precision": 0.35703708992281447,
            "f1_score": 0.5,
            "ppv": 0.5,
            "npv": 0.9783783783783784,
            "auc80": NaN
        },
        "BKL": {
            "sensitivity": 0.5909090909090909,
            "specificity": 0.9005847953216374,
            "accuracy": 0.8652849740932642,
            "auc": 0.8965975544922914,
            "mean_average_precision": 0.4555363507660939,
            "f1_score": 0.5,
            "ppv": 0.43333333333333335,
            "npv": 0.9447852760736196,
            "auc80": NaN
        },
        "DF": {
            "sensitivity": 0.0,
            "specificity": 1.0,
            "accuracy": 0.9948186528497409,
            "auc": 1.0,
            "mean_average_precision": 1.0,
            "f1_score": NaN,
            "ppv": NaN,
            "npv": 0.9948186528497409,
            "auc80": NaN
        },
        "VASC": {
            "sensitivity": 0.3333333333333333,
            "specificity": 1.0,
            "accuracy": 0.9896373056994818,
            "auc": 0.9631578947368421,
            "mean_average_precision": 0.4944444444444444,
            "f1_score": 0.5,
            "ppv": 1.0,
            "npv": 0.9895833333333334,
            "auc80": NaN
        }
    },
    "malignant_definition_used": [
        "MEL",
        "BCC",
        "AKIEC"
    ],
    "val_loss": 0.6448896107278339
}