{
    "overall": {
        "accuracy": 79.79274611398964,
        "balanced_multiclass_accuracy": 0.4910486145677783,
        "macro_recall": 0.4910486145677783,
        "macro_precision": 0.5466277420058933,
        "macro_f1": 0.5142102576057647,
        "multiclass_macro_auc_ovr": 0.9492987909316416,
        "mean_auc_all_diagnoses": 0.9492987909316416,
        "mean_average_precision_all_diagnoses": 0.5841460725717758,
        "mean_sensitivity": 0.4910486145677783,
        "mean_specificity": 0.9473484033195305,
        "mean_accuracy": 0.9422649888971133,
        "mean_f1": 0.5999119672067253,
        "mean_ppv": 0.6377323656735422,
        "mean_npv": 0.9563675055441928,
        "melanoma_auc80": 0.8568660022148394,
        "malignant_vs_benign_auc": 0.9469188529591215
    },
    "per_class": {
        "MEL": {
            "sensitivity": 0.6190476190476191,
            "specificity": 0.9767441860465116,
            "accuracy": 0.9378238341968912,
            "auc": 0.9410299003322259,
            "mean_average_precision": 0.7410468004729394,
            "f1_score": 0.6842105263157895,
            "ppv": 0.7647058823529411,
            "npv": 0.9545454545454546,
            "auc80": 0.8568660022148394
        },
        "NV": {
            "sensitivity": 0.9349593495934959,
            "specificity": 0.7571428571428571,
            "accuracy": 0.8704663212435233,
            "auc": 0.9580720092915215,
            "mean_average_precision": 0.9797339900227222,
            "f1_score": 0.9019607843137255,
            "ppv": 0.8712121212121212,
            "npv": 0.8688524590163934,
            "auc80": NaN
        },
        "BCC": {
            "sensitivity": 0.8,
            "specificity": 0.9887640449438202,
            "accuracy": 0.9740932642487047,
            "auc": 0.9838951310861423,
            "mean_average_precision": 0.8010944343181186,
            "f1_score": 0.8275862068965518,
            "ppv": 0.8571428571428571,
            "npv": 0.9832402234636871,
            "auc80": NaN
        },
        "AKIEC": {
            "sensitivity": 0.25,
            "specificity": 0.9783783783783784,
            "accuracy": 0.9481865284974094,
            "auc": 0.9047297297297298,
            "mean_average_precision": 0.27435558810558813,
            "f1_score": 0.28571428571428575,
            "ppv": 0.3333333333333333,
            "npv": 0.9679144385026738,
            "auc80": NaN
        },
        "BKL": {
            "sensitivity": 0.5,
            "specificity": 0.935672514619883,
            "accuracy": 0.8860103626943006,
            "auc": 0.9152046783625731,
            "mean_average_precision": 0.479299631590999,
            "f1_score": 0.5,
            "ppv": 0.5,
            "npv": 0.935672514619883,
            "auc80": NaN
        },
        "DF": {
            "sensitivity": 0.0,
            "specificity": 1.0,
            "accuracy": 0.9948186528497409,
            "auc": 0.9947916666666666,
            "mean_average_precision": 0.5,
            "f1_score": NaN,
            "ppv": NaN,
            "npv": 0.9948186528497409,
            "auc80": NaN
        },
        "VASC": {
            "sensitivity": 0.3333333333333333,
            "specificity": 0.9947368421052631,
            "accuracy": 0.9844559585492227,
            "auc": 0.9473684210526316,
            "mean_average_precision": 0.3134920634920635,
            "f1_score": 0.4,
            "ppv": 0.5,
            "npv": 0.9895287958115183,
            "auc80": NaN
        }
    },
    "malignant_definition_used": [
        "MEL",
        "BCC",
        "AKIEC"
    ],
    "val_loss": 0.5698219713769428
}