{
    "overall": {
        "accuracy": 80.82901554404145,
        "balanced_multiclass_accuracy": 0.5120597462931957,
        "macro_recall": 0.5120597462931957,
        "macro_precision": 0.560033195970696,
        "macro_f1": 0.5300316293201893,
        "multiclass_macro_auc_ovr": 0.9483920942764793,
        "mean_auc_all_diagnoses": 0.9483920942764793,
        "mean_average_precision_all_diagnoses": 0.6958605588709503,
        "mean_sensitivity": 0.5120597462931957,
        "mean_specificity": 0.9538433110732033,
        "mean_accuracy": 0.9452257586972612,
        "mean_f1": 0.6183702342068875,
        "mean_ppv": 0.653372061965812,
        "mean_npv": 0.959044142616236,
        "melanoma_auc80": 0.8585271317829457,
        "malignant_vs_benign_auc": 0.939902379499695
    },
    "per_class": {
        "MEL": {
            "sensitivity": 0.5714285714285714,
            "specificity": 0.9767441860465116,
            "accuracy": 0.9326424870466321,
            "auc": 0.937984496124031,
            "mean_average_precision": 0.7316913097935209,
            "f1_score": 0.6486486486486486,
            "ppv": 0.75,
            "npv": 0.9491525423728814,
            "auc80": 0.8585271317829457
        },
        "NV": {
            "sensitivity": 0.9349593495934959,
            "specificity": 0.8142857142857143,
            "accuracy": 0.8911917098445595,
            "auc": 0.9500580720092915,
            "mean_average_precision": 0.9749512660521572,
            "f1_score": 0.9163346613545816,
            "ppv": 0.8984375,
            "npv": 0.8769230769230769,
            "auc80": NaN
        },
        "BCC": {
            "sensitivity": 0.7333333333333333,
            "specificity": 0.9775280898876404,
            "accuracy": 0.9585492227979274,
            "auc": 0.9865168539325844,
            "mean_average_precision": 0.8122701063413137,
            "f1_score": 0.7333333333333333,
            "ppv": 0.7333333333333333,
            "npv": 0.9775280898876404,
            "auc80": NaN
        },
        "AKIEC": {
            "sensitivity": 0.375,
            "specificity": 0.9837837837837838,
            "accuracy": 0.9585492227979274,
            "auc": 0.8945945945945946,
            "mean_average_precision": 0.3721441701680672,
            "f1_score": 0.42857142857142855,
            "ppv": 0.5,
            "npv": 0.9732620320855615,
            "auc80": NaN
        },
        "BKL": {
            "sensitivity": 0.6363636363636364,
            "specificity": 0.9298245614035088,
            "accuracy": 0.8963730569948186,
            "auc": 0.9064327485380117,
            "mean_average_precision": 0.48552261529714924,
            "f1_score": 0.5833333333333334,
            "ppv": 0.5384615384615384,
            "npv": 0.9520958083832335,
            "auc80": NaN
        },
        "DF": {
            "sensitivity": 0.0,
            "specificity": 1.0,
            "accuracy": 0.9948186528497409,
            "auc": 1.0,
            "mean_average_precision": 1.0,
            "f1_score": NaN,
            "ppv": NaN,
            "npv": 0.9948186528497409,
            "auc80": NaN
        },
        "VASC": {
            "sensitivity": 0.3333333333333333,
            "specificity": 0.9947368421052631,
            "accuracy": 0.9844559585492227,
            "auc": 0.9631578947368421,
            "mean_average_precision": 0.4944444444444444,
            "f1_score": 0.4,
            "ppv": 0.5,
            "npv": 0.9895287958115183,
            "auc80": NaN
        }
    },
    "malignant_definition_used": [
        "MEL",
        "BCC",
        "AKIEC"
    ],
    "val_loss": 0.6014012899732343
}