{
    "overall": {
        "accuracy": 82.38341968911918,
        "balanced_multiclass_accuracy": 0.8245486221095977,
        "macro_recall": 0.8245486221095977,
        "macro_precision": 0.6650724054738844,
        "macro_f1": 0.705878293346324,
        "multiclass_macro_auc_ovr": 0.9630919091580443,
        "mean_auc_all_diagnoses": 0.9630919091580443,
        "mean_average_precision_all_diagnoses": 0.8124657007658822,
        "mean_sensitivity": 0.8245486221095977,
        "mean_specificity": 0.9700925776396474,
        "mean_accuracy": 0.9496669133974833,
        "mean_f1": 0.705878293346324,
        "mean_ppv": 0.6650724054738844,
        "mean_npv": 0.9569150954961506,
        "melanoma_auc80": 0.8790143964562569,
        "malignant_vs_benign_auc": 0.9168700427089689,
        "mcc": 0.7176067488958116,
        "cohen_kappa": 0.7101974120037098,
        "mean_youden_index": 0.7946411997492451
    },
    "per_class": {
        "MEL": {
            "sensitivity": 0.6666666666666666,
            "specificity": 0.9709302325581395,
            "accuracy": 0.9378238341968912,
            "auc": 0.9244186046511628,
            "average_precision": 0.6850349827004958,
            "f1_score": 0.7,
            "ppv": 0.7368421052631579,
            "npv": 0.9597701149425287,
            "auc80": 0.8790143964562569,
            "youden_index": 0.637596899224806
        },
        "NV": {
            "sensitivity": 0.8536585365853658,
            "specificity": 0.9714285714285714,
            "accuracy": 0.8963730569948186,
            "auc": 0.9694541231126597,
            "average_precision": 0.9841624008945924,
            "f1_score": 0.9130434782608695,
            "ppv": 0.9813084112149533,
            "npv": 0.7906976744186046,
            "auc80": NaN,
            "youden_index": 0.8250871080139373
        },
        "BCC": {
            "sensitivity": 0.9333333333333333,
            "specificity": 0.9606741573033708,
            "accuracy": 0.9585492227979274,
            "auc": 0.9820224719101123,
            "average_precision": 0.7465479309132559,
            "f1_score": 0.7777777777777778,
            "ppv": 0.6666666666666666,
            "npv": 0.9941860465116279,
            "auc80": NaN,
            "youden_index": 0.8940074906367041
        },
        "AKIEC": {
            "sensitivity": 0.5,
            "specificity": 0.9675675675675676,
            "accuracy": 0.9481865284974094,
            "auc": 0.9587837837837838,
            "average_precision": 0.4671835839598997,
            "f1_score": 0.4444444444444445,
            "ppv": 0.4,
            "npv": 0.9781420765027322,
            "auc80": NaN,
            "youden_index": 0.46756756756756745
        },
        "BKL": {
            "sensitivity": 0.8181818181818182,
            "specificity": 0.935672514619883,
            "accuracy": 0.9222797927461139,
            "auc": 0.9069643806485911,
            "average_precision": 0.8043310068929316,
            "f1_score": 0.7058823529411765,
            "ppv": 0.6206896551724138,
            "npv": 0.975609756097561,
            "auc80": NaN,
            "youden_index": 0.7538543328017013
        },
        "DF": {
            "sensitivity": 1.0,
            "specificity": 0.984375,
            "accuracy": 0.9844559585492227,
            "auc": 1.0,
            "average_precision": 1.0,
            "f1_score": 0.4,
            "ppv": 0.25,
            "npv": 1.0,
            "auc80": NaN,
            "youden_index": 0.984375
        },
        "VASC": {
            "sensitivity": 1.0,
            "specificity": 1.0,
            "accuracy": 1.0,
            "auc": 1.0,
            "average_precision": 1.0,
            "f1_score": 1.0,
            "ppv": 1.0,
            "npv": 1.0,
            "auc80": NaN,
            "youden_index": 1.0
        }
    },
    "malignant_definition_used": [
        "MEL",
        "BCC",
        "AKIEC"
    ],
    "val_loss": 1.0620479806099532
}