{
    "overall": {
        "accuracy": 87.04663212435233,
        "balanced_multiclass_accuracy": 0.7519544624945321,
        "macro_recall": 0.7519544624945321,
        "macro_precision": 0.6995620299401812,
        "macro_f1": 0.7230471513304674,
        "multiclass_macro_auc_ovr": 0.924650219049265,
        "mean_auc_all_diagnoses": 0.924650219049265,
        "mean_average_precision_all_diagnoses": 0.7471177819249933,
        "mean_sensitivity": 0.7519544624945321,
        "mean_specificity": 0.9770917519334424,
        "mean_accuracy": 0.9629903774981495,
        "mean_f1": 0.7230471513304675,
        "mean_ppv": 0.6995620299401812,
        "mean_npv": 0.9671054001308477,
        "melanoma_auc80": 0.9042081949058692,
        "malignant_vs_benign_auc": 0.9196156192800488,
        "mcc": 0.7848015110073058,
        "cohen_kappa": 0.7810699215027905,
        "mean_youden_index": 0.7290462144279747
    },
    "per_class": {
        "MEL": {
            "sensitivity": 0.8095238095238095,
            "specificity": 0.9534883720930233,
            "accuracy": 0.9378238341968912,
            "auc": 0.93687707641196,
            "average_precision": 0.7638996938034557,
            "f1_score": 0.7391304347826089,
            "ppv": 0.68,
            "npv": 0.9761904761904762,
            "auc80": 0.9042081949058692,
            "youden_index": 0.7630121816168329
        },
        "NV": {
            "sensitivity": 0.8943089430894309,
            "specificity": 0.9714285714285714,
            "accuracy": 0.9222797927461139,
            "auc": 0.9869918699186991,
            "average_precision": 0.9929049181584229,
            "f1_score": 0.9361702127659575,
            "ppv": 0.9821428571428571,
            "npv": 0.8395061728395061,
            "auc80": NaN,
            "youden_index": 0.8657375145180022
        },
        "BCC": {
            "sensitivity": 0.8666666666666667,
            "specificity": 0.9775280898876404,
            "accuracy": 0.9689119170984456,
            "auc": 0.9400749063670413,
            "average_precision": 0.8286326464873376,
            "f1_score": 0.8125,
            "ppv": 0.7647058823529411,
            "npv": 0.9886363636363636,
            "auc80": NaN,
            "youden_index": 0.8441947565543071
        },
        "AKIEC": {
            "sensitivity": 0.875,
            "specificity": 0.9891891891891892,
            "accuracy": 0.9844559585492227,
            "auc": 0.9337837837837838,
            "average_precision": 0.8050398789878987,
            "f1_score": 0.823529411764706,
            "ppv": 0.7777777777777778,
            "npv": 0.9945652173913043,
            "auc80": NaN,
            "youden_index": 0.8641891891891893
        },
        "BKL": {
            "sensitivity": 0.8181818181818182,
            "specificity": 0.9532163742690059,
            "accuracy": 0.9378238341968912,
            "auc": 0.9144072301967038,
            "average_precision": 0.8180707402931578,
            "f1_score": 0.7500000000000001,
            "ppv": 0.6923076923076923,
            "npv": 0.9760479041916168,
            "auc80": NaN,
            "youden_index": 0.7713981924508242
        },
        "DF": {
            "sensitivity": 0.0,
            "specificity": 0.9947916666666666,
            "accuracy": 0.9896373056994818,
            "auc": 0.7604166666666666,
            "average_precision": 0.02127659574468085,
            "f1_score": 0.0,
            "ppv": 0.0,
            "npv": 0.9947916666666666,
            "auc80": NaN,
            "youden_index": -0.00520833333333337
        },
        "VASC": {
            "sensitivity": 1.0,
            "specificity": 1.0,
            "accuracy": 1.0,
            "auc": 1.0,
            "average_precision": 1.0,
            "f1_score": 1.0,
            "ppv": 1.0,
            "npv": 1.0,
            "auc80": NaN,
            "youden_index": 1.0
        }
    },
    "malignant_definition_used": [
        "MEL",
        "BCC",
        "AKIEC"
    ],
    "val_loss": 1.1173491700325606
}