{
    "overall": {
        "accuracy": 74.09326424870466,
        "balanced_multiclass_accuracy": 0.8166006757470173,
        "macro_recall": 0.8166006757470173,
        "macro_precision": 0.5740410017711175,
        "macro_f1": 0.6224279145620513,
        "multiclass_macro_auc_ovr": 0.9670287988215179,
        "mean_auc_all_diagnoses": 0.9670287988215179,
        "mean_average_precision_all_diagnoses": 0.7780480374201962,
        "mean_sensitivity": 0.8166006757470173,
        "mean_specificity": 0.9588756571459852,
        "mean_accuracy": 0.9259807549962991,
        "mean_f1": 0.6224279145620512,
        "mean_ppv": 0.5740410017711175,
        "mean_npv": 0.9392874301746491,
        "melanoma_auc80": 0.7278516057585825,
        "malignant_vs_benign_auc": 0.927242220866382,
        "mcc": 0.632315388832258,
        "cohen_kappa": 0.6089476030311627,
        "mean_youden_index": 0.7754763328930024
    },
    "per_class": {
        "MEL": {
            "sensitivity": 0.6666666666666666,
            "specificity": 0.9127906976744186,
            "accuracy": 0.8860103626943006,
            "auc": 0.9031007751937985,
            "average_precision": 0.6768929337868674,
            "f1_score": 0.56,
            "ppv": 0.4827586206896552,
            "npv": 0.9573170731707317,
            "auc80": 0.7278516057585825,
            "youden_index": 0.5794573643410852
        },
        "NV": {
            "sensitivity": 0.7154471544715447,
            "specificity": 0.9857142857142858,
            "accuracy": 0.8134715025906736,
            "auc": 0.9642276422764227,
            "average_precision": 0.9814638594017496,
            "f1_score": 0.830188679245283,
            "ppv": 0.9887640449438202,
            "npv": 0.6634615384615384,
            "auc80": NaN,
            "youden_index": 0.7011614401858304
        },
        "BCC": {
            "sensitivity": 0.8,
            "specificity": 0.9550561797752809,
            "accuracy": 0.9430051813471503,
            "auc": 0.9816479400749063,
            "average_precision": 0.8305773051425226,
            "f1_score": 0.6857142857142857,
            "ppv": 0.6,
            "npv": 0.9826589595375722,
            "auc80": NaN,
            "youden_index": 0.7550561797752811
        },
        "AKIEC": {
            "sensitivity": 0.625,
            "specificity": 0.9783783783783784,
            "accuracy": 0.9637305699481865,
            "auc": 0.9432432432432433,
            "average_precision": 0.6241959937081888,
            "f1_score": 0.5882352941176471,
            "ppv": 0.5555555555555556,
            "npv": 0.9836956521739131,
            "auc80": NaN,
            "youden_index": 0.6033783783783784
        },
        "BKL": {
            "sensitivity": 0.9090909090909091,
            "specificity": 0.9532163742690059,
            "accuracy": 0.9481865284974094,
            "auc": 0.9821903242955875,
            "average_precision": 0.8332061699020455,
            "f1_score": 0.8,
            "ppv": 0.7142857142857143,
            "npv": 0.9878787878787879,
            "auc80": NaN,
            "youden_index": 0.862307283359915
        },
        "DF": {
            "sensitivity": 1.0,
            "specificity": 0.9375,
            "accuracy": 0.9378238341968912,
            "auc": 0.9947916666666666,
            "average_precision": 0.5,
            "f1_score": 0.14285714285714288,
            "ppv": 0.07692307692307693,
            "npv": 1.0,
            "auc80": NaN,
            "youden_index": 0.9375
        },
        "VASC": {
            "sensitivity": 1.0,
            "specificity": 0.9894736842105263,
            "accuracy": 0.9896373056994818,
            "auc": 1.0,
            "average_precision": 1.0,
            "f1_score": 0.7499999999999999,
            "ppv": 0.6,
            "npv": 1.0,
            "auc80": NaN,
            "youden_index": 0.9894736842105263
        }
    },
    "malignant_definition_used": [
        "MEL",
        "BCC",
        "AKIEC"
    ],
    "val_loss": 1.2006301200451628
}