{
    "epoch": 12,
    "num_classes": 7,
    "class_names": [
        "MEL",
        "NV",
        "BCC",
        "AKIEC",
        "BKL",
        "DF",
        "VASC"
    ],
    "per_class": {
        "MEL": {
            "fpr": [
                0.0,
                0.0,
                0.0,
                0.011627906976744186,
                0.011627906976744186,
                0.023255813953488372,
                0.023255813953488372,
                0.03488372093023256,
                0.03488372093023256,
                0.06395348837209303,
                0.06395348837209303,
                0.0755813953488372,
                0.0755813953488372,
                0.1744186046511628,
                0.1744186046511628,
                0.20930232558139536,
                0.20930232558139536,
                0.25,
                0.25,
                0.29651162790697677,
                0.29651162790697677,
                0.38372093023255816,
                0.38372093023255816,
                1.0
            ],
            "tpr": [
                0.0,
                0.047619047619047616,
                0.3333333333333333,
                0.3333333333333333,
                0.47619047619047616,
                0.47619047619047616,
                0.5714285714285714,
                0.5714285714285714,
                0.6190476190476191,
                0.6190476190476191,
                0.6666666666666666,
                0.6666666666666666,
                0.7619047619047619,
                0.7619047619047619,
                0.8095238095238095,
                0.8095238095238095,
                0.8571428571428571,
                0.8571428571428571,
                0.9047619047619048,
                0.9047619047619048,
                0.9523809523809523,
                0.9523809523809523,
                1.0,
                1.0
            ],
            "auc": 0.9216500553709857
        },
        "NV": {
            "fpr": [
                0.0,
                0.0,
                0.0,
                0.014285714285714285,
                0.014285714285714285,
                0.02857142857142857,
                0.02857142857142857,
                0.04285714285714286,
                0.04285714285714286,
                0.05714285714285714,
                0.05714285714285714,
                0.1,
                0.1,
                0.15714285714285714,
                0.15714285714285714,
                0.17142857142857143,
                0.17142857142857143,
                0.18571428571428572,
                0.18571428571428572,
                0.2714285714285714,
                0.2714285714285714,
                0.3142857142857143,
                0.3142857142857143,
                0.35714285714285715,
                0.35714285714285715,
                0.5714285714285714,
                0.5714285714285714,
                0.7,
                0.7,
                0.7571428571428571,
                0.7571428571428571,
                0.8714285714285714,
                0.8714285714285714,
                1.0
            ],
            "tpr": [
                0.0,
                0.008130081300813009,
                0.6422764227642277,
                0.6422764227642277,
                0.7398373983739838,
                0.7398373983739838,
                0.7642276422764228,
                0.7642276422764228,
                0.7804878048780488,
                0.7804878048780488,
                0.8617886178861789,
                0.8617886178861789,
                0.8861788617886179,
                0.8861788617886179,
                0.9024390243902439,
                0.9024390243902439,
                0.926829268292683,
                0.926829268292683,
                0.9349593495934959,
                0.9349593495934959,
                0.943089430894309,
                0.943089430894309,
                0.959349593495935,
                0.959349593495935,
                0.967479674796748,
                0.967479674796748,
                0.975609756097561,
                0.975609756097561,
                0.983739837398374,
                0.983739837398374,
                0.991869918699187,
                0.991869918699187,
                1.0,
                1.0
            ],
            "auc": 0.9480836236933798
        },
        "BCC": {
            "fpr": [
                0.0,
                0.0,
                0.0,
                0.011235955056179775,
                0.011235955056179775,
                0.016853932584269662,
                0.016853932584269662,
                0.05056179775280899,
                0.05056179775280899,
                0.056179775280898875,
                0.056179775280898875,
                0.2752808988764045,
                0.2752808988764045,
                1.0
            ],
            "tpr": [
                0.0,
                0.06666666666666667,
                0.6,
                0.6,
                0.7333333333333333,
                0.7333333333333333,
                0.8,
                0.8,
                0.8666666666666667,
                0.8666666666666667,
                0.9333333333333333,
                0.9333333333333333,
                1.0,
                1.0
            ],
            "auc": 0.9719101123595506
        },
        "AKIEC": {
            "fpr": [
                0.0,
                0.005405405405405406,
                0.010810810810810811,
                0.010810810810810811,
                0.07567567567567568,
                0.07567567567567568,
                0.08648648648648649,
                0.08648648648648649,
                0.0918918918918919,
                0.0918918918918919,
                0.14054054054054055,
                0.14054054054054055,
                0.2810810810810811,
                0.2810810810810811,
                1.0
            ],
            "tpr": [
                0.0,
                0.0,
                0.0,
                0.125,
                0.125,
                0.25,
                0.25,
                0.5,
                0.5,
                0.75,
                0.75,
                0.875,
                0.875,
                1.0,
                1.0
            ],
            "auc": 0.8918918918918919
        },
        "BKL": {
            "fpr": [
                0.0,
                0.0,
                0.005847953216374269,
                0.005847953216374269,
                0.011695906432748537,
                0.011695906432748537,
                0.023391812865497075,
                0.023391812865497075,
                0.03508771929824561,
                0.03508771929824561,
                0.04093567251461988,
                0.04093567251461988,
                0.05847953216374269,
                0.05847953216374269,
                0.08771929824561403,
                0.08771929824561403,
                0.10526315789473684,
                0.10526315789473684,
                0.12280701754385964,
                0.12280701754385964,
                0.13450292397660818,
                0.13450292397660818,
                0.14619883040935672,
                0.14619883040935672,
                0.15204678362573099,
                0.15204678362573099,
                0.1695906432748538,
                0.1695906432748538,
                0.17543859649122806,
                0.17543859649122806,
                0.21052631578947367,
                0.21052631578947367,
                0.2631578947368421,
                0.2631578947368421,
                0.26900584795321636,
                0.26900584795321636,
                1.0
            ],