{
    "epoch": 60,
    "num_classes": 7,
    "class_names": [
        "MEL",
        "NV",
        "BCC",
        "AKIEC",
        "BKL",
        "DF",
        "VASC"
    ],
    "per_class": {
        "MEL": {
            "fpr": [
                0.0,
                0.0,
                0.0,
                0.005813953488372093,
                0.005813953488372093,
                0.011627906976744186,
                0.011627906976744186,
                0.023255813953488372,
                0.023255813953488372,
                0.03488372093023256,
                0.03488372093023256,
                0.05813953488372093,
                0.05813953488372093,
                0.11627906976744186,
                0.11627906976744186,
                0.13372093023255813,
                0.13372093023255813,
                0.14534883720930233,
                0.14534883720930233,
                0.1686046511627907,
                0.1686046511627907,
                0.18604651162790697,
                0.18604651162790697,
                0.36046511627906974,
                0.36046511627906974,
                1.0
            ],
            "tpr": [
                0.0,
                0.047619047619047616,
                0.42857142857142855,
                0.42857142857142855,
                0.47619047619047616,
                0.47619047619047616,
                0.5238095238095238,
                0.5238095238095238,
                0.5714285714285714,
                0.5714285714285714,
                0.6666666666666666,
                0.6666666666666666,
                0.7142857142857143,
                0.7142857142857143,
                0.7619047619047619,
                0.7619047619047619,
                0.8095238095238095,
                0.8095238095238095,
                0.8571428571428571,
                0.8571428571428571,
                0.9047619047619048,
                0.9047619047619048,
                0.9523809523809523,
                0.9523809523809523,
                1.0,
                1.0
            ],
            "auc": 0.9390919158361019
        },
        "NV": {
            "fpr": [
                0.0,
                0.0,
                0.0,
                0.0,
                0.0,
                0.014285714285714285,
                0.014285714285714285,
                0.02857142857142857,
                0.02857142857142857,
                0.04285714285714286,
                0.04285714285714286,
                0.07142857142857142,
                0.07142857142857142,
                0.12857142857142856,
                0.12857142857142856,
                0.14285714285714285,
                0.14285714285714285,
                0.15714285714285714,
                0.15714285714285714,
                0.18571428571428572,
                0.18571428571428572,
                0.2,
                0.2,
                0.24285714285714285,
                0.24285714285714285,
                0.2714285714285714,
                0.2714285714285714,
                0.5142857142857142,
                0.5142857142857142,
                0.5428571428571428,
                0.5428571428571428,
                0.6,
                0.6,
                0.7714285714285715,
                0.7714285714285715,
                1.0
            ],
            "tpr": [
                0.0,
                0.008130081300813009,
                0.08943089430894309,
                0.10569105691056911,
                0.6178861788617886,
                0.6178861788617886,
                0.6829268292682927,
                0.6829268292682927,
                0.7723577235772358,
                0.7723577235772358,
                0.8292682926829268,
                0.8292682926829268,
                0.8699186991869918,
                0.8699186991869918,
                0.8780487804878049,
                0.8780487804878049,
                0.9024390243902439,
                0.9024390243902439,
                0.926829268292683,
                0.926829268292683,
                0.943089430894309,
                0.943089430894309,
                0.9512195121951219,
                0.9512195121951219,
                0.959349593495935,
                0.959349593495935,
                0.967479674796748,
                0.967479674796748,
                0.975609756097561,
                0.975609756097561,
                0.983739837398374,
                0.983739837398374,
                0.991869918699187,
                0.991869918699187,
                1.0,
                1.0
            ],
            "auc": 0.954239256678281
        },
        "BCC": {
            "fpr": [
                0.0,
                0.0056179775280898875,
                0.0056179775280898875,
                0.011235955056179775,
                0.011235955056179775,
                0.016853932584269662,
                0.016853932584269662,
                0.033707865168539325,
                0.033707865168539325,
                0.06741573033707865,
                0.06741573033707865,
                0.10112359550561797,
                0.10112359550561797,
                0.10674157303370786,
                0.10674157303370786,
                0.11235955056179775,
                0.11235955056179775,
                1.0
            ],
            "tpr": [
                0.0,
                0.0,
                0.3333333333333333,
                0.3333333333333333,
                0.4666666666666667,
                0.4666666666666667,
                0.6666666666666666,
                0.6666666666666666,
                0.7333333333333333,
                0.7333333333333333,
                0.8,
                0.8,
                0.8666666666666667,
                0.8666666666666667,
                0.9333333333333333,
                0.9333333333333333,
                1.0,
                1.0
            ],
            "auc": 0.9651685393258427
        },
        "AKIEC": {
            "fpr": [
                0.0,
                0.0,
                0.016216216216216217,
                0.016216216216216217,
                0.02702702702702703,
                0.02702702702702703,
                0.043243243243243246,
                0.043243243243243246,
                0.06486486486486487,
                0.06486486486486487,
                0.0918918918918919,
                0.0918918918918919,
                0.1783783783783784,
                0.1783783783783784,
                0.31891891891891894,
                0.31891891891891894,
                1.0
            ],
            "tpr": [
                0.0,
                0.125,
                0.125,
                0.25,
                0.25,
                0.375,
                0.375,
                0.5,
                0.5,
                0.625,
                0.625,
                0.75,
                0.75,
                0.875,
                0.875,
                1.0,
                1.0
            ],
            "auc": 0.9074324324324323
        },