{
    "epoch": 1,
    "num_classes": 7,
    "class_names": [
        "MEL",
        "NV",
        "BCC",
        "AKIEC",
        "BKL",
        "DF",
        "VASC"
    ],
    "per_class": {
        "MEL": {
            "fpr": [
                0.0,
                0.0,
                0.01744186046511628,
                0.01744186046511628,
                0.023255813953488372,
                0.023255813953488372,
                0.046511627906976744,
                0.046511627906976744,
                0.0872093023255814,
                0.0872093023255814,
                0.09302325581395349,
                0.09302325581395349,
                0.09883720930232558,
                0.09883720930232558,
                0.14534883720930233,
                0.14534883720930233,
                0.20930232558139536,
                0.20930232558139536,
                0.23255813953488372,
                0.23255813953488372,
                0.2616279069767442,
                0.2616279069767442,
                0.27906976744186046,
                0.27906976744186046,
                0.29069767441860467,
                0.29069767441860467,
                0.3081395348837209,
                0.3081395348837209,
                0.4418604651162791,
                0.4418604651162791,
                0.47674418604651164,
                0.47674418604651164,
                0.6686046511627907,
                0.6686046511627907,
                1.0
            ],
            "tpr": [
                0.0,
                0.047619047619047616,
                0.047619047619047616,
                0.14285714285714285,
                0.14285714285714285,
                0.23809523809523808,
                0.23809523809523808,
                0.3333333333333333,
                0.3333333333333333,
                0.38095238095238093,
                0.38095238095238093,
                0.42857142857142855,
                0.42857142857142855,
                0.47619047619047616,
                0.47619047619047616,
                0.5238095238095238,
                0.5238095238095238,
                0.5714285714285714,
                0.5714285714285714,
                0.6190476190476191,
                0.6190476190476191,
                0.7142857142857143,
                0.7142857142857143,
                0.7619047619047619,
                0.7619047619047619,
                0.8095238095238095,
                0.8095238095238095,
                0.8571428571428571,
                0.8571428571428571,
                0.9047619047619048,
                0.9047619047619048,
                0.9523809523809523,
                0.9523809523809523,
                1.0,
                1.0
            ],
            "auc": 0.8081395348837208
        },
        "NV": {
            "fpr": [
                0.0,
                0.0,
                0.0,
                0.014285714285714285,
                0.014285714285714285,
                0.02857142857142857,
                0.02857142857142857,
                0.07142857142857142,
                0.07142857142857142,
                0.1,
                0.1,
                0.11428571428571428,
                0.11428571428571428,
                0.12857142857142856,
                0.12857142857142856,
                0.14285714285714285,
                0.14285714285714285,
                0.17142857142857143,
                0.17142857142857143,
                0.2571428571428571,
                0.2571428571428571,
                0.2714285714285714,
                0.2714285714285714,
                0.2857142857142857,
                0.2857142857142857,
                0.3,
                0.3,
                0.32857142857142857,
                0.32857142857142857,
                0.35714285714285715,
                0.35714285714285715,
                0.37142857142857144,
                0.37142857142857144,
                0.38571428571428573,
                0.38571428571428573,
                0.45714285714285713,
                0.45714285714285713,
                0.5428571428571428,
                0.5428571428571428,
                0.6857142857142857,
                0.6857142857142857,
                0.7571428571428571,
                0.7571428571428571,
                0.8,
                0.8,
                0.8285714285714286,
                0.8285714285714286,
                0.8714285714285714,
                0.8714285714285714,
                0.9714285714285714,
                0.9714285714285714,
                1.0
            ],
            "tpr": [
                0.0,
                0.008130081300813009,
                0.6016260162601627,
                0.6016260162601627,
                0.6097560975609756,
                0.6097560975609756,
                0.6178861788617886,
                0.6178861788617886,
                0.6666666666666666,
                0.6666666666666666,
                0.6747967479674797,
                0.6747967479674797,
                0.6991869918699187,
                0.6991869918699187,
                0.7560975609756098,
                0.7560975609756098,
                0.7723577235772358,
                0.7723577235772358,
                0.7886178861788617,
                0.7886178861788617,
                0.7967479674796748,
                0.7967479674796748,
                0.8048780487804879,
                0.8048780487804879,
                0.8130081300813008,
                0.8130081300813008,
                0.8211382113821138,
                0.8211382113821138,
                0.8536585365853658,
                0.8536585365853658,
                0.8617886178861789,
                0.8617886178861789,
                0.8699186991869918,
                0.8699186991869918,
                0.8943089430894309,
                0.8943089430894309,
                0.9024390243902439,
                0.9024390243902439,
                0.943089430894309,
                0.943089430894309,
                0.959349593495935,
                0.959349593495935,
                0.967479674796748,
                0.967479674796748,
                0.975609756097561,
                0.975609756097561,
                0.983739837398374,
                0.983739837398374,
                0.991869918699187,
                0.991869918699187,
                1.0,
                1.0
            ],
            "auc": 0.8737514518002323
        },
        "BCC": {
            "fpr": [
                0.0,
                0.0,
                0.0,
                0.0056179775280898875,
                0.0056179775280898875,
                0.011235955056179775,
                0.011235955056179775,
                0.016853932584269662,
                0.016853932584269662,
                0.028089887640449437,
                0.028089887640449437,
                0.06179775280898876,
                0.06179775280898876,
                0.07303370786516854,
                0.07303370786516854,
                0.11235955056179775,
                0.11235955056179775,
                0.4157303370786517,
                0.4157303370786517,
                0.6404494382022472,
                0.6404494382022472,
                1.0
            ],