{
    "epoch": 6,
    "num_classes": 7,
    "class_names": [
        "MEL",
        "NV",
        "BCC",
        "AKIEC",
        "BKL",
        "DF",
        "VASC"
    ],
    "per_class": {
        "MEL": {
            "fpr": [
                0.0,
                0.0,
                0.0,
                0.005813953488372093,
                0.005813953488372093,
                0.011627906976744186,
                0.011627906976744186,
                0.023255813953488372,
                0.023255813953488372,
                0.029069767441860465,
                0.029069767441860465,
                0.03488372093023256,
                0.03488372093023256,
                0.046511627906976744,
                0.046511627906976744,
                0.06395348837209303,
                0.06395348837209303,
                0.0755813953488372,
                0.0755813953488372,
                0.0872093023255814,
                0.0872093023255814,
                0.20930232558139536,
                0.20930232558139536,
                0.22093023255813954,
                0.22093023255813954,
                0.37790697674418605,
                0.37790697674418605,
                0.5116279069767442,
                0.5116279069767442,
                1.0
            ],
            "tpr": [
                0.0,
                0.047619047619047616,
                0.19047619047619047,
                0.19047619047619047,
                0.3333333333333333,
                0.3333333333333333,
                0.38095238095238093,
                0.38095238095238093,
                0.42857142857142855,
                0.42857142857142855,
                0.47619047619047616,
                0.47619047619047616,
                0.5714285714285714,
                0.5714285714285714,
                0.6666666666666666,
                0.6666666666666666,
                0.7142857142857143,
                0.7142857142857143,
                0.7619047619047619,
                0.7619047619047619,
                0.8095238095238095,
                0.8095238095238095,
                0.8571428571428571,
                0.8571428571428571,
                0.9047619047619048,
                0.9047619047619048,
                0.9523809523809523,
                0.9523809523809523,
                1.0,
                1.0
            ],
            "auc": 0.9147286821705427
        },
        "NV": {
            "fpr": [
                0.0,
                0.0,
                0.0,
                0.02857142857142857,
                0.02857142857142857,
                0.04285714285714286,
                0.04285714285714286,
                0.05714285714285714,
                0.05714285714285714,
                0.07142857142857142,
                0.07142857142857142,
                0.08571428571428572,
                0.08571428571428572,
                0.11428571428571428,
                0.11428571428571428,
                0.15714285714285714,
                0.15714285714285714,
                0.18571428571428572,
                0.18571428571428572,
                0.37142857142857144,
                0.37142857142857144,
                0.44285714285714284,
                0.44285714285714284,
                0.4857142857142857,
                0.4857142857142857,
                0.6142857142857143,
                0.6142857142857143,
                0.8714285714285714,
                0.8714285714285714,
                0.9428571428571428,
                0.9428571428571428,
                1.0
            ],
            "tpr": [
                0.0,
                0.008130081300813009,
                0.7642276422764228,
                0.7642276422764228,
                0.8130081300813008,
                0.8130081300813008,
                0.8536585365853658,
                0.8536585365853658,
                0.8699186991869918,
                0.8699186991869918,
                0.8943089430894309,
                0.8943089430894309,
                0.9105691056910569,
                0.9105691056910569,
                0.9186991869918699,
                0.9186991869918699,
                0.943089430894309,
                0.943089430894309,
                0.9512195121951219,
                0.9512195121951219,
                0.959349593495935,
                0.959349593495935,
                0.967479674796748,
                0.967479674796748,
                0.975609756097561,
                0.975609756097561,
                0.983739837398374,
                0.983739837398374,
                0.991869918699187,
                0.991869918699187,
                1.0,
                1.0
            ],
            "auc": 0.9562137049941928
        },
        "BCC": {
            "fpr": [
                0.0,
                0.0,
                0.0,
                0.016853932584269662,
                0.016853932584269662,
                0.02247191011235955,
                0.02247191011235955,
                0.1404494382022472,
                0.1404494382022472,
                0.2696629213483146,
                0.2696629213483146,
                1.0
            ],
            "tpr": [
                0.0,
                0.06666666666666667,
                0.5333333333333333,
                0.5333333333333333,
                0.6,
                0.6,
                0.8666666666666667,
                0.8666666666666667,
                0.9333333333333333,
                0.9333333333333333,
                1.0,
                1.0
            ],
            "auc": 0.9655430711610486
        },
        "AKIEC": {
            "fpr": [
                0.0,
                0.0,
                0.032432432432432434,
                0.032432432432432434,
                0.04864864864864865,
                0.04864864864864865,
                0.06486486486486487,
                0.06486486486486487,
                0.08108108108108109,
                0.08108108108108109,
                0.13513513513513514,
                0.13513513513513514,
                0.1945945945945946,
                0.1945945945945946,
                0.24864864864864866,
                0.24864864864864866,
                1.0
            ],
            "tpr": [
                0.0,
                0.125,
                0.125,
                0.25,
                0.25,
                0.375,
                0.375,
                0.5,
                0.5,
                0.625,
                0.625,
                0.75,
                0.75,
                0.875,
                0.875,
                1.0,
                1.0
            ],
            "auc": 0.8993243243243243
        },
        "BKL": {
            "fpr": [
                0.0,
                0.005847953216374269,
                0.005847953216374269,
                0.011695906432748537,
                0.011695906432748537,
                0.023391812865497075,
                0.023391812865497075,
                0.05847953216374269,
                0.05847953216374269,
                0.07602339181286549,
                0.07602339181286549,
                0.11695906432748537,
                0.11695906432748537,
                0.12280701754385964,
                0.12280701754385964,
                0.1286549707602339,
                0.1286549707602339,
                0.13450292397660818,
                0.13450292397660818,
                0.16374269005847952,
                0.16374269005847952,
                0.18128654970760233,
                0.18128654970760233,
                0.19298245614035087,
                0.19298245614035087,
                0.21637426900584794,
                0.21637426900584794,
                0.2631578947368421,
                0.2631578947368421,
                1.0
            ],