{
    "epoch": 85,
    "num_classes": 7,
    "class_names": [
        "MEL",
        "NV",
        "BCC",
        "AKIEC",
        "BKL",
        "DF",
        "VASC"
    ],
    "per_class": {
        "MEL": {
            "fpr": [
                0.0,
                0.0,
                0.0,
                0.09302325581395349,
                0.09302325581395349,
                0.12209302325581395,
                0.12209302325581395,
                0.13953488372093023,
                0.13953488372093023,
                0.14534883720930233,
                0.14534883720930233,
                0.1569767441860465,
                0.1569767441860465,
                0.18023255813953487,
                0.18023255813953487,
                0.18604651162790697,
                0.18604651162790697,
                0.436046511627907,
                0.436046511627907,
                1.0
            ],
            "tpr": [
                0.0,
                0.047619047619047616,
                0.5714285714285714,
                0.5714285714285714,
                0.6190476190476191,
                0.6190476190476191,
                0.6666666666666666,
                0.6666666666666666,
                0.7142857142857143,
                0.7142857142857143,
                0.8095238095238095,
                0.8095238095238095,
                0.8571428571428571,
                0.8571428571428571,
                0.9047619047619048,
                0.9047619047619048,
                0.9523809523809523,
                0.9523809523809523,
                1.0,
                1.0
            ],
            "auc": 0.9235880398671097
        },
        "NV": {
            "fpr": [
                0.0,
                0.0,
                0.0,
                0.0,
                0.0,
                0.014285714285714285,
                0.014285714285714285,
                0.04285714285714286,
                0.04285714285714286,
                0.07142857142857142,
                0.07142857142857142,
                0.11428571428571428,
                0.11428571428571428,
                0.12857142857142856,
                0.12857142857142856,
                0.14285714285714285,
                0.14285714285714285,
                0.18571428571428572,
                0.18571428571428572,
                0.21428571428571427,
                0.21428571428571427,
                0.2571428571428571,
                0.2571428571428571,
                0.5142857142857142,
                0.5142857142857142,
                0.6285714285714286,
                0.6285714285714286,
                0.6571428571428571,
                0.6571428571428571,
                0.7142857142857143,
                0.7142857142857143,
                1.0
            ],
            "tpr": [
                0.0,
                0.008130081300813009,
                0.5121951219512195,
                0.5284552845528455,
                0.5447154471544715,
                0.5447154471544715,
                0.7479674796747967,
                0.7479674796747967,
                0.8211382113821138,
                0.8211382113821138,
                0.8455284552845529,
                0.8455284552845529,
                0.8943089430894309,
                0.8943089430894309,
                0.9105691056910569,
                0.9105691056910569,
                0.943089430894309,
                0.943089430894309,
                0.9512195121951219,
                0.9512195121951219,
                0.959349593495935,
                0.959349593495935,
                0.967479674796748,
                0.967479674796748,
                0.975609756097561,
                0.975609756097561,
                0.983739837398374,
                0.983739837398374,
                0.991869918699187,
                0.991869918699187,
                1.0,
                1.0
            ],
            "auc": 0.9541231126596981
        },
        "BCC": {
            "fpr": [
                0.0,
                0.0056179775280898875,
                0.0056179775280898875,
                0.011235955056179775,
                0.011235955056179775,
                0.016853932584269662,
                0.016853932584269662,
                0.03932584269662921,
                0.03932584269662921,
                0.10112359550561797,
                0.10112359550561797,
                0.11797752808988764,
                0.11797752808988764,
                1.0
            ],
            "tpr": [
                0.0,
                0.0,
                0.3333333333333333,
                0.3333333333333333,
                0.4666666666666667,
                0.4666666666666667,
                0.6,
                0.6,
                0.7333333333333333,
                0.7333333333333333,
                0.8,
                0.8,
                1.0,
                1.0
            ],
            "auc": 0.9588014981273408
        },
        "AKIEC": {
            "fpr": [
                0.0,
                0.005405405405405406,
                0.005405405405405406,
                0.016216216216216217,
                0.016216216216216217,
                0.04864864864864865,
                0.04864864864864865,
                0.10270270270270271,
                0.10270270270270271,
                0.16756756756756758,
                0.16756756756756758,
                0.3783783783783784,
                0.3783783783783784,
                1.0
            ],
            "tpr": [
                0.0,
                0.0,
                0.125,
                0.125,
                0.375,
                0.375,
                0.625,
                0.625,
                0.75,
                0.75,
                0.875,
                0.875,
                1.0,
                1.0
            ],
            "auc": 0.902027027027027
        },
        "BKL": {
            "fpr": [
                0.0,
                0.0,
                0.0,
                0.011695906432748537,
                0.011695906432748537,
                0.017543859649122806,
                0.017543859649122806,
                0.029239766081871343,
                0.029239766081871343,
                0.03508771929824561,
                0.03508771929824561,
                0.04678362573099415,
                0.04678362573099415,
                0.05847953216374269,
                0.05847953216374269,
                0.07017543859649122,
                0.07017543859649122,
                0.10526315789473684,
                0.10526315789473684,
                0.11695906432748537,
                0.11695906432748537,
                0.16374269005847952,
                0.16374269005847952,
                0.3391812865497076,
                0.3391812865497076,
                0.3508771929824561,
                0.3508771929824561,
                1.0
            ],
            "tpr": [
                0.0,
                0.045454545454545456,
                0.09090909090909091,
                0.09090909090909091,
                0.13636363636363635,
                0.13636363636363635,
                0.36363636363636365,
                0.36363636363636365,
                0.5454545454545454,
                0.5454545454545454,
                0.5909090909090909,
                0.5909090909090909,
                0.6363636363636364,
                0.6363636363636364,
                0.7272727272727273,
                0.7272727272727273,
                0.7727272727272727,
                0.7727272727272727,
                0.8181818181818182,
                0.8181818181818182,
                0.8636363636363636,
                0.8636363636363636,
                0.9090909090909091,
                0.9090909090909091,
                0.9545454545454546,
                0.9545454545454546,
                1.0,
                1.0
            ],