output_path,true_label_name,nearest_wrong_class_name,plain_prompt,suffixed_prompt,source_a_image_path,source_b_image_path,source_a_sample_id,source_b_sample_id,source_a_margin,source_b_margin,circle_lambda,theta,seed,num_inference_steps,guidance_scale,split_ratio,batch_size,latent_noise_std
experiments\sd_lora_ici_outputs\AKIEC\AKIEC_near_BCC_0000.png,AKIEC,BCC,a dermoscopic image of actinic keratosis or intraepithelial carcinoma,a dermoscopic image of actinic keratosis or intraepithelial carcinoma,dataset\ISIC2018_Task3_Training_Input\ISIC_0026100.jpg,dataset\ISIC2018_Task3_Training_Input\ISIC_0025247.jpg,ISIC_0026100,ISIC_0025247,0.1488124132156372,-0.0299782752990722,3.6914458752516315,1.5738027095794678,42,100,5.0,0.3,32,0.0
experiments\sd_lora_ici_outputs\AKIEC\AKIEC_near_BCC_0001.png,AKIEC,BCC,a dermoscopic image of actinic keratosis or intraepithelial carcinoma,a dermoscopic image of actinic keratosis or intraepithelial carcinoma,dataset\ISIC2018_Task3_Training_Input\ISIC_0032203.jpg,dataset\ISIC2018_Task3_Training_Input\ISIC_0031692.jpg,ISIC_0032203,ISIC_0031692,-0.1576224565505981,0.1920420527458191,0.4700117239827929,1.5505255460739136,42,100,5.0,0.3,32,0.0
experiments\sd_lora_ici_outputs\AKIEC\AKIEC_near_BCC_0002.png,AKIEC,BCC,a dermoscopic image of actinic keratosis or intraepithelial carcinoma,a dermoscopic image of actinic keratosis or intraepithelial carcinoma,dataset\ISIC2018_Task3_Training_Input\ISIC_0029043.jpg,dataset\ISIC2018_Task3_Training_Input\ISIC_0033869.jpg,ISIC_0029043,ISIC_0033869,0.0253339409828186,0.0143100619316101,2.452731032471923,1.5685267448425293,42,100,5.0,0.3,32,0.0
experiments\sd_lora_ici_outputs\AKIEC\AKIEC_near_BCC_0003.png,AKIEC,BCC,a dermoscopic image of actinic keratosis or intraepithelial carcinoma,a dermoscopic image of actinic keratosis or intraepithelial carcinoma,dataset\ISIC2018_Task3_Training_Input\ISIC_0027294.jpg,dataset\ISIC2018_Task3_Training_Input\ISIC_0028132.jpg,ISIC_0027294,ISIC_0028132,0.0116270780563354,-0.023166000843048,0.223633293801004,1.546080231666565,42,100,5.0,0.3,32,0.0
experiments\sd_lora_ici_outputs\AKIEC\AKIEC_near_BCC_0004.png,AKIEC,BCC,a dermoscopic image of actinic keratosis or intraepithelial carcinoma,a dermoscopic image of actinic keratosis or intraepithelial carcinoma,dataset\ISIC2018_Task3_Training_Input\ISIC_0031692.jpg,dataset\ISIC2018_Task3_Training_Input\ISIC_0024517.jpg,ISIC_0031692,ISIC_0024517,0.1920420527458191,-0.0374742150306701,2.6652480687213873,1.5702483654022217,42,100,5.0,0.3,32,0.0
experiments\sd_lora_ici_outputs\AKIEC\AKIEC_near_BCC_0005.png,AKIEC,BCC,a dermoscopic image of actinic keratosis or intraepithelial carcinoma,a dermoscopic image of actinic keratosis or intraepithelial carcinoma,dataset\ISIC2018_Task3_Training_Input\ISIC_0032014.jpg,dataset\ISIC2018_Task3_Training_Input\ISIC_0031692.jpg,ISIC_0032014,ISIC_0031692,0.1522223949432373,0.1920420527458191,2.6500122096156122,1.5602437257766724,42,100,5.0,0.3,32,0.0
experiments\sd_lora_ici_outputs\AKIEC\AKIEC_near_BCC_0006.png,AKIEC,BCC,a dermoscopic image of actinic keratosis or intraepithelial carcinoma,a dermoscopic image of actinic keratosis or intraepithelial carcinoma,dataset\ISIC2018_Task3_Training_Input\ISIC_0029860.jpg,dataset\ISIC2018_Task3_Training_Input\ISIC_0029371.jpg,ISIC_0029860,ISIC_0029371,0.139904499053955,-0.0456832647323608,0.7101669290363712,1.554023027420044,42,100,5.0,0.3,32,0.0
experiments\sd_lora_ici_outputs\AKIEC\AKIEC_near_BCC_0007.png,AKIEC,BCC,a dermoscopic image of actinic keratosis or intraepithelial carcinoma,a dermoscopic image of actinic keratosis or intraepithelial carcinoma,dataset\ISIC2018_Task3_Training_Input\ISIC_0029598.jpg,dataset\ISIC2018_Task3_Training_Input\ISIC_0029210.jpg,ISIC_0029598,ISIC_0029210,0.1429506540298462,0.1033224463462829,0.05121857125120795,1.5536623001098633,42,100,5.0,0.3,32,0.0
experiments\sd_lora_ici_outputs\AKIEC\AKIEC_near_BCC_0008.png,AKIEC,BCC,a dermoscopic image of actinic keratosis or intraepithelial carcinoma,a dermoscopic image of actinic keratosis or intraepithelial carcinoma,dataset\ISIC2018_Task3_Training_Input\ISIC_0024925.jpg,dataset\ISIC2018_Task3_Training_Input\ISIC_0032203.jpg,ISIC_0024925,ISIC_0032203,-0.1204268932342529,-0.1576224565505981,0.5613976773025785,1.5356799364089966,42,100,5.0,0.3,32,0.0
experiments\sd_lora_ici_outputs\AKIEC\AKIEC_near_BCC_0009.png,AKIEC,BCC,a dermoscopic image of actinic keratosis or intraepithelial carcinoma,a dermoscopic image of actinic keratosis or intraepithelial carcinoma,dataset\ISIC2018_Task3_Training_Input\ISIC_0029371.jpg,dataset\ISIC2018_Task3_Training_Input\ISIC_0026927.jpg,ISIC_0029371,ISIC_0026927,-0.0456832647323608,0.0063186883926391,0.04510956256347893,1.580993890762329,42,100,5.0,0.3,32,0.0
experiments\sd_lora_ici_outputs\AKIEC\AKIEC_near_BCC_0010.png,AKIEC,BCC,a dermoscopic image of actinic keratosis or intraepithelial carcinoma,a dermoscopic image of actinic keratosis or intraepithelial carcinoma,dataset\ISIC2018_Task3_Training_Input\ISIC_0027294.jpg,dataset\ISIC2018_Task3_Training_Input\ISIC_0024463.jpg,ISIC_0027294,ISIC_0024463,0.0116270780563354,0.1320632100105285,1.998182324498968,1.5609458684921265,42,100,5.0,0.3,32,0.0
experiments\sd_lora_ici_outputs\AKIEC\AKIEC_near_BCC_0011.png,AKIEC,BCC,a dermoscopic image of actinic keratosis or intraepithelial carcinoma,a dermoscopic image of actinic keratosis or intraepithelial carcinoma,dataset\ISIC2018_Task3_Training_Input\ISIC_0031119.jpg,dataset\ISIC2018_Task3_Training_Input\ISIC_0032203.jpg,ISIC_0031119,ISIC_0032203,0.1431421637535095,-0.1576224565505981,1.3965511201982383,1.5598516464233398,42,100,5.0,0.3,32,0.0
experiments\sd_lora_ici_outputs\AKIEC\AKIEC_near_BCC_0012.png,AKIEC,BCC,a dermoscopic image of actinic keratosis or intraepithelial carcinoma,a dermoscopic image of actinic keratosis or intraepithelial carcinoma,dataset\ISIC2018_Task3_Training_Input\ISIC_0030344.jpg,dataset\ISIC2018_Task3_Training_Input\ISIC_0029362.jpg,ISIC_0030344,ISIC_0029362,0.1411114931106567,-0.0072032213211059,2.089187681208927,1.555536150932312,42,100,5.0,0.3,32,0.0
experiments\sd_lora_ici_outputs\AKIEC\AKIEC_near_BCC_0013.png,AKIEC,BCC,a dermoscopic image of actinic keratosis or intraepithelial carcinoma,a dermoscopic image of actinic keratosis or intraepithelial carcinoma,dataset\ISIC2018_Task3_Training_Input\ISIC_0030591.jpg,dataset\ISIC2018_Task3_Training_Input\ISIC_0030825.jpg,ISIC_0030591,ISIC_0030825,0.1811317205429077,0.1497039198875427,3.3252115465051855,1.5541757345199585,42,100,5.0,0.3,32,0.0
experiments\sd_lora_ici_outputs\AKIEC\AKIEC_near_BCC_0014.png,AKIEC,BCC,a dermoscopic image of actinic keratosis or intraepithelial carcinoma,a dermoscopic image of actinic keratosis or intraepithelial carcinoma,dataset\ISIC2018_Task3_Training_Input\ISIC_0029462.jpg,dataset\ISIC2018_Task3_Training_Input\ISIC_0029860.jpg,ISIC_0029462,ISIC_0029860,0.1659523248672485,0.139904499053955,1.0647804994148427,1.52979576587677,42,100,5.0,0.3,32,0.0
experiments\sd_lora_ici_outputs\AKIEC\AKIEC_near_BCC_0015.png,AKIEC,BCC,a dermoscopic image of actinic keratosis or intraepithelial carcinoma,a dermoscopic image of actinic keratosis or intraepithelial carcinoma,dataset\ISIC2018_Task3_Training_Input\ISIC_0030375.jpg,dataset\ISIC2018_Task3_Training_Input\ISIC_0027294.jpg,ISIC_0030375,ISIC_0027294,0.1022112369537353,0.0116270780563354,1.4836239380328748,1.5748765468597412,42,100,5.0,0.3,32,0.0
experiments\sd_lora_ici_outputs\AKIEC\AKIEC_near_BCC_0016.png,AKIEC,BCC,a dermoscopic image of actinic keratosis or intraepithelial carcinoma,a dermoscopic image of actinic keratosis or intraepithelial carcinoma,dataset\ISIC2018_Task3_Training_Input\ISIC_0028763.jpg,dataset\ISIC2018_Task3_Training_Input\ISIC_0029598.jpg,ISIC_0028763,ISIC_0029598,0.1211702227592468,0.1429506540298462,2.9895890777838496,1.5757964849472046,42,100,5.0,0.3,32,0.0
experiments\sd_lora_ici_outputs\AKIEC\AKIEC_near_BCC_0017.png,AKIEC,BCC,a dermoscopic image of actinic keratosis or intraepithelial carcinoma,a dermoscopic image of actinic keratosis or intraepithelial carcinoma,dataset\ISIC2018_Task3_Training_Input\ISIC_0029043.jpg,dataset\ISIC2018_Task3_Training_Input\ISIC_0025471.jpg,ISIC_0029043,ISIC_0025471,0.0253339409828186,-0.2212377786636352,3.535201855537551,1.5524181127548218,42,100,5.0,0.3,32,0.0
experiments\sd_lora_ici_outputs\AKIEC\AKIEC_near_BCC_0018.png,AKIEC,BCC,a dermoscopic image of actinic keratosis or intraepithelial carcinoma,a dermoscopic image of actinic keratosis or intraepithelial carcinoma,dataset\ISIC2018_Task3_Training_Input\ISIC_0029500.jpg,dataset\ISIC2018_Task3_Training_Input\ISIC_0026132.jpg,ISIC_0029500,ISIC_0026132,0.2070955038070678,-0.0213268995285034,2.9478863125670234,1.5621944665908813,42,100,5.0,0.3,32,0.0
experiments\sd_lora_ici_outputs\AKIEC\AKIEC_near_BCC_0019.png,AKIEC,BCC,a dermoscopic image of actinic keratosis or intraepithelial carcinoma,a dermoscopic image of actinic keratosis or intraepithelial carcinoma,dataset\ISIC2018_Task3_Training_Input\ISIC_0029462.jpg,dataset\ISIC2018_Task3_Training_Input\ISIC_0029210.jpg,ISIC_0029462,ISIC_0029210,0.1659523248672485,0.1033224463462829,0.48051696297962965,1.5436962842941284,42,100,5.0,0.3,32,0.0
experiments\sd_lora_ici_outputs\AKIEC\AKIEC_near_BCC_0020.png,AKIEC,BCC,a dermoscopic image of actinic keratosis or intraepithelial carcinoma,a dermoscopic image of actinic keratosis or intraepithelial carcinoma,dataset\ISIC2018_Task3_Training_Input\ISIC_0030191.jpg,dataset\ISIC2018_Task3_Training_Input\ISIC_0029043.jpg,ISIC_0030191,ISIC_0029043,0.0600736141204834,0.0253339409828186,3.6037193024675647,1.5689963102340698,42,100,5.0,0.3,32,0.0
experiments\sd_lora_ici_outputs\AKIEC\AKIEC_near_BCC_0021.png,AKIEC,BCC,a dermoscopic image of actinic keratosis or intraepithelial carcinoma,a dermoscopic image of actinic keratosis or intraepithelial carcinoma,dataset\ISIC2018_Task3_Training_Input\ISIC_0031506.jpg,dataset\ISIC2018_Task3_Training_Input\ISIC_0026927.jpg,ISIC_0031506,ISIC_0026927,-0.0216168165206909,0.0063186883926391,1.3326555375848095,1.579505205154419,42,100,5.0,0.3,32,0.0
experiments\sd_lora_ici_outputs\AKIEC\AKIEC_near_BCC_0022.png,AKIEC,BCC,a dermoscopic image of actinic keratosis or intraepithelial carcinoma,a dermoscopic image of actinic keratosis or intraepithelial carcinoma,dataset\ISIC2018_Task3_Training_Input\ISIC_0029500.jpg,dataset\ISIC2018_Task3_Training_Input\ISIC_0030191.jpg,ISIC_0029500,ISIC_0030191,0.2070955038070678,0.0600736141204834,1.7181225552917871,1.5700427293777466,42,100,5.0,0.3,32,0.0
experiments\sd_lora_ici_outputs\AKIEC\AKIEC_near_BCC_0023.png,AKIEC,BCC,a dermoscopic image of actinic keratosis or intraepithelial carcinoma,a dermoscopic image of actinic keratosis or intraepithelial carcinoma,dataset\ISIC2018_Task3_Training_Input\ISIC_0024517.jpg,dataset\ISIC2018_Task3_Training_Input\ISIC_0029371.jpg,ISIC_0024517,ISIC_0029371,-0.0374742150306701,-0.0456832647323608,2.0869450241049536,1.577172875404358,42,100,5.0,0.3,32,0.0
experiments\sd_lora_ici_outputs\AKIEC\AKIEC_near_BCC_0024.png,AKIEC,BCC,a dermoscopic image of actinic keratosis or intraepithelial carcinoma,a dermoscopic image of actinic keratosis or intraepithelial carcinoma,dataset\ISIC2018_Task3_Training_Input\ISIC_0025319.jpg,dataset\ISIC2018_Task3_Training_Input\ISIC_0024517.jpg,ISIC_0025319,ISIC_0024517,0.0815405249595642,-0.0374742150306701,1.0564989731706675,1.5638078451156616,42,100,5.0,0.3,32,0.0
experiments\sd_lora_ici_outputs\AKIEC\AKIEC_near_BCC_0025.png,AKIEC,BCC,a dermoscopic image of actinic keratosis or intraepithelial carcinoma,a dermoscopic image of actinic keratosis or intraepithelial carcinoma,dataset\ISIC2018_Task3_Training_Input\ISIC_0026981.jpg,dataset\ISIC2018_Task3_Training_Input\ISIC_0031119.jpg,ISIC_0026981,ISIC_0031119,0.0609974265098571,0.1431421637535095,3.8370625517886765,1.5966441631317139,42,100,5.0,0.3,32,0.0
experiments\sd_lora_ici_outputs\AKIEC\AKIEC_near_BCC_0026.png,AKIEC,BCC,a dermoscopic image of actinic keratosis or intraepithelial carcinoma,a dermoscopic image of actinic keratosis or intraepithelial carcinoma,dataset\ISIC2018_Task3_Training_Input\ISIC_0030785.jpg,dataset\ISIC2018_Task3_Training_Input\ISIC_0024925.jpg,ISIC_0030785,ISIC_0024925,0.019788920879364,-0.1204268932342529,2.5298502701751433,1.5585527420043945,42,100,5.0,0.3,32,0.0
experiments\sd_lora_ici_outputs\AKIEC\AKIEC_near_BCC_0027.png,AKIEC,BCC,a dermoscopic image of actinic keratosis or intraepithelial carcinoma,a dermoscopic image of actinic keratosis or intraepithelial carcinoma,dataset\ISIC2018_Task3_Training_Input\ISIC_0026178.jpg,dataset\ISIC2018_Task3_Training_Input\ISIC_0032356.jpg,ISIC_0026178,ISIC_0032356,0.1864398717880249,0.123156726360321,1.9370750602034057,1.609326958656311,42,100,5.0,0.3,32,0.0
experiments\sd_lora_ici_outputs\AKIEC\AKIEC_near_BCC_0028.png,AKIEC,BCC,a dermoscopic image of actinic keratosis or intraepithelial carcinoma,a dermoscopic image of actinic keratosis or intraepithelial carcinoma,dataset\ISIC2018_Task3_Training_Input\ISIC_0029860.jpg,dataset\ISIC2018_Task3_Training_Input\ISIC_0025247.jpg,ISIC_0029860,ISIC_0025247,0.139904499053955,-0.0299782752990722,2.061500397682157,1.5567967891693115,42,100,5.0,0.3,32,0.0
experiments\sd_lora_ici_outputs\AKIEC\AKIEC_near_BCC_0029.png,AKIEC,BCC,a dermoscopic image of actinic keratosis or intraepithelial carcinoma,a dermoscopic image of actinic keratosis or intraepithelial carcinoma,dataset\ISIC2018_Task3_Training_Input\ISIC_0025319.jpg,dataset\ISIC2018_Task3_Training_Input\ISIC_0029371.jpg,ISIC_0025319,ISIC_0029371,0.0815405249595642,-0.0456832647323608,0.2228365101141652,1.5631828308105469,42,100,5.0,0.3,32,0.0
experiments\sd_lora_ici_outputs\AKIEC\AKIEC_near_BCC_0030.png,AKIEC,BCC,a dermoscopic image of actinic keratosis or intraepithelial carcinoma,a dermoscopic image of actinic keratosis or intraepithelial carcinoma,dataset\ISIC2018_Task3_Training_Input\ISIC_0030344.jpg,dataset\ISIC2018_Task3_Training_Input\ISIC_0026327.jpg,ISIC_0030344,ISIC_0026327,0.1411114931106567,0.0399073958396911,3.5467090901930285,1.5224019289016724,42,100,5.0,0.3,32,0.0
experiments\sd_lora_ici_outputs\AKIEC\AKIEC_near_BCC_0031.png,AKIEC,BCC,a dermoscopic image of actinic keratosis or intraepithelial carcinoma,a dermoscopic image of actinic keratosis or intraepithelial carcinoma,dataset\ISIC2018_Task3_Training_Input\ISIC_0026100.jpg,dataset\ISIC2018_Task3_Training_Input\ISIC_0024468.jpg,ISIC_0026100,ISIC_0024468,0.1488124132156372,0.1467359066009521,0.6651571076456814,1.5763895511627197,42,100,5.0,0.3,32,0.0
experiments\sd_lora_ici_outputs\AKIEC\AKIEC_near_BCC_0032.png,AKIEC,BCC,a dermoscopic image of actinic keratosis or intraepithelial carcinoma,a dermoscopic image of actinic keratosis or intraepithelial carcinoma,dataset\ISIC2018_Task3_Training_Input\ISIC_0029567.jpg,dataset\ISIC2018_Task3_Training_Input\ISIC_0024771.jpg,ISIC_0029567,ISIC_0024771,0.0811739563941955,0.1413256525993347,0.6309752715136758,1.5664762258529663,42,100,5.0,0.3,32,0.0
experiments\sd_lora_ici_outputs\AKIEC\AKIEC_near_BCC_0033.png,AKIEC,BCC,a dermoscopic image of actinic keratosis or intraepithelial carcinoma,a dermoscopic image of actinic keratosis or intraepithelial carcinoma,dataset\ISIC2018_Task3_Training_Input\ISIC_0029362.jpg,dataset\ISIC2018_Task3_Training_Input\ISIC_0030591.jpg,ISIC_0029362,ISIC_0030591,-0.0072032213211059,0.1811317205429077,3.0798084869552165,1.5776854753494263,42,100,5.0,0.3,32,0.0
experiments\sd_lora_ici_outputs\AKIEC\AKIEC_near_BCC_0034.png,AKIEC,BCC,a dermoscopic image of actinic keratosis or intraepithelial carcinoma,a dermoscopic image of actinic keratosis or intraepithelial carcinoma,dataset\ISIC2018_Task3_Training_Input\ISIC_0024710.jpg,dataset\ISIC2018_Task3_Training_Input\ISIC_0024925.jpg,ISIC_0024710,ISIC_0024925,-0.1000921726226806,-0.1204268932342529,3.600577022656329,1.5605427026748657,42,100,5.0,0.3,32,0.0
experiments\sd_lora_ici_outputs\AKIEC\AKIEC_near_BCC_0035.png,AKIEC,BCC,a dermoscopic image of actinic keratosis or intraepithelial carcinoma,a dermoscopic image of actinic keratosis or intraepithelial carcinoma,dataset\ISIC2018_Task3_Training_Input\ISIC_0030158.jpg,dataset\ISIC2018_Task3_Training_Input\ISIC_0027294.jpg,ISIC_0030158,ISIC_0027294,0.1506812572479248,0.0116270780563354,2.784911414319054,1.520918607711792,42,100,5.0,0.3,32,0.0
experiments\sd_lora_ici_outputs\AKIEC\AKIEC_near_BCC_0036.png,AKIEC,BCC,a dermoscopic image of actinic keratosis or intraepithelial carcinoma,a dermoscopic image of actinic keratosis or intraepithelial carcinoma,dataset\ISIC2018_Task3_Training_Input\ISIC_0026765.jpg,dataset\ISIC2018_Task3_Training_Input\ISIC_0026327.jpg,ISIC_0026765,ISIC_0026327,0.2073043584823608,0.0399073958396911,0.465365239670234,1.5571906566619873,42,100,5.0,0.3,32,0.0
experiments\sd_lora_ici_outputs\AKIEC\AKIEC_near_BCC_0037.png,AKIEC,BCC,a dermoscopic image of actinic keratosis or intraepithelial carcinoma,a dermoscopic image of actinic keratosis or intraepithelial carcinoma,dataset\ISIC2018_Task3_Training_Input\ISIC_0029371.jpg,dataset\ISIC2018_Task3_Training_Input\ISIC_0027294.jpg,ISIC_0029371,ISIC_0027294,-0.0456832647323608,0.0116270780563354,2.973279665144377,1.5654288530349731,42,100,5.0,0.3,32,0.0
experiments\sd_lora_ici_outputs\AKIEC\AKIEC_near_BCC_0038.png,AKIEC,BCC,a dermoscopic image of actinic keratosis or intraepithelial carcinoma,a dermoscopic image of actinic keratosis or intraepithelial carcinoma,dataset\ISIC2018_Task3_Training_Input\ISIC_0024517.jpg,dataset\ISIC2018_Task3_Training_Input\ISIC_0025319.jpg,ISIC_0024517,ISIC_0025319,-0.0374742150306701,0.0815405249595642,0.010319937590337613,1.5638078451156616,42,100,5.0,0.3,32,0.0
experiments\sd_lora_ici_outputs\AKIEC\AKIEC_near_BCC_0039.png,AKIEC,BCC,a dermoscopic image of actinic keratosis or intraepithelial carcinoma,a dermoscopic image of actinic keratosis or intraepithelial carcinoma,dataset\ISIC2018_Task3_Training_Input\ISIC_0029043.jpg,dataset\ISIC2018_Task3_Training_Input\ISIC_0032356.jpg,ISIC_0029043,ISIC_0032356,0.0253339409828186,0.123156726360321,3.469495140450911,1.5550683736801147,42,100,5.0,0.3,32,0.0
experiments\sd_lora_ici_outputs\AKIEC\AKIEC_near_BCC_0040.png,AKIEC,BCC,a dermoscopic image of actinic keratosis or intraepithelial carcinoma,a dermoscopic image of actinic keratosis or intraepithelial carcinoma,dataset\ISIC2018_Task3_Training_Input\ISIC_0026100.jpg,dataset\ISIC2018_Task3_Training_Input\ISIC_0029567.jpg,ISIC_0026100,ISIC_0029567,0.1488124132156372,0.0811739563941955,0.05048059822911007,1.5294636487960815,42,100,5.0,0.3,32,0.0
experiments\sd_lora_ici_outputs\AKIEC\AKIEC_near_BCC_0041.png,AKIEC,BCC,a dermoscopic image of actinic keratosis or intraepithelial carcinoma,a dermoscopic image of actinic keratosis or intraepithelial carcinoma,dataset\ISIC2018_Task3_Training_Input\ISIC_0026132.jpg,dataset\ISIC2018_Task3_Training_Input\ISIC_0029567.jpg,ISIC_0026132,ISIC_0029567,-0.0213268995285034,0.0811739563941955,0.18347094569789318,1.5746933221817017,42,100,5.0,0.3,32,0.0
experiments\sd_lora_ici_outputs\AKIEC\AKIEC_near_BCC_0042.png,AKIEC,BCC,a dermoscopic image of actinic keratosis or intraepithelial carcinoma,a dermoscopic image of actinic keratosis or intraepithelial carcinoma,dataset\ISIC2018_Task3_Training_Input\ISIC_0026981.jpg,dataset\ISIC2018_Task3_Training_Input\ISIC_0026927.jpg,ISIC_0026981,ISIC_0026927,0.0609974265098571,0.0063186883926391,1.4458462011686921,1.5817254781723022,42,100,5.0,0.3,32,0.0
experiments\sd_lora_ici_outputs\AKIEC\AKIEC_near_BCC_0043.png,AKIEC,BCC,a dermoscopic image of actinic keratosis or intraepithelial carcinoma,a dermoscopic image of actinic keratosis or intraepithelial carcinoma,dataset\ISIC2018_Task3_Training_Input\ISIC_0030158.jpg,dataset\ISIC2018_Task3_Training_Input\ISIC_0029043.jpg,ISIC_0030158,ISIC_0029043,0.1506812572479248,0.0253339409828186,3.7323272850044127,1.5491551160812378,42,100,5.0,0.3,32,0.0
experiments\sd_lora_ici_outputs\AKIEC\AKIEC_near_BCC_0044.png,AKIEC,BCC,a dermoscopic image of actinic keratosis or intraepithelial carcinoma,a dermoscopic image of actinic keratosis or intraepithelial carcinoma,dataset\ISIC2018_Task3_Training_Input\ISIC_0029462.jpg,dataset\ISIC2018_Task3_Training_Input\ISIC_0032014.jpg,ISIC_0029462,ISIC_0032014,0.1659523248672485,0.1522223949432373,0.71049569200267,1.5826200246810913,42,100,5.0,0.3,32,0.0
experiments\sd_lora_ici_outputs\AKIEC\AKIEC_near_BCC_0045.png,AKIEC,BCC,a dermoscopic image of actinic keratosis or intraepithelial carcinoma,a dermoscopic image of actinic keratosis or intraepithelial carcinoma,dataset\ISIC2018_Task3_Training_Input\ISIC_0030825.jpg,dataset\ISIC2018_Task3_Training_Input\ISIC_0024710.jpg,ISIC_0030825,ISIC_0024710,0.1497039198875427,-0.1000921726226806,3.7724301560798654,1.5995014905929565,42,100,5.0,0.3,32,0.0
experiments\sd_lora_ici_outputs\AKIEC\AKIEC_near_BCC_0046.png,AKIEC,BCC,a dermoscopic image of actinic keratosis or intraepithelial carcinoma,a dermoscopic image of actinic keratosis or intraepithelial carcinoma,dataset\ISIC2018_Task3_Training_Input\ISIC_0031119.jpg,dataset\ISIC2018_Task3_Training_Input\ISIC_0026100.jpg,ISIC_0031119,ISIC_0026100,0.1431421637535095,0.1488124132156372,0.14140649395727098,1.5713273286819458,42,100,5.0,0.3,32,0.0
experiments\sd_lora_ici_outputs\AKIEC\AKIEC_near_BCC_0047.png,AKIEC,BCC,a dermoscopic image of actinic keratosis or intraepithelial carcinoma,a dermoscopic image of actinic keratosis or intraepithelial carcinoma,dataset\ISIC2018_Task3_Training_Input\ISIC_0026132.jpg,dataset\ISIC2018_Task3_Training_Input\ISIC_0029860.jpg,ISIC_0026132,ISIC_0029860,-0.0213268995285034,0.139904499053955,3.261805068476998,1.5470340251922607,42,100,5.0,0.3,32,0.0
experiments\sd_lora_ici_outputs\AKIEC\AKIEC_near_BCC_0048.png,AKIEC,BCC,a dermoscopic image of actinic keratosis or intraepithelial carcinoma,a dermoscopic image of actinic keratosis or intraepithelial carcinoma,dataset\ISIC2018_Task3_Training_Input\ISIC_0026178.jpg,dataset\ISIC2018_Task3_Training_Input\ISIC_0033869.jpg,ISIC_0026178,ISIC_0033869,0.1864398717880249,0.0143100619316101,2.894610582531824,1.5498889684677124,42,100,5.0,0.3,32,0.0
experiments\sd_lora_ici_outputs\AKIEC\AKIEC_near_BCC_0049.png,AKIEC,BCC,a dermoscopic image of actinic keratosis or intraepithelial carcinoma,a dermoscopic image of actinic keratosis or intraepithelial carcinoma,dataset\ISIC2018_Task3_Training_Input\ISIC_0026132.jpg,dataset\ISIC2018_Task3_Training_Input\ISIC_0032356.jpg,ISIC_0026132,ISIC_0032356,-0.0213268995285034,0.123156726360321,2.5733726080286843,1.6009750366210938,42,100,5.0,0.3,32,0.0
experiments\sd_lora_ici_outputs\AKIEC\AKIEC_near_BKL_0000.png,AKIEC,BKL,a dermoscopic image of actinic keratosis or intraepithelial carcinoma,a dermoscopic image of actinic keratosis or intraepithelial carcinoma,dataset\ISIC2018_Task3_Training_Input\ISIC_0029549.jpg,dataset\ISIC2018_Task3_Training_Input\ISIC_0025831.jpg,ISIC_0029549,ISIC_0025831,0.0713007450103759,0.0390840172767639,0.9013606844528044,1.5650464296340942,42,100,5.0,0.3,32,0.0
experiments\sd_lora_ici_outputs\AKIEC\AKIEC_near_BKL_0001.png,AKIEC,BKL,a dermoscopic image of actinic keratosis or intraepithelial carcinoma,a dermoscopic image of actinic keratosis or intraepithelial carcinoma,dataset\ISIC2018_Task3_Training_Input\ISIC_0027829.jpg,dataset\ISIC2018_Task3_Training_Input\ISIC_0033151.jpg,ISIC_0027829,ISIC_0033151,0.1515987515449524,0.1745763421058654,0.9987839212435237,1.5617828369140625,42,100,5.0,0.3,32,0.0
experiments\sd_lora_ici_outputs\AKIEC\AKIEC_near_BKL_0002.png,AKIEC,BKL,a dermoscopic image of actinic keratosis or intraepithelial carcinoma,a dermoscopic image of actinic keratosis or intraepithelial carcinoma,dataset\ISIC2018_Task3_Training_Input\ISIC_0025605.jpg,dataset\ISIC2018_Task3_Training_Input\ISIC_0031421.jpg,ISIC_0025605,ISIC_0031421,0.1126009821891784,0.0170081853866577,3.6629374893826054,1.5710028409957886,42,100,5.0,0.3,32,0.0
experiments\sd_lora_ici_outputs\AKIEC\AKIEC_near_BKL_0003.png,AKIEC,BKL,a dermoscopic image of actinic keratosis or intraepithelial carcinoma,a dermoscopic image of actinic keratosis or intraepithelial carcinoma,dataset\ISIC2018_Task3_Training_Input\ISIC_0025029.jpg,dataset\ISIC2018_Task3_Training_Input\ISIC_0033550.jpg,ISIC_0025029,ISIC_0033550,0.173271358013153,0.0520735383033752,1.2648769948080612,1.5892547369003296,42,100,5.0,0.3,32,0.0
experiments\sd_lora_ici_outputs\AKIEC\AKIEC_near_BKL_0004.png,AKIEC,BKL,a dermoscopic image of actinic keratosis or intraepithelial carcinoma,a dermoscopic image of actinic keratosis or intraepithelial carcinoma,dataset\ISIC2018_Task3_Training_Input\ISIC_0031431.jpg,dataset\ISIC2018_Task3_Training_Input\ISIC_0029141.jpg,ISIC_0031431,ISIC_0029141,0.1976091265678405,-0.1673445701599121,3.3546389659534106,1.5470792055130005,42,100,5.0,0.3,32,0.0
experiments\sd_lora_ici_outputs\AKIEC\AKIEC_near_BKL_0005.png,AKIEC,BKL,a dermoscopic image of actinic keratosis or intraepithelial carcinoma,a dermoscopic image of actinic keratosis or intraepithelial carcinoma,dataset\ISIC2018_Task3_Training_Input\ISIC_0031421.jpg,dataset\ISIC2018_Task3_Training_Input\ISIC_0031430.jpg,ISIC_0031421,ISIC_0031430,0.0170081853866577,-0.1798157095909118,2.2880352610761974,1.56949782371521,42,100,5.0,0.3,32,0.0
experiments\sd_lora_ici_outputs\AKIEC\AKIEC_near_BKL_0006.png,AKIEC,BKL,a dermoscopic image of actinic keratosis or intraepithelial carcinoma,a dermoscopic image of actinic keratosis or intraepithelial carcinoma,dataset\ISIC2018_Task3_Training_Input\ISIC_0033550.jpg,dataset\ISIC2018_Task3_Training_Input\ISIC_0030586.jpg,ISIC_0033550,ISIC_0030586,0.0520735383033752,0.0763680934906005,0.46962350991317053,1.597488522529602,42,100,5.0,0.3,32,0.0
experiments\sd_lora_ici_outputs\AKIEC\AKIEC_near_BKL_0007.png,AKIEC,BKL,a dermoscopic image of actinic keratosis or intraepithelial carcinoma,a dermoscopic image of actinic keratosis or intraepithelial carcinoma,dataset\ISIC2018_Task3_Training_Input\ISIC_0025831.jpg,dataset\ISIC2018_Task3_Training_Input\ISIC_0030387.jpg,ISIC_0025831,ISIC_0030387,0.0390840172767639,-0.1534929275512695,2.688292130780642,1.5737241506576538,42,100,5.0,0.3,32,0.0
experiments\sd_lora_ici_outputs\AKIEC\AKIEC_near_BKL_0008.png,AKIEC,BKL,a dermoscopic image of actinic keratosis or intraepithelial carcinoma,a dermoscopic image of actinic keratosis or intraepithelial carcinoma,dataset\ISIC2018_Task3_Training_Input\ISIC_0029059.jpg,dataset\ISIC2018_Task3_Training_Input\ISIC_0033295.jpg,ISIC_0029059,ISIC_0033295,0.0154550671577453,0.1173486709594726,0.21155187749899945,1.5643863677978516,42,100,5.0,0.3,32,0.0
experiments\sd_lora_ici_outputs\AKIEC\AKIEC_near_BKL_0009.png,AKIEC,BKL,a dermoscopic image of actinic keratosis or intraepithelial carcinoma,a dermoscopic image of actinic keratosis or intraepithelial carcinoma,dataset\ISIC2018_Task3_Training_Input\ISIC_0030076.jpg,dataset\ISIC2018_Task3_Training_Input\ISIC_0033550.jpg,ISIC_0030076,ISIC_0033550,0.1834827065467834,0.0520735383033752,0.889922840287308,1.575769305229187,42,100,5.0,0.3,32,0.0
experiments\sd_lora_ici_outputs\AKIEC\AKIEC_near_BKL_0010.png,AKIEC,BKL,a dermoscopic image of actinic keratosis or intraepithelial carcinoma,a dermoscopic image of actinic keratosis or intraepithelial carcinoma,dataset\ISIC2018_Task3_Training_Input\ISIC_0029059.jpg,dataset\ISIC2018_Task3_Training_Input\ISIC_0025089.jpg,ISIC_0029059,ISIC_0025089,0.0154550671577453,0.1562238931655883,2.0657785545163594,1.5687569379806519,42,100,5.0,0.3,32,0.0
experiments\sd_lora_ici_outputs\AKIEC\AKIEC_near_BKL_0011.png,AKIEC,BKL,a dermoscopic image of actinic keratosis or intraepithelial carcinoma,a dermoscopic image of actinic keratosis or intraepithelial carcinoma,dataset\ISIC2018_Task3_Training_Input\ISIC_0027700.jpg,dataset\ISIC2018_Task3_Training_Input\ISIC_0030586.jpg,ISIC_0027700,ISIC_0030586,0.0943682193756103,0.0763680934906005,0.18603972546477168,1.5511627197265625,42,100,5.0,0.3,32,0.0
experiments\sd_lora_ici_outputs\AKIEC\AKIEC_near_BKL_0012.png,AKIEC,BKL,a dermoscopic image of actinic keratosis or intraepithelial carcinoma,a dermoscopic image of actinic keratosis or intraepithelial carcinoma,dataset\ISIC2018_Task3_Training_Input\ISIC_0025089.jpg,dataset\ISIC2018_Task3_Training_Input\ISIC_0026362.jpg,ISIC_0025089,ISIC_0026362,0.1562238931655883,0.0886078476905822,1.6016531533176752,1.5728031396865845,42,100,5.0,0.3,32,0.0
experiments\sd_lora_ici_outputs\AKIEC\AKIEC_near_BKL_0013.png,AKIEC,BKL,a dermoscopic image of actinic keratosis or intraepithelial carcinoma,a dermoscopic image of actinic keratosis or intraepithelial carcinoma,dataset\ISIC2018_Task3_Training_Input\ISIC_0032154.jpg,dataset\ISIC2018_Task3_Training_Input\ISIC_0025637.jpg,ISIC_0032154,ISIC_0025637,-0.0314634442329406,0.0323743820190429,3.505976764817169,1.57168710231781,42,100,5.0,0.3,32,0.0
experiments\sd_lora_ici_outputs\AKIEC\AKIEC_near_BKL_0014.png,AKIEC,BKL,a dermoscopic image of actinic keratosis or intraepithelial carcinoma,a dermoscopic image of actinic keratosis or intraepithelial carcinoma,dataset\ISIC2018_Task3_Training_Input\ISIC_0026040.jpg,dataset\ISIC2018_Task3_Training_Input\ISIC_0028730.jpg,ISIC_0026040,ISIC_0028730,-0.0392892360687255,0.0292937755584716,3.4592738984543785,1.5730009078979492,42,100,5.0,0.3,32,0.0
experiments\sd_lora_ici_outputs\AKIEC\AKIEC_near_BKL_0015.png,AKIEC,BKL,a dermoscopic image of actinic keratosis or intraepithelial carcinoma,a dermoscopic image of actinic keratosis or intraepithelial carcinoma,dataset\ISIC2018_Task3_Training_Input\ISIC_0025331.jpg,dataset\ISIC2018_Task3_Training_Input\ISIC_0025605.jpg,ISIC_0025331,ISIC_0025605,0.188069462776184,0.1126009821891784,3.0620168308214875,1.5872598886489868,42,100,5.0,0.3,32,0.0
experiments\sd_lora_ici_outputs\AKIEC\AKIEC_near_BKL_0016.png,AKIEC,BKL,a dermoscopic image of actinic keratosis or intraepithelial carcinoma,a dermoscopic image of actinic keratosis or intraepithelial carcinoma,dataset\ISIC2018_Task3_Training_Input\ISIC_0027577.jpg,dataset\ISIC2018_Task3_Training_Input\ISIC_0025637.jpg,ISIC_0027577,ISIC_0025637,0.0988398194313049,0.0323743820190429,1.2471856682287539,1.5652614831924438,42,100,5.0,0.3,32,0.0
experiments\sd_lora_ici_outputs\AKIEC\AKIEC_near_BKL_0017.png,AKIEC,BKL,a dermoscopic image of actinic keratosis or intraepithelial carcinoma,a dermoscopic image of actinic keratosis or intraepithelial carcinoma,dataset\ISIC2018_Task3_Training_Input\ISIC_0025331.jpg,dataset\ISIC2018_Task3_Training_Input\ISIC_0024800.jpg,ISIC_0025331,ISIC_0024800,0.188069462776184,0.120974063873291,0.3417927290785855,1.5880274772644043,42,100,5.0,0.3,32,0.0
experiments\sd_lora_ici_outputs\AKIEC\AKIEC_near_BKL_0018.png,AKIEC,BKL,a dermoscopic image of actinic keratosis or intraepithelial carcinoma,a dermoscopic image of actinic keratosis or intraepithelial carcinoma,dataset\ISIC2018_Task3_Training_Input\ISIC_0027303.jpg,dataset\ISIC2018_Task3_Training_Input\ISIC_0024800.jpg,ISIC_0027303,ISIC_0024800,0.0839883685111999,0.120974063873291,1.8656694730915095,1.538225769996643,42,100,5.0,0.3,32,0.0
experiments\sd_lora_ici_outputs\AKIEC\AKIEC_near_BKL_0019.png,AKIEC,BKL,a dermoscopic image of actinic keratosis or intraepithelial carcinoma,a dermoscopic image of actinic keratosis or intraepithelial carcinoma,dataset\ISIC2018_Task3_Training_Input\ISIC_0030586.jpg,dataset\ISIC2018_Task3_Training_Input\ISIC_0025350.jpg,ISIC_0030586,ISIC_0025350,0.0763680934906005,0.0602281093597412,1.5459853312570422,1.4993600845336914,42,100,5.0,0.3,32,0.0
experiments\sd_lora_ici_outputs\AKIEC\AKIEC_near_BKL_0020.png,AKIEC,BKL,a dermoscopic image of actinic keratosis or intraepithelial carcinoma,a dermoscopic image of actinic keratosis or intraepithelial carcinoma,dataset\ISIC2018_Task3_Training_Input\ISIC_0031421.jpg,dataset\ISIC2018_Task3_Training_Input\ISIC_0026040.jpg,ISIC_0031421,ISIC_0026040,0.0170081853866577,-0.0392892360687255,1.1530412631904179,1.588968276977539,42,100,5.0,0.3,32,0.0
experiments\sd_lora_ici_outputs\AKIEC\AKIEC_near_BKL_0021.png,AKIEC,BKL,a dermoscopic image of actinic keratosis or intraepithelial carcinoma,a dermoscopic image of actinic keratosis or intraepithelial carcinoma,dataset\ISIC2018_Task3_Training_Input\ISIC_0031672.jpg,dataset\ISIC2018_Task3_Training_Input\ISIC_0027700.jpg,ISIC_0031672,ISIC_0027700,0.095337688922882,0.0943682193756103,3.155212590264393,1.562241554260254,42,100,5.0,0.3,32,0.0
experiments\sd_lora_ici_outputs\AKIEC\AKIEC_near_BKL_0022.png,AKIEC,BKL,a dermoscopic image of actinic keratosis or intraepithelial carcinoma,a dermoscopic image of actinic keratosis or intraepithelial carcinoma,dataset\ISIC2018_Task3_Training_Input\ISIC_0024654.jpg,dataset\ISIC2018_Task3_Training_Input\ISIC_0028076.jpg,ISIC_0024654,ISIC_0028076,-0.1185101866722107,0.1907749772071838,3.0396537571930122,1.5287573337554932,42,100,5.0,0.3,32,0.0
experiments\sd_lora_ici_outputs\AKIEC\AKIEC_near_BKL_0023.png,AKIEC,BKL,a dermoscopic image of actinic keratosis or intraepithelial carcinoma,a dermoscopic image of actinic keratosis or intraepithelial carcinoma,dataset\ISIC2018_Task3_Training_Input\ISIC_0029141.jpg,dataset\ISIC2018_Task3_Training_Input\ISIC_0027047.jpg,ISIC_0029141,ISIC_0027047,-0.1673445701599121,-0.048313021659851,0.9683140448732476,1.5740762948989868,42,100,5.0,0.3,32,0.0
experiments\sd_lora_ici_outputs\AKIEC\AKIEC_near_BKL_0024.png,AKIEC,BKL,a dermoscopic image of actinic keratosis or intraepithelial carcinoma,a dermoscopic image of actinic keratosis or intraepithelial carcinoma,dataset\ISIC2018_Task3_Training_Input\ISIC_0032154.jpg,dataset\ISIC2018_Task3_Training_Input\ISIC_0027829.jpg,ISIC_0032154,ISIC_0027829,-0.0314634442329406,0.1515987515449524,1.4908744738976378,1.552063226699829,42,100,5.0,0.3,32,0.0
experiments\sd_lora_ici_outputs\AKIEC\AKIEC_near_BKL_0025.png,AKIEC,BKL,a dermoscopic image of actinic keratosis or intraepithelial carcinoma,a dermoscopic image of actinic keratosis or intraepithelial carcinoma,dataset\ISIC2018_Task3_Training_Input\ISIC_0028499.jpg,dataset\ISIC2018_Task3_Training_Input\ISIC_0025029.jpg,ISIC_0028499,ISIC_0025029,-0.0235331654548645,0.173271358013153,3.902497644175382,1.5647318363189697,42,100,5.0,0.3,32,0.0
experiments\sd_lora_ici_outputs\AKIEC\AKIEC_near_BKL_0026.png,AKIEC,BKL,a dermoscopic image of actinic keratosis or intraepithelial carcinoma,a dermoscopic image of actinic keratosis or intraepithelial carcinoma,dataset\ISIC2018_Task3_Training_Input\ISIC_0027303.jpg,dataset\ISIC2018_Task3_Training_Input\ISIC_0025539.jpg,ISIC_0027303,ISIC_0025539,0.0839883685111999,0.1247661709785461,4.053202349363887,1.5467476844787598,42,100,5.0,0.3,32,0.0
experiments\sd_lora_ici_outputs\AKIEC\AKIEC_near_BKL_0027.png,AKIEC,BKL,a dermoscopic image of actinic keratosis or intraepithelial carcinoma,a dermoscopic image of actinic keratosis or intraepithelial carcinoma,dataset\ISIC2018_Task3_Training_Input\ISIC_0030387.jpg,dataset\ISIC2018_Task3_Training_Input\ISIC_0029549.jpg,ISIC_0030387,ISIC_0029549,-0.1534929275512695,0.0713007450103759,3.1275905046425314,1.5587191581726074,42,100,5.0,0.3,32,0.0
experiments\sd_lora_ici_outputs\AKIEC\AKIEC_near_BKL_0028.png,AKIEC,BKL,a dermoscopic image of actinic keratosis or intraepithelial carcinoma,a dermoscopic image of actinic keratosis or intraepithelial carcinoma,dataset\ISIC2018_Task3_Training_Input\ISIC_0029549.jpg,dataset\ISIC2018_Task3_Training_Input\ISIC_0025539.jpg,ISIC_0029549,ISIC_0025539,0.0713007450103759,0.1247661709785461,2.9301645877489975,1.5706294775009155,42,100,5.0,0.3,32,0.0
experiments\sd_lora_ici_outputs\AKIEC\AKIEC_near_BKL_0029.png,AKIEC,BKL,a dermoscopic image of actinic keratosis or intraepithelial carcinoma,a dermoscopic image of actinic keratosis or intraepithelial carcinoma,dataset\ISIC2018_Task3_Training_Input\ISIC_0026362.jpg,dataset\ISIC2018_Task3_Training_Input\ISIC_0026848.jpg,ISIC_0026362,ISIC_0026848,0.0886078476905822,0.0975477695465087,2.1779319788342444,1.5767861604690552,42,100,5.0,0.3,32,0.0
experiments\sd_lora_ici_outputs\AKIEC\AKIEC_near_BKL_0030.png,AKIEC,BKL,a dermoscopic image of actinic keratosis or intraepithelial carcinoma,a dermoscopic image of actinic keratosis or intraepithelial carcinoma,dataset\ISIC2018_Task3_Training_Input\ISIC_0025637.jpg,dataset\ISIC2018_Task3_Training_Input\ISIC_0025605.jpg,ISIC_0025637,ISIC_0025605,0.0323743820190429,0.1126009821891784,3.204648614946601,1.560623288154602,42,100,5.0,0.3,32,0.0
experiments\sd_lora_ici_outputs\AKIEC\AKIEC_near_BKL_0031.png,AKIEC,BKL,a dermoscopic image of actinic keratosis or intraepithelial carcinoma,a dermoscopic image of actinic keratosis or intraepithelial carcinoma,dataset\ISIC2018_Task3_Training_Input\ISIC_0030730.jpg,dataset\ISIC2018_Task3_Training_Input\ISIC_0025029.jpg,ISIC_0030730,ISIC_0025029,-0.2268415093421936,0.173271358013153,0.6027306847996896,1.5695840120315552,42,100,5.0,0.3,32,0.0
experiments\sd_lora_ici_outputs\AKIEC\AKIEC_near_BKL_0032.png,AKIEC,BKL,a dermoscopic image of actinic keratosis or intraepithelial carcinoma,a dermoscopic image of actinic keratosis or intraepithelial carcinoma,dataset\ISIC2018_Task3_Training_Input\ISIC_0025358.jpg,dataset\ISIC2018_Task3_Training_Input\ISIC_0027047.jpg,ISIC_0025358,ISIC_0027047,0.1841309666633606,-0.048313021659851,3.800212142609799,1.5416051149368286,42,100,5.0,0.3,32,0.0
experiments\sd_lora_ici_outputs\AKIEC\AKIEC_near_BKL_0033.png,AKIEC,BKL,a dermoscopic image of actinic keratosis or intraepithelial carcinoma,a dermoscopic image of actinic keratosis or intraepithelial carcinoma,dataset\ISIC2018_Task3_Training_Input\ISIC_0025029.jpg,dataset\ISIC2018_Task3_Training_Input\ISIC_0027577.jpg,ISIC_0025029,ISIC_0027577,0.173271358013153,0.0988398194313049,0.09606690967717173,1.5638326406478882,42,100,5.0,0.3,32,0.0
experiments\sd_lora_ici_outputs\AKIEC\AKIEC_near_BKL_0034.png,AKIEC,BKL,a dermoscopic image of actinic keratosis or intraepithelial carcinoma,a dermoscopic image of actinic keratosis or intraepithelial carcinoma,dataset\ISIC2018_Task3_Training_Input\ISIC_0028076.jpg,dataset\ISIC2018_Task3_Training_Input\ISIC_0025831.jpg,ISIC_0028076,ISIC_0025831,0.1907749772071838,0.0390840172767639,2.179017081197441,1.5615429878234863,42,100,5.0,0.3,32,0.0
experiments\sd_lora_ici_outputs\AKIEC\AKIEC_near_BKL_0035.png,AKIEC,BKL,a dermoscopic image of actinic keratosis or intraepithelial carcinoma,a dermoscopic image of actinic keratosis or intraepithelial carcinoma,dataset\ISIC2018_Task3_Training_Input\ISIC_0031431.jpg,dataset\ISIC2018_Task3_Training_Input\ISIC_0025089.jpg,ISIC_0031431,ISIC_0025089,0.1976091265678405,0.1562238931655883,2.555282819257075,1.5637174844741821,42,100,5.0,0.3,32,0.0
experiments\sd_lora_ici_outputs\AKIEC\AKIEC_near_BKL_0036.png,AKIEC,BKL,a dermoscopic image of actinic keratosis or intraepithelial carcinoma,a dermoscopic image of actinic keratosis or intraepithelial carcinoma,dataset\ISIC2018_Task3_Training_Input\ISIC_0027615.jpg,dataset\ISIC2018_Task3_Training_Input\ISIC_0027047.jpg,ISIC_0027615,ISIC_0027047,0.0523897409439086,-0.048313021659851,2.8461567860137293,1.5308864116668701,42,100,5.0,0.3,32,0.0
experiments\sd_lora_ici_outputs\AKIEC\AKIEC_near_BKL_0037.png,AKIEC,BKL,a dermoscopic image of actinic keratosis or intraepithelial carcinoma,a dermoscopic image of actinic keratosis or intraepithelial carcinoma,dataset\ISIC2018_Task3_Training_Input\ISIC_0025069.jpg,dataset\ISIC2018_Task3_Training_Input\ISIC_0027303.jpg,ISIC_0025069,ISIC_0027303,0.0496110916137695,0.0839883685111999,0.03842770758612421,1.5688167810440063,42,100,5.0,0.3,32,0.0
experiments\sd_lora_ici_outputs\AKIEC\AKIEC_near_BKL_0038.png,AKIEC,BKL,a dermoscopic image of actinic keratosis or intraepithelial carcinoma,a dermoscopic image of actinic keratosis or intraepithelial carcinoma,dataset\ISIC2018_Task3_Training_Input\ISIC_0028499.jpg,dataset\ISIC2018_Task3_Training_Input\ISIC_0026362.jpg,ISIC_0028499,ISIC_0026362,-0.0235331654548645,0.0886078476905822,1.346060452886286,1.563805103302002,42,100,5.0,0.3,32,0.0
experiments\sd_lora_ici_outputs\AKIEC\AKIEC_near_BKL_0039.png,AKIEC,BKL,a dermoscopic image of actinic keratosis or intraepithelial carcinoma,a dermoscopic image of actinic keratosis or intraepithelial carcinoma,dataset\ISIC2018_Task3_Training_Input\ISIC_0030730.jpg,dataset\ISIC2018_Task3_Training_Input\ISIC_0025358.jpg,ISIC_0030730,ISIC_0025358,-0.2268415093421936,0.1841309666633606,3.0456130178192247,1.5656921863555908,42,100,5.0,0.3,32,0.0
experiments\sd_lora_ici_outputs\AKIEC\AKIEC_near_BKL_0040.png,AKIEC,BKL,a dermoscopic image of actinic keratosis or intraepithelial carcinoma,a dermoscopic image of actinic keratosis or intraepithelial carcinoma,dataset\ISIC2018_Task3_Training_Input\ISIC_0025358.jpg,dataset\ISIC2018_Task3_Training_Input\ISIC_0025637.jpg,ISIC_0025358,ISIC_0025637,0.1841309666633606,0.0323743820190429,1.5046167263569548,1.5713001489639282,42,100,5.0,0.3,32,0.0
experiments\sd_lora_ici_outputs\AKIEC\AKIEC_near_BKL_0041.png,AKIEC,BKL,a dermoscopic image of actinic keratosis or intraepithelial carcinoma,a dermoscopic image of actinic keratosis or intraepithelial carcinoma,dataset\ISIC2018_Task3_Training_Input\ISIC_0031672.jpg,dataset\ISIC2018_Task3_Training_Input\ISIC_0028076.jpg,ISIC_0031672,ISIC_0028076,0.095337688922882,0.1907749772071838,2.8980911806648675,1.6001946926116943,42,100,5.0,0.3,32,0.0
experiments\sd_lora_ici_outputs\AKIEC\AKIEC_near_BKL_0042.png,AKIEC,BKL,a dermoscopic image of actinic keratosis or intraepithelial carcinoma,a dermoscopic image of actinic keratosis or intraepithelial carcinoma,dataset\ISIC2018_Task3_Training_Input\ISIC_0028619.jpg,dataset\ISIC2018_Task3_Training_Input\ISIC_0031672.jpg,ISIC_0028619,ISIC_0031672,0.0085471868515014,0.095337688922882,1.2532889769478819,1.5416606664657593,42,100,5.0,0.3,32,0.0
experiments\sd_lora_ici_outputs\AKIEC\AKIEC_near_BKL_0043.png,AKIEC,BKL,a dermoscopic image of actinic keratosis or intraepithelial carcinoma,a dermoscopic image of actinic keratosis or intraepithelial carcinoma,dataset\ISIC2018_Task3_Training_Input\ISIC_0032897.jpg,dataset\ISIC2018_Task3_Training_Input\ISIC_0027829.jpg,ISIC_0032897,ISIC_0027829,-0.0491849184036254,0.1515987515449524,0.8314755075033885,1.5505859851837158,42,100,5.0,0.3,32,0.0
experiments\sd_lora_ici_outputs\AKIEC\AKIEC_near_BKL_0044.png,AKIEC,BKL,a dermoscopic image of actinic keratosis or intraepithelial carcinoma,a dermoscopic image of actinic keratosis or intraepithelial carcinoma,dataset\ISIC2018_Task3_Training_Input\ISIC_0031609.jpg,dataset\ISIC2018_Task3_Training_Input\ISIC_0027829.jpg,ISIC_0031609,ISIC_0027829,0.0519547462463378,0.1515987515449524,3.8806936524413995,1.5917510986328125,42,100,5.0,0.3,32,0.0
experiments\sd_lora_ici_outputs\AKIEC\AKIEC_near_BKL_0045.png,AKIEC,BKL,a dermoscopic image of actinic keratosis or intraepithelial carcinoma,a dermoscopic image of actinic keratosis or intraepithelial carcinoma,dataset\ISIC2018_Task3_Training_Input\ISIC_0031672.jpg,dataset\ISIC2018_Task3_Training_Input\ISIC_0025539.jpg,ISIC_0031672,ISIC_0025539,0.095337688922882,0.1247661709785461,1.6607222292640642,1.5883334875106812,42,100,5.0,0.3,32,0.0
experiments\sd_lora_ici_outputs\AKIEC\AKIEC_near_BKL_0046.png,AKIEC,BKL,a dermoscopic image of actinic keratosis or intraepithelial carcinoma,a dermoscopic image of actinic keratosis or intraepithelial carcinoma,dataset\ISIC2018_Task3_Training_Input\ISIC_0029638.jpg,dataset\ISIC2018_Task3_Training_Input\ISIC_0032154.jpg,ISIC_0029638,ISIC_0032154,0.0130716562271118,-0.0314634442329406,3.899496104629083,1.5487395524978638,42,100,5.0,0.3,32,0.0
experiments\sd_lora_ici_outputs\AKIEC\AKIEC_near_BKL_0047.png,AKIEC,BKL,a dermoscopic image of actinic keratosis or intraepithelial carcinoma,a dermoscopic image of actinic keratosis or intraepithelial carcinoma,dataset\ISIC2018_Task3_Training_Input\ISIC_0025350.jpg,dataset\ISIC2018_Task3_Training_Input\ISIC_0028076.jpg,ISIC_0025350,ISIC_0028076,0.0602281093597412,0.1907749772071838,3.850953401935603,1.5868200063705444,42,100,5.0,0.3,32,0.0
experiments\sd_lora_ici_outputs\AKIEC\AKIEC_near_BKL_0048.png,AKIEC,BKL,a dermoscopic image of actinic keratosis or intraepithelial carcinoma,a dermoscopic image of actinic keratosis or intraepithelial carcinoma,dataset\ISIC2018_Task3_Training_Input\ISIC_0028499.jpg,dataset\ISIC2018_Task3_Training_Input\ISIC_0027577.jpg,ISIC_0028499,ISIC_0027577,-0.0235331654548645,0.0988398194313049,0.5684151401975069,1.5737775564193726,42,100,5.0,0.3,32,0.0
experiments\sd_lora_ici_outputs\AKIEC\AKIEC_near_BKL_0049.png,AKIEC,BKL,a dermoscopic image of actinic keratosis or intraepithelial carcinoma,a dermoscopic image of actinic keratosis or intraepithelial carcinoma,dataset\ISIC2018_Task3_Training_Input\ISIC_0031431.jpg,dataset\ISIC2018_Task3_Training_Input\ISIC_0026848.jpg,ISIC_0031431,ISIC_0026848,0.1976091265678405,0.0975477695465087,1.1430727729093348,1.5381295680999756,42,100,5.0,0.3,32,0.0
experiments\sd_lora_ici_outputs\AKIEC\AKIEC_near_DF_0000.png,AKIEC,DF,a dermoscopic image of actinic keratosis or intraepithelial carcinoma,a dermoscopic image of actinic keratosis or intraepithelial carcinoma,dataset\ISIC2018_Task3_Training_Input\ISIC_0024511.jpg,dataset\ISIC2018_Task3_Training_Input\ISIC_0027178.jpg,ISIC_0024511,ISIC_0027178,-0.079250693321228,0.1073589324951171,0.1768239898945326,1.5599325895309448,42,100,5.0,0.3,32,0.0
experiments\sd_lora_ici_outputs\AKIEC\AKIEC_near_DF_0001.png,AKIEC,DF,a dermoscopic image of actinic keratosis or intraepithelial carcinoma,a dermoscopic image of actinic keratosis or intraepithelial carcinoma,dataset\ISIC2018_Task3_Training_Input\ISIC_0028558.jpg,dataset\ISIC2018_Task3_Training_Input\ISIC_0029582.jpg,ISIC_0028558,ISIC_0029582,0.0479502081871032,0.090666115283966,0.9319083379865514,1.560652494430542,42,100,5.0,0.3,32,0.0
experiments\sd_lora_ici_outputs\AKIEC\AKIEC_near_DF_0002.png,AKIEC,DF,a dermoscopic image of actinic keratosis or intraepithelial carcinoma,a dermoscopic image of actinic keratosis or intraepithelial carcinoma,dataset\ISIC2018_Task3_Training_Input\ISIC_0029268.jpg,dataset\ISIC2018_Task3_Training_Input\ISIC_0029460.jpg,ISIC_0029268,ISIC_0029460,-0.0452361702919006,-0.0300480127334594,3.4163051385819663,1.5550308227539062,42,100,5.0,0.3,32,0.0
experiments\sd_lora_ici_outputs\AKIEC\AKIEC_near_DF_0003.png,AKIEC,DF,a dermoscopic image of actinic keratosis or intraepithelial carcinoma,a dermoscopic image of actinic keratosis or intraepithelial carcinoma,dataset\ISIC2018_Task3_Training_Input\ISIC_0030036.jpg,dataset\ISIC2018_Task3_Training_Input\ISIC_0027254.jpg,ISIC_0030036,ISIC_0027254,0.0599684715270996,0.0463657975196838,1.6145004221833454,1.6075018644332886,42,100,5.0,0.3,32,0.0
experiments\sd_lora_ici_outputs\AKIEC\AKIEC_near_DF_0004.png,AKIEC,DF,a dermoscopic image of actinic keratosis or intraepithelial carcinoma,a dermoscopic image of actinic keratosis or intraepithelial carcinoma,dataset\ISIC2018_Task3_Training_Input\ISIC_0024329.jpg,dataset\ISIC2018_Task3_Training_Input\ISIC_0028158.jpg,ISIC_0024329,ISIC_0028158,0.0227149128913879,-0.0404322743415832,3.6290304050512256,1.550574541091919,42,100,5.0,0.3,32,0.0
experiments\sd_lora_ici_outputs\AKIEC\AKIEC_near_DF_0005.png,AKIEC,DF,a dermoscopic image of actinic keratosis or intraepithelial carcinoma,a dermoscopic image of actinic keratosis or intraepithelial carcinoma,dataset\ISIC2018_Task3_Training_Input\ISIC_0024329.jpg,dataset\ISIC2018_Task3_Training_Input\ISIC_0026083.jpg,ISIC_0024329,ISIC_0026083,0.0227149128913879,0.1003253459930419,1.8114102033678223,1.5902398824691772,42,100,5.0,0.3,32,0.0
experiments\sd_lora_ici_outputs\AKIEC\AKIEC_near_DF_0006.png,AKIEC,DF,a dermoscopic image of actinic keratosis or intraepithelial carcinoma,a dermoscopic image of actinic keratosis or intraepithelial carcinoma,dataset\ISIC2018_Task3_Training_Input\ISIC_0027719.jpg,dataset\ISIC2018_Task3_Training_Input\ISIC_0029067.jpg,ISIC_0027719,ISIC_0029067,-0.0350674390792846,0.1280432343482971,3.0137086015511,1.5592716932296753,42,100,5.0,0.3,32,0.0
experiments\sd_lora_ici_outputs\AKIEC\AKIEC_near_DF_0007.png,AKIEC,DF,a dermoscopic image of actinic keratosis or intraepithelial carcinoma,a dermoscopic image of actinic keratosis or intraepithelial carcinoma,dataset\ISIC2018_Task3_Training_Input\ISIC_0029582.jpg,dataset\ISIC2018_Task3_Training_Input\ISIC_0027588.jpg,ISIC_0029582,ISIC_0027588,0.090666115283966,-0.0371972322463989,2.354242654159057,1.5500056743621826,42,100,5.0,0.3,32,0.0
experiments\sd_lora_ici_outputs\AKIEC\AKIEC_near_DF_0008.png,AKIEC,DF,a dermoscopic image of actinic keratosis or intraepithelial carcinoma,a dermoscopic image of actinic keratosis or intraepithelial carcinoma,dataset\ISIC2018_Task3_Training_Input\ISIC_0028990.jpg,dataset\ISIC2018_Task3_Training_Input\ISIC_0027767.jpg,ISIC_0028990,ISIC_0027767,0.1345866918563842,0.0951305627822876,2.0434442359503815,1.5540900230407715,42,100,5.0,0.3,32,0.0
experiments\sd_lora_ici_outputs\AKIEC\AKIEC_near_DF_0009.png,AKIEC,DF,a dermoscopic image of actinic keratosis or intraepithelial carcinoma,a dermoscopic image of actinic keratosis or intraepithelial carcinoma,dataset\ISIC2018_Task3_Training_Input\ISIC_0025178.jpg,dataset\ISIC2018_Task3_Training_Input\ISIC_0030549.jpg,ISIC_0025178,ISIC_0030549,0.1370443105697631,-0.0252591371536254,2.553529497047061,1.5679255723953247,42,100,5.0,0.3,32,0.0
experiments\sd_lora_ici_outputs\AKIEC\AKIEC_near_DF_0010.png,AKIEC,DF,a dermoscopic image of actinic keratosis or intraepithelial carcinoma,a dermoscopic image of actinic keratosis or intraepithelial carcinoma,dataset\ISIC2018_Task3_Training_Input\ISIC_0030549.jpg,dataset\ISIC2018_Task3_Training_Input\ISIC_0024539.jpg,ISIC_0030549,ISIC_0024539,-0.0252591371536254,0.1208316683769226,1.578210819145219,1.5699944496154785,42,100,5.0,0.3,32,0.0
experiments\sd_lora_ici_outputs\AKIEC\AKIEC_near_DF_0011.png,AKIEC,DF,a dermoscopic image of actinic keratosis or intraepithelial carcinoma,a dermoscopic image of actinic keratosis or intraepithelial carcinoma,dataset\ISIC2018_Task3_Training_Input\ISIC_0031012.jpg,dataset\ISIC2018_Task3_Training_Input\ISIC_0025182.jpg,ISIC_0031012,ISIC_0025182,0.0902355313301086,0.0979415774345398,2.369176187491719,1.5697400569915771,42,100,5.0,0.3,32,0.0
experiments\sd_lora_ici_outputs\AKIEC\AKIEC_near_DF_0012.png,AKIEC,DF,a dermoscopic image of actinic keratosis or intraepithelial carcinoma,a dermoscopic image of actinic keratosis or intraepithelial carcinoma,dataset\ISIC2018_Task3_Training_Input\ISIC_0029360.jpg,dataset\ISIC2018_Task3_Training_Input\ISIC_0027753.jpg,ISIC_0029360,ISIC_0027753,-0.0155107975006103,0.0267412066459655,0.24924350159612949,1.5700901746749878,42,100,5.0,0.3,32,0.0
experiments\sd_lora_ici_outputs\AKIEC\AKIEC_near_DF_0013.png,AKIEC,DF,a dermoscopic image of actinic keratosis or intraepithelial carcinoma,a dermoscopic image of actinic keratosis or intraepithelial carcinoma,dataset\ISIC2018_Task3_Training_Input\ISIC_0026522.jpg,dataset\ISIC2018_Task3_Training_Input\ISIC_0027178.jpg,ISIC_0026522,ISIC_0027178,0.0926939249038696,0.1073589324951171,2.603198658503636,1.598901391029358,42,100,5.0,0.3,32,0.0
experiments\sd_lora_ici_outputs\AKIEC\AKIEC_near_DF_0014.png,AKIEC,DF,a dermoscopic image of actinic keratosis or intraepithelial carcinoma,a dermoscopic image of actinic keratosis or intraepithelial carcinoma,dataset\ISIC2018_Task3_Training_Input\ISIC_0024843.jpg,dataset\ISIC2018_Task3_Training_Input\ISIC_0026152.jpg,ISIC_0024843,ISIC_0026152,0.0843263864517211,0.0173471570014953,0.5226746247005895,1.5712727308273315,42,100,5.0,0.3,32,0.0
experiments\sd_lora_ici_outputs\AKIEC\AKIEC_near_DF_0015.png,AKIEC,DF,a dermoscopic image of actinic keratosis or intraepithelial carcinoma,a dermoscopic image of actinic keratosis or intraepithelial carcinoma,dataset\ISIC2018_Task3_Training_Input\ISIC_0027767.jpg,dataset\ISIC2018_Task3_Training_Input\ISIC_0028990.jpg,ISIC_0027767,ISIC_0028990,0.0951305627822876,0.1345866918563842,1.1792460421469522,1.5540900230407715,42,100,5.0,0.3,32,0.0
experiments\sd_lora_ici_outputs\AKIEC\AKIEC_near_DF_0016.png,AKIEC,DF,a dermoscopic image of actinic keratosis or intraepithelial carcinoma,a dermoscopic image of actinic keratosis or intraepithelial carcinoma,dataset\ISIC2018_Task3_Training_Input\ISIC_0029067.jpg,dataset\ISIC2018_Task3_Training_Input\ISIC_0029781.jpg,ISIC_0029067,ISIC_0029781,0.1280432343482971,0.1250641942024231,3.428050014081103,1.5596179962158203,42,100,5.0,0.3,32,0.0
experiments\sd_lora_ici_outputs\AKIEC\AKIEC_near_DF_0017.png,AKIEC,DF,a dermoscopic image of actinic keratosis or intraepithelial carcinoma,a dermoscopic image of actinic keratosis or intraepithelial carcinoma,dataset\ISIC2018_Task3_Training_Input\ISIC_0028335.jpg,dataset\ISIC2018_Task3_Training_Input\ISIC_0032329.jpg,ISIC_0028335,ISIC_0032329,0.0055727362632751,0.126108169555664,3.6605691114957852,1.5895050764083862,42,100,5.0,0.3,32,0.0
experiments\sd_lora_ici_outputs\AKIEC\AKIEC_near_DF_0018.png,AKIEC,DF,a dermoscopic image of actinic keratosis or intraepithelial carcinoma,a dermoscopic image of actinic keratosis or intraepithelial carcinoma,dataset\ISIC2018_Task3_Training_Input\ISIC_0027254.jpg,dataset\ISIC2018_Task3_Training_Input\ISIC_0027562.jpg,ISIC_0027254,ISIC_0027562,0.0463657975196838,0.073634386062622,1.6003752996846137,1.542759656906128,42,100,5.0,0.3,32,0.0
experiments\sd_lora_ici_outputs\AKIEC\AKIEC_near_DF_0019.png,AKIEC,DF,a dermoscopic image of actinic keratosis or intraepithelial carcinoma,a dermoscopic image of actinic keratosis or intraepithelial carcinoma,dataset\ISIC2018_Task3_Training_Input\ISIC_0024539.jpg,dataset\ISIC2018_Task3_Training_Input\ISIC_0029533.jpg,ISIC_0024539,ISIC_0029533,0.1208316683769226,0.1176956892013549,3.3389369086183964,1.565462589263916,42,100,5.0,0.3,32,0.0
experiments\sd_lora_ici_outputs\AKIEC\AKIEC_near_DF_0020.png,AKIEC,DF,a dermoscopic image of actinic keratosis or intraepithelial carcinoma,a dermoscopic image of actinic keratosis or intraepithelial carcinoma,dataset\ISIC2018_Task3_Training_Input\ISIC_0030036.jpg,dataset\ISIC2018_Task3_Training_Input\ISIC_0031659.jpg,ISIC_0030036,ISIC_0031659,0.0599684715270996,0.0861411094665527,1.3480876024466781,1.5205978155136108,42,100,5.0,0.3,32,0.0
experiments\sd_lora_ici_outputs\AKIEC\AKIEC_near_DF_0021.png,AKIEC,DF,a dermoscopic image of actinic keratosis or intraepithelial carcinoma,a dermoscopic image of actinic keratosis or intraepithelial carcinoma,dataset\ISIC2018_Task3_Training_Input\ISIC_0026522.jpg,dataset\ISIC2018_Task3_Training_Input\ISIC_0031659.jpg,ISIC_0026522,ISIC_0031659,0.0926939249038696,0.0861411094665527,1.8517335939502506,1.5362693071365356,42,100,5.0,0.3,32,0.0
experiments\sd_lora_ici_outputs\AKIEC\AKIEC_near_DF_0022.png,AKIEC,DF,a dermoscopic image of actinic keratosis or intraepithelial carcinoma,a dermoscopic image of actinic keratosis or intraepithelial carcinoma,dataset\ISIC2018_Task3_Training_Input\ISIC_0029460.jpg,dataset\ISIC2018_Task3_Training_Input\ISIC_0024329.jpg,ISIC_0029460,ISIC_0024329,-0.0300480127334594,0.0227149128913879,0.9480394613460265,1.548271656036377,42,100,5.0,0.3,32,0.0
experiments\sd_lora_ici_outputs\AKIEC\AKIEC_near_DF_0023.png,AKIEC,DF,a dermoscopic image of actinic keratosis or intraepithelial carcinoma,a dermoscopic image of actinic keratosis or intraepithelial carcinoma,dataset\ISIC2018_Task3_Training_Input\ISIC_0026206.jpg,dataset\ISIC2018_Task3_Training_Input\ISIC_0027588.jpg,ISIC_0026206,ISIC_0027588,0.0190628170967102,-0.0371972322463989,3.788054437857992,1.5650590658187866,42,100,5.0,0.3,32,0.0
experiments\sd_lora_ici_outputs\AKIEC\AKIEC_near_DF_0024.png,AKIEC,DF,a dermoscopic image of actinic keratosis or intraepithelial carcinoma,a dermoscopic image of actinic keratosis or intraepithelial carcinoma,dataset\ISIC2018_Task3_Training_Input\ISIC_0033536.jpg,dataset\ISIC2018_Task3_Training_Input\ISIC_0029268.jpg,ISIC_0033536,ISIC_0029268,0.0491316318511962,-0.0452361702919006,0.5394298214035593,1.5854072570800781,42,100,5.0,0.3,32,0.0
experiments\sd_lora_ici_outputs\AKIEC\AKIEC_near_DF_0025.png,AKIEC,DF,a dermoscopic image of actinic keratosis or intraepithelial carcinoma,a dermoscopic image of actinic keratosis or intraepithelial carcinoma,dataset\ISIC2018_Task3_Training_Input\ISIC_0025577.jpg,dataset\ISIC2018_Task3_Training_Input\ISIC_0025182.jpg,ISIC_0025577,ISIC_0025182,0.1064810752868652,0.0979415774345398,3.087312656629379,1.5673741102218628,42,100,5.0,0.3,32,0.0
experiments\sd_lora_ici_outputs\AKIEC\AKIEC_near_DF_0026.png,AKIEC,DF,a dermoscopic image of actinic keratosis or intraepithelial carcinoma,a dermoscopic image of actinic keratosis or intraepithelial carcinoma,dataset\ISIC2018_Task3_Training_Input\ISIC_0026206.jpg,dataset\ISIC2018_Task3_Training_Input\ISIC_0025577.jpg,ISIC_0026206,ISIC_0025577,0.0190628170967102,0.1064810752868652,0.43200807462552143,1.5849159955978394,42,100,5.0,0.3,32,0.0
experiments\sd_lora_ici_outputs\AKIEC\AKIEC_near_DF_0027.png,AKIEC,DF,a dermoscopic image of actinic keratosis or intraepithelial carcinoma,a dermoscopic image of actinic keratosis or intraepithelial carcinoma,dataset\ISIC2018_Task3_Training_Input\ISIC_0026206.jpg,dataset\ISIC2018_Task3_Training_Input\ISIC_0024511.jpg,ISIC_0026206,ISIC_0024511,0.0190628170967102,-0.079250693321228,0.42777787578368354,1.5518970489501953,42,100,5.0,0.3,32,0.0
experiments\sd_lora_ici_outputs\AKIEC\AKIEC_near_DF_0028.png,AKIEC,DF,a dermoscopic image of actinic keratosis or intraepithelial carcinoma,a dermoscopic image of actinic keratosis or intraepithelial carcinoma,dataset\ISIC2018_Task3_Training_Input\ISIC_0027588.jpg,dataset\ISIC2018_Task3_Training_Input\ISIC_0032329.jpg,ISIC_0027588,ISIC_0032329,-0.0371972322463989,0.126108169555664,1.8024413325033362,1.5671584606170654,42,100,5.0,0.3,32,0.0
experiments\sd_lora_ici_outputs\AKIEC\AKIEC_near_DF_0029.png,AKIEC,DF,a dermoscopic image of actinic keratosis or intraepithelial carcinoma,a dermoscopic image of actinic keratosis or intraepithelial carcinoma,dataset\ISIC2018_Task3_Training_Input\ISIC_0032422.jpg,dataset\ISIC2018_Task3_Training_Input\ISIC_0028158.jpg,ISIC_0032422,ISIC_0028158,0.1149392127990722,-0.0404322743415832,1.2761933043572007,1.5461053848266602,42,100,5.0,0.3,32,0.0
experiments\sd_lora_ici_outputs\AKIEC\AKIEC_near_DF_0030.png,AKIEC,DF,a dermoscopic image of actinic keratosis or intraepithelial carcinoma,a dermoscopic image of actinic keratosis or intraepithelial carcinoma,dataset\ISIC2018_Task3_Training_Input\ISIC_0026206.jpg,dataset\ISIC2018_Task3_Training_Input\ISIC_0027588.jpg,ISIC_0026206,ISIC_0027588,0.0190628170967102,-0.0371972322463989,0.48471735602523214,1.5650590658187866,42,100,5.0,0.3,32,0.0
experiments\sd_lora_ici_outputs\AKIEC\AKIEC_near_DF_0031.png,AKIEC,DF,a dermoscopic image of actinic keratosis or intraepithelial carcinoma,a dermoscopic image of actinic keratosis or intraepithelial carcinoma,dataset\ISIC2018_Task3_Training_Input\ISIC_0027334.jpg,dataset\ISIC2018_Task3_Training_Input\ISIC_0033536.jpg,ISIC_0027334,ISIC_0033536,-0.0404865145683288,0.0491316318511962,1.4376562230720107,1.5658725500106812,42,100,5.0,0.3,32,0.0
experiments\sd_lora_ici_outputs\AKIEC\AKIEC_near_DF_0032.png,AKIEC,DF,a dermoscopic image of actinic keratosis or intraepithelial carcinoma,a dermoscopic image of actinic keratosis or intraepithelial carcinoma,dataset\ISIC2018_Task3_Training_Input\ISIC_0027588.jpg,dataset\ISIC2018_Task3_Training_Input\ISIC_0033811.jpg,ISIC_0027588,ISIC_0033811,-0.0371972322463989,0.0918073654174804,3.148102436095694,1.5374876260757446,42,100,5.0,0.3,32,0.0
experiments\sd_lora_ici_outputs\AKIEC\AKIEC_near_DF_0033.png,AKIEC,DF,a dermoscopic image of actinic keratosis or intraepithelial carcinoma,a dermoscopic image of actinic keratosis or intraepithelial carcinoma,dataset\ISIC2018_Task3_Training_Input\ISIC_0024329.jpg,dataset\ISIC2018_Task3_Training_Input\ISIC_0026468.jpg,ISIC_0024329,ISIC_0026468,0.0227149128913879,0.0307115316390991,1.7981519730335707,1.5791094303131104,42,100,5.0,0.3,32,0.0
experiments\sd_lora_ici_outputs\AKIEC\AKIEC_near_DF_0034.png,AKIEC,DF,a dermoscopic image of actinic keratosis or intraepithelial carcinoma,a dermoscopic image of actinic keratosis or intraepithelial carcinoma,dataset\ISIC2018_Task3_Training_Input\ISIC_0024539.jpg,dataset\ISIC2018_Task3_Training_Input\ISIC_0029582.jpg,ISIC_0024539,ISIC_0029582,0.1208316683769226,0.090666115283966,1.8587066541830437,1.5663001537322998,42,100,5.0,0.3,32,0.0
experiments\sd_lora_ici_outputs\AKIEC\AKIEC_near_DF_0035.png,AKIEC,DF,a dermoscopic image of actinic keratosis or intraepithelial carcinoma,a dermoscopic image of actinic keratosis or intraepithelial carcinoma,dataset\ISIC2018_Task3_Training_Input\ISIC_0026152.jpg,dataset\ISIC2018_Task3_Training_Input\ISIC_0027767.jpg,ISIC_0026152,ISIC_0027767,0.0173471570014953,0.0951305627822876,3.449542589125594,1.5527576208114624,42,100,5.0,0.3,32,0.0
experiments\sd_lora_ici_outputs\AKIEC\AKIEC_near_DF_0036.png,AKIEC,DF,a dermoscopic image of actinic keratosis or intraepithelial carcinoma,a dermoscopic image of actinic keratosis or intraepithelial carcinoma,dataset\ISIC2018_Task3_Training_Input\ISIC_0030549.jpg,dataset\ISIC2018_Task3_Training_Input\ISIC_0029067.jpg,ISIC_0030549,ISIC_0029067,-0.0252591371536254,0.1280432343482971,0.3569275848150539,1.5917267799377441,42,100,5.0,0.3,32,0.0
experiments\sd_lora_ici_outputs\AKIEC\AKIEC_near_DF_0037.png,AKIEC,DF,a dermoscopic image of actinic keratosis or intraepithelial carcinoma,a dermoscopic image of actinic keratosis or intraepithelial carcinoma,dataset\ISIC2018_Task3_Training_Input\ISIC_0026083.jpg,dataset\ISIC2018_Task3_Training_Input\ISIC_0031012.jpg,ISIC_0026083,ISIC_0031012,0.1003253459930419,0.0902355313301086,3.2220980226951714,1.574837565422058,42,100,5.0,0.3,32,0.0
experiments\sd_lora_ici_outputs\AKIEC\AKIEC_near_DF_0038.png,AKIEC,DF,a dermoscopic image of actinic keratosis or intraepithelial carcinoma,a dermoscopic image of actinic keratosis or intraepithelial carcinoma,dataset\ISIC2018_Task3_Training_Input\ISIC_0024329.jpg,dataset\ISIC2018_Task3_Training_Input\ISIC_0031012.jpg,ISIC_0024329,ISIC_0031012,0.0227149128913879,0.0902355313301086,1.2017404596700372,1.5905590057373047,42,100,5.0,0.3,32,0.0
experiments\sd_lora_ici_outputs\AKIEC\AKIEC_near_DF_0039.png,AKIEC,DF,a dermoscopic image of actinic keratosis or intraepithelial carcinoma,a dermoscopic image of actinic keratosis or intraepithelial carcinoma,dataset\ISIC2018_Task3_Training_Input\ISIC_0027084.jpg,dataset\ISIC2018_Task3_Training_Input\ISIC_0028335.jpg,ISIC_0027084,ISIC_0028335,0.0827962756156921,0.0055727362632751,2.783529008830389,1.590711236000061,42,100,5.0,0.3,32,0.0
experiments\sd_lora_ici_outputs\AKIEC\AKIEC_near_DF_0040.png,AKIEC,DF,a dermoscopic image of actinic keratosis or intraepithelial carcinoma,a dermoscopic image of actinic keratosis or intraepithelial carcinoma,dataset\ISIC2018_Task3_Training_Input\ISIC_0031191.jpg,dataset\ISIC2018_Task3_Training_Input\ISIC_0024539.jpg,ISIC_0031191,ISIC_0024539,-0.0313454270362854,0.1208316683769226,2.4457003169737517,1.5499287843704224,42,100,5.0,0.3,32,0.0
experiments\sd_lora_ici_outputs\AKIEC\AKIEC_near_DF_0041.png,AKIEC,DF,a dermoscopic image of actinic keratosis or intraepithelial carcinoma,a dermoscopic image of actinic keratosis or intraepithelial carcinoma,dataset\ISIC2018_Task3_Training_Input\ISIC_0024843.jpg,dataset\ISIC2018_Task3_Training_Input\ISIC_0029417.jpg,ISIC_0024843,ISIC_0029417,0.0843263864517211,0.053983986377716,0.8642654119523138,1.5631951093673706,42,100,5.0,0.3,32,0.0
experiments\sd_lora_ici_outputs\AKIEC\AKIEC_near_DF_0042.png,AKIEC,DF,a dermoscopic image of actinic keratosis or intraepithelial carcinoma,a dermoscopic image of actinic keratosis or intraepithelial carcinoma,dataset\ISIC2018_Task3_Training_Input\ISIC_0024843.jpg,dataset\ISIC2018_Task3_Training_Input\ISIC_0027084.jpg,ISIC_0024843,ISIC_0027084,0.0843263864517211,0.0827962756156921,3.4169348455359416,1.5750983953475952,42,100,5.0,0.3,32,0.0
experiments\sd_lora_ici_outputs\AKIEC\AKIEC_near_DF_0043.png,AKIEC,DF,a dermoscopic image of actinic keratosis or intraepithelial carcinoma,a dermoscopic image of actinic keratosis or intraepithelial carcinoma,dataset\ISIC2018_Task3_Training_Input\ISIC_0031927.jpg,dataset\ISIC2018_Task3_Training_Input\ISIC_0029067.jpg,ISIC_0031927,ISIC_0029067,0.0891902446746826,0.1280432343482971,0.590167999787155,1.5791196823120117,42,100,5.0,0.3,32,0.0
experiments\sd_lora_ici_outputs\AKIEC\AKIEC_near_DF_0044.png,AKIEC,DF,a dermoscopic image of actinic keratosis or intraepithelial carcinoma,a dermoscopic image of actinic keratosis or intraepithelial carcinoma,dataset\ISIC2018_Task3_Training_Input\ISIC_0028158.jpg,dataset\ISIC2018_Task3_Training_Input\ISIC_0024562.jpg,ISIC_0028158,ISIC_0024562,-0.0404322743415832,0.1216869354248046,2.883082516926155,1.5498459339141846,42,100,5.0,0.3,32,0.0
experiments\sd_lora_ici_outputs\AKIEC\AKIEC_near_DF_0045.png,AKIEC,DF,a dermoscopic image of actinic keratosis or intraepithelial carcinoma,a dermoscopic image of actinic keratosis or intraepithelial carcinoma,dataset\ISIC2018_Task3_Training_Input\ISIC_0029533.jpg,dataset\ISIC2018_Task3_Training_Input\ISIC_0031191.jpg,ISIC_0029533,ISIC_0031191,0.1176956892013549,-0.0313454270362854,3.860387317562962,1.5761725902557373,42,100,5.0,0.3,32,0.0
experiments\sd_lora_ici_outputs\AKIEC\AKIEC_near_DF_0046.png,AKIEC,DF,a dermoscopic image of actinic keratosis or intraepithelial carcinoma,a dermoscopic image of actinic keratosis or intraepithelial carcinoma,dataset\ISIC2018_Task3_Training_Input\ISIC_0028158.jpg,dataset\ISIC2018_Task3_Training_Input\ISIC_0027562.jpg,ISIC_0028158,ISIC_0027562,-0.0404322743415832,0.073634386062622,1.5613563697647033,1.5945606231689453,42,100,5.0,0.3,32,0.0
experiments\sd_lora_ici_outputs\AKIEC\AKIEC_near_DF_0047.png,AKIEC,DF,a dermoscopic image of actinic keratosis or intraepithelial carcinoma,a dermoscopic image of actinic keratosis or intraepithelial carcinoma,dataset\ISIC2018_Task3_Training_Input\ISIC_0029067.jpg,dataset\ISIC2018_Task3_Training_Input\ISIC_0033536.jpg,ISIC_0029067,ISIC_0033536,0.1280432343482971,0.0491316318511962,0.19564217154241248,1.5720833539962769,42,100,5.0,0.3,32,0.0
experiments\sd_lora_ici_outputs\AKIEC\AKIEC_near_DF_0048.png,AKIEC,DF,a dermoscopic image of actinic keratosis or intraepithelial carcinoma,a dermoscopic image of actinic keratosis or intraepithelial carcinoma,dataset\ISIC2018_Task3_Training_Input\ISIC_0031191.jpg,dataset\ISIC2018_Task3_Training_Input\ISIC_0024329.jpg,ISIC_0031191,ISIC_0024329,-0.0313454270362854,0.0227149128913879,1.1897876877546145,1.57815682888031,42,100,5.0,0.3,32,0.0
experiments\sd_lora_ici_outputs\AKIEC\AKIEC_near_DF_0049.png,AKIEC,DF,a dermoscopic image of actinic keratosis or intraepithelial carcinoma,a dermoscopic image of actinic keratosis or intraepithelial carcinoma,dataset\ISIC2018_Task3_Training_Input\ISIC_0028335.jpg,dataset\ISIC2018_Task3_Training_Input\ISIC_0027767.jpg,ISIC_0028335,ISIC_0027767,0.0055727362632751,0.0951305627822876,3.34594519984305,1.5400058031082153,42,100,5.0,0.3,32,0.0
experiments\sd_lora_ici_outputs\AKIEC\AKIEC_near_MEL_0000.png,AKIEC,MEL,a dermoscopic image of actinic keratosis or intraepithelial carcinoma,a dermoscopic image of actinic keratosis or intraepithelial carcinoma,dataset\ISIC2018_Task3_Training_Input\ISIC_0030953.jpg,dataset\ISIC2018_Task3_Training_Input\ISIC_0032277.jpg,ISIC_0030953,ISIC_0032277,0.1576630473136901,0.0393309593200683,0.698562882857555,1.5638437271118164,42,100,5.0,0.3,32,0.0
experiments\sd_lora_ici_outputs\AKIEC\AKIEC_near_MEL_0001.png,AKIEC,MEL,a dermoscopic image of actinic keratosis or intraepithelial carcinoma,a dermoscopic image of actinic keratosis or intraepithelial carcinoma,dataset\ISIC2018_Task3_Training_Input\ISIC_0029932.jpg,dataset\ISIC2018_Task3_Training_Input\ISIC_0027668.jpg,ISIC_0029932,ISIC_0027668,0.1512302756309509,0.0571367740631103,3.888790838687434,1.5383186340332031,42,100,5.0,0.3,32,0.0
experiments\sd_lora_ici_outputs\AKIEC\AKIEC_near_MEL_0002.png,AKIEC,MEL,a dermoscopic image of actinic keratosis or intraepithelial carcinoma,a dermoscopic image of actinic keratosis or intraepithelial carcinoma,dataset\ISIC2018_Task3_Training_Input\ISIC_0026492.jpg,dataset\ISIC2018_Task3_Training_Input\ISIC_0028231.jpg,ISIC_0026492,ISIC_0028231,0.0944142341613769,0.1665832996368408,3.4061758390204533,1.5764360427856445,42,100,5.0,0.3,32,0.0
experiments\sd_lora_ici_outputs\AKIEC\AKIEC_near_MEL_0003.png,AKIEC,MEL,a dermoscopic image of actinic keratosis or intraepithelial carcinoma,a dermoscopic image of actinic keratosis or intraepithelial carcinoma,dataset\ISIC2018_Task3_Training_Input\ISIC_0030280.jpg,dataset\ISIC2018_Task3_Training_Input\ISIC_0031852.jpg,ISIC_0030280,ISIC_0031852,0.084439992904663,-0.0087957978248596,2.2529793555904125,1.5504627227783203,42,100,5.0,0.3,32,0.0
experiments\sd_lora_ici_outputs\AKIEC\AKIEC_near_MEL_0004.png,AKIEC,MEL,a dermoscopic image of actinic keratosis or intraepithelial carcinoma,a dermoscopic image of actinic keratosis or intraepithelial carcinoma,dataset\ISIC2018_Task3_Training_Input\ISIC_0030953.jpg,dataset\ISIC2018_Task3_Training_Input\ISIC_0027529.jpg,ISIC_0030953,ISIC_0027529,0.1576630473136901,0.2334015369415283,2.211558591175001,1.5629301071166992,42,100,5.0,0.3,32,0.0
experiments\sd_lora_ici_outputs\AKIEC\AKIEC_near_MEL_0005.png,AKIEC,MEL,a dermoscopic image of actinic keratosis or intraepithelial carcinoma,a dermoscopic image of actinic keratosis or intraepithelial carcinoma,dataset\ISIC2018_Task3_Training_Input\ISIC_0028644.jpg,dataset\ISIC2018_Task3_Training_Input\ISIC_0026203.jpg,ISIC_0028644,ISIC_0026203,0.0133047699928283,-0.0380451679229736,0.38489366695615157,1.546339988708496,42,100,5.0,0.3,32,0.0
experiments\sd_lora_ici_outputs\AKIEC\AKIEC_near_MEL_0006.png,AKIEC,MEL,a dermoscopic image of actinic keratosis or intraepithelial carcinoma,a dermoscopic image of actinic keratosis or intraepithelial carcinoma,dataset\ISIC2018_Task3_Training_Input\ISIC_0028854.jpg,dataset\ISIC2018_Task3_Training_Input\ISIC_0032371.jpg,ISIC_0028854,ISIC_0032371,0.3556819558143616,0.2163267135620117,0.4108458289472059,1.5584988594055176,42,100,5.0,0.3,32,0.0
experiments\sd_lora_ici_outputs\AKIEC\AKIEC_near_MEL_0007.png,AKIEC,MEL,a dermoscopic image of actinic keratosis or intraepithelial carcinoma,a dermoscopic image of actinic keratosis or intraepithelial carcinoma,dataset\ISIC2018_Task3_Training_Input\ISIC_0027343.jpg,dataset\ISIC2018_Task3_Training_Input\ISIC_0024418.jpg,ISIC_0027343,ISIC_0024418,-0.1134828329086303,-0.0004799365997314,3.191620139469728,1.5627341270446777,42,100,5.0,0.3,32,0.0
experiments\sd_lora_ici_outputs\AKIEC\AKIEC_near_MEL_0008.png,AKIEC,MEL,a dermoscopic image of actinic keratosis or intraepithelial carcinoma,a dermoscopic image of actinic keratosis or intraepithelial carcinoma,dataset\ISIC2018_Task3_Training_Input\ISIC_0030280.jpg,dataset\ISIC2018_Task3_Training_Input\ISIC_0030175.jpg,ISIC_0030280,ISIC_0030175,0.084439992904663,0.0483132600784301,0.49045752029541784,1.5559213161468506,42,100,5.0,0.3,32,0.0
experiments\sd_lora_ici_outputs\AKIEC\AKIEC_near_MEL_0009.png,AKIEC,MEL,a dermoscopic image of actinic keratosis or intraepithelial carcinoma,a dermoscopic image of actinic keratosis or intraepithelial carcinoma,dataset\ISIC2018_Task3_Training_Input\ISIC_0025411.jpg,dataset\ISIC2018_Task3_Training_Input\ISIC_0030297.jpg,ISIC_0025411,ISIC_0030297,0.1474609375,0.1766579747200012,0.24589203649166863,1.575809121131897,42,100,5.0,0.3,32,0.0
experiments\sd_lora_ici_outputs\AKIEC\AKIEC_near_MEL_0010.png,AKIEC,MEL,a dermoscopic image of actinic keratosis or intraepithelial carcinoma,a dermoscopic image of actinic keratosis or intraepithelial carcinoma,dataset\ISIC2018_Task3_Training_Input\ISIC_0026984.jpg,dataset\ISIC2018_Task3_Training_Input\ISIC_0028381.jpg,ISIC_0026984,ISIC_0028381,0.1727963089942932,0.0674079060554504,3.1230999256846808,1.5711685419082642,42,100,5.0,0.3,32,0.0
experiments\sd_lora_ici_outputs\AKIEC\AKIEC_near_MEL_0011.png,AKIEC,MEL,a dermoscopic image of actinic keratosis or intraepithelial carcinoma,a dermoscopic image of actinic keratosis or intraepithelial carcinoma,dataset\ISIC2018_Task3_Training_Input\ISIC_0027550.jpg,dataset\ISIC2018_Task3_Training_Input\ISIC_0026203.jpg,ISIC_0027550,ISIC_0026203,0.1410123109817505,-0.0380451679229736,0.916554912372866,1.523833990097046,42,100,5.0,0.3,32,0.0
experiments\sd_lora_ici_outputs\AKIEC\AKIEC_near_MEL_0012.png,AKIEC,MEL,a dermoscopic image of actinic keratosis or intraepithelial carcinoma,a dermoscopic image of actinic keratosis or intraepithelial carcinoma,dataset\ISIC2018_Task3_Training_Input\ISIC_0030175.jpg,dataset\ISIC2018_Task3_Training_Input\ISIC_0031929.jpg,ISIC_0030175,ISIC_0031929,0.0483132600784301,0.140909731388092,0.7880335534308217,1.579763412475586,42,100,5.0,0.3,32,0.0
experiments\sd_lora_ici_outputs\AKIEC\AKIEC_near_MEL_0013.png,AKIEC,MEL,a dermoscopic image of actinic keratosis or intraepithelial carcinoma,a dermoscopic image of actinic keratosis or intraepithelial carcinoma,dataset\ISIC2018_Task3_Training_Input\ISIC_0027343.jpg,dataset\ISIC2018_Task3_Training_Input\ISIC_0031929.jpg,ISIC_0027343,ISIC_0031929,-0.1134828329086303,0.140909731388092,1.5954036616612792,1.577613115310669,42,100,5.0,0.3,32,0.0
experiments\sd_lora_ici_outputs\AKIEC\AKIEC_near_MEL_0014.png,AKIEC,MEL,a dermoscopic image of actinic keratosis or intraepithelial carcinoma,a dermoscopic image of actinic keratosis or intraepithelial carcinoma,dataset\ISIC2018_Task3_Training_Input\ISIC_0027930.jpg,dataset\ISIC2018_Task3_Training_Input\ISIC_0028231.jpg,ISIC_0027930,ISIC_0028231,0.0863652229309082,0.1665832996368408,2.7433663023908172,1.5718125104904175,42,100,5.0,0.3,32,0.0
experiments\sd_lora_ici_outputs\AKIEC\AKIEC_near_MEL_0015.png,AKIEC,MEL,a dermoscopic image of actinic keratosis or intraepithelial carcinoma,a dermoscopic image of actinic keratosis or intraepithelial carcinoma,dataset\ISIC2018_Task3_Training_Input\ISIC_0026857.jpg,dataset\ISIC2018_Task3_Training_Input\ISIC_0029932.jpg,ISIC_0026857,ISIC_0029932,0.1105862855911254,0.1512302756309509,3.8171748121627767,1.5432766675949097,42,100,5.0,0.3,32,0.0
experiments\sd_lora_ici_outputs\AKIEC\AKIEC_near_MEL_0016.png,AKIEC,MEL,a dermoscopic image of actinic keratosis or intraepithelial carcinoma,a dermoscopic image of actinic keratosis or intraepithelial carcinoma,dataset\ISIC2018_Task3_Training_Input\ISIC_0027529.jpg,dataset\ISIC2018_Task3_Training_Input\ISIC_0030297.jpg,ISIC_0027529,ISIC_0030297,0.2334015369415283,0.1766579747200012,0.33862474999610587,1.5593522787094116,42,100,5.0,0.3,32,0.0
experiments\sd_lora_ici_outputs\AKIEC\AKIEC_near_MEL_0017.png,AKIEC,MEL,a dermoscopic image of actinic keratosis or intraepithelial carcinoma,a dermoscopic image of actinic keratosis or intraepithelial carcinoma,dataset\ISIC2018_Task3_Training_Input\ISIC_0026872.jpg,dataset\ISIC2018_Task3_Training_Input\ISIC_0029315.jpg,ISIC_0026872,ISIC_0029315,0.0413264632225036,0.0672330856323242,2.3741131726434017,1.5511866807937622,42,100,5.0,0.3,32,0.0
experiments\sd_lora_ici_outputs\AKIEC\AKIEC_near_MEL_0018.png,AKIEC,MEL,a dermoscopic image of actinic keratosis or intraepithelial carcinoma,a dermoscopic image of actinic keratosis or intraepithelial carcinoma,dataset\ISIC2018_Task3_Training_Input\ISIC_0026857.jpg,dataset\ISIC2018_Task3_Training_Input\ISIC_0028381.jpg,ISIC_0026857,ISIC_0028381,0.1105862855911254,0.0674079060554504,3.6276205618278303,1.5890233516693115,42,100,5.0,0.3,32,0.0
experiments\sd_lora_ici_outputs\AKIEC\AKIEC_near_MEL_0019.png,AKIEC,MEL,a dermoscopic image of actinic keratosis or intraepithelial carcinoma,a dermoscopic image of actinic keratosis or intraepithelial carcinoma,dataset\ISIC2018_Task3_Training_Input\ISIC_0026203.jpg,dataset\ISIC2018_Task3_Training_Input\ISIC_0024470.jpg,ISIC_0026203,ISIC_0024470,-0.0380451679229736,0.2576093673706054,0.2953238887566214,1.5953953266143799,42,100,5.0,0.3,32,0.0
experiments\sd_lora_ici_outputs\AKIEC\AKIEC_near_MEL_0020.png,AKIEC,MEL,a dermoscopic image of actinic keratosis or intraepithelial carcinoma,a dermoscopic image of actinic keratosis or intraepithelial carcinoma,dataset\ISIC2018_Task3_Training_Input\ISIC_0032371.jpg,dataset\ISIC2018_Task3_Training_Input\ISIC_0026203.jpg,ISIC_0032371,ISIC_0026203,0.2163267135620117,-0.0380451679229736,3.9216813296464705,1.5976183414459229,42,100,5.0,0.3,32,0.0
experiments\sd_lora_ici_outputs\AKIEC\AKIEC_near_MEL_0021.png,AKIEC,MEL,a dermoscopic image of actinic keratosis or intraepithelial carcinoma,a dermoscopic image of actinic keratosis or intraepithelial carcinoma,dataset\ISIC2018_Task3_Training_Input\ISIC_0027678.jpg,dataset\ISIC2018_Task3_Training_Input\ISIC_0026203.jpg,ISIC_0027678,ISIC_0026203,0.1284863352775573,-0.0380451679229736,0.8022792560791167,1.5487151145935059,42,100,5.0,0.3,32,0.0
experiments\sd_lora_ici_outputs\AKIEC\AKIEC_near_MEL_0022.png,AKIEC,MEL,a dermoscopic image of actinic keratosis or intraepithelial carcinoma,a dermoscopic image of actinic keratosis or intraepithelial carcinoma,dataset\ISIC2018_Task3_Training_Input\ISIC_0026203.jpg,dataset\ISIC2018_Task3_Training_Input\ISIC_0024470.jpg,ISIC_0026203,ISIC_0024470,-0.0380451679229736,0.2576093673706054,2.544106343594982,1.5953953266143799,42,100,5.0,0.3,32,0.0
experiments\sd_lora_ici_outputs\AKIEC\AKIEC_near_MEL_0023.png,AKIEC,MEL,a dermoscopic image of actinic keratosis or intraepithelial carcinoma,a dermoscopic image of actinic keratosis or intraepithelial carcinoma,dataset\ISIC2018_Task3_Training_Input\ISIC_0026984.jpg,dataset\ISIC2018_Task3_Training_Input\ISIC_0028820.jpg,ISIC_0026984,ISIC_0028820,0.1727963089942932,0.1970377564430236,3.159046452665922,1.6096545457839966,42,100,5.0,0.3,32,0.0
experiments\sd_lora_ici_outputs\AKIEC\AKIEC_near_MEL_0024.png,AKIEC,MEL,a dermoscopic image of actinic keratosis or intraepithelial carcinoma,a dermoscopic image of actinic keratosis or intraepithelial carcinoma,dataset\ISIC2018_Task3_Training_Input\ISIC_0032199.jpg,dataset\ISIC2018_Task3_Training_Input\ISIC_0030175.jpg,ISIC_0032199,ISIC_0030175,0.2092601656913757,0.0483132600784301,0.36987685627163,1.5624628067016602,42,100,5.0,0.3,32,0.0
experiments\sd_lora_ici_outputs\AKIEC\AKIEC_near_MEL_0025.png,AKIEC,MEL,a dermoscopic image of actinic keratosis or intraepithelial carcinoma,a dermoscopic image of actinic keratosis or intraepithelial carcinoma,dataset\ISIC2018_Task3_Training_Input\ISIC_0026203.jpg,dataset\ISIC2018_Task3_Training_Input\ISIC_0028820.jpg,ISIC_0026203,ISIC_0028820,-0.0380451679229736,0.1970377564430236,3.3890424888116177,1.5708237886428833,42,100,5.0,0.3,32,0.0
experiments\sd_lora_ici_outputs\AKIEC\AKIEC_near_MEL_0026.png,AKIEC,MEL,a dermoscopic image of actinic keratosis or intraepithelial carcinoma,a dermoscopic image of actinic keratosis or intraepithelial carcinoma,dataset\ISIC2018_Task3_Training_Input\ISIC_0024418.jpg,dataset\ISIC2018_Task3_Training_Input\ISIC_0027668.jpg,ISIC_0024418,ISIC_0027668,-0.0004799365997314,0.0571367740631103,3.226325037355423,1.575287103652954,42,100,5.0,0.3,32,0.0
experiments\sd_lora_ici_outputs\AKIEC\AKIEC_near_MEL_0027.png,AKIEC,MEL,a dermoscopic image of actinic keratosis or intraepithelial carcinoma,a dermoscopic image of actinic keratosis or intraepithelial carcinoma,dataset\ISIC2018_Task3_Training_Input\ISIC_0031852.jpg,dataset\ISIC2018_Task3_Training_Input\ISIC_0027172.jpg,ISIC_0031852,ISIC_0027172,-0.0087957978248596,0.2579007744789123,0.49771689229319865,1.5467909574508667,42,100,5.0,0.3,32,0.0
experiments\sd_lora_ici_outputs\AKIEC\AKIEC_near_MEL_0028.png,AKIEC,MEL,a dermoscopic image of actinic keratosis or intraepithelial carcinoma,a dermoscopic image of actinic keratosis or intraepithelial carcinoma,dataset\ISIC2018_Task3_Training_Input\ISIC_0031852.jpg,dataset\ISIC2018_Task3_Training_Input\ISIC_0030280.jpg,ISIC_0031852,ISIC_0030280,-0.0087957978248596,0.084439992904663,3.8185529504231015,1.5504627227783203,42,100,5.0,0.3,32,0.0
experiments\sd_lora_ici_outputs\AKIEC\AKIEC_near_MEL_0029.png,AKIEC,MEL,a dermoscopic image of actinic keratosis or intraepithelial carcinoma,a dermoscopic image of actinic keratosis or intraepithelial carcinoma,dataset\ISIC2018_Task3_Training_Input\ISIC_0027550.jpg,dataset\ISIC2018_Task3_Training_Input\ISIC_0029610.jpg,ISIC_0027550,ISIC_0029610,0.1410123109817505,0.0250422954559326,0.20054502737899854,1.5865068435668945,42,100,5.0,0.3,32,0.0
experiments\sd_lora_ici_outputs\AKIEC\AKIEC_near_MEL_0030.png,AKIEC,MEL,a dermoscopic image of actinic keratosis or intraepithelial carcinoma,a dermoscopic image of actinic keratosis or intraepithelial carcinoma,dataset\ISIC2018_Task3_Training_Input\ISIC_0032206.jpg,dataset\ISIC2018_Task3_Training_Input\ISIC_0030280.jpg,ISIC_0032206,ISIC_0030280,0.2430174350738525,0.084439992904663,3.7099059807943395,1.5651315450668335,42,100,5.0,0.3,32,0.0
experiments\sd_lora_ici_outputs\AKIEC\AKIEC_near_MEL_0031.png,AKIEC,MEL,a dermoscopic image of actinic keratosis or intraepithelial carcinoma,a dermoscopic image of actinic keratosis or intraepithelial carcinoma,dataset\ISIC2018_Task3_Training_Input\ISIC_0024470.jpg,dataset\ISIC2018_Task3_Training_Input\ISIC_0027172.jpg,ISIC_0024470,ISIC_0027172,0.2576093673706054,0.2579007744789123,1.7304379860518226,1.572782039642334,42,100,5.0,0.3,32,0.0
experiments\sd_lora_ici_outputs\AKIEC\AKIEC_near_MEL_0032.png,AKIEC,MEL,a dermoscopic image of actinic keratosis or intraepithelial carcinoma,a dermoscopic image of actinic keratosis or intraepithelial carcinoma,dataset\ISIC2018_Task3_Training_Input\ISIC_0026014.jpg,dataset\ISIC2018_Task3_Training_Input\ISIC_0029279.jpg,ISIC_0026014,ISIC_0029279,-0.0451735258102417,0.269294798374176,2.9255227560685366,1.5558700561523438,42,100,5.0,0.3,32,0.0
experiments\sd_lora_ici_outputs\AKIEC\AKIEC_near_MEL_0033.png,AKIEC,MEL,a dermoscopic image of actinic keratosis or intraepithelial carcinoma,a dermoscopic image of actinic keratosis or intraepithelial carcinoma,dataset\ISIC2018_Task3_Training_Input\ISIC_0024418.jpg,dataset\ISIC2018_Task3_Training_Input\ISIC_0025411.jpg,ISIC_0024418,ISIC_0025411,-0.0004799365997314,0.1474609375,2.0196620004945767,1.543453335762024,42,100,5.0,0.3,32,0.0
experiments\sd_lora_ici_outputs\AKIEC\AKIEC_near_MEL_0034.png,AKIEC,MEL,a dermoscopic image of actinic keratosis or intraepithelial carcinoma,a dermoscopic image of actinic keratosis or intraepithelial carcinoma,dataset\ISIC2018_Task3_Training_Input\ISIC_0024470.jpg,dataset\ISIC2018_Task3_Training_Input\ISIC_0032206.jpg,ISIC_0024470,ISIC_0032206,0.2576093673706054,0.2430174350738525,1.5788654265888118,1.5230937004089355,42,100,5.0,0.3,32,0.0
experiments\sd_lora_ici_outputs\AKIEC\AKIEC_near_MEL_0035.png,AKIEC,MEL,a dermoscopic image of actinic keratosis or intraepithelial carcinoma,a dermoscopic image of actinic keratosis or intraepithelial carcinoma,dataset\ISIC2018_Task3_Training_Input\ISIC_0032199.jpg,dataset\ISIC2018_Task3_Training_Input\ISIC_0027678.jpg,ISIC_0032199,ISIC_0027678,0.2092601656913757,0.1284863352775573,1.7261158387232378,1.553087592124939,42,100,5.0,0.3,32,0.0
experiments\sd_lora_ici_outputs\AKIEC\AKIEC_near_MEL_0036.png,AKIEC,MEL,a dermoscopic image of actinic keratosis or intraepithelial carcinoma,a dermoscopic image of actinic keratosis or intraepithelial carcinoma,dataset\ISIC2018_Task3_Training_Input\ISIC_0027930.jpg,dataset\ISIC2018_Task3_Training_Input\ISIC_0028381.jpg,ISIC_0027930,ISIC_0028381,0.0863652229309082,0.0674079060554504,1.3905818053218442,1.5992522239685059,42,100,5.0,0.3,32,0.0
experiments\sd_lora_ici_outputs\AKIEC\AKIEC_near_MEL_0037.png,AKIEC,MEL,a dermoscopic image of actinic keratosis or intraepithelial carcinoma,a dermoscopic image of actinic keratosis or intraepithelial carcinoma,dataset\ISIC2018_Task3_Training_Input\ISIC_0027678.jpg,dataset\ISIC2018_Task3_Training_Input\ISIC_0030280.jpg,ISIC_0027678,ISIC_0030280,0.1284863352775573,0.084439992904663,3.610373540459498,1.5807349681854248,42,100,5.0,0.3,32,0.0
experiments\sd_lora_ici_outputs\AKIEC\AKIEC_near_MEL_0038.png,AKIEC,MEL,a dermoscopic image of actinic keratosis or intraepithelial carcinoma,a dermoscopic image of actinic keratosis or intraepithelial carcinoma,dataset\ISIC2018_Task3_Training_Input\ISIC_0027930.jpg,dataset\ISIC2018_Task3_Training_Input\ISIC_0027550.jpg,ISIC_0027930,ISIC_0027550,0.0863652229309082,0.1410123109817505,1.1000682190713942,1.5705947875976562,42,100,5.0,0.3,32,0.0
experiments\sd_lora_ici_outputs\AKIEC\AKIEC_near_MEL_0039.png,AKIEC,MEL,a dermoscopic image of actinic keratosis or intraepithelial carcinoma,a dermoscopic image of actinic keratosis or intraepithelial carcinoma,dataset\ISIC2018_Task3_Training_Input\ISIC_0032277.jpg,dataset\ISIC2018_Task3_Training_Input\ISIC_0028854.jpg,ISIC_0032277,ISIC_0028854,0.0393309593200683,0.3556819558143616,1.7758546735746572,1.5780415534973145,42,100,5.0,0.3,32,0.0
experiments\sd_lora_ici_outputs\AKIEC\AKIEC_near_MEL_0040.png,AKIEC,MEL,a dermoscopic image of actinic keratosis or intraepithelial carcinoma,a dermoscopic image of actinic keratosis or intraepithelial carcinoma,dataset\ISIC2018_Task3_Training_Input\ISIC_0029563.jpg,dataset\ISIC2018_Task3_Training_Input\ISIC_0028231.jpg,ISIC_0029563,ISIC_0028231,0.1213533282279968,0.1665832996368408,0.5967822589847052,1.5648566484451294,42,100,5.0,0.3,32,0.0
experiments\sd_lora_ici_outputs\AKIEC\AKIEC_near_MEL_0041.png,AKIEC,MEL,a dermoscopic image of actinic keratosis or intraepithelial carcinoma,a dermoscopic image of actinic keratosis or intraepithelial carcinoma,dataset\ISIC2018_Task3_Training_Input\ISIC_0027678.jpg,dataset\ISIC2018_Task3_Training_Input\ISIC_0031852.jpg,ISIC_0027678,ISIC_0031852,0.1284863352775573,-0.0087957978248596,2.426996267962876,1.589843988418579,42,100,5.0,0.3,32,0.0
experiments\sd_lora_ici_outputs\AKIEC\AKIEC_near_MEL_0042.png,AKIEC,MEL,a dermoscopic image of actinic keratosis or intraepithelial carcinoma,a dermoscopic image of actinic keratosis or intraepithelial carcinoma,dataset\ISIC2018_Task3_Training_Input\ISIC_0027343.jpg,dataset\ISIC2018_Task3_Training_Input\ISIC_0028231.jpg,ISIC_0027343,ISIC_0028231,-0.1134828329086303,0.1665832996368408,2.4421757336700005,1.5873476266860962,42,100,5.0,0.3,32,0.0
experiments\sd_lora_ici_outputs\AKIEC\AKIEC_near_MEL_0043.png,AKIEC,MEL,a dermoscopic image of actinic keratosis or intraepithelial carcinoma,a dermoscopic image of actinic keratosis or intraepithelial carcinoma,dataset\ISIC2018_Task3_Training_Input\ISIC_0029279.jpg,dataset\ISIC2018_Task3_Training_Input\ISIC_0032206.jpg,ISIC_0029279,ISIC_0032206,0.269294798374176,0.2430174350738525,2.583810723407025,1.5740201473236084,42,100,5.0,0.3,32,0.0
experiments\sd_lora_ici_outputs\AKIEC\AKIEC_near_MEL_0044.png,AKIEC,MEL,a dermoscopic image of actinic keratosis or intraepithelial carcinoma,a dermoscopic image of actinic keratosis or intraepithelial carcinoma,dataset\ISIC2018_Task3_Training_Input\ISIC_0028644.jpg,dataset\ISIC2018_Task3_Training_Input\ISIC_0031852.jpg,ISIC_0028644,ISIC_0031852,0.0133047699928283,-0.0087957978248596,1.993083650599754,1.5727530717849731,42,100,5.0,0.3,32,0.0
experiments\sd_lora_ici_outputs\AKIEC\AKIEC_near_MEL_0045.png,AKIEC,MEL,a dermoscopic image of actinic keratosis or intraepithelial carcinoma,a dermoscopic image of actinic keratosis or intraepithelial carcinoma,dataset\ISIC2018_Task3_Training_Input\ISIC_0032371.jpg,dataset\ISIC2018_Task3_Training_Input\ISIC_0028381.jpg,ISIC_0032371,ISIC_0028381,0.2163267135620117,0.0674079060554504,3.5549280273085135,1.5602738857269287,42,100,5.0,0.3,32,0.0
experiments\sd_lora_ici_outputs\AKIEC\AKIEC_near_MEL_0046.png,AKIEC,MEL,a dermoscopic image of actinic keratosis or intraepithelial carcinoma,a dermoscopic image of actinic keratosis or intraepithelial carcinoma,dataset\ISIC2018_Task3_Training_Input\ISIC_0028820.jpg,dataset\ISIC2018_Task3_Training_Input\ISIC_0027930.jpg,ISIC_0028820,ISIC_0027930,0.1970377564430236,0.0863652229309082,1.917334150768653,1.5698046684265137,42,100,5.0,0.3,32,0.0
experiments\sd_lora_ici_outputs\AKIEC\AKIEC_near_MEL_0047.png,AKIEC,MEL,a dermoscopic image of actinic keratosis or intraepithelial carcinoma,a dermoscopic image of actinic keratosis or intraepithelial carcinoma,dataset\ISIC2018_Task3_Training_Input\ISIC_0032277.jpg,dataset\ISIC2018_Task3_Training_Input\ISIC_0026626.jpg,ISIC_0032277,ISIC_0026626,0.0393309593200683,0.1316269636154174,0.34994419600909804,1.5750247240066528,42,100,5.0,0.3,32,0.0
experiments\sd_lora_ici_outputs\AKIEC\AKIEC_near_MEL_0048.png,AKIEC,MEL,a dermoscopic image of actinic keratosis or intraepithelial carcinoma,a dermoscopic image of actinic keratosis or intraepithelial carcinoma,dataset\ISIC2018_Task3_Training_Input\ISIC_0031852.jpg,dataset\ISIC2018_Task3_Training_Input\ISIC_0030280.jpg,ISIC_0031852,ISIC_0030280,-0.0087957978248596,0.084439992904663,1.5521533793647346,1.5504627227783203,42,100,5.0,0.3,32,0.0
experiments\sd_lora_ici_outputs\AKIEC\AKIEC_near_MEL_0049.png,AKIEC,MEL,a dermoscopic image of actinic keratosis or intraepithelial carcinoma,a dermoscopic image of actinic keratosis or intraepithelial carcinoma,dataset\ISIC2018_Task3_Training_Input\ISIC_0025264.jpg,dataset\ISIC2018_Task3_Training_Input\ISIC_0026857.jpg,ISIC_0025264,ISIC_0026857,0.1346983909606933,0.1105862855911254,1.6692329296582868,1.5780482292175293,42,100,5.0,0.3,32,0.0
experiments\sd_lora_ici_outputs\BCC\BCC_near_AKIEC_0000.png,BCC,AKIEC,a dermoscopic image of basal cell carcinoma,a dermoscopic image of basal cell carcinoma,dataset\ISIC2018_Task3_Training_Input\ISIC_0030249.jpg,dataset\ISIC2018_Task3_Training_Input\ISIC_0025144.jpg,ISIC_0030249,ISIC_0025144,-0.1007530689239502,-0.0128033757209777,2.57687876699685,1.5669751167297363,42,100,5.0,0.3,32,0.0
experiments\sd_lora_ici_outputs\BCC\BCC_near_AKIEC_0001.png,BCC,AKIEC,a dermoscopic image of basal cell carcinoma,a dermoscopic image of basal cell carcinoma,dataset\ISIC2018_Task3_Training_Input\ISIC_0024331.jpg,dataset\ISIC2018_Task3_Training_Input\ISIC_0027526.jpg,ISIC_0024331,ISIC_0027526,0.0188744664192199,0.0518231987953186,3.1289489170742946,1.6008386611938477,42,100,5.0,0.3,32,0.0
experiments\sd_lora_ici_outputs\BCC\BCC_near_AKIEC_0002.png,BCC,AKIEC,a dermoscopic image of basal cell carcinoma,a dermoscopic image of basal cell carcinoma,dataset\ISIC2018_Task3_Training_Input\ISIC_0028688.jpg,dataset\ISIC2018_Task3_Training_Input\ISIC_0025266.jpg,ISIC_0028688,ISIC_0025266,-0.0638293027877807,0.0386555790901184,0.9889696461425659,1.5829014778137207,42,100,5.0,0.3,32,0.0
experiments\sd_lora_ici_outputs\BCC\BCC_near_AKIEC_0003.png,BCC,AKIEC,a dermoscopic image of basal cell carcinoma,a dermoscopic image of basal cell carcinoma,dataset\ISIC2018_Task3_Training_Input\ISIC_0029034.jpg,dataset\ISIC2018_Task3_Training_Input\ISIC_0028728.jpg,ISIC_0029034,ISIC_0028728,0.0437805652618408,0.016302466392517,4.004017166619766,1.5599420070648193,42,100,5.0,0.3,32,0.0
experiments\sd_lora_ici_outputs\BCC\BCC_near_AKIEC_0004.png,BCC,AKIEC,a dermoscopic image of basal cell carcinoma,a dermoscopic image of basal cell carcinoma,dataset\ISIC2018_Task3_Training_Input\ISIC_0029412.jpg,dataset\ISIC2018_Task3_Training_Input\ISIC_0029083.jpg,ISIC_0029412,ISIC_0029083,-0.2778334617614746,0.0459433197975158,2.1878065135749023,1.5613335371017456,42,100,5.0,0.3,32,0.0
experiments\sd_lora_ici_outputs\BCC\BCC_near_AKIEC_0005.png,BCC,AKIEC,a dermoscopic image of basal cell carcinoma,a dermoscopic image of basal cell carcinoma,dataset\ISIC2018_Task3_Training_Input\ISIC_0028050.jpg,dataset\ISIC2018_Task3_Training_Input\ISIC_0028688.jpg,ISIC_0028050,ISIC_0028688,0.0212495326995849,-0.0638293027877807,0.07849759160272853,1.5632390975952148,42,100,5.0,0.3,32,0.0
experiments\sd_lora_ici_outputs\BCC\BCC_near_AKIEC_0006.png,BCC,AKIEC,a dermoscopic image of basal cell carcinoma,a dermoscopic image of basal cell carcinoma,dataset\ISIC2018_Task3_Training_Input\ISIC_0029083.jpg,dataset\ISIC2018_Task3_Training_Input\ISIC_0029392.jpg,ISIC_0029083,ISIC_0029392,0.0459433197975158,-0.1239349842071533,1.5006448176801064,1.601515769958496,42,100,5.0,0.3,32,0.0
experiments\sd_lora_ici_outputs\BCC\BCC_near_AKIEC_0007.png,BCC,AKIEC,a dermoscopic image of basal cell carcinoma,a dermoscopic image of basal cell carcinoma,dataset\ISIC2018_Task3_Training_Input\ISIC_0025576.jpg,dataset\ISIC2018_Task3_Training_Input\ISIC_0030737.jpg,ISIC_0025576,ISIC_0030737,-0.1076433062553405,-0.0702554583549499,2.8873120232018468,1.5523920059204102,42,100,5.0,0.3,32,0.0
experiments\sd_lora_ici_outputs\BCC\BCC_near_AKIEC_0008.png,BCC,AKIEC,a dermoscopic image of basal cell carcinoma,a dermoscopic image of basal cell carcinoma,dataset\ISIC2018_Task3_Training_Input\ISIC_0026687.jpg,dataset\ISIC2018_Task3_Training_Input\ISIC_0029392.jpg,ISIC_0026687,ISIC_0029392,-0.1107274293899536,-0.1239349842071533,1.9456777177367082,1.5490469932556152,42,100,5.0,0.3,32,0.0
experiments\sd_lora_ici_outputs\BCC\BCC_near_AKIEC_0009.png,BCC,AKIEC,a dermoscopic image of basal cell carcinoma,a dermoscopic image of basal cell carcinoma,dataset\ISIC2018_Task3_Training_Input\ISIC_0032092.jpg,dataset\ISIC2018_Task3_Training_Input\ISIC_0028050.jpg,ISIC_0032092,ISIC_0028050,0.0557705163955688,0.0212495326995849,3.2236725652675857,1.5230770111083984,42,100,5.0,0.3,32,0.0
experiments\sd_lora_ici_outputs\BCC\BCC_near_AKIEC_0010.png,BCC,AKIEC,a dermoscopic image of basal cell carcinoma,a dermoscopic image of basal cell carcinoma,dataset\ISIC2018_Task3_Training_Input\ISIC_0029820.jpg,dataset\ISIC2018_Task3_Training_Input\ISIC_0032497.jpg,ISIC_0029820,ISIC_0032497,-0.1032803654670715,-0.068532645702362,1.3780821218743502,1.5685786008834839,42,100,5.0,0.3,32,0.0
experiments\sd_lora_ici_outputs\BCC\BCC_near_AKIEC_0011.png,BCC,AKIEC,a dermoscopic image of basal cell carcinoma,a dermoscopic image of basal cell carcinoma,dataset\ISIC2018_Task3_Training_Input\ISIC_0028168.jpg,dataset\ISIC2018_Task3_Training_Input\ISIC_0026970.jpg,ISIC_0028168,ISIC_0026970,-0.0650707483291626,0.0386461615562438,2.2898867447059494,1.5520814657211304,42,100,5.0,0.3,32,0.0
experiments\sd_lora_ici_outputs\BCC\BCC_near_AKIEC_0012.png,BCC,AKIEC,a dermoscopic image of basal cell carcinoma,a dermoscopic image of basal cell carcinoma,dataset\ISIC2018_Task3_Training_Input\ISIC_0029278.jpg,dataset\ISIC2018_Task3_Training_Input\ISIC_0027526.jpg,ISIC_0029278,ISIC_0027526,-0.0749238133430481,0.0518231987953186,1.312540255912174,1.5395338535308838,42,100,5.0,0.3,32,0.0
experiments\sd_lora_ici_outputs\BCC\BCC_near_AKIEC_0013.png,BCC,AKIEC,a dermoscopic image of basal cell carcinoma,a dermoscopic image of basal cell carcinoma,dataset\ISIC2018_Task3_Training_Input\ISIC_0026988.jpg,dataset\ISIC2018_Task3_Training_Input\ISIC_0029278.jpg,ISIC_0026988,ISIC_0029278,-0.0618292689323425,-0.0749238133430481,1.0737028093777676,1.582558512687683,42,100,5.0,0.3,32,0.0
experiments\sd_lora_ici_outputs\BCC\BCC_near_AKIEC_0014.png,BCC,AKIEC,a dermoscopic image of basal cell carcinoma,a dermoscopic image of basal cell carcinoma,dataset\ISIC2018_Task3_Training_Input\ISIC_0024332.jpg,dataset\ISIC2018_Task3_Training_Input\ISIC_0026324.jpg,ISIC_0024332,ISIC_0026324,0.0508268475532531,0.0433355569839477,0.1054968982563179,1.5522584915161133,42,100,5.0,0.3,32,0.0
experiments\sd_lora_ici_outputs\BCC\BCC_near_AKIEC_0015.png,BCC,AKIEC,a dermoscopic image of basal cell carcinoma,a dermoscopic image of basal cell carcinoma,dataset\ISIC2018_Task3_Training_Input\ISIC_0030737.jpg,dataset\ISIC2018_Task3_Training_Input\ISIC_0028814.jpg,ISIC_0030737,ISIC_0028814,-0.0702554583549499,0.0075490474700927,2.3984767791689836,1.564239740371704,42,100,5.0,0.3,32,0.0
experiments\sd_lora_ici_outputs\BCC\BCC_near_AKIEC_0016.png,BCC,AKIEC,a dermoscopic image of basal cell carcinoma,a dermoscopic image of basal cell carcinoma,dataset\ISIC2018_Task3_Training_Input\ISIC_0024403.jpg,dataset\ISIC2018_Task3_Training_Input\ISIC_0030737.jpg,ISIC_0024403,ISIC_0030737,0.0034028887748718,-0.0702554583549499,0.11584919380486537,1.5892995595932007,42,100,5.0,0.3,32,0.0
experiments\sd_lora_ici_outputs\BCC\BCC_near_AKIEC_0017.png,BCC,AKIEC,a dermoscopic image of basal cell carcinoma,a dermoscopic image of basal cell carcinoma,dataset\ISIC2018_Task3_Training_Input\ISIC_0028583.jpg,dataset\ISIC2018_Task3_Training_Input\ISIC_0025940.jpg,ISIC_0028583,ISIC_0025940,-0.1921392083168029,-0.1470041871070861,3.3195485396487894,1.534459114074707,42,100,5.0,0.3,32,0.0
experiments\sd_lora_ici_outputs\BCC\BCC_near_AKIEC_0018.png,BCC,AKIEC,a dermoscopic image of basal cell carcinoma,a dermoscopic image of basal cell carcinoma,dataset\ISIC2018_Task3_Training_Input\ISIC_0026324.jpg,dataset\ISIC2018_Task3_Training_Input\ISIC_0033979.jpg,ISIC_0026324,ISIC_0033979,0.0433355569839477,-0.0141116380691528,1.1110787896671201,1.588683009147644,42,100,5.0,0.3,32,0.0
experiments\sd_lora_ici_outputs\BCC\BCC_near_AKIEC_0019.png,BCC,AKIEC,a dermoscopic image of basal cell carcinoma,a dermoscopic image of basal cell carcinoma,dataset\ISIC2018_Task3_Training_Input\ISIC_0032497.jpg,dataset\ISIC2018_Task3_Training_Input\ISIC_0029035.jpg,ISIC_0032497,ISIC_0029035,-0.068532645702362,-0.2008959650993347,3.268339868943503,1.5545880794525146,42,100,5.0,0.3,32,0.0
experiments\sd_lora_ici_outputs\BCC\BCC_near_AKIEC_0020.png,BCC,AKIEC,a dermoscopic image of basal cell carcinoma,a dermoscopic image of basal cell carcinoma,dataset\ISIC2018_Task3_Training_Input\ISIC_0029412.jpg,dataset\ISIC2018_Task3_Training_Input\ISIC_0026988.jpg,ISIC_0029412,ISIC_0026988,-0.2778334617614746,-0.0618292689323425,1.8751004997384386,1.5805448293685913,42,100,5.0,0.3,32,0.0
experiments\sd_lora_ici_outputs\BCC\BCC_near_AKIEC_0021.png,BCC,AKIEC,a dermoscopic image of basal cell carcinoma,a dermoscopic image of basal cell carcinoma,dataset\ISIC2018_Task3_Training_Input\ISIC_0026668.jpg,dataset\ISIC2018_Task3_Training_Input\ISIC_0025576.jpg,ISIC_0026668,ISIC_0025576,0.0561432242393493,-0.1076433062553405,1.4407133553432065,1.5588229894638062,42,100,5.0,0.3,32,0.0
experiments\sd_lora_ici_outputs\BCC\BCC_near_AKIEC_0022.png,BCC,AKIEC,a dermoscopic image of basal cell carcinoma,a dermoscopic image of basal cell carcinoma,dataset\ISIC2018_Task3_Training_Input\ISIC_0026324.jpg,dataset\ISIC2018_Task3_Training_Input\ISIC_0030737.jpg,ISIC_0026324,ISIC_0030737,0.0433355569839477,-0.0702554583549499,2.377558574801634,1.543310284614563,42,100,5.0,0.3,32,0.0
experiments\sd_lora_ici_outputs\BCC\BCC_near_AKIEC_0023.png,BCC,AKIEC,a dermoscopic image of basal cell carcinoma,a dermoscopic image of basal cell carcinoma,dataset\ISIC2018_Task3_Training_Input\ISIC_0030249.jpg,dataset\ISIC2018_Task3_Training_Input\ISIC_0032092.jpg,ISIC_0030249,ISIC_0032092,-0.1007530689239502,0.0557705163955688,0.9359472089587798,1.562574863433838,42,100,5.0,0.3,32,0.0
experiments\sd_lora_ici_outputs\BCC\BCC_near_AKIEC_0024.png,BCC,AKIEC,a dermoscopic image of basal cell carcinoma,a dermoscopic image of basal cell carcinoma,dataset\ISIC2018_Task3_Training_Input\ISIC_0025144.jpg,dataset\ISIC2018_Task3_Training_Input\ISIC_0028050.jpg,ISIC_0025144,ISIC_0028050,-0.0128033757209777,0.0212495326995849,0.6357306538241819,1.5776370763778687,42,100,5.0,0.3,32,0.0
experiments\sd_lora_ici_outputs\BCC\BCC_near_AKIEC_0025.png,BCC,AKIEC,a dermoscopic image of basal cell carcinoma,a dermoscopic image of basal cell carcinoma,dataset\ISIC2018_Task3_Training_Input\ISIC_0027526.jpg,dataset\ISIC2018_Task3_Training_Input\ISIC_0033979.jpg,ISIC_0027526,ISIC_0033979,0.0518231987953186,-0.0141116380691528,1.0161677110300447,1.5325539112091064,42,100,5.0,0.3,32,0.0
experiments\sd_lora_ici_outputs\BCC\BCC_near_AKIEC_0026.png,BCC,AKIEC,a dermoscopic image of basal cell carcinoma,a dermoscopic image of basal cell carcinoma,dataset\ISIC2018_Task3_Training_Input\ISIC_0028050.jpg,dataset\ISIC2018_Task3_Training_Input\ISIC_0029412.jpg,ISIC_0028050,ISIC_0029412,0.0212495326995849,-0.2778334617614746,0.9587916627995272,1.580330491065979,42,100,5.0,0.3,32,0.0
experiments\sd_lora_ici_outputs\BCC\BCC_near_AKIEC_0027.png,BCC,AKIEC,a dermoscopic image of basal cell carcinoma,a dermoscopic image of basal cell carcinoma,dataset\ISIC2018_Task3_Training_Input\ISIC_0026687.jpg,dataset\ISIC2018_Task3_Training_Input\ISIC_0027229.jpg,ISIC_0026687,ISIC_0027229,-0.1107274293899536,-0.1524083018302917,2.1513750007329286,1.5586638450622559,42,100,5.0,0.3,32,0.0
experiments\sd_lora_ici_outputs\BCC\BCC_near_AKIEC_0028.png,BCC,AKIEC,a dermoscopic image of basal cell carcinoma,a dermoscopic image of basal cell carcinoma,dataset\ISIC2018_Task3_Training_Input\ISIC_0025932.jpg,dataset\ISIC2018_Task3_Training_Input\ISIC_0029820.jpg,ISIC_0025932,ISIC_0029820,0.0517320036888122,-0.1032803654670715,3.2207631540981674,1.5435751676559448,42,100,5.0,0.3,32,0.0
experiments\sd_lora_ici_outputs\BCC\BCC_near_AKIEC_0029.png,BCC,AKIEC,a dermoscopic image of basal cell carcinoma,a dermoscopic image of basal cell carcinoma,dataset\ISIC2018_Task3_Training_Input\ISIC_0024331.jpg,dataset\ISIC2018_Task3_Training_Input\ISIC_0029035.jpg,ISIC_0024331,ISIC_0029035,0.0188744664192199,-0.2008959650993347,3.021392459319735,1.53276526927948,42,100,5.0,0.3,32,0.0
experiments\sd_lora_ici_outputs\BCC\BCC_near_AKIEC_0030.png,BCC,AKIEC,a dermoscopic image of basal cell carcinoma,a dermoscopic image of basal cell carcinoma,dataset\ISIC2018_Task3_Training_Input\ISIC_0030271.jpg,dataset\ISIC2018_Task3_Training_Input\ISIC_0031585.jpg,ISIC_0030271,ISIC_0031585,-0.0428111553192138,0.0311792492866516,3.0236624383362867,1.587699055671692,42,100,5.0,0.3,32,0.0
experiments\sd_lora_ici_outputs\BCC\BCC_near_AKIEC_0031.png,BCC,AKIEC,a dermoscopic image of basal cell carcinoma,a dermoscopic image of basal cell carcinoma,dataset\ISIC2018_Task3_Training_Input\ISIC_0028050.jpg,dataset\ISIC2018_Task3_Training_Input\ISIC_0029820.jpg,ISIC_0028050,ISIC_0029820,0.0212495326995849,-0.1032803654670715,3.751626218085884,1.5873699188232422,42,100,5.0,0.3,32,0.0
experiments\sd_lora_ici_outputs\BCC\BCC_near_AKIEC_0032.png,BCC,AKIEC,a dermoscopic image of basal cell carcinoma,a dermoscopic image of basal cell carcinoma,dataset\ISIC2018_Task3_Training_Input\ISIC_0033979.jpg,dataset\ISIC2018_Task3_Training_Input\ISIC_0025576.jpg,ISIC_0033979,ISIC_0025576,-0.0141116380691528,-0.1076433062553405,2.362646256440924,1.5309867858886719,42,100,5.0,0.3,32,0.0
experiments\sd_lora_ici_outputs\BCC\BCC_near_AKIEC_0033.png,BCC,AKIEC,a dermoscopic image of basal cell carcinoma,a dermoscopic image of basal cell carcinoma,dataset\ISIC2018_Task3_Training_Input\ISIC_0029035.jpg,dataset\ISIC2018_Task3_Training_Input\ISIC_0028688.jpg,ISIC_0029035,ISIC_0028688,-0.2008959650993347,-0.0638293027877807,3.9812816540393543,1.5508232116699219,42,100,5.0,0.3,32,0.0
experiments\sd_lora_ici_outputs\BCC\BCC_near_AKIEC_0034.png,BCC,AKIEC,a dermoscopic image of basal cell carcinoma,a dermoscopic image of basal cell carcinoma,dataset\ISIC2018_Task3_Training_Input\ISIC_0030271.jpg,dataset\ISIC2018_Task3_Training_Input\ISIC_0029035.jpg,ISIC_0030271,ISIC_0029035,-0.0428111553192138,-0.2008959650993347,1.5550884289960925,1.5693838596343994,42,100,5.0,0.3,32,0.0
experiments\sd_lora_ici_outputs\BCC\BCC_near_AKIEC_0035.png,BCC,AKIEC,a dermoscopic image of basal cell carcinoma,a dermoscopic image of basal cell carcinoma,dataset\ISIC2018_Task3_Training_Input\ISIC_0024345.jpg,dataset\ISIC2018_Task3_Training_Input\ISIC_0029278.jpg,ISIC_0024345,ISIC_0029278,-0.0479079484939575,-0.0749238133430481,3.8021589939811307,1.545456886291504,42,100,5.0,0.3,32,0.0
experiments\sd_lora_ici_outputs\BCC\BCC_near_AKIEC_0036.png,BCC,AKIEC,a dermoscopic image of basal cell carcinoma,a dermoscopic image of basal cell carcinoma,dataset\ISIC2018_Task3_Training_Input\ISIC_0024332.jpg,dataset\ISIC2018_Task3_Training_Input\ISIC_0029053.jpg,ISIC_0024332,ISIC_0029053,0.0508268475532531,-0.0747692584991455,3.9267652076570028,1.586558222770691,42,100,5.0,0.3,32,0.0
experiments\sd_lora_ici_outputs\BCC\BCC_near_AKIEC_0037.png,BCC,AKIEC,a dermoscopic image of basal cell carcinoma,a dermoscopic image of basal cell carcinoma,dataset\ISIC2018_Task3_Training_Input\ISIC_0029083.jpg,dataset\ISIC2018_Task3_Training_Input\ISIC_0029392.jpg,ISIC_0029083,ISIC_0029392,0.0459433197975158,-0.1239349842071533,0.6815199098428849,1.601515769958496,42,100,5.0,0.3,32,0.0
experiments\sd_lora_ici_outputs\BCC\BCC_near_AKIEC_0038.png,BCC,AKIEC,a dermoscopic image of basal cell carcinoma,a dermoscopic image of basal cell carcinoma,dataset\ISIC2018_Task3_Training_Input\ISIC_0024345.jpg,dataset\ISIC2018_Task3_Training_Input\ISIC_0026668.jpg,ISIC_0024345,ISIC_0026668,-0.0479079484939575,0.0561432242393493,0.9447482490258593,1.5732176303863525,42,100,5.0,0.3,32,0.0
experiments\sd_lora_ici_outputs\BCC\BCC_near_AKIEC_0039.png,BCC,AKIEC,a dermoscopic image of basal cell carcinoma,a dermoscopic image of basal cell carcinoma,dataset\ISIC2018_Task3_Training_Input\ISIC_0028050.jpg,dataset\ISIC2018_Task3_Training_Input\ISIC_0034119.jpg,ISIC_0028050,ISIC_0034119,0.0212495326995849,-0.0221683979034423,1.2737300450628453,1.5686843395233154,42,100,5.0,0.3,32,0.0
experiments\sd_lora_ici_outputs\BCC\BCC_near_AKIEC_0040.png,BCC,AKIEC,a dermoscopic image of basal cell carcinoma,a dermoscopic image of basal cell carcinoma,dataset\ISIC2018_Task3_Training_Input\ISIC_0025266.jpg,dataset\ISIC2018_Task3_Training_Input\ISIC_0032092.jpg,ISIC_0025266,ISIC_0032092,0.0386555790901184,0.0557705163955688,2.924675755497553,1.5856975317001343,42,100,5.0,0.3,32,0.0
experiments\sd_lora_ici_outputs\BCC\BCC_near_AKIEC_0041.png,BCC,AKIEC,a dermoscopic image of basal cell carcinoma,a dermoscopic image of basal cell carcinoma,dataset\ISIC2018_Task3_Training_Input\ISIC_0029820.jpg,dataset\ISIC2018_Task3_Training_Input\ISIC_0029053.jpg,ISIC_0029820,ISIC_0029053,-0.1032803654670715,-0.0747692584991455,1.4547317652041256,1.5496333837509155,42,100,5.0,0.3,32,0.0
experiments\sd_lora_ici_outputs\BCC\BCC_near_AKIEC_0042.png,BCC,AKIEC,a dermoscopic image of basal cell carcinoma,a dermoscopic image of basal cell carcinoma,dataset\ISIC2018_Task3_Training_Input\ISIC_0030249.jpg,dataset\ISIC2018_Task3_Training_Input\ISIC_0030261.jpg,ISIC_0030249,ISIC_0030261,-0.1007530689239502,-0.0918989777565002,2.357856729162958,1.576387882232666,42,100,5.0,0.3,32,0.0
experiments\sd_lora_ici_outputs\BCC\BCC_near_AKIEC_0043.png,BCC,AKIEC,a dermoscopic image of basal cell carcinoma,a dermoscopic image of basal cell carcinoma,dataset\ISIC2018_Task3_Training_Input\ISIC_0034119.jpg,dataset\ISIC2018_Task3_Training_Input\ISIC_0031057.jpg,ISIC_0034119,ISIC_0031057,-0.0221683979034423,-0.211130678653717,2.8162590742844165,1.569431185722351,42,100,5.0,0.3,32,0.0
experiments\sd_lora_ici_outputs\BCC\BCC_near_AKIEC_0044.png,BCC,AKIEC,a dermoscopic image of basal cell carcinoma,a dermoscopic image of basal cell carcinoma,dataset\ISIC2018_Task3_Training_Input\ISIC_0030261.jpg,dataset\ISIC2018_Task3_Training_Input\ISIC_0032092.jpg,ISIC_0030261,ISIC_0032092,-0.0918989777565002,0.0557705163955688,1.4147749777889298,1.561862587928772,42,100,5.0,0.3,32,0.0
experiments\sd_lora_ici_outputs\BCC\BCC_near_AKIEC_0045.png,BCC,AKIEC,a dermoscopic image of basal cell carcinoma,a dermoscopic image of basal cell carcinoma,dataset\ISIC2018_Task3_Training_Input\ISIC_0026988.jpg,dataset\ISIC2018_Task3_Training_Input\ISIC_0034119.jpg,ISIC_0026988,ISIC_0034119,-0.0618292689323425,-0.0221683979034423,2.311809834846673,1.5427993535995483,42,100,5.0,0.3,32,0.0
experiments\sd_lora_ici_outputs\BCC\BCC_near_AKIEC_0046.png,BCC,AKIEC,a dermoscopic image of basal cell carcinoma,a dermoscopic image of basal cell carcinoma,dataset\ISIC2018_Task3_Training_Input\ISIC_0029083.jpg,dataset\ISIC2018_Task3_Training_Input\ISIC_0032092.jpg,ISIC_0029083,ISIC_0032092,0.0459433197975158,0.0557705163955688,0.5752184111787486,1.552201747894287,42,100,5.0,0.3,32,0.0
experiments\sd_lora_ici_outputs\BCC\BCC_near_AKIEC_0047.png,BCC,AKIEC,a dermoscopic image of basal cell carcinoma,a dermoscopic image of basal cell carcinoma,dataset\ISIC2018_Task3_Training_Input\ISIC_0029053.jpg,dataset\ISIC2018_Task3_Training_Input\ISIC_0032497.jpg,ISIC_0029053,ISIC_0032497,-0.0747692584991455,-0.068532645702362,3.7953426722330343,1.5700229406356812,42,100,5.0,0.3,32,0.0
experiments\sd_lora_ici_outputs\BCC\BCC_near_AKIEC_0048.png,BCC,AKIEC,a dermoscopic image of basal cell carcinoma,a dermoscopic image of basal cell carcinoma,dataset\ISIC2018_Task3_Training_Input\ISIC_0030249.jpg,dataset\ISIC2018_Task3_Training_Input\ISIC_0025932.jpg,ISIC_0030249,ISIC_0025932,-0.1007530689239502,0.0517320036888122,3.334309667341286,1.5766745805740356,42,100,5.0,0.3,32,0.0
experiments\sd_lora_ici_outputs\BCC\BCC_near_AKIEC_0049.png,BCC,AKIEC,a dermoscopic image of basal cell carcinoma,a dermoscopic image of basal cell carcinoma,dataset\ISIC2018_Task3_Training_Input\ISIC_0029392.jpg,dataset\ISIC2018_Task3_Training_Input\ISIC_0030514.jpg,ISIC_0029392,ISIC_0030514,-0.1239349842071533,-0.0404531359672546,3.2919390103471513,1.5467785596847534,42,100,5.0,0.3,32,0.0
experiments\sd_lora_ici_outputs\BCC\BCC_near_BKL_0000.png,BCC,BKL,a dermoscopic image of basal cell carcinoma,a dermoscopic image of basal cell carcinoma,dataset\ISIC2018_Task3_Training_Input\ISIC_0025584.jpg,dataset\ISIC2018_Task3_Training_Input\ISIC_0032222.jpg,ISIC_0025584,ISIC_0032222,-0.0062532424926757,0.2648774981498718,3.930161165618815,1.5513678789138794,42,100,5.0,0.3,32,0.0
experiments\sd_lora_ici_outputs\BCC\BCC_near_BKL_0001.png,BCC,BKL,a dermoscopic image of basal cell carcinoma,a dermoscopic image of basal cell carcinoma,dataset\ISIC2018_Task3_Training_Input\ISIC_0026337.jpg,dataset\ISIC2018_Task3_Training_Input\ISIC_0026056.jpg,ISIC_0026337,ISIC_0026056,0.1417449116706848,0.1199579834938049,2.214652990091307,1.5380600690841675,42,100,5.0,0.3,32,0.0
experiments\sd_lora_ici_outputs\BCC\BCC_near_BKL_0002.png,BCC,BKL,a dermoscopic image of basal cell carcinoma,a dermoscopic image of basal cell carcinoma,dataset\ISIC2018_Task3_Training_Input\ISIC_0031298.jpg,dataset\ISIC2018_Task3_Training_Input\ISIC_0030335.jpg,ISIC_0031298,ISIC_0030335,0.2557209730148315,0.2143154740333557,0.7059917920158022,1.5624200105667114,42,100,5.0,0.3,32,0.0
experiments\sd_lora_ici_outputs\BCC\BCC_near_BKL_0003.png,BCC,BKL,a dermoscopic image of basal cell carcinoma,a dermoscopic image of basal cell carcinoma,dataset\ISIC2018_Task3_Training_Input\ISIC_0031614.jpg,dataset\ISIC2018_Task3_Training_Input\ISIC_0026337.jpg,ISIC_0031614,ISIC_0026337,0.1969191431999206,0.1417449116706848,0.15079549615684476,1.5818325281143188,42,100,5.0,0.3,32,0.0
experiments\sd_lora_ici_outputs\BCC\BCC_near_BKL_0004.png,BCC,BKL,a dermoscopic image of basal cell carcinoma,a dermoscopic image of basal cell carcinoma,dataset\ISIC2018_Task3_Training_Input\ISIC_0026337.jpg,dataset\ISIC2018_Task3_Training_Input\ISIC_0026090.jpg,ISIC_0026337,ISIC_0026090,0.1417449116706848,-0.0908255577087402,0.2223475674802324,1.587216854095459,42,100,5.0,0.3,32,0.0
experiments\sd_lora_ici_outputs\BCC\BCC_near_BKL_0005.png,BCC,BKL,a dermoscopic image of basal cell carcinoma,a dermoscopic image of basal cell carcinoma,dataset\ISIC2018_Task3_Training_Input\ISIC_0032741.jpg,dataset\ISIC2018_Task3_Training_Input\ISIC_0026056.jpg,ISIC_0032741,ISIC_0026056,0.3063207268714905,0.1199579834938049,2.430148287567009,1.5556082725524902,42,100,5.0,0.3,32,0.0
experiments\sd_lora_ici_outputs\BCC\BCC_near_BKL_0006.png,BCC,BKL,a dermoscopic image of basal cell carcinoma,a dermoscopic image of basal cell carcinoma,dataset\ISIC2018_Task3_Training_Input\ISIC_0028653.jpg,dataset\ISIC2018_Task3_Training_Input\ISIC_0027631.jpg,ISIC_0028653,ISIC_0027631,0.2166373133659362,0.2122612595558166,0.08001094802996617,1.5649265050888062,42,100,5.0,0.3,32,0.0
experiments\sd_lora_ici_outputs\BCC\BCC_near_BKL_0007.png,BCC,BKL,a dermoscopic image of basal cell carcinoma,a dermoscopic image of basal cell carcinoma,dataset\ISIC2018_Task3_Training_Input\ISIC_0031413.jpg,dataset\ISIC2018_Task3_Training_Input\ISIC_0028890.jpg,ISIC_0031413,ISIC_0028890,0.1969069242477417,0.0863471031188964,1.93748233596687,1.5501010417938232,42,100,5.0,0.3,32,0.0
experiments\sd_lora_ici_outputs\BCC\BCC_near_BKL_0008.png,BCC,BKL,a dermoscopic image of basal cell carcinoma,a dermoscopic image of basal cell carcinoma,dataset\ISIC2018_Task3_Training_Input\ISIC_0031413.jpg,dataset\ISIC2018_Task3_Training_Input\ISIC_0030335.jpg,ISIC_0031413,ISIC_0030335,0.1969069242477417,0.2143154740333557,1.300546580979669,1.602669358253479,42,100,5.0,0.3,32,0.0
experiments\sd_lora_ici_outputs\BCC\BCC_near_BKL_0009.png,BCC,BKL,a dermoscopic image of basal cell carcinoma,a dermoscopic image of basal cell carcinoma,dataset\ISIC2018_Task3_Training_Input\ISIC_0024949.jpg,dataset\ISIC2018_Task3_Training_Input\ISIC_0033354.jpg,ISIC_0024949,ISIC_0033354,0.3043071627616882,0.2800216674804687,2.431923902578357,1.5866954326629639,42,100,5.0,0.3,32,0.0
experiments\sd_lora_ici_outputs\BCC\BCC_near_BKL_0010.png,BCC,BKL,a dermoscopic image of basal cell carcinoma,a dermoscopic image of basal cell carcinoma,dataset\ISIC2018_Task3_Training_Input\ISIC_0028653.jpg,dataset\ISIC2018_Task3_Training_Input\ISIC_0032741.jpg,ISIC_0028653,ISIC_0032741,0.2166373133659362,0.3063207268714905,3.2398574719601574,1.5639718770980835,42,100,5.0,0.3,32,0.0
experiments\sd_lora_ici_outputs\BCC\BCC_near_BKL_0011.png,BCC,BKL,a dermoscopic image of basal cell carcinoma,a dermoscopic image of basal cell carcinoma,dataset\ISIC2018_Task3_Training_Input\ISIC_0025362.jpg,dataset\ISIC2018_Task3_Training_Input\ISIC_0027631.jpg,ISIC_0025362,ISIC_0027631,0.2814884781837463,0.2122612595558166,1.3863525166496518,1.5443779230117798,42,100,5.0,0.3,32,0.0
experiments\sd_lora_ici_outputs\BCC\BCC_near_BKL_0012.png,BCC,BKL,a dermoscopic image of basal cell carcinoma,a dermoscopic image of basal cell carcinoma,dataset\ISIC2018_Task3_Training_Input\ISIC_0026090.jpg,dataset\ISIC2018_Task3_Training_Input\ISIC_0026156.jpg,ISIC_0026090,ISIC_0026156,-0.0908255577087402,0.0938090085983276,0.7164928386763441,1.556209921836853,42,100,5.0,0.3,32,0.0
experiments\sd_lora_ici_outputs\BCC\BCC_near_BKL_0013.png,BCC,BKL,a dermoscopic image of basal cell carcinoma,a dermoscopic image of basal cell carcinoma,dataset\ISIC2018_Task3_Training_Input\ISIC_0031413.jpg,dataset\ISIC2018_Task3_Training_Input\ISIC_0027365.jpg,ISIC_0031413,ISIC_0027365,0.1969069242477417,0.118589162826538,3.236728241544266,1.5576783418655396,42,100,5.0,0.3,32,0.0
experiments\sd_lora_ici_outputs\BCC\BCC_near_BKL_0014.png,BCC,BKL,a dermoscopic image of basal cell carcinoma,a dermoscopic image of basal cell carcinoma,dataset\ISIC2018_Task3_Training_Input\ISIC_0026940.jpg,dataset\ISIC2018_Task3_Training_Input\ISIC_0031413.jpg,ISIC_0026940,ISIC_0031413,0.2866566181182861,0.1969069242477417,3.5063181387539006,1.5558111667633057,42,100,5.0,0.3,32,0.0
experiments\sd_lora_ici_outputs\BCC\BCC_near_BKL_0015.png,BCC,BKL,a dermoscopic image of basal cell carcinoma,a dermoscopic image of basal cell carcinoma,dataset\ISIC2018_Task3_Training_Input\ISIC_0025584.jpg,dataset\ISIC2018_Task3_Training_Input\ISIC_0026156.jpg,ISIC_0025584,ISIC_0026156,-0.0062532424926757,0.0938090085983276,0.24053319650836322,1.5557152032852173,42,100,5.0,0.3,32,0.0
experiments\sd_lora_ici_outputs\BCC\BCC_near_BKL_0016.png,BCC,BKL,a dermoscopic image of basal cell carcinoma,a dermoscopic image of basal cell carcinoma,dataset\ISIC2018_Task3_Training_Input\ISIC_0030181.jpg,dataset\ISIC2018_Task3_Training_Input\ISIC_0029501.jpg,ISIC_0030181,ISIC_0029501,0.2987366318702698,0.2181926965713501,0.5803048610957784,1.5993351936340332,42,100,5.0,0.3,32,0.0
experiments\sd_lora_ici_outputs\BCC\BCC_near_BKL_0017.png,BCC,BKL,a dermoscopic image of basal cell carcinoma,a dermoscopic image of basal cell carcinoma,dataset\ISIC2018_Task3_Training_Input\ISIC_0030335.jpg,dataset\ISIC2018_Task3_Training_Input\ISIC_0027478.jpg,ISIC_0030335,ISIC_0027478,0.2143154740333557,0.3686395287513733,2.8130425532732573,1.5740031003952026,42,100,5.0,0.3,32,0.0
experiments\sd_lora_ici_outputs\BCC\BCC_near_BKL_0018.png,BCC,BKL,a dermoscopic image of basal cell carcinoma,a dermoscopic image of basal cell carcinoma,dataset\ISIC2018_Task3_Training_Input\ISIC_0027631.jpg,dataset\ISIC2018_Task3_Training_Input\ISIC_0029501.jpg,ISIC_0027631,ISIC_0029501,0.2122612595558166,0.2181926965713501,0.5593945644895214,1.5910593271255493,42,100,5.0,0.3,32,0.0
experiments\sd_lora_ici_outputs\BCC\BCC_near_BKL_0019.png,BCC,BKL,a dermoscopic image of basal cell carcinoma,a dermoscopic image of basal cell carcinoma,dataset\ISIC2018_Task3_Training_Input\ISIC_0030181.jpg,dataset\ISIC2018_Task3_Training_Input\ISIC_0033354.jpg,ISIC_0030181,ISIC_0033354,0.2987366318702698,0.2800216674804687,0.44564842053597636,1.5638664960861206,42,100,5.0,0.3,32,0.0
experiments\sd_lora_ici_outputs\BCC\BCC_near_BKL_0020.png,BCC,BKL,a dermoscopic image of basal cell carcinoma,a dermoscopic image of basal cell carcinoma,dataset\ISIC2018_Task3_Training_Input\ISIC_0026156.jpg,dataset\ISIC2018_Task3_Training_Input\ISIC_0028653.jpg,ISIC_0026156,ISIC_0028653,0.0938090085983276,0.2166373133659362,2.088829359957328,1.5830916166305542,42,100,5.0,0.3,32,0.0
experiments\sd_lora_ici_outputs\BCC\BCC_near_BKL_0021.png,BCC,BKL,a dermoscopic image of basal cell carcinoma,a dermoscopic image of basal cell carcinoma,dataset\ISIC2018_Task3_Training_Input\ISIC_0026940.jpg,dataset\ISIC2018_Task3_Training_Input\ISIC_0026056.jpg,ISIC_0026940,ISIC_0026056,0.2866566181182861,0.1199579834938049,1.4485951896379758,1.5826854705810547,42,100,5.0,0.3,32,0.0
experiments\sd_lora_ici_outputs\BCC\BCC_near_BKL_0022.png,BCC,BKL,a dermoscopic image of basal cell carcinoma,a dermoscopic image of basal cell carcinoma,dataset\ISIC2018_Task3_Training_Input\ISIC_0031413.jpg,dataset\ISIC2018_Task3_Training_Input\ISIC_0025584.jpg,ISIC_0031413,ISIC_0025584,0.1969069242477417,-0.0062532424926757,0.2909881759191008,1.5661444664001465,42,100,5.0,0.3,32,0.0
experiments\sd_lora_ici_outputs\BCC\BCC_near_BKL_0023.png,BCC,BKL,a dermoscopic image of basal cell carcinoma,a dermoscopic image of basal cell carcinoma,dataset\ISIC2018_Task3_Training_Input\ISIC_0032857.jpg,dataset\ISIC2018_Task3_Training_Input\ISIC_0029501.jpg,ISIC_0032857,ISIC_0029501,0.311055839061737,0.2181926965713501,2.785033910633383,1.589475393295288,42,100,5.0,0.3,32,0.0
experiments\sd_lora_ici_outputs\BCC\BCC_near_BKL_0024.png,BCC,BKL,a dermoscopic image of basal cell carcinoma,a dermoscopic image of basal cell carcinoma,dataset\ISIC2018_Task3_Training_Input\ISIC_0026090.jpg,dataset\ISIC2018_Task3_Training_Input\ISIC_0033354.jpg,ISIC_0026090,ISIC_0033354,-0.0908255577087402,0.2800216674804687,2.6887154425522706,1.5473357439041138,42,100,5.0,0.3,32,0.0
experiments\sd_lora_ici_outputs\BCC\BCC_near_BKL_0025.png,BCC,BKL,a dermoscopic image of basal cell carcinoma,a dermoscopic image of basal cell carcinoma,dataset\ISIC2018_Task3_Training_Input\ISIC_0025362.jpg,dataset\ISIC2018_Task3_Training_Input\ISIC_0032741.jpg,ISIC_0025362,ISIC_0032741,0.2814884781837463,0.3063207268714905,2.319403988378937,1.5874989032745361,42,100,5.0,0.3,32,0.0
experiments\sd_lora_ici_outputs\BCC\BCC_near_BKL_0026.png,BCC,BKL,a dermoscopic image of basal cell carcinoma,a dermoscopic image of basal cell carcinoma,dataset\ISIC2018_Task3_Training_Input\ISIC_0027478.jpg,dataset\ISIC2018_Task3_Training_Input\ISIC_0032741.jpg,ISIC_0027478,ISIC_0032741,0.3686395287513733,0.3063207268714905,1.374229446285835,1.5388082265853882,42,100,5.0,0.3,32,0.0
experiments\sd_lora_ici_outputs\BCC\BCC_near_BKL_0027.png,BCC,BKL,a dermoscopic image of basal cell carcinoma,a dermoscopic image of basal cell carcinoma,dataset\ISIC2018_Task3_Training_Input\ISIC_0026056.jpg,dataset\ISIC2018_Task3_Training_Input\ISIC_0030335.jpg,ISIC_0026056,ISIC_0030335,0.1199579834938049,0.2143154740333557,1.3146131336873967,1.5418800115585327,42,100,5.0,0.3,32,0.0
experiments\sd_lora_ici_outputs\BCC\BCC_near_BKL_0028.png,BCC,BKL,a dermoscopic image of basal cell carcinoma,a dermoscopic image of basal cell carcinoma,dataset\ISIC2018_Task3_Training_Input\ISIC_0029501.jpg,dataset\ISIC2018_Task3_Training_Input\ISIC_0028890.jpg,ISIC_0029501,ISIC_0028890,0.2181926965713501,0.0863471031188964,3.9555228875439528,1.5501145124435425,42,100,5.0,0.3,32,0.0
experiments\sd_lora_ici_outputs\BCC\BCC_near_BKL_0029.png,BCC,BKL,a dermoscopic image of basal cell carcinoma,a dermoscopic image of basal cell carcinoma,dataset\ISIC2018_Task3_Training_Input\ISIC_0032741.jpg,dataset\ISIC2018_Task3_Training_Input\ISIC_0027631.jpg,ISIC_0032741,ISIC_0027631,0.3063207268714905,0.2122612595558166,2.9261476143476917,1.5725466012954712,42,100,5.0,0.3,32,0.0
experiments\sd_lora_ici_outputs\BCC\BCC_near_BKL_0030.png,BCC,BKL,a dermoscopic image of basal cell carcinoma,a dermoscopic image of basal cell carcinoma,dataset\ISIC2018_Task3_Training_Input\ISIC_0030181.jpg,dataset\ISIC2018_Task3_Training_Input\ISIC_0027631.jpg,ISIC_0030181,ISIC_0027631,0.2987366318702698,0.2122612595558166,1.7542107316014992,1.5647635459899902,42,100,5.0,0.3,32,0.0
experiments\sd_lora_ici_outputs\BCC\BCC_near_BKL_0031.png,BCC,BKL,a dermoscopic image of basal cell carcinoma,a dermoscopic image of basal cell carcinoma,dataset\ISIC2018_Task3_Training_Input\ISIC_0032741.jpg,dataset\ISIC2018_Task3_Training_Input\ISIC_0026156.jpg,ISIC_0032741,ISIC_0026156,0.3063207268714905,0.0938090085983276,2.596256210515807,1.547084093093872,42,100,5.0,0.3,32,0.0
experiments\sd_lora_ici_outputs\BCC\BCC_near_BKL_0032.png,BCC,BKL,a dermoscopic image of basal cell carcinoma,a dermoscopic image of basal cell carcinoma,dataset\ISIC2018_Task3_Training_Input\ISIC_0027478.jpg,dataset\ISIC2018_Task3_Training_Input\ISIC_0031614.jpg,ISIC_0027478,ISIC_0031614,0.3686395287513733,0.1969191431999206,1.9375812274499666,1.5798914432525635,42,100,5.0,0.3,32,0.0
experiments\sd_lora_ici_outputs\BCC\BCC_near_BKL_0033.png,BCC,BKL,a dermoscopic image of basal cell carcinoma,a dermoscopic image of basal cell carcinoma,dataset\ISIC2018_Task3_Training_Input\ISIC_0033354.jpg,dataset\ISIC2018_Task3_Training_Input\ISIC_0031614.jpg,ISIC_0033354,ISIC_0031614,0.2800216674804687,0.1969191431999206,1.2710184399949997,1.5684669017791748,42,100,5.0,0.3,32,0.0
experiments\sd_lora_ici_outputs\BCC\BCC_near_BKL_0034.png,BCC,BKL,a dermoscopic image of basal cell carcinoma,a dermoscopic image of basal cell carcinoma,dataset\ISIC2018_Task3_Training_Input\ISIC_0032741.jpg,dataset\ISIC2018_Task3_Training_Input\ISIC_0029501.jpg,ISIC_0032741,ISIC_0029501,0.3063207268714905,0.2181926965713501,2.8215409224760966,1.5747995376586914,42,100,5.0,0.3,32,0.0
experiments\sd_lora_ici_outputs\BCC\BCC_near_BKL_0035.png,BCC,BKL,a dermoscopic image of basal cell carcinoma,a dermoscopic image of basal cell carcinoma,dataset\ISIC2018_Task3_Training_Input\ISIC_0027631.jpg,dataset\ISIC2018_Task3_Training_Input\ISIC_0028653.jpg,ISIC_0027631,ISIC_0028653,0.2122612595558166,0.2166373133659362,2.2563408337088737,1.5649265050888062,42,100,5.0,0.3,32,0.0
experiments\sd_lora_ici_outputs\BCC\BCC_near_BKL_0036.png,BCC,BKL,a dermoscopic image of basal cell carcinoma,a dermoscopic image of basal cell carcinoma,dataset\ISIC2018_Task3_Training_Input\ISIC_0032857.jpg,dataset\ISIC2018_Task3_Training_Input\ISIC_0031614.jpg,ISIC_0032857,ISIC_0031614,0.311055839061737,0.1969191431999206,3.624794098723565,1.5420249700546265,42,100,5.0,0.3,32,0.0
experiments\sd_lora_ici_outputs\BCC\BCC_near_BKL_0037.png,BCC,BKL,a dermoscopic image of basal cell carcinoma,a dermoscopic image of basal cell carcinoma,dataset\ISIC2018_Task3_Training_Input\ISIC_0025362.jpg,dataset\ISIC2018_Task3_Training_Input\ISIC_0030096.jpg,ISIC_0025362,ISIC_0030096,0.2814884781837463,0.1035535931587219,2.456313005534106,1.5698517560958862,42,100,5.0,0.3,32,0.0
experiments\sd_lora_ici_outputs\BCC\BCC_near_BKL_0038.png,BCC,BKL,a dermoscopic image of basal cell carcinoma,a dermoscopic image of basal cell carcinoma,dataset\ISIC2018_Task3_Training_Input\ISIC_0026056.jpg,dataset\ISIC2018_Task3_Training_Input\ISIC_0029501.jpg,ISIC_0026056,ISIC_0029501,0.1199579834938049,0.2181926965713501,1.4260155005527462,1.5722136497497559,42,100,5.0,0.3,32,0.0
experiments\sd_lora_ici_outputs\BCC\BCC_near_BKL_0039.png,BCC,BKL,a dermoscopic image of basal cell carcinoma,a dermoscopic image of basal cell carcinoma,dataset\ISIC2018_Task3_Training_Input\ISIC_0032741.jpg,dataset\ISIC2018_Task3_Training_Input\ISIC_0028653.jpg,ISIC_0032741,ISIC_0028653,0.3063207268714905,0.2166373133659362,2.673742967082972,1.5639718770980835,42,100,5.0,0.3,32,0.0
experiments\sd_lora_ici_outputs\BCC\BCC_near_BKL_0040.png,BCC,BKL,a dermoscopic image of basal cell carcinoma,a dermoscopic image of basal cell carcinoma,dataset\ISIC2018_Task3_Training_Input\ISIC_0032741.jpg,dataset\ISIC2018_Task3_Training_Input\ISIC_0027478.jpg,ISIC_0032741,ISIC_0027478,0.3063207268714905,0.3686395287513733,3.325539078475118,1.5388082265853882,42,100,5.0,0.3,32,0.0
experiments\sd_lora_ici_outputs\BCC\BCC_near_BKL_0041.png,BCC,BKL,a dermoscopic image of basal cell carcinoma,a dermoscopic image of basal cell carcinoma,dataset\ISIC2018_Task3_Training_Input\ISIC_0027365.jpg,dataset\ISIC2018_Task3_Training_Input\ISIC_0030181.jpg,ISIC_0027365,ISIC_0030181,0.118589162826538,0.2987366318702698,1.5401460207398994,1.5436571836471558,42,100,5.0,0.3,32,0.0
experiments\sd_lora_ici_outputs\BCC\BCC_near_BKL_0042.png,BCC,BKL,a dermoscopic image of basal cell carcinoma,a dermoscopic image of basal cell carcinoma,dataset\ISIC2018_Task3_Training_Input\ISIC_0026940.jpg,dataset\ISIC2018_Task3_Training_Input\ISIC_0031614.jpg,ISIC_0026940,ISIC_0031614,0.2866566181182861,0.1969191431999206,2.9919485345198926,1.541412353515625,42,100,5.0,0.3,32,0.0
experiments\sd_lora_ici_outputs\BCC\BCC_near_BKL_0043.png,BCC,BKL,a dermoscopic image of basal cell carcinoma,a dermoscopic image of basal cell carcinoma,dataset\ISIC2018_Task3_Training_Input\ISIC_0028653.jpg,dataset\ISIC2018_Task3_Training_Input\ISIC_0025362.jpg,ISIC_0028653,ISIC_0025362,0.2166373133659362,0.2814884781837463,1.1754430826806797,1.574305534362793,42,100,5.0,0.3,32,0.0
experiments\sd_lora_ici_outputs\BCC\BCC_near_BKL_0044.png,BCC,BKL,a dermoscopic image of basal cell carcinoma,a dermoscopic image of basal cell carcinoma,dataset\ISIC2018_Task3_Training_Input\ISIC_0026090.jpg,dataset\ISIC2018_Task3_Training_Input\ISIC_0031614.jpg,ISIC_0026090,ISIC_0031614,-0.0908255577087402,0.1969191431999206,0.7082257672264594,1.5765793323516846,42,100,5.0,0.3,32,0.0
experiments\sd_lora_ici_outputs\BCC\BCC_near_BKL_0045.png,BCC,BKL,a dermoscopic image of basal cell carcinoma,a dermoscopic image of basal cell carcinoma,dataset\ISIC2018_Task3_Training_Input\ISIC_0031614.jpg,dataset\ISIC2018_Task3_Training_Input\ISIC_0026056.jpg,ISIC_0031614,ISIC_0026056,0.1969191431999206,0.1199579834938049,0.007094163008793078,1.5923768281936646,42,100,5.0,0.3,32,0.0
experiments\sd_lora_ici_outputs\BCC\BCC_near_BKL_0046.png,BCC,BKL,a dermoscopic image of basal cell carcinoma,a dermoscopic image of basal cell carcinoma,dataset\ISIC2018_Task3_Training_Input\ISIC_0029501.jpg,dataset\ISIC2018_Task3_Training_Input\ISIC_0026940.jpg,ISIC_0029501,ISIC_0026940,0.2181926965713501,0.2866566181182861,2.8557312584181496,1.5445603132247925,42,100,5.0,0.3,32,0.0
experiments\sd_lora_ici_outputs\BCC\BCC_near_BKL_0047.png,BCC,BKL,a dermoscopic image of basal cell carcinoma,a dermoscopic image of basal cell carcinoma,dataset\ISIC2018_Task3_Training_Input\ISIC_0030181.jpg,dataset\ISIC2018_Task3_Training_Input\ISIC_0024949.jpg,ISIC_0030181,ISIC_0024949,0.2987366318702698,0.3043071627616882,2.3016459318997993,1.5637623071670532,42,100,5.0,0.3,32,0.0
experiments\sd_lora_ici_outputs\BCC\BCC_near_BKL_0048.png,BCC,BKL,a dermoscopic image of basal cell carcinoma,a dermoscopic image of basal cell carcinoma,dataset\ISIC2018_Task3_Training_Input\ISIC_0027631.jpg,dataset\ISIC2018_Task3_Training_Input\ISIC_0031298.jpg,ISIC_0027631,ISIC_0031298,0.2122612595558166,0.2557209730148315,3.450785899813004,1.549056887626648,42,100,5.0,0.3,32,0.0
experiments\sd_lora_ici_outputs\BCC\BCC_near_BKL_0049.png,BCC,BKL,a dermoscopic image of basal cell carcinoma,a dermoscopic image of basal cell carcinoma,dataset\ISIC2018_Task3_Training_Input\ISIC_0031298.jpg,dataset\ISIC2018_Task3_Training_Input\ISIC_0032741.jpg,ISIC_0031298,ISIC_0032741,0.2557209730148315,0.3063207268714905,3.084011928218418,1.5704447031021118,42,100,5.0,0.3,32,0.0
experiments\sd_lora_ici_outputs\BCC\BCC_near_DF_0000.png,BCC,DF,a dermoscopic image of basal cell carcinoma,a dermoscopic image of basal cell carcinoma,dataset\ISIC2018_Task3_Training_Input\ISIC_0030687.jpg,dataset\ISIC2018_Task3_Training_Input\ISIC_0026902.jpg,ISIC_0030687,ISIC_0026902,-0.0114609003067016,0.0445871353149414,2.301617333020078,1.5491712093353271,42,100,5.0,0.3,32,0.0
experiments\sd_lora_ici_outputs\BCC\BCC_near_DF_0001.png,BCC,DF,a dermoscopic image of basal cell carcinoma,a dermoscopic image of basal cell carcinoma,dataset\ISIC2018_Task3_Training_Input\ISIC_0029831.jpg,dataset\ISIC2018_Task3_Training_Input\ISIC_0031243.jpg,ISIC_0029831,ISIC_0031243,0.0380533933639526,0.0795438885688781,0.7150934714285963,1.5998655557632446,42,100,5.0,0.3,32,0.0
experiments\sd_lora_ici_outputs\BCC\BCC_near_DF_0002.png,BCC,DF,a dermoscopic image of basal cell carcinoma,a dermoscopic image of basal cell carcinoma,dataset\ISIC2018_Task3_Training_Input\ISIC_0031640.jpg,dataset\ISIC2018_Task3_Training_Input\ISIC_0031943.jpg,ISIC_0031640,ISIC_0031943,-0.0217353701591491,0.0632194280624389,1.2624052074154721,1.5838146209716797,42,100,5.0,0.3,32,0.0
experiments\sd_lora_ici_outputs\BCC\BCC_near_DF_0003.png,BCC,DF,a dermoscopic image of basal cell carcinoma,a dermoscopic image of basal cell carcinoma,dataset\ISIC2018_Task3_Training_Input\ISIC_0027814.jpg,dataset\ISIC2018_Task3_Training_Input\ISIC_0028457.jpg,ISIC_0027814,ISIC_0028457,-0.0771876573562622,0.0203431844711303,3.244754441071841,1.566184401512146,42,100,5.0,0.3,32,0.0
experiments\sd_lora_ici_outputs\BCC\BCC_near_DF_0004.png,BCC,DF,a dermoscopic image of basal cell carcinoma,a dermoscopic image of basal cell carcinoma,dataset\ISIC2018_Task3_Training_Input\ISIC_0026902.jpg,dataset\ISIC2018_Task3_Training_Input\ISIC_0031943.jpg,ISIC_0026902,ISIC_0031943,0.0445871353149414,0.0632194280624389,2.413286329493847,1.5917800664901733,42,100,5.0,0.3,32,0.0
experiments\sd_lora_ici_outputs\BCC\BCC_near_DF_0005.png,BCC,DF,a dermoscopic image of basal cell carcinoma,a dermoscopic image of basal cell carcinoma,dataset\ISIC2018_Task3_Training_Input\ISIC_0026282.jpg,dataset\ISIC2018_Task3_Training_Input\ISIC_0032225.jpg,ISIC_0026282,ISIC_0032225,0.0619034767150878,0.0589909553527832,2.587897869334993,1.553005337715149,42,100,5.0,0.3,32,0.0
experiments\sd_lora_ici_outputs\BCC\BCC_near_DF_0006.png,BCC,DF,a dermoscopic image of basal cell carcinoma,a dermoscopic image of basal cell carcinoma,dataset\ISIC2018_Task3_Training_Input\ISIC_0034015.jpg,dataset\ISIC2018_Task3_Training_Input\ISIC_0027814.jpg,ISIC_0034015,ISIC_0027814,0.0233790874481201,-0.0771876573562622,0.4155240539707334,1.5742623805999756,42,100,5.0,0.3,32,0.0
experiments\sd_lora_ici_outputs\BCC\BCC_near_DF_0007.png,BCC,DF,a dermoscopic image of basal cell carcinoma,a dermoscopic image of basal cell carcinoma,dataset\ISIC2018_Task3_Training_Input\ISIC_0028677.jpg,dataset\ISIC2018_Task3_Training_Input\ISIC_0032959.jpg,ISIC_0028677,ISIC_0032959,0.0798151493072509,0.0144905447959899,1.974527528003556,1.578920841217041,42,100,5.0,0.3,32,0.0
experiments\sd_lora_ici_outputs\BCC\BCC_near_DF_0008.png,BCC,DF,a dermoscopic image of basal cell carcinoma,a dermoscopic image of basal cell carcinoma,dataset\ISIC2018_Task3_Training_Input\ISIC_0030800.jpg,dataset\ISIC2018_Task3_Training_Input\ISIC_0026957.jpg,ISIC_0030800,ISIC_0026957,0.0706399083137512,0.0225769281387329,1.3253778580380615,1.5699617862701416,42,100,5.0,0.3,32,0.0
experiments\sd_lora_ici_outputs\BCC\BCC_near_DF_0009.png,BCC,DF,a dermoscopic image of basal cell carcinoma,a dermoscopic image of basal cell carcinoma,dataset\ISIC2018_Task3_Training_Input\ISIC_0028197.jpg,dataset\ISIC2018_Task3_Training_Input\ISIC_0027337.jpg,ISIC_0028197,ISIC_0027337,0.0133609771728515,-0.0157164931297302,0.31534359372459164,1.550288438796997,42,100,5.0,0.3,32,0.0
experiments\sd_lora_ici_outputs\BCC\BCC_near_DF_0010.png,BCC,DF,a dermoscopic image of basal cell carcinoma,a dermoscopic image of basal cell carcinoma,dataset\ISIC2018_Task3_Training_Input\ISIC_0026439.jpg,dataset\ISIC2018_Task3_Training_Input\ISIC_0030659.jpg,ISIC_0026439,ISIC_0030659,-0.0248634815216064,-0.1094946265220642,1.3825719382452941,1.576100468635559,42,100,5.0,0.3,32,0.0
experiments\sd_lora_ici_outputs\BCC\BCC_near_DF_0011.png,BCC,DF,a dermoscopic image of basal cell carcinoma,a dermoscopic image of basal cell carcinoma,dataset\ISIC2018_Task3_Training_Input\ISIC_0025260.jpg,dataset\ISIC2018_Task3_Training_Input\ISIC_0032959.jpg,ISIC_0025260,ISIC_0032959,-0.0975909829139709,0.0144905447959899,1.2902155465327534,1.5560152530670166,42,100,5.0,0.3,32,0.0
experiments\sd_lora_ici_outputs\BCC\BCC_near_DF_0012.png,BCC,DF,a dermoscopic image of basal cell carcinoma,a dermoscopic image of basal cell carcinoma,dataset\ISIC2018_Task3_Training_Input\ISIC_0029831.jpg,dataset\ISIC2018_Task3_Training_Input\ISIC_0032225.jpg,ISIC_0029831,ISIC_0032225,0.0380533933639526,0.0589909553527832,2.535399155697088,1.5765877962112427,42,100,5.0,0.3,32,0.0
experiments\sd_lora_ici_outputs\BCC\BCC_near_DF_0013.png,BCC,DF,a dermoscopic image of basal cell carcinoma,a dermoscopic image of basal cell carcinoma,dataset\ISIC2018_Task3_Training_Input\ISIC_0032246.jpg,dataset\ISIC2018_Task3_Training_Input\ISIC_0029747.jpg,ISIC_0032246,ISIC_0029747,0.0802786946296691,-0.0832286477088928,3.7984420557098613,1.593076229095459,42,100,5.0,0.3,32,0.0
experiments\sd_lora_ici_outputs\BCC\BCC_near_DF_0014.png,BCC,DF,a dermoscopic image of basal cell carcinoma,a dermoscopic image of basal cell carcinoma,dataset\ISIC2018_Task3_Training_Input\ISIC_0029323.jpg,dataset\ISIC2018_Task3_Training_Input\ISIC_0025285.jpg,ISIC_0029323,ISIC_0025285,0.0355600118637084,0.0327248573303222,3.3411343046636808,1.545179843902588,42,100,5.0,0.3,32,0.0
experiments\sd_lora_ici_outputs\BCC\BCC_near_DF_0015.png,BCC,DF,a dermoscopic image of basal cell carcinoma,a dermoscopic image of basal cell carcinoma,dataset\ISIC2018_Task3_Training_Input\ISIC_0026282.jpg,dataset\ISIC2018_Task3_Training_Input\ISIC_0032139.jpg,ISIC_0026282,ISIC_0032139,0.0619034767150878,0.0501733422279357,2.702018798879417,1.5580530166625977,42,100,5.0,0.3,32,0.0
experiments\sd_lora_ici_outputs\BCC\BCC_near_DF_0016.png,BCC,DF,a dermoscopic image of basal cell carcinoma,a dermoscopic image of basal cell carcinoma,dataset\ISIC2018_Task3_Training_Input\ISIC_0027337.jpg,dataset\ISIC2018_Task3_Training_Input\ISIC_0031378.jpg,ISIC_0027337,ISIC_0031378,-0.0157164931297302,0.0759834647178649,2.931031232583832,1.5633537769317627,42,100,5.0,0.3,32,0.0
experiments\sd_lora_ici_outputs\BCC\BCC_near_DF_0017.png,BCC,DF,a dermoscopic image of basal cell carcinoma,a dermoscopic image of basal cell carcinoma,dataset\ISIC2018_Task3_Training_Input\ISIC_0031789.jpg,dataset\ISIC2018_Task3_Training_Input\ISIC_0025564.jpg,ISIC_0031789,ISIC_0025564,0.0749793052673339,0.030823528766632,1.323335289412669,1.5941357612609863,42,100,5.0,0.3,32,0.0
experiments\sd_lora_ici_outputs\BCC\BCC_near_DF_0018.png,BCC,DF,a dermoscopic image of basal cell carcinoma,a dermoscopic image of basal cell carcinoma,dataset\ISIC2018_Task3_Training_Input\ISIC_0026343.jpg,dataset\ISIC2018_Task3_Training_Input\ISIC_0028085.jpg,ISIC_0026343,ISIC_0028085,0.0434663891792297,0.0322008728981018,0.04514995260569939,1.5858442783355713,42,100,5.0,0.3,32,0.0
experiments\sd_lora_ici_outputs\BCC\BCC_near_DF_0019.png,BCC,DF,a dermoscopic image of basal cell carcinoma,a dermoscopic image of basal cell carcinoma,dataset\ISIC2018_Task3_Training_Input\ISIC_0032959.jpg,dataset\ISIC2018_Task3_Training_Input\ISIC_0026439.jpg,ISIC_0032959,ISIC_0026439,0.0144905447959899,-0.0248634815216064,0.8318325504782182,1.5838346481323242,42,100,5.0,0.3,32,0.0
experiments\sd_lora_ici_outputs\BCC\BCC_near_DF_0020.png,BCC,DF,a dermoscopic image of basal cell carcinoma,a dermoscopic image of basal cell carcinoma,dataset\ISIC2018_Task3_Training_Input\ISIC_0032414.jpg,dataset\ISIC2018_Task3_Training_Input\ISIC_0031789.jpg,ISIC_0032414,ISIC_0031789,0.0625448822975158,0.0749793052673339,2.751967350141432,1.5826327800750732,42,100,5.0,0.3,32,0.0
experiments\sd_lora_ici_outputs\BCC\BCC_near_DF_0021.png,BCC,DF,a dermoscopic image of basal cell carcinoma,a dermoscopic image of basal cell carcinoma,dataset\ISIC2018_Task3_Training_Input\ISIC_0027851.jpg,dataset\ISIC2018_Task3_Training_Input\ISIC_0028677.jpg,ISIC_0027851,ISIC_0028677,-0.111904501914978,0.0798151493072509,1.3856994633051127,1.589188814163208,42,100,5.0,0.3,32,0.0
experiments\sd_lora_ici_outputs\BCC\BCC_near_DF_0022.png,BCC,DF,a dermoscopic image of basal cell carcinoma,a dermoscopic image of basal cell carcinoma,dataset\ISIC2018_Task3_Training_Input\ISIC_0032246.jpg,dataset\ISIC2018_Task3_Training_Input\ISIC_0031651.jpg,ISIC_0032246,ISIC_0031651,0.0802786946296691,-0.0702736973762512,3.1247773716328293,1.5825103521347046,42,100,5.0,0.3,32,0.0
experiments\sd_lora_ici_outputs\BCC\BCC_near_DF_0023.png,BCC,DF,a dermoscopic image of basal cell carcinoma,a dermoscopic image of basal cell carcinoma,dataset\ISIC2018_Task3_Training_Input\ISIC_0032246.jpg,dataset\ISIC2018_Task3_Training_Input\ISIC_0029669.jpg,ISIC_0032246,ISIC_0029669,0.0802786946296691,0.0340635776519775,2.924078817384158,1.5480061769485474,42,100,5.0,0.3,32,0.0
experiments\sd_lora_ici_outputs\BCC\BCC_near_DF_0024.png,BCC,DF,a dermoscopic image of basal cell carcinoma,a dermoscopic image of basal cell carcinoma,dataset\ISIC2018_Task3_Training_Input\ISIC_0028197.jpg,dataset\ISIC2018_Task3_Training_Input\ISIC_0027865.jpg,ISIC_0028197,ISIC_0027865,0.0133609771728515,-0.0157909989356994,0.19539796805556925,1.5482218265533447,42,100,5.0,0.3,32,0.0
experiments\sd_lora_ici_outputs\BCC\BCC_near_DF_0025.png,BCC,DF,a dermoscopic image of basal cell carcinoma,a dermoscopic image of basal cell carcinoma,dataset\ISIC2018_Task3_Training_Input\ISIC_0031789.jpg,dataset\ISIC2018_Task3_Training_Input\ISIC_0027090.jpg,ISIC_0031789,ISIC_0027090,0.0749793052673339,0.044939637184143,1.7318395932709363,1.5898807048797607,42,100,5.0,0.3,32,0.0
experiments\sd_lora_ici_outputs\BCC\BCC_near_DF_0026.png,BCC,DF,a dermoscopic image of basal cell carcinoma,a dermoscopic image of basal cell carcinoma,dataset\ISIC2018_Task3_Training_Input\ISIC_0029323.jpg,dataset\ISIC2018_Task3_Training_Input\ISIC_0028978.jpg,ISIC_0029323,ISIC_0028978,0.0355600118637084,-0.0856130123138427,1.6945610505235569,1.5560129880905151,42,100,5.0,0.3,32,0.0
experiments\sd_lora_ici_outputs\BCC\BCC_near_DF_0027.png,BCC,DF,a dermoscopic image of basal cell carcinoma,a dermoscopic image of basal cell carcinoma,dataset\ISIC2018_Task3_Training_Input\ISIC_0024666.jpg,dataset\ISIC2018_Task3_Training_Input\ISIC_0032959.jpg,ISIC_0024666,ISIC_0032959,0.0484918355941772,0.0144905447959899,0.6738920164351003,1.5508942604064941,42,100,5.0,0.3,32,0.0
experiments\sd_lora_ici_outputs\BCC\BCC_near_DF_0028.png,BCC,DF,a dermoscopic image of basal cell carcinoma,a dermoscopic image of basal cell carcinoma,dataset\ISIC2018_Task3_Training_Input\ISIC_0029647.jpg,dataset\ISIC2018_Task3_Training_Input\ISIC_0029323.jpg,ISIC_0029647,ISIC_0029323,-0.03643399477005,0.0355600118637084,1.6503455856455733,1.5762511491775513,42,100,5.0,0.3,32,0.0
experiments\sd_lora_ici_outputs\BCC\BCC_near_DF_0029.png,BCC,DF,a dermoscopic image of basal cell carcinoma,a dermoscopic image of basal cell carcinoma,dataset\ISIC2018_Task3_Training_Input\ISIC_0025700.jpg,dataset\ISIC2018_Task3_Training_Input\ISIC_0029323.jpg,ISIC_0025700,ISIC_0029323,-0.0319305658340454,0.0355600118637084,3.4719110421863384,1.5957576036453247,42,100,5.0,0.3,32,0.0
experiments\sd_lora_ici_outputs\BCC\BCC_near_DF_0030.png,BCC,DF,a dermoscopic image of basal cell carcinoma,a dermoscopic image of basal cell carcinoma,dataset\ISIC2018_Task3_Training_Input\ISIC_0031943.jpg,dataset\ISIC2018_Task3_Training_Input\ISIC_0027090.jpg,ISIC_0031943,ISIC_0027090,0.0632194280624389,0.044939637184143,1.382890505778652,1.5958244800567627,42,100,5.0,0.3,32,0.0
experiments\sd_lora_ici_outputs\BCC\BCC_near_DF_0031.png,BCC,DF,a dermoscopic image of basal cell carcinoma,a dermoscopic image of basal cell carcinoma,dataset\ISIC2018_Task3_Training_Input\ISIC_0024666.jpg,dataset\ISIC2018_Task3_Training_Input\ISIC_0026798.jpg,ISIC_0024666,ISIC_0026798,0.0484918355941772,0.0581910014152526,1.5241324023324772,1.5473579168319702,42,100,5.0,0.3,32,0.0
experiments\sd_lora_ici_outputs\BCC\BCC_near_DF_0032.png,BCC,DF,a dermoscopic image of basal cell carcinoma,a dermoscopic image of basal cell carcinoma,dataset\ISIC2018_Task3_Training_Input\ISIC_0031597.jpg,dataset\ISIC2018_Task3_Training_Input\ISIC_0028677.jpg,ISIC_0031597,ISIC_0028677,0.0230215787887573,0.0798151493072509,3.2794644984347934,1.5879262685775757,42,100,5.0,0.3,32,0.0
experiments\sd_lora_ici_outputs\BCC\BCC_near_DF_0033.png,BCC,DF,a dermoscopic image of basal cell carcinoma,a dermoscopic image of basal cell carcinoma,dataset\ISIC2018_Task3_Training_Input\ISIC_0028994.jpg,dataset\ISIC2018_Task3_Training_Input\ISIC_0032225.jpg,ISIC_0028994,ISIC_0032225,0.0355153679847717,0.0589909553527832,3.1116191364324313,1.5926553010940552,42,100,5.0,0.3,32,0.0
experiments\sd_lora_ici_outputs\BCC\BCC_near_DF_0034.png,BCC,DF,a dermoscopic image of basal cell carcinoma,a dermoscopic image of basal cell carcinoma,dataset\ISIC2018_Task3_Training_Input\ISIC_0031728.jpg,dataset\ISIC2018_Task3_Training_Input\ISIC_0026902.jpg,ISIC_0031728,ISIC_0026902,0.0762944817543029,0.0445871353149414,2.2503650170382463,1.613973617553711,42,100,5.0,0.3,32,0.0
experiments\sd_lora_ici_outputs\BCC\BCC_near_DF_0035.png,BCC,DF,a dermoscopic image of basal cell carcinoma,a dermoscopic image of basal cell carcinoma,dataset\ISIC2018_Task3_Training_Input\ISIC_0029669.jpg,dataset\ISIC2018_Task3_Training_Input\ISIC_0024666.jpg,ISIC_0029669,ISIC_0024666,0.0340635776519775,0.0484918355941772,3.0191018605005953,1.5780138969421387,42,100,5.0,0.3,32,0.0
experiments\sd_lora_ici_outputs\BCC\BCC_near_DF_0036.png,BCC,DF,a dermoscopic image of basal cell carcinoma,a dermoscopic image of basal cell carcinoma,dataset\ISIC2018_Task3_Training_Input\ISIC_0028994.jpg,dataset\ISIC2018_Task3_Training_Input\ISIC_0031640.jpg,ISIC_0028994,ISIC_0031640,0.0355153679847717,-0.0217353701591491,0.9078262923087492,1.561287760734558,42,100,5.0,0.3,32,0.0
experiments\sd_lora_ici_outputs\BCC\BCC_near_DF_0037.png,BCC,DF,a dermoscopic image of basal cell carcinoma,a dermoscopic image of basal cell carcinoma,dataset\ISIC2018_Task3_Training_Input\ISIC_0031243.jpg,dataset\ISIC2018_Task3_Training_Input\ISIC_0029831.jpg,ISIC_0031243,ISIC_0029831,0.0795438885688781,0.0380533933639526,1.7723504772779848,1.5998655557632446,42,100,5.0,0.3,32,0.0
experiments\sd_lora_ici_outputs\BCC\BCC_near_DF_0038.png,BCC,DF,a dermoscopic image of basal cell carcinoma,a dermoscopic image of basal cell carcinoma,dataset\ISIC2018_Task3_Training_Input\ISIC_0028994.jpg,dataset\ISIC2018_Task3_Training_Input\ISIC_0027858.jpg,ISIC_0028994,ISIC_0027858,0.0355153679847717,0.0147573947906494,3.233648276727839,1.5528861284255981,42,100,5.0,0.3,32,0.0
experiments\sd_lora_ici_outputs\BCC\BCC_near_DF_0039.png,BCC,DF,a dermoscopic image of basal cell carcinoma,a dermoscopic image of basal cell carcinoma,dataset\ISIC2018_Task3_Training_Input\ISIC_0028677.jpg,dataset\ISIC2018_Task3_Training_Input\ISIC_0032959.jpg,ISIC_0028677,ISIC_0032959,0.0798151493072509,0.0144905447959899,0.132963429166159,1.578920841217041,42,100,5.0,0.3,32,0.0
experiments\sd_lora_ici_outputs\BCC\BCC_near_DF_0040.png,BCC,DF,a dermoscopic image of basal cell carcinoma,a dermoscopic image of basal cell carcinoma,dataset\ISIC2018_Task3_Training_Input\ISIC_0026282.jpg,dataset\ISIC2018_Task3_Training_Input\ISIC_0029342.jpg,ISIC_0026282,ISIC_0029342,0.0619034767150878,0.0196773409843444,0.08111268428961958,1.5552904605865479,42,100,5.0,0.3,32,0.0
experiments\sd_lora_ici_outputs\BCC\BCC_near_DF_0041.png,BCC,DF,a dermoscopic image of basal cell carcinoma,a dermoscopic image of basal cell carcinoma,dataset\ISIC2018_Task3_Training_Input\ISIC_0032246.jpg,dataset\ISIC2018_Task3_Training_Input\ISIC_0027090.jpg,ISIC_0032246,ISIC_0027090,0.0802786946296691,0.044939637184143,1.0610249545433017,1.546347975730896,42,100,5.0,0.3,32,0.0
experiments\sd_lora_ici_outputs\BCC\BCC_near_DF_0042.png,BCC,DF,a dermoscopic image of basal cell carcinoma,a dermoscopic image of basal cell carcinoma,dataset\ISIC2018_Task3_Training_Input\ISIC_0026343.jpg,dataset\ISIC2018_Task3_Training_Input\ISIC_0026282.jpg,ISIC_0026343,ISIC_0026282,0.0434663891792297,0.0619034767150878,0.42531178379716106,1.5471165180206299,42,100,5.0,0.3,32,0.0
experiments\sd_lora_ici_outputs\BCC\BCC_near_DF_0043.png,BCC,DF,a dermoscopic image of basal cell carcinoma,a dermoscopic image of basal cell carcinoma,dataset\ISIC2018_Task3_Training_Input\ISIC_0032959.jpg,dataset\ISIC2018_Task3_Training_Input\ISIC_0029342.jpg,ISIC_0032959,ISIC_0029342,0.0144905447959899,0.0196773409843444,1.3935118240287219,1.541174054145813,42,100,5.0,0.3,32,0.0
experiments\sd_lora_ici_outputs\BCC\BCC_near_DF_0044.png,BCC,DF,a dermoscopic image of basal cell carcinoma,a dermoscopic image of basal cell carcinoma,dataset\ISIC2018_Task3_Training_Input\ISIC_0028994.jpg,dataset\ISIC2018_Task3_Training_Input\ISIC_0029747.jpg,ISIC_0028994,ISIC_0029747,0.0355153679847717,-0.0832286477088928,3.604986973135629,1.547588586807251,42,100,5.0,0.3,32,0.0
experiments\sd_lora_ici_outputs\BCC\BCC_near_DF_0045.png,BCC,DF,a dermoscopic image of basal cell carcinoma,a dermoscopic image of basal cell carcinoma,dataset\ISIC2018_Task3_Training_Input\ISIC_0031378.jpg,dataset\ISIC2018_Task3_Training_Input\ISIC_0028457.jpg,ISIC_0031378,ISIC_0028457,0.0759834647178649,0.0203431844711303,0.63656601267347,1.5881978273391724,42,100,5.0,0.3,32,0.0
experiments\sd_lora_ici_outputs\BCC\BCC_near_DF_0046.png,BCC,DF,a dermoscopic image of basal cell carcinoma,a dermoscopic image of basal cell carcinoma,dataset\ISIC2018_Task3_Training_Input\ISIC_0032959.jpg,dataset\ISIC2018_Task3_Training_Input\ISIC_0029342.jpg,ISIC_0032959,ISIC_0029342,0.0144905447959899,0.0196773409843444,0.3057760469298447,1.541174054145813,42,100,5.0,0.3,32,0.0
experiments\sd_lora_ici_outputs\BCC\BCC_near_DF_0047.png,BCC,DF,a dermoscopic image of basal cell carcinoma,a dermoscopic image of basal cell carcinoma,dataset\ISIC2018_Task3_Training_Input\ISIC_0034015.jpg,dataset\ISIC2018_Task3_Training_Input\ISIC_0031597.jpg,ISIC_0034015,ISIC_0031597,0.0233790874481201,0.0230215787887573,3.8163757930964404,1.5506120920181274,42,100,5.0,0.3,32,0.0
experiments\sd_lora_ici_outputs\BCC\BCC_near_DF_0048.png,BCC,DF,a dermoscopic image of basal cell carcinoma,a dermoscopic image of basal cell carcinoma,dataset\ISIC2018_Task3_Training_Input\ISIC_0028964.jpg,dataset\ISIC2018_Task3_Training_Input\ISIC_0027814.jpg,ISIC_0028964,ISIC_0027814,0.0457637310028076,-0.0771876573562622,3.961630765453252,1.5511834621429443,42,100,5.0,0.3,32,0.0
experiments\sd_lora_ici_outputs\BCC\BCC_near_DF_0049.png,BCC,DF,a dermoscopic image of basal cell carcinoma,a dermoscopic image of basal cell carcinoma,dataset\ISIC2018_Task3_Training_Input\ISIC_0025700.jpg,dataset\ISIC2018_Task3_Training_Input\ISIC_0026439.jpg,ISIC_0025700,ISIC_0026439,-0.0319305658340454,-0.0248634815216064,1.3589650030841736,1.5625171661376953,42,100,5.0,0.3,32,0.0
experiments\sd_lora_ici_outputs\BCC\BCC_near_MEL_0000.png,BCC,MEL,a dermoscopic image of basal cell carcinoma,a dermoscopic image of basal cell carcinoma,dataset\ISIC2018_Task3_Training_Input\ISIC_0033257.jpg,dataset\ISIC2018_Task3_Training_Input\ISIC_0028147.jpg,ISIC_0033257,ISIC_0028147,0.0876733660697937,0.1627970933914184,3.9108207059448836,1.5829598903656006,42,100,5.0,0.3,32,0.0
experiments\sd_lora_ici_outputs\BCC\BCC_near_MEL_0001.png,BCC,MEL,a dermoscopic image of basal cell carcinoma,a dermoscopic image of basal cell carcinoma,dataset\ISIC2018_Task3_Training_Input\ISIC_0024795.jpg,dataset\ISIC2018_Task3_Training_Input\ISIC_0033666.jpg,ISIC_0024795,ISIC_0033666,0.0698549151420593,0.0864371061325073,3.611196697562215,1.5541400909423828,42,100,5.0,0.3,32,0.0
experiments\sd_lora_ici_outputs\BCC\BCC_near_MEL_0002.png,BCC,MEL,a dermoscopic image of basal cell carcinoma,a dermoscopic image of basal cell carcinoma,dataset\ISIC2018_Task3_Training_Input\ISIC_0034223.jpg,dataset\ISIC2018_Task3_Training_Input\ISIC_0031384.jpg,ISIC_0034223,ISIC_0031384,0.0272446274757385,0.1887561678886413,2.7634851241175604,1.6017937660217285,42,100,5.0,0.3,32,0.0
experiments\sd_lora_ici_outputs\BCC\BCC_near_MEL_0003.png,BCC,MEL,a dermoscopic image of basal cell carcinoma,a dermoscopic image of basal cell carcinoma,dataset\ISIC2018_Task3_Training_Input\ISIC_0031384.jpg,dataset\ISIC2018_Task3_Training_Input\ISIC_0032808.jpg,ISIC_0031384,ISIC_0032808,0.1887561678886413,0.1403251886367797,1.745310699129604,1.5527805089950562,42,100,5.0,0.3,32,0.0
experiments\sd_lora_ici_outputs\BCC\BCC_near_MEL_0004.png,BCC,MEL,a dermoscopic image of basal cell carcinoma,a dermoscopic image of basal cell carcinoma,dataset\ISIC2018_Task3_Training_Input\ISIC_0031442.jpg,dataset\ISIC2018_Task3_Training_Input\ISIC_0031384.jpg,ISIC_0031442,ISIC_0031384,0.2155964374542236,0.1887561678886413,2.593313973018676,1.5836535692214966,42,100,5.0,0.3,32,0.0
experiments\sd_lora_ici_outputs\BCC\BCC_near_MEL_0005.png,BCC,MEL,a dermoscopic image of basal cell carcinoma,a dermoscopic image of basal cell carcinoma,dataset\ISIC2018_Task3_Training_Input\ISIC_0029974.jpg,dataset\ISIC2018_Task3_Training_Input\ISIC_0033666.jpg,ISIC_0029974,ISIC_0033666,0.0240596532821655,0.0864371061325073,2.4311220796101236,1.569599986076355,42,100,5.0,0.3,32,0.0
experiments\sd_lora_ici_outputs\BCC\BCC_near_MEL_0006.png,BCC,MEL,a dermoscopic image of basal cell carcinoma,a dermoscopic image of basal cell carcinoma,dataset\ISIC2018_Task3_Training_Input\ISIC_0031384.jpg,dataset\ISIC2018_Task3_Training_Input\ISIC_0028147.jpg,ISIC_0031384,ISIC_0028147,0.1887561678886413,0.1627970933914184,1.7283192557706486,1.578505516052246,42,100,5.0,0.3,32,0.0
experiments\sd_lora_ici_outputs\BCC\BCC_near_MEL_0007.png,BCC,MEL,a dermoscopic image of basal cell carcinoma,a dermoscopic image of basal cell carcinoma,dataset\ISIC2018_Task3_Training_Input\ISIC_0031836.jpg,dataset\ISIC2018_Task3_Training_Input\ISIC_0028147.jpg,ISIC_0031836,ISIC_0028147,-0.0492136478424072,0.1627970933914184,0.21184782693561244,1.5884073972702026,42,100,5.0,0.3,32,0.0
experiments\sd_lora_ici_outputs\BCC\BCC_near_MEL_0008.png,BCC,MEL,a dermoscopic image of basal cell carcinoma,a dermoscopic image of basal cell carcinoma,dataset\ISIC2018_Task3_Training_Input\ISIC_0033571.jpg,dataset\ISIC2018_Task3_Training_Input\ISIC_0025752.jpg,ISIC_0033571,ISIC_0025752,0.2546666264533996,-0.0836223363876342,1.3254613395891028,1.5695128440856934,42,100,5.0,0.3,32,0.0
experiments\sd_lora_ici_outputs\BCC\BCC_near_MEL_0009.png,BCC,MEL,a dermoscopic image of basal cell carcinoma,a dermoscopic image of basal cell carcinoma,dataset\ISIC2018_Task3_Training_Input\ISIC_0024432.jpg,dataset\ISIC2018_Task3_Training_Input\ISIC_0032132.jpg,ISIC_0024432,ISIC_0032132,0.146212100982666,0.10495525598526,3.9163998380869454,1.5632535219192505,42,100,5.0,0.3,32,0.0
experiments\sd_lora_ici_outputs\BCC\BCC_near_MEL_0010.png,BCC,MEL,a dermoscopic image of basal cell carcinoma,a dermoscopic image of basal cell carcinoma,dataset\ISIC2018_Task3_Training_Input\ISIC_0028147.jpg,dataset\ISIC2018_Task3_Training_Input\ISIC_0031384.jpg,ISIC_0028147,ISIC_0031384,0.1627970933914184,0.1887561678886413,1.6291240118313124,1.578505516052246,42,100,5.0,0.3,32,0.0
experiments\sd_lora_ici_outputs\BCC\BCC_near_MEL_0011.png,BCC,MEL,a dermoscopic image of basal cell carcinoma,a dermoscopic image of basal cell carcinoma,dataset\ISIC2018_Task3_Training_Input\ISIC_0033257.jpg,dataset\ISIC2018_Task3_Training_Input\ISIC_0034095.jpg,ISIC_0033257,ISIC_0034095,0.0876733660697937,0.306298017501831,2.228003101019341,1.5626509189605713,42,100,5.0,0.3,32,0.0
experiments\sd_lora_ici_outputs\BCC\BCC_near_MEL_0012.png,BCC,MEL,a dermoscopic image of basal cell carcinoma,a dermoscopic image of basal cell carcinoma,dataset\ISIC2018_Task3_Training_Input\ISIC_0033257.jpg,dataset\ISIC2018_Task3_Training_Input\ISIC_0026117.jpg,ISIC_0033257,ISIC_0026117,0.0876733660697937,0.0962302684783935,3.6602583122226346,1.5888360738754272,42,100,5.0,0.3,32,0.0
experiments\sd_lora_ici_outputs\BCC\BCC_near_MEL_0013.png,BCC,MEL,a dermoscopic image of basal cell carcinoma,a dermoscopic image of basal cell carcinoma,dataset\ISIC2018_Task3_Training_Input\ISIC_0033720.jpg,dataset\ISIC2018_Task3_Training_Input\ISIC_0034095.jpg,ISIC_0033720,ISIC_0034095,0.1900896430015564,0.306298017501831,2.1814583623957184,1.5557061433792114,42,100,5.0,0.3,32,0.0
experiments\sd_lora_ici_outputs\BCC\BCC_near_MEL_0014.png,BCC,MEL,a dermoscopic image of basal cell carcinoma,a dermoscopic image of basal cell carcinoma,dataset\ISIC2018_Task3_Training_Input\ISIC_0031836.jpg,dataset\ISIC2018_Task3_Training_Input\ISIC_0028147.jpg,ISIC_0031836,ISIC_0028147,-0.0492136478424072,0.1627970933914184,2.6130947139765093,1.5884073972702026,42,100,5.0,0.3,32,0.0
experiments\sd_lora_ici_outputs\BCC\BCC_near_MEL_0015.png,BCC,MEL,a dermoscopic image of basal cell carcinoma,a dermoscopic image of basal cell carcinoma,dataset\ISIC2018_Task3_Training_Input\ISIC_0032808.jpg,dataset\ISIC2018_Task3_Training_Input\ISIC_0028495.jpg,ISIC_0032808,ISIC_0028495,0.1403251886367797,0.1728037595748901,1.187053645247535,1.5741692781448364,42,100,5.0,0.3,32,0.0
experiments\sd_lora_ici_outputs\BCC\BCC_near_MEL_0016.png,BCC,MEL,a dermoscopic image of basal cell carcinoma,a dermoscopic image of basal cell carcinoma,dataset\ISIC2018_Task3_Training_Input\ISIC_0031526.jpg,dataset\ISIC2018_Task3_Training_Input\ISIC_0031442.jpg,ISIC_0031526,ISIC_0031442,0.0735161304473877,0.2155964374542236,0.37594080569076577,1.6030648946762085,42,100,5.0,0.3,32,0.0
experiments\sd_lora_ici_outputs\BCC\BCC_near_MEL_0017.png,BCC,MEL,a dermoscopic image of basal cell carcinoma,a dermoscopic image of basal cell carcinoma,dataset\ISIC2018_Task3_Training_Input\ISIC_0034299.jpg,dataset\ISIC2018_Task3_Training_Input\ISIC_0031836.jpg,ISIC_0034299,ISIC_0031836,0.0645283460617065,-0.0492136478424072,1.5757197170131179,1.5666983127593994,42,100,5.0,0.3,32,0.0
experiments\sd_lora_ici_outputs\BCC\BCC_near_MEL_0018.png,BCC,MEL,a dermoscopic image of basal cell carcinoma,a dermoscopic image of basal cell carcinoma,dataset\ISIC2018_Task3_Training_Input\ISIC_0028495.jpg,dataset\ISIC2018_Task3_Training_Input\ISIC_0031836.jpg,ISIC_0028495,ISIC_0031836,0.1728037595748901,-0.0492136478424072,2.1878992639394483,1.5785151720046997,42,100,5.0,0.3,32,0.0
experiments\sd_lora_ici_outputs\BCC\BCC_near_MEL_0019.png,BCC,MEL,a dermoscopic image of basal cell carcinoma,a dermoscopic image of basal cell carcinoma,dataset\ISIC2018_Task3_Training_Input\ISIC_0026230.jpg,dataset\ISIC2018_Task3_Training_Input\ISIC_0033720.jpg,ISIC_0026230,ISIC_0033720,0.0385205745697021,0.1900896430015564,1.941399350683993,1.588915228843689,42,100,5.0,0.3,32,0.0
experiments\sd_lora_ici_outputs\BCC\BCC_near_MEL_0020.png,BCC,MEL,a dermoscopic image of basal cell carcinoma,a dermoscopic image of basal cell carcinoma,dataset\ISIC2018_Task3_Training_Input\ISIC_0034299.jpg,dataset\ISIC2018_Task3_Training_Input\ISIC_0031442.jpg,ISIC_0034299,ISIC_0031442,0.0645283460617065,0.2155964374542236,0.22016411699278174,1.5554945468902588,42,100,5.0,0.3,32,0.0
experiments\sd_lora_ici_outputs\BCC\BCC_near_MEL_0021.png,BCC,MEL,a dermoscopic image of basal cell carcinoma,a dermoscopic image of basal cell carcinoma,dataset\ISIC2018_Task3_Training_Input\ISIC_0029546.jpg,dataset\ISIC2018_Task3_Training_Input\ISIC_0029974.jpg,ISIC_0029546,ISIC_0029974,0.0744163990020752,0.0240596532821655,0.015068328393010349,1.5910156965255737,42,100,5.0,0.3,32,0.0
experiments\sd_lora_ici_outputs\BCC\BCC_near_MEL_0022.png,BCC,MEL,a dermoscopic image of basal cell carcinoma,a dermoscopic image of basal cell carcinoma,dataset\ISIC2018_Task3_Training_Input\ISIC_0024931.jpg,dataset\ISIC2018_Task3_Training_Input\ISIC_0028147.jpg,ISIC_0024931,ISIC_0028147,0.0961056351661682,0.1627970933914184,0.34968245100447254,1.5745291709899902,42,100,5.0,0.3,32,0.0
experiments\sd_lora_ici_outputs\BCC\BCC_near_MEL_0023.png,BCC,MEL,a dermoscopic image of basal cell carcinoma,a dermoscopic image of basal cell carcinoma,dataset\ISIC2018_Task3_Training_Input\ISIC_0034047.jpg,dataset\ISIC2018_Task3_Training_Input\ISIC_0033666.jpg,ISIC_0034047,ISIC_0033666,0.1146554946899414,0.0864371061325073,3.3104208163550135,1.5637587308883667,42,100,5.0,0.3,32,0.0
experiments\sd_lora_ici_outputs\BCC\BCC_near_MEL_0024.png,BCC,MEL,a dermoscopic image of basal cell carcinoma,a dermoscopic image of basal cell carcinoma,dataset\ISIC2018_Task3_Training_Input\ISIC_0031442.jpg,dataset\ISIC2018_Task3_Training_Input\ISIC_0034047.jpg,ISIC_0031442,ISIC_0034047,0.2155964374542236,0.1146554946899414,2.4836156184935416,1.5813889503479004,42,100,5.0,0.3,32,0.0
experiments\sd_lora_ici_outputs\BCC\BCC_near_MEL_0025.png,BCC,MEL,a dermoscopic image of basal cell carcinoma,a dermoscopic image of basal cell carcinoma,dataset\ISIC2018_Task3_Training_Input\ISIC_0032808.jpg,dataset\ISIC2018_Task3_Training_Input\ISIC_0028147.jpg,ISIC_0032808,ISIC_0028147,0.1403251886367797,0.1627970933914184,1.9396378571323647,1.5559566020965576,42,100,5.0,0.3,32,0.0
experiments\sd_lora_ici_outputs\BCC\BCC_near_MEL_0026.png,BCC,MEL,a dermoscopic image of basal cell carcinoma,a dermoscopic image of basal cell carcinoma,dataset\ISIC2018_Task3_Training_Input\ISIC_0026117.jpg,dataset\ISIC2018_Task3_Training_Input\ISIC_0031384.jpg,ISIC_0026117,ISIC_0031384,0.0962302684783935,0.1887561678886413,0.38926069342125624,1.5654975175857544,42,100,5.0,0.3,32,0.0
experiments\sd_lora_ici_outputs\BCC\BCC_near_MEL_0027.png,BCC,MEL,a dermoscopic image of basal cell carcinoma,a dermoscopic image of basal cell carcinoma,dataset\ISIC2018_Task3_Training_Input\ISIC_0024931.jpg,dataset\ISIC2018_Task3_Training_Input\ISIC_0026230.jpg,ISIC_0024931,ISIC_0026230,0.0961056351661682,0.0385205745697021,0.8482407502213481,1.5329656600952148,42,100,5.0,0.3,32,0.0
experiments\sd_lora_ici_outputs\BCC\BCC_near_MEL_0028.png,BCC,MEL,a dermoscopic image of basal cell carcinoma,a dermoscopic image of basal cell carcinoma,dataset\ISIC2018_Task3_Training_Input\ISIC_0033571.jpg,dataset\ISIC2018_Task3_Training_Input\ISIC_0031836.jpg,ISIC_0033571,ISIC_0031836,0.2546666264533996,-0.0492136478424072,2.5443400642461613,1.5759961605072021,42,100,5.0,0.3,32,0.0
experiments\sd_lora_ici_outputs\BCC\BCC_near_MEL_0029.png,BCC,MEL,a dermoscopic image of basal cell carcinoma,a dermoscopic image of basal cell carcinoma,dataset\ISIC2018_Task3_Training_Input\ISIC_0029974.jpg,dataset\ISIC2018_Task3_Training_Input\ISIC_0024432.jpg,ISIC_0029974,ISIC_0024432,0.0240596532821655,0.146212100982666,3.983182291534382,1.5412386655807495,42,100,5.0,0.3,32,0.0
experiments\sd_lora_ici_outputs\BCC\BCC_near_MEL_0030.png,BCC,MEL,a dermoscopic image of basal cell carcinoma,a dermoscopic image of basal cell carcinoma,dataset\ISIC2018_Task3_Training_Input\ISIC_0033257.jpg,dataset\ISIC2018_Task3_Training_Input\ISIC_0034223.jpg,ISIC_0033257,ISIC_0034223,0.0876733660697937,0.0272446274757385,1.8782270739369396,1.5842238664627075,42,100,5.0,0.3,32,0.0
experiments\sd_lora_ici_outputs\BCC\BCC_near_MEL_0031.png,BCC,MEL,a dermoscopic image of basal cell carcinoma,a dermoscopic image of basal cell carcinoma,dataset\ISIC2018_Task3_Training_Input\ISIC_0026395.jpg,dataset\ISIC2018_Task3_Training_Input\ISIC_0031836.jpg,ISIC_0026395,ISIC_0031836,0.0078089833259582,-0.0492136478424072,0.4610669261327727,1.5740967988967896,42,100,5.0,0.3,32,0.0
experiments\sd_lora_ici_outputs\BCC\BCC_near_MEL_0032.png,BCC,MEL,a dermoscopic image of basal cell carcinoma,a dermoscopic image of basal cell carcinoma,dataset\ISIC2018_Task3_Training_Input\ISIC_0029745.jpg,dataset\ISIC2018_Task3_Training_Input\ISIC_0027819.jpg,ISIC_0029745,ISIC_0027819,0.0886759757995605,0.081520676612854,3.147323162299073,1.5668950080871582,42,100,5.0,0.3,32,0.0
experiments\sd_lora_ici_outputs\BCC\BCC_near_MEL_0033.png,BCC,MEL,a dermoscopic image of basal cell carcinoma,a dermoscopic image of basal cell carcinoma,dataset\ISIC2018_Task3_Training_Input\ISIC_0031836.jpg,dataset\ISIC2018_Task3_Training_Input\ISIC_0024795.jpg,ISIC_0031836,ISIC_0024795,-0.0492136478424072,0.0698549151420593,1.9043590896047664,1.553820013999939,42,100,5.0,0.3,32,0.0
experiments\sd_lora_ici_outputs\BCC\BCC_near_MEL_0034.png,BCC,MEL,a dermoscopic image of basal cell carcinoma,a dermoscopic image of basal cell carcinoma,dataset\ISIC2018_Task3_Training_Input\ISIC_0029745.jpg,dataset\ISIC2018_Task3_Training_Input\ISIC_0034299.jpg,ISIC_0029745,ISIC_0034299,0.0886759757995605,0.0645283460617065,3.5581812072373453,1.580212116241455,42,100,5.0,0.3,32,0.0
experiments\sd_lora_ici_outputs\BCC\BCC_near_MEL_0035.png,BCC,MEL,a dermoscopic image of basal cell carcinoma,a dermoscopic image of basal cell carcinoma,dataset\ISIC2018_Task3_Training_Input\ISIC_0033571.jpg,dataset\ISIC2018_Task3_Training_Input\ISIC_0031284.jpg,ISIC_0033571,ISIC_0031284,0.2546666264533996,0.063474953174591,1.0642107453803844,1.5646071434020996,42,100,5.0,0.3,32,0.0
experiments\sd_lora_ici_outputs\BCC\BCC_near_MEL_0036.png,BCC,MEL,a dermoscopic image of basal cell carcinoma,a dermoscopic image of basal cell carcinoma,dataset\ISIC2018_Task3_Training_Input\ISIC_0033666.jpg,dataset\ISIC2018_Task3_Training_Input\ISIC_0031442.jpg,ISIC_0033666,ISIC_0031442,0.0864371061325073,0.2155964374542236,2.5065442808867098,1.6089743375778198,42,100,5.0,0.3,32,0.0
experiments\sd_lora_ici_outputs\BCC\BCC_near_MEL_0037.png,BCC,MEL,a dermoscopic image of basal cell carcinoma,a dermoscopic image of basal cell carcinoma,dataset\ISIC2018_Task3_Training_Input\ISIC_0024931.jpg,dataset\ISIC2018_Task3_Training_Input\ISIC_0031539.jpg,ISIC_0024931,ISIC_0031539,0.0961056351661682,0.1614059805870056,1.5498684780020506,1.5710395574569702,42,100,5.0,0.3,32,0.0
experiments\sd_lora_ici_outputs\BCC\BCC_near_MEL_0038.png,BCC,MEL,a dermoscopic image of basal cell carcinoma,a dermoscopic image of basal cell carcinoma,dataset\ISIC2018_Task3_Training_Input\ISIC_0031526.jpg,dataset\ISIC2018_Task3_Training_Input\ISIC_0031284.jpg,ISIC_0031526,ISIC_0031284,0.0735161304473877,0.063474953174591,1.4898331045720883,1.5647327899932861,42,100,5.0,0.3,32,0.0
experiments\sd_lora_ici_outputs\BCC\BCC_near_MEL_0039.png,BCC,MEL,a dermoscopic image of basal cell carcinoma,a dermoscopic image of basal cell carcinoma,dataset\ISIC2018_Task3_Training_Input\ISIC_0031526.jpg,dataset\ISIC2018_Task3_Training_Input\ISIC_0032132.jpg,ISIC_0031526,ISIC_0032132,0.0735161304473877,0.10495525598526,1.5279211275090752,1.5685958862304688,42,100,5.0,0.3,32,0.0
experiments\sd_lora_ici_outputs\BCC\BCC_near_MEL_0040.png,BCC,MEL,a dermoscopic image of basal cell carcinoma,a dermoscopic image of basal cell carcinoma,dataset\ISIC2018_Task3_Training_Input\ISIC_0025617.jpg,dataset\ISIC2018_Task3_Training_Input\ISIC_0031836.jpg,ISIC_0025617,ISIC_0031836,0.0519220829010009,-0.0492136478424072,0.7446824756846697,1.574275255203247,42,100,5.0,0.3,32,0.0
experiments\sd_lora_ici_outputs\BCC\BCC_near_MEL_0041.png,BCC,MEL,a dermoscopic image of basal cell carcinoma,a dermoscopic image of basal cell carcinoma,dataset\ISIC2018_Task3_Training_Input\ISIC_0032132.jpg,dataset\ISIC2018_Task3_Training_Input\ISIC_0028147.jpg,ISIC_0032132,ISIC_0028147,0.10495525598526,0.1627970933914184,0.1795454328360897,1.5613675117492676,42,100,5.0,0.3,32,0.0
experiments\sd_lora_ici_outputs\BCC\BCC_near_MEL_0042.png,BCC,MEL,a dermoscopic image of basal cell carcinoma,a dermoscopic image of basal cell carcinoma,dataset\ISIC2018_Task3_Training_Input\ISIC_0028495.jpg,dataset\ISIC2018_Task3_Training_Input\ISIC_0027819.jpg,ISIC_0028495,ISIC_0027819,0.1728037595748901,0.081520676612854,1.7987408200764559,1.5360581874847412,42,100,5.0,0.3,32,0.0
experiments\sd_lora_ici_outputs\BCC\BCC_near_MEL_0043.png,BCC,MEL,a dermoscopic image of basal cell carcinoma,a dermoscopic image of basal cell carcinoma,dataset\ISIC2018_Task3_Training_Input\ISIC_0034223.jpg,dataset\ISIC2018_Task3_Training_Input\ISIC_0029745.jpg,ISIC_0034223,ISIC_0029745,0.0272446274757385,0.0886759757995605,1.0557154743207173,1.5676535367965698,42,100,5.0,0.3,32,0.0
experiments\sd_lora_ici_outputs\BCC\BCC_near_MEL_0044.png,BCC,MEL,a dermoscopic image of basal cell carcinoma,a dermoscopic image of basal cell carcinoma,dataset\ISIC2018_Task3_Training_Input\ISIC_0025617.jpg,dataset\ISIC2018_Task3_Training_Input\ISIC_0032132.jpg,ISIC_0025617,ISIC_0032132,0.0519220829010009,0.10495525598526,3.357316137929937,1.5665849447250366,42,100,5.0,0.3,32,0.0
experiments\sd_lora_ici_outputs\BCC\BCC_near_MEL_0045.png,BCC,MEL,a dermoscopic image of basal cell carcinoma,a dermoscopic image of basal cell carcinoma,dataset\ISIC2018_Task3_Training_Input\ISIC_0031284.jpg,dataset\ISIC2018_Task3_Training_Input\ISIC_0026395.jpg,ISIC_0031284,ISIC_0026395,0.063474953174591,0.0078089833259582,2.277419259057626,1.5567032098770142,42,100,5.0,0.3,32,0.0
experiments\sd_lora_ici_outputs\BCC\BCC_near_MEL_0046.png,BCC,MEL,a dermoscopic image of basal cell carcinoma,a dermoscopic image of basal cell carcinoma,dataset\ISIC2018_Task3_Training_Input\ISIC_0024432.jpg,dataset\ISIC2018_Task3_Training_Input\ISIC_0033720.jpg,ISIC_0024432,ISIC_0033720,0.146212100982666,0.1900896430015564,0.6158056953706269,1.5420156717300415,42,100,5.0,0.3,32,0.0
experiments\sd_lora_ici_outputs\BCC\BCC_near_MEL_0047.png,BCC,MEL,a dermoscopic image of basal cell carcinoma,a dermoscopic image of basal cell carcinoma,dataset\ISIC2018_Task3_Training_Input\ISIC_0031539.jpg,dataset\ISIC2018_Task3_Training_Input\ISIC_0034223.jpg,ISIC_0031539,ISIC_0034223,0.1614059805870056,0.0272446274757385,2.7908565992074315,1.5679974555969238,42,100,5.0,0.3,32,0.0
experiments\sd_lora_ici_outputs\BCC\BCC_near_MEL_0048.png,BCC,MEL,a dermoscopic image of basal cell carcinoma,a dermoscopic image of basal cell carcinoma,dataset\ISIC2018_Task3_Training_Input\ISIC_0024984.jpg,dataset\ISIC2018_Task3_Training_Input\ISIC_0032808.jpg,ISIC_0024984,ISIC_0032808,0.307963490486145,0.1403251886367797,0.386026163311456,1.5739878416061401,42,100,5.0,0.3,32,0.0
experiments\sd_lora_ici_outputs\BCC\BCC_near_MEL_0049.png,BCC,MEL,a dermoscopic image of basal cell carcinoma,a dermoscopic image of basal cell carcinoma,dataset\ISIC2018_Task3_Training_Input\ISIC_0025752.jpg,dataset\ISIC2018_Task3_Training_Input\ISIC_0031384.jpg,ISIC_0025752,ISIC_0031384,-0.0836223363876342,0.1887561678886413,2.7144565244468497,1.546554446220398,42,100,5.0,0.3,32,0.0
experiments\sd_lora_ici_outputs\BCC\BCC_near_VASC_0000.png,BCC,VASC,a dermoscopic image of basal cell carcinoma,a dermoscopic image of basal cell carcinoma,dataset\ISIC2018_Task3_Training_Input\ISIC_0030177.jpg,dataset\ISIC2018_Task3_Training_Input\ISIC_0032777.jpg,ISIC_0030177,ISIC_0032777,0.2526724934577942,-0.0830563306808471,3.210014516453693,1.5819073915481567,42,100,5.0,0.3,32,0.0
experiments\sd_lora_ici_outputs\BCC\BCC_near_VASC_0001.png,BCC,VASC,a dermoscopic image of basal cell carcinoma,a dermoscopic image of basal cell carcinoma,dataset\ISIC2018_Task3_Training_Input\ISIC_0032816.jpg,dataset\ISIC2018_Task3_Training_Input\ISIC_0033019.jpg,ISIC_0032816,ISIC_0033019,0.1996757984161377,0.1104735136032104,1.6671908207973702,1.5602022409439087,42,100,5.0,0.3,32,0.0
experiments\sd_lora_ici_outputs\BCC\BCC_near_VASC_0002.png,BCC,VASC,a dermoscopic image of basal cell carcinoma,a dermoscopic image of basal cell carcinoma,dataset\ISIC2018_Task3_Training_Input\ISIC_0032290.jpg,dataset\ISIC2018_Task3_Training_Input\ISIC_0032482.jpg,ISIC_0032290,ISIC_0032482,0.243112027645111,-0.0551080107688903,3.0134970185144456,1.5772236585617065,42,100,5.0,0.3,32,0.0
experiments\sd_lora_ici_outputs\BCC\BCC_near_VASC_0003.png,BCC,VASC,a dermoscopic image of basal cell carcinoma,a dermoscopic image of basal cell carcinoma,dataset\ISIC2018_Task3_Training_Input\ISIC_0032816.jpg,dataset\ISIC2018_Task3_Training_Input\ISIC_0025467.jpg,ISIC_0032816,ISIC_0025467,0.1996757984161377,-0.0234237313270568,0.9147929832218077,1.56265389919281,42,100,5.0,0.3,32,0.0
experiments\sd_lora_ici_outputs\BCC\BCC_near_VASC_0004.png,BCC,VASC,a dermoscopic image of basal cell carcinoma,a dermoscopic image of basal cell carcinoma,dataset\ISIC2018_Task3_Training_Input\ISIC_0032799.jpg,dataset\ISIC2018_Task3_Training_Input\ISIC_0034160.jpg,ISIC_0032799,ISIC_0034160,0.3007891774177551,0.0266252756118774,0.2475581526763683,1.547806739807129,42,100,5.0,0.3,32,0.0
experiments\sd_lora_ici_outputs\BCC\BCC_near_VASC_0005.png,BCC,VASC,a dermoscopic image of basal cell carcinoma,a dermoscopic image of basal cell carcinoma,dataset\ISIC2018_Task3_Training_Input\ISIC_0024799.jpg,dataset\ISIC2018_Task3_Training_Input\ISIC_0032290.jpg,ISIC_0024799,ISIC_0032290,0.2477593421936035,0.243112027645111,1.5649487837285785,1.5542101860046387,42,100,5.0,0.3,32,0.0
experiments\sd_lora_ici_outputs\BCC\BCC_near_VASC_0006.png,BCC,VASC,a dermoscopic image of basal cell carcinoma,a dermoscopic image of basal cell carcinoma,dataset\ISIC2018_Task3_Training_Input\ISIC_0032816.jpg,dataset\ISIC2018_Task3_Training_Input\ISIC_0034160.jpg,ISIC_0032816,ISIC_0034160,0.1996757984161377,0.0266252756118774,2.081782487545548,1.5772451162338257,42,100,5.0,0.3,32,0.0
experiments\sd_lora_ici_outputs\BCC\BCC_near_VASC_0007.png,BCC,VASC,a dermoscopic image of basal cell carcinoma,a dermoscopic image of basal cell carcinoma,dataset\ISIC2018_Task3_Training_Input\ISIC_0029515.jpg,dataset\ISIC2018_Task3_Training_Input\ISIC_0031171.jpg,ISIC_0029515,ISIC_0031171,0.0670545101165771,-0.0137568116188049,3.824635862606254,1.586351752281189,42,100,5.0,0.3,32,0.0
experiments\sd_lora_ici_outputs\BCC\BCC_near_VASC_0008.png,BCC,VASC,a dermoscopic image of basal cell carcinoma,a dermoscopic image of basal cell carcinoma,dataset\ISIC2018_Task3_Training_Input\ISIC_0030778.jpg,dataset\ISIC2018_Task3_Training_Input\ISIC_0034160.jpg,ISIC_0030778,ISIC_0034160,-0.0908316969871521,0.0266252756118774,2.7371084721676344,1.5772027969360352,42,100,5.0,0.3,32,0.0
experiments\sd_lora_ici_outputs\BCC\BCC_near_VASC_0009.png,BCC,VASC,a dermoscopic image of basal cell carcinoma,a dermoscopic image of basal cell carcinoma,dataset\ISIC2018_Task3_Training_Input\ISIC_0025509.jpg,dataset\ISIC2018_Task3_Training_Input\ISIC_0031171.jpg,ISIC_0025509,ISIC_0031171,0.2096621990203857,-0.0137568116188049,3.760512465562354,1.5645028352737427,42,100,5.0,0.3,32,0.0
experiments\sd_lora_ici_outputs\BCC\BCC_near_VASC_0010.png,BCC,VASC,a dermoscopic image of basal cell carcinoma,a dermoscopic image of basal cell carcinoma,dataset\ISIC2018_Task3_Training_Input\ISIC_0032290.jpg,dataset\ISIC2018_Task3_Training_Input\ISIC_0032185.jpg,ISIC_0032290,ISIC_0032185,0.243112027645111,0.1249627470970153,2.2639888018302683,1.5894380807876587,42,100,5.0,0.3,32,0.0
experiments\sd_lora_ici_outputs\BCC\BCC_near_VASC_0011.png,BCC,VASC,a dermoscopic image of basal cell carcinoma,a dermoscopic image of basal cell carcinoma,dataset\ISIC2018_Task3_Training_Input\ISIC_0031721.jpg,dataset\ISIC2018_Task3_Training_Input\ISIC_0027433.jpg,ISIC_0031721,ISIC_0027433,0.0914525389671325,-0.1678411364555359,0.9451112920096909,1.566569447517395,42,100,5.0,0.3,32,0.0
experiments\sd_lora_ici_outputs\BCC\BCC_near_VASC_0012.png,BCC,VASC,a dermoscopic image of basal cell carcinoma,a dermoscopic image of basal cell carcinoma,dataset\ISIC2018_Task3_Training_Input\ISIC_0030177.jpg,dataset\ISIC2018_Task3_Training_Input\ISIC_0029515.jpg,ISIC_0030177,ISIC_0029515,0.2526724934577942,0.0670545101165771,1.1901354885366158,1.5777558088302612,42,100,5.0,0.3,32,0.0
experiments\sd_lora_ici_outputs\BCC\BCC_near_VASC_0013.png,BCC,VASC,a dermoscopic image of basal cell carcinoma,a dermoscopic image of basal cell carcinoma,dataset\ISIC2018_Task3_Training_Input\ISIC_0025467.jpg,dataset\ISIC2018_Task3_Training_Input\ISIC_0030177.jpg,ISIC_0025467,ISIC_0030177,-0.0234237313270568,0.2526724934577942,1.5722156566605234,1.5777918100357056,42,100,5.0,0.3,32,0.0
experiments\sd_lora_ici_outputs\BCC\BCC_near_VASC_0014.png,BCC,VASC,a dermoscopic image of basal cell carcinoma,a dermoscopic image of basal cell carcinoma,dataset\ISIC2018_Task3_Training_Input\ISIC_0033054.jpg,dataset\ISIC2018_Task3_Training_Input\ISIC_0028671.jpg,ISIC_0033054,ISIC_0028671,-0.0173667669296264,0.1077854633331298,3.3814153636678035,1.5867503881454468,42,100,5.0,0.3,32,0.0
experiments\sd_lora_ici_outputs\BCC\BCC_near_VASC_0015.png,BCC,VASC,a dermoscopic image of basal cell carcinoma,a dermoscopic image of basal cell carcinoma,dataset\ISIC2018_Task3_Training_Input\ISIC_0031527.jpg,dataset\ISIC2018_Task3_Training_Input\ISIC_0031721.jpg,ISIC_0031527,ISIC_0031721,0.0024181604385375,0.0914525389671325,0.13810439581568743,1.5800044536590576,42,100,5.0,0.3,32,0.0
experiments\sd_lora_ici_outputs\BCC\BCC_near_VASC_0016.png,BCC,VASC,a dermoscopic image of basal cell carcinoma,a dermoscopic image of basal cell carcinoma,dataset\ISIC2018_Task3_Training_Input\ISIC_0034160.jpg,dataset\ISIC2018_Task3_Training_Input\ISIC_0029201.jpg,ISIC_0034160,ISIC_0029201,0.0266252756118774,-0.1755025386810302,2.323061910460901,1.5449784994125366,42,100,5.0,0.3,32,0.0
experiments\sd_lora_ici_outputs\BCC\BCC_near_VASC_0017.png,BCC,VASC,a dermoscopic image of basal cell carcinoma,a dermoscopic image of basal cell carcinoma,dataset\ISIC2018_Task3_Training_Input\ISIC_0032799.jpg,dataset\ISIC2018_Task3_Training_Input\ISIC_0026528.jpg,ISIC_0032799,ISIC_0026528,0.3007891774177551,-0.0183268189430236,2.089548135502996,1.5540486574172974,42,100,5.0,0.3,32,0.0
experiments\sd_lora_ici_outputs\BCC\BCC_near_VASC_0018.png,BCC,VASC,a dermoscopic image of basal cell carcinoma,a dermoscopic image of basal cell carcinoma,dataset\ISIC2018_Task3_Training_Input\ISIC_0030778.jpg,dataset\ISIC2018_Task3_Training_Input\ISIC_0031171.jpg,ISIC_0030778,ISIC_0031171,-0.0908316969871521,-0.0137568116188049,2.323411716613183,1.5454638004302979,42,100,5.0,0.3,32,0.0
experiments\sd_lora_ici_outputs\BCC\BCC_near_VASC_0019.png,BCC,VASC,a dermoscopic image of basal cell carcinoma,a dermoscopic image of basal cell carcinoma,dataset\ISIC2018_Task3_Training_Input\ISIC_0025601.jpg,dataset\ISIC2018_Task3_Training_Input\ISIC_0030177.jpg,ISIC_0025601,ISIC_0030177,0.1697983145713806,0.2526724934577942,3.8869573274413822,1.5886025428771973,42,100,5.0,0.3,32,0.0
experiments\sd_lora_ici_outputs\BCC\BCC_near_VASC_0020.png,BCC,VASC,a dermoscopic image of basal cell carcinoma,a dermoscopic image of basal cell carcinoma,dataset\ISIC2018_Task3_Training_Input\ISIC_0031171.jpg,dataset\ISIC2018_Task3_Training_Input\ISIC_0024799.jpg,ISIC_0031171,ISIC_0024799,-0.0137568116188049,0.2477593421936035,0.5948345609921452,1.5574766397476196,42,100,5.0,0.3,32,0.0
experiments\sd_lora_ici_outputs\BCC\BCC_near_VASC_0021.png,BCC,VASC,a dermoscopic image of basal cell carcinoma,a dermoscopic image of basal cell carcinoma,dataset\ISIC2018_Task3_Training_Input\ISIC_0030177.jpg,dataset\ISIC2018_Task3_Training_Input\ISIC_0025509.jpg,ISIC_0030177,ISIC_0025509,0.2526724934577942,0.2096621990203857,3.8646723626012576,1.5432987213134766,42,100,5.0,0.3,32,0.0
experiments\sd_lora_ici_outputs\BCC\BCC_near_VASC_0022.png,BCC,VASC,a dermoscopic image of basal cell carcinoma,a dermoscopic image of basal cell carcinoma,dataset\ISIC2018_Task3_Training_Input\ISIC_0027433.jpg,dataset\ISIC2018_Task3_Training_Input\ISIC_0030778.jpg,ISIC_0027433,ISIC_0030778,-0.1678411364555359,-0.0908316969871521,1.7766291530581901,1.5880634784698486,42,100,5.0,0.3,32,0.0
experiments\sd_lora_ici_outputs\BCC\BCC_near_VASC_0023.png,BCC,VASC,a dermoscopic image of basal cell carcinoma,a dermoscopic image of basal cell carcinoma,dataset\ISIC2018_Task3_Training_Input\ISIC_0027675.jpg,dataset\ISIC2018_Task3_Training_Input\ISIC_0027545.jpg,ISIC_0027675,ISIC_0027545,0.0405002236366272,-0.0137892961502075,3.7990750670913322,1.5696265697479248,42,100,5.0,0.3,32,0.0
experiments\sd_lora_ici_outputs\BCC\BCC_near_VASC_0024.png,BCC,VASC,a dermoscopic image of basal cell carcinoma,a dermoscopic image of basal cell carcinoma,dataset\ISIC2018_Task3_Training_Input\ISIC_0033609.jpg,dataset\ISIC2018_Task3_Training_Input\ISIC_0031171.jpg,ISIC_0033609,ISIC_0031171,0.1508781909942627,-0.0137568116188049,0.6806338660388292,1.5431605577468872,42,100,5.0,0.3,32,0.0
experiments\sd_lora_ici_outputs\BCC\BCC_near_VASC_0025.png,BCC,VASC,a dermoscopic image of basal cell carcinoma,a dermoscopic image of basal cell carcinoma,dataset\ISIC2018_Task3_Training_Input\ISIC_0026831.jpg,dataset\ISIC2018_Task3_Training_Input\ISIC_0033019.jpg,ISIC_0026831,ISIC_0033019,0.0529790520668029,0.1104735136032104,0.8483976938586778,1.569246530532837,42,100,5.0,0.3,32,0.0
experiments\sd_lora_ici_outputs\BCC\BCC_near_VASC_0026.png,BCC,VASC,a dermoscopic image of basal cell carcinoma,a dermoscopic image of basal cell carcinoma,dataset\ISIC2018_Task3_Training_Input\ISIC_0024799.jpg,dataset\ISIC2018_Task3_Training_Input\ISIC_0032799.jpg,ISIC_0024799,ISIC_0032799,0.2477593421936035,0.3007891774177551,0.7709098141877864,1.5707851648330688,42,100,5.0,0.3,32,0.0
experiments\sd_lora_ici_outputs\BCC\BCC_near_VASC_0027.png,BCC,VASC,a dermoscopic image of basal cell carcinoma,a dermoscopic image of basal cell carcinoma,dataset\ISIC2018_Task3_Training_Input\ISIC_0028671.jpg,dataset\ISIC2018_Task3_Training_Input\ISIC_0032816.jpg,ISIC_0028671,ISIC_0032816,0.1077854633331298,0.1996757984161377,0.16993271774756968,1.5779221057891846,42,100,5.0,0.3,32,0.0
experiments\sd_lora_ici_outputs\BCC\BCC_near_VASC_0028.png,BCC,VASC,a dermoscopic image of basal cell carcinoma,a dermoscopic image of basal cell carcinoma,dataset\ISIC2018_Task3_Training_Input\ISIC_0031721.jpg,dataset\ISIC2018_Task3_Training_Input\ISIC_0028671.jpg,ISIC_0031721,ISIC_0028671,0.0914525389671325,0.1077854633331298,0.31271765539084434,1.5745959281921387,42,100,5.0,0.3,32,0.0
experiments\sd_lora_ici_outputs\BCC\BCC_near_VASC_0029.png,BCC,VASC,a dermoscopic image of basal cell carcinoma,a dermoscopic image of basal cell carcinoma,dataset\ISIC2018_Task3_Training_Input\ISIC_0032290.jpg,dataset\ISIC2018_Task3_Training_Input\ISIC_0034160.jpg,ISIC_0032290,ISIC_0034160,0.243112027645111,0.0266252756118774,2.7766374746554687,1.5458279848098755,42,100,5.0,0.3,32,0.0
experiments\sd_lora_ici_outputs\BCC\BCC_near_VASC_0030.png,BCC,VASC,a dermoscopic image of basal cell carcinoma,a dermoscopic image of basal cell carcinoma,dataset\ISIC2018_Task3_Training_Input\ISIC_0026831.jpg,dataset\ISIC2018_Task3_Training_Input\ISIC_0031527.jpg,ISIC_0026831,ISIC_0031527,0.0529790520668029,0.0024181604385375,0.8144674397942162,1.5577003955841064,42,100,5.0,0.3,32,0.0
experiments\sd_lora_ici_outputs\BCC\BCC_near_VASC_0031.png,BCC,VASC,a dermoscopic image of basal cell carcinoma,a dermoscopic image of basal cell carcinoma,dataset\ISIC2018_Task3_Training_Input\ISIC_0027545.jpg,dataset\ISIC2018_Task3_Training_Input\ISIC_0027609.jpg,ISIC_0027545,ISIC_0027609,-0.0137892961502075,-0.0817230939865112,3.35822437818235,1.5390044450759888,42,100,5.0,0.3,32,0.0
experiments\sd_lora_ici_outputs\BCC\BCC_near_VASC_0032.png,BCC,VASC,a dermoscopic image of basal cell carcinoma,a dermoscopic image of basal cell carcinoma,dataset\ISIC2018_Task3_Training_Input\ISIC_0026528.jpg,dataset\ISIC2018_Task3_Training_Input\ISIC_0029515.jpg,ISIC_0026528,ISIC_0029515,-0.0183268189430236,0.0670545101165771,0.5977518949586597,1.5544015169143677,42,100,5.0,0.3,32,0.0
experiments\sd_lora_ici_outputs\BCC\BCC_near_VASC_0033.png,BCC,VASC,a dermoscopic image of basal cell carcinoma,a dermoscopic image of basal cell carcinoma,dataset\ISIC2018_Task3_Training_Input\ISIC_0027609.jpg,dataset\ISIC2018_Task3_Training_Input\ISIC_0025467.jpg,ISIC_0027609,ISIC_0025467,-0.0817230939865112,-0.0234237313270568,2.4048427181319783,1.5546940565109253,42,100,5.0,0.3,32,0.0
experiments\sd_lora_ici_outputs\BCC\BCC_near_VASC_0034.png,BCC,VASC,a dermoscopic image of basal cell carcinoma,a dermoscopic image of basal cell carcinoma,dataset\ISIC2018_Task3_Training_Input\ISIC_0026528.jpg,dataset\ISIC2018_Task3_Training_Input\ISIC_0033054.jpg,ISIC_0026528,ISIC_0033054,-0.0183268189430236,-0.0173667669296264,1.2814731841538565,1.5677622556686401,42,100,5.0,0.3,32,0.0
experiments\sd_lora_ici_outputs\BCC\BCC_near_VASC_0035.png,BCC,VASC,a dermoscopic image of basal cell carcinoma,a dermoscopic image of basal cell carcinoma,dataset\ISIC2018_Task3_Training_Input\ISIC_0024799.jpg,dataset\ISIC2018_Task3_Training_Input\ISIC_0034160.jpg,ISIC_0024799,ISIC_0034160,0.2477593421936035,0.0266252756118774,2.89772887458381,1.576587438583374,42,100,5.0,0.3,32,0.0
experiments\sd_lora_ici_outputs\BCC\BCC_near_VASC_0036.png,BCC,VASC,a dermoscopic image of basal cell carcinoma,a dermoscopic image of basal cell carcinoma,dataset\ISIC2018_Task3_Training_Input\ISIC_0032799.jpg,dataset\ISIC2018_Task3_Training_Input\ISIC_0027675.jpg,ISIC_0032799,ISIC_0027675,0.3007891774177551,0.0405002236366272,3.193488065956273,1.5884480476379395,42,100,5.0,0.3,32,0.0
experiments\sd_lora_ici_outputs\BCC\BCC_near_VASC_0037.png,BCC,VASC,a dermoscopic image of basal cell carcinoma,a dermoscopic image of basal cell carcinoma,dataset\ISIC2018_Task3_Training_Input\ISIC_0032777.jpg,dataset\ISIC2018_Task3_Training_Input\ISIC_0026528.jpg,ISIC_0032777,ISIC_0026528,-0.0830563306808471,-0.0183268189430236,0.3508400491602417,1.5585721731185913,42,100,5.0,0.3,32,0.0
experiments\sd_lora_ici_outputs\BCC\BCC_near_VASC_0038.png,BCC,VASC,a dermoscopic image of basal cell carcinoma,a dermoscopic image of basal cell carcinoma,dataset\ISIC2018_Task3_Training_Input\ISIC_0027675.jpg,dataset\ISIC2018_Task3_Training_Input\ISIC_0027545.jpg,ISIC_0027675,ISIC_0027545,0.0405002236366272,-0.0137892961502075,2.2271153274279163,1.5696265697479248,42,100,5.0,0.3,32,0.0
experiments\sd_lora_ici_outputs\BCC\BCC_near_VASC_0039.png,BCC,VASC,a dermoscopic image of basal cell carcinoma,a dermoscopic image of basal cell carcinoma,dataset\ISIC2018_Task3_Training_Input\ISIC_0033019.jpg,dataset\ISIC2018_Task3_Training_Input\ISIC_0025467.jpg,ISIC_0033019,ISIC_0025467,0.1104735136032104,-0.0234237313270568,2.2092427939657733,1.5700668096542358,42,100,5.0,0.3,32,0.0
experiments\sd_lora_ici_outputs\BCC\BCC_near_VASC_0040.png,BCC,VASC,a dermoscopic image of basal cell carcinoma,a dermoscopic image of basal cell carcinoma,dataset\ISIC2018_Task3_Training_Input\ISIC_0026831.jpg,dataset\ISIC2018_Task3_Training_Input\ISIC_0029201.jpg,ISIC_0026831,ISIC_0029201,0.0529790520668029,-0.1755025386810302,3.401053245536735,1.5825475454330444,42,100,5.0,0.3,32,0.0
experiments\sd_lora_ici_outputs\BCC\BCC_near_VASC_0041.png,BCC,VASC,a dermoscopic image of basal cell carcinoma,a dermoscopic image of basal cell carcinoma,dataset\ISIC2018_Task3_Training_Input\ISIC_0025383.jpg,dataset\ISIC2018_Task3_Training_Input\ISIC_0034160.jpg,ISIC_0025383,ISIC_0034160,-0.055460512638092,0.0266252756118774,2.113901524433546,1.544677972793579,42,100,5.0,0.3,32,0.0
experiments\sd_lora_ici_outputs\BCC\BCC_near_VASC_0042.png,BCC,VASC,a dermoscopic image of basal cell carcinoma,a dermoscopic image of basal cell carcinoma,dataset\ISIC2018_Task3_Training_Input\ISIC_0025630.jpg,dataset\ISIC2018_Task3_Training_Input\ISIC_0029779.jpg,ISIC_0025630,ISIC_0029779,-0.1529381871223449,-0.1480916738510131,3.665548870322316,1.5721242427825928,42,100,5.0,0.3,32,0.0
experiments\sd_lora_ici_outputs\BCC\BCC_near_VASC_0043.png,BCC,VASC,a dermoscopic image of basal cell carcinoma,a dermoscopic image of basal cell carcinoma,dataset\ISIC2018_Task3_Training_Input\ISIC_0027675.jpg,dataset\ISIC2018_Task3_Training_Input\ISIC_0025383.jpg,ISIC_0027675,ISIC_0025383,0.0405002236366272,-0.055460512638092,0.04972425478475624,1.5622965097427368,42,100,5.0,0.3,32,0.0
experiments\sd_lora_ici_outputs\BCC\BCC_near_VASC_0044.png,BCC,VASC,a dermoscopic image of basal cell carcinoma,a dermoscopic image of basal cell carcinoma,dataset\ISIC2018_Task3_Training_Input\ISIC_0030177.jpg,dataset\ISIC2018_Task3_Training_Input\ISIC_0032777.jpg,ISIC_0030177,ISIC_0032777,0.2526724934577942,-0.0830563306808471,2.7819701550408547,1.5819073915481567,42,100,5.0,0.3,32,0.0
experiments\sd_lora_ici_outputs\BCC\BCC_near_VASC_0045.png,BCC,VASC,a dermoscopic image of basal cell carcinoma,a dermoscopic image of basal cell carcinoma,dataset\ISIC2018_Task3_Training_Input\ISIC_0029201.jpg,dataset\ISIC2018_Task3_Training_Input\ISIC_0027675.jpg,ISIC_0029201,ISIC_0027675,-0.1755025386810302,0.0405002236366272,2.3559895374650854,1.5670058727264404,42,100,5.0,0.3,32,0.0
experiments\sd_lora_ici_outputs\BCC\BCC_near_VASC_0046.png,BCC,VASC,a dermoscopic image of basal cell carcinoma,a dermoscopic image of basal cell carcinoma,dataset\ISIC2018_Task3_Training_Input\ISIC_0024799.jpg,dataset\ISIC2018_Task3_Training_Input\ISIC_0025509.jpg,ISIC_0024799,ISIC_0025509,0.2477593421936035,0.2096621990203857,3.1646317884984554,1.5519896745681763,42,100,5.0,0.3,32,0.0
experiments\sd_lora_ici_outputs\BCC\BCC_near_VASC_0047.png,BCC,VASC,a dermoscopic image of basal cell carcinoma,a dermoscopic image of basal cell carcinoma,dataset\ISIC2018_Task3_Training_Input\ISIC_0031721.jpg,dataset\ISIC2018_Task3_Training_Input\ISIC_0025467.jpg,ISIC_0031721,ISIC_0025467,0.0914525389671325,-0.0234237313270568,0.45760736525460377,1.544941782951355,42,100,5.0,0.3,32,0.0
experiments\sd_lora_ici_outputs\BCC\BCC_near_VASC_0048.png,BCC,VASC,a dermoscopic image of basal cell carcinoma,a dermoscopic image of basal cell carcinoma,dataset\ISIC2018_Task3_Training_Input\ISIC_0029779.jpg,dataset\ISIC2018_Task3_Training_Input\ISIC_0031527.jpg,ISIC_0029779,ISIC_0031527,-0.1480916738510131,0.0024181604385375,0.5977202290321394,1.5730276107788086,42,100,5.0,0.3,32,0.0
experiments\sd_lora_ici_outputs\BCC\BCC_near_VASC_0049.png,BCC,VASC,a dermoscopic image of basal cell carcinoma,a dermoscopic image of basal cell carcinoma,dataset\ISIC2018_Task3_Training_Input\ISIC_0024799.jpg,dataset\ISIC2018_Task3_Training_Input\ISIC_0027609.jpg,ISIC_0024799,ISIC_0027609,0.2477593421936035,-0.0817230939865112,2.243011837509591,1.587158203125,42,100,5.0,0.3,32,0.0
experiments\sd_lora_ici_outputs\BKL\BKL_near_AKIEC_0000.png,BKL,AKIEC,a dermoscopic image of benign keratosis-like lesion,a dermoscopic image of benign keratosis-like lesion,dataset\ISIC2018_Task3_Training_Input\ISIC_0025068.jpg,dataset\ISIC2018_Task3_Training_Input\ISIC_0025389.jpg,ISIC_0025068,ISIC_0025389,-0.2146781086921692,-0.0948326587677002,2.362820875344626,1.549448013305664,42,100,5.0,0.3,32,0.0
experiments\sd_lora_ici_outputs\BKL\BKL_near_AKIEC_0001.png,BKL,AKIEC,a dermoscopic image of benign keratosis-like lesion,a dermoscopic image of benign keratosis-like lesion,dataset\ISIC2018_Task3_Training_Input\ISIC_0026871.jpg,dataset\ISIC2018_Task3_Training_Input\ISIC_0025068.jpg,ISIC_0026871,ISIC_0025068,-0.066228449344635,-0.2146781086921692,3.943230660105591,1.5373729467391968,42,100,5.0,0.3,32,0.0
experiments\sd_lora_ici_outputs\BKL\BKL_near_AKIEC_0002.png,BKL,AKIEC,a dermoscopic image of benign keratosis-like lesion,a dermoscopic image of benign keratosis-like lesion,dataset\ISIC2018_Task3_Training_Input\ISIC_0026849.jpg,dataset\ISIC2018_Task3_Training_Input\ISIC_0025339.jpg,ISIC_0026849,ISIC_0025339,-0.0414710640907287,-0.031768262386322,0.4139627779584004,1.520910382270813,42,100,5.0,0.3,32,0.0
experiments\sd_lora_ici_outputs\BKL\BKL_near_AKIEC_0003.png,BKL,AKIEC,a dermoscopic image of benign keratosis-like lesion,a dermoscopic image of benign keratosis-like lesion,dataset\ISIC2018_Task3_Training_Input\ISIC_0030822.jpg,dataset\ISIC2018_Task3_Training_Input\ISIC_0030876.jpg,ISIC_0030822,ISIC_0030876,-0.0241687893867492,-0.2534242272377014,0.42487124446755364,1.5621747970581055,42,100,5.0,0.3,32,0.0
experiments\sd_lora_ici_outputs\BKL\BKL_near_AKIEC_0004.png,BKL,AKIEC,a dermoscopic image of benign keratosis-like lesion,a dermoscopic image of benign keratosis-like lesion,dataset\ISIC2018_Task3_Training_Input\ISIC_0029802.jpg,dataset\ISIC2018_Task3_Training_Input\ISIC_0026849.jpg,ISIC_0029802,ISIC_0026849,-0.1693451404571533,-0.0414710640907287,3.127244695309782,1.5662425756454468,42,100,5.0,0.3,32,0.0
experiments\sd_lora_ici_outputs\BKL\BKL_near_AKIEC_0005.png,BKL,AKIEC,a dermoscopic image of benign keratosis-like lesion,a dermoscopic image of benign keratosis-like lesion,dataset\ISIC2018_Task3_Training_Input\ISIC_0030812.jpg,dataset\ISIC2018_Task3_Training_Input\ISIC_0026769.jpg,ISIC_0030812,ISIC_0026769,-0.1411582231521606,-0.2122241854667663,3.15317699522795,1.5657178163528442,42,100,5.0,0.3,32,0.0
experiments\sd_lora_ici_outputs\BKL\BKL_near_AKIEC_0006.png,BKL,AKIEC,a dermoscopic image of benign keratosis-like lesion,a dermoscopic image of benign keratosis-like lesion,dataset\ISIC2018_Task3_Training_Input\ISIC_0029126.jpg,dataset\ISIC2018_Task3_Training_Input\ISIC_0025661.jpg,ISIC_0029126,ISIC_0025661,-0.1491840481758117,-0.1899754405021667,3.4868834220922533,1.5631459951400757,42,100,5.0,0.3,32,0.0
experiments\sd_lora_ici_outputs\BKL\BKL_near_AKIEC_0007.png,BKL,AKIEC,a dermoscopic image of benign keratosis-like lesion,a dermoscopic image of benign keratosis-like lesion,dataset\ISIC2018_Task3_Training_Input\ISIC_0026060.jpg,dataset\ISIC2018_Task3_Training_Input\ISIC_0031888.jpg,ISIC_0026060,ISIC_0031888,-0.0482665300369262,-0.0058624744415283,3.5347240040935977,1.5644944906234741,42,100,5.0,0.3,32,0.0
experiments\sd_lora_ici_outputs\BKL\BKL_near_AKIEC_0008.png,BKL,AKIEC,a dermoscopic image of benign keratosis-like lesion,a dermoscopic image of benign keratosis-like lesion,dataset\ISIC2018_Task3_Training_Input\ISIC_0031138.jpg,dataset\ISIC2018_Task3_Training_Input\ISIC_0029260.jpg,ISIC_0031138,ISIC_0029260,-0.0802279710769653,-0.0341019034385681,3.5748442098487114,1.5429953336715698,42,100,5.0,0.3,32,0.0
experiments\sd_lora_ici_outputs\BKL\BKL_near_AKIEC_0009.png,BKL,AKIEC,a dermoscopic image of benign keratosis-like lesion,a dermoscopic image of benign keratosis-like lesion,dataset\ISIC2018_Task3_Training_Input\ISIC_0029260.jpg,dataset\ISIC2018_Task3_Training_Input\ISIC_0030706.jpg,ISIC_0029260,ISIC_0030706,-0.0341019034385681,-0.0334392786026001,1.0587115929835174,1.5675840377807617,42,100,5.0,0.3,32,0.0
experiments\sd_lora_ici_outputs\BKL\BKL_near_AKIEC_0010.png,BKL,AKIEC,a dermoscopic image of benign keratosis-like lesion,a dermoscopic image of benign keratosis-like lesion,dataset\ISIC2018_Task3_Training_Input\ISIC_0029764.jpg,dataset\ISIC2018_Task3_Training_Input\ISIC_0031591.jpg,ISIC_0029764,ISIC_0031591,-0.1517810225486755,-0.0038046240806579,2.6321782673066205,1.5630218982696533,42,100,5.0,0.3,32,0.0
experiments\sd_lora_ici_outputs\BKL\BKL_near_AKIEC_0011.png,BKL,AKIEC,a dermoscopic image of benign keratosis-like lesion,a dermoscopic image of benign keratosis-like lesion,dataset\ISIC2018_Task3_Training_Input\ISIC_0027017.jpg,dataset\ISIC2018_Task3_Training_Input\ISIC_0028662.jpg,ISIC_0027017,ISIC_0028662,-0.0629953742027282,-0.1003460884094238,2.2888198333704,1.5702974796295166,42,100,5.0,0.3,32,0.0
experiments\sd_lora_ici_outputs\BKL\BKL_near_AKIEC_0012.png,BKL,AKIEC,a dermoscopic image of benign keratosis-like lesion,a dermoscopic image of benign keratosis-like lesion,dataset\ISIC2018_Task3_Training_Input\ISIC_0032835.jpg,dataset\ISIC2018_Task3_Training_Input\ISIC_0030812.jpg,ISIC_0032835,ISIC_0030812,-0.0752909779548645,-0.1411582231521606,1.8548096626762007,1.602449893951416,42,100,5.0,0.3,32,0.0
experiments\sd_lora_ici_outputs\BKL\BKL_near_AKIEC_0013.png,BKL,AKIEC,a dermoscopic image of benign keratosis-like lesion,a dermoscopic image of benign keratosis-like lesion,dataset\ISIC2018_Task3_Training_Input\ISIC_0025583.jpg,dataset\ISIC2018_Task3_Training_Input\ISIC_0032230.jpg,ISIC_0025583,ISIC_0032230,-0.039866030216217,-0.079062283039093,0.6903796606140639,1.56719970703125,42,100,5.0,0.3,32,0.0
experiments\sd_lora_ici_outputs\BKL\BKL_near_AKIEC_0014.png,BKL,AKIEC,a dermoscopic image of benign keratosis-like lesion,a dermoscopic image of benign keratosis-like lesion,dataset\ISIC2018_Task3_Training_Input\ISIC_0030812.jpg,dataset\ISIC2018_Task3_Training_Input\ISIC_0026849.jpg,ISIC_0030812,ISIC_0026849,-0.1411582231521606,-0.0414710640907287,1.5834234055423602,1.5990417003631592,42,100,5.0,0.3,32,0.0
experiments\sd_lora_ici_outputs\BKL\BKL_near_AKIEC_0015.png,BKL,AKIEC,a dermoscopic image of benign keratosis-like lesion,a dermoscopic image of benign keratosis-like lesion,dataset\ISIC2018_Task3_Training_Input\ISIC_0030706.jpg,dataset\ISIC2018_Task3_Training_Input\ISIC_0030876.jpg,ISIC_0030706,ISIC_0030876,-0.0334392786026001,-0.2534242272377014,2.480903834862212,1.5657780170440674,42,100,5.0,0.3,32,0.0
experiments\sd_lora_ici_outputs\BKL\BKL_near_AKIEC_0016.png,BKL,AKIEC,a dermoscopic image of benign keratosis-like lesion,a dermoscopic image of benign keratosis-like lesion,dataset\ISIC2018_Task3_Training_Input\ISIC_0030706.jpg,dataset\ISIC2018_Task3_Training_Input\ISIC_0029031.jpg,ISIC_0030706,ISIC_0029031,-0.0334392786026001,-0.0113224387168884,2.7685000491567684,1.5451231002807617,42,100,5.0,0.3,32,0.0
experiments\sd_lora_ici_outputs\BKL\BKL_near_AKIEC_0017.png,BKL,AKIEC,a dermoscopic image of benign keratosis-like lesion,a dermoscopic image of benign keratosis-like lesion,dataset\ISIC2018_Task3_Training_Input\ISIC_0028707.jpg,dataset\ISIC2018_Task3_Training_Input\ISIC_0031888.jpg,ISIC_0028707,ISIC_0031888,-0.2069500088691711,-0.0058624744415283,1.5881106973319388,1.5893605947494507,42,100,5.0,0.3,32,0.0
experiments\sd_lora_ici_outputs\BKL\BKL_near_AKIEC_0018.png,BKL,AKIEC,a dermoscopic image of benign keratosis-like lesion,a dermoscopic image of benign keratosis-like lesion,dataset\ISIC2018_Task3_Training_Input\ISIC_0030976.jpg,dataset\ISIC2018_Task3_Training_Input\ISIC_0025339.jpg,ISIC_0030976,ISIC_0025339,-0.152667760848999,-0.031768262386322,1.601631121783037,1.5526915788650513,42,100,5.0,0.3,32,0.0
experiments\sd_lora_ici_outputs\BKL\BKL_near_AKIEC_0019.png,BKL,AKIEC,a dermoscopic image of benign keratosis-like lesion,a dermoscopic image of benign keratosis-like lesion,dataset\ISIC2018_Task3_Training_Input\ISIC_0030976.jpg,dataset\ISIC2018_Task3_Training_Input\ISIC_0030188.jpg,ISIC_0030976,ISIC_0030188,-0.152667760848999,-0.1481355428695678,3.5537248309904856,1.5540465116500854,42,100,5.0,0.3,32,0.0
experiments\sd_lora_ici_outputs\BKL\BKL_near_AKIEC_0020.png,BKL,AKIEC,a dermoscopic image of benign keratosis-like lesion,a dermoscopic image of benign keratosis-like lesion,dataset\ISIC2018_Task3_Training_Input\ISIC_0027859.jpg,dataset\ISIC2018_Task3_Training_Input\ISIC_0026769.jpg,ISIC_0027859,ISIC_0026769,-0.0291102528572082,-0.2122241854667663,2.8010319148645197,1.5489383935928345,42,100,5.0,0.3,32,0.0
experiments\sd_lora_ici_outputs\BKL\BKL_near_AKIEC_0021.png,BKL,AKIEC,a dermoscopic image of benign keratosis-like lesion,a dermoscopic image of benign keratosis-like lesion,dataset\ISIC2018_Task3_Training_Input\ISIC_0028611.jpg,dataset\ISIC2018_Task3_Training_Input\ISIC_0029126.jpg,ISIC_0028611,ISIC_0029126,-0.1560503244400024,-0.1491840481758117,0.1997754513022692,1.550262212753296,42,100,5.0,0.3,32,0.0
experiments\sd_lora_ici_outputs\BKL\BKL_near_AKIEC_0022.png,BKL,AKIEC,a dermoscopic image of benign keratosis-like lesion,a dermoscopic image of benign keratosis-like lesion,dataset\ISIC2018_Task3_Training_Input\ISIC_0026623.jpg,dataset\ISIC2018_Task3_Training_Input\ISIC_0026060.jpg,ISIC_0026623,ISIC_0026060,-0.155495285987854,-0.0482665300369262,1.8827851476693422,1.5858867168426514,42,100,5.0,0.3,32,0.0
experiments\sd_lora_ici_outputs\BKL\BKL_near_AKIEC_0023.png,BKL,AKIEC,a dermoscopic image of benign keratosis-like lesion,a dermoscopic image of benign keratosis-like lesion,dataset\ISIC2018_Task3_Training_Input\ISIC_0025068.jpg,dataset\ISIC2018_Task3_Training_Input\ISIC_0028611.jpg,ISIC_0025068,ISIC_0028611,-0.2146781086921692,-0.1560503244400024,1.0811867905549237,1.5608452558517456,42,100,5.0,0.3,32,0.0
experiments\sd_lora_ici_outputs\BKL\BKL_near_AKIEC_0024.png,BKL,AKIEC,a dermoscopic image of benign keratosis-like lesion,a dermoscopic image of benign keratosis-like lesion,dataset\ISIC2018_Task3_Training_Input\ISIC_0029070.jpg,dataset\ISIC2018_Task3_Training_Input\ISIC_0031138.jpg,ISIC_0029070,ISIC_0031138,-0.3112031817436218,-0.0802279710769653,1.4884642552271008,1.5721666812896729,42,100,5.0,0.3,32,0.0
experiments\sd_lora_ici_outputs\BKL\BKL_near_AKIEC_0025.png,BKL,AKIEC,a dermoscopic image of benign keratosis-like lesion,a dermoscopic image of benign keratosis-like lesion,dataset\ISIC2018_Task3_Training_Input\ISIC_0032835.jpg,dataset\ISIC2018_Task3_Training_Input\ISIC_0032116.jpg,ISIC_0032835,ISIC_0032116,-0.0752909779548645,-0.0146653652191162,1.3464075941904576,1.5766957998275757,42,100,5.0,0.3,32,0.0
experiments\sd_lora_ici_outputs\BKL\BKL_near_AKIEC_0026.png,BKL,AKIEC,a dermoscopic image of benign keratosis-like lesion,a dermoscopic image of benign keratosis-like lesion,dataset\ISIC2018_Task3_Training_Input\ISIC_0029260.jpg,dataset\ISIC2018_Task3_Training_Input\ISIC_0026661.jpg,ISIC_0029260,ISIC_0026661,-0.0341019034385681,-0.0682001709938049,3.1943932367461003,1.5610673427581787,42,100,5.0,0.3,32,0.0
experiments\sd_lora_ici_outputs\BKL\BKL_near_AKIEC_0027.png,BKL,AKIEC,a dermoscopic image of benign keratosis-like lesion,a dermoscopic image of benign keratosis-like lesion,dataset\ISIC2018_Task3_Training_Input\ISIC_0028822.jpg,dataset\ISIC2018_Task3_Training_Input\ISIC_0031537.jpg,ISIC_0028822,ISIC_0031537,-0.141419768333435,-0.2900582551956177,1.2443008529177293,1.5701605081558228,42,100,5.0,0.3,32,0.0
experiments\sd_lora_ici_outputs\BKL\BKL_near_AKIEC_0028.png,BKL,AKIEC,a dermoscopic image of benign keratosis-like lesion,a dermoscopic image of benign keratosis-like lesion,dataset\ISIC2018_Task3_Training_Input\ISIC_0029764.jpg,dataset\ISIC2018_Task3_Training_Input\ISIC_0028822.jpg,ISIC_0029764,ISIC_0028822,-0.1517810225486755,-0.141419768333435,3.4046297016854346,1.5554587841033936,42,100,5.0,0.3,32,0.0
experiments\sd_lora_ici_outputs\BKL\BKL_near_AKIEC_0029.png,BKL,AKIEC,a dermoscopic image of benign keratosis-like lesion,a dermoscopic image of benign keratosis-like lesion,dataset\ISIC2018_Task3_Training_Input\ISIC_0028200.jpg,dataset\ISIC2018_Task3_Training_Input\ISIC_0028822.jpg,ISIC_0028200,ISIC_0028822,-0.0125533938407897,-0.141419768333435,3.4798976553375787,1.5495996475219727,42,100,5.0,0.3,32,0.0
experiments\sd_lora_ici_outputs\BKL\BKL_near_AKIEC_0030.png,BKL,AKIEC,a dermoscopic image of benign keratosis-like lesion,a dermoscopic image of benign keratosis-like lesion,dataset\ISIC2018_Task3_Training_Input\ISIC_0032116.jpg,dataset\ISIC2018_Task3_Training_Input\ISIC_0030372.jpg,ISIC_0032116,ISIC_0030372,-0.0146653652191162,-0.0745685100555419,2.7089376122053666,1.5884648561477661,42,100,5.0,0.3,32,0.0
experiments\sd_lora_ici_outputs\BKL\BKL_near_AKIEC_0031.png,BKL,AKIEC,a dermoscopic image of benign keratosis-like lesion,a dermoscopic image of benign keratosis-like lesion,dataset\ISIC2018_Task3_Training_Input\ISIC_0025068.jpg,dataset\ISIC2018_Task3_Training_Input\ISIC_0030822.jpg,ISIC_0025068,ISIC_0030822,-0.2146781086921692,-0.0241687893867492,3.8653347066804344,1.5808143615722656,42,100,5.0,0.3,32,0.0
experiments\sd_lora_ici_outputs\BKL\BKL_near_AKIEC_0032.png,BKL,AKIEC,a dermoscopic image of benign keratosis-like lesion,a dermoscopic image of benign keratosis-like lesion,dataset\ISIC2018_Task3_Training_Input\ISIC_0029764.jpg,dataset\ISIC2018_Task3_Training_Input\ISIC_0030188.jpg,ISIC_0029764,ISIC_0030188,-0.1517810225486755,-0.1481355428695678,0.9042319586185242,1.583994746208191,42,100,5.0,0.3,32,0.0
experiments\sd_lora_ici_outputs\BKL\BKL_near_AKIEC_0033.png,BKL,AKIEC,a dermoscopic image of benign keratosis-like lesion,a dermoscopic image of benign keratosis-like lesion,dataset\ISIC2018_Task3_Training_Input\ISIC_0025339.jpg,dataset\ISIC2018_Task3_Training_Input\ISIC_0025583.jpg,ISIC_0025339,ISIC_0025583,-0.031768262386322,-0.039866030216217,1.1971351403026647,1.577077031135559,42,100,5.0,0.3,32,0.0
experiments\sd_lora_ici_outputs\BKL\BKL_near_AKIEC_0034.png,BKL,AKIEC,a dermoscopic image of benign keratosis-like lesion,a dermoscopic image of benign keratosis-like lesion,dataset\ISIC2018_Task3_Training_Input\ISIC_0027859.jpg,dataset\ISIC2018_Task3_Training_Input\ISIC_0028236.jpg,ISIC_0027859,ISIC_0028236,-0.0291102528572082,-0.1547064185142517,2.9738258578671863,1.5713608264923096,42,100,5.0,0.3,32,0.0
experiments\sd_lora_ici_outputs\BKL\BKL_near_AKIEC_0035.png,BKL,AKIEC,a dermoscopic image of benign keratosis-like lesion,a dermoscopic image of benign keratosis-like lesion,dataset\ISIC2018_Task3_Training_Input\ISIC_0032230.jpg,dataset\ISIC2018_Task3_Training_Input\ISIC_0025661.jpg,ISIC_0032230,ISIC_0025661,-0.079062283039093,-0.1899754405021667,3.13615877383762,1.5507440567016602,42,100,5.0,0.3,32,0.0
experiments\sd_lora_ici_outputs\BKL\BKL_near_AKIEC_0036.png,BKL,AKIEC,a dermoscopic image of benign keratosis-like lesion,a dermoscopic image of benign keratosis-like lesion,dataset\ISIC2018_Task3_Training_Input\ISIC_0030801.jpg,dataset\ISIC2018_Task3_Training_Input\ISIC_0029764.jpg,ISIC_0030801,ISIC_0029764,-0.0532327890396118,-0.1517810225486755,1.298073105621312,1.5531290769577026,42,100,5.0,0.3,32,0.0
experiments\sd_lora_ici_outputs\BKL\BKL_near_AKIEC_0037.png,BKL,AKIEC,a dermoscopic image of benign keratosis-like lesion,a dermoscopic image of benign keratosis-like lesion,dataset\ISIC2018_Task3_Training_Input\ISIC_0030231.jpg,dataset\ISIC2018_Task3_Training_Input\ISIC_0029802.jpg,ISIC_0030231,ISIC_0029802,-0.0292915701866149,-0.1693451404571533,2.9298769798335966,1.5629262924194336,42,100,5.0,0.3,32,0.0
experiments\sd_lora_ici_outputs\BKL\BKL_near_AKIEC_0038.png,BKL,AKIEC,a dermoscopic image of benign keratosis-like lesion,a dermoscopic image of benign keratosis-like lesion,dataset\ISIC2018_Task3_Training_Input\ISIC_0025209.jpg,dataset\ISIC2018_Task3_Training_Input\ISIC_0029802.jpg,ISIC_0025209,ISIC_0029802,-0.1415889859199524,-0.1693451404571533,2.4347876160600053,1.5612022876739502,42,100,5.0,0.3,32,0.0
experiments\sd_lora_ici_outputs\BKL\BKL_near_AKIEC_0039.png,BKL,AKIEC,a dermoscopic image of benign keratosis-like lesion,a dermoscopic image of benign keratosis-like lesion,dataset\ISIC2018_Task3_Training_Input\ISIC_0025068.jpg,dataset\ISIC2018_Task3_Training_Input\ISIC_0030876.jpg,ISIC_0025068,ISIC_0030876,-0.2146781086921692,-0.2534242272377014,0.3608179502336288,1.5548168420791626,42,100,5.0,0.3,32,0.0
experiments\sd_lora_ici_outputs\BKL\BKL_near_AKIEC_0040.png,BKL,AKIEC,a dermoscopic image of benign keratosis-like lesion,a dermoscopic image of benign keratosis-like lesion,dataset\ISIC2018_Task3_Training_Input\ISIC_0028611.jpg,dataset\ISIC2018_Task3_Training_Input\ISIC_0030812.jpg,ISIC_0028611,ISIC_0030812,-0.1560503244400024,-0.1411582231521606,1.7819246997611629,1.557522177696228,42,100,5.0,0.3,32,0.0
experiments\sd_lora_ici_outputs\BKL\BKL_near_AKIEC_0041.png,BKL,AKIEC,a dermoscopic image of benign keratosis-like lesion,a dermoscopic image of benign keratosis-like lesion,dataset\ISIC2018_Task3_Training_Input\ISIC_0029260.jpg,dataset\ISIC2018_Task3_Training_Input\ISIC_0029031.jpg,ISIC_0029260,ISIC_0029031,-0.0341019034385681,-0.0113224387168884,3.617290815853978,1.5866204500198364,42,100,5.0,0.3,32,0.0
experiments\sd_lora_ici_outputs\BKL\BKL_near_AKIEC_0042.png,BKL,AKIEC,a dermoscopic image of benign keratosis-like lesion,a dermoscopic image of benign keratosis-like lesion,dataset\ISIC2018_Task3_Training_Input\ISIC_0026849.jpg,dataset\ISIC2018_Task3_Training_Input\ISIC_0028822.jpg,ISIC_0026849,ISIC_0028822,-0.0414710640907287,-0.141419768333435,1.6411764289273336,1.5588371753692627,42,100,5.0,0.3,32,0.0
experiments\sd_lora_ici_outputs\BKL\BKL_near_AKIEC_0043.png,BKL,AKIEC,a dermoscopic image of benign keratosis-like lesion,a dermoscopic image of benign keratosis-like lesion,dataset\ISIC2018_Task3_Training_Input\ISIC_0032835.jpg,dataset\ISIC2018_Task3_Training_Input\ISIC_0025661.jpg,ISIC_0032835,ISIC_0025661,-0.0752909779548645,-0.1899754405021667,1.9146308182342335,1.5898386240005493,42,100,5.0,0.3,32,0.0
experiments\sd_lora_ici_outputs\BKL\BKL_near_AKIEC_0044.png,BKL,AKIEC,a dermoscopic image of benign keratosis-like lesion,a dermoscopic image of benign keratosis-like lesion,dataset\ISIC2018_Task3_Training_Input\ISIC_0030372.jpg,dataset\ISIC2018_Task3_Training_Input\ISIC_0032116.jpg,ISIC_0030372,ISIC_0032116,-0.0745685100555419,-0.0146653652191162,2.043025446718403,1.5884648561477661,42,100,5.0,0.3,32,0.0
experiments\sd_lora_ici_outputs\BKL\BKL_near_AKIEC_0045.png,BKL,AKIEC,a dermoscopic image of benign keratosis-like lesion,a dermoscopic image of benign keratosis-like lesion,dataset\ISIC2018_Task3_Training_Input\ISIC_0030812.jpg,dataset\ISIC2018_Task3_Training_Input\ISIC_0032116.jpg,ISIC_0030812,ISIC_0032116,-0.1411582231521606,-0.0146653652191162,1.510727092757888,1.555110216140747,42,100,5.0,0.3,32,0.0
experiments\sd_lora_ici_outputs\BKL\BKL_near_AKIEC_0046.png,BKL,AKIEC,a dermoscopic image of benign keratosis-like lesion,a dermoscopic image of benign keratosis-like lesion,dataset\ISIC2018_Task3_Training_Input\ISIC_0025389.jpg,dataset\ISIC2018_Task3_Training_Input\ISIC_0025209.jpg,ISIC_0025389,ISIC_0025209,-0.0948326587677002,-0.1415889859199524,0.22477063417713414,1.5711642503738403,42,100,5.0,0.3,32,0.0
experiments\sd_lora_ici_outputs\BKL\BKL_near_AKIEC_0047.png,BKL,AKIEC,a dermoscopic image of benign keratosis-like lesion,a dermoscopic image of benign keratosis-like lesion,dataset\ISIC2018_Task3_Training_Input\ISIC_0026787.jpg,dataset\ISIC2018_Task3_Training_Input\ISIC_0030801.jpg,ISIC_0026787,ISIC_0030801,-0.0659531950950622,-0.0532327890396118,3.1052760379348707,1.6014939546585083,42,100,5.0,0.3,32,0.0
experiments\sd_lora_ici_outputs\BKL\BKL_near_AKIEC_0048.png,BKL,AKIEC,a dermoscopic image of benign keratosis-like lesion,a dermoscopic image of benign keratosis-like lesion,dataset\ISIC2018_Task3_Training_Input\ISIC_0026871.jpg,dataset\ISIC2018_Task3_Training_Input\ISIC_0032835.jpg,ISIC_0026871,ISIC_0032835,-0.066228449344635,-0.0752909779548645,0.2619038775521365,1.57417893409729,42,100,5.0,0.3,32,0.0
experiments\sd_lora_ici_outputs\BKL\BKL_near_AKIEC_0049.png,BKL,AKIEC,a dermoscopic image of benign keratosis-like lesion,a dermoscopic image of benign keratosis-like lesion,dataset\ISIC2018_Task3_Training_Input\ISIC_0026769.jpg,dataset\ISIC2018_Task3_Training_Input\ISIC_0029260.jpg,ISIC_0026769,ISIC_0029260,-0.2122241854667663,-0.0341019034385681,2.832627005316217,1.573929786682129,42,100,5.0,0.3,32,0.0
experiments\sd_lora_ici_outputs\BKL\BKL_near_BCC_0000.png,BKL,BCC,a dermoscopic image of benign keratosis-like lesion,a dermoscopic image of benign keratosis-like lesion,dataset\ISIC2018_Task3_Training_Input\ISIC_0026607.jpg,dataset\ISIC2018_Task3_Training_Input\ISIC_0031029.jpg,ISIC_0026607,ISIC_0031029,-0.1502532958984375,0.0610235333442688,1.644447935312224,1.5412732362747192,42,100,5.0,0.3,32,0.0
experiments\sd_lora_ici_outputs\BKL\BKL_near_BCC_0001.png,BKL,BCC,a dermoscopic image of benign keratosis-like lesion,a dermoscopic image of benign keratosis-like lesion,dataset\ISIC2018_Task3_Training_Input\ISIC_0032972.jpg,dataset\ISIC2018_Task3_Training_Input\ISIC_0031961.jpg,ISIC_0032972,ISIC_0031961,0.0361999869346618,0.0072042942047119,3.138494573700633,1.562573790550232,42,100,5.0,0.3,32,0.0
experiments\sd_lora_ici_outputs\BKL\BKL_near_BCC_0002.png,BKL,BCC,a dermoscopic image of benign keratosis-like lesion,a dermoscopic image of benign keratosis-like lesion,dataset\ISIC2018_Task3_Training_Input\ISIC_0025275.jpg,dataset\ISIC2018_Task3_Training_Input\ISIC_0030436.jpg,ISIC_0025275,ISIC_0030436,-0.1545460820198059,-0.0863372087478637,2.1320100346806012,1.5451087951660156,42,100,5.0,0.3,32,0.0
experiments\sd_lora_ici_outputs\BKL\BKL_near_BCC_0003.png,BKL,BCC,a dermoscopic image of benign keratosis-like lesion,a dermoscopic image of benign keratosis-like lesion,dataset\ISIC2018_Task3_Training_Input\ISIC_0031691.jpg,dataset\ISIC2018_Task3_Training_Input\ISIC_0024426.jpg,ISIC_0031691,ISIC_0024426,0.0035303235054016,0.1458885669708252,2.2822867724104894,1.5655672550201416,42,100,5.0,0.3,32,0.0
experiments\sd_lora_ici_outputs\BKL\BKL_near_BCC_0004.png,BKL,BCC,a dermoscopic image of benign keratosis-like lesion,a dermoscopic image of benign keratosis-like lesion,dataset\ISIC2018_Task3_Training_Input\ISIC_0032280.jpg,dataset\ISIC2018_Task3_Training_Input\ISIC_0025275.jpg,ISIC_0032280,ISIC_0025275,0.1592692732810974,-0.1545460820198059,0.6887351679336257,1.584969162940979,42,100,5.0,0.3,32,0.0
experiments\sd_lora_ici_outputs\BKL\BKL_near_BCC_0005.png,BKL,BCC,a dermoscopic image of benign keratosis-like lesion,a dermoscopic image of benign keratosis-like lesion,dataset\ISIC2018_Task3_Training_Input\ISIC_0026539.jpg,dataset\ISIC2018_Task3_Training_Input\ISIC_0024426.jpg,ISIC_0026539,ISIC_0024426,0.0124191641807556,0.1458885669708252,3.5359867438581416,1.5551307201385498,42,100,5.0,0.3,32,0.0
experiments\sd_lora_ici_outputs\BKL\BKL_near_BCC_0006.png,BKL,BCC,a dermoscopic image of benign keratosis-like lesion,a dermoscopic image of benign keratosis-like lesion,dataset\ISIC2018_Task3_Training_Input\ISIC_0026607.jpg,dataset\ISIC2018_Task3_Training_Input\ISIC_0026737.jpg,ISIC_0026607,ISIC_0026737,-0.1502532958984375,-0.0064257383346557,0.8145627996529888,1.5483195781707764,42,100,5.0,0.3,32,0.0
experiments\sd_lora_ici_outputs\BKL\BKL_near_BCC_0007.png,BKL,BCC,a dermoscopic image of benign keratosis-like lesion,a dermoscopic image of benign keratosis-like lesion,dataset\ISIC2018_Task3_Training_Input\ISIC_0024832.jpg,dataset\ISIC2018_Task3_Training_Input\ISIC_0030731.jpg,ISIC_0024832,ISIC_0030731,0.0912114977836608,0.1145921945571899,0.23560590749640395,1.5368220806121826,42,100,5.0,0.3,32,0.0
experiments\sd_lora_ici_outputs\BKL\BKL_near_BCC_0008.png,BKL,BCC,a dermoscopic image of benign keratosis-like lesion,a dermoscopic image of benign keratosis-like lesion,dataset\ISIC2018_Task3_Training_Input\ISIC_0026265.jpg,dataset\ISIC2018_Task3_Training_Input\ISIC_0026539.jpg,ISIC_0026265,ISIC_0026539,0.0867395997047424,0.0124191641807556,0.130957583307988,1.586708426475525,42,100,5.0,0.3,32,0.0
experiments\sd_lora_ici_outputs\BKL\BKL_near_BCC_0009.png,BKL,BCC,a dermoscopic image of benign keratosis-like lesion,a dermoscopic image of benign keratosis-like lesion,dataset\ISIC2018_Task3_Training_Input\ISIC_0026737.jpg,dataset\ISIC2018_Task3_Training_Input\ISIC_0032280.jpg,ISIC_0026737,ISIC_0032280,-0.0064257383346557,0.1592692732810974,0.20140157512934478,1.5773130655288696,42,100,5.0,0.3,32,0.0
experiments\sd_lora_ici_outputs\BKL\BKL_near_BCC_0010.png,BKL,BCC,a dermoscopic image of benign keratosis-like lesion,a dermoscopic image of benign keratosis-like lesion,dataset\ISIC2018_Task3_Training_Input\ISIC_0031029.jpg,dataset\ISIC2018_Task3_Training_Input\ISIC_0030396.jpg,ISIC_0031029,ISIC_0030396,0.0610235333442688,0.0945903658866882,1.459346521996403,1.5515872240066528,42,100,5.0,0.3,32,0.0
experiments\sd_lora_ici_outputs\BKL\BKL_near_BCC_0011.png,BKL,BCC,a dermoscopic image of benign keratosis-like lesion,a dermoscopic image of benign keratosis-like lesion,dataset\ISIC2018_Task3_Training_Input\ISIC_0030436.jpg,dataset\ISIC2018_Task3_Training_Input\ISIC_0024832.jpg,ISIC_0030436,ISIC_0024832,-0.0863372087478637,0.0912114977836608,0.8084081980584207,1.547539472579956,42,100,5.0,0.3,32,0.0
experiments\sd_lora_ici_outputs\BKL\BKL_near_BCC_0012.png,BKL,BCC,a dermoscopic image of benign keratosis-like lesion,a dermoscopic image of benign keratosis-like lesion,dataset\ISIC2018_Task3_Training_Input\ISIC_0025326.jpg,dataset\ISIC2018_Task3_Training_Input\ISIC_0033646.jpg,ISIC_0025326,ISIC_0033646,0.0415565967559814,0.0581099390983581,1.466104514915396,1.5786210298538208,42,100,5.0,0.3,32,0.0
experiments\sd_lora_ici_outputs\BKL\BKL_near_BCC_0013.png,BKL,BCC,a dermoscopic image of benign keratosis-like lesion,a dermoscopic image of benign keratosis-like lesion,dataset\ISIC2018_Task3_Training_Input\ISIC_0030661.jpg,dataset\ISIC2018_Task3_Training_Input\ISIC_0032972.jpg,ISIC_0030661,ISIC_0032972,0.0381941199302673,0.0361999869346618,1.8417286794509178,1.5837135314941406,42,100,5.0,0.3,32,0.0
experiments\sd_lora_ici_outputs\BKL\BKL_near_BCC_0014.png,BKL,BCC,a dermoscopic image of benign keratosis-like lesion,a dermoscopic image of benign keratosis-like lesion,dataset\ISIC2018_Task3_Training_Input\ISIC_0030721.jpg,dataset\ISIC2018_Task3_Training_Input\ISIC_0034103.jpg,ISIC_0030721,ISIC_0034103,-0.0718020796775817,-0.0080634355545043,1.5941407679407307,1.5645179748535156,42,100,5.0,0.3,32,0.0
experiments\sd_lora_ici_outputs\BKL\BKL_near_BCC_0015.png,BKL,BCC,a dermoscopic image of benign keratosis-like lesion,a dermoscopic image of benign keratosis-like lesion,dataset\ISIC2018_Task3_Training_Input\ISIC_0030661.jpg,dataset\ISIC2018_Task3_Training_Input\ISIC_0033646.jpg,ISIC_0030661,ISIC_0033646,0.0381941199302673,0.0581099390983581,3.6997696355123035,1.5676225423812866,42,100,5.0,0.3,32,0.0
experiments\sd_lora_ici_outputs\BKL\BKL_near_BCC_0016.png,BKL,BCC,a dermoscopic image of benign keratosis-like lesion,a dermoscopic image of benign keratosis-like lesion,dataset\ISIC2018_Task3_Training_Input\ISIC_0030396.jpg,dataset\ISIC2018_Task3_Training_Input\ISIC_0028702.jpg,ISIC_0030396,ISIC_0028702,0.0945903658866882,0.0302913784980773,2.7026237832500986,1.5836257934570312,42,100,5.0,0.3,32,0.0
experiments\sd_lora_ici_outputs\BKL\BKL_near_BCC_0017.png,BKL,BCC,a dermoscopic image of benign keratosis-like lesion,a dermoscopic image of benign keratosis-like lesion,dataset\ISIC2018_Task3_Training_Input\ISIC_0028233.jpg,dataset\ISIC2018_Task3_Training_Input\ISIC_0028336.jpg,ISIC_0028233,ISIC_0028336,0.0513028502464294,0.1332569718360901,0.9668290912231382,1.572296380996704,42,100,5.0,0.3,32,0.0
experiments\sd_lora_ici_outputs\BKL\BKL_near_BCC_0018.png,BKL,BCC,a dermoscopic image of benign keratosis-like lesion,a dermoscopic image of benign keratosis-like lesion,dataset\ISIC2018_Task3_Training_Input\ISIC_0026607.jpg,dataset\ISIC2018_Task3_Training_Input\ISIC_0027287.jpg,ISIC_0026607,ISIC_0027287,-0.1502532958984375,0.0885161161422729,1.9651101069418069,1.5628323554992676,42,100,5.0,0.3,32,0.0
experiments\sd_lora_ici_outputs\BKL\BKL_near_BCC_0019.png,BKL,BCC,a dermoscopic image of benign keratosis-like lesion,a dermoscopic image of benign keratosis-like lesion,dataset\ISIC2018_Task3_Training_Input\ISIC_0030436.jpg,dataset\ISIC2018_Task3_Training_Input\ISIC_0032972.jpg,ISIC_0030436,ISIC_0032972,-0.0863372087478637,0.0361999869346618,1.8407796871131117,1.5226974487304688,42,100,5.0,0.3,32,0.0
experiments\sd_lora_ici_outputs\BKL\BKL_near_BCC_0020.png,BKL,BCC,a dermoscopic image of benign keratosis-like lesion,a dermoscopic image of benign keratosis-like lesion,dataset\ISIC2018_Task3_Training_Input\ISIC_0031961.jpg,dataset\ISIC2018_Task3_Training_Input\ISIC_0032972.jpg,ISIC_0031961,ISIC_0032972,0.0072042942047119,0.0361999869346618,3.8622992171986454,1.562573790550232,42,100,5.0,0.3,32,0.0
experiments\sd_lora_ici_outputs\BKL\BKL_near_BCC_0021.png,BKL,BCC,a dermoscopic image of benign keratosis-like lesion,a dermoscopic image of benign keratosis-like lesion,dataset\ISIC2018_Task3_Training_Input\ISIC_0029115.jpg,dataset\ISIC2018_Task3_Training_Input\ISIC_0028233.jpg,ISIC_0029115,ISIC_0028233,-0.0549407005310058,0.0513028502464294,1.9013992103469308,1.5682600736618042,42,100,5.0,0.3,32,0.0
experiments\sd_lora_ici_outputs\BKL\BKL_near_BCC_0022.png,BKL,BCC,a dermoscopic image of benign keratosis-like lesion,a dermoscopic image of benign keratosis-like lesion,dataset\ISIC2018_Task3_Training_Input\ISIC_0029580.jpg,dataset\ISIC2018_Task3_Training_Input\ISIC_0024881.jpg,ISIC_0029580,ISIC_0024881,0.1029195785522461,-0.1726112961769104,2.227391529766848,1.555241584777832,42,100,5.0,0.3,32,0.0
experiments\sd_lora_ici_outputs\BKL\BKL_near_BCC_0023.png,BKL,BCC,a dermoscopic image of benign keratosis-like lesion,a dermoscopic image of benign keratosis-like lesion,dataset\ISIC2018_Task3_Training_Input\ISIC_0025743.jpg,dataset\ISIC2018_Task3_Training_Input\ISIC_0027287.jpg,ISIC_0025743,ISIC_0027287,0.1171963810920715,0.0885161161422729,1.3626200447563024,1.5873686075210571,42,100,5.0,0.3,32,0.0
experiments\sd_lora_ici_outputs\BKL\BKL_near_BCC_0024.png,BKL,BCC,a dermoscopic image of benign keratosis-like lesion,a dermoscopic image of benign keratosis-like lesion,dataset\ISIC2018_Task3_Training_Input\ISIC_0033646.jpg,dataset\ISIC2018_Task3_Training_Input\ISIC_0025985.jpg,ISIC_0033646,ISIC_0025985,0.0581099390983581,-0.1183665990829467,3.3620589746699387,1.565449595451355,42,100,5.0,0.3,32,0.0
experiments\sd_lora_ici_outputs\BKL\BKL_near_BCC_0025.png,BKL,BCC,a dermoscopic image of benign keratosis-like lesion,a dermoscopic image of benign keratosis-like lesion,dataset\ISIC2018_Task3_Training_Input\ISIC_0025292.jpg,dataset\ISIC2018_Task3_Training_Input\ISIC_0030731.jpg,ISIC_0025292,ISIC_0030731,0.0016301870346069,0.1145921945571899,1.021218702772972,1.591439962387085,42,100,5.0,0.3,32,0.0
experiments\sd_lora_ici_outputs\BKL\BKL_near_BCC_0026.png,BKL,BCC,a dermoscopic image of benign keratosis-like lesion,a dermoscopic image of benign keratosis-like lesion,dataset\ISIC2018_Task3_Training_Input\ISIC_0025984.jpg,dataset\ISIC2018_Task3_Training_Input\ISIC_0030396.jpg,ISIC_0025984,ISIC_0030396,0.0460343956947326,0.0945903658866882,3.242843954462363,1.6098558902740479,42,100,5.0,0.3,32,0.0
experiments\sd_lora_ici_outputs\BKL\BKL_near_BCC_0027.png,BKL,BCC,a dermoscopic image of benign keratosis-like lesion,a dermoscopic image of benign keratosis-like lesion,dataset\ISIC2018_Task3_Training_Input\ISIC_0026265.jpg,dataset\ISIC2018_Task3_Training_Input\ISIC_0025985.jpg,ISIC_0026265,ISIC_0025985,0.0867395997047424,-0.1183665990829467,0.36452179379016336,1.558066487312317,42,100,5.0,0.3,32,0.0
experiments\sd_lora_ici_outputs\BKL\BKL_near_BCC_0028.png,BKL,BCC,a dermoscopic image of benign keratosis-like lesion,a dermoscopic image of benign keratosis-like lesion,dataset\ISIC2018_Task3_Training_Input\ISIC_0034186.jpg,dataset\ISIC2018_Task3_Training_Input\ISIC_0026539.jpg,ISIC_0034186,ISIC_0026539,0.0031752586364746,0.0124191641807556,0.11085980623243098,1.5558074712753296,42,100,5.0,0.3,32,0.0
experiments\sd_lora_ici_outputs\BKL\BKL_near_BCC_0029.png,BKL,BCC,a dermoscopic image of benign keratosis-like lesion,a dermoscopic image of benign keratosis-like lesion,dataset\ISIC2018_Task3_Training_Input\ISIC_0028336.jpg,dataset\ISIC2018_Task3_Training_Input\ISIC_0030988.jpg,ISIC_0028336,ISIC_0030988,0.1332569718360901,-0.0221561193466186,0.20172063509655513,1.5465284585952759,42,100,5.0,0.3,32,0.0
experiments\sd_lora_ici_outputs\BKL\BKL_near_BCC_0030.png,BKL,BCC,a dermoscopic image of benign keratosis-like lesion,a dermoscopic image of benign keratosis-like lesion,dataset\ISIC2018_Task3_Training_Input\ISIC_0028702.jpg,dataset\ISIC2018_Task3_Training_Input\ISIC_0026265.jpg,ISIC_0028702,ISIC_0026265,0.0302913784980773,0.0867395997047424,3.4493176822672256,1.5552982091903687,42,100,5.0,0.3,32,0.0
experiments\sd_lora_ici_outputs\BKL\BKL_near_BCC_0031.png,BKL,BCC,a dermoscopic image of benign keratosis-like lesion,a dermoscopic image of benign keratosis-like lesion,dataset\ISIC2018_Task3_Training_Input\ISIC_0030396.jpg,dataset\ISIC2018_Task3_Training_Input\ISIC_0029115.jpg,ISIC_0030396,ISIC_0029115,0.0945903658866882,-0.0549407005310058,3.137563704943032,1.561663031578064,42,100,5.0,0.3,32,0.0
experiments\sd_lora_ici_outputs\BKL\BKL_near_BCC_0032.png,BKL,BCC,a dermoscopic image of benign keratosis-like lesion,a dermoscopic image of benign keratosis-like lesion,dataset\ISIC2018_Task3_Training_Input\ISIC_0025275.jpg,dataset\ISIC2018_Task3_Training_Input\ISIC_0032883.jpg,ISIC_0025275,ISIC_0032883,-0.1545460820198059,0.0046209096908569,0.8495938184647388,1.5849967002868652,42,100,5.0,0.3,32,0.0
experiments\sd_lora_ici_outputs\BKL\BKL_near_BCC_0033.png,BKL,BCC,a dermoscopic image of benign keratosis-like lesion,a dermoscopic image of benign keratosis-like lesion,dataset\ISIC2018_Task3_Training_Input\ISIC_0034103.jpg,dataset\ISIC2018_Task3_Training_Input\ISIC_0030607.jpg,ISIC_0034103,ISIC_0030607,-0.0080634355545043,0.0309860110282897,0.8884845955768506,1.5653505325317383,42,100,5.0,0.3,32,0.0
experiments\sd_lora_ici_outputs\BKL\BKL_near_BCC_0034.png,BKL,BCC,a dermoscopic image of benign keratosis-like lesion,a dermoscopic image of benign keratosis-like lesion,dataset\ISIC2018_Task3_Training_Input\ISIC_0028336.jpg,dataset\ISIC2018_Task3_Training_Input\ISIC_0024881.jpg,ISIC_0028336,ISIC_0024881,0.1332569718360901,-0.1726112961769104,0.9110623145389918,1.552496075630188,42,100,5.0,0.3,32,0.0
experiments\sd_lora_ici_outputs\BKL\BKL_near_BCC_0035.png,BKL,BCC,a dermoscopic image of benign keratosis-like lesion,a dermoscopic image of benign keratosis-like lesion,dataset\ISIC2018_Task3_Training_Input\ISIC_0028336.jpg,dataset\ISIC2018_Task3_Training_Input\ISIC_0033646.jpg,ISIC_0028336,ISIC_0033646,0.1332569718360901,0.0581099390983581,0.8284142983976881,1.5679703950881958,42,100,5.0,0.3,32,0.0
experiments\sd_lora_ici_outputs\BKL\BKL_near_BCC_0036.png,BKL,BCC,a dermoscopic image of benign keratosis-like lesion,a dermoscopic image of benign keratosis-like lesion,dataset\ISIC2018_Task3_Training_Input\ISIC_0030436.jpg,dataset\ISIC2018_Task3_Training_Input\ISIC_0031691.jpg,ISIC_0030436,ISIC_0031691,-0.0863372087478637,0.0035303235054016,2.6297132989080754,1.556840419769287,42,100,5.0,0.3,32,0.0
experiments\sd_lora_ici_outputs\BKL\BKL_near_BCC_0037.png,BKL,BCC,a dermoscopic image of benign keratosis-like lesion,a dermoscopic image of benign keratosis-like lesion,dataset\ISIC2018_Task3_Training_Input\ISIC_0029115.jpg,dataset\ISIC2018_Task3_Training_Input\ISIC_0027287.jpg,ISIC_0029115,ISIC_0027287,-0.0549407005310058,0.0885161161422729,2.0912895619812617,1.5421303510665894,42,100,5.0,0.3,32,0.0
experiments\sd_lora_ici_outputs\BKL\BKL_near_BCC_0038.png,BKL,BCC,a dermoscopic image of benign keratosis-like lesion,a dermoscopic image of benign keratosis-like lesion,dataset\ISIC2018_Task3_Training_Input\ISIC_0029115.jpg,dataset\ISIC2018_Task3_Training_Input\ISIC_0024312.jpg,ISIC_0029115,ISIC_0024312,-0.0549407005310058,-0.0160151720046997,3.424182416737357,1.586548089981079,42,100,5.0,0.3,32,0.0
experiments\sd_lora_ici_outputs\BKL\BKL_near_BCC_0039.png,BKL,BCC,a dermoscopic image of benign keratosis-like lesion,a dermoscopic image of benign keratosis-like lesion,dataset\ISIC2018_Task3_Training_Input\ISIC_0030396.jpg,dataset\ISIC2018_Task3_Training_Input\ISIC_0028702.jpg,ISIC_0030396,ISIC_0028702,0.0945903658866882,0.0302913784980773,3.8372130157463102,1.5836257934570312,42,100,5.0,0.3,32,0.0
experiments\sd_lora_ici_outputs\BKL\BKL_near_BCC_0040.png,BKL,BCC,a dermoscopic image of benign keratosis-like lesion,a dermoscopic image of benign keratosis-like lesion,dataset\ISIC2018_Task3_Training_Input\ISIC_0029580.jpg,dataset\ISIC2018_Task3_Training_Input\ISIC_0026539.jpg,ISIC_0029580,ISIC_0026539,0.1029195785522461,0.0124191641807556,2.723984617778604,1.5735725164413452,42,100,5.0,0.3,32,0.0
experiments\sd_lora_ici_outputs\BKL\BKL_near_BCC_0041.png,BKL,BCC,a dermoscopic image of benign keratosis-like lesion,a dermoscopic image of benign keratosis-like lesion,dataset\ISIC2018_Task3_Training_Input\ISIC_0033646.jpg,dataset\ISIC2018_Task3_Training_Input\ISIC_0024832.jpg,ISIC_0033646,ISIC_0024832,0.0581099390983581,0.0912114977836608,1.883484481217208,1.581558346748352,42,100,5.0,0.3,32,0.0
experiments\sd_lora_ici_outputs\BKL\BKL_near_BCC_0042.png,BKL,BCC,a dermoscopic image of benign keratosis-like lesion,a dermoscopic image of benign keratosis-like lesion,dataset\ISIC2018_Task3_Training_Input\ISIC_0024832.jpg,dataset\ISIC2018_Task3_Training_Input\ISIC_0032883.jpg,ISIC_0024832,ISIC_0032883,0.0912114977836608,0.0046209096908569,0.5400290651369312,1.5394614934921265,42,100,5.0,0.3,32,0.0
experiments\sd_lora_ici_outputs\BKL\BKL_near_BCC_0043.png,BKL,BCC,a dermoscopic image of benign keratosis-like lesion,a dermoscopic image of benign keratosis-like lesion,dataset\ISIC2018_Task3_Training_Input\ISIC_0027287.jpg,dataset\ISIC2018_Task3_Training_Input\ISIC_0028336.jpg,ISIC_0027287,ISIC_0028336,0.0885161161422729,0.1332569718360901,0.6952177834246747,1.56533944606781,42,100,5.0,0.3,32,0.0
experiments\sd_lora_ici_outputs\BKL\BKL_near_BCC_0044.png,BKL,BCC,a dermoscopic image of benign keratosis-like lesion,a dermoscopic image of benign keratosis-like lesion,dataset\ISIC2018_Task3_Training_Input\ISIC_0024312.jpg,dataset\ISIC2018_Task3_Training_Input\ISIC_0033488.jpg,ISIC_0024312,ISIC_0033488,-0.0160151720046997,0.0487697124481201,3.217316258087085,1.5640308856964111,42,100,5.0,0.3,32,0.0
experiments\sd_lora_ici_outputs\BKL\BKL_near_BCC_0045.png,BKL,BCC,a dermoscopic image of benign keratosis-like lesion,a dermoscopic image of benign keratosis-like lesion,dataset\ISIC2018_Task3_Training_Input\ISIC_0025292.jpg,dataset\ISIC2018_Task3_Training_Input\ISIC_0029580.jpg,ISIC_0025292,ISIC_0029580,0.0016301870346069,0.1029195785522461,0.9070092802340701,1.550136923789978,42,100,5.0,0.3,32,0.0
experiments\sd_lora_ici_outputs\BKL\BKL_near_BCC_0046.png,BKL,BCC,a dermoscopic image of benign keratosis-like lesion,a dermoscopic image of benign keratosis-like lesion,dataset\ISIC2018_Task3_Training_Input\ISIC_0030988.jpg,dataset\ISIC2018_Task3_Training_Input\ISIC_0026606.jpg,ISIC_0030988,ISIC_0026606,-0.0221561193466186,-0.1101728677749633,2.5012654621612285,1.5281614065170288,42,100,5.0,0.3,32,0.0
experiments\sd_lora_ici_outputs\BKL\BKL_near_BCC_0047.png,BKL,BCC,a dermoscopic image of benign keratosis-like lesion,a dermoscopic image of benign keratosis-like lesion,dataset\ISIC2018_Task3_Training_Input\ISIC_0026539.jpg,dataset\ISIC2018_Task3_Training_Input\ISIC_0033646.jpg,ISIC_0026539,ISIC_0033646,0.0124191641807556,0.0581099390983581,3.783947269350782,1.565845012664795,42,100,5.0,0.3,32,0.0
experiments\sd_lora_ici_outputs\BKL\BKL_near_BCC_0048.png,BKL,BCC,a dermoscopic image of benign keratosis-like lesion,a dermoscopic image of benign keratosis-like lesion,dataset\ISIC2018_Task3_Training_Input\ISIC_0030661.jpg,dataset\ISIC2018_Task3_Training_Input\ISIC_0029580.jpg,ISIC_0030661,ISIC_0029580,0.0381941199302673,0.1029195785522461,2.810428957523474,1.593450903892517,42,100,5.0,0.3,32,0.0
experiments\sd_lora_ici_outputs\BKL\BKL_near_BCC_0049.png,BKL,BCC,a dermoscopic image of benign keratosis-like lesion,a dermoscopic image of benign keratosis-like lesion,dataset\ISIC2018_Task3_Training_Input\ISIC_0026539.jpg,dataset\ISIC2018_Task3_Training_Input\ISIC_0024881.jpg,ISIC_0026539,ISIC_0024881,0.0124191641807556,-0.1726112961769104,2.8575803926555485,1.5597432851791382,42,100,5.0,0.3,32,0.0
experiments\sd_lora_ici_outputs\BKL\BKL_near_DF_0000.png,BKL,DF,a dermoscopic image of benign keratosis-like lesion,a dermoscopic image of benign keratosis-like lesion,dataset\ISIC2018_Task3_Training_Input\ISIC_0033306.jpg,dataset\ISIC2018_Task3_Training_Input\ISIC_0026277.jpg,ISIC_0033306,ISIC_0026277,-0.0146674513816833,0.0187830924987792,1.1242882840262856,1.5389776229858398,42,100,5.0,0.3,32,0.0
experiments\sd_lora_ici_outputs\BKL\BKL_near_DF_0001.png,BKL,DF,a dermoscopic image of benign keratosis-like lesion,a dermoscopic image of benign keratosis-like lesion,dataset\ISIC2018_Task3_Training_Input\ISIC_0029176.jpg,dataset\ISIC2018_Task3_Training_Input\ISIC_0031633.jpg,ISIC_0029176,ISIC_0031633,-0.0135546922683715,0.0109149813652038,3.626730058793146,1.5513935089111328,42,100,5.0,0.3,32,0.0
experiments\sd_lora_ici_outputs\BKL\BKL_near_DF_0002.png,BKL,DF,a dermoscopic image of benign keratosis-like lesion,a dermoscopic image of benign keratosis-like lesion,dataset\ISIC2018_Task3_Training_Input\ISIC_0031633.jpg,dataset\ISIC2018_Task3_Training_Input\ISIC_0025693.jpg,ISIC_0031633,ISIC_0025693,0.0109149813652038,0.0148823857307434,3.389014496762529,1.5788288116455078,42,100,5.0,0.3,32,0.0
experiments\sd_lora_ici_outputs\BKL\BKL_near_DF_0003.png,BKL,DF,a dermoscopic image of benign keratosis-like lesion,a dermoscopic image of benign keratosis-like lesion,dataset\ISIC2018_Task3_Training_Input\ISIC_0028497.jpg,dataset\ISIC2018_Task3_Training_Input\ISIC_0029600.jpg,ISIC_0028497,ISIC_0029600,0.0076479315757751,-0.0304304957389831,1.836025465540377,1.5707677602767944,42,100,5.0,0.3,32,0.0
experiments\sd_lora_ici_outputs\BKL\BKL_near_DF_0004.png,BKL,DF,a dermoscopic image of benign keratosis-like lesion,a dermoscopic image of benign keratosis-like lesion,dataset\ISIC2018_Task3_Training_Input\ISIC_0031321.jpg,dataset\ISIC2018_Task3_Training_Input\ISIC_0031345.jpg,ISIC_0031321,ISIC_0031345,0.0047796964645385,0.0084147453308105,0.8788713313172933,1.5600098371505737,42,100,5.0,0.3,32,0.0
experiments\sd_lora_ici_outputs\BKL\BKL_near_DF_0005.png,BKL,DF,a dermoscopic image of benign keratosis-like lesion,a dermoscopic image of benign keratosis-like lesion,dataset\ISIC2018_Task3_Training_Input\ISIC_0029068.jpg,dataset\ISIC2018_Task3_Training_Input\ISIC_0027612.jpg,ISIC_0029068,ISIC_0027612,0.0074723362922668,-0.0041803121566772,1.2365036783064058,1.5353238582611084,42,100,5.0,0.3,32,0.0
experiments\sd_lora_ici_outputs\BKL\BKL_near_DF_0006.png,BKL,DF,a dermoscopic image of benign keratosis-like lesion,a dermoscopic image of benign keratosis-like lesion,dataset\ISIC2018_Task3_Training_Input\ISIC_0024893.jpg,dataset\ISIC2018_Task3_Training_Input\ISIC_0027310.jpg,ISIC_0024893,ISIC_0027310,-0.006617248058319,0.0088371634483337,2.103634505291427,1.5550535917282104,42,100,5.0,0.3,32,0.0
experiments\sd_lora_ici_outputs\BKL\BKL_near_DF_0007.png,BKL,DF,a dermoscopic image of benign keratosis-like lesion,a dermoscopic image of benign keratosis-like lesion,dataset\ISIC2018_Task3_Training_Input\ISIC_0025484.jpg,dataset\ISIC2018_Task3_Training_Input\ISIC_0031345.jpg,ISIC_0025484,ISIC_0031345,0.0193175673484802,0.0084147453308105,2.4876742440969846,1.5750585794448853,42,100,5.0,0.3,32,0.0
experiments\sd_lora_ici_outputs\BKL\BKL_near_DF_0008.png,BKL,DF,a dermoscopic image of benign keratosis-like lesion,a dermoscopic image of benign keratosis-like lesion,dataset\ISIC2018_Task3_Training_Input\ISIC_0025526.jpg,dataset\ISIC2018_Task3_Training_Input\ISIC_0032013.jpg,ISIC_0025526,ISIC_0032013,-0.0033378601074218,0.0056198239326477,2.3962044927341757,1.5326075553894043,42,100,5.0,0.3,32,0.0
experiments\sd_lora_ici_outputs\BKL\BKL_near_DF_0009.png,BKL,DF,a dermoscopic image of benign keratosis-like lesion,a dermoscopic image of benign keratosis-like lesion,dataset\ISIC2018_Task3_Training_Input\ISIC_0031593.jpg,dataset\ISIC2018_Task3_Training_Input\ISIC_0028876.jpg,ISIC_0031593,ISIC_0028876,-0.0130059123039245,-0.0254555940628051,0.028897328073514455,1.5975927114486694,42,100,5.0,0.3,32,0.0
experiments\sd_lora_ici_outputs\BKL\BKL_near_DF_0010.png,BKL,DF,a dermoscopic image of benign keratosis-like lesion,a dermoscopic image of benign keratosis-like lesion,dataset\ISIC2018_Task3_Training_Input\ISIC_0025419.jpg,dataset\ISIC2018_Task3_Training_Input\ISIC_0030377.jpg,ISIC_0025419,ISIC_0030377,0.0155274868011474,-0.0214057564735412,4.206405551429279,1.492866039276123,42,100,5.0,0.3,32,0.0
experiments\sd_lora_ici_outputs\BKL\BKL_near_DF_0011.png,BKL,DF,a dermoscopic image of benign keratosis-like lesion,a dermoscopic image of benign keratosis-like lesion,dataset\ISIC2018_Task3_Training_Input\ISIC_0033736.jpg,dataset\ISIC2018_Task3_Training_Input\ISIC_0025526.jpg,ISIC_0033736,ISIC_0025526,0.0092116594314575,-0.0033378601074218,3.9087703614043567,1.5535850524902344,42,100,5.0,0.3,32,0.0
experiments\sd_lora_ici_outputs\BKL\BKL_near_DF_0012.png,BKL,DF,a dermoscopic image of benign keratosis-like lesion,a dermoscopic image of benign keratosis-like lesion,dataset\ISIC2018_Task3_Training_Input\ISIC_0026070.jpg,dataset\ISIC2018_Task3_Training_Input\ISIC_0031770.jpg,ISIC_0026070,ISIC_0031770,-0.022038459777832,0.0220472812652587,3.380175503127081,1.5602651834487915,42,100,5.0,0.3,32,0.0
experiments\sd_lora_ici_outputs\BKL\BKL_near_DF_0013.png,BKL,DF,a dermoscopic image of benign keratosis-like lesion,a dermoscopic image of benign keratosis-like lesion,dataset\ISIC2018_Task3_Training_Input\ISIC_0027606.jpg,dataset\ISIC2018_Task3_Training_Input\ISIC_0025038.jpg,ISIC_0027606,ISIC_0025038,0.0031840205192565,-0.0598013997077941,2.2910612701709026,1.5397838354110718,42,100,5.0,0.3,32,0.0
experiments\sd_lora_ici_outputs\BKL\BKL_near_DF_0014.png,BKL,DF,a dermoscopic image of benign keratosis-like lesion,a dermoscopic image of benign keratosis-like lesion,dataset\ISIC2018_Task3_Training_Input\ISIC_0031593.jpg,dataset\ISIC2018_Task3_Training_Input\ISIC_0031753.jpg,ISIC_0031593,ISIC_0031753,-0.0130059123039245,0.019049048423767,2.3995492428193668,1.554784893989563,42,100,5.0,0.3,32,0.0
experiments\sd_lora_ici_outputs\BKL\BKL_near_DF_0015.png,BKL,DF,a dermoscopic image of benign keratosis-like lesion,a dermoscopic image of benign keratosis-like lesion,dataset\ISIC2018_Task3_Training_Input\ISIC_0029068.jpg,dataset\ISIC2018_Task3_Training_Input\ISIC_0028347.jpg,ISIC_0029068,ISIC_0028347,0.0074723362922668,0.0180065035820007,1.1236115708987455,1.5807163715362549,42,100,5.0,0.3,32,0.0
experiments\sd_lora_ici_outputs\BKL\BKL_near_DF_0016.png,BKL,DF,a dermoscopic image of benign keratosis-like lesion,a dermoscopic image of benign keratosis-like lesion,dataset\ISIC2018_Task3_Training_Input\ISIC_0025526.jpg,dataset\ISIC2018_Task3_Training_Input\ISIC_0025693.jpg,ISIC_0025526,ISIC_0025693,-0.0033378601074218,0.0148823857307434,2.743616182603904,1.5673819780349731,42,100,5.0,0.3,32,0.0
experiments\sd_lora_ici_outputs\BKL\BKL_near_DF_0017.png,BKL,DF,a dermoscopic image of benign keratosis-like lesion,a dermoscopic image of benign keratosis-like lesion,dataset\ISIC2018_Task3_Training_Input\ISIC_0030105.jpg,dataset\ISIC2018_Task3_Training_Input\ISIC_0029600.jpg,ISIC_0030105,ISIC_0029600,0.0138837695121765,-0.0304304957389831,1.9338287488318087,1.5652118921279907,42,100,5.0,0.3,32,0.0
experiments\sd_lora_ici_outputs\BKL\BKL_near_DF_0018.png,BKL,DF,a dermoscopic image of benign keratosis-like lesion,a dermoscopic image of benign keratosis-like lesion,dataset\ISIC2018_Task3_Training_Input\ISIC_0028497.jpg,dataset\ISIC2018_Task3_Training_Input\ISIC_0025038.jpg,ISIC_0028497,ISIC_0025038,0.0076479315757751,-0.0598013997077941,1.3294386445205524,1.5893418788909912,42,100,5.0,0.3,32,0.0
experiments\sd_lora_ici_outputs\BKL\BKL_near_DF_0019.png,BKL,DF,a dermoscopic image of benign keratosis-like lesion,a dermoscopic image of benign keratosis-like lesion,dataset\ISIC2018_Task3_Training_Input\ISIC_0026446.jpg,dataset\ISIC2018_Task3_Training_Input\ISIC_0024709.jpg,ISIC_0026446,ISIC_0024709,-0.0307657122611999,0.0078986287117004,1.117310259347611,1.554801344871521,42,100,5.0,0.3,32,0.0
experiments\sd_lora_ici_outputs\BKL\BKL_near_DF_0020.png,BKL,DF,a dermoscopic image of benign keratosis-like lesion,a dermoscopic image of benign keratosis-like lesion,dataset\ISIC2018_Task3_Training_Input\ISIC_0031633.jpg,dataset\ISIC2018_Task3_Training_Input\ISIC_0024893.jpg,ISIC_0031633,ISIC_0024893,0.0109149813652038,-0.006617248058319,1.3040918234480423,1.566528081893921,42,100,5.0,0.3,32,0.0
experiments\sd_lora_ici_outputs\BKL\BKL_near_DF_0021.png,BKL,DF,a dermoscopic image of benign keratosis-like lesion,a dermoscopic image of benign keratosis-like lesion,dataset\ISIC2018_Task3_Training_Input\ISIC_0025928.jpg,dataset\ISIC2018_Task3_Training_Input\ISIC_0031321.jpg,ISIC_0025928,ISIC_0031321,-0.0330845713615417,0.0047796964645385,1.1213643354836953,1.5514309406280518,42,100,5.0,0.3,32,0.0
experiments\sd_lora_ici_outputs\BKL\BKL_near_DF_0022.png,BKL,DF,a dermoscopic image of benign keratosis-like lesion,a dermoscopic image of benign keratosis-like lesion,dataset\ISIC2018_Task3_Training_Input\ISIC_0025928.jpg,dataset\ISIC2018_Task3_Training_Input\ISIC_0031825.jpg,ISIC_0025928,ISIC_0031825,-0.0330845713615417,0.008369505405426,2.635881407896587,1.5640009641647339,42,100,5.0,0.3,32,0.0
experiments\sd_lora_ici_outputs\BKL\BKL_near_DF_0023.png,BKL,DF,a dermoscopic image of benign keratosis-like lesion,a dermoscopic image of benign keratosis-like lesion,dataset\ISIC2018_Task3_Training_Input\ISIC_0032013.jpg,dataset\ISIC2018_Task3_Training_Input\ISIC_0031872.jpg,ISIC_0032013,ISIC_0031872,0.0056198239326477,-0.0839256048202514,3.8387921342784095,1.5585038661956787,42,100,5.0,0.3,32,0.0
experiments\sd_lora_ici_outputs\BKL\BKL_near_DF_0024.png,BKL,DF,a dermoscopic image of benign keratosis-like lesion,a dermoscopic image of benign keratosis-like lesion,dataset\ISIC2018_Task3_Training_Input\ISIC_0026277.jpg,dataset\ISIC2018_Task3_Training_Input\ISIC_0029600.jpg,ISIC_0026277,ISIC_0029600,0.0187830924987792,-0.0304304957389831,2.6216748851226437,1.5613242387771606,42,100,5.0,0.3,32,0.0
experiments\sd_lora_ici_outputs\BKL\BKL_near_DF_0025.png,BKL,DF,a dermoscopic image of benign keratosis-like lesion,a dermoscopic image of benign keratosis-like lesion,dataset\ISIC2018_Task3_Training_Input\ISIC_0027606.jpg,dataset\ISIC2018_Task3_Training_Input\ISIC_0030105.jpg,ISIC_0027606,ISIC_0030105,0.0031840205192565,0.0138837695121765,0.7469868202270818,1.584367036819458,42,100,5.0,0.3,32,0.0
experiments\sd_lora_ici_outputs\BKL\BKL_near_DF_0026.png,BKL,DF,a dermoscopic image of benign keratosis-like lesion,a dermoscopic image of benign keratosis-like lesion,dataset\ISIC2018_Task3_Training_Input\ISIC_0029600.jpg,dataset\ISIC2018_Task3_Training_Input\ISIC_0027954.jpg,ISIC_0029600,ISIC_0027954,-0.0304304957389831,-0.0453068614006042,2.099383928746368,1.5481929779052734,42,100,5.0,0.3,32,0.0
experiments\sd_lora_ici_outputs\BKL\BKL_near_DF_0027.png,BKL,DF,a dermoscopic image of benign keratosis-like lesion,a dermoscopic image of benign keratosis-like lesion,dataset\ISIC2018_Task3_Training_Input\ISIC_0029068.jpg,dataset\ISIC2018_Task3_Training_Input\ISIC_0026744.jpg,ISIC_0029068,ISIC_0026744,0.0074723362922668,-0.0167996287345886,0.9804278558410687,1.5400036573410034,42,100,5.0,0.3,32,0.0
experiments\sd_lora_ici_outputs\BKL\BKL_near_DF_0028.png,BKL,DF,a dermoscopic image of benign keratosis-like lesion,a dermoscopic image of benign keratosis-like lesion,dataset\ISIC2018_Task3_Training_Input\ISIC_0024893.jpg,dataset\ISIC2018_Task3_Training_Input\ISIC_0026422.jpg,ISIC_0024893,ISIC_0026422,-0.006617248058319,0.0119145512580871,0.23032303671338944,1.5488064289093018,42,100,5.0,0.3,32,0.0
experiments\sd_lora_ici_outputs\BKL\BKL_near_DF_0029.png,BKL,DF,a dermoscopic image of benign keratosis-like lesion,a dermoscopic image of benign keratosis-like lesion,dataset\ISIC2018_Task3_Training_Input\ISIC_0025419.jpg,dataset\ISIC2018_Task3_Training_Input\ISIC_0027332.jpg,ISIC_0025419,ISIC_0027332,0.0155274868011474,-0.0018593072891235,3.4296725890460973,1.5706080198287964,42,100,5.0,0.3,32,0.0
experiments\sd_lora_ici_outputs\BKL\BKL_near_DF_0030.png,BKL,DF,a dermoscopic image of benign keratosis-like lesion,a dermoscopic image of benign keratosis-like lesion,dataset\ISIC2018_Task3_Training_Input\ISIC_0030105.jpg,dataset\ISIC2018_Task3_Training_Input\ISIC_0026842.jpg,ISIC_0030105,ISIC_0026842,0.0138837695121765,-0.0385990142822265,3.2655371856907434,1.5585681200027466,42,100,5.0,0.3,32,0.0
experiments\sd_lora_ici_outputs\BKL\BKL_near_DF_0031.png,BKL,DF,a dermoscopic image of benign keratosis-like lesion,a dermoscopic image of benign keratosis-like lesion,dataset\ISIC2018_Task3_Training_Input\ISIC_0024893.jpg,dataset\ISIC2018_Task3_Training_Input\ISIC_0025804.jpg,ISIC_0024893,ISIC_0025804,-0.006617248058319,0.0150327682495117,1.6141305102302115,1.5729987621307373,42,100,5.0,0.3,32,0.0
experiments\sd_lora_ici_outputs\BKL\BKL_near_DF_0032.png,BKL,DF,a dermoscopic image of benign keratosis-like lesion,a dermoscopic image of benign keratosis-like lesion,dataset\ISIC2018_Task3_Training_Input\ISIC_0031345.jpg,dataset\ISIC2018_Task3_Training_Input\ISIC_0025526.jpg,ISIC_0031345,ISIC_0025526,0.0084147453308105,-0.0033378601074218,1.259673042858595,1.594077467918396,42,100,5.0,0.3,32,0.0
experiments\sd_lora_ici_outputs\BKL\BKL_near_DF_0033.png,BKL,DF,a dermoscopic image of benign keratosis-like lesion,a dermoscopic image of benign keratosis-like lesion,dataset\ISIC2018_Task3_Training_Input\ISIC_0031593.jpg,dataset\ISIC2018_Task3_Training_Input\ISIC_0031253.jpg,ISIC_0031593,ISIC_0031253,-0.0130059123039245,0.0129388570785522,0.5508313822055528,1.5961382389068604,42,100,5.0,0.3,32,0.0
experiments\sd_lora_ici_outputs\BKL\BKL_near_DF_0034.png,BKL,DF,a dermoscopic image of benign keratosis-like lesion,a dermoscopic image of benign keratosis-like lesion,dataset\ISIC2018_Task3_Training_Input\ISIC_0028347.jpg,dataset\ISIC2018_Task3_Training_Input\ISIC_0025484.jpg,ISIC_0028347,ISIC_0025484,0.0180065035820007,0.0193175673484802,0.10401688485684453,1.5376367568969727,42,100,5.0,0.3,32,0.0
experiments\sd_lora_ici_outputs\BKL\BKL_near_DF_0035.png,BKL,DF,a dermoscopic image of benign keratosis-like lesion,a dermoscopic image of benign keratosis-like lesion,dataset\ISIC2018_Task3_Training_Input\ISIC_0028497.jpg,dataset\ISIC2018_Task3_Training_Input\ISIC_0031345.jpg,ISIC_0028497,ISIC_0031345,0.0076479315757751,0.0084147453308105,1.9974698928857824,1.5645220279693604,42,100,5.0,0.3,32,0.0
experiments\sd_lora_ici_outputs\BKL\BKL_near_DF_0036.png,BKL,DF,a dermoscopic image of benign keratosis-like lesion,a dermoscopic image of benign keratosis-like lesion,dataset\ISIC2018_Task3_Training_Input\ISIC_0025038.jpg,dataset\ISIC2018_Task3_Training_Input\ISIC_0026422.jpg,ISIC_0025038,ISIC_0026422,-0.0598013997077941,0.0119145512580871,1.2017901779413547,1.5454766750335693,42,100,5.0,0.3,32,0.0
experiments\sd_lora_ici_outputs\BKL\BKL_near_DF_0037.png,BKL,DF,a dermoscopic image of benign keratosis-like lesion,a dermoscopic image of benign keratosis-like lesion,dataset\ISIC2018_Task3_Training_Input\ISIC_0027954.jpg,dataset\ISIC2018_Task3_Training_Input\ISIC_0030377.jpg,ISIC_0027954,ISIC_0030377,-0.0453068614006042,-0.0214057564735412,3.669724848631975,1.5527849197387695,42,100,5.0,0.3,32,0.0
experiments\sd_lora_ici_outputs\BKL\BKL_near_DF_0038.png,BKL,DF,a dermoscopic image of benign keratosis-like lesion,a dermoscopic image of benign keratosis-like lesion,dataset\ISIC2018_Task3_Training_Input\ISIC_0031253.jpg,dataset\ISIC2018_Task3_Training_Input\ISIC_0025804.jpg,ISIC_0031253,ISIC_0025804,0.0129388570785522,0.0150327682495117,1.6414500626342448,1.548734188079834,42,100,5.0,0.3,32,0.0
experiments\sd_lora_ici_outputs\BKL\BKL_near_DF_0039.png,BKL,DF,a dermoscopic image of benign keratosis-like lesion,a dermoscopic image of benign keratosis-like lesion,dataset\ISIC2018_Task3_Training_Input\ISIC_0033306.jpg,dataset\ISIC2018_Task3_Training_Input\ISIC_0026070.jpg,ISIC_0033306,ISIC_0026070,-0.0146674513816833,-0.022038459777832,2.9796570996094616,1.5535426139831543,42,100,5.0,0.3,32,0.0
experiments\sd_lora_ici_outputs\BKL\BKL_near_DF_0040.png,BKL,DF,a dermoscopic image of benign keratosis-like lesion,a dermoscopic image of benign keratosis-like lesion,dataset\ISIC2018_Task3_Training_Input\ISIC_0031753.jpg,dataset\ISIC2018_Task3_Training_Input\ISIC_0026842.jpg,ISIC_0031753,ISIC_0026842,0.019049048423767,-0.0385990142822265,2.392521887254226,1.5311232805252075,42,100,5.0,0.3,32,0.0
experiments\sd_lora_ici_outputs\BKL\BKL_near_DF_0041.png,BKL,DF,a dermoscopic image of benign keratosis-like lesion,a dermoscopic image of benign keratosis-like lesion,dataset\ISIC2018_Task3_Training_Input\ISIC_0025851.jpg,dataset\ISIC2018_Task3_Training_Input\ISIC_0025928.jpg,ISIC_0025851,ISIC_0025928,0.0032805800437927,-0.0330845713615417,3.9800290879627758,1.570396065711975,42,100,5.0,0.3,32,0.0
experiments\sd_lora_ici_outputs\BKL\BKL_near_DF_0042.png,BKL,DF,a dermoscopic image of benign keratosis-like lesion,a dermoscopic image of benign keratosis-like lesion,dataset\ISIC2018_Task3_Training_Input\ISIC_0025484.jpg,dataset\ISIC2018_Task3_Training_Input\ISIC_0031253.jpg,ISIC_0025484,ISIC_0031253,0.0193175673484802,0.0129388570785522,3.2698461109231056,1.5680161714553833,42,100,5.0,0.3,32,0.0
experiments\sd_lora_ici_outputs\BKL\BKL_near_DF_0043.png,BKL,DF,a dermoscopic image of benign keratosis-like lesion,a dermoscopic image of benign keratosis-like lesion,dataset\ISIC2018_Task3_Training_Input\ISIC_0028347.jpg,dataset\ISIC2018_Task3_Training_Input\ISIC_0025928.jpg,ISIC_0028347,ISIC_0025928,0.0180065035820007,-0.0330845713615417,1.3624896039025642,1.5825310945510864,42,100,5.0,0.3,32,0.0
experiments\sd_lora_ici_outputs\BKL\BKL_near_DF_0044.png,BKL,DF,a dermoscopic image of benign keratosis-like lesion,a dermoscopic image of benign keratosis-like lesion,dataset\ISIC2018_Task3_Training_Input\ISIC_0031321.jpg,dataset\ISIC2018_Task3_Training_Input\ISIC_0031558.jpg,ISIC_0031321,ISIC_0031558,0.0047796964645385,-0.0279678106307983,2.8444694865589835,1.575770616531372,42,100,5.0,0.3,32,0.0
experiments\sd_lora_ici_outputs\BKL\BKL_near_DF_0045.png,BKL,DF,a dermoscopic image of benign keratosis-like lesion,a dermoscopic image of benign keratosis-like lesion,dataset\ISIC2018_Task3_Training_Input\ISIC_0025419.jpg,dataset\ISIC2018_Task3_Training_Input\ISIC_0029176.jpg,ISIC_0025419,ISIC_0029176,0.0155274868011474,-0.0135546922683715,2.7452644503848567,1.5708009004592896,42,100,5.0,0.3,32,0.0
experiments\sd_lora_ici_outputs\BKL\BKL_near_DF_0046.png,BKL,DF,a dermoscopic image of benign keratosis-like lesion,a dermoscopic image of benign keratosis-like lesion,dataset\ISIC2018_Task3_Training_Input\ISIC_0030160.jpg,dataset\ISIC2018_Task3_Training_Input\ISIC_0025038.jpg,ISIC_0030160,ISIC_0025038,-0.0629607439041137,-0.0598013997077941,2.5500112321452804,1.5727940797805786,42,100,5.0,0.3,32,0.0
experiments\sd_lora_ici_outputs\BKL\BKL_near_DF_0047.png,BKL,DF,a dermoscopic image of benign keratosis-like lesion,a dermoscopic image of benign keratosis-like lesion,dataset\ISIC2018_Task3_Training_Input\ISIC_0031593.jpg,dataset\ISIC2018_Task3_Training_Input\ISIC_0025366.jpg,ISIC_0031593,ISIC_0025366,-0.0130059123039245,-0.0510544180870056,1.9192955858152208,1.5574111938476562,42,100,5.0,0.3,32,0.0
experiments\sd_lora_ici_outputs\BKL\BKL_near_DF_0048.png,BKL,DF,a dermoscopic image of benign keratosis-like lesion,a dermoscopic image of benign keratosis-like lesion,dataset\ISIC2018_Task3_Training_Input\ISIC_0033306.jpg,dataset\ISIC2018_Task3_Training_Input\ISIC_0027612.jpg,ISIC_0033306,ISIC_0027612,-0.0146674513816833,-0.0041803121566772,3.7250578537668937,1.5866575241088867,42,100,5.0,0.3,32,0.0
experiments\sd_lora_ici_outputs\BKL\BKL_near_DF_0049.png,BKL,DF,a dermoscopic image of benign keratosis-like lesion,a dermoscopic image of benign keratosis-like lesion,dataset\ISIC2018_Task3_Training_Input\ISIC_0029527.jpg,dataset\ISIC2018_Task3_Training_Input\ISIC_0025851.jpg,ISIC_0029527,ISIC_0025851,-0.0037499070167541,0.0032805800437927,1.4134930021036747,1.593572735786438,42,100,5.0,0.3,32,0.0
experiments\sd_lora_ici_outputs\BKL\BKL_near_MEL_0000.png,BKL,MEL,a dermoscopic image of benign keratosis-like lesion,a dermoscopic image of benign keratosis-like lesion,dataset\ISIC2018_Task3_Training_Input\ISIC_0031707.jpg,dataset\ISIC2018_Task3_Training_Input\ISIC_0024748.jpg,ISIC_0031707,ISIC_0024748,-0.0329419374465942,-0.0234540700912475,1.2117032632475528,1.5566350221633911,42,100,5.0,0.3,32,0.0
experiments\sd_lora_ici_outputs\BKL\BKL_near_MEL_0001.png,BKL,MEL,a dermoscopic image of benign keratosis-like lesion,a dermoscopic image of benign keratosis-like lesion,dataset\ISIC2018_Task3_Training_Input\ISIC_0033361.jpg,dataset\ISIC2018_Task3_Training_Input\ISIC_0026783.jpg,ISIC_0033361,ISIC_0026783,0.029839277267456,0.0113565921783447,0.6873415817463581,1.5538965463638306,42,100,5.0,0.3,32,0.0
experiments\sd_lora_ici_outputs\BKL\BKL_near_MEL_0002.png,BKL,MEL,a dermoscopic image of benign keratosis-like lesion,a dermoscopic image of benign keratosis-like lesion,dataset\ISIC2018_Task3_Training_Input\ISIC_0024635.jpg,dataset\ISIC2018_Task3_Training_Input\ISIC_0033587.jpg,ISIC_0024635,ISIC_0033587,0.0336705446243286,0.0429945588111877,2.6258768108356563,1.5735372304916382,42,100,5.0,0.3,32,0.0
experiments\sd_lora_ici_outputs\BKL\BKL_near_MEL_0003.png,BKL,MEL,a dermoscopic image of benign keratosis-like lesion,a dermoscopic image of benign keratosis-like lesion,dataset\ISIC2018_Task3_Training_Input\ISIC_0024708.jpg,dataset\ISIC2018_Task3_Training_Input\ISIC_0028104.jpg,ISIC_0024708,ISIC_0028104,-0.0313032269477844,-0.0328994393348693,2.2209715122102334,1.5792980194091797,42,100,5.0,0.3,32,0.0
experiments\sd_lora_ici_outputs\BKL\BKL_near_MEL_0004.png,BKL,MEL,a dermoscopic image of benign keratosis-like lesion,a dermoscopic image of benign keratosis-like lesion,dataset\ISIC2018_Task3_Training_Input\ISIC_0024708.jpg,dataset\ISIC2018_Task3_Training_Input\ISIC_0033195.jpg,ISIC_0024708,ISIC_0033195,-0.0313032269477844,-0.0524186491966247,1.1644120569809482,1.5852632522583008,42,100,5.0,0.3,32,0.0
experiments\sd_lora_ici_outputs\BKL\BKL_near_MEL_0005.png,BKL,MEL,a dermoscopic image of benign keratosis-like lesion,a dermoscopic image of benign keratosis-like lesion,dataset\ISIC2018_Task3_Training_Input\ISIC_0031212.jpg,dataset\ISIC2018_Task3_Training_Input\ISIC_0024981.jpg,ISIC_0031212,ISIC_0024981,0.0372602343559265,0.0046518445014953,1.9067475355828045,1.5513346195220947,42,100,5.0,0.3,32,0.0
experiments\sd_lora_ici_outputs\BKL\BKL_near_MEL_0006.png,BKL,MEL,a dermoscopic image of benign keratosis-like lesion,a dermoscopic image of benign keratosis-like lesion,dataset\ISIC2018_Task3_Training_Input\ISIC_0031212.jpg,dataset\ISIC2018_Task3_Training_Input\ISIC_0033587.jpg,ISIC_0031212,ISIC_0033587,0.0372602343559265,0.0429945588111877,3.0077888853422037,1.5477584600448608,42,100,5.0,0.3,32,0.0
experiments\sd_lora_ici_outputs\BKL\BKL_near_MEL_0007.png,BKL,MEL,a dermoscopic image of benign keratosis-like lesion,a dermoscopic image of benign keratosis-like lesion,dataset\ISIC2018_Task3_Training_Input\ISIC_0024748.jpg,dataset\ISIC2018_Task3_Training_Input\ISIC_0034011.jpg,ISIC_0024748,ISIC_0034011,-0.0234540700912475,0.0235615968704223,2.958581036888761,1.5400903224945068,42,100,5.0,0.3,32,0.0
experiments\sd_lora_ici_outputs\BKL\BKL_near_MEL_0008.png,BKL,MEL,a dermoscopic image of benign keratosis-like lesion,a dermoscopic image of benign keratosis-like lesion,dataset\ISIC2018_Task3_Training_Input\ISIC_0028952.jpg,dataset\ISIC2018_Task3_Training_Input\ISIC_0031707.jpg,ISIC_0028952,ISIC_0031707,0.0340627431869506,-0.0329419374465942,2.224640371291658,1.5789066553115845,42,100,5.0,0.3,32,0.0
experiments\sd_lora_ici_outputs\BKL\BKL_near_MEL_0009.png,BKL,MEL,a dermoscopic image of benign keratosis-like lesion,a dermoscopic image of benign keratosis-like lesion,dataset\ISIC2018_Task3_Training_Input\ISIC_0024612.jpg,dataset\ISIC2018_Task3_Training_Input\ISIC_0026663.jpg,ISIC_0024612,ISIC_0026663,-0.0272552967071533,0.0172940492630004,3.652767376560261,1.5698208808898926,42,100,5.0,0.3,32,0.0
experiments\sd_lora_ici_outputs\BKL\BKL_near_MEL_0010.png,BKL,MEL,a dermoscopic image of benign keratosis-like lesion,a dermoscopic image of benign keratosis-like lesion,dataset\ISIC2018_Task3_Training_Input\ISIC_0030630.jpg,dataset\ISIC2018_Task3_Training_Input\ISIC_0024494.jpg,ISIC_0030630,ISIC_0024494,0.038691222667694,-0.021682322025299,3.7594354418751403,1.5826033353805542,42,100,5.0,0.3,32,0.0
experiments\sd_lora_ici_outputs\BKL\BKL_near_MEL_0011.png,BKL,MEL,a dermoscopic image of benign keratosis-like lesion,a dermoscopic image of benign keratosis-like lesion,dataset\ISIC2018_Task3_Training_Input\ISIC_0026663.jpg,dataset\ISIC2018_Task3_Training_Input\ISIC_0024494.jpg,ISIC_0026663,ISIC_0024494,0.0172940492630004,-0.021682322025299,3.6069787667353266,1.567044973373413,42,100,5.0,0.3,32,0.0
experiments\sd_lora_ici_outputs\BKL\BKL_near_MEL_0012.png,BKL,MEL,a dermoscopic image of benign keratosis-like lesion,a dermoscopic image of benign keratosis-like lesion,dataset\ISIC2018_Task3_Training_Input\ISIC_0026290.jpg,dataset\ISIC2018_Task3_Training_Input\ISIC_0025064.jpg,ISIC_0026290,ISIC_0025064,0.0409098267555236,-0.0891341567039489,2.6292788176948334,1.5639019012451172,42,100,5.0,0.3,32,0.0
experiments\sd_lora_ici_outputs\BKL\BKL_near_MEL_0013.png,BKL,MEL,a dermoscopic image of benign keratosis-like lesion,a dermoscopic image of benign keratosis-like lesion,dataset\ISIC2018_Task3_Training_Input\ISIC_0026663.jpg,dataset\ISIC2018_Task3_Training_Input\ISIC_0033460.jpg,ISIC_0026663,ISIC_0033460,0.0172940492630004,-0.013981819152832,0.8791092276922031,1.5884943008422852,42,100,5.0,0.3,32,0.0
experiments\sd_lora_ici_outputs\BKL\BKL_near_MEL_0014.png,BKL,MEL,a dermoscopic image of benign keratosis-like lesion,a dermoscopic image of benign keratosis-like lesion,dataset\ISIC2018_Task3_Training_Input\ISIC_0033587.jpg,dataset\ISIC2018_Task3_Training_Input\ISIC_0033270.jpg,ISIC_0033587,ISIC_0033270,0.0429945588111877,0.0328147411346435,0.892889382291969,1.571539282798767,42,100,5.0,0.3,32,0.0
experiments\sd_lora_ici_outputs\BKL\BKL_near_MEL_0015.png,BKL,MEL,a dermoscopic image of benign keratosis-like lesion,a dermoscopic image of benign keratosis-like lesion,dataset\ISIC2018_Task3_Training_Input\ISIC_0028104.jpg,dataset\ISIC2018_Task3_Training_Input\ISIC_0025986.jpg,ISIC_0028104,ISIC_0025986,-0.0328994393348693,-0.0546238422393798,3.5124007820267065,1.5588682889938354,42,100,5.0,0.3,32,0.0
experiments\sd_lora_ici_outputs\BKL\BKL_near_MEL_0016.png,BKL,MEL,a dermoscopic image of benign keratosis-like lesion,a dermoscopic image of benign keratosis-like lesion,dataset\ISIC2018_Task3_Training_Input\ISIC_0026444.jpg,dataset\ISIC2018_Task3_Training_Input\ISIC_0026245.jpg,ISIC_0026444,ISIC_0026245,0.015419065952301,-0.0020870566368103,1.6852013393502139,1.567710041999817,42,100,5.0,0.3,32,0.0
experiments\sd_lora_ici_outputs\BKL\BKL_near_MEL_0017.png,BKL,MEL,a dermoscopic image of benign keratosis-like lesion,a dermoscopic image of benign keratosis-like lesion,dataset\ISIC2018_Task3_Training_Input\ISIC_0028952.jpg,dataset\ISIC2018_Task3_Training_Input\ISIC_0027957.jpg,ISIC_0028952,ISIC_0027957,0.0340627431869506,-0.0084723234176635,3.5134268877335253,1.5859736204147339,42,100,5.0,0.3,32,0.0
experiments\sd_lora_ici_outputs\BKL\BKL_near_MEL_0018.png,BKL,MEL,a dermoscopic image of benign keratosis-like lesion,a dermoscopic image of benign keratosis-like lesion,dataset\ISIC2018_Task3_Training_Input\ISIC_0030630.jpg,dataset\ISIC2018_Task3_Training_Input\ISIC_0029674.jpg,ISIC_0030630,ISIC_0029674,0.038691222667694,0.011791706085205,1.4952608654202733,1.5618342161178589,42,100,5.0,0.3,32,0.0
experiments\sd_lora_ici_outputs\BKL\BKL_near_MEL_0019.png,BKL,MEL,a dermoscopic image of benign keratosis-like lesion,a dermoscopic image of benign keratosis-like lesion,dataset\ISIC2018_Task3_Training_Input\ISIC_0024696.jpg,dataset\ISIC2018_Task3_Training_Input\ISIC_0024494.jpg,ISIC_0024696,ISIC_0024494,0.0441179871559143,-0.021682322025299,2.389847533553657,1.539533019065857,42,100,5.0,0.3,32,0.0
experiments\sd_lora_ici_outputs\BKL\BKL_near_MEL_0020.png,BKL,MEL,a dermoscopic image of benign keratosis-like lesion,a dermoscopic image of benign keratosis-like lesion,dataset\ISIC2018_Task3_Training_Input\ISIC_0026663.jpg,dataset\ISIC2018_Task3_Training_Input\ISIC_0027957.jpg,ISIC_0026663,ISIC_0027957,0.0172940492630004,-0.0084723234176635,1.8947144622049958,1.5379066467285156,42,100,5.0,0.3,32,0.0
experiments\sd_lora_ici_outputs\BKL\BKL_near_MEL_0021.png,BKL,MEL,a dermoscopic image of benign keratosis-like lesion,a dermoscopic image of benign keratosis-like lesion,dataset\ISIC2018_Task3_Training_Input\ISIC_0029731.jpg,dataset\ISIC2018_Task3_Training_Input\ISIC_0024981.jpg,ISIC_0029731,ISIC_0024981,-0.0291825532913208,0.0046518445014953,0.4607738768390491,1.6060867309570312,42,100,5.0,0.3,32,0.0
experiments\sd_lora_ici_outputs\BKL\BKL_near_MEL_0022.png,BKL,MEL,a dermoscopic image of benign keratosis-like lesion,a dermoscopic image of benign keratosis-like lesion,dataset\ISIC2018_Task3_Training_Input\ISIC_0025351.jpg,dataset\ISIC2018_Task3_Training_Input\ISIC_0029014.jpg,ISIC_0025351,ISIC_0029014,0.0231196284294128,-0.0422377586364746,0.21838363145422424,1.5443568229675293,42,100,5.0,0.3,32,0.0
experiments\sd_lora_ici_outputs\BKL\BKL_near_MEL_0023.png,BKL,MEL,a dermoscopic image of benign keratosis-like lesion,a dermoscopic image of benign keratosis-like lesion,dataset\ISIC2018_Task3_Training_Input\ISIC_0024748.jpg,dataset\ISIC2018_Task3_Training_Input\ISIC_0024981.jpg,ISIC_0024748,ISIC_0024981,-0.0234540700912475,0.0046518445014953,2.589499542781554,1.5393060445785522,42,100,5.0,0.3,32,0.0
experiments\sd_lora_ici_outputs\BKL\BKL_near_MEL_0024.png,BKL,MEL,a dermoscopic image of benign keratosis-like lesion,a dermoscopic image of benign keratosis-like lesion,dataset\ISIC2018_Task3_Training_Input\ISIC_0024635.jpg,dataset\ISIC2018_Task3_Training_Input\ISIC_0026245.jpg,ISIC_0024635,ISIC_0026245,0.0336705446243286,-0.0020870566368103,2.362361906643506,1.543461561203003,42,100,5.0,0.3,32,0.0
experiments\sd_lora_ici_outputs\BKL\BKL_near_MEL_0025.png,BKL,MEL,a dermoscopic image of benign keratosis-like lesion,a dermoscopic image of benign keratosis-like lesion,dataset\ISIC2018_Task3_Training_Input\ISIC_0024635.jpg,dataset\ISIC2018_Task3_Training_Input\ISIC_0033460.jpg,ISIC_0024635,ISIC_0033460,0.0336705446243286,-0.013981819152832,2.506711058817708,1.5556992292404175,42,100,5.0,0.3,32,0.0
experiments\sd_lora_ici_outputs\BKL\BKL_near_MEL_0026.png,BKL,MEL,a dermoscopic image of benign keratosis-like lesion,a dermoscopic image of benign keratosis-like lesion,dataset\ISIC2018_Task3_Training_Input\ISIC_0024696.jpg,dataset\ISIC2018_Task3_Training_Input\ISIC_0033460.jpg,ISIC_0024696,ISIC_0033460,0.0441179871559143,-0.013981819152832,1.8988435456949375,1.56255304813385,42,100,5.0,0.3,32,0.0
experiments\sd_lora_ici_outputs\BKL\BKL_near_MEL_0027.png,BKL,MEL,a dermoscopic image of benign keratosis-like lesion,a dermoscopic image of benign keratosis-like lesion,dataset\ISIC2018_Task3_Training_Input\ISIC_0032636.jpg,dataset\ISIC2018_Task3_Training_Input\ISIC_0026290.jpg,ISIC_0032636,ISIC_0026290,-0.0790008902549743,0.0409098267555236,0.7806135204617375,1.565889835357666,42,100,5.0,0.3,32,0.0
experiments\sd_lora_ici_outputs\BKL\BKL_near_MEL_0028.png,BKL,MEL,a dermoscopic image of benign keratosis-like lesion,a dermoscopic image of benign keratosis-like lesion,dataset\ISIC2018_Task3_Training_Input\ISIC_0033910.jpg,dataset\ISIC2018_Task3_Training_Input\ISIC_0032556.jpg,ISIC_0033910,ISIC_0032556,0.0085421204566955,-0.0148913264274597,0.48191288948679883,1.5621614456176758,42,100,5.0,0.3,32,0.0
experiments\sd_lora_ici_outputs\BKL\BKL_near_MEL_0029.png,BKL,MEL,a dermoscopic image of benign keratosis-like lesion,a dermoscopic image of benign keratosis-like lesion,dataset\ISIC2018_Task3_Training_Input\ISIC_0025064.jpg,dataset\ISIC2018_Task3_Training_Input\ISIC_0024635.jpg,ISIC_0025064,ISIC_0024635,-0.0891341567039489,0.0336705446243286,2.7126268614771147,1.5766820907592773,42,100,5.0,0.3,32,0.0
experiments\sd_lora_ici_outputs\BKL\BKL_near_MEL_0030.png,BKL,MEL,a dermoscopic image of benign keratosis-like lesion,a dermoscopic image of benign keratosis-like lesion,dataset\ISIC2018_Task3_Training_Input\ISIC_0033587.jpg,dataset\ISIC2018_Task3_Training_Input\ISIC_0030522.jpg,ISIC_0033587,ISIC_0030522,0.0429945588111877,0.0508214831352233,2.11141452004868,1.5767029523849487,42,100,5.0,0.3,32,0.0
experiments\sd_lora_ici_outputs\BKL\BKL_near_MEL_0031.png,BKL,MEL,a dermoscopic image of benign keratosis-like lesion,a dermoscopic image of benign keratosis-like lesion,dataset\ISIC2018_Task3_Training_Input\ISIC_0027973.jpg,dataset\ISIC2018_Task3_Training_Input\ISIC_0033716.jpg,ISIC_0027973,ISIC_0033716,0.0489117503166198,-0.0566987991333007,1.671582249085446,1.5527979135513306,42,100,5.0,0.3,32,0.0
experiments\sd_lora_ici_outputs\BKL\BKL_near_MEL_0032.png,BKL,MEL,a dermoscopic image of benign keratosis-like lesion,a dermoscopic image of benign keratosis-like lesion,dataset\ISIC2018_Task3_Training_Input\ISIC_0029100.jpg,dataset\ISIC2018_Task3_Training_Input\ISIC_0027973.jpg,ISIC_0029100,ISIC_0027973,0.0366269350051879,0.0489117503166198,3.5321003994036095,1.549136757850647,42,100,5.0,0.3,32,0.0
experiments\sd_lora_ici_outputs\BKL\BKL_near_MEL_0033.png,BKL,MEL,a dermoscopic image of benign keratosis-like lesion,a dermoscopic image of benign keratosis-like lesion,dataset\ISIC2018_Task3_Training_Input\ISIC_0034011.jpg,dataset\ISIC2018_Task3_Training_Input\ISIC_0033460.jpg,ISIC_0034011,ISIC_0033460,0.0235615968704223,-0.013981819152832,0.6022610929214021,1.573020339012146,42,100,5.0,0.3,32,0.0
experiments\sd_lora_ici_outputs\BKL\BKL_near_MEL_0034.png,BKL,MEL,a dermoscopic image of benign keratosis-like lesion,a dermoscopic image of benign keratosis-like lesion,dataset\ISIC2018_Task3_Training_Input\ISIC_0030522.jpg,dataset\ISIC2018_Task3_Training_Input\ISIC_0024612.jpg,ISIC_0030522,ISIC_0024612,0.0508214831352233,-0.0272552967071533,3.9393911317127146,1.5827586650848389,42,100,5.0,0.3,32,0.0
experiments\sd_lora_ici_outputs\BKL\BKL_near_MEL_0035.png,BKL,MEL,a dermoscopic image of benign keratosis-like lesion,a dermoscopic image of benign keratosis-like lesion,dataset\ISIC2018_Task3_Training_Input\ISIC_0029100.jpg,dataset\ISIC2018_Task3_Training_Input\ISIC_0026245.jpg,ISIC_0029100,ISIC_0026245,0.0366269350051879,-0.0020870566368103,1.385909811389853,1.5535342693328857,42,100,5.0,0.3,32,0.0
experiments\sd_lora_ici_outputs\BKL\BKL_near_MEL_0036.png,BKL,MEL,a dermoscopic image of benign keratosis-like lesion,a dermoscopic image of benign keratosis-like lesion,dataset\ISIC2018_Task3_Training_Input\ISIC_0024612.jpg,dataset\ISIC2018_Task3_Training_Input\ISIC_0030630.jpg,ISIC_0024612,ISIC_0030630,-0.0272552967071533,0.038691222667694,3.962499779155184,1.565352201461792,42,100,5.0,0.3,32,0.0
experiments\sd_lora_ici_outputs\BKL\BKL_near_MEL_0037.png,BKL,MEL,a dermoscopic image of benign keratosis-like lesion,a dermoscopic image of benign keratosis-like lesion,dataset\ISIC2018_Task3_Training_Input\ISIC_0029731.jpg,dataset\ISIC2018_Task3_Training_Input\ISIC_0031212.jpg,ISIC_0029731,ISIC_0031212,-0.0291825532913208,0.0372602343559265,3.5231390808690923,1.5923048257827759,42,100,5.0,0.3,32,0.0
experiments\sd_lora_ici_outputs\BKL\BKL_near_MEL_0038.png,BKL,MEL,a dermoscopic image of benign keratosis-like lesion,a dermoscopic image of benign keratosis-like lesion,dataset\ISIC2018_Task3_Training_Input\ISIC_0024494.jpg,dataset\ISIC2018_Task3_Training_Input\ISIC_0033587.jpg,ISIC_0024494,ISIC_0033587,-0.021682322025299,0.0429945588111877,3.9915515651960347,1.553105354309082,42,100,5.0,0.3,32,0.0
experiments\sd_lora_ici_outputs\BKL\BKL_near_MEL_0039.png,BKL,MEL,a dermoscopic image of benign keratosis-like lesion,a dermoscopic image of benign keratosis-like lesion,dataset\ISIC2018_Task3_Training_Input\ISIC_0030123.jpg,dataset\ISIC2018_Task3_Training_Input\ISIC_0030965.jpg,ISIC_0030123,ISIC_0030965,0.0493035912513732,0.0485281348228454,0.578319237897837,1.556067705154419,42,100,5.0,0.3,32,0.0
experiments\sd_lora_ici_outputs\BKL\BKL_near_MEL_0040.png,BKL,MEL,a dermoscopic image of benign keratosis-like lesion,a dermoscopic image of benign keratosis-like lesion,dataset\ISIC2018_Task3_Training_Input\ISIC_0030522.jpg,dataset\ISIC2018_Task3_Training_Input\ISIC_0026290.jpg,ISIC_0030522,ISIC_0026290,0.0508214831352233,0.0409098267555236,3.451668924337898,1.5698437690734863,42,100,5.0,0.3,32,0.0
experiments\sd_lora_ici_outputs\BKL\BKL_near_MEL_0041.png,BKL,MEL,a dermoscopic image of benign keratosis-like lesion,a dermoscopic image of benign keratosis-like lesion,dataset\ISIC2018_Task3_Training_Input\ISIC_0033587.jpg,dataset\ISIC2018_Task3_Training_Input\ISIC_0024883.jpg,ISIC_0033587,ISIC_0024883,0.0429945588111877,-0.0382601618766784,0.7275517938379471,1.5575729608535767,42,100,5.0,0.3,32,0.0
experiments\sd_lora_ici_outputs\BKL\BKL_near_MEL_0042.png,BKL,MEL,a dermoscopic image of benign keratosis-like lesion,a dermoscopic image of benign keratosis-like lesion,dataset\ISIC2018_Task3_Training_Input\ISIC_0030630.jpg,dataset\ISIC2018_Task3_Training_Input\ISIC_0029014.jpg,ISIC_0030630,ISIC_0029014,0.038691222667694,-0.0422377586364746,0.32461608163696853,1.5641659498214722,42,100,5.0,0.3,32,0.0
experiments\sd_lora_ici_outputs\BKL\BKL_near_MEL_0043.png,BKL,MEL,a dermoscopic image of benign keratosis-like lesion,a dermoscopic image of benign keratosis-like lesion,dataset\ISIC2018_Task3_Training_Input\ISIC_0030630.jpg,dataset\ISIC2018_Task3_Training_Input\ISIC_0029683.jpg,ISIC_0030630,ISIC_0029683,0.038691222667694,0.0402350425720214,1.3394132928487048,1.5603641271591187,42,100,5.0,0.3,32,0.0
experiments\sd_lora_ici_outputs\BKL\BKL_near_MEL_0044.png,BKL,MEL,a dermoscopic image of benign keratosis-like lesion,a dermoscopic image of benign keratosis-like lesion,dataset\ISIC2018_Task3_Training_Input\ISIC_0032553.jpg,dataset\ISIC2018_Task3_Training_Input\ISIC_0027957.jpg,ISIC_0032553,ISIC_0027957,-0.0748102664947509,-0.0084723234176635,3.867293975005422,1.6029927730560303,42,100,5.0,0.3,32,0.0
experiments\sd_lora_ici_outputs\BKL\BKL_near_MEL_0045.png,BKL,MEL,a dermoscopic image of benign keratosis-like lesion,a dermoscopic image of benign keratosis-like lesion,dataset\ISIC2018_Task3_Training_Input\ISIC_0026444.jpg,dataset\ISIC2018_Task3_Training_Input\ISIC_0032553.jpg,ISIC_0026444,ISIC_0032553,0.015419065952301,-0.0748102664947509,1.252671743499346,1.5720309019088745,42,100,5.0,0.3,32,0.0
experiments\sd_lora_ici_outputs\BKL\BKL_near_MEL_0046.png,BKL,MEL,a dermoscopic image of benign keratosis-like lesion,a dermoscopic image of benign keratosis-like lesion,dataset\ISIC2018_Task3_Training_Input\ISIC_0028952.jpg,dataset\ISIC2018_Task3_Training_Input\ISIC_0029682.jpg,ISIC_0028952,ISIC_0029682,0.0340627431869506,0.0026841759681701,0.2310455819164631,1.5776546001434326,42,100,5.0,0.3,32,0.0
experiments\sd_lora_ici_outputs\BKL\BKL_near_MEL_0047.png,BKL,MEL,a dermoscopic image of benign keratosis-like lesion,a dermoscopic image of benign keratosis-like lesion,dataset\ISIC2018_Task3_Training_Input\ISIC_0030965.jpg,dataset\ISIC2018_Task3_Training_Input\ISIC_0024883.jpg,ISIC_0030965,ISIC_0024883,0.0485281348228454,-0.0382601618766784,1.8084201005677931,1.570616364479065,42,100,5.0,0.3,32,0.0
experiments\sd_lora_ici_outputs\BKL\BKL_near_MEL_0048.png,BKL,MEL,a dermoscopic image of benign keratosis-like lesion,a dermoscopic image of benign keratosis-like lesion,dataset\ISIC2018_Task3_Training_Input\ISIC_0033195.jpg,dataset\ISIC2018_Task3_Training_Input\ISIC_0033460.jpg,ISIC_0033195,ISIC_0033460,-0.0524186491966247,-0.013981819152832,0.8498997897698197,1.5479333400726318,42,100,5.0,0.3,32,0.0
experiments\sd_lora_ici_outputs\BKL\BKL_near_MEL_0049.png,BKL,MEL,a dermoscopic image of benign keratosis-like lesion,a dermoscopic image of benign keratosis-like lesion,dataset\ISIC2018_Task3_Training_Input\ISIC_0029472.jpg,dataset\ISIC2018_Task3_Training_Input\ISIC_0027973.jpg,ISIC_0029472,ISIC_0027973,-0.0061690807342529,0.0489117503166198,3.041857788415966,1.5978095531463623,42,100,5.0,0.3,32,0.0
experiments\sd_lora_ici_outputs\BKL\BKL_near_NV_0000.png,BKL,NV,a dermoscopic image of benign keratosis-like lesion,a dermoscopic image of benign keratosis-like lesion,dataset\ISIC2018_Task3_Training_Input\ISIC_0032179.jpg,dataset\ISIC2018_Task3_Training_Input\ISIC_0026477.jpg,ISIC_0032179,ISIC_0026477,0.0780731439590454,-0.0700132846832275,2.3462620943863572,1.543249249458313,42,100,5.0,0.3,32,0.0
experiments\sd_lora_ici_outputs\BKL\BKL_near_NV_0001.png,BKL,NV,a dermoscopic image of benign keratosis-like lesion,a dermoscopic image of benign keratosis-like lesion,dataset\ISIC2018_Task3_Training_Input\ISIC_0026477.jpg,dataset\ISIC2018_Task3_Training_Input\ISIC_0029394.jpg,ISIC_0026477,ISIC_0029394,-0.0700132846832275,0.0803379416465759,0.6377568287571703,1.5609040260314941,42,100,5.0,0.3,32,0.0
experiments\sd_lora_ici_outputs\BKL\BKL_near_NV_0002.png,BKL,NV,a dermoscopic image of benign keratosis-like lesion,a dermoscopic image of benign keratosis-like lesion,dataset\ISIC2018_Task3_Training_Input\ISIC_0029394.jpg,dataset\ISIC2018_Task3_Training_Input\ISIC_0029227.jpg,ISIC_0029394,ISIC_0029227,0.0803379416465759,-0.0283151865005493,3.1839090091087714,1.5495498180389404,42,100,5.0,0.3,32,0.0
experiments\sd_lora_ici_outputs\BKL\BKL_near_NV_0003.png,BKL,NV,a dermoscopic image of benign keratosis-like lesion,a dermoscopic image of benign keratosis-like lesion,dataset\ISIC2018_Task3_Training_Input\ISIC_0029394.jpg,dataset\ISIC2018_Task3_Training_Input\ISIC_0029227.jpg,ISIC_0029394,ISIC_0029227,0.0803379416465759,-0.0283151865005493,3.1617758394565745,1.5495498180389404,42,100,5.0,0.3,32,0.0
experiments\sd_lora_ici_outputs\BKL\BKL_near_NV_0004.png,BKL,NV,a dermoscopic image of benign keratosis-like lesion,a dermoscopic image of benign keratosis-like lesion,dataset\ISIC2018_Task3_Training_Input\ISIC_0026477.jpg,dataset\ISIC2018_Task3_Training_Input\ISIC_0029227.jpg,ISIC_0026477,ISIC_0029227,-0.0700132846832275,-0.0283151865005493,0.5227252766108302,1.5554664134979248,42,100,5.0,0.3,32,0.0
experiments\sd_lora_ici_outputs\BKL\BKL_near_NV_0005.png,BKL,NV,a dermoscopic image of benign keratosis-like lesion,a dermoscopic image of benign keratosis-like lesion,dataset\ISIC2018_Task3_Training_Input\ISIC_0032179.jpg,dataset\ISIC2018_Task3_Training_Input\ISIC_0029227.jpg,ISIC_0032179,ISIC_0029227,0.0780731439590454,-0.0283151865005493,1.7249792860090676,1.5797808170318604,42,100,5.0,0.3,32,0.0
experiments\sd_lora_ici_outputs\BKL\BKL_near_NV_0006.png,BKL,NV,a dermoscopic image of benign keratosis-like lesion,a dermoscopic image of benign keratosis-like lesion,dataset\ISIC2018_Task3_Training_Input\ISIC_0029227.jpg,dataset\ISIC2018_Task3_Training_Input\ISIC_0027139.jpg,ISIC_0029227,ISIC_0027139,-0.0283151865005493,-0.1005607843399047,1.7408770139808702,1.5498285293579102,42,100,5.0,0.3,32,0.0
experiments\sd_lora_ici_outputs\BKL\BKL_near_NV_0007.png,BKL,NV,a dermoscopic image of benign keratosis-like lesion,a dermoscopic image of benign keratosis-like lesion,dataset\ISIC2018_Task3_Training_Input\ISIC_0032179.jpg,dataset\ISIC2018_Task3_Training_Input\ISIC_0027139.jpg,ISIC_0032179,ISIC_0027139,0.0780731439590454,-0.1005607843399047,1.7401141638180977,1.5491204261779785,42,100,5.0,0.3,32,0.0
experiments\sd_lora_ici_outputs\BKL\BKL_near_NV_0008.png,BKL,NV,a dermoscopic image of benign keratosis-like lesion,a dermoscopic image of benign keratosis-like lesion,dataset\ISIC2018_Task3_Training_Input\ISIC_0026477.jpg,dataset\ISIC2018_Task3_Training_Input\ISIC_0029394.jpg,ISIC_0026477,ISIC_0029394,-0.0700132846832275,0.0803379416465759,1.9217032882281444,1.5609040260314941,42,100,5.0,0.3,32,0.0
experiments\sd_lora_ici_outputs\BKL\BKL_near_NV_0009.png,BKL,NV,a dermoscopic image of benign keratosis-like lesion,a dermoscopic image of benign keratosis-like lesion,dataset\ISIC2018_Task3_Training_Input\ISIC_0032179.jpg,dataset\ISIC2018_Task3_Training_Input\ISIC_0029227.jpg,ISIC_0032179,ISIC_0029227,0.0780731439590454,-0.0283151865005493,0.01857033350729749,1.5797808170318604,42,100,5.0,0.3,32,0.0
experiments\sd_lora_ici_outputs\BKL\BKL_near_NV_0010.png,BKL,NV,a dermoscopic image of benign keratosis-like lesion,a dermoscopic image of benign keratosis-like lesion,dataset\ISIC2018_Task3_Training_Input\ISIC_0027139.jpg,dataset\ISIC2018_Task3_Training_Input\ISIC_0032179.jpg,ISIC_0027139,ISIC_0032179,-0.1005607843399047,0.0780731439590454,2.1650059935503227,1.5491204261779785,42,100,5.0,0.3,32,0.0
experiments\sd_lora_ici_outputs\BKL\BKL_near_NV_0011.png,BKL,NV,a dermoscopic image of benign keratosis-like lesion,a dermoscopic image of benign keratosis-like lesion,dataset\ISIC2018_Task3_Training_Input\ISIC_0027139.jpg,dataset\ISIC2018_Task3_Training_Input\ISIC_0029227.jpg,ISIC_0027139,ISIC_0029227,-0.1005607843399047,-0.0283151865005493,2.96217694331856,1.5498285293579102,42,100,5.0,0.3,32,0.0
experiments\sd_lora_ici_outputs\BKL\BKL_near_NV_0012.png,BKL,NV,a dermoscopic image of benign keratosis-like lesion,a dermoscopic image of benign keratosis-like lesion,dataset\ISIC2018_Task3_Training_Input\ISIC_0029394.jpg,dataset\ISIC2018_Task3_Training_Input\ISIC_0027139.jpg,ISIC_0029394,ISIC_0027139,0.0803379416465759,-0.1005607843399047,3.8148524901057144,1.5647937059402466,42,100,5.0,0.3,32,0.0
experiments\sd_lora_ici_outputs\BKL\BKL_near_NV_0013.png,BKL,NV,a dermoscopic image of benign keratosis-like lesion,a dermoscopic image of benign keratosis-like lesion,dataset\ISIC2018_Task3_Training_Input\ISIC_0032179.jpg,dataset\ISIC2018_Task3_Training_Input\ISIC_0029227.jpg,ISIC_0032179,ISIC_0029227,0.0780731439590454,-0.0283151865005493,3.547733582368217,1.5797808170318604,42,100,5.0,0.3,32,0.0
experiments\sd_lora_ici_outputs\BKL\BKL_near_NV_0014.png,BKL,NV,a dermoscopic image of benign keratosis-like lesion,a dermoscopic image of benign keratosis-like lesion,dataset\ISIC2018_Task3_Training_Input\ISIC_0029227.jpg,dataset\ISIC2018_Task3_Training_Input\ISIC_0032179.jpg,ISIC_0029227,ISIC_0032179,-0.0283151865005493,0.0780731439590454,3.0101736492563416,1.5797808170318604,42,100,5.0,0.3,32,0.0
experiments\sd_lora_ici_outputs\BKL\BKL_near_NV_0015.png,BKL,NV,a dermoscopic image of benign keratosis-like lesion,a dermoscopic image of benign keratosis-like lesion,dataset\ISIC2018_Task3_Training_Input\ISIC_0029227.jpg,dataset\ISIC2018_Task3_Training_Input\ISIC_0027139.jpg,ISIC_0029227,ISIC_0027139,-0.0283151865005493,-0.1005607843399047,2.152872795868522,1.5498285293579102,42,100,5.0,0.3,32,0.0
experiments\sd_lora_ici_outputs\BKL\BKL_near_NV_0016.png,BKL,NV,a dermoscopic image of benign keratosis-like lesion,a dermoscopic image of benign keratosis-like lesion,dataset\ISIC2018_Task3_Training_Input\ISIC_0026477.jpg,dataset\ISIC2018_Task3_Training_Input\ISIC_0032179.jpg,ISIC_0026477,ISIC_0032179,-0.0700132846832275,0.0780731439590454,0.0729437175268067,1.543249249458313,42,100,5.0,0.3,32,0.0
experiments\sd_lora_ici_outputs\BKL\BKL_near_NV_0017.png,BKL,NV,a dermoscopic image of benign keratosis-like lesion,a dermoscopic image of benign keratosis-like lesion,dataset\ISIC2018_Task3_Training_Input\ISIC_0027139.jpg,dataset\ISIC2018_Task3_Training_Input\ISIC_0029227.jpg,ISIC_0027139,ISIC_0029227,-0.1005607843399047,-0.0283151865005493,0.016718503077007944,1.5498285293579102,42,100,5.0,0.3,32,0.0
experiments\sd_lora_ici_outputs\BKL\BKL_near_NV_0018.png,BKL,NV,a dermoscopic image of benign keratosis-like lesion,a dermoscopic image of benign keratosis-like lesion,dataset\ISIC2018_Task3_Training_Input\ISIC_0029394.jpg,dataset\ISIC2018_Task3_Training_Input\ISIC_0026477.jpg,ISIC_0029394,ISIC_0026477,0.0803379416465759,-0.0700132846832275,2.95300994022353,1.5609040260314941,42,100,5.0,0.3,32,0.0
experiments\sd_lora_ici_outputs\BKL\BKL_near_NV_0019.png,BKL,NV,a dermoscopic image of benign keratosis-like lesion,a dermoscopic image of benign keratosis-like lesion,dataset\ISIC2018_Task3_Training_Input\ISIC_0027139.jpg,dataset\ISIC2018_Task3_Training_Input\ISIC_0032179.jpg,ISIC_0027139,ISIC_0032179,-0.1005607843399047,0.0780731439590454,0.917726839479923,1.5491204261779785,42,100,5.0,0.3,32,0.0
experiments\sd_lora_ici_outputs\BKL\BKL_near_NV_0020.png,BKL,NV,a dermoscopic image of benign keratosis-like lesion,a dermoscopic image of benign keratosis-like lesion,dataset\ISIC2018_Task3_Training_Input\ISIC_0029227.jpg,dataset\ISIC2018_Task3_Training_Input\ISIC_0032179.jpg,ISIC_0029227,ISIC_0032179,-0.0283151865005493,0.0780731439590454,3.4879902686959032,1.5797808170318604,42,100,5.0,0.3,32,0.0
experiments\sd_lora_ici_outputs\BKL\BKL_near_NV_0021.png,BKL,NV,a dermoscopic image of benign keratosis-like lesion,a dermoscopic image of benign keratosis-like lesion,dataset\ISIC2018_Task3_Training_Input\ISIC_0027139.jpg,dataset\ISIC2018_Task3_Training_Input\ISIC_0026477.jpg,ISIC_0027139,ISIC_0026477,-0.1005607843399047,-0.0700132846832275,1.2382821648129496,1.5835918188095093,42,100,5.0,0.3,32,0.0
experiments\sd_lora_ici_outputs\BKL\BKL_near_NV_0022.png,BKL,NV,a dermoscopic image of benign keratosis-like lesion,a dermoscopic image of benign keratosis-like lesion,dataset\ISIC2018_Task3_Training_Input\ISIC_0027139.jpg,dataset\ISIC2018_Task3_Training_Input\ISIC_0029394.jpg,ISIC_0027139,ISIC_0029394,-0.1005607843399047,0.0803379416465759,0.41240886729269544,1.5647937059402466,42,100,5.0,0.3,32,0.0
experiments\sd_lora_ici_outputs\BKL\BKL_near_NV_0023.png,BKL,NV,a dermoscopic image of benign keratosis-like lesion,a dermoscopic image of benign keratosis-like lesion,dataset\ISIC2018_Task3_Training_Input\ISIC_0029227.jpg,dataset\ISIC2018_Task3_Training_Input\ISIC_0032179.jpg,ISIC_0029227,ISIC_0032179,-0.0283151865005493,0.0780731439590454,2.0018956638461587,1.5797808170318604,42,100,5.0,0.3,32,0.0
experiments\sd_lora_ici_outputs\BKL\BKL_near_NV_0024.png,BKL,NV,a dermoscopic image of benign keratosis-like lesion,a dermoscopic image of benign keratosis-like lesion,dataset\ISIC2018_Task3_Training_Input\ISIC_0027139.jpg,dataset\ISIC2018_Task3_Training_Input\ISIC_0029394.jpg,ISIC_0027139,ISIC_0029394,-0.1005607843399047,0.0803379416465759,1.2291574548345845,1.5647937059402466,42,100,5.0,0.3,32,0.0
experiments\sd_lora_ici_outputs\BKL\BKL_near_NV_0025.png,BKL,NV,a dermoscopic image of benign keratosis-like lesion,a dermoscopic image of benign keratosis-like lesion,dataset\ISIC2018_Task3_Training_Input\ISIC_0026477.jpg,dataset\ISIC2018_Task3_Training_Input\ISIC_0029394.jpg,ISIC_0026477,ISIC_0029394,-0.0700132846832275,0.0803379416465759,0.26280312786277055,1.5609040260314941,42,100,5.0,0.3,32,0.0
experiments\sd_lora_ici_outputs\BKL\BKL_near_NV_0026.png,BKL,NV,a dermoscopic image of benign keratosis-like lesion,a dermoscopic image of benign keratosis-like lesion,dataset\ISIC2018_Task3_Training_Input\ISIC_0032179.jpg,dataset\ISIC2018_Task3_Training_Input\ISIC_0029394.jpg,ISIC_0032179,ISIC_0029394,0.0780731439590454,0.0803379416465759,0.18369774735132122,1.5637474060058594,42,100,5.0,0.3,32,0.0
experiments\sd_lora_ici_outputs\BKL\BKL_near_NV_0027.png,BKL,NV,a dermoscopic image of benign keratosis-like lesion,a dermoscopic image of benign keratosis-like lesion,dataset\ISIC2018_Task3_Training_Input\ISIC_0029227.jpg,dataset\ISIC2018_Task3_Training_Input\ISIC_0032179.jpg,ISIC_0029227,ISIC_0032179,-0.0283151865005493,0.0780731439590454,3.7722771907863275,1.5797808170318604,42,100,5.0,0.3,32,0.0
experiments\sd_lora_ici_outputs\BKL\BKL_near_NV_0028.png,BKL,NV,a dermoscopic image of benign keratosis-like lesion,a dermoscopic image of benign keratosis-like lesion,dataset\ISIC2018_Task3_Training_Input\ISIC_0029394.jpg,dataset\ISIC2018_Task3_Training_Input\ISIC_0026477.jpg,ISIC_0029394,ISIC_0026477,0.0803379416465759,-0.0700132846832275,1.835263063418663,1.5609040260314941,42,100,5.0,0.3,32,0.0
experiments\sd_lora_ici_outputs\BKL\BKL_near_NV_0029.png,BKL,NV,a dermoscopic image of benign keratosis-like lesion,a dermoscopic image of benign keratosis-like lesion,dataset\ISIC2018_Task3_Training_Input\ISIC_0032179.jpg,dataset\ISIC2018_Task3_Training_Input\ISIC_0027139.jpg,ISIC_0032179,ISIC_0027139,0.0780731439590454,-0.1005607843399047,2.1102739671341406,1.5491204261779785,42,100,5.0,0.3,32,0.0
experiments\sd_lora_ici_outputs\BKL\BKL_near_NV_0030.png,BKL,NV,a dermoscopic image of benign keratosis-like lesion,a dermoscopic image of benign keratosis-like lesion,dataset\ISIC2018_Task3_Training_Input\ISIC_0032179.jpg,dataset\ISIC2018_Task3_Training_Input\ISIC_0029394.jpg,ISIC_0032179,ISIC_0029394,0.0780731439590454,0.0803379416465759,2.1059208573460273,1.5637474060058594,42,100,5.0,0.3,32,0.0
experiments\sd_lora_ici_outputs\BKL\BKL_near_NV_0031.png,BKL,NV,a dermoscopic image of benign keratosis-like lesion,a dermoscopic image of benign keratosis-like lesion,dataset\ISIC2018_Task3_Training_Input\ISIC_0029227.jpg,dataset\ISIC2018_Task3_Training_Input\ISIC_0027139.jpg,ISIC_0029227,ISIC_0027139,-0.0283151865005493,-0.1005607843399047,1.7581293349420675,1.5498285293579102,42,100,5.0,0.3,32,0.0
experiments\sd_lora_ici_outputs\BKL\BKL_near_NV_0032.png,BKL,NV,a dermoscopic image of benign keratosis-like lesion,a dermoscopic image of benign keratosis-like lesion,dataset\ISIC2018_Task3_Training_Input\ISIC_0029227.jpg,dataset\ISIC2018_Task3_Training_Input\ISIC_0026477.jpg,ISIC_0029227,ISIC_0026477,-0.0283151865005493,-0.0700132846832275,2.774194890771959,1.5554664134979248,42,100,5.0,0.3,32,0.0
experiments\sd_lora_ici_outputs\BKL\BKL_near_NV_0033.png,BKL,NV,a dermoscopic image of benign keratosis-like lesion,a dermoscopic image of benign keratosis-like lesion,dataset\ISIC2018_Task3_Training_Input\ISIC_0032179.jpg,dataset\ISIC2018_Task3_Training_Input\ISIC_0029394.jpg,ISIC_0032179,ISIC_0029394,0.0780731439590454,0.0803379416465759,0.5375700566682261,1.5637474060058594,42,100,5.0,0.3,32,0.0
experiments\sd_lora_ici_outputs\BKL\BKL_near_NV_0034.png,BKL,NV,a dermoscopic image of benign keratosis-like lesion,a dermoscopic image of benign keratosis-like lesion,dataset\ISIC2018_Task3_Training_Input\ISIC_0026477.jpg,dataset\ISIC2018_Task3_Training_Input\ISIC_0029227.jpg,ISIC_0026477,ISIC_0029227,-0.0700132846832275,-0.0283151865005493,4.0238254830475615,1.5554664134979248,42,100,5.0,0.3,32,0.0
experiments\sd_lora_ici_outputs\BKL\BKL_near_NV_0035.png,BKL,NV,a dermoscopic image of benign keratosis-like lesion,a dermoscopic image of benign keratosis-like lesion,dataset\ISIC2018_Task3_Training_Input\ISIC_0027139.jpg,dataset\ISIC2018_Task3_Training_Input\ISIC_0029227.jpg,ISIC_0027139,ISIC_0029227,-0.1005607843399047,-0.0283151865005493,1.9872414596494374,1.5498285293579102,42,100,5.0,0.3,32,0.0
experiments\sd_lora_ici_outputs\BKL\BKL_near_NV_0036.png,BKL,NV,a dermoscopic image of benign keratosis-like lesion,a dermoscopic image of benign keratosis-like lesion,dataset\ISIC2018_Task3_Training_Input\ISIC_0029394.jpg,dataset\ISIC2018_Task3_Training_Input\ISIC_0029227.jpg,ISIC_0029394,ISIC_0029227,0.0803379416465759,-0.0283151865005493,3.041602890258508,1.5495498180389404,42,100,5.0,0.3,32,0.0
experiments\sd_lora_ici_outputs\BKL\BKL_near_NV_0037.png,BKL,NV,a dermoscopic image of benign keratosis-like lesion,a dermoscopic image of benign keratosis-like lesion,dataset\ISIC2018_Task3_Training_Input\ISIC_0027139.jpg,dataset\ISIC2018_Task3_Training_Input\ISIC_0032179.jpg,ISIC_0027139,ISIC_0032179,-0.1005607843399047,0.0780731439590454,0.6687624944816489,1.5491204261779785,42,100,5.0,0.3,32,0.0
experiments\sd_lora_ici_outputs\BKL\BKL_near_NV_0038.png,BKL,NV,a dermoscopic image of benign keratosis-like lesion,a dermoscopic image of benign keratosis-like lesion,dataset\ISIC2018_Task3_Training_Input\ISIC_0029227.jpg,dataset\ISIC2018_Task3_Training_Input\ISIC_0026477.jpg,ISIC_0029227,ISIC_0026477,-0.0283151865005493,-0.0700132846832275,3.6633285621408365,1.5554664134979248,42,100,5.0,0.3,32,0.0
experiments\sd_lora_ici_outputs\BKL\BKL_near_NV_0039.png,BKL,NV,a dermoscopic image of benign keratosis-like lesion,a dermoscopic image of benign keratosis-like lesion,dataset\ISIC2018_Task3_Training_Input\ISIC_0027139.jpg,dataset\ISIC2018_Task3_Training_Input\ISIC_0032179.jpg,ISIC_0027139,ISIC_0032179,-0.1005607843399047,0.0780731439590454,3.2934810228185634,1.5491204261779785,42,100,5.0,0.3,32,0.0
experiments\sd_lora_ici_outputs\BKL\BKL_near_NV_0040.png,BKL,NV,a dermoscopic image of benign keratosis-like lesion,a dermoscopic image of benign keratosis-like lesion,dataset\ISIC2018_Task3_Training_Input\ISIC_0027139.jpg,dataset\ISIC2018_Task3_Training_Input\ISIC_0026477.jpg,ISIC_0027139,ISIC_0026477,-0.1005607843399047,-0.0700132846832275,0.07588081773149517,1.5835918188095093,42,100,5.0,0.3,32,0.0
experiments\sd_lora_ici_outputs\BKL\BKL_near_NV_0041.png,BKL,NV,a dermoscopic image of benign keratosis-like lesion,a dermoscopic image of benign keratosis-like lesion,dataset\ISIC2018_Task3_Training_Input\ISIC_0029394.jpg,dataset\ISIC2018_Task3_Training_Input\ISIC_0027139.jpg,ISIC_0029394,ISIC_0027139,0.0803379416465759,-0.1005607843399047,0.9007274816938413,1.5647937059402466,42,100,5.0,0.3,32,0.0
experiments\sd_lora_ici_outputs\BKL\BKL_near_NV_0042.png,BKL,NV,a dermoscopic image of benign keratosis-like lesion,a dermoscopic image of benign keratosis-like lesion,dataset\ISIC2018_Task3_Training_Input\ISIC_0027139.jpg,dataset\ISIC2018_Task3_Training_Input\ISIC_0029227.jpg,ISIC_0027139,ISIC_0029227,-0.1005607843399047,-0.0283151865005493,3.992816263488077,1.5498285293579102,42,100,5.0,0.3,32,0.0
experiments\sd_lora_ici_outputs\BKL\BKL_near_NV_0043.png,BKL,NV,a dermoscopic image of benign keratosis-like lesion,a dermoscopic image of benign keratosis-like lesion,dataset\ISIC2018_Task3_Training_Input\ISIC_0026477.jpg,dataset\ISIC2018_Task3_Training_Input\ISIC_0029394.jpg,ISIC_0026477,ISIC_0029394,-0.0700132846832275,0.0803379416465759,0.8501146276567978,1.5609040260314941,42,100,5.0,0.3,32,0.0
experiments\sd_lora_ici_outputs\BKL\BKL_near_NV_0044.png,BKL,NV,a dermoscopic image of benign keratosis-like lesion,a dermoscopic image of benign keratosis-like lesion,dataset\ISIC2018_Task3_Training_Input\ISIC_0029394.jpg,dataset\ISIC2018_Task3_Training_Input\ISIC_0026477.jpg,ISIC_0029394,ISIC_0026477,0.0803379416465759,-0.0700132846832275,0.08820859372434506,1.5609040260314941,42,100,5.0,0.3,32,0.0
experiments\sd_lora_ici_outputs\BKL\BKL_near_NV_0045.png,BKL,NV,a dermoscopic image of benign keratosis-like lesion,a dermoscopic image of benign keratosis-like lesion,dataset\ISIC2018_Task3_Training_Input\ISIC_0027139.jpg,dataset\ISIC2018_Task3_Training_Input\ISIC_0026477.jpg,ISIC_0027139,ISIC_0026477,-0.1005607843399047,-0.0700132846832275,2.0022243724793563,1.5835918188095093,42,100,5.0,0.3,32,0.0
experiments\sd_lora_ici_outputs\BKL\BKL_near_NV_0046.png,BKL,NV,a dermoscopic image of benign keratosis-like lesion,a dermoscopic image of benign keratosis-like lesion,dataset\ISIC2018_Task3_Training_Input\ISIC_0029394.jpg,dataset\ISIC2018_Task3_Training_Input\ISIC_0026477.jpg,ISIC_0029394,ISIC_0026477,0.0803379416465759,-0.0700132846832275,0.4957701058073536,1.5609040260314941,42,100,5.0,0.3,32,0.0
experiments\sd_lora_ici_outputs\BKL\BKL_near_NV_0047.png,BKL,NV,a dermoscopic image of benign keratosis-like lesion,a dermoscopic image of benign keratosis-like lesion,dataset\ISIC2018_Task3_Training_Input\ISIC_0026477.jpg,dataset\ISIC2018_Task3_Training_Input\ISIC_0029227.jpg,ISIC_0026477,ISIC_0029227,-0.0700132846832275,-0.0283151865005493,2.872473768064013,1.5554664134979248,42,100,5.0,0.3,32,0.0
experiments\sd_lora_ici_outputs\BKL\BKL_near_NV_0048.png,BKL,NV,a dermoscopic image of benign keratosis-like lesion,a dermoscopic image of benign keratosis-like lesion,dataset\ISIC2018_Task3_Training_Input\ISIC_0026477.jpg,dataset\ISIC2018_Task3_Training_Input\ISIC_0027139.jpg,ISIC_0026477,ISIC_0027139,-0.0700132846832275,-0.1005607843399047,3.142906930236555,1.5835918188095093,42,100,5.0,0.3,32,0.0
experiments\sd_lora_ici_outputs\BKL\BKL_near_NV_0049.png,BKL,NV,a dermoscopic image of benign keratosis-like lesion,a dermoscopic image of benign keratosis-like lesion,dataset\ISIC2018_Task3_Training_Input\ISIC_0029227.jpg,dataset\ISIC2018_Task3_Training_Input\ISIC_0026477.jpg,ISIC_0029227,ISIC_0026477,-0.0283151865005493,-0.0700132846832275,1.5155605803486838,1.5554664134979248,42,100,5.0,0.3,32,0.0
experiments\sd_lora_ici_outputs\DF\DF_near_AKIEC_0000.png,DF,AKIEC,a dermoscopic image of dermatofibroma,a dermoscopic image of dermatofibroma,dataset\ISIC2018_Task3_Training_Input\ISIC_0030757.jpg,dataset\ISIC2018_Task3_Training_Input\ISIC_0031358.jpg,ISIC_0030757,ISIC_0031358,-0.0309060215950012,0.0824427008628845,2.7907085656623787,1.4416611194610596,42,100,5.0,0.3,32,0.0
experiments\sd_lora_ici_outputs\DF\DF_near_AKIEC_0001.png,DF,AKIEC,a dermoscopic image of dermatofibroma,a dermoscopic image of dermatofibroma,dataset\ISIC2018_Task3_Training_Input\ISIC_0029824.jpg,dataset\ISIC2018_Task3_Training_Input\ISIC_0032114.jpg,ISIC_0029824,ISIC_0032114,0.0003846287727355,-0.0022319555282592,2.9973073675082462,1.6167526245117188,42,100,5.0,0.3,32,0.0
experiments\sd_lora_ici_outputs\DF\DF_near_AKIEC_0002.png,DF,AKIEC,a dermoscopic image of dermatofibroma,a dermoscopic image of dermatofibroma,dataset\ISIC2018_Task3_Training_Input\ISIC_0030011.jpg,dataset\ISIC2018_Task3_Training_Input\ISIC_0032138.jpg,ISIC_0030011,ISIC_0032138,-0.0333696603775024,-0.0876954197883606,2.492751486078191,1.570662498474121,42,100,5.0,0.3,32,0.0
experiments\sd_lora_ici_outputs\DF\DF_near_AKIEC_0003.png,DF,AKIEC,a dermoscopic image of dermatofibroma,a dermoscopic image of dermatofibroma,dataset\ISIC2018_Task3_Training_Input\ISIC_0030757.jpg,dataset\ISIC2018_Task3_Training_Input\ISIC_0032138.jpg,ISIC_0030757,ISIC_0032138,-0.0309060215950012,-0.0876954197883606,2.37182871623184,1.5733577013015747,42,100,5.0,0.3,32,0.0
experiments\sd_lora_ici_outputs\DF\DF_near_AKIEC_0004.png,DF,AKIEC,a dermoscopic image of dermatofibroma,a dermoscopic image of dermatofibroma,dataset\ISIC2018_Task3_Training_Input\ISIC_0027876.jpg,dataset\ISIC2018_Task3_Training_Input\ISIC_0031735.jpg,ISIC_0027876,ISIC_0031735,0.0380125641822814,8.96453857421875e-05,0.19473988151071048,1.5474176406860352,42,100,5.0,0.3,32,0.0
experiments\sd_lora_ici_outputs\DF\DF_near_AKIEC_0005.png,DF,AKIEC,a dermoscopic image of dermatofibroma,a dermoscopic image of dermatofibroma,dataset\ISIC2018_Task3_Training_Input\ISIC_0031309.jpg,dataset\ISIC2018_Task3_Training_Input\ISIC_0029783.jpg,ISIC_0031309,ISIC_0029783,0.1218318343162536,0.0166911482810974,0.42776823027987254,1.58800208568573,42,100,5.0,0.3,32,0.0
experiments\sd_lora_ici_outputs\DF\DF_near_AKIEC_0006.png,DF,AKIEC,a dermoscopic image of dermatofibroma,a dermoscopic image of dermatofibroma,dataset\ISIC2018_Task3_Training_Input\ISIC_0032138.jpg,dataset\ISIC2018_Task3_Training_Input\ISIC_0032114.jpg,ISIC_0032138,ISIC_0032114,-0.0876954197883606,-0.0022319555282592,3.4726503288517185,1.5128206014633179,42,100,5.0,0.3,32,0.0
experiments\sd_lora_ici_outputs\DF\DF_near_AKIEC_0007.png,DF,AKIEC,a dermoscopic image of dermatofibroma,a dermoscopic image of dermatofibroma,dataset\ISIC2018_Task3_Training_Input\ISIC_0029824.jpg,dataset\ISIC2018_Task3_Training_Input\ISIC_0028926.jpg,ISIC_0029824,ISIC_0028926,0.0003846287727355,-0.0832672119140625,0.19414485971840095,1.5610498189926147,42,100,5.0,0.3,32,0.0
experiments\sd_lora_ici_outputs\DF\DF_near_AKIEC_0008.png,DF,AKIEC,a dermoscopic image of dermatofibroma,a dermoscopic image of dermatofibroma,dataset\ISIC2018_Task3_Training_Input\ISIC_0030757.jpg,dataset\ISIC2018_Task3_Training_Input\ISIC_0026789.jpg,ISIC_0030757,ISIC_0026789,-0.0309060215950012,0.057553231716156,0.46890340405050773,1.5515539646148682,42,100,5.0,0.3,32,0.0
experiments\sd_lora_ici_outputs\DF\DF_near_AKIEC_0009.png,DF,AKIEC,a dermoscopic image of dermatofibroma,a dermoscopic image of dermatofibroma,dataset\ISIC2018_Task3_Training_Input\ISIC_0027626.jpg,dataset\ISIC2018_Task3_Training_Input\ISIC_0030011.jpg,ISIC_0027626,ISIC_0030011,0.0760309100151062,-0.0333696603775024,1.743155184741789,1.6015263795852661,42,100,5.0,0.3,32,0.0
experiments\sd_lora_ici_outputs\DF\DF_near_AKIEC_0010.png,DF,AKIEC,a dermoscopic image of dermatofibroma,a dermoscopic image of dermatofibroma,dataset\ISIC2018_Task3_Training_Input\ISIC_0033675.jpg,dataset\ISIC2018_Task3_Training_Input\ISIC_0025771.jpg,ISIC_0033675,ISIC_0025771,-0.0744491815567016,0.0718775987625122,0.49082950069767806,1.5821597576141357,42,100,5.0,0.3,32,0.0
experiments\sd_lora_ici_outputs\DF\DF_near_AKIEC_0011.png,DF,AKIEC,a dermoscopic image of dermatofibroma,a dermoscopic image of dermatofibroma,dataset\ISIC2018_Task3_Training_Input\ISIC_0025302.jpg,dataset\ISIC2018_Task3_Training_Input\ISIC_0027876.jpg,ISIC_0025302,ISIC_0027876,0.0671982765197753,0.0380125641822814,1.0245425199328084,1.5499615669250488,42,100,5.0,0.3,32,0.0
experiments\sd_lora_ici_outputs\DF\DF_near_AKIEC_0012.png,DF,AKIEC,a dermoscopic image of dermatofibroma,a dermoscopic image of dermatofibroma,dataset\ISIC2018_Task3_Training_Input\ISIC_0027626.jpg,dataset\ISIC2018_Task3_Training_Input\ISIC_0030011.jpg,ISIC_0027626,ISIC_0030011,0.0760309100151062,-0.0333696603775024,2.7536031322127674,1.6015263795852661,42,100,5.0,0.3,32,0.0
experiments\sd_lora_ici_outputs\DF\DF_near_AKIEC_0013.png,DF,AKIEC,a dermoscopic image of dermatofibroma,a dermoscopic image of dermatofibroma,dataset\ISIC2018_Task3_Training_Input\ISIC_0025302.jpg,dataset\ISIC2018_Task3_Training_Input\ISIC_0027626.jpg,ISIC_0025302,ISIC_0027626,0.0671982765197753,0.0760309100151062,0.8363956770270002,1.5437222719192505,42,100,5.0,0.3,32,0.0
experiments\sd_lora_ici_outputs\DF\DF_near_AKIEC_0014.png,DF,AKIEC,a dermoscopic image of dermatofibroma,a dermoscopic image of dermatofibroma,dataset\ISIC2018_Task3_Training_Input\ISIC_0031735.jpg,dataset\ISIC2018_Task3_Training_Input\ISIC_0028926.jpg,ISIC_0031735,ISIC_0028926,8.96453857421875e-05,-0.0832672119140625,2.7869465516020218,1.5460044145584106,42,100,5.0,0.3,32,0.0
experiments\sd_lora_ici_outputs\DF\DF_near_AKIEC_0015.png,DF,AKIEC,a dermoscopic image of dermatofibroma,a dermoscopic image of dermatofibroma,dataset\ISIC2018_Task3_Training_Input\ISIC_0027626.jpg,dataset\ISIC2018_Task3_Training_Input\ISIC_0032613.jpg,ISIC_0027626,ISIC_0032613,0.0760309100151062,0.004587709903717,0.037487171619233955,1.559525489807129,42,100,5.0,0.3,32,0.0
experiments\sd_lora_ici_outputs\DF\DF_near_AKIEC_0016.png,DF,AKIEC,a dermoscopic image of dermatofibroma,a dermoscopic image of dermatofibroma,dataset\ISIC2018_Task3_Training_Input\ISIC_0025302.jpg,dataset\ISIC2018_Task3_Training_Input\ISIC_0032138.jpg,ISIC_0025302,ISIC_0032138,0.0671982765197753,-0.0876954197883606,1.709445046944241,1.5469425916671753,42,100,5.0,0.3,32,0.0
experiments\sd_lora_ici_outputs\DF\DF_near_AKIEC_0017.png,DF,AKIEC,a dermoscopic image of dermatofibroma,a dermoscopic image of dermatofibroma,dataset\ISIC2018_Task3_Training_Input\ISIC_0028926.jpg,dataset\ISIC2018_Task3_Training_Input\ISIC_0025771.jpg,ISIC_0028926,ISIC_0025771,-0.0832672119140625,0.0718775987625122,0.3970394034861699,1.5980154275894165,42,100,5.0,0.3,32,0.0
experiments\sd_lora_ici_outputs\DF\DF_near_AKIEC_0018.png,DF,AKIEC,a dermoscopic image of dermatofibroma,a dermoscopic image of dermatofibroma,dataset\ISIC2018_Task3_Training_Input\ISIC_0030579.jpg,dataset\ISIC2018_Task3_Training_Input\ISIC_0026789.jpg,ISIC_0030579,ISIC_0026789,0.0433918833732605,0.057553231716156,2.078599507212752,1.5727894306182861,42,100,5.0,0.3,32,0.0
experiments\sd_lora_ici_outputs\DF\DF_near_AKIEC_0019.png,DF,AKIEC,a dermoscopic image of dermatofibroma,a dermoscopic image of dermatofibroma,dataset\ISIC2018_Task3_Training_Input\ISIC_0030011.jpg,dataset\ISIC2018_Task3_Training_Input\ISIC_0025771.jpg,ISIC_0030011,ISIC_0025771,-0.0333696603775024,0.0718775987625122,2.488986294765526,1.5721877813339233,42,100,5.0,0.3,32,0.0
experiments\sd_lora_ici_outputs\DF\DF_near_AKIEC_0020.png,DF,AKIEC,a dermoscopic image of dermatofibroma,a dermoscopic image of dermatofibroma,dataset\ISIC2018_Task3_Training_Input\ISIC_0025302.jpg,dataset\ISIC2018_Task3_Training_Input\ISIC_0033675.jpg,ISIC_0025302,ISIC_0033675,0.0671982765197753,-0.0744491815567016,2.8162320172337245,1.5633631944656372,42,100,5.0,0.3,32,0.0
experiments\sd_lora_ici_outputs\DF\DF_near_AKIEC_0021.png,DF,AKIEC,a dermoscopic image of dermatofibroma,a dermoscopic image of dermatofibroma,dataset\ISIC2018_Task3_Training_Input\ISIC_0033675.jpg,dataset\ISIC2018_Task3_Training_Input\ISIC_0029783.jpg,ISIC_0033675,ISIC_0029783,-0.0744491815567016,0.0166911482810974,1.6779906907920645,1.5682803392410278,42,100,5.0,0.3,32,0.0
experiments\sd_lora_ici_outputs\DF\DF_near_AKIEC_0022.png,DF,AKIEC,a dermoscopic image of dermatofibroma,a dermoscopic image of dermatofibroma,dataset\ISIC2018_Task3_Training_Input\ISIC_0030757.jpg,dataset\ISIC2018_Task3_Training_Input\ISIC_0033675.jpg,ISIC_0030757,ISIC_0033675,-0.0309060215950012,-0.0744491815567016,3.6264457894800044,1.5569536685943604,42,100,5.0,0.3,32,0.0
experiments\sd_lora_ici_outputs\DF\DF_near_AKIEC_0023.png,DF,AKIEC,a dermoscopic image of dermatofibroma,a dermoscopic image of dermatofibroma,dataset\ISIC2018_Task3_Training_Input\ISIC_0030757.jpg,dataset\ISIC2018_Task3_Training_Input\ISIC_0029824.jpg,ISIC_0030757,ISIC_0029824,-0.0309060215950012,0.0003846287727355,2.055926593109001,1.5634711980819702,42,100,5.0,0.3,32,0.0
experiments\sd_lora_ici_outputs\DF\DF_near_AKIEC_0024.png,DF,AKIEC,a dermoscopic image of dermatofibroma,a dermoscopic image of dermatofibroma,dataset\ISIC2018_Task3_Training_Input\ISIC_0031309.jpg,dataset\ISIC2018_Task3_Training_Input\ISIC_0031358.jpg,ISIC_0031309,ISIC_0031358,0.1218318343162536,0.0824427008628845,2.4439804404744585,1.5880285501480103,42,100,5.0,0.3,32,0.0
experiments\sd_lora_ici_outputs\DF\DF_near_AKIEC_0025.png,DF,AKIEC,a dermoscopic image of dermatofibroma,a dermoscopic image of dermatofibroma,dataset\ISIC2018_Task3_Training_Input\ISIC_0029783.jpg,dataset\ISIC2018_Task3_Training_Input\ISIC_0030579.jpg,ISIC_0029783,ISIC_0030579,0.0166911482810974,0.0433918833732605,1.1481378167116012,1.547113060951233,42,100,5.0,0.3,32,0.0
experiments\sd_lora_ici_outputs\DF\DF_near_AKIEC_0026.png,DF,AKIEC,a dermoscopic image of dermatofibroma,a dermoscopic image of dermatofibroma,dataset\ISIC2018_Task3_Training_Input\ISIC_0027626.jpg,dataset\ISIC2018_Task3_Training_Input\ISIC_0032613.jpg,ISIC_0027626,ISIC_0032613,0.0760309100151062,0.004587709903717,3.1617264030874606,1.559525489807129,42,100,5.0,0.3,32,0.0
experiments\sd_lora_ici_outputs\DF\DF_near_AKIEC_0027.png,DF,AKIEC,a dermoscopic image of dermatofibroma,a dermoscopic image of dermatofibroma,dataset\ISIC2018_Task3_Training_Input\ISIC_0025302.jpg,dataset\ISIC2018_Task3_Training_Input\ISIC_0027626.jpg,ISIC_0025302,ISIC_0027626,0.0671982765197753,0.0760309100151062,2.0258739706961735,1.5437222719192505,42,100,5.0,0.3,32,0.0
experiments\sd_lora_ici_outputs\DF\DF_near_AKIEC_0028.png,DF,AKIEC,a dermoscopic image of dermatofibroma,a dermoscopic image of dermatofibroma,dataset\ISIC2018_Task3_Training_Input\ISIC_0026789.jpg,dataset\ISIC2018_Task3_Training_Input\ISIC_0030011.jpg,ISIC_0026789,ISIC_0030011,0.057553231716156,-0.0333696603775024,2.4475074947587214,1.56341552734375,42,100,5.0,0.3,32,0.0
experiments\sd_lora_ici_outputs\DF\DF_near_AKIEC_0029.png,DF,AKIEC,a dermoscopic image of dermatofibroma,a dermoscopic image of dermatofibroma,dataset\ISIC2018_Task3_Training_Input\ISIC_0030011.jpg,dataset\ISIC2018_Task3_Training_Input\ISIC_0031358.jpg,ISIC_0030011,ISIC_0031358,-0.0333696603775024,0.0824427008628845,3.1456837784277476,1.553894281387329,42,100,5.0,0.3,32,0.0
experiments\sd_lora_ici_outputs\DF\DF_near_AKIEC_0030.png,DF,AKIEC,a dermoscopic image of dermatofibroma,a dermoscopic image of dermatofibroma,dataset\ISIC2018_Task3_Training_Input\ISIC_0029967.jpg,dataset\ISIC2018_Task3_Training_Input\ISIC_0026789.jpg,ISIC_0029967,ISIC_0026789,-0.0013368129730224,0.057553231716156,3.342844126767367,1.5628790855407715,42,100,5.0,0.3,32,0.0
experiments\sd_lora_ici_outputs\DF\DF_near_AKIEC_0031.png,DF,AKIEC,a dermoscopic image of dermatofibroma,a dermoscopic image of dermatofibroma,dataset\ISIC2018_Task3_Training_Input\ISIC_0025302.jpg,dataset\ISIC2018_Task3_Training_Input\ISIC_0031735.jpg,ISIC_0025302,ISIC_0031735,0.0671982765197753,8.96453857421875e-05,4.03174488774853,1.5165373086929321,42,100,5.0,0.3,32,0.0
experiments\sd_lora_ici_outputs\DF\DF_near_AKIEC_0032.png,DF,AKIEC,a dermoscopic image of dermatofibroma,a dermoscopic image of dermatofibroma,dataset\ISIC2018_Task3_Training_Input\ISIC_0026789.jpg,dataset\ISIC2018_Task3_Training_Input\ISIC_0029783.jpg,ISIC_0026789,ISIC_0029783,0.057553231716156,0.0166911482810974,1.4430925916073467,1.5583817958831787,42,100,5.0,0.3,32,0.0
experiments\sd_lora_ici_outputs\DF\DF_near_AKIEC_0033.png,DF,AKIEC,a dermoscopic image of dermatofibroma,a dermoscopic image of dermatofibroma,dataset\ISIC2018_Task3_Training_Input\ISIC_0025302.jpg,dataset\ISIC2018_Task3_Training_Input\ISIC_0030579.jpg,ISIC_0025302,ISIC_0030579,0.0671982765197753,0.0433918833732605,1.630686797805775,1.57882821559906,42,100,5.0,0.3,32,0.0
experiments\sd_lora_ici_outputs\DF\DF_near_AKIEC_0034.png,DF,AKIEC,a dermoscopic image of dermatofibroma,a dermoscopic image of dermatofibroma,dataset\ISIC2018_Task3_Training_Input\ISIC_0026789.jpg,dataset\ISIC2018_Task3_Training_Input\ISIC_0030011.jpg,ISIC_0026789,ISIC_0030011,0.057553231716156,-0.0333696603775024,0.6445228545787676,1.56341552734375,42,100,5.0,0.3,32,0.0
experiments\sd_lora_ici_outputs\DF\DF_near_AKIEC_0035.png,DF,AKIEC,a dermoscopic image of dermatofibroma,a dermoscopic image of dermatofibroma,dataset\ISIC2018_Task3_Training_Input\ISIC_0029783.jpg,dataset\ISIC2018_Task3_Training_Input\ISIC_0026789.jpg,ISIC_0029783,ISIC_0026789,0.0166911482810974,0.057553231716156,2.2100215978216196,1.5583817958831787,42,100,5.0,0.3,32,0.0
experiments\sd_lora_ici_outputs\DF\DF_near_AKIEC_0036.png,DF,AKIEC,a dermoscopic image of dermatofibroma,a dermoscopic image of dermatofibroma,dataset\ISIC2018_Task3_Training_Input\ISIC_0029783.jpg,dataset\ISIC2018_Task3_Training_Input\ISIC_0029824.jpg,ISIC_0029783,ISIC_0029824,0.0166911482810974,0.0003846287727355,3.597979657224969,1.5897642374038696,42,100,5.0,0.3,32,0.0
experiments\sd_lora_ici_outputs\DF\DF_near_AKIEC_0037.png,DF,AKIEC,a dermoscopic image of dermatofibroma,a dermoscopic image of dermatofibroma,dataset\ISIC2018_Task3_Training_Input\ISIC_0027876.jpg,dataset\ISIC2018_Task3_Training_Input\ISIC_0030757.jpg,ISIC_0027876,ISIC_0030757,0.0380125641822814,-0.0309060215950012,2.7915620610077663,1.5489939451217651,42,100,5.0,0.3,32,0.0
experiments\sd_lora_ici_outputs\DF\DF_near_AKIEC_0038.png,DF,AKIEC,a dermoscopic image of dermatofibroma,a dermoscopic image of dermatofibroma,dataset\ISIC2018_Task3_Training_Input\ISIC_0025771.jpg,dataset\ISIC2018_Task3_Training_Input\ISIC_0033675.jpg,ISIC_0025771,ISIC_0033675,0.0718775987625122,-0.0744491815567016,1.9088468205516513,1.5821597576141357,42,100,5.0,0.3,32,0.0
experiments\sd_lora_ici_outputs\DF\DF_near_AKIEC_0039.png,DF,AKIEC,a dermoscopic image of dermatofibroma,a dermoscopic image of dermatofibroma,dataset\ISIC2018_Task3_Training_Input\ISIC_0033675.jpg,dataset\ISIC2018_Task3_Training_Input\ISIC_0031309.jpg,ISIC_0033675,ISIC_0031309,-0.0744491815567016,0.1218318343162536,0.9288176558355129,1.5863609313964844,42,100,5.0,0.3,32,0.0
experiments\sd_lora_ici_outputs\DF\DF_near_AKIEC_0040.png,DF,AKIEC,a dermoscopic image of dermatofibroma,a dermoscopic image of dermatofibroma,dataset\ISIC2018_Task3_Training_Input\ISIC_0033675.jpg,dataset\ISIC2018_Task3_Training_Input\ISIC_0026789.jpg,ISIC_0033675,ISIC_0026789,-0.0744491815567016,0.057553231716156,0.05042878702074767,1.5885143280029297,42,100,5.0,0.3,32,0.0
experiments\sd_lora_ici_outputs\DF\DF_near_AKIEC_0041.png,DF,AKIEC,a dermoscopic image of dermatofibroma,a dermoscopic image of dermatofibroma,dataset\ISIC2018_Task3_Training_Input\ISIC_0030011.jpg,dataset\ISIC2018_Task3_Training_Input\ISIC_0027876.jpg,ISIC_0030011,ISIC_0027876,-0.0333696603775024,0.0380125641822814,0.36082770767016653,1.5498292446136475,42,100,5.0,0.3,32,0.0
experiments\sd_lora_ici_outputs\DF\DF_near_AKIEC_0042.png,DF,AKIEC,a dermoscopic image of dermatofibroma,a dermoscopic image of dermatofibroma,dataset\ISIC2018_Task3_Training_Input\ISIC_0030757.jpg,dataset\ISIC2018_Task3_Training_Input\ISIC_0031358.jpg,ISIC_0030757,ISIC_0031358,-0.0309060215950012,0.0824427008628845,0.48129058094120614,1.4416611194610596,42,100,5.0,0.3,32,0.0
experiments\sd_lora_ici_outputs\DF\DF_near_AKIEC_0043.png,DF,AKIEC,a dermoscopic image of dermatofibroma,a dermoscopic image of dermatofibroma,dataset\ISIC2018_Task3_Training_Input\ISIC_0028926.jpg,dataset\ISIC2018_Task3_Training_Input\ISIC_0031358.jpg,ISIC_0028926,ISIC_0031358,-0.0832672119140625,0.0824427008628845,2.3265914220774375,1.5505551099777222,42,100,5.0,0.3,32,0.0
experiments\sd_lora_ici_outputs\DF\DF_near_AKIEC_0044.png,DF,AKIEC,a dermoscopic image of dermatofibroma,a dermoscopic image of dermatofibroma,dataset\ISIC2018_Task3_Training_Input\ISIC_0031358.jpg,dataset\ISIC2018_Task3_Training_Input\ISIC_0029783.jpg,ISIC_0031358,ISIC_0029783,0.0824427008628845,0.0166911482810974,1.9798562588252862,1.568066954612732,42,100,5.0,0.3,32,0.0
experiments\sd_lora_ici_outputs\DF\DF_near_AKIEC_0045.png,DF,AKIEC,a dermoscopic image of dermatofibroma,a dermoscopic image of dermatofibroma,dataset\ISIC2018_Task3_Training_Input\ISIC_0030011.jpg,dataset\ISIC2018_Task3_Training_Input\ISIC_0026789.jpg,ISIC_0030011,ISIC_0026789,-0.0333696603775024,0.057553231716156,3.8157131943914075,1.56341552734375,42,100,5.0,0.3,32,0.0
experiments\sd_lora_ici_outputs\DF\DF_near_AKIEC_0046.png,DF,AKIEC,a dermoscopic image of dermatofibroma,a dermoscopic image of dermatofibroma,dataset\ISIC2018_Task3_Training_Input\ISIC_0027876.jpg,dataset\ISIC2018_Task3_Training_Input\ISIC_0026789.jpg,ISIC_0027876,ISIC_0026789,0.0380125641822814,0.057553231716156,3.206619788874744,1.527436375617981,42,100,5.0,0.3,32,0.0
experiments\sd_lora_ici_outputs\DF\DF_near_AKIEC_0047.png,DF,AKIEC,a dermoscopic image of dermatofibroma,a dermoscopic image of dermatofibroma,dataset\ISIC2018_Task3_Training_Input\ISIC_0028926.jpg,dataset\ISIC2018_Task3_Training_Input\ISIC_0032613.jpg,ISIC_0028926,ISIC_0032613,-0.0832672119140625,0.004587709903717,0.29336136292239695,1.6073753833770752,42,100,5.0,0.3,32,0.0
experiments\sd_lora_ici_outputs\DF\DF_near_AKIEC_0048.png,DF,AKIEC,a dermoscopic image of dermatofibroma,a dermoscopic image of dermatofibroma,dataset\ISIC2018_Task3_Training_Input\ISIC_0032613.jpg,dataset\ISIC2018_Task3_Training_Input\ISIC_0027876.jpg,ISIC_0032613,ISIC_0027876,0.004587709903717,0.0380125641822814,2.9309570152984015,1.551153302192688,42,100,5.0,0.3,32,0.0
experiments\sd_lora_ici_outputs\DF\DF_near_AKIEC_0049.png,DF,AKIEC,a dermoscopic image of dermatofibroma,a dermoscopic image of dermatofibroma,dataset\ISIC2018_Task3_Training_Input\ISIC_0030011.jpg,dataset\ISIC2018_Task3_Training_Input\ISIC_0027626.jpg,ISIC_0030011,ISIC_0027626,-0.0333696603775024,0.0760309100151062,3.5496739885028705,1.6015263795852661,42,100,5.0,0.3,32,0.0
experiments\sd_lora_ici_outputs\DF\DF_near_BCC_0000.png,DF,BCC,a dermoscopic image of dermatofibroma,a dermoscopic image of dermatofibroma,dataset\ISIC2018_Task3_Training_Input\ISIC_0029891.jpg,dataset\ISIC2018_Task3_Training_Input\ISIC_0028790.jpg,ISIC_0029891,ISIC_0028790,-0.0207079648971557,-0.0846222639083862,2.59664597032816,1.55912184715271,42,100,5.0,0.3,32,0.0
experiments\sd_lora_ici_outputs\DF\DF_near_BCC_0001.png,DF,BCC,a dermoscopic image of dermatofibroma,a dermoscopic image of dermatofibroma,dataset\ISIC2018_Task3_Training_Input\ISIC_0026473.jpg,dataset\ISIC2018_Task3_Training_Input\ISIC_0027008.jpg,ISIC_0026473,ISIC_0027008,0.0859877467155456,0.026236355304718,1.8233222098174748,1.5739690065383911,42,100,5.0,0.3,32,0.0
experiments\sd_lora_ici_outputs\DF\DF_near_BCC_0002.png,DF,BCC,a dermoscopic image of dermatofibroma,a dermoscopic image of dermatofibroma,dataset\ISIC2018_Task3_Training_Input\ISIC_0029891.jpg,dataset\ISIC2018_Task3_Training_Input\ISIC_0026254.jpg,ISIC_0029891,ISIC_0026254,-0.0207079648971557,0.1172075271606445,3.9223905537305574,1.5654994249343872,42,100,5.0,0.3,32,0.0
experiments\sd_lora_ici_outputs\DF\DF_near_BCC_0003.png,DF,BCC,a dermoscopic image of dermatofibroma,a dermoscopic image of dermatofibroma,dataset\ISIC2018_Task3_Training_Input\ISIC_0034169.jpg,dataset\ISIC2018_Task3_Training_Input\ISIC_0030244.jpg,ISIC_0034169,ISIC_0030244,-0.0994534492492675,-0.0008781552314758,1.030631107817482,1.6102235317230225,42,100,5.0,0.3,32,0.0
experiments\sd_lora_ici_outputs\DF\DF_near_BCC_0004.png,DF,BCC,a dermoscopic image of dermatofibroma,a dermoscopic image of dermatofibroma,dataset\ISIC2018_Task3_Training_Input\ISIC_0026254.jpg,dataset\ISIC2018_Task3_Training_Input\ISIC_0027598.jpg,ISIC_0026254,ISIC_0027598,0.1172075271606445,0.0586773157119751,0.20533438363532283,1.532442569732666,42,100,5.0,0.3,32,0.0
experiments\sd_lora_ici_outputs\DF\DF_near_BCC_0005.png,DF,BCC,a dermoscopic image of dermatofibroma,a dermoscopic image of dermatofibroma,dataset\ISIC2018_Task3_Training_Input\ISIC_0030244.jpg,dataset\ISIC2018_Task3_Training_Input\ISIC_0034169.jpg,ISIC_0030244,ISIC_0034169,-0.0008781552314758,-0.0994534492492675,3.1730691806355424,1.6102235317230225,42,100,5.0,0.3,32,0.0
experiments\sd_lora_ici_outputs\DF\DF_near_BCC_0006.png,DF,BCC,a dermoscopic image of dermatofibroma,a dermoscopic image of dermatofibroma,dataset\ISIC2018_Task3_Training_Input\ISIC_0030427.jpg,dataset\ISIC2018_Task3_Training_Input\ISIC_0030321.jpg,ISIC_0030427,ISIC_0030321,0.1028537154197692,-0.0187295675277709,3.540090417026026,1.5514819622039795,42,100,5.0,0.3,32,0.0
experiments\sd_lora_ici_outputs\DF\DF_near_BCC_0007.png,DF,BCC,a dermoscopic image of dermatofibroma,a dermoscopic image of dermatofibroma,dataset\ISIC2018_Task3_Training_Input\ISIC_0029962.jpg,dataset\ISIC2018_Task3_Training_Input\ISIC_0029891.jpg,ISIC_0029962,ISIC_0029891,0.0598250031471252,-0.0207079648971557,3.4511062904226915,1.5516289472579956,42,100,5.0,0.3,32,0.0
experiments\sd_lora_ici_outputs\DF\DF_near_BCC_0008.png,DF,BCC,a dermoscopic image of dermatofibroma,a dermoscopic image of dermatofibroma,dataset\ISIC2018_Task3_Training_Input\ISIC_0030427.jpg,dataset\ISIC2018_Task3_Training_Input\ISIC_0029039.jpg,ISIC_0030427,ISIC_0029039,0.1028537154197692,0.0060074925422668,1.473037330484357,1.5364820957183838,42,100,5.0,0.3,32,0.0
experiments\sd_lora_ici_outputs\DF\DF_near_BCC_0009.png,DF,BCC,a dermoscopic image of dermatofibroma,a dermoscopic image of dermatofibroma,dataset\ISIC2018_Task3_Training_Input\ISIC_0026254.jpg,dataset\ISIC2018_Task3_Training_Input\ISIC_0027598.jpg,ISIC_0026254,ISIC_0027598,0.1172075271606445,0.0586773157119751,2.774818198278428,1.532442569732666,42,100,5.0,0.3,32,0.0
experiments\sd_lora_ici_outputs\DF\DF_near_BCC_0010.png,DF,BCC,a dermoscopic image of dermatofibroma,a dermoscopic image of dermatofibroma,dataset\ISIC2018_Task3_Training_Input\ISIC_0030427.jpg,dataset\ISIC2018_Task3_Training_Input\ISIC_0026254.jpg,ISIC_0030427,ISIC_0026254,0.1028537154197692,0.1172075271606445,1.7025430842502047,1.5721228122711182,42,100,5.0,0.3,32,0.0
experiments\sd_lora_ici_outputs\DF\DF_near_BCC_0011.png,DF,BCC,a dermoscopic image of dermatofibroma,a dermoscopic image of dermatofibroma,dataset\ISIC2018_Task3_Training_Input\ISIC_0029962.jpg,dataset\ISIC2018_Task3_Training_Input\ISIC_0025223.jpg,ISIC_0029962,ISIC_0025223,0.0598250031471252,0.1352285146713256,0.47001486622666516,1.5493718385696411,42,100,5.0,0.3,32,0.0
experiments\sd_lora_ici_outputs\DF\DF_near_BCC_0012.png,DF,BCC,a dermoscopic image of dermatofibroma,a dermoscopic image of dermatofibroma,dataset\ISIC2018_Task3_Training_Input\ISIC_0026473.jpg,dataset\ISIC2018_Task3_Training_Input\ISIC_0025223.jpg,ISIC_0026473,ISIC_0025223,0.0859877467155456,0.1352285146713256,3.4299302155585663,1.5593715906143188,42,100,5.0,0.3,32,0.0
experiments\sd_lora_ici_outputs\DF\DF_near_BCC_0013.png,DF,BCC,a dermoscopic image of dermatofibroma,a dermoscopic image of dermatofibroma,dataset\ISIC2018_Task3_Training_Input\ISIC_0027598.jpg,dataset\ISIC2018_Task3_Training_Input\ISIC_0025154.jpg,ISIC_0027598,ISIC_0025154,0.0586773157119751,-0.1081337928771972,3.527831734393425,1.5856395959854126,42,100,5.0,0.3,32,0.0
experiments\sd_lora_ici_outputs\DF\DF_near_BCC_0014.png,DF,BCC,a dermoscopic image of dermatofibroma,a dermoscopic image of dermatofibroma,dataset\ISIC2018_Task3_Training_Input\ISIC_0029962.jpg,dataset\ISIC2018_Task3_Training_Input\ISIC_0026473.jpg,ISIC_0029962,ISIC_0026473,0.0598250031471252,0.0859877467155456,0.038405656749482146,1.5823978185653687,42,100,5.0,0.3,32,0.0
experiments\sd_lora_ici_outputs\DF\DF_near_BCC_0015.png,DF,BCC,a dermoscopic image of dermatofibroma,a dermoscopic image of dermatofibroma,dataset\ISIC2018_Task3_Training_Input\ISIC_0026254.jpg,dataset\ISIC2018_Task3_Training_Input\ISIC_0028880.jpg,ISIC_0026254,ISIC_0028880,0.1172075271606445,0.0965129137039184,0.5513685227756568,1.5770902633666992,42,100,5.0,0.3,32,0.0
experiments\sd_lora_ici_outputs\DF\DF_near_BCC_0016.png,DF,BCC,a dermoscopic image of dermatofibroma,a dermoscopic image of dermatofibroma,dataset\ISIC2018_Task3_Training_Input\ISIC_0030321.jpg,dataset\ISIC2018_Task3_Training_Input\ISIC_0025154.jpg,ISIC_0030321,ISIC_0025154,-0.0187295675277709,-0.1081337928771972,2.644861470592164,1.537497878074646,42,100,5.0,0.3,32,0.0
experiments\sd_lora_ici_outputs\DF\DF_near_BCC_0017.png,DF,BCC,a dermoscopic image of dermatofibroma,a dermoscopic image of dermatofibroma,dataset\ISIC2018_Task3_Training_Input\ISIC_0028790.jpg,dataset\ISIC2018_Task3_Training_Input\ISIC_0030321.jpg,ISIC_0028790,ISIC_0030321,-0.0846222639083862,-0.0187295675277709,1.3141924638395108,1.5713351964950562,42,100,5.0,0.3,32,0.0
experiments\sd_lora_ici_outputs\DF\DF_near_BCC_0018.png,DF,BCC,a dermoscopic image of dermatofibroma,a dermoscopic image of dermatofibroma,dataset\ISIC2018_Task3_Training_Input\ISIC_0028880.jpg,dataset\ISIC2018_Task3_Training_Input\ISIC_0030427.jpg,ISIC_0028880,ISIC_0030427,0.0965129137039184,0.1028537154197692,3.5950590027700655,1.5633909702301025,42,100,5.0,0.3,32,0.0
experiments\sd_lora_ici_outputs\DF\DF_near_BCC_0019.png,DF,BCC,a dermoscopic image of dermatofibroma,a dermoscopic image of dermatofibroma,dataset\ISIC2018_Task3_Training_Input\ISIC_0030321.jpg,dataset\ISIC2018_Task3_Training_Input\ISIC_0030244.jpg,ISIC_0030321,ISIC_0030244,-0.0187295675277709,-0.0008781552314758,3.805875079766262,1.5767732858657837,42,100,5.0,0.3,32,0.0
experiments\sd_lora_ici_outputs\DF\DF_near_BCC_0020.png,DF,BCC,a dermoscopic image of dermatofibroma,a dermoscopic image of dermatofibroma,dataset\ISIC2018_Task3_Training_Input\ISIC_0030244.jpg,dataset\ISIC2018_Task3_Training_Input\ISIC_0025154.jpg,ISIC_0030244,ISIC_0025154,-0.0008781552314758,-0.1081337928771972,1.0630901677738918,1.5857899188995361,42,100,5.0,0.3,32,0.0
experiments\sd_lora_ici_outputs\DF\DF_near_BCC_0021.png,DF,BCC,a dermoscopic image of dermatofibroma,a dermoscopic image of dermatofibroma,dataset\ISIC2018_Task3_Training_Input\ISIC_0028790.jpg,dataset\ISIC2018_Task3_Training_Input\ISIC_0026254.jpg,ISIC_0028790,ISIC_0026254,-0.0846222639083862,0.1172075271606445,2.9214048888792887,1.5766392946243286,42,100,5.0,0.3,32,0.0
experiments\sd_lora_ici_outputs\DF\DF_near_BCC_0022.png,DF,BCC,a dermoscopic image of dermatofibroma,a dermoscopic image of dermatofibroma,dataset\ISIC2018_Task3_Training_Input\ISIC_0028790.jpg,dataset\ISIC2018_Task3_Training_Input\ISIC_0029962.jpg,ISIC_0028790,ISIC_0029962,-0.0846222639083862,0.0598250031471252,1.485239598889859,1.5763477087020874,42,100,5.0,0.3,32,0.0
experiments\sd_lora_ici_outputs\DF\DF_near_BCC_0023.png,DF,BCC,a dermoscopic image of dermatofibroma,a dermoscopic image of dermatofibroma,dataset\ISIC2018_Task3_Training_Input\ISIC_0026473.jpg,dataset\ISIC2018_Task3_Training_Input\ISIC_0029039.jpg,ISIC_0026473,ISIC_0029039,0.0859877467155456,0.0060074925422668,1.3629007398077535,1.5800052881240845,42,100,5.0,0.3,32,0.0
experiments\sd_lora_ici_outputs\DF\DF_near_BCC_0024.png,DF,BCC,a dermoscopic image of dermatofibroma,a dermoscopic image of dermatofibroma,dataset\ISIC2018_Task3_Training_Input\ISIC_0034169.jpg,dataset\ISIC2018_Task3_Training_Input\ISIC_0028790.jpg,ISIC_0034169,ISIC_0028790,-0.0994534492492675,-0.0846222639083862,0.448726359077676,1.5939058065414429,42,100,5.0,0.3,32,0.0
experiments\sd_lora_ici_outputs\DF\DF_near_BCC_0025.png,DF,BCC,a dermoscopic image of dermatofibroma,a dermoscopic image of dermatofibroma,dataset\ISIC2018_Task3_Training_Input\ISIC_0028880.jpg,dataset\ISIC2018_Task3_Training_Input\ISIC_0026473.jpg,ISIC_0028880,ISIC_0026473,0.0965129137039184,0.0859877467155456,1.622274070075629,1.5501981973648071,42,100,5.0,0.3,32,0.0
experiments\sd_lora_ici_outputs\DF\DF_near_BCC_0026.png,DF,BCC,a dermoscopic image of dermatofibroma,a dermoscopic image of dermatofibroma,dataset\ISIC2018_Task3_Training_Input\ISIC_0025154.jpg,dataset\ISIC2018_Task3_Training_Input\ISIC_0034169.jpg,ISIC_0025154,ISIC_0034169,-0.1081337928771972,-0.0994534492492675,1.788890164283279,1.603517770767212,42,100,5.0,0.3,32,0.0
experiments\sd_lora_ici_outputs\DF\DF_near_BCC_0027.png,DF,BCC,a dermoscopic image of dermatofibroma,a dermoscopic image of dermatofibroma,dataset\ISIC2018_Task3_Training_Input\ISIC_0028880.jpg,dataset\ISIC2018_Task3_Training_Input\ISIC_0027598.jpg,ISIC_0028880,ISIC_0027598,0.0965129137039184,0.0586773157119751,3.3291493797565117,1.5772528648376465,42,100,5.0,0.3,32,0.0
experiments\sd_lora_ici_outputs\DF\DF_near_BCC_0028.png,DF,BCC,a dermoscopic image of dermatofibroma,a dermoscopic image of dermatofibroma,dataset\ISIC2018_Task3_Training_Input\ISIC_0029891.jpg,dataset\ISIC2018_Task3_Training_Input\ISIC_0029039.jpg,ISIC_0029891,ISIC_0029039,-0.0207079648971557,0.0060074925422668,2.7600690031615236,1.5705349445343018,42,100,5.0,0.3,32,0.0
experiments\sd_lora_ici_outputs\DF\DF_near_BCC_0029.png,DF,BCC,a dermoscopic image of dermatofibroma,a dermoscopic image of dermatofibroma,dataset\ISIC2018_Task3_Training_Input\ISIC_0029039.jpg,dataset\ISIC2018_Task3_Training_Input\ISIC_0027008.jpg,ISIC_0029039,ISIC_0027008,0.0060074925422668,0.026236355304718,1.898507339016863,1.582770824432373,42,100,5.0,0.3,32,0.0
experiments\sd_lora_ici_outputs\DF\DF_near_BCC_0030.png,DF,BCC,a dermoscopic image of dermatofibroma,a dermoscopic image of dermatofibroma,dataset\ISIC2018_Task3_Training_Input\ISIC_0030244.jpg,dataset\ISIC2018_Task3_Training_Input\ISIC_0028790.jpg,ISIC_0030244,ISIC_0028790,-0.0008781552314758,-0.0846222639083862,1.7249234616172995,1.536224365234375,42,100,5.0,0.3,32,0.0
experiments\sd_lora_ici_outputs\DF\DF_near_BCC_0031.png,DF,BCC,a dermoscopic image of dermatofibroma,a dermoscopic image of dermatofibroma,dataset\ISIC2018_Task3_Training_Input\ISIC_0030244.jpg,dataset\ISIC2018_Task3_Training_Input\ISIC_0030321.jpg,ISIC_0030244,ISIC_0030321,-0.0008781552314758,-0.0187295675277709,3.5310596869228594,1.5767732858657837,42,100,5.0,0.3,32,0.0
experiments\sd_lora_ici_outputs\DF\DF_near_BCC_0032.png,DF,BCC,a dermoscopic image of dermatofibroma,a dermoscopic image of dermatofibroma,dataset\ISIC2018_Task3_Training_Input\ISIC_0028880.jpg,dataset\ISIC2018_Task3_Training_Input\ISIC_0030244.jpg,ISIC_0028880,ISIC_0030244,0.0965129137039184,-0.0008781552314758,0.664867120982606,1.5761069059371948,42,100,5.0,0.3,32,0.0
experiments\sd_lora_ici_outputs\DF\DF_near_BCC_0033.png,DF,BCC,a dermoscopic image of dermatofibroma,a dermoscopic image of dermatofibroma,dataset\ISIC2018_Task3_Training_Input\ISIC_0030427.jpg,dataset\ISIC2018_Task3_Training_Input\ISIC_0029962.jpg,ISIC_0030427,ISIC_0029962,0.1028537154197692,0.0598250031471252,0.5371818244376624,1.5499310493469238,42,100,5.0,0.3,32,0.0
experiments\sd_lora_ici_outputs\DF\DF_near_BCC_0034.png,DF,BCC,a dermoscopic image of dermatofibroma,a dermoscopic image of dermatofibroma,dataset\ISIC2018_Task3_Training_Input\ISIC_0029962.jpg,dataset\ISIC2018_Task3_Training_Input\ISIC_0034169.jpg,ISIC_0029962,ISIC_0034169,0.0598250031471252,-0.0994534492492675,2.948679148497783,1.5478712320327759,42,100,5.0,0.3,32,0.0
experiments\sd_lora_ici_outputs\DF\DF_near_BCC_0035.png,DF,BCC,a dermoscopic image of dermatofibroma,a dermoscopic image of dermatofibroma,dataset\ISIC2018_Task3_Training_Input\ISIC_0025223.jpg,dataset\ISIC2018_Task3_Training_Input\ISIC_0025154.jpg,ISIC_0025223,ISIC_0025154,0.1352285146713256,-0.1081337928771972,3.9720589038286644,1.5526912212371826,42,100,5.0,0.3,32,0.0
experiments\sd_lora_ici_outputs\DF\DF_near_BCC_0036.png,DF,BCC,a dermoscopic image of dermatofibroma,a dermoscopic image of dermatofibroma,dataset\ISIC2018_Task3_Training_Input\ISIC_0028790.jpg,dataset\ISIC2018_Task3_Training_Input\ISIC_0025223.jpg,ISIC_0028790,ISIC_0025223,-0.0846222639083862,0.1352285146713256,3.4789083285791538,1.5249630212783813,42,100,5.0,0.3,32,0.0
experiments\sd_lora_ici_outputs\DF\DF_near_BCC_0037.png,DF,BCC,a dermoscopic image of dermatofibroma,a dermoscopic image of dermatofibroma,dataset\ISIC2018_Task3_Training_Input\ISIC_0030427.jpg,dataset\ISIC2018_Task3_Training_Input\ISIC_0029962.jpg,ISIC_0030427,ISIC_0029962,0.1028537154197692,0.0598250031471252,0.4204371945525339,1.5499310493469238,42,100,5.0,0.3,32,0.0
experiments\sd_lora_ici_outputs\DF\DF_near_BCC_0038.png,DF,BCC,a dermoscopic image of dermatofibroma,a dermoscopic image of dermatofibroma,dataset\ISIC2018_Task3_Training_Input\ISIC_0025154.jpg,dataset\ISIC2018_Task3_Training_Input\ISIC_0026473.jpg,ISIC_0025154,ISIC_0026473,-0.1081337928771972,0.0859877467155456,3.638328196126803,1.5736366510391235,42,100,5.0,0.3,32,0.0
experiments\sd_lora_ici_outputs\DF\DF_near_BCC_0039.png,DF,BCC,a dermoscopic image of dermatofibroma,a dermoscopic image of dermatofibroma,dataset\ISIC2018_Task3_Training_Input\ISIC_0034169.jpg,dataset\ISIC2018_Task3_Training_Input\ISIC_0030321.jpg,ISIC_0034169,ISIC_0030321,-0.0994534492492675,-0.0187295675277709,1.9283652832919864,1.572697639465332,42,100,5.0,0.3,32,0.0
experiments\sd_lora_ici_outputs\DF\DF_near_BCC_0040.png,DF,BCC,a dermoscopic image of dermatofibroma,a dermoscopic image of dermatofibroma,dataset\ISIC2018_Task3_Training_Input\ISIC_0027008.jpg,dataset\ISIC2018_Task3_Training_Input\ISIC_0026473.jpg,ISIC_0027008,ISIC_0026473,0.026236355304718,0.0859877467155456,2.271186403194232,1.5739690065383911,42,100,5.0,0.3,32,0.0
experiments\sd_lora_ici_outputs\DF\DF_near_BCC_0041.png,DF,BCC,a dermoscopic image of dermatofibroma,a dermoscopic image of dermatofibroma,dataset\ISIC2018_Task3_Training_Input\ISIC_0029039.jpg,dataset\ISIC2018_Task3_Training_Input\ISIC_0027008.jpg,ISIC_0029039,ISIC_0027008,0.0060074925422668,0.026236355304718,1.7393914874052754,1.582770824432373,42,100,5.0,0.3,32,0.0
experiments\sd_lora_ici_outputs\DF\DF_near_BCC_0042.png,DF,BCC,a dermoscopic image of dermatofibroma,a dermoscopic image of dermatofibroma,dataset\ISIC2018_Task3_Training_Input\ISIC_0029962.jpg,dataset\ISIC2018_Task3_Training_Input\ISIC_0027008.jpg,ISIC_0029962,ISIC_0027008,0.0598250031471252,0.026236355304718,2.515361662850521,1.5270395278930664,42,100,5.0,0.3,32,0.0
experiments\sd_lora_ici_outputs\DF\DF_near_BCC_0043.png,DF,BCC,a dermoscopic image of dermatofibroma,a dermoscopic image of dermatofibroma,dataset\ISIC2018_Task3_Training_Input\ISIC_0029039.jpg,dataset\ISIC2018_Task3_Training_Input\ISIC_0030321.jpg,ISIC_0029039,ISIC_0030321,0.0060074925422668,-0.0187295675277709,3.1146110650080865,1.5718282461166382,42,100,5.0,0.3,32,0.0
experiments\sd_lora_ici_outputs\DF\DF_near_BCC_0044.png,DF,BCC,a dermoscopic image of dermatofibroma,a dermoscopic image of dermatofibroma,dataset\ISIC2018_Task3_Training_Input\ISIC_0029891.jpg,dataset\ISIC2018_Task3_Training_Input\ISIC_0030427.jpg,ISIC_0029891,ISIC_0030427,-0.0207079648971557,0.1028537154197692,2.4472198826352978,1.5696498155593872,42,100,5.0,0.3,32,0.0
experiments\sd_lora_ici_outputs\DF\DF_near_BCC_0045.png,DF,BCC,a dermoscopic image of dermatofibroma,a dermoscopic image of dermatofibroma,dataset\ISIC2018_Task3_Training_Input\ISIC_0027598.jpg,dataset\ISIC2018_Task3_Training_Input\ISIC_0034169.jpg,ISIC_0027598,ISIC_0034169,0.0586773157119751,-0.0994534492492675,3.4563462592989826,1.5680499076843262,42,100,5.0,0.3,32,0.0
experiments\sd_lora_ici_outputs\DF\DF_near_BCC_0046.png,DF,BCC,a dermoscopic image of dermatofibroma,a dermoscopic image of dermatofibroma,dataset\ISIC2018_Task3_Training_Input\ISIC_0030244.jpg,dataset\ISIC2018_Task3_Training_Input\ISIC_0029039.jpg,ISIC_0030244,ISIC_0029039,-0.0008781552314758,0.0060074925422668,3.4419730028793833,1.6063143014907837,42,100,5.0,0.3,32,0.0
experiments\sd_lora_ici_outputs\DF\DF_near_BCC_0047.png,DF,BCC,a dermoscopic image of dermatofibroma,a dermoscopic image of dermatofibroma,dataset\ISIC2018_Task3_Training_Input\ISIC_0034169.jpg,dataset\ISIC2018_Task3_Training_Input\ISIC_0030321.jpg,ISIC_0034169,ISIC_0030321,-0.0994534492492675,-0.0187295675277709,2.9055975650705657,1.572697639465332,42,100,5.0,0.3,32,0.0
experiments\sd_lora_ici_outputs\DF\DF_near_BCC_0048.png,DF,BCC,a dermoscopic image of dermatofibroma,a dermoscopic image of dermatofibroma,dataset\ISIC2018_Task3_Training_Input\ISIC_0026473.jpg,dataset\ISIC2018_Task3_Training_Input\ISIC_0025223.jpg,ISIC_0026473,ISIC_0025223,0.0859877467155456,0.1352285146713256,3.593185207120726,1.5593715906143188,42,100,5.0,0.3,32,0.0
experiments\sd_lora_ici_outputs\DF\DF_near_BCC_0049.png,DF,BCC,a dermoscopic image of dermatofibroma,a dermoscopic image of dermatofibroma,dataset\ISIC2018_Task3_Training_Input\ISIC_0029962.jpg,dataset\ISIC2018_Task3_Training_Input\ISIC_0027008.jpg,ISIC_0029962,ISIC_0027008,0.0598250031471252,0.026236355304718,1.9876885592221656,1.5270395278930664,42,100,5.0,0.3,32,0.0
experiments\sd_lora_ici_outputs\DF\DF_near_BKL_0000.png,DF,BKL,a dermoscopic image of dermatofibroma,a dermoscopic image of dermatofibroma,dataset\ISIC2018_Task3_Training_Input\ISIC_0031123.jpg,dataset\ISIC2018_Task3_Training_Input\ISIC_0026471.jpg,ISIC_0031123,ISIC_0026471,0.1132438778877258,0.1399323940277099,1.9786073653808962,1.550062894821167,42,100,5.0,0.3,32,0.0
experiments\sd_lora_ici_outputs\DF\DF_near_BKL_0001.png,DF,BKL,a dermoscopic image of dermatofibroma,a dermoscopic image of dermatofibroma,dataset\ISIC2018_Task3_Training_Input\ISIC_0033790.jpg,dataset\ISIC2018_Task3_Training_Input\ISIC_0027188.jpg,ISIC_0033790,ISIC_0027188,0.0580210089683532,-0.0381405353546142,3.529410157043976,1.580127239227295,42,100,5.0,0.3,32,0.0
experiments\sd_lora_ici_outputs\DF\DF_near_BKL_0002.png,DF,BKL,a dermoscopic image of dermatofibroma,a dermoscopic image of dermatofibroma,dataset\ISIC2018_Task3_Training_Input\ISIC_0028735.jpg,dataset\ISIC2018_Task3_Training_Input\ISIC_0030665.jpg,ISIC_0028735,ISIC_0030665,0.0339128971099853,0.0802762508392334,1.7831191585852786,1.5528539419174194,42,100,5.0,0.3,32,0.0
experiments\sd_lora_ici_outputs\DF\DF_near_BKL_0003.png,DF,BKL,a dermoscopic image of dermatofibroma,a dermoscopic image of dermatofibroma,dataset\ISIC2018_Task3_Training_Input\ISIC_0024386.jpg,dataset\ISIC2018_Task3_Training_Input\ISIC_0027107.jpg,ISIC_0024386,ISIC_0027107,0.1332460641860962,-0.0351094007492065,0.25538773904050505,1.5582271814346313,42,100,5.0,0.3,32,0.0
experiments\sd_lora_ici_outputs\DF\DF_near_BKL_0004.png,DF,BKL,a dermoscopic image of dermatofibroma,a dermoscopic image of dermatofibroma,dataset\ISIC2018_Task3_Training_Input\ISIC_0028346.jpg,dataset\ISIC2018_Task3_Training_Input\ISIC_0031457.jpg,ISIC_0028346,ISIC_0031457,-0.0799841284751892,0.0334363579750061,2.688028429721225,1.5309809446334839,42,100,5.0,0.3,32,0.0
experiments\sd_lora_ici_outputs\DF\DF_near_BKL_0005.png,DF,BKL,a dermoscopic image of dermatofibroma,a dermoscopic image of dermatofibroma,dataset\ISIC2018_Task3_Training_Input\ISIC_0033790.jpg,dataset\ISIC2018_Task3_Training_Input\ISIC_0031457.jpg,ISIC_0033790,ISIC_0031457,0.0580210089683532,0.0334363579750061,0.04959809746442728,1.5658162832260132,42,100,5.0,0.3,32,0.0
experiments\sd_lora_ici_outputs\DF\DF_near_BKL_0006.png,DF,BKL,a dermoscopic image of dermatofibroma,a dermoscopic image of dermatofibroma,dataset\ISIC2018_Task3_Training_Input\ISIC_0027044.jpg,dataset\ISIC2018_Task3_Training_Input\ISIC_0033695.jpg,ISIC_0027044,ISIC_0033695,0.005461037158966,0.1825577616691589,3.493388516279629,1.5617766380310059,42,100,5.0,0.3,32,0.0
experiments\sd_lora_ici_outputs\DF\DF_near_BKL_0007.png,DF,BKL,a dermoscopic image of dermatofibroma,a dermoscopic image of dermatofibroma,dataset\ISIC2018_Task3_Training_Input\ISIC_0033860.jpg,dataset\ISIC2018_Task3_Training_Input\ISIC_0033422.jpg,ISIC_0033860,ISIC_0033422,0.0466830134391784,0.0513383150100708,2.104577437058645,1.5668362379074097,42,100,5.0,0.3,32,0.0
experiments\sd_lora_ici_outputs\DF\DF_near_BKL_0008.png,DF,BKL,a dermoscopic image of dermatofibroma,a dermoscopic image of dermatofibroma,dataset\ISIC2018_Task3_Training_Input\ISIC_0025668.jpg,dataset\ISIC2018_Task3_Training_Input\ISIC_0030870.jpg,ISIC_0025668,ISIC_0030870,0.0637711882591247,0.0034161210060119,2.947434580597169,1.5852179527282715,42,100,5.0,0.3,32,0.0
experiments\sd_lora_ici_outputs\DF\DF_near_BKL_0009.png,DF,BKL,a dermoscopic image of dermatofibroma,a dermoscopic image of dermatofibroma,dataset\ISIC2018_Task3_Training_Input\ISIC_0028346.jpg,dataset\ISIC2018_Task3_Training_Input\ISIC_0024318.jpg,ISIC_0028346,ISIC_0024318,-0.0799841284751892,0.1055483818054199,2.908500952048279,1.5635557174682617,42,100,5.0,0.3,32,0.0
experiments\sd_lora_ici_outputs\DF\DF_near_BKL_0010.png,DF,BKL,a dermoscopic image of dermatofibroma,a dermoscopic image of dermatofibroma,dataset\ISIC2018_Task3_Training_Input\ISIC_0025594.jpg,dataset\ISIC2018_Task3_Training_Input\ISIC_0030021.jpg,ISIC_0025594,ISIC_0030021,0.1695276498794555,0.0832345485687255,0.9010266309613058,1.5619280338287354,42,100,5.0,0.3,32,0.0
experiments\sd_lora_ici_outputs\DF\DF_near_BKL_0011.png,DF,BKL,a dermoscopic image of dermatofibroma,a dermoscopic image of dermatofibroma,dataset\ISIC2018_Task3_Training_Input\ISIC_0030555.jpg,dataset\ISIC2018_Task3_Training_Input\ISIC_0027044.jpg,ISIC_0030555,ISIC_0027044,0.0253644585609436,0.005461037158966,3.8184119832274206,1.5727025270462036,42,100,5.0,0.3,32,0.0
experiments\sd_lora_ici_outputs\DF\DF_near_BKL_0012.png,DF,BKL,a dermoscopic image of dermatofibroma,a dermoscopic image of dermatofibroma,dataset\ISIC2018_Task3_Training_Input\ISIC_0031799.jpg,dataset\ISIC2018_Task3_Training_Input\ISIC_0024845.jpg,ISIC_0031799,ISIC_0024845,0.0797612071037292,0.1197799444198608,3.485839929674774,1.5738309621810913,42,100,5.0,0.3,32,0.0
experiments\sd_lora_ici_outputs\DF\DF_near_BKL_0013.png,DF,BKL,a dermoscopic image of dermatofibroma,a dermoscopic image of dermatofibroma,dataset\ISIC2018_Task3_Training_Input\ISIC_0025911.jpg,dataset\ISIC2018_Task3_Training_Input\ISIC_0028735.jpg,ISIC_0025911,ISIC_0028735,0.1619453430175781,0.0339128971099853,2.1169048334484573,1.5407397747039795,42,100,5.0,0.3,32,0.0
experiments\sd_lora_ici_outputs\DF\DF_near_BKL_0014.png,DF,BKL,a dermoscopic image of dermatofibroma,a dermoscopic image of dermatofibroma,dataset\ISIC2018_Task3_Training_Input\ISIC_0033810.jpg,dataset\ISIC2018_Task3_Training_Input\ISIC_0027488.jpg,ISIC_0033810,ISIC_0027488,0.1113075613975524,0.1223105192184448,2.7536605132438754,1.5704004764556885,42,100,5.0,0.3,32,0.0
experiments\sd_lora_ici_outputs\DF\DF_near_BKL_0015.png,DF,BKL,a dermoscopic image of dermatofibroma,a dermoscopic image of dermatofibroma,dataset\ISIC2018_Task3_Training_Input\ISIC_0026471.jpg,dataset\ISIC2018_Task3_Training_Input\ISIC_0025314.jpg,ISIC_0026471,ISIC_0025314,0.1399323940277099,0.0680766105651855,2.533507320143661,1.5332540273666382,42,100,5.0,0.3,32,0.0
experiments\sd_lora_ici_outputs\DF\DF_near_BKL_0016.png,DF,BKL,a dermoscopic image of dermatofibroma,a dermoscopic image of dermatofibroma,dataset\ISIC2018_Task3_Training_Input\ISIC_0030015.jpg,dataset\ISIC2018_Task3_Training_Input\ISIC_0030665.jpg,ISIC_0030015,ISIC_0030665,-0.0027709007263183,0.0802762508392334,1.7179801228156437,1.5830588340759277,42,100,5.0,0.3,32,0.0
experiments\sd_lora_ici_outputs\DF\DF_near_BKL_0017.png,DF,BKL,a dermoscopic image of dermatofibroma,a dermoscopic image of dermatofibroma,dataset\ISIC2018_Task3_Training_Input\ISIC_0025594.jpg,dataset\ISIC2018_Task3_Training_Input\ISIC_0027188.jpg,ISIC_0025594,ISIC_0027188,0.1695276498794555,-0.0381405353546142,2.9751395745822062,1.5346133708953857,42,100,5.0,0.3,32,0.0
experiments\sd_lora_ici_outputs\DF\DF_near_BKL_0018.png,DF,BKL,a dermoscopic image of dermatofibroma,a dermoscopic image of dermatofibroma,dataset\ISIC2018_Task3_Training_Input\ISIC_0030021.jpg,dataset\ISIC2018_Task3_Training_Input\ISIC_0031344.jpg,ISIC_0030021,ISIC_0031344,0.0832345485687255,-0.0623870491981506,1.959440916901834,1.5453660488128662,42,100,5.0,0.3,32,0.0
experiments\sd_lora_ici_outputs\DF\DF_near_BKL_0019.png,DF,BKL,a dermoscopic image of dermatofibroma,a dermoscopic image of dermatofibroma,dataset\ISIC2018_Task3_Training_Input\ISIC_0029973.jpg,dataset\ISIC2018_Task3_Training_Input\ISIC_0030015.jpg,ISIC_0029973,ISIC_0030015,0.085357129573822,-0.0027709007263183,2.6871064301404455,1.5519359111785889,42,100,5.0,0.3,32,0.0
experiments\sd_lora_ici_outputs\DF\DF_near_BKL_0020.png,DF,BKL,a dermoscopic image of dermatofibroma,a dermoscopic image of dermatofibroma,dataset\ISIC2018_Task3_Training_Input\ISIC_0025668.jpg,dataset\ISIC2018_Task3_Training_Input\ISIC_0033780.jpg,ISIC_0025668,ISIC_0033780,0.0637711882591247,0.126560091972351,2.5558536721681384,1.5767972469329834,42,100,5.0,0.3,32,0.0
experiments\sd_lora_ici_outputs\DF\DF_near_BKL_0021.png,DF,BKL,a dermoscopic image of dermatofibroma,a dermoscopic image of dermatofibroma,dataset\ISIC2018_Task3_Training_Input\ISIC_0030021.jpg,dataset\ISIC2018_Task3_Training_Input\ISIC_0033780.jpg,ISIC_0030021,ISIC_0033780,0.0832345485687255,0.126560091972351,0.5825734938663711,1.603271484375,42,100,5.0,0.3,32,0.0
experiments\sd_lora_ici_outputs\DF\DF_near_BKL_0022.png,DF,BKL,a dermoscopic image of dermatofibroma,a dermoscopic image of dermatofibroma,dataset\ISIC2018_Task3_Training_Input\ISIC_0030665.jpg,dataset\ISIC2018_Task3_Training_Input\ISIC_0025911.jpg,ISIC_0030665,ISIC_0025911,0.0802762508392334,0.1619453430175781,3.4425481687017396,1.5083774328231812,42,100,5.0,0.3,32,0.0
experiments\sd_lora_ici_outputs\DF\DF_near_BKL_0023.png,DF,BKL,a dermoscopic image of dermatofibroma,a dermoscopic image of dermatofibroma,dataset\ISIC2018_Task3_Training_Input\ISIC_0027727.jpg,dataset\ISIC2018_Task3_Training_Input\ISIC_0033891.jpg,ISIC_0027727,ISIC_0033891,0.1361753940582275,0.0810862779617309,3.591063037192665,1.5608164072036743,42,100,5.0,0.3,32,0.0
experiments\sd_lora_ici_outputs\DF\DF_near_BKL_0024.png,DF,BKL,a dermoscopic image of dermatofibroma,a dermoscopic image of dermatofibroma,dataset\ISIC2018_Task3_Training_Input\ISIC_0033422.jpg,dataset\ISIC2018_Task3_Training_Input\ISIC_0030870.jpg,ISIC_0033422,ISIC_0030870,0.0513383150100708,0.0034161210060119,2.4389429947048242,1.5789841413497925,42,100,5.0,0.3,32,0.0
experiments\sd_lora_ici_outputs\DF\DF_near_BKL_0025.png,DF,BKL,a dermoscopic image of dermatofibroma,a dermoscopic image of dermatofibroma,dataset\ISIC2018_Task3_Training_Input\ISIC_0030665.jpg,dataset\ISIC2018_Task3_Training_Input\ISIC_0031344.jpg,ISIC_0030665,ISIC_0031344,0.0802762508392334,-0.0623870491981506,0.046445838772792625,1.5753157138824463,42,100,5.0,0.3,32,0.0
experiments\sd_lora_ici_outputs\DF\DF_near_BKL_0026.png,DF,BKL,a dermoscopic image of dermatofibroma,a dermoscopic image of dermatofibroma,dataset\ISIC2018_Task3_Training_Input\ISIC_0025668.jpg,dataset\ISIC2018_Task3_Training_Input\ISIC_0032410.jpg,ISIC_0025668,ISIC_0032410,0.0637711882591247,0.0159262418746948,3.6374254232254786,1.6140066385269165,42,100,5.0,0.3,32,0.0
experiments\sd_lora_ici_outputs\DF\DF_near_BKL_0027.png,DF,BKL,a dermoscopic image of dermatofibroma,a dermoscopic image of dermatofibroma,dataset\ISIC2018_Task3_Training_Input\ISIC_0033554.jpg,dataset\ISIC2018_Task3_Training_Input\ISIC_0029973.jpg,ISIC_0033554,ISIC_0029973,0.1351438760757446,0.085357129573822,2.028287922823797,1.5661360025405884,42,100,5.0,0.3,32,0.0
experiments\sd_lora_ici_outputs\DF\DF_near_BKL_0028.png,DF,BKL,a dermoscopic image of dermatofibroma,a dermoscopic image of dermatofibroma,dataset\ISIC2018_Task3_Training_Input\ISIC_0033005.jpg,dataset\ISIC2018_Task3_Training_Input\ISIC_0029130.jpg,ISIC_0033005,ISIC_0029130,0.1558247804641723,0.0693258047103881,1.8855494318578847,1.563803791999817,42,100,5.0,0.3,32,0.0
experiments\sd_lora_ici_outputs\DF\DF_near_BKL_0029.png,DF,BKL,a dermoscopic image of dermatofibroma,a dermoscopic image of dermatofibroma,dataset\ISIC2018_Task3_Training_Input\ISIC_0031429.jpg,dataset\ISIC2018_Task3_Training_Input\ISIC_0030021.jpg,ISIC_0031429,ISIC_0030021,-0.0024545192718505,0.0832345485687255,1.9824162209212846,1.5715280771255493,42,100,5.0,0.3,32,0.0
experiments\sd_lora_ici_outputs\DF\DF_near_BKL_0030.png,DF,BKL,a dermoscopic image of dermatofibroma,a dermoscopic image of dermatofibroma,dataset\ISIC2018_Task3_Training_Input\ISIC_0024994.jpg,dataset\ISIC2018_Task3_Training_Input\ISIC_0029297.jpg,ISIC_0024994,ISIC_0029297,0.0008590221405029,0.0413838624954223,0.6611541097323728,1.571892499923706,42,100,5.0,0.3,32,0.0
experiments\sd_lora_ici_outputs\DF\DF_near_BKL_0031.png,DF,BKL,a dermoscopic image of dermatofibroma,a dermoscopic image of dermatofibroma,dataset\ISIC2018_Task3_Training_Input\ISIC_0030021.jpg,dataset\ISIC2018_Task3_Training_Input\ISIC_0031257.jpg,ISIC_0030021,ISIC_0031257,0.0832345485687255,0.127112865447998,2.975964554836808,1.5865020751953125,42,100,5.0,0.3,32,0.0
experiments\sd_lora_ici_outputs\DF\DF_near_BKL_0032.png,DF,BKL,a dermoscopic image of dermatofibroma,a dermoscopic image of dermatofibroma,dataset\ISIC2018_Task3_Training_Input\ISIC_0030665.jpg,dataset\ISIC2018_Task3_Training_Input\ISIC_0031123.jpg,ISIC_0030665,ISIC_0031123,0.0802762508392334,0.1132438778877258,1.3019298065059197,1.5473965406417847,42,100,5.0,0.3,32,0.0
experiments\sd_lora_ici_outputs\DF\DF_near_BKL_0033.png,DF,BKL,a dermoscopic image of dermatofibroma,a dermoscopic image of dermatofibroma,dataset\ISIC2018_Task3_Training_Input\ISIC_0031429.jpg,dataset\ISIC2018_Task3_Training_Input\ISIC_0030665.jpg,ISIC_0031429,ISIC_0030665,-0.0024545192718505,0.0802762508392334,1.324251670014929,1.569998860359192,42,100,5.0,0.3,32,0.0
experiments\sd_lora_ici_outputs\DF\DF_near_BKL_0034.png,DF,BKL,a dermoscopic image of dermatofibroma,a dermoscopic image of dermatofibroma,dataset\ISIC2018_Task3_Training_Input\ISIC_0033790.jpg,dataset\ISIC2018_Task3_Training_Input\ISIC_0025594.jpg,ISIC_0033790,ISIC_0025594,0.0580210089683532,0.1695276498794555,1.1007707730915373,1.5877172946929932,42,100,5.0,0.3,32,0.0
experiments\sd_lora_ici_outputs\DF\DF_near_BKL_0035.png,DF,BKL,a dermoscopic image of dermatofibroma,a dermoscopic image of dermatofibroma,dataset\ISIC2018_Task3_Training_Input\ISIC_0030442.jpg,dataset\ISIC2018_Task3_Training_Input\ISIC_0028735.jpg,ISIC_0030442,ISIC_0028735,0.0642635226249694,0.0339128971099853,1.9832557994875974,1.606011152267456,42,100,5.0,0.3,32,0.0
experiments\sd_lora_ici_outputs\DF\DF_near_BKL_0036.png,DF,BKL,a dermoscopic image of dermatofibroma,a dermoscopic image of dermatofibroma,dataset\ISIC2018_Task3_Training_Input\ISIC_0030442.jpg,dataset\ISIC2018_Task3_Training_Input\ISIC_0032410.jpg,ISIC_0030442,ISIC_0032410,0.0642635226249694,0.0159262418746948,2.1965149324115902,1.5747061967849731,42,100,5.0,0.3,32,0.0
experiments\sd_lora_ici_outputs\DF\DF_near_BKL_0037.png,DF,BKL,a dermoscopic image of dermatofibroma,a dermoscopic image of dermatofibroma,dataset\ISIC2018_Task3_Training_Input\ISIC_0030015.jpg,dataset\ISIC2018_Task3_Training_Input\ISIC_0033810.jpg,ISIC_0030015,ISIC_0033810,-0.0027709007263183,0.1113075613975524,1.5056809896166372,1.5800492763519287,42,100,5.0,0.3,32,0.0
experiments\sd_lora_ici_outputs\DF\DF_near_BKL_0038.png,DF,BKL,a dermoscopic image of dermatofibroma,a dermoscopic image of dermatofibroma,dataset\ISIC2018_Task3_Training_Input\ISIC_0027727.jpg,dataset\ISIC2018_Task3_Training_Input\ISIC_0030870.jpg,ISIC_0027727,ISIC_0030870,0.1361753940582275,0.0034161210060119,3.28114122961354,1.5647029876708984,42,100,5.0,0.3,32,0.0
experiments\sd_lora_ici_outputs\DF\DF_near_BKL_0039.png,DF,BKL,a dermoscopic image of dermatofibroma,a dermoscopic image of dermatofibroma,dataset\ISIC2018_Task3_Training_Input\ISIC_0031123.jpg,dataset\ISIC2018_Task3_Training_Input\ISIC_0033810.jpg,ISIC_0031123,ISIC_0033810,0.1132438778877258,0.1113075613975524,0.31871759056764093,1.554063081741333,42,100,5.0,0.3,32,0.0
experiments\sd_lora_ici_outputs\DF\DF_near_BKL_0040.png,DF,BKL,a dermoscopic image of dermatofibroma,a dermoscopic image of dermatofibroma,dataset\ISIC2018_Task3_Training_Input\ISIC_0031372.jpg,dataset\ISIC2018_Task3_Training_Input\ISIC_0025314.jpg,ISIC_0031372,ISIC_0025314,0.0316766500473022,0.0680766105651855,1.7684336100841918,1.578188180923462,42,100,5.0,0.3,32,0.0
experiments\sd_lora_ici_outputs\DF\DF_near_BKL_0041.png,DF,BKL,a dermoscopic image of dermatofibroma,a dermoscopic image of dermatofibroma,dataset\ISIC2018_Task3_Training_Input\ISIC_0025314.jpg,dataset\ISIC2018_Task3_Training_Input\ISIC_0024330.jpg,ISIC_0025314,ISIC_0024330,0.0680766105651855,0.168964147567749,2.3185312432548817,1.552916169166565,42,100,5.0,0.3,32,0.0
experiments\sd_lora_ici_outputs\DF\DF_near_BKL_0042.png,DF,BKL,a dermoscopic image of dermatofibroma,a dermoscopic image of dermatofibroma,dataset\ISIC2018_Task3_Training_Input\ISIC_0024396.jpg,dataset\ISIC2018_Task3_Training_Input\ISIC_0026629.jpg,ISIC_0024396,ISIC_0026629,0.1374335885047912,0.0103886723518371,0.3496889783002508,1.5815342664718628,42,100,5.0,0.3,32,0.0
experiments\sd_lora_ici_outputs\DF\DF_near_BKL_0043.png,DF,BKL,a dermoscopic image of dermatofibroma,a dermoscopic image of dermatofibroma,dataset\ISIC2018_Task3_Training_Input\ISIC_0029297.jpg,dataset\ISIC2018_Task3_Training_Input\ISIC_0024994.jpg,ISIC_0029297,ISIC_0024994,0.0413838624954223,0.0008590221405029,1.9924341734971562,1.571892499923706,42,100,5.0,0.3,32,0.0
experiments\sd_lora_ici_outputs\DF\DF_near_BKL_0044.png,DF,BKL,a dermoscopic image of dermatofibroma,a dermoscopic image of dermatofibroma,dataset\ISIC2018_Task3_Training_Input\ISIC_0026629.jpg,dataset\ISIC2018_Task3_Training_Input\ISIC_0033860.jpg,ISIC_0026629,ISIC_0033860,0.0103886723518371,0.0466830134391784,1.273437932512395,1.5594581365585327,42,100,5.0,0.3,32,0.0
experiments\sd_lora_ici_outputs\DF\DF_near_BKL_0045.png,DF,BKL,a dermoscopic image of dermatofibroma,a dermoscopic image of dermatofibroma,dataset\ISIC2018_Task3_Training_Input\ISIC_0031372.jpg,dataset\ISIC2018_Task3_Training_Input\ISIC_0030555.jpg,ISIC_0031372,ISIC_0030555,0.0316766500473022,0.0253644585609436,3.9612033452009956,1.5555212497711182,42,100,5.0,0.3,32,0.0
experiments\sd_lora_ici_outputs\DF\DF_near_BKL_0046.png,DF,BKL,a dermoscopic image of dermatofibroma,a dermoscopic image of dermatofibroma,dataset\ISIC2018_Task3_Training_Input\ISIC_0024386.jpg,dataset\ISIC2018_Task3_Training_Input\ISIC_0026629.jpg,ISIC_0024386,ISIC_0026629,0.1332460641860962,0.0103886723518371,2.9159295570437576,1.605825662612915,42,100,5.0,0.3,32,0.0
experiments\sd_lora_ici_outputs\DF\DF_near_BKL_0047.png,DF,BKL,a dermoscopic image of dermatofibroma,a dermoscopic image of dermatofibroma,dataset\ISIC2018_Task3_Training_Input\ISIC_0033695.jpg,dataset\ISIC2018_Task3_Training_Input\ISIC_0024396.jpg,ISIC_0033695,ISIC_0024396,0.1825577616691589,0.1374335885047912,0.07196446949805674,1.5514146089553833,42,100,5.0,0.3,32,0.0
experiments\sd_lora_ici_outputs\DF\DF_near_BKL_0048.png,DF,BKL,a dermoscopic image of dermatofibroma,a dermoscopic image of dermatofibroma,dataset\ISIC2018_Task3_Training_Input\ISIC_0030015.jpg,dataset\ISIC2018_Task3_Training_Input\ISIC_0030555.jpg,ISIC_0030015,ISIC_0030555,-0.0027709007263183,0.0253644585609436,1.6522214553743695,1.534229040145874,42,100,5.0,0.3,32,0.0
experiments\sd_lora_ici_outputs\DF\DF_near_BKL_0049.png,DF,BKL,a dermoscopic image of dermatofibroma,a dermoscopic image of dermatofibroma,dataset\ISIC2018_Task3_Training_Input\ISIC_0027727.jpg,dataset\ISIC2018_Task3_Training_Input\ISIC_0024318.jpg,ISIC_0027727,ISIC_0024318,0.1361753940582275,0.1055483818054199,0.14598896065130545,1.542162299156189,42,100,5.0,0.3,32,0.0
experiments\sd_lora_ici_outputs\DF\DF_near_MEL_0000.png,DF,MEL,a dermoscopic image of dermatofibroma,a dermoscopic image of dermatofibroma,dataset\ISIC2018_Task3_Training_Input\ISIC_0025373.jpg,dataset\ISIC2018_Task3_Training_Input\ISIC_0033847.jpg,ISIC_0025373,ISIC_0033847,0.0890646576881408,0.1296955347061157,2.1781025206378377,1.5839885473251343,42,100,5.0,0.3,32,0.0
experiments\sd_lora_ici_outputs\DF\DF_near_MEL_0001.png,DF,MEL,a dermoscopic image of dermatofibroma,a dermoscopic image of dermatofibroma,dataset\ISIC2018_Task3_Training_Input\ISIC_0031002.jpg,dataset\ISIC2018_Task3_Training_Input\ISIC_0033847.jpg,ISIC_0031002,ISIC_0033847,0.0604894161224365,0.1296955347061157,3.4021870704112285,1.5252946615219116,42,100,5.0,0.3,32,0.0
experiments\sd_lora_ici_outputs\DF\DF_near_MEL_0002.png,DF,MEL,a dermoscopic image of dermatofibroma,a dermoscopic image of dermatofibroma,dataset\ISIC2018_Task3_Training_Input\ISIC_0033256.jpg,dataset\ISIC2018_Task3_Training_Input\ISIC_0025373.jpg,ISIC_0033256,ISIC_0025373,-0.030777633190155,0.0890646576881408,3.197569034983527,1.555844783782959,42,100,5.0,0.3,32,0.0
experiments\sd_lora_ici_outputs\DF\DF_near_MEL_0003.png,DF,MEL,a dermoscopic image of dermatofibroma,a dermoscopic image of dermatofibroma,dataset\ISIC2018_Task3_Training_Input\ISIC_0024973.jpg,dataset\ISIC2018_Task3_Training_Input\ISIC_0026417.jpg,ISIC_0024973,ISIC_0026417,-0.0618002414703369,0.1127685904502868,3.8773514867847507,1.5608034133911133,42,100,5.0,0.3,32,0.0
experiments\sd_lora_ici_outputs\DF\DF_near_MEL_0004.png,DF,MEL,a dermoscopic image of dermatofibroma,a dermoscopic image of dermatofibroma,dataset\ISIC2018_Task3_Training_Input\ISIC_0025373.jpg,dataset\ISIC2018_Task3_Training_Input\ISIC_0026313.jpg,ISIC_0025373,ISIC_0026313,0.0890646576881408,0.0569288730621337,2.5836976775339733,1.550402045249939,42,100,5.0,0.3,32,0.0
experiments\sd_lora_ici_outputs\DF\DF_near_MEL_0005.png,DF,MEL,a dermoscopic image of dermatofibroma,a dermoscopic image of dermatofibroma,dataset\ISIC2018_Task3_Training_Input\ISIC_0025622.jpg,dataset\ISIC2018_Task3_Training_Input\ISIC_0029578.jpg,ISIC_0025622,ISIC_0029578,0.0535723567008972,-0.0723708271980285,3.5515796376005615,1.5747166872024536,42,100,5.0,0.3,32,0.0
experiments\sd_lora_ici_outputs\DF\DF_near_MEL_0006.png,DF,MEL,a dermoscopic image of dermatofibroma,a dermoscopic image of dermatofibroma,dataset\ISIC2018_Task3_Training_Input\ISIC_0029248.jpg,dataset\ISIC2018_Task3_Training_Input\ISIC_0024973.jpg,ISIC_0029248,ISIC_0024973,0.0608704686164855,-0.0618002414703369,2.232852578167942,1.5823882818222046,42,100,5.0,0.3,32,0.0
experiments\sd_lora_ici_outputs\DF\DF_near_MEL_0007.png,DF,MEL,a dermoscopic image of dermatofibroma,a dermoscopic image of dermatofibroma,dataset\ISIC2018_Task3_Training_Input\ISIC_0026313.jpg,dataset\ISIC2018_Task3_Training_Input\ISIC_0025373.jpg,ISIC_0026313,ISIC_0025373,0.0569288730621337,0.0890646576881408,2.65282665141596,1.550402045249939,42,100,5.0,0.3,32,0.0
experiments\sd_lora_ici_outputs\DF\DF_near_MEL_0008.png,DF,MEL,a dermoscopic image of dermatofibroma,a dermoscopic image of dermatofibroma,dataset\ISIC2018_Task3_Training_Input\ISIC_0025373.jpg,dataset\ISIC2018_Task3_Training_Input\ISIC_0029578.jpg,ISIC_0025373,ISIC_0029578,0.0890646576881408,-0.0723708271980285,1.8486904600925833,1.5505239963531494,42,100,5.0,0.3,32,0.0
experiments\sd_lora_ici_outputs\DF\DF_near_MEL_0009.png,DF,MEL,a dermoscopic image of dermatofibroma,a dermoscopic image of dermatofibroma,dataset\ISIC2018_Task3_Training_Input\ISIC_0029578.jpg,dataset\ISIC2018_Task3_Training_Input\ISIC_0029248.jpg,ISIC_0029578,ISIC_0029248,-0.0723708271980285,0.0608704686164855,1.3770673641699078,1.5552253723144531,42,100,5.0,0.3,32,0.0
experiments\sd_lora_ici_outputs\DF\DF_near_MEL_0010.png,DF,MEL,a dermoscopic image of dermatofibroma,a dermoscopic image of dermatofibroma,dataset\ISIC2018_Task3_Training_Input\ISIC_0026313.jpg,dataset\ISIC2018_Task3_Training_Input\ISIC_0024973.jpg,ISIC_0026313,ISIC_0024973,0.0569288730621337,-0.0618002414703369,3.2214579439106292,1.609700322151184,42,100,5.0,0.3,32,0.0
experiments\sd_lora_ici_outputs\DF\DF_near_MEL_0011.png,DF,MEL,a dermoscopic image of dermatofibroma,a dermoscopic image of dermatofibroma,dataset\ISIC2018_Task3_Training_Input\ISIC_0024973.jpg,dataset\ISIC2018_Task3_Training_Input\ISIC_0029760.jpg,ISIC_0024973,ISIC_0029760,-0.0618002414703369,0.0758799314498901,3.3103872339060274,1.5499026775360107,42,100,5.0,0.3,32,0.0
experiments\sd_lora_ici_outputs\DF\DF_near_MEL_0012.png,DF,MEL,a dermoscopic image of dermatofibroma,a dermoscopic image of dermatofibroma,dataset\ISIC2018_Task3_Training_Input\ISIC_0025373.jpg,dataset\ISIC2018_Task3_Training_Input\ISIC_0029578.jpg,ISIC_0025373,ISIC_0029578,0.0890646576881408,-0.0723708271980285,3.421425881569299,1.5505239963531494,42,100,5.0,0.3,32,0.0
experiments\sd_lora_ici_outputs\DF\DF_near_MEL_0013.png,DF,MEL,a dermoscopic image of dermatofibroma,a dermoscopic image of dermatofibroma,dataset\ISIC2018_Task3_Training_Input\ISIC_0025373.jpg,dataset\ISIC2018_Task3_Training_Input\ISIC_0025980.jpg,ISIC_0025373,ISIC_0025980,0.0890646576881408,0.0400991439819335,1.3372149880165787,1.5598430633544922,42,100,5.0,0.3,32,0.0
experiments\sd_lora_ici_outputs\DF\DF_near_MEL_0014.png,DF,MEL,a dermoscopic image of dermatofibroma,a dermoscopic image of dermatofibroma,dataset\ISIC2018_Task3_Training_Input\ISIC_0031002.jpg,dataset\ISIC2018_Task3_Training_Input\ISIC_0026417.jpg,ISIC_0031002,ISIC_0026417,0.0604894161224365,0.1127685904502868,3.0809635694194695,1.5650361776351929,42,100,5.0,0.3,32,0.0
experiments\sd_lora_ici_outputs\DF\DF_near_MEL_0015.png,DF,MEL,a dermoscopic image of dermatofibroma,a dermoscopic image of dermatofibroma,dataset\ISIC2018_Task3_Training_Input\ISIC_0033847.jpg,dataset\ISIC2018_Task3_Training_Input\ISIC_0033256.jpg,ISIC_0033847,ISIC_0033256,0.1296955347061157,-0.030777633190155,2.3910753545534376,1.576530933380127,42,100,5.0,0.3,32,0.0
experiments\sd_lora_ici_outputs\DF\DF_near_MEL_0016.png,DF,MEL,a dermoscopic image of dermatofibroma,a dermoscopic image of dermatofibroma,dataset\ISIC2018_Task3_Training_Input\ISIC_0029578.jpg,dataset\ISIC2018_Task3_Training_Input\ISIC_0025373.jpg,ISIC_0029578,ISIC_0025373,-0.0723708271980285,0.0890646576881408,2.904112064393591,1.5505239963531494,42,100,5.0,0.3,32,0.0
experiments\sd_lora_ici_outputs\DF\DF_near_MEL_0017.png,DF,MEL,a dermoscopic image of dermatofibroma,a dermoscopic image of dermatofibroma,dataset\ISIC2018_Task3_Training_Input\ISIC_0032247.jpg,dataset\ISIC2018_Task3_Training_Input\ISIC_0031002.jpg,ISIC_0032247,ISIC_0031002,-0.0467099547386169,0.0604894161224365,1.4573178047680966,1.5663343667984009,42,100,5.0,0.3,32,0.0
experiments\sd_lora_ici_outputs\DF\DF_near_MEL_0018.png,DF,MEL,a dermoscopic image of dermatofibroma,a dermoscopic image of dermatofibroma,dataset\ISIC2018_Task3_Training_Input\ISIC_0024973.jpg,dataset\ISIC2018_Task3_Training_Input\ISIC_0025504.jpg,ISIC_0024973,ISIC_0025504,-0.0618002414703369,-0.027532160282135,1.812587817554868,1.5686662197113037,42,100,5.0,0.3,32,0.0
experiments\sd_lora_ici_outputs\DF\DF_near_MEL_0019.png,DF,MEL,a dermoscopic image of dermatofibroma,a dermoscopic image of dermatofibroma,dataset\ISIC2018_Task3_Training_Input\ISIC_0029578.jpg,dataset\ISIC2018_Task3_Training_Input\ISIC_0034135.jpg,ISIC_0029578,ISIC_0034135,-0.0723708271980285,0.0525554418563842,0.39419951794180336,1.553058385848999,42,100,5.0,0.3,32,0.0
experiments\sd_lora_ici_outputs\DF\DF_near_MEL_0020.png,DF,MEL,a dermoscopic image of dermatofibroma,a dermoscopic image of dermatofibroma,dataset\ISIC2018_Task3_Training_Input\ISIC_0025373.jpg,dataset\ISIC2018_Task3_Training_Input\ISIC_0033847.jpg,ISIC_0025373,ISIC_0033847,0.0890646576881408,0.1296955347061157,2.613690125762093,1.5839885473251343,42,100,5.0,0.3,32,0.0
experiments\sd_lora_ici_outputs\DF\DF_near_MEL_0021.png,DF,MEL,a dermoscopic image of dermatofibroma,a dermoscopic image of dermatofibroma,dataset\ISIC2018_Task3_Training_Input\ISIC_0033847.jpg,dataset\ISIC2018_Task3_Training_Input\ISIC_0025504.jpg,ISIC_0033847,ISIC_0025504,0.1296955347061157,-0.027532160282135,0.00868503411253399,1.589381217956543,42,100,5.0,0.3,32,0.0
experiments\sd_lora_ici_outputs\DF\DF_near_MEL_0022.png,DF,MEL,a dermoscopic image of dermatofibroma,a dermoscopic image of dermatofibroma,dataset\ISIC2018_Task3_Training_Input\ISIC_0029248.jpg,dataset\ISIC2018_Task3_Training_Input\ISIC_0033847.jpg,ISIC_0029248,ISIC_0033847,0.0608704686164855,0.1296955347061157,1.419130475699874,1.5723741054534912,42,100,5.0,0.3,32,0.0
experiments\sd_lora_ici_outputs\DF\DF_near_MEL_0023.png,DF,MEL,a dermoscopic image of dermatofibroma,a dermoscopic image of dermatofibroma,dataset\ISIC2018_Task3_Training_Input\ISIC_0026313.jpg,dataset\ISIC2018_Task3_Training_Input\ISIC_0029760.jpg,ISIC_0026313,ISIC_0029760,0.0569288730621337,0.0758799314498901,2.605659214220075,1.52798593044281,42,100,5.0,0.3,32,0.0
experiments\sd_lora_ici_outputs\DF\DF_near_MEL_0024.png,DF,MEL,a dermoscopic image of dermatofibroma,a dermoscopic image of dermatofibroma,dataset\ISIC2018_Task3_Training_Input\ISIC_0032941.jpg,dataset\ISIC2018_Task3_Training_Input\ISIC_0031002.jpg,ISIC_0032941,ISIC_0031002,0.0832736492156982,0.0604894161224365,3.235291090381059,1.5534923076629639,42,100,5.0,0.3,32,0.0
experiments\sd_lora_ici_outputs\DF\DF_near_MEL_0025.png,DF,MEL,a dermoscopic image of dermatofibroma,a dermoscopic image of dermatofibroma,dataset\ISIC2018_Task3_Training_Input\ISIC_0029578.jpg,dataset\ISIC2018_Task3_Training_Input\ISIC_0031002.jpg,ISIC_0029578,ISIC_0031002,-0.0723708271980285,0.0604894161224365,2.2051351105731922,1.5605580806732178,42,100,5.0,0.3,32,0.0
experiments\sd_lora_ici_outputs\DF\DF_near_MEL_0026.png,DF,MEL,a dermoscopic image of dermatofibroma,a dermoscopic image of dermatofibroma,dataset\ISIC2018_Task3_Training_Input\ISIC_0024973.jpg,dataset\ISIC2018_Task3_Training_Input\ISIC_0031002.jpg,ISIC_0024973,ISIC_0031002,-0.0618002414703369,0.0604894161224365,1.514524572727559,1.551128625869751,42,100,5.0,0.3,32,0.0
experiments\sd_lora_ici_outputs\DF\DF_near_MEL_0027.png,DF,MEL,a dermoscopic image of dermatofibroma,a dermoscopic image of dermatofibroma,dataset\ISIC2018_Task3_Training_Input\ISIC_0032247.jpg,dataset\ISIC2018_Task3_Training_Input\ISIC_0029760.jpg,ISIC_0032247,ISIC_0029760,-0.0467099547386169,0.0758799314498901,0.42963804317694915,1.5548955202102661,42,100,5.0,0.3,32,0.0
experiments\sd_lora_ici_outputs\DF\DF_near_MEL_0028.png,DF,MEL,a dermoscopic image of dermatofibroma,a dermoscopic image of dermatofibroma,dataset\ISIC2018_Task3_Training_Input\ISIC_0026313.jpg,dataset\ISIC2018_Task3_Training_Input\ISIC_0025622.jpg,ISIC_0026313,ISIC_0025622,0.0569288730621337,0.0535723567008972,3.645796371637421,1.5456829071044922,42,100,5.0,0.3,32,0.0
experiments\sd_lora_ici_outputs\DF\DF_near_MEL_0029.png,DF,MEL,a dermoscopic image of dermatofibroma,a dermoscopic image of dermatofibroma,dataset\ISIC2018_Task3_Training_Input\ISIC_0033256.jpg,dataset\ISIC2018_Task3_Training_Input\ISIC_0031002.jpg,ISIC_0033256,ISIC_0031002,-0.030777633190155,0.0604894161224365,1.9714222314687073,1.5694149732589722,42,100,5.0,0.3,32,0.0
experiments\sd_lora_ici_outputs\DF\DF_near_MEL_0030.png,DF,MEL,a dermoscopic image of dermatofibroma,a dermoscopic image of dermatofibroma,dataset\ISIC2018_Task3_Training_Input\ISIC_0024973.jpg,dataset\ISIC2018_Task3_Training_Input\ISIC_0033256.jpg,ISIC_0024973,ISIC_0033256,-0.0618002414703369,-0.030777633190155,3.2506727126667414,1.5885218381881714,42,100,5.0,0.3,32,0.0
experiments\sd_lora_ici_outputs\DF\DF_near_MEL_0031.png,DF,MEL,a dermoscopic image of dermatofibroma,a dermoscopic image of dermatofibroma,dataset\ISIC2018_Task3_Training_Input\ISIC_0029248.jpg,dataset\ISIC2018_Task3_Training_Input\ISIC_0026313.jpg,ISIC_0029248,ISIC_0026313,0.0608704686164855,0.0569288730621337,2.908880105597471,1.6038246154785156,42,100,5.0,0.3,32,0.0
experiments\sd_lora_ici_outputs\DF\DF_near_MEL_0032.png,DF,MEL,a dermoscopic image of dermatofibroma,a dermoscopic image of dermatofibroma,dataset\ISIC2018_Task3_Training_Input\ISIC_0029760.jpg,dataset\ISIC2018_Task3_Training_Input\ISIC_0033256.jpg,ISIC_0029760,ISIC_0033256,0.0758799314498901,-0.030777633190155,1.6360597682072517,1.571548342704773,42,100,5.0,0.3,32,0.0
experiments\sd_lora_ici_outputs\DF\DF_near_MEL_0033.png,DF,MEL,a dermoscopic image of dermatofibroma,a dermoscopic image of dermatofibroma,dataset\ISIC2018_Task3_Training_Input\ISIC_0024973.jpg,dataset\ISIC2018_Task3_Training_Input\ISIC_0026313.jpg,ISIC_0024973,ISIC_0026313,-0.0618002414703369,0.0569288730621337,0.9925741097526724,1.609700322151184,42,100,5.0,0.3,32,0.0
experiments\sd_lora_ici_outputs\DF\DF_near_MEL_0034.png,DF,MEL,a dermoscopic image of dermatofibroma,a dermoscopic image of dermatofibroma,dataset\ISIC2018_Task3_Training_Input\ISIC_0029760.jpg,dataset\ISIC2018_Task3_Training_Input\ISIC_0031002.jpg,ISIC_0029760,ISIC_0031002,0.0758799314498901,0.0604894161224365,0.8083861486868951,1.5228005647659302,42,100,5.0,0.3,32,0.0
experiments\sd_lora_ici_outputs\DF\DF_near_MEL_0035.png,DF,MEL,a dermoscopic image of dermatofibroma,a dermoscopic image of dermatofibroma,dataset\ISIC2018_Task3_Training_Input\ISIC_0033256.jpg,dataset\ISIC2018_Task3_Training_Input\ISIC_0024973.jpg,ISIC_0033256,ISIC_0024973,-0.030777633190155,-0.0618002414703369,0.47759386399882703,1.5885218381881714,42,100,5.0,0.3,32,0.0
experiments\sd_lora_ici_outputs\DF\DF_near_MEL_0036.png,DF,MEL,a dermoscopic image of dermatofibroma,a dermoscopic image of dermatofibroma,dataset\ISIC2018_Task3_Training_Input\ISIC_0032941.jpg,dataset\ISIC2018_Task3_Training_Input\ISIC_0029248.jpg,ISIC_0032941,ISIC_0029248,0.0832736492156982,0.0608704686164855,3.484760745060571,1.536545991897583,42,100,5.0,0.3,32,0.0
experiments\sd_lora_ici_outputs\DF\DF_near_MEL_0037.png,DF,MEL,a dermoscopic image of dermatofibroma,a dermoscopic image of dermatofibroma,dataset\ISIC2018_Task3_Training_Input\ISIC_0032642.jpg,dataset\ISIC2018_Task3_Training_Input\ISIC_0029248.jpg,ISIC_0032642,ISIC_0029248,-0.1109998226165771,0.0608704686164855,0.8601486753614779,1.5748310089111328,42,100,5.0,0.3,32,0.0
experiments\sd_lora_ici_outputs\DF\DF_near_MEL_0038.png,DF,MEL,a dermoscopic image of dermatofibroma,a dermoscopic image of dermatofibroma,dataset\ISIC2018_Task3_Training_Input\ISIC_0026313.jpg,dataset\ISIC2018_Task3_Training_Input\ISIC_0025504.jpg,ISIC_0026313,ISIC_0025504,0.0569288730621337,-0.027532160282135,3.336028346217427,1.552992343902588,42,100,5.0,0.3,32,0.0
experiments\sd_lora_ici_outputs\DF\DF_near_MEL_0039.png,DF,MEL,a dermoscopic image of dermatofibroma,a dermoscopic image of dermatofibroma,dataset\ISIC2018_Task3_Training_Input\ISIC_0025980.jpg,dataset\ISIC2018_Task3_Training_Input\ISIC_0031002.jpg,ISIC_0025980,ISIC_0031002,0.0400991439819335,0.0604894161224365,0.7746430265570325,1.5457980632781982,42,100,5.0,0.3,32,0.0
experiments\sd_lora_ici_outputs\DF\DF_near_MEL_0040.png,DF,MEL,a dermoscopic image of dermatofibroma,a dermoscopic image of dermatofibroma,dataset\ISIC2018_Task3_Training_Input\ISIC_0026417.jpg,dataset\ISIC2018_Task3_Training_Input\ISIC_0025980.jpg,ISIC_0026417,ISIC_0025980,0.1127685904502868,0.0400991439819335,1.3406121021497273,1.583828091621399,42,100,5.0,0.3,32,0.0
experiments\sd_lora_ici_outputs\DF\DF_near_MEL_0041.png,DF,MEL,a dermoscopic image of dermatofibroma,a dermoscopic image of dermatofibroma,dataset\ISIC2018_Task3_Training_Input\ISIC_0034135.jpg,dataset\ISIC2018_Task3_Training_Input\ISIC_0033256.jpg,ISIC_0034135,ISIC_0033256,0.0525554418563842,-0.030777633190155,3.0290689947543155,1.5705517530441284,42,100,5.0,0.3,32,0.0
experiments\sd_lora_ici_outputs\DF\DF_near_MEL_0042.png,DF,MEL,a dermoscopic image of dermatofibroma,a dermoscopic image of dermatofibroma,dataset\ISIC2018_Task3_Training_Input\ISIC_0033256.jpg,dataset\ISIC2018_Task3_Training_Input\ISIC_0024973.jpg,ISIC_0033256,ISIC_0024973,-0.030777633190155,-0.0618002414703369,0.18392595160005576,1.5885218381881714,42,100,5.0,0.3,32,0.0
experiments\sd_lora_ici_outputs\DF\DF_near_MEL_0043.png,DF,MEL,a dermoscopic image of dermatofibroma,a dermoscopic image of dermatofibroma,dataset\ISIC2018_Task3_Training_Input\ISIC_0026313.jpg,dataset\ISIC2018_Task3_Training_Input\ISIC_0032247.jpg,ISIC_0026313,ISIC_0032247,0.0569288730621337,-0.0467099547386169,2.486094500910789,1.600408673286438,42,100,5.0,0.3,32,0.0
experiments\sd_lora_ici_outputs\DF\DF_near_MEL_0044.png,DF,MEL,a dermoscopic image of dermatofibroma,a dermoscopic image of dermatofibroma,dataset\ISIC2018_Task3_Training_Input\ISIC_0033847.jpg,dataset\ISIC2018_Task3_Training_Input\ISIC_0029578.jpg,ISIC_0033847,ISIC_0029578,0.1296955347061157,-0.0723708271980285,2.703995646252593,1.5618336200714111,42,100,5.0,0.3,32,0.0
experiments\sd_lora_ici_outputs\DF\DF_near_MEL_0045.png,DF,MEL,a dermoscopic image of dermatofibroma,a dermoscopic image of dermatofibroma,dataset\ISIC2018_Task3_Training_Input\ISIC_0031002.jpg,dataset\ISIC2018_Task3_Training_Input\ISIC_0033256.jpg,ISIC_0031002,ISIC_0033256,0.0604894161224365,-0.030777633190155,0.4933105771501698,1.5694149732589722,42,100,5.0,0.3,32,0.0
experiments\sd_lora_ici_outputs\DF\DF_near_MEL_0046.png,DF,MEL,a dermoscopic image of dermatofibroma,a dermoscopic image of dermatofibroma,dataset\ISIC2018_Task3_Training_Input\ISIC_0029760.jpg,dataset\ISIC2018_Task3_Training_Input\ISIC_0033256.jpg,ISIC_0029760,ISIC_0033256,0.0758799314498901,-0.030777633190155,3.5653105336602606,1.571548342704773,42,100,5.0,0.3,32,0.0
experiments\sd_lora_ici_outputs\DF\DF_near_MEL_0047.png,DF,MEL,a dermoscopic image of dermatofibroma,a dermoscopic image of dermatofibroma,dataset\ISIC2018_Task3_Training_Input\ISIC_0025504.jpg,dataset\ISIC2018_Task3_Training_Input\ISIC_0033847.jpg,ISIC_0025504,ISIC_0033847,-0.027532160282135,0.1296955347061157,1.8081582666523819,1.589381217956543,42,100,5.0,0.3,32,0.0
experiments\sd_lora_ici_outputs\DF\DF_near_MEL_0048.png,DF,MEL,a dermoscopic image of dermatofibroma,a dermoscopic image of dermatofibroma,dataset\ISIC2018_Task3_Training_Input\ISIC_0025504.jpg,dataset\ISIC2018_Task3_Training_Input\ISIC_0025373.jpg,ISIC_0025504,ISIC_0025373,-0.027532160282135,0.0890646576881408,2.3706528719797046,1.5619252920150757,42,100,5.0,0.3,32,0.0
experiments\sd_lora_ici_outputs\DF\DF_near_MEL_0049.png,DF,MEL,a dermoscopic image of dermatofibroma,a dermoscopic image of dermatofibroma,dataset\ISIC2018_Task3_Training_Input\ISIC_0029578.jpg,dataset\ISIC2018_Task3_Training_Input\ISIC_0032941.jpg,ISIC_0029578,ISIC_0032941,-0.0723708271980285,0.0832736492156982,2.029385509817337,1.5610473155975342,42,100,5.0,0.3,32,0.0
experiments\sd_lora_ici_outputs\DF\DF_near_NV_0000.png,DF,NV,a dermoscopic image of dermatofibroma,a dermoscopic image of dermatofibroma,dataset\ISIC2018_Task3_Training_Input\ISIC_0027118.jpg,dataset\ISIC2018_Task3_Training_Input\ISIC_0025903.jpg,ISIC_0027118,ISIC_0025903,-0.0034048557281494,-0.0255547761917114,3.817705129063546,1.5863137245178223,42,100,5.0,0.3,32,0.0
experiments\sd_lora_ici_outputs\DF\DF_near_NV_0001.png,DF,NV,a dermoscopic image of dermatofibroma,a dermoscopic image of dermatofibroma,dataset\ISIC2018_Task3_Training_Input\ISIC_0027141.jpg,dataset\ISIC2018_Task3_Training_Input\ISIC_0030830.jpg,ISIC_0027141,ISIC_0030830,0.0876479148864746,-0.0186501741409301,0.017493416240888512,1.5579643249511719,42,100,5.0,0.3,32,0.0
experiments\sd_lora_ici_outputs\DF\DF_near_NV_0002.png,DF,NV,a dermoscopic image of dermatofibroma,a dermoscopic image of dermatofibroma,dataset\ISIC2018_Task3_Training_Input\ISIC_0027141.jpg,dataset\ISIC2018_Task3_Training_Input\ISIC_0025903.jpg,ISIC_0027141,ISIC_0025903,0.0876479148864746,-0.0255547761917114,2.991714606333576,1.5461931228637695,42,100,5.0,0.3,32,0.0
experiments\sd_lora_ici_outputs\DF\DF_near_NV_0003.png,DF,NV,a dermoscopic image of dermatofibroma,a dermoscopic image of dermatofibroma,dataset\ISIC2018_Task3_Training_Input\ISIC_0027745.jpg,dataset\ISIC2018_Task3_Training_Input\ISIC_0025903.jpg,ISIC_0027745,ISIC_0025903,0.1616017818450927,-0.0255547761917114,2.2418784577893143,1.550495982170105,42,100,5.0,0.3,32,0.0
experiments\sd_lora_ici_outputs\DF\DF_near_NV_0004.png,DF,NV,a dermoscopic image of dermatofibroma,a dermoscopic image of dermatofibroma,dataset\ISIC2018_Task3_Training_Input\ISIC_0030830.jpg,dataset\ISIC2018_Task3_Training_Input\ISIC_0027141.jpg,ISIC_0030830,ISIC_0027141,-0.0186501741409301,0.0876479148864746,1.7455006998176776,1.5579643249511719,42,100,5.0,0.3,32,0.0
experiments\sd_lora_ici_outputs\DF\DF_near_NV_0005.png,DF,NV,a dermoscopic image of dermatofibroma,a dermoscopic image of dermatofibroma,dataset\ISIC2018_Task3_Training_Input\ISIC_0025903.jpg,dataset\ISIC2018_Task3_Training_Input\ISIC_0027118.jpg,ISIC_0025903,ISIC_0027118,-0.0255547761917114,-0.0034048557281494,2.3175881287848656,1.5863137245178223,42,100,5.0,0.3,32,0.0
experiments\sd_lora_ici_outputs\DF\DF_near_NV_0006.png,DF,NV,a dermoscopic image of dermatofibroma,a dermoscopic image of dermatofibroma,dataset\ISIC2018_Task3_Training_Input\ISIC_0027141.jpg,dataset\ISIC2018_Task3_Training_Input\ISIC_0027745.jpg,ISIC_0027141,ISIC_0027745,0.0876479148864746,0.1616017818450927,3.70508713550559,1.5675727128982544,42,100,5.0,0.3,32,0.0
experiments\sd_lora_ici_outputs\DF\DF_near_NV_0007.png,DF,NV,a dermoscopic image of dermatofibroma,a dermoscopic image of dermatofibroma,dataset\ISIC2018_Task3_Training_Input\ISIC_0030830.jpg,dataset\ISIC2018_Task3_Training_Input\ISIC_0025954.jpg,ISIC_0030830,ISIC_0025954,-0.0186501741409301,0.0377641916275024,3.1576561430954584,1.5542160272598267,42,100,5.0,0.3,32,0.0
experiments\sd_lora_ici_outputs\DF\DF_near_NV_0008.png,DF,NV,a dermoscopic image of dermatofibroma,a dermoscopic image of dermatofibroma,dataset\ISIC2018_Task3_Training_Input\ISIC_0027745.jpg,dataset\ISIC2018_Task3_Training_Input\ISIC_0025954.jpg,ISIC_0027745,ISIC_0025954,0.1616017818450927,0.0377641916275024,3.7029536889222596,1.5443992614746094,42,100,5.0,0.3,32,0.0
experiments\sd_lora_ici_outputs\DF\DF_near_NV_0009.png,DF,NV,a dermoscopic image of dermatofibroma,a dermoscopic image of dermatofibroma,dataset\ISIC2018_Task3_Training_Input\ISIC_0027216.jpg,dataset\ISIC2018_Task3_Training_Input\ISIC_0025903.jpg,ISIC_0027216,ISIC_0025903,-0.0440044403076171,-0.0255547761917114,2.7728331502787924,1.5676453113555908,42,100,5.0,0.3,32,0.0
experiments\sd_lora_ici_outputs\DF\DF_near_NV_0010.png,DF,NV,a dermoscopic image of dermatofibroma,a dermoscopic image of dermatofibroma,dataset\ISIC2018_Task3_Training_Input\ISIC_0027216.jpg,dataset\ISIC2018_Task3_Training_Input\ISIC_0030830.jpg,ISIC_0027216,ISIC_0030830,-0.0440044403076171,-0.0186501741409301,0.7043336532224457,1.54909086227417,42,100,5.0,0.3,32,0.0
experiments\sd_lora_ici_outputs\DF\DF_near_NV_0011.png,DF,NV,a dermoscopic image of dermatofibroma,a dermoscopic image of dermatofibroma,dataset\ISIC2018_Task3_Training_Input\ISIC_0028651.jpg,dataset\ISIC2018_Task3_Training_Input\ISIC_0027141.jpg,ISIC_0028651,ISIC_0027141,-0.1699206829071045,0.0876479148864746,3.2580272690759835,1.5722182989120483,42,100,5.0,0.3,32,0.0
experiments\sd_lora_ici_outputs\DF\DF_near_NV_0012.png,DF,NV,a dermoscopic image of dermatofibroma,a dermoscopic image of dermatofibroma,dataset\ISIC2018_Task3_Training_Input\ISIC_0027118.jpg,dataset\ISIC2018_Task3_Training_Input\ISIC_0029177.jpg,ISIC_0027118,ISIC_0029177,-0.0034048557281494,-0.0750657320022583,0.4088068834858243,1.5915796756744385,42,100,5.0,0.3,32,0.0
experiments\sd_lora_ici_outputs\DF\DF_near_NV_0013.png,DF,NV,a dermoscopic image of dermatofibroma,a dermoscopic image of dermatofibroma,dataset\ISIC2018_Task3_Training_Input\ISIC_0027745.jpg,dataset\ISIC2018_Task3_Training_Input\ISIC_0029177.jpg,ISIC_0027745,ISIC_0029177,0.1616017818450927,-0.0750657320022583,2.6088576259290583,1.5835787057876587,42,100,5.0,0.3,32,0.0
experiments\sd_lora_ici_outputs\DF\DF_near_NV_0014.png,DF,NV,a dermoscopic image of dermatofibroma,a dermoscopic image of dermatofibroma,dataset\ISIC2018_Task3_Training_Input\ISIC_0030830.jpg,dataset\ISIC2018_Task3_Training_Input\ISIC_0029177.jpg,ISIC_0030830,ISIC_0029177,-0.0186501741409301,-0.0750657320022583,2.4381694635717213,1.5620819330215454,42,100,5.0,0.3,32,0.0
experiments\sd_lora_ici_outputs\DF\DF_near_NV_0015.png,DF,NV,a dermoscopic image of dermatofibroma,a dermoscopic image of dermatofibroma,dataset\ISIC2018_Task3_Training_Input\ISIC_0027216.jpg,dataset\ISIC2018_Task3_Training_Input\ISIC_0030830.jpg,ISIC_0027216,ISIC_0030830,-0.0440044403076171,-0.0186501741409301,1.3054134174672722,1.54909086227417,42,100,5.0,0.3,32,0.0
experiments\sd_lora_ici_outputs\DF\DF_near_NV_0016.png,DF,NV,a dermoscopic image of dermatofibroma,a dermoscopic image of dermatofibroma,dataset\ISIC2018_Task3_Training_Input\ISIC_0027141.jpg,dataset\ISIC2018_Task3_Training_Input\ISIC_0027216.jpg,ISIC_0027141,ISIC_0027216,0.0876479148864746,-0.0440044403076171,3.6145559124840676,1.5321218967437744,42,100,5.0,0.3,32,0.0
experiments\sd_lora_ici_outputs\DF\DF_near_NV_0017.png,DF,NV,a dermoscopic image of dermatofibroma,a dermoscopic image of dermatofibroma,dataset\ISIC2018_Task3_Training_Input\ISIC_0025954.jpg,dataset\ISIC2018_Task3_Training_Input\ISIC_0029177.jpg,ISIC_0025954,ISIC_0029177,0.0377641916275024,-0.0750657320022583,1.6608203583517593,1.583884835243225,42,100,5.0,0.3,32,0.0
experiments\sd_lora_ici_outputs\DF\DF_near_NV_0018.png,DF,NV,a dermoscopic image of dermatofibroma,a dermoscopic image of dermatofibroma,dataset\ISIC2018_Task3_Training_Input\ISIC_0025903.jpg,dataset\ISIC2018_Task3_Training_Input\ISIC_0027141.jpg,ISIC_0025903,ISIC_0027141,-0.0255547761917114,0.0876479148864746,2.474736286792051,1.5461931228637695,42,100,5.0,0.3,32,0.0
experiments\sd_lora_ici_outputs\DF\DF_near_NV_0019.png,DF,NV,a dermoscopic image of dermatofibroma,a dermoscopic image of dermatofibroma,dataset\ISIC2018_Task3_Training_Input\ISIC_0027118.jpg,dataset\ISIC2018_Task3_Training_Input\ISIC_0028651.jpg,ISIC_0027118,ISIC_0028651,-0.0034048557281494,-0.1699206829071045,2.7912391228316293,1.558878779411316,42,100,5.0,0.3,32,0.0
experiments\sd_lora_ici_outputs\DF\DF_near_NV_0020.png,DF,NV,a dermoscopic image of dermatofibroma,a dermoscopic image of dermatofibroma,dataset\ISIC2018_Task3_Training_Input\ISIC_0025954.jpg,dataset\ISIC2018_Task3_Training_Input\ISIC_0028651.jpg,ISIC_0025954,ISIC_0028651,0.0377641916275024,-0.1699206829071045,1.0040339628669692,1.5534636974334717,42,100,5.0,0.3,32,0.0
experiments\sd_lora_ici_outputs\DF\DF_near_NV_0021.png,DF,NV,a dermoscopic image of dermatofibroma,a dermoscopic image of dermatofibroma,dataset\ISIC2018_Task3_Training_Input\ISIC_0025954.jpg,dataset\ISIC2018_Task3_Training_Input\ISIC_0027118.jpg,ISIC_0025954,ISIC_0027118,0.0377641916275024,-0.0034048557281494,1.6344498844505084,1.529499888420105,42,100,5.0,0.3,32,0.0
experiments\sd_lora_ici_outputs\DF\DF_near_NV_0022.png,DF,NV,a dermoscopic image of dermatofibroma,a dermoscopic image of dermatofibroma,dataset\ISIC2018_Task3_Training_Input\ISIC_0025903.jpg,dataset\ISIC2018_Task3_Training_Input\ISIC_0025954.jpg,ISIC_0025903,ISIC_0025954,-0.0255547761917114,0.0377641916275024,1.3906218873602945,1.549123764038086,42,100,5.0,0.3,32,0.0
experiments\sd_lora_ici_outputs\DF\DF_near_NV_0023.png,DF,NV,a dermoscopic image of dermatofibroma,a dermoscopic image of dermatofibroma,dataset\ISIC2018_Task3_Training_Input\ISIC_0029177.jpg,dataset\ISIC2018_Task3_Training_Input\ISIC_0027118.jpg,ISIC_0029177,ISIC_0027118,-0.0750657320022583,-0.0034048557281494,1.1613285250338696,1.5915796756744385,42,100,5.0,0.3,32,0.0
experiments\sd_lora_ici_outputs\DF\DF_near_NV_0024.png,DF,NV,a dermoscopic image of dermatofibroma,a dermoscopic image of dermatofibroma,dataset\ISIC2018_Task3_Training_Input\ISIC_0025903.jpg,dataset\ISIC2018_Task3_Training_Input\ISIC_0028651.jpg,ISIC_0025903,ISIC_0028651,-0.0255547761917114,-0.1699206829071045,3.292235932334583,1.5359432697296143,42,100,5.0,0.3,32,0.0
experiments\sd_lora_ici_outputs\DF\DF_near_NV_0025.png,DF,NV,a dermoscopic image of dermatofibroma,a dermoscopic image of dermatofibroma,dataset\ISIC2018_Task3_Training_Input\ISIC_0027118.jpg,dataset\ISIC2018_Task3_Training_Input\ISIC_0029177.jpg,ISIC_0027118,ISIC_0029177,-0.0034048557281494,-0.0750657320022583,0.5455024303756077,1.5915796756744385,42,100,5.0,0.3,32,0.0
experiments\sd_lora_ici_outputs\DF\DF_near_NV_0026.png,DF,NV,a dermoscopic image of dermatofibroma,a dermoscopic image of dermatofibroma,dataset\ISIC2018_Task3_Training_Input\ISIC_0027118.jpg,dataset\ISIC2018_Task3_Training_Input\ISIC_0027216.jpg,ISIC_0027118,ISIC_0027216,-0.0034048557281494,-0.0440044403076171,2.444525504826786,1.5486738681793213,42,100,5.0,0.3,32,0.0
experiments\sd_lora_ici_outputs\DF\DF_near_NV_0027.png,DF,NV,a dermoscopic image of dermatofibroma,a dermoscopic image of dermatofibroma,dataset\ISIC2018_Task3_Training_Input\ISIC_0027216.jpg,dataset\ISIC2018_Task3_Training_Input\ISIC_0028651.jpg,ISIC_0027216,ISIC_0028651,-0.0440044403076171,-0.1699206829071045,3.6195533533277198,1.5387663841247559,42,100,5.0,0.3,32,0.0
experiments\sd_lora_ici_outputs\DF\DF_near_NV_0028.png,DF,NV,a dermoscopic image of dermatofibroma,a dermoscopic image of dermatofibroma,dataset\ISIC2018_Task3_Training_Input\ISIC_0030830.jpg,dataset\ISIC2018_Task3_Training_Input\ISIC_0027141.jpg,ISIC_0030830,ISIC_0027141,-0.0186501741409301,0.0876479148864746,2.06605632330905,1.5579643249511719,42,100,5.0,0.3,32,0.0
experiments\sd_lora_ici_outputs\DF\DF_near_NV_0029.png,DF,NV,a dermoscopic image of dermatofibroma,a dermoscopic image of dermatofibroma,dataset\ISIC2018_Task3_Training_Input\ISIC_0027216.jpg,dataset\ISIC2018_Task3_Training_Input\ISIC_0027141.jpg,ISIC_0027216,ISIC_0027141,-0.0440044403076171,0.0876479148864746,3.457422605045212,1.5321218967437744,42,100,5.0,0.3,32,0.0
experiments\sd_lora_ici_outputs\DF\DF_near_NV_0030.png,DF,NV,a dermoscopic image of dermatofibroma,a dermoscopic image of dermatofibroma,dataset\ISIC2018_Task3_Training_Input\ISIC_0027141.jpg,dataset\ISIC2018_Task3_Training_Input\ISIC_0028651.jpg,ISIC_0027141,ISIC_0028651,0.0876479148864746,-0.1699206829071045,2.189242061877255,1.5722182989120483,42,100,5.0,0.3,32,0.0
experiments\sd_lora_ici_outputs\DF\DF_near_NV_0031.png,DF,NV,a dermoscopic image of dermatofibroma,a dermoscopic image of dermatofibroma,dataset\ISIC2018_Task3_Training_Input\ISIC_0029177.jpg,dataset\ISIC2018_Task3_Training_Input\ISIC_0028651.jpg,ISIC_0029177,ISIC_0028651,-0.0750657320022583,-0.1699206829071045,1.2659084323867154,1.558058738708496,42,100,5.0,0.3,32,0.0
experiments\sd_lora_ici_outputs\DF\DF_near_NV_0032.png,DF,NV,a dermoscopic image of dermatofibroma,a dermoscopic image of dermatofibroma,dataset\ISIC2018_Task3_Training_Input\ISIC_0030830.jpg,dataset\ISIC2018_Task3_Training_Input\ISIC_0025903.jpg,ISIC_0030830,ISIC_0025903,-0.0186501741409301,-0.0255547761917114,3.024028707487586,1.530927300453186,42,100,5.0,0.3,32,0.0
experiments\sd_lora_ici_outputs\DF\DF_near_NV_0033.png,DF,NV,a dermoscopic image of dermatofibroma,a dermoscopic image of dermatofibroma,dataset\ISIC2018_Task3_Training_Input\ISIC_0027216.jpg,dataset\ISIC2018_Task3_Training_Input\ISIC_0025954.jpg,ISIC_0027216,ISIC_0025954,-0.0440044403076171,0.0377641916275024,2.214545177326856,1.570641040802002,42,100,5.0,0.3,32,0.0
experiments\sd_lora_ici_outputs\DF\DF_near_NV_0034.png,DF,NV,a dermoscopic image of dermatofibroma,a dermoscopic image of dermatofibroma,dataset\ISIC2018_Task3_Training_Input\ISIC_0029177.jpg,dataset\ISIC2018_Task3_Training_Input\ISIC_0030830.jpg,ISIC_0029177,ISIC_0030830,-0.0750657320022583,-0.0186501741409301,0.8742201878292433,1.5620819330215454,42,100,5.0,0.3,32,0.0
experiments\sd_lora_ici_outputs\DF\DF_near_NV_0035.png,DF,NV,a dermoscopic image of dermatofibroma,a dermoscopic image of dermatofibroma,dataset\ISIC2018_Task3_Training_Input\ISIC_0025903.jpg,dataset\ISIC2018_Task3_Training_Input\ISIC_0030830.jpg,ISIC_0025903,ISIC_0030830,-0.0255547761917114,-0.0186501741409301,0.8606964755619223,1.530927300453186,42,100,5.0,0.3,32,0.0
experiments\sd_lora_ici_outputs\DF\DF_near_NV_0036.png,DF,NV,a dermoscopic image of dermatofibroma,a dermoscopic image of dermatofibroma,dataset\ISIC2018_Task3_Training_Input\ISIC_0029177.jpg,dataset\ISIC2018_Task3_Training_Input\ISIC_0028651.jpg,ISIC_0029177,ISIC_0028651,-0.0750657320022583,-0.1699206829071045,2.880899356635782,1.558058738708496,42,100,5.0,0.3,32,0.0
experiments\sd_lora_ici_outputs\DF\DF_near_NV_0037.png,DF,NV,a dermoscopic image of dermatofibroma,a dermoscopic image of dermatofibroma,dataset\ISIC2018_Task3_Training_Input\ISIC_0025903.jpg,dataset\ISIC2018_Task3_Training_Input\ISIC_0025954.jpg,ISIC_0025903,ISIC_0025954,-0.0255547761917114,0.0377641916275024,2.7848685271039586,1.549123764038086,42,100,5.0,0.3,32,0.0
experiments\sd_lora_ici_outputs\DF\DF_near_NV_0038.png,DF,NV,a dermoscopic image of dermatofibroma,a dermoscopic image of dermatofibroma,dataset\ISIC2018_Task3_Training_Input\ISIC_0027141.jpg,dataset\ISIC2018_Task3_Training_Input\ISIC_0029177.jpg,ISIC_0027141,ISIC_0029177,0.0876479148864746,-0.0750657320022583,3.6551109148702507,1.5835411548614502,42,100,5.0,0.3,32,0.0
experiments\sd_lora_ici_outputs\DF\DF_near_NV_0039.png,DF,NV,a dermoscopic image of dermatofibroma,a dermoscopic image of dermatofibroma,dataset\ISIC2018_Task3_Training_Input\ISIC_0029177.jpg,dataset\ISIC2018_Task3_Training_Input\ISIC_0027141.jpg,ISIC_0029177,ISIC_0027141,-0.0750657320022583,0.0876479148864746,0.5264157822503231,1.5835411548614502,42,100,5.0,0.3,32,0.0
experiments\sd_lora_ici_outputs\DF\DF_near_NV_0040.png,DF,NV,a dermoscopic image of dermatofibroma,a dermoscopic image of dermatofibroma,dataset\ISIC2018_Task3_Training_Input\ISIC_0027745.jpg,dataset\ISIC2018_Task3_Training_Input\ISIC_0028651.jpg,ISIC_0027745,ISIC_0028651,0.1616017818450927,-0.1699206829071045,2.823034831044659,1.5811184644699097,42,100,5.0,0.3,32,0.0
experiments\sd_lora_ici_outputs\DF\DF_near_NV_0041.png,DF,NV,a dermoscopic image of dermatofibroma,a dermoscopic image of dermatofibroma,dataset\ISIC2018_Task3_Training_Input\ISIC_0027745.jpg,dataset\ISIC2018_Task3_Training_Input\ISIC_0025903.jpg,ISIC_0027745,ISIC_0025903,0.1616017818450927,-0.0255547761917114,3.951789319981609,1.550495982170105,42,100,5.0,0.3,32,0.0
experiments\sd_lora_ici_outputs\DF\DF_near_NV_0042.png,DF,NV,a dermoscopic image of dermatofibroma,a dermoscopic image of dermatofibroma,dataset\ISIC2018_Task3_Training_Input\ISIC_0027216.jpg,dataset\ISIC2018_Task3_Training_Input\ISIC_0030830.jpg,ISIC_0027216,ISIC_0030830,-0.0440044403076171,-0.0186501741409301,0.7212166610838489,1.54909086227417,42,100,5.0,0.3,32,0.0
experiments\sd_lora_ici_outputs\DF\DF_near_NV_0043.png,DF,NV,a dermoscopic image of dermatofibroma,a dermoscopic image of dermatofibroma,dataset\ISIC2018_Task3_Training_Input\ISIC_0025954.jpg,dataset\ISIC2018_Task3_Training_Input\ISIC_0028651.jpg,ISIC_0025954,ISIC_0028651,0.0377641916275024,-0.1699206829071045,2.1941771102707452,1.5534636974334717,42,100,5.0,0.3,32,0.0
experiments\sd_lora_ici_outputs\DF\DF_near_NV_0044.png,DF,NV,a dermoscopic image of dermatofibroma,a dermoscopic image of dermatofibroma,dataset\ISIC2018_Task3_Training_Input\ISIC_0027118.jpg,dataset\ISIC2018_Task3_Training_Input\ISIC_0025903.jpg,ISIC_0027118,ISIC_0025903,-0.0034048557281494,-0.0255547761917114,2.522589875751042,1.5863137245178223,42,100,5.0,0.3,32,0.0
experiments\sd_lora_ici_outputs\DF\DF_near_NV_0045.png,DF,NV,a dermoscopic image of dermatofibroma,a dermoscopic image of dermatofibroma,dataset\ISIC2018_Task3_Training_Input\ISIC_0025954.jpg,dataset\ISIC2018_Task3_Training_Input\ISIC_0027216.jpg,ISIC_0025954,ISIC_0027216,0.0377641916275024,-0.0440044403076171,2.841691832912539,1.570641040802002,42,100,5.0,0.3,32,0.0
experiments\sd_lora_ici_outputs\DF\DF_near_NV_0046.png,DF,NV,a dermoscopic image of dermatofibroma,a dermoscopic image of dermatofibroma,dataset\ISIC2018_Task3_Training_Input\ISIC_0029177.jpg,dataset\ISIC2018_Task3_Training_Input\ISIC_0027118.jpg,ISIC_0029177,ISIC_0027118,-0.0750657320022583,-0.0034048557281494,3.003362339415855,1.5915796756744385,42,100,5.0,0.3,32,0.0
experiments\sd_lora_ici_outputs\DF\DF_near_NV_0047.png,DF,NV,a dermoscopic image of dermatofibroma,a dermoscopic image of dermatofibroma,dataset\ISIC2018_Task3_Training_Input\ISIC_0029177.jpg,dataset\ISIC2018_Task3_Training_Input\ISIC_0028651.jpg,ISIC_0029177,ISIC_0028651,-0.0750657320022583,-0.1699206829071045,2.2675080697136765,1.558058738708496,42,100,5.0,0.3,32,0.0
experiments\sd_lora_ici_outputs\DF\DF_near_NV_0048.png,DF,NV,a dermoscopic image of dermatofibroma,a dermoscopic image of dermatofibroma,dataset\ISIC2018_Task3_Training_Input\ISIC_0025954.jpg,dataset\ISIC2018_Task3_Training_Input\ISIC_0027141.jpg,ISIC_0025954,ISIC_0027141,0.0377641916275024,0.0876479148864746,2.3891870515497797,1.5326886177062988,42,100,5.0,0.3,32,0.0
experiments\sd_lora_ici_outputs\DF\DF_near_NV_0049.png,DF,NV,a dermoscopic image of dermatofibroma,a dermoscopic image of dermatofibroma,dataset\ISIC2018_Task3_Training_Input\ISIC_0028651.jpg,dataset\ISIC2018_Task3_Training_Input\ISIC_0025954.jpg,ISIC_0028651,ISIC_0025954,-0.1699206829071045,0.0377641916275024,3.8127657842839873,1.5534636974334717,42,100,5.0,0.3,32,0.0
experiments\sd_lora_ici_outputs\DF\DF_near_VASC_0000.png,DF,VASC,a dermoscopic image of dermatofibroma,a dermoscopic image of dermatofibroma,dataset\ISIC2018_Task3_Training_Input\ISIC_0031827.jpg,dataset\ISIC2018_Task3_Training_Input\ISIC_0027613.jpg,ISIC_0031827,ISIC_0027613,0.0177029967308044,0.0939776897430419,2.832587927609674,1.5751808881759644,42,100,5.0,0.3,32,0.0
experiments\sd_lora_ici_outputs\DF\DF_near_VASC_0001.png,DF,VASC,a dermoscopic image of dermatofibroma,a dermoscopic image of dermatofibroma,dataset\ISIC2018_Task3_Training_Input\ISIC_0027613.jpg,dataset\ISIC2018_Task3_Training_Input\ISIC_0024553.jpg,ISIC_0027613,ISIC_0024553,0.0939776897430419,-0.0546948313713073,2.695599963258677,1.5715969800949097,42,100,5.0,0.3,32,0.0
experiments\sd_lora_ici_outputs\DF\DF_near_VASC_0002.png,DF,VASC,a dermoscopic image of dermatofibroma,a dermoscopic image of dermatofibroma,dataset\ISIC2018_Task3_Training_Input\ISIC_0031827.jpg,dataset\ISIC2018_Task3_Training_Input\ISIC_0024553.jpg,ISIC_0031827,ISIC_0024553,0.0177029967308044,-0.0546948313713073,3.567627566097654,1.5742466449737549,42,100,5.0,0.3,32,0.0
experiments\sd_lora_ici_outputs\DF\DF_near_VASC_0003.png,DF,VASC,a dermoscopic image of dermatofibroma,a dermoscopic image of dermatofibroma,dataset\ISIC2018_Task3_Training_Input\ISIC_0031827.jpg,dataset\ISIC2018_Task3_Training_Input\ISIC_0032468.jpg,ISIC_0031827,ISIC_0032468,0.0177029967308044,0.0142512917518615,2.156810326552297,1.5553570985794067,42,100,5.0,0.3,32,0.0
experiments\sd_lora_ici_outputs\DF\DF_near_VASC_0004.png,DF,VASC,a dermoscopic image of dermatofibroma,a dermoscopic image of dermatofibroma,dataset\ISIC2018_Task3_Training_Input\ISIC_0027613.jpg,dataset\ISIC2018_Task3_Training_Input\ISIC_0024553.jpg,ISIC_0027613,ISIC_0024553,0.0939776897430419,-0.0546948313713073,3.5081208095201797,1.5715969800949097,42,100,5.0,0.3,32,0.0
experiments\sd_lora_ici_outputs\DF\DF_near_VASC_0005.png,DF,VASC,a dermoscopic image of dermatofibroma,a dermoscopic image of dermatofibroma,dataset\ISIC2018_Task3_Training_Input\ISIC_0031271.jpg,dataset\ISIC2018_Task3_Training_Input\ISIC_0031827.jpg,ISIC_0031271,ISIC_0031827,0.0645581483840942,0.0177029967308044,1.710415628772772,1.5516297817230225,42,100,5.0,0.3,32,0.0
experiments\sd_lora_ici_outputs\DF\DF_near_VASC_0006.png,DF,VASC,a dermoscopic image of dermatofibroma,a dermoscopic image of dermatofibroma,dataset\ISIC2018_Task3_Training_Input\ISIC_0032468.jpg,dataset\ISIC2018_Task3_Training_Input\ISIC_0024553.jpg,ISIC_0032468,ISIC_0024553,0.0142512917518615,-0.0546948313713073,0.05146662145046153,1.5590592622756958,42,100,5.0,0.3,32,0.0
experiments\sd_lora_ici_outputs\DF\DF_near_VASC_0007.png,DF,VASC,a dermoscopic image of dermatofibroma,a dermoscopic image of dermatofibroma,dataset\ISIC2018_Task3_Training_Input\ISIC_0031827.jpg,dataset\ISIC2018_Task3_Training_Input\ISIC_0031271.jpg,ISIC_0031827,ISIC_0031271,0.0177029967308044,0.0645581483840942,0.4311425795941377,1.5516297817230225,42,100,5.0,0.3,32,0.0
experiments\sd_lora_ici_outputs\DF\DF_near_VASC_0008.png,DF,VASC,a dermoscopic image of dermatofibroma,a dermoscopic image of dermatofibroma,dataset\ISIC2018_Task3_Training_Input\ISIC_0031827.jpg,dataset\ISIC2018_Task3_Training_Input\ISIC_0032468.jpg,ISIC_0031827,ISIC_0032468,0.0177029967308044,0.0142512917518615,1.5386040672783483,1.5553570985794067,42,100,5.0,0.3,32,0.0
experiments\sd_lora_ici_outputs\DF\DF_near_VASC_0009.png,DF,VASC,a dermoscopic image of dermatofibroma,a dermoscopic image of dermatofibroma,dataset\ISIC2018_Task3_Training_Input\ISIC_0027613.jpg,dataset\ISIC2018_Task3_Training_Input\ISIC_0029052.jpg,ISIC_0027613,ISIC_0029052,0.0939776897430419,0.052436351776123,0.20944702882857363,1.5918928384780884,42,100,5.0,0.3,32,0.0
experiments\sd_lora_ici_outputs\DF\DF_near_VASC_0010.png,DF,VASC,a dermoscopic image of dermatofibroma,a dermoscopic image of dermatofibroma,dataset\ISIC2018_Task3_Training_Input\ISIC_0027613.jpg,dataset\ISIC2018_Task3_Training_Input\ISIC_0029052.jpg,ISIC_0027613,ISIC_0029052,0.0939776897430419,0.052436351776123,0.22341848494656305,1.5918928384780884,42,100,5.0,0.3,32,0.0
experiments\sd_lora_ici_outputs\DF\DF_near_VASC_0011.png,DF,VASC,a dermoscopic image of dermatofibroma,a dermoscopic image of dermatofibroma,dataset\ISIC2018_Task3_Training_Input\ISIC_0027613.jpg,dataset\ISIC2018_Task3_Training_Input\ISIC_0032468.jpg,ISIC_0027613,ISIC_0032468,0.0939776897430419,0.0142512917518615,1.0784009613342225,1.555519700050354,42,100,5.0,0.3,32,0.0
experiments\sd_lora_ici_outputs\DF\DF_near_VASC_0012.png,DF,VASC,a dermoscopic image of dermatofibroma,a dermoscopic image of dermatofibroma,dataset\ISIC2018_Task3_Training_Input\ISIC_0032468.jpg,dataset\ISIC2018_Task3_Training_Input\ISIC_0024553.jpg,ISIC_0032468,ISIC_0024553,0.0142512917518615,-0.0546948313713073,3.165783655730949,1.5590592622756958,42,100,5.0,0.3,32,0.0
experiments\sd_lora_ici_outputs\DF\DF_near_VASC_0013.png,DF,VASC,a dermoscopic image of dermatofibroma,a dermoscopic image of dermatofibroma,dataset\ISIC2018_Task3_Training_Input\ISIC_0027613.jpg,dataset\ISIC2018_Task3_Training_Input\ISIC_0029052.jpg,ISIC_0027613,ISIC_0029052,0.0939776897430419,0.052436351776123,3.881992641327266,1.5918928384780884,42,100,5.0,0.3,32,0.0
experiments\sd_lora_ici_outputs\DF\DF_near_VASC_0014.png,DF,VASC,a dermoscopic image of dermatofibroma,a dermoscopic image of dermatofibroma,dataset\ISIC2018_Task3_Training_Input\ISIC_0024553.jpg,dataset\ISIC2018_Task3_Training_Input\ISIC_0031827.jpg,ISIC_0024553,ISIC_0031827,-0.0546948313713073,0.0177029967308044,2.727570095730967,1.5742466449737549,42,100,5.0,0.3,32,0.0
experiments\sd_lora_ici_outputs\DF\DF_near_VASC_0015.png,DF,VASC,a dermoscopic image of dermatofibroma,a dermoscopic image of dermatofibroma,dataset\ISIC2018_Task3_Training_Input\ISIC_0032468.jpg,dataset\ISIC2018_Task3_Training_Input\ISIC_0024553.jpg,ISIC_0032468,ISIC_0024553,0.0142512917518615,-0.0546948313713073,0.5901229874629914,1.5590592622756958,42,100,5.0,0.3,32,0.0
experiments\sd_lora_ici_outputs\DF\DF_near_VASC_0016.png,DF,VASC,a dermoscopic image of dermatofibroma,a dermoscopic image of dermatofibroma,dataset\ISIC2018_Task3_Training_Input\ISIC_0032468.jpg,dataset\ISIC2018_Task3_Training_Input\ISIC_0024553.jpg,ISIC_0032468,ISIC_0024553,0.0142512917518615,-0.0546948313713073,0.24999930238131135,1.5590592622756958,42,100,5.0,0.3,32,0.0
experiments\sd_lora_ici_outputs\DF\DF_near_VASC_0017.png,DF,VASC,a dermoscopic image of dermatofibroma,a dermoscopic image of dermatofibroma,dataset\ISIC2018_Task3_Training_Input\ISIC_0031827.jpg,dataset\ISIC2018_Task3_Training_Input\ISIC_0027613.jpg,ISIC_0031827,ISIC_0027613,0.0177029967308044,0.0939776897430419,3.128696478102216,1.5751808881759644,42,100,5.0,0.3,32,0.0
experiments\sd_lora_ici_outputs\DF\DF_near_VASC_0018.png,DF,VASC,a dermoscopic image of dermatofibroma,a dermoscopic image of dermatofibroma,dataset\ISIC2018_Task3_Training_Input\ISIC_0031271.jpg,dataset\ISIC2018_Task3_Training_Input\ISIC_0029052.jpg,ISIC_0031271,ISIC_0029052,0.0645581483840942,0.052436351776123,0.8259033656777354,1.5519678592681885,42,100,5.0,0.3,32,0.0
experiments\sd_lora_ici_outputs\DF\DF_near_VASC_0019.png,DF,VASC,a dermoscopic image of dermatofibroma,a dermoscopic image of dermatofibroma,dataset\ISIC2018_Task3_Training_Input\ISIC_0031271.jpg,dataset\ISIC2018_Task3_Training_Input\ISIC_0029052.jpg,ISIC_0031271,ISIC_0029052,0.0645581483840942,0.052436351776123,2.1909503396672023,1.5519678592681885,42,100,5.0,0.3,32,0.0
experiments\sd_lora_ici_outputs\DF\DF_near_VASC_0020.png,DF,VASC,a dermoscopic image of dermatofibroma,a dermoscopic image of dermatofibroma,dataset\ISIC2018_Task3_Training_Input\ISIC_0031827.jpg,dataset\ISIC2018_Task3_Training_Input\ISIC_0024553.jpg,ISIC_0031827,ISIC_0024553,0.0177029967308044,-0.0546948313713073,1.4315852140886651,1.5742466449737549,42,100,5.0,0.3,32,0.0
experiments\sd_lora_ici_outputs\DF\DF_near_VASC_0021.png,DF,VASC,a dermoscopic image of dermatofibroma,a dermoscopic image of dermatofibroma,dataset\ISIC2018_Task3_Training_Input\ISIC_0027613.jpg,dataset\ISIC2018_Task3_Training_Input\ISIC_0032468.jpg,ISIC_0027613,ISIC_0032468,0.0939776897430419,0.0142512917518615,1.8281575867168836,1.555519700050354,42,100,5.0,0.3,32,0.0
experiments\sd_lora_ici_outputs\DF\DF_near_VASC_0022.png,DF,VASC,a dermoscopic image of dermatofibroma,a dermoscopic image of dermatofibroma,dataset\ISIC2018_Task3_Training_Input\ISIC_0031827.jpg,dataset\ISIC2018_Task3_Training_Input\ISIC_0027613.jpg,ISIC_0031827,ISIC_0027613,0.0177029967308044,0.0939776897430419,2.457575508289012,1.5751808881759644,42,100,5.0,0.3,32,0.0
experiments\sd_lora_ici_outputs\DF\DF_near_VASC_0023.png,DF,VASC,a dermoscopic image of dermatofibroma,a dermoscopic image of dermatofibroma,dataset\ISIC2018_Task3_Training_Input\ISIC_0024553.jpg,dataset\ISIC2018_Task3_Training_Input\ISIC_0031827.jpg,ISIC_0024553,ISIC_0031827,-0.0546948313713073,0.0177029967308044,2.6961817808634763,1.5742466449737549,42,100,5.0,0.3,32,0.0
experiments\sd_lora_ici_outputs\DF\DF_near_VASC_0024.png,DF,VASC,a dermoscopic image of dermatofibroma,a dermoscopic image of dermatofibroma,dataset\ISIC2018_Task3_Training_Input\ISIC_0031827.jpg,dataset\ISIC2018_Task3_Training_Input\ISIC_0024553.jpg,ISIC_0031827,ISIC_0024553,0.0177029967308044,-0.0546948313713073,2.242613940508331,1.5742466449737549,42,100,5.0,0.3,32,0.0
experiments\sd_lora_ici_outputs\DF\DF_near_VASC_0025.png,DF,VASC,a dermoscopic image of dermatofibroma,a dermoscopic image of dermatofibroma,dataset\ISIC2018_Task3_Training_Input\ISIC_0031827.jpg,dataset\ISIC2018_Task3_Training_Input\ISIC_0029052.jpg,ISIC_0031827,ISIC_0029052,0.0177029967308044,0.052436351776123,0.9037944604308569,1.5593864917755127,42,100,5.0,0.3,32,0.0
experiments\sd_lora_ici_outputs\DF\DF_near_VASC_0026.png,DF,VASC,a dermoscopic image of dermatofibroma,a dermoscopic image of dermatofibroma,dataset\ISIC2018_Task3_Training_Input\ISIC_0029052.jpg,dataset\ISIC2018_Task3_Training_Input\ISIC_0027613.jpg,ISIC_0029052,ISIC_0027613,0.052436351776123,0.0939776897430419,2.554174053845041,1.5918928384780884,42,100,5.0,0.3,32,0.0
experiments\sd_lora_ici_outputs\DF\DF_near_VASC_0027.png,DF,VASC,a dermoscopic image of dermatofibroma,a dermoscopic image of dermatofibroma,dataset\ISIC2018_Task3_Training_Input\ISIC_0029052.jpg,dataset\ISIC2018_Task3_Training_Input\ISIC_0031827.jpg,ISIC_0029052,ISIC_0031827,0.052436351776123,0.0177029967308044,1.5669283877988054,1.5593864917755127,42,100,5.0,0.3,32,0.0
experiments\sd_lora_ici_outputs\DF\DF_near_VASC_0028.png,DF,VASC,a dermoscopic image of dermatofibroma,a dermoscopic image of dermatofibroma,dataset\ISIC2018_Task3_Training_Input\ISIC_0032468.jpg,dataset\ISIC2018_Task3_Training_Input\ISIC_0029052.jpg,ISIC_0032468,ISIC_0029052,0.0142512917518615,0.052436351776123,2.0700268377916715,1.5508105754852295,42,100,5.0,0.3,32,0.0
experiments\sd_lora_ici_outputs\DF\DF_near_VASC_0029.png,DF,VASC,a dermoscopic image of dermatofibroma,a dermoscopic image of dermatofibroma,dataset\ISIC2018_Task3_Training_Input\ISIC_0027613.jpg,dataset\ISIC2018_Task3_Training_Input\ISIC_0029052.jpg,ISIC_0027613,ISIC_0029052,0.0939776897430419,0.052436351776123,3.145094535871257,1.5918928384780884,42,100,5.0,0.3,32,0.0
experiments\sd_lora_ici_outputs\DF\DF_near_VASC_0030.png,DF,VASC,a dermoscopic image of dermatofibroma,a dermoscopic image of dermatofibroma,dataset\ISIC2018_Task3_Training_Input\ISIC_0031827.jpg,dataset\ISIC2018_Task3_Training_Input\ISIC_0031271.jpg,ISIC_0031827,ISIC_0031271,0.0177029967308044,0.0645581483840942,2.8189097663086224,1.5516297817230225,42,100,5.0,0.3,32,0.0
experiments\sd_lora_ici_outputs\DF\DF_near_VASC_0031.png,DF,VASC,a dermoscopic image of dermatofibroma,a dermoscopic image of dermatofibroma,dataset\ISIC2018_Task3_Training_Input\ISIC_0031827.jpg,dataset\ISIC2018_Task3_Training_Input\ISIC_0024553.jpg,ISIC_0031827,ISIC_0024553,0.0177029967308044,-0.0546948313713073,2.765669395263943,1.5742466449737549,42,100,5.0,0.3,32,0.0
experiments\sd_lora_ici_outputs\DF\DF_near_VASC_0032.png,DF,VASC,a dermoscopic image of dermatofibroma,a dermoscopic image of dermatofibroma,dataset\ISIC2018_Task3_Training_Input\ISIC_0027613.jpg,dataset\ISIC2018_Task3_Training_Input\ISIC_0029052.jpg,ISIC_0027613,ISIC_0029052,0.0939776897430419,0.052436351776123,0.18542912727995833,1.5918928384780884,42,100,5.0,0.3,32,0.0
experiments\sd_lora_ici_outputs\DF\DF_near_VASC_0033.png,DF,VASC,a dermoscopic image of dermatofibroma,a dermoscopic image of dermatofibroma,dataset\ISIC2018_Task3_Training_Input\ISIC_0024553.jpg,dataset\ISIC2018_Task3_Training_Input\ISIC_0029052.jpg,ISIC_0024553,ISIC_0029052,-0.0546948313713073,0.052436351776123,1.5570966350982658,1.5397595167160034,42,100,5.0,0.3,32,0.0
experiments\sd_lora_ici_outputs\DF\DF_near_VASC_0034.png,DF,VASC,a dermoscopic image of dermatofibroma,a dermoscopic image of dermatofibroma,dataset\ISIC2018_Task3_Training_Input\ISIC_0031271.jpg,dataset\ISIC2018_Task3_Training_Input\ISIC_0032468.jpg,ISIC_0031271,ISIC_0032468,0.0645581483840942,0.0142512917518615,1.6656203615387488,1.571404218673706,42,100,5.0,0.3,32,0.0
experiments\sd_lora_ici_outputs\DF\DF_near_VASC_0035.png,DF,VASC,a dermoscopic image of dermatofibroma,a dermoscopic image of dermatofibroma,dataset\ISIC2018_Task3_Training_Input\ISIC_0031271.jpg,dataset\ISIC2018_Task3_Training_Input\ISIC_0031827.jpg,ISIC_0031271,ISIC_0031827,0.0645581483840942,0.0177029967308044,3.191386788554336,1.5516297817230225,42,100,5.0,0.3,32,0.0
experiments\sd_lora_ici_outputs\DF\DF_near_VASC_0036.png,DF,VASC,a dermoscopic image of dermatofibroma,a dermoscopic image of dermatofibroma,dataset\ISIC2018_Task3_Training_Input\ISIC_0031827.jpg,dataset\ISIC2018_Task3_Training_Input\ISIC_0024553.jpg,ISIC_0031827,ISIC_0024553,0.0177029967308044,-0.0546948313713073,2.734588417066194,1.5742466449737549,42,100,5.0,0.3,32,0.0
experiments\sd_lora_ici_outputs\DF\DF_near_VASC_0037.png,DF,VASC,a dermoscopic image of dermatofibroma,a dermoscopic image of dermatofibroma,dataset\ISIC2018_Task3_Training_Input\ISIC_0024553.jpg,dataset\ISIC2018_Task3_Training_Input\ISIC_0031827.jpg,ISIC_0024553,ISIC_0031827,-0.0546948313713073,0.0177029967308044,3.8548654850598916,1.5742466449737549,42,100,5.0,0.3,32,0.0
experiments\sd_lora_ici_outputs\DF\DF_near_VASC_0038.png,DF,VASC,a dermoscopic image of dermatofibroma,a dermoscopic image of dermatofibroma,dataset\ISIC2018_Task3_Training_Input\ISIC_0027613.jpg,dataset\ISIC2018_Task3_Training_Input\ISIC_0031827.jpg,ISIC_0027613,ISIC_0031827,0.0939776897430419,0.0177029967308044,0.2146097294219706,1.5751808881759644,42,100,5.0,0.3,32,0.0
experiments\sd_lora_ici_outputs\DF\DF_near_VASC_0039.png,DF,VASC,a dermoscopic image of dermatofibroma,a dermoscopic image of dermatofibroma,dataset\ISIC2018_Task3_Training_Input\ISIC_0031827.jpg,dataset\ISIC2018_Task3_Training_Input\ISIC_0029052.jpg,ISIC_0031827,ISIC_0029052,0.0177029967308044,0.052436351776123,2.9964452237788737,1.5593864917755127,42,100,5.0,0.3,32,0.0
experiments\sd_lora_ici_outputs\DF\DF_near_VASC_0040.png,DF,VASC,a dermoscopic image of dermatofibroma,a dermoscopic image of dermatofibroma,dataset\ISIC2018_Task3_Training_Input\ISIC_0031271.jpg,dataset\ISIC2018_Task3_Training_Input\ISIC_0029052.jpg,ISIC_0031271,ISIC_0029052,0.0645581483840942,0.052436351776123,0.8222043042377065,1.5519678592681885,42,100,5.0,0.3,32,0.0
experiments\sd_lora_ici_outputs\DF\DF_near_VASC_0041.png,DF,VASC,a dermoscopic image of dermatofibroma,a dermoscopic image of dermatofibroma,dataset\ISIC2018_Task3_Training_Input\ISIC_0032468.jpg,dataset\ISIC2018_Task3_Training_Input\ISIC_0029052.jpg,ISIC_0032468,ISIC_0029052,0.0142512917518615,0.052436351776123,3.520188343689666,1.5508105754852295,42,100,5.0,0.3,32,0.0
experiments\sd_lora_ici_outputs\DF\DF_near_VASC_0042.png,DF,VASC,a dermoscopic image of dermatofibroma,a dermoscopic image of dermatofibroma,dataset\ISIC2018_Task3_Training_Input\ISIC_0031827.jpg,dataset\ISIC2018_Task3_Training_Input\ISIC_0029052.jpg,ISIC_0031827,ISIC_0029052,0.0177029967308044,0.052436351776123,3.4669620181108094,1.5593864917755127,42,100,5.0,0.3,32,0.0
experiments\sd_lora_ici_outputs\DF\DF_near_VASC_0043.png,DF,VASC,a dermoscopic image of dermatofibroma,a dermoscopic image of dermatofibroma,dataset\ISIC2018_Task3_Training_Input\ISIC_0024553.jpg,dataset\ISIC2018_Task3_Training_Input\ISIC_0031827.jpg,ISIC_0024553,ISIC_0031827,-0.0546948313713073,0.0177029967308044,1.768371116357954,1.5742466449737549,42,100,5.0,0.3,32,0.0
experiments\sd_lora_ici_outputs\DF\DF_near_VASC_0044.png,DF,VASC,a dermoscopic image of dermatofibroma,a dermoscopic image of dermatofibroma,dataset\ISIC2018_Task3_Training_Input\ISIC_0031271.jpg,dataset\ISIC2018_Task3_Training_Input\ISIC_0029052.jpg,ISIC_0031271,ISIC_0029052,0.0645581483840942,0.052436351776123,0.9131394043841927,1.5519678592681885,42,100,5.0,0.3,32,0.0
experiments\sd_lora_ici_outputs\DF\DF_near_VASC_0045.png,DF,VASC,a dermoscopic image of dermatofibroma,a dermoscopic image of dermatofibroma,dataset\ISIC2018_Task3_Training_Input\ISIC_0031827.jpg,dataset\ISIC2018_Task3_Training_Input\ISIC_0024553.jpg,ISIC_0031827,ISIC_0024553,0.0177029967308044,-0.0546948313713073,2.5295976119253116,1.5742466449737549,42,100,5.0,0.3,32,0.0
experiments\sd_lora_ici_outputs\DF\DF_near_VASC_0046.png,DF,VASC,a dermoscopic image of dermatofibroma,a dermoscopic image of dermatofibroma,dataset\ISIC2018_Task3_Training_Input\ISIC_0024553.jpg,dataset\ISIC2018_Task3_Training_Input\ISIC_0029052.jpg,ISIC_0024553,ISIC_0029052,-0.0546948313713073,0.052436351776123,2.8953908179962338,1.5397595167160034,42,100,5.0,0.3,32,0.0
experiments\sd_lora_ici_outputs\DF\DF_near_VASC_0047.png,DF,VASC,a dermoscopic image of dermatofibroma,a dermoscopic image of dermatofibroma,dataset\ISIC2018_Task3_Training_Input\ISIC_0031827.jpg,dataset\ISIC2018_Task3_Training_Input\ISIC_0031271.jpg,ISIC_0031827,ISIC_0031271,0.0177029967308044,0.0645581483840942,1.489134609066019,1.5516297817230225,42,100,5.0,0.3,32,0.0
experiments\sd_lora_ici_outputs\DF\DF_near_VASC_0048.png,DF,VASC,a dermoscopic image of dermatofibroma,a dermoscopic image of dermatofibroma,dataset\ISIC2018_Task3_Training_Input\ISIC_0027613.jpg,dataset\ISIC2018_Task3_Training_Input\ISIC_0032468.jpg,ISIC_0027613,ISIC_0032468,0.0939776897430419,0.0142512917518615,2.3766552903311347,1.555519700050354,42,100,5.0,0.3,32,0.0
experiments\sd_lora_ici_outputs\DF\DF_near_VASC_0049.png,DF,VASC,a dermoscopic image of dermatofibroma,a dermoscopic image of dermatofibroma,dataset\ISIC2018_Task3_Training_Input\ISIC_0024553.jpg,dataset\ISIC2018_Task3_Training_Input\ISIC_0032468.jpg,ISIC_0024553,ISIC_0032468,-0.0546948313713073,0.0142512917518615,2.976037220999665,1.5590592622756958,42,100,5.0,0.3,32,0.0
experiments\sd_lora_ici_outputs\MEL\MEL_near_AKIEC_0000.png,MEL,AKIEC,a dermoscopic image of melanoma,a dermoscopic image of melanoma,dataset\ISIC2018_Task3_Training_Input\ISIC_0032987.jpg,dataset\ISIC2018_Task3_Training_Input\ISIC_0030014.jpg,ISIC_0032987,ISIC_0030014,0.0584970116615295,0.0712760090827941,0.7932391502925648,1.5562162399291992,42,100,5.0,0.3,32,0.0
experiments\sd_lora_ici_outputs\MEL\MEL_near_AKIEC_0001.png,MEL,AKIEC,a dermoscopic image of melanoma,a dermoscopic image of melanoma,dataset\ISIC2018_Task3_Training_Input\ISIC_0025414.jpg,dataset\ISIC2018_Task3_Training_Input\ISIC_0026420.jpg,ISIC_0025414,ISIC_0026420,0.020545482635498,-0.1550883650779724,2.9087025588948108,1.5659120082855225,42,100,5.0,0.3,32,0.0
experiments\sd_lora_ici_outputs\MEL\MEL_near_AKIEC_0002.png,MEL,AKIEC,a dermoscopic image of melanoma,a dermoscopic image of melanoma,dataset\ISIC2018_Task3_Training_Input\ISIC_0032960.jpg,dataset\ISIC2018_Task3_Training_Input\ISIC_0032915.jpg,ISIC_0032960,ISIC_0032915,-0.0769646763801574,-0.1161043643951416,0.7728660274956193,1.573082447052002,42,100,5.0,0.3,32,0.0
experiments\sd_lora_ici_outputs\MEL\MEL_near_AKIEC_0003.png,MEL,AKIEC,a dermoscopic image of melanoma,a dermoscopic image of melanoma,dataset\ISIC2018_Task3_Training_Input\ISIC_0024554.jpg,dataset\ISIC2018_Task3_Training_Input\ISIC_0033630.jpg,ISIC_0024554,ISIC_0033630,-0.0361199975013732,0.0839152932167053,1.8288520820597032,1.541943907737732,42,100,5.0,0.3,32,0.0
experiments\sd_lora_ici_outputs\MEL\MEL_near_AKIEC_0004.png,MEL,AKIEC,a dermoscopic image of melanoma,a dermoscopic image of melanoma,dataset\ISIC2018_Task3_Training_Input\ISIC_0028968.jpg,dataset\ISIC2018_Task3_Training_Input\ISIC_0030759.jpg,ISIC_0028968,ISIC_0030759,0.0637423992156982,-1.7642974853515625e-05,3.9631303389002923,1.5591764450073242,42,100,5.0,0.3,32,0.0
experiments\sd_lora_ici_outputs\MEL\MEL_near_AKIEC_0005.png,MEL,AKIEC,a dermoscopic image of melanoma,a dermoscopic image of melanoma,dataset\ISIC2018_Task3_Training_Input\ISIC_0030759.jpg,dataset\ISIC2018_Task3_Training_Input\ISIC_0028082.jpg,ISIC_0030759,ISIC_0028082,-1.7642974853515625e-05,0.0016191601753234,0.30510842591733217,1.5335613489151,42,100,5.0,0.3,32,0.0
experiments\sd_lora_ici_outputs\MEL\MEL_near_AKIEC_0006.png,MEL,AKIEC,a dermoscopic image of melanoma,a dermoscopic image of melanoma,dataset\ISIC2018_Task3_Training_Input\ISIC_0029726.jpg,dataset\ISIC2018_Task3_Training_Input\ISIC_0026420.jpg,ISIC_0029726,ISIC_0026420,0.0388864278793334,-0.1550883650779724,3.8759943225970637,1.5602216720581055,42,100,5.0,0.3,32,0.0
experiments\sd_lora_ici_outputs\MEL\MEL_near_AKIEC_0007.png,MEL,AKIEC,a dermoscopic image of melanoma,a dermoscopic image of melanoma,dataset\ISIC2018_Task3_Training_Input\ISIC_0032987.jpg,dataset\ISIC2018_Task3_Training_Input\ISIC_0031186.jpg,ISIC_0032987,ISIC_0031186,0.0584970116615295,-0.0727035999298095,2.9649103276175497,1.557767391204834,42,100,5.0,0.3,32,0.0
experiments\sd_lora_ici_outputs\MEL\MEL_near_AKIEC_0008.png,MEL,AKIEC,a dermoscopic image of melanoma,a dermoscopic image of melanoma,dataset\ISIC2018_Task3_Training_Input\ISIC_0030014.jpg,dataset\ISIC2018_Task3_Training_Input\ISIC_0025414.jpg,ISIC_0030014,ISIC_0025414,0.0712760090827941,0.020545482635498,0.48111645765061045,1.5587122440338135,42,100,5.0,0.3,32,0.0
experiments\sd_lora_ici_outputs\MEL\MEL_near_AKIEC_0009.png,MEL,AKIEC,a dermoscopic image of melanoma,a dermoscopic image of melanoma,dataset\ISIC2018_Task3_Training_Input\ISIC_0030759.jpg,dataset\ISIC2018_Task3_Training_Input\ISIC_0025414.jpg,ISIC_0030759,ISIC_0025414,-1.7642974853515625e-05,0.020545482635498,0.16455002095655136,1.5515793561935425,42,100,5.0,0.3,32,0.0
experiments\sd_lora_ici_outputs\MEL\MEL_near_AKIEC_0010.png,MEL,AKIEC,a dermoscopic image of melanoma,a dermoscopic image of melanoma,dataset\ISIC2018_Task3_Training_Input\ISIC_0029353.jpg,dataset\ISIC2018_Task3_Training_Input\ISIC_0032915.jpg,ISIC_0029353,ISIC_0032915,0.0816494822502136,-0.1161043643951416,1.1273378537838232,1.5556241273880005,42,100,5.0,0.3,32,0.0
experiments\sd_lora_ici_outputs\MEL\MEL_near_AKIEC_0011.png,MEL,AKIEC,a dermoscopic image of melanoma,a dermoscopic image of melanoma,dataset\ISIC2018_Task3_Training_Input\ISIC_0029726.jpg,dataset\ISIC2018_Task3_Training_Input\ISIC_0032960.jpg,ISIC_0029726,ISIC_0032960,0.0388864278793334,-0.0769646763801574,1.0708261604847478,1.5504536628723145,42,100,5.0,0.3,32,0.0
experiments\sd_lora_ici_outputs\MEL\MEL_near_AKIEC_0012.png,MEL,AKIEC,a dermoscopic image of melanoma,a dermoscopic image of melanoma,dataset\ISIC2018_Task3_Training_Input\ISIC_0030564.jpg,dataset\ISIC2018_Task3_Training_Input\ISIC_0030759.jpg,ISIC_0030564,ISIC_0030759,0.0339297652244567,-1.7642974853515625e-05,0.6482869650832571,1.559719443321228,42,100,5.0,0.3,32,0.0
experiments\sd_lora_ici_outputs\MEL\MEL_near_AKIEC_0013.png,MEL,AKIEC,a dermoscopic image of melanoma,a dermoscopic image of melanoma,dataset\ISIC2018_Task3_Training_Input\ISIC_0033603.jpg,dataset\ISIC2018_Task3_Training_Input\ISIC_0033668.jpg,ISIC_0033603,ISIC_0033668,0.0047018527984619,-0.0107393264770507,3.447786123936695,1.5417615175247192,42,100,5.0,0.3,32,0.0
experiments\sd_lora_ici_outputs\MEL\MEL_near_AKIEC_0014.png,MEL,AKIEC,a dermoscopic image of melanoma,a dermoscopic image of melanoma,dataset\ISIC2018_Task3_Training_Input\ISIC_0028968.jpg,dataset\ISIC2018_Task3_Training_Input\ISIC_0026868.jpg,ISIC_0028968,ISIC_0026868,0.0637423992156982,-0.0149483084678649,0.022666665036604427,1.5648281574249268,42,100,5.0,0.3,32,0.0
experiments\sd_lora_ici_outputs\MEL\MEL_near_AKIEC_0015.png,MEL,AKIEC,a dermoscopic image of melanoma,a dermoscopic image of melanoma,dataset\ISIC2018_Task3_Training_Input\ISIC_0024554.jpg,dataset\ISIC2018_Task3_Training_Input\ISIC_0025500.jpg,ISIC_0024554,ISIC_0025500,-0.0361199975013732,-0.0772957801818847,1.8354078409035948,1.5964006185531616,42,100,5.0,0.3,32,0.0
experiments\sd_lora_ici_outputs\MEL\MEL_near_AKIEC_0016.png,MEL,AKIEC,a dermoscopic image of melanoma,a dermoscopic image of melanoma,dataset\ISIC2018_Task3_Training_Input\ISIC_0033708.jpg,dataset\ISIC2018_Task3_Training_Input\ISIC_0030382.jpg,ISIC_0033708,ISIC_0030382,-0.1642273664474487,0.0811961889266967,3.769567049362679,1.5626333951950073,42,100,5.0,0.3,32,0.0
experiments\sd_lora_ici_outputs\MEL\MEL_near_AKIEC_0017.png,MEL,AKIEC,a dermoscopic image of melanoma,a dermoscopic image of melanoma,dataset\ISIC2018_Task3_Training_Input\ISIC_0024647.jpg,dataset\ISIC2018_Task3_Training_Input\ISIC_0026823.jpg,ISIC_0024647,ISIC_0026823,-0.0564348101615905,0.0330210924148559,0.15898043251178764,1.5785220861434937,42,100,5.0,0.3,32,0.0
experiments\sd_lora_ici_outputs\MEL\MEL_near_AKIEC_0018.png,MEL,AKIEC,a dermoscopic image of melanoma,a dermoscopic image of melanoma,dataset\ISIC2018_Task3_Training_Input\ISIC_0030564.jpg,dataset\ISIC2018_Task3_Training_Input\ISIC_0028082.jpg,ISIC_0030564,ISIC_0028082,0.0339297652244567,0.0016191601753234,3.7485378252887993,1.556538462638855,42,100,5.0,0.3,32,0.0
experiments\sd_lora_ici_outputs\MEL\MEL_near_AKIEC_0019.png,MEL,AKIEC,a dermoscopic image of melanoma,a dermoscopic image of melanoma,dataset\ISIC2018_Task3_Training_Input\ISIC_0031957.jpg,dataset\ISIC2018_Task3_Training_Input\ISIC_0025500.jpg,ISIC_0031957,ISIC_0025500,0.0368583798408508,-0.0772957801818847,2.372396883663699,1.5808104276657104,42,100,5.0,0.3,32,0.0
experiments\sd_lora_ici_outputs\MEL\MEL_near_AKIEC_0020.png,MEL,AKIEC,a dermoscopic image of melanoma,a dermoscopic image of melanoma,dataset\ISIC2018_Task3_Training_Input\ISIC_0032248.jpg,dataset\ISIC2018_Task3_Training_Input\ISIC_0033630.jpg,ISIC_0032248,ISIC_0033630,-0.0159391164779663,0.0839152932167053,3.0897179551903005,1.5733006000518799,42,100,5.0,0.3,32,0.0
experiments\sd_lora_ici_outputs\MEL\MEL_near_AKIEC_0021.png,MEL,AKIEC,a dermoscopic image of melanoma,a dermoscopic image of melanoma,dataset\ISIC2018_Task3_Training_Input\ISIC_0032248.jpg,dataset\ISIC2018_Task3_Training_Input\ISIC_0028285.jpg,ISIC_0032248,ISIC_0028285,-0.0159391164779663,0.0752539634704589,2.5132935684711963,1.5634045600891113,42,100,5.0,0.3,32,0.0
experiments\sd_lora_ici_outputs\MEL\MEL_near_AKIEC_0022.png,MEL,AKIEC,a dermoscopic image of melanoma,a dermoscopic image of melanoma,dataset\ISIC2018_Task3_Training_Input\ISIC_0025414.jpg,dataset\ISIC2018_Task3_Training_Input\ISIC_0027179.jpg,ISIC_0025414,ISIC_0027179,0.020545482635498,-0.0521089434623718,3.461394297516316,1.5304828882217407,42,100,5.0,0.3,32,0.0
experiments\sd_lora_ici_outputs\MEL\MEL_near_AKIEC_0023.png,MEL,AKIEC,a dermoscopic image of melanoma,a dermoscopic image of melanoma,dataset\ISIC2018_Task3_Training_Input\ISIC_0027573.jpg,dataset\ISIC2018_Task3_Training_Input\ISIC_0024972.jpg,ISIC_0027573,ISIC_0024972,0.0628262162208557,-0.0125432610511779,1.1861232781310902,1.5952907800674438,42,100,5.0,0.3,32,0.0
experiments\sd_lora_ici_outputs\MEL\MEL_near_AKIEC_0024.png,MEL,AKIEC,a dermoscopic image of melanoma,a dermoscopic image of melanoma,dataset\ISIC2018_Task3_Training_Input\ISIC_0026811.jpg,dataset\ISIC2018_Task3_Training_Input\ISIC_0026823.jpg,ISIC_0026811,ISIC_0026823,0.0717478990554809,0.0330210924148559,3.1319728293135154,1.584668755531311,42,100,5.0,0.3,32,0.0
experiments\sd_lora_ici_outputs\MEL\MEL_near_AKIEC_0025.png,MEL,AKIEC,a dermoscopic image of melanoma,a dermoscopic image of melanoma,dataset\ISIC2018_Task3_Training_Input\ISIC_0032869.jpg,dataset\ISIC2018_Task3_Training_Input\ISIC_0025500.jpg,ISIC_0032869,ISIC_0025500,-0.0542063117027282,-0.0772957801818847,2.230577274911364,1.5497146844863892,42,100,5.0,0.3,32,0.0
experiments\sd_lora_ici_outputs\MEL\MEL_near_AKIEC_0026.png,MEL,AKIEC,a dermoscopic image of melanoma,a dermoscopic image of melanoma,dataset\ISIC2018_Task3_Training_Input\ISIC_0032960.jpg,dataset\ISIC2018_Task3_Training_Input\ISIC_0032915.jpg,ISIC_0032960,ISIC_0032915,-0.0769646763801574,-0.1161043643951416,0.2910995187745688,1.573082447052002,42,100,5.0,0.3,32,0.0
experiments\sd_lora_ici_outputs\MEL\MEL_near_AKIEC_0027.png,MEL,AKIEC,a dermoscopic image of melanoma,a dermoscopic image of melanoma,dataset\ISIC2018_Task3_Training_Input\ISIC_0025414.jpg,dataset\ISIC2018_Task3_Training_Input\ISIC_0024647.jpg,ISIC_0025414,ISIC_0024647,0.020545482635498,-0.0564348101615905,2.7843410324779283,1.596964716911316,42,100,5.0,0.3,32,0.0
experiments\sd_lora_ici_outputs\MEL\MEL_near_AKIEC_0028.png,MEL,AKIEC,a dermoscopic image of melanoma,a dermoscopic image of melanoma,dataset\ISIC2018_Task3_Training_Input\ISIC_0028285.jpg,dataset\ISIC2018_Task3_Training_Input\ISIC_0025414.jpg,ISIC_0028285,ISIC_0025414,0.0752539634704589,0.020545482635498,2.111447941804299,1.56345534324646,42,100,5.0,0.3,32,0.0
experiments\sd_lora_ici_outputs\MEL\MEL_near_AKIEC_0029.png,MEL,AKIEC,a dermoscopic image of melanoma,a dermoscopic image of melanoma,dataset\ISIC2018_Task3_Training_Input\ISIC_0026652.jpg,dataset\ISIC2018_Task3_Training_Input\ISIC_0030014.jpg,ISIC_0026652,ISIC_0030014,-0.0929639935493469,0.0712760090827941,3.849140793365035,1.562148928642273,42,100,5.0,0.3,32,0.0
experiments\sd_lora_ici_outputs\MEL\MEL_near_AKIEC_0030.png,MEL,AKIEC,a dermoscopic image of melanoma,a dermoscopic image of melanoma,dataset\ISIC2018_Task3_Training_Input\ISIC_0033668.jpg,dataset\ISIC2018_Task3_Training_Input\ISIC_0024679.jpg,ISIC_0033668,ISIC_0024679,-0.0107393264770507,0.0682327151298523,2.075410921803387,1.5761051177978516,42,100,5.0,0.3,32,0.0
experiments\sd_lora_ici_outputs\MEL\MEL_near_AKIEC_0031.png,MEL,AKIEC,a dermoscopic image of melanoma,a dermoscopic image of melanoma,dataset\ISIC2018_Task3_Training_Input\ISIC_0030417.jpg,dataset\ISIC2018_Task3_Training_Input\ISIC_0028285.jpg,ISIC_0030417,ISIC_0028285,-0.0007538199424743,0.0752539634704589,3.170293357674555,1.5582804679870605,42,100,5.0,0.3,32,0.0
experiments\sd_lora_ici_outputs\MEL\MEL_near_AKIEC_0032.png,MEL,AKIEC,a dermoscopic image of melanoma,a dermoscopic image of melanoma,dataset\ISIC2018_Task3_Training_Input\ISIC_0032915.jpg,dataset\ISIC2018_Task3_Training_Input\ISIC_0031957.jpg,ISIC_0032915,ISIC_0031957,-0.1161043643951416,0.0368583798408508,0.633922511294406,1.5796163082122803,42,100,5.0,0.3,32,0.0
experiments\sd_lora_ici_outputs\MEL\MEL_near_AKIEC_0033.png,MEL,AKIEC,a dermoscopic image of melanoma,a dermoscopic image of melanoma,dataset\ISIC2018_Task3_Training_Input\ISIC_0025674.jpg,dataset\ISIC2018_Task3_Training_Input\ISIC_0024972.jpg,ISIC_0025674,ISIC_0024972,0.0361628532409668,-0.0125432610511779,2.1965816878009714,1.5534470081329346,42,100,5.0,0.3,32,0.0
experiments\sd_lora_ici_outputs\MEL\MEL_near_AKIEC_0034.png,MEL,AKIEC,a dermoscopic image of melanoma,a dermoscopic image of melanoma,dataset\ISIC2018_Task3_Training_Input\ISIC_0027204.jpg,dataset\ISIC2018_Task3_Training_Input\ISIC_0032182.jpg,ISIC_0027204,ISIC_0032182,-0.0123511552810668,-0.0676634311676025,1.5927345022754218,1.5914417505264282,42,100,5.0,0.3,32,0.0
experiments\sd_lora_ici_outputs\MEL\MEL_near_AKIEC_0035.png,MEL,AKIEC,a dermoscopic image of melanoma,a dermoscopic image of melanoma,dataset\ISIC2018_Task3_Training_Input\ISIC_0028285.jpg,dataset\ISIC2018_Task3_Training_Input\ISIC_0026811.jpg,ISIC_0028285,ISIC_0026811,0.0752539634704589,0.0717478990554809,1.3932146696277474,1.575753927230835,42,100,5.0,0.3,32,0.0
experiments\sd_lora_ici_outputs\MEL\MEL_near_AKIEC_0036.png,MEL,AKIEC,a dermoscopic image of melanoma,a dermoscopic image of melanoma,dataset\ISIC2018_Task3_Training_Input\ISIC_0030910.jpg,dataset\ISIC2018_Task3_Training_Input\ISIC_0024647.jpg,ISIC_0030910,ISIC_0024647,0.0636229515075683,-0.0564348101615905,3.5724728407628326,1.5536984205245972,42,100,5.0,0.3,32,0.0
experiments\sd_lora_ici_outputs\MEL\MEL_near_AKIEC_0037.png,MEL,AKIEC,a dermoscopic image of melanoma,a dermoscopic image of melanoma,dataset\ISIC2018_Task3_Training_Input\ISIC_0030759.jpg,dataset\ISIC2018_Task3_Training_Input\ISIC_0024853.jpg,ISIC_0030759,ISIC_0024853,-1.7642974853515625e-05,0.0338063836097717,2.6389671833539183,1.579350233078003,42,100,5.0,0.3,32,0.0
experiments\sd_lora_ici_outputs\MEL\MEL_near_AKIEC_0038.png,MEL,AKIEC,a dermoscopic image of melanoma,a dermoscopic image of melanoma,dataset\ISIC2018_Task3_Training_Input\ISIC_0032726.jpg,dataset\ISIC2018_Task3_Training_Input\ISIC_0025500.jpg,ISIC_0032726,ISIC_0025500,-0.0452157855033874,-0.0772957801818847,1.3202252177644078,1.5756042003631592,42,100,5.0,0.3,32,0.0
experiments\sd_lora_ici_outputs\MEL\MEL_near_AKIEC_0039.png,MEL,AKIEC,a dermoscopic image of melanoma,a dermoscopic image of melanoma,dataset\ISIC2018_Task3_Training_Input\ISIC_0032869.jpg,dataset\ISIC2018_Task3_Training_Input\ISIC_0032960.jpg,ISIC_0032869,ISIC_0032960,-0.0542063117027282,-0.0769646763801574,1.1638798162134028,1.5848561525344849,42,100,5.0,0.3,32,0.0
experiments\sd_lora_ici_outputs\MEL\MEL_near_AKIEC_0040.png,MEL,AKIEC,a dermoscopic image of melanoma,a dermoscopic image of melanoma,dataset\ISIC2018_Task3_Training_Input\ISIC_0024554.jpg,dataset\ISIC2018_Task3_Training_Input\ISIC_0026823.jpg,ISIC_0024554,ISIC_0026823,-0.0361199975013732,0.0330210924148559,3.906609325697183,1.528425931930542,42,100,5.0,0.3,32,0.0
experiments\sd_lora_ici_outputs\MEL\MEL_near_AKIEC_0041.png,MEL,AKIEC,a dermoscopic image of melanoma,a dermoscopic image of melanoma,dataset\ISIC2018_Task3_Training_Input\ISIC_0033708.jpg,dataset\ISIC2018_Task3_Training_Input\ISIC_0030759.jpg,ISIC_0033708,ISIC_0030759,-0.1642273664474487,-1.7642974853515625e-05,2.4886995665611997,1.5609644651412964,42,100,5.0,0.3,32,0.0
experiments\sd_lora_ici_outputs\MEL\MEL_near_AKIEC_0042.png,MEL,AKIEC,a dermoscopic image of melanoma,a dermoscopic image of melanoma,dataset\ISIC2018_Task3_Training_Input\ISIC_0031957.jpg,dataset\ISIC2018_Task3_Training_Input\ISIC_0029726.jpg,ISIC_0031957,ISIC_0029726,0.0368583798408508,0.0388864278793334,1.89399113667858,1.5753060579299927,42,100,5.0,0.3,32,0.0
experiments\sd_lora_ici_outputs\MEL\MEL_near_AKIEC_0043.png,MEL,AKIEC,a dermoscopic image of melanoma,a dermoscopic image of melanoma,dataset\ISIC2018_Task3_Training_Input\ISIC_0030759.jpg,dataset\ISIC2018_Task3_Training_Input\ISIC_0026697.jpg,ISIC_0030759,ISIC_0026697,-1.7642974853515625e-05,0.0292108058929443,2.24797906738258,1.5689513683319092,42,100,5.0,0.3,32,0.0
experiments\sd_lora_ici_outputs\MEL\MEL_near_AKIEC_0044.png,MEL,AKIEC,a dermoscopic image of melanoma,a dermoscopic image of melanoma,dataset\ISIC2018_Task3_Training_Input\ISIC_0031957.jpg,dataset\ISIC2018_Task3_Training_Input\ISIC_0032960.jpg,ISIC_0031957,ISIC_0032960,0.0368583798408508,-0.0769646763801574,3.0317771657939008,1.558754324913025,42,100,5.0,0.3,32,0.0
experiments\sd_lora_ici_outputs\MEL\MEL_near_AKIEC_0045.png,MEL,AKIEC,a dermoscopic image of melanoma,a dermoscopic image of melanoma,dataset\ISIC2018_Task3_Training_Input\ISIC_0027573.jpg,dataset\ISIC2018_Task3_Training_Input\ISIC_0026652.jpg,ISIC_0027573,ISIC_0026652,0.0628262162208557,-0.0929639935493469,2.641012569251909,1.5447381734848022,42,100,5.0,0.3,32,0.0
experiments\sd_lora_ici_outputs\MEL\MEL_near_AKIEC_0046.png,MEL,AKIEC,a dermoscopic image of melanoma,a dermoscopic image of melanoma,dataset\ISIC2018_Task3_Training_Input\ISIC_0032915.jpg,dataset\ISIC2018_Task3_Training_Input\ISIC_0027204.jpg,ISIC_0032915,ISIC_0027204,-0.1161043643951416,-0.0123511552810668,0.4665826129855094,1.5448909997940063,42,100,5.0,0.3,32,0.0
experiments\sd_lora_ici_outputs\MEL\MEL_near_AKIEC_0047.png,MEL,AKIEC,a dermoscopic image of melanoma,a dermoscopic image of melanoma,dataset\ISIC2018_Task3_Training_Input\ISIC_0033603.jpg,dataset\ISIC2018_Task3_Training_Input\ISIC_0028285.jpg,ISIC_0033603,ISIC_0028285,0.0047018527984619,0.0752539634704589,1.3996981915367697,1.5532119274139404,42,100,5.0,0.3,32,0.0
experiments\sd_lora_ici_outputs\MEL\MEL_near_AKIEC_0048.png,MEL,AKIEC,a dermoscopic image of melanoma,a dermoscopic image of melanoma,dataset\ISIC2018_Task3_Training_Input\ISIC_0027101.jpg,dataset\ISIC2018_Task3_Training_Input\ISIC_0032081.jpg,ISIC_0027101,ISIC_0032081,0.0788844227790832,0.0311480164527893,0.9880544420528453,1.5284079313278198,42,100,5.0,0.3,32,0.0
experiments\sd_lora_ici_outputs\MEL\MEL_near_AKIEC_0049.png,MEL,AKIEC,a dermoscopic image of melanoma,a dermoscopic image of melanoma,dataset\ISIC2018_Task3_Training_Input\ISIC_0030564.jpg,dataset\ISIC2018_Task3_Training_Input\ISIC_0032699.jpg,ISIC_0030564,ISIC_0032699,0.0339297652244567,0.0055631399154663,2.5976652333263535,1.553497314453125,42,100,5.0,0.3,32,0.0
experiments\sd_lora_ici_outputs\MEL\MEL_near_BCC_0000.png,MEL,BCC,a dermoscopic image of melanoma,a dermoscopic image of melanoma,dataset\ISIC2018_Task3_Training_Input\ISIC_0034068.jpg,dataset\ISIC2018_Task3_Training_Input\ISIC_0034087.jpg,ISIC_0034068,ISIC_0034087,0.1718416810035705,0.1373066306114196,3.657894333187876,1.5778968334197998,42,100,5.0,0.3,32,0.0
experiments\sd_lora_ici_outputs\MEL\MEL_near_BCC_0001.png,MEL,BCC,a dermoscopic image of melanoma,a dermoscopic image of melanoma,dataset\ISIC2018_Task3_Training_Input\ISIC_0028915.jpg,dataset\ISIC2018_Task3_Training_Input\ISIC_0029512.jpg,ISIC_0028915,ISIC_0029512,0.1485691666603088,0.000282347202301,0.9935856250396138,1.5419015884399414,42,100,5.0,0.3,32,0.0
experiments\sd_lora_ici_outputs\MEL\MEL_near_BCC_0002.png,MEL,BCC,a dermoscopic image of melanoma,a dermoscopic image of melanoma,dataset\ISIC2018_Task3_Training_Input\ISIC_0032569.jpg,dataset\ISIC2018_Task3_Training_Input\ISIC_0034064.jpg,ISIC_0032569,ISIC_0034064,0.0448941588401794,0.1114984154701232,0.1601860554507547,1.5641570091247559,42,100,5.0,0.3,32,0.0
experiments\sd_lora_ici_outputs\MEL\MEL_near_BCC_0003.png,MEL,BCC,a dermoscopic image of melanoma,a dermoscopic image of melanoma,dataset\ISIC2018_Task3_Training_Input\ISIC_0033178.jpg,dataset\ISIC2018_Task3_Training_Input\ISIC_0029512.jpg,ISIC_0033178,ISIC_0029512,0.1602433919906616,0.000282347202301,3.5712325240338187,1.5582202672958374,42,100,5.0,0.3,32,0.0
experiments\sd_lora_ici_outputs\MEL\MEL_near_BCC_0004.png,MEL,BCC,a dermoscopic image of melanoma,a dermoscopic image of melanoma,dataset\ISIC2018_Task3_Training_Input\ISIC_0033073.jpg,dataset\ISIC2018_Task3_Training_Input\ISIC_0033325.jpg,ISIC_0033073,ISIC_0033325,0.1394479870796203,0.1397759914398193,1.5457773746913681,1.5501810312271118,42,100,5.0,0.3,32,0.0
experiments\sd_lora_ici_outputs\MEL\MEL_near_BCC_0005.png,MEL,BCC,a dermoscopic image of melanoma,a dermoscopic image of melanoma,dataset\ISIC2018_Task3_Training_Input\ISIC_0032984.jpg,dataset\ISIC2018_Task3_Training_Input\ISIC_0033487.jpg,ISIC_0032984,ISIC_0033487,0.1624167561531067,0.1474166512489318,3.1821417857153453,1.572121500968933,42,100,5.0,0.3,32,0.0
experiments\sd_lora_ici_outputs\MEL\MEL_near_BCC_0006.png,MEL,BCC,a dermoscopic image of melanoma,a dermoscopic image of melanoma,dataset\ISIC2018_Task3_Training_Input\ISIC_0032982.jpg,dataset\ISIC2018_Task3_Training_Input\ISIC_0032569.jpg,ISIC_0032982,ISIC_0032569,0.1174312233924865,0.0448941588401794,0.45187331302316114,1.5764374732971191,42,100,5.0,0.3,32,0.0
experiments\sd_lora_ici_outputs\MEL\MEL_near_BCC_0007.png,MEL,BCC,a dermoscopic image of melanoma,a dermoscopic image of melanoma,dataset\ISIC2018_Task3_Training_Input\ISIC_0034068.jpg,dataset\ISIC2018_Task3_Training_Input\ISIC_0027651.jpg,ISIC_0034068,ISIC_0027651,0.1718416810035705,0.1476905345916748,1.0317822516895676,1.562544822692871,42,100,5.0,0.3,32,0.0
experiments\sd_lora_ici_outputs\MEL\MEL_near_BCC_0008.png,MEL,BCC,a dermoscopic image of melanoma,a dermoscopic image of melanoma,dataset\ISIC2018_Task3_Training_Input\ISIC_0031389.jpg,dataset\ISIC2018_Task3_Training_Input\ISIC_0032722.jpg,ISIC_0031389,ISIC_0032722,0.1593291163444519,0.1526796221733093,2.903010731011318,1.5669500827789307,42,100,5.0,0.3,32,0.0
experiments\sd_lora_ici_outputs\MEL\MEL_near_BCC_0009.png,MEL,BCC,a dermoscopic image of melanoma,a dermoscopic image of melanoma,dataset\ISIC2018_Task3_Training_Input\ISIC_0029163.jpg,dataset\ISIC2018_Task3_Training_Input\ISIC_0034068.jpg,ISIC_0029163,ISIC_0034068,0.058275282382965,0.1718416810035705,0.09916246838604631,1.5654176473617554,42,100,5.0,0.3,32,0.0
experiments\sd_lora_ici_outputs\MEL\MEL_near_BCC_0010.png,MEL,BCC,a dermoscopic image of melanoma,a dermoscopic image of melanoma,dataset\ISIC2018_Task3_Training_Input\ISIC_0032569.jpg,dataset\ISIC2018_Task3_Training_Input\ISIC_0032372.jpg,ISIC_0032569,ISIC_0032372,0.0448941588401794,0.1375768184661865,2.0281018647411706,1.6012885570526123,42,100,5.0,0.3,32,0.0
experiments\sd_lora_ici_outputs\MEL\MEL_near_BCC_0011.png,MEL,BCC,a dermoscopic image of melanoma,a dermoscopic image of melanoma,dataset\ISIC2018_Task3_Training_Input\ISIC_0027502.jpg,dataset\ISIC2018_Task3_Training_Input\ISIC_0025409.jpg,ISIC_0027502,ISIC_0025409,0.1449403762817382,-0.0101029276847839,3.1390840749180104,1.542220115661621,42,100,5.0,0.3,32,0.0
experiments\sd_lora_ici_outputs\MEL\MEL_near_BCC_0012.png,MEL,BCC,a dermoscopic image of melanoma,a dermoscopic image of melanoma,dataset\ISIC2018_Task3_Training_Input\ISIC_0034134.jpg,dataset\ISIC2018_Task3_Training_Input\ISIC_0033487.jpg,ISIC_0034134,ISIC_0033487,0.0086394548416137,0.1474166512489318,2.0569497403437027,1.5710151195526123,42,100,5.0,0.3,32,0.0
experiments\sd_lora_ici_outputs\MEL\MEL_near_BCC_0013.png,MEL,BCC,a dermoscopic image of melanoma,a dermoscopic image of melanoma,dataset\ISIC2018_Task3_Training_Input\ISIC_0032079.jpg,dataset\ISIC2018_Task3_Training_Input\ISIC_0032408.jpg,ISIC_0032079,ISIC_0032408,0.04987633228302,0.109588086605072,2.014860069859011,1.586452603340149,42,100,5.0,0.3,32,0.0
experiments\sd_lora_ici_outputs\MEL\MEL_near_BCC_0014.png,MEL,BCC,a dermoscopic image of melanoma,a dermoscopic image of melanoma,dataset\ISIC2018_Task3_Training_Input\ISIC_0025550.jpg,dataset\ISIC2018_Task3_Training_Input\ISIC_0034064.jpg,ISIC_0025550,ISIC_0034064,0.0579800009727478,0.1114984154701232,1.9295350805275888,1.585192322731018,42,100,5.0,0.3,32,0.0
experiments\sd_lora_ici_outputs\MEL\MEL_near_BCC_0015.png,MEL,BCC,a dermoscopic image of melanoma,a dermoscopic image of melanoma,dataset\ISIC2018_Task3_Training_Input\ISIC_0033538.jpg,dataset\ISIC2018_Task3_Training_Input\ISIC_0027900.jpg,ISIC_0033538,ISIC_0027900,0.1665788292884826,0.0786250829696655,1.1876125131667126,1.5683141946792603,42,100,5.0,0.3,32,0.0
experiments\sd_lora_ici_outputs\MEL\MEL_near_BCC_0016.png,MEL,BCC,a dermoscopic image of melanoma,a dermoscopic image of melanoma,dataset\ISIC2018_Task3_Training_Input\ISIC_0032982.jpg,dataset\ISIC2018_Task3_Training_Input\ISIC_0033487.jpg,ISIC_0032982,ISIC_0033487,0.1174312233924865,0.1474166512489318,2.574978186684001,1.5897891521453857,42,100,5.0,0.3,32,0.0
experiments\sd_lora_ici_outputs\MEL\MEL_near_BCC_0017.png,MEL,BCC,a dermoscopic image of melanoma,a dermoscopic image of melanoma,dataset\ISIC2018_Task3_Training_Input\ISIC_0033893.jpg,dataset\ISIC2018_Task3_Training_Input\ISIC_0027261.jpg,ISIC_0033893,ISIC_0027261,0.1064384579658508,0.0055676698684692,1.3167391490274214,1.52846097946167,42,100,5.0,0.3,32,0.0
experiments\sd_lora_ici_outputs\MEL\MEL_near_BCC_0018.png,MEL,BCC,a dermoscopic image of melanoma,a dermoscopic image of melanoma,dataset\ISIC2018_Task3_Training_Input\ISIC_0032921.jpg,dataset\ISIC2018_Task3_Training_Input\ISIC_0028930.jpg,ISIC_0032921,ISIC_0028930,0.1006275415420532,0.0614694356918334,0.3337725934562166,1.550132393836975,42,100,5.0,0.3,32,0.0
experiments\sd_lora_ici_outputs\MEL\MEL_near_BCC_0019.png,MEL,BCC,a dermoscopic image of melanoma,a dermoscopic image of melanoma,dataset\ISIC2018_Task3_Training_Input\ISIC_0031389.jpg,dataset\ISIC2018_Task3_Training_Input\ISIC_0027651.jpg,ISIC_0031389,ISIC_0027651,0.1593291163444519,0.1476905345916748,0.38753635033379735,1.5557560920715332,42,100,5.0,0.3,32,0.0
experiments\sd_lora_ici_outputs\MEL\MEL_near_BCC_0020.png,MEL,BCC,a dermoscopic image of melanoma,a dermoscopic image of melanoma,dataset\ISIC2018_Task3_Training_Input\ISIC_0031844.jpg,dataset\ISIC2018_Task3_Training_Input\ISIC_0032569.jpg,ISIC_0031844,ISIC_0032569,0.1044926047325134,0.0448941588401794,3.8452666444217085,1.5876463651657104,42,100,5.0,0.3,32,0.0
experiments\sd_lora_ici_outputs\MEL\MEL_near_BCC_0021.png,MEL,BCC,a dermoscopic image of melanoma,a dermoscopic image of melanoma,dataset\ISIC2018_Task3_Training_Input\ISIC_0031389.jpg,dataset\ISIC2018_Task3_Training_Input\ISIC_0032408.jpg,ISIC_0031389,ISIC_0032408,0.1593291163444519,0.109588086605072,3.094301366322081,1.570274829864502,42,100,5.0,0.3,32,0.0
experiments\sd_lora_ici_outputs\MEL\MEL_near_BCC_0022.png,MEL,BCC,a dermoscopic image of melanoma,a dermoscopic image of melanoma,dataset\ISIC2018_Task3_Training_Input\ISIC_0024886.jpg,dataset\ISIC2018_Task3_Training_Input\ISIC_0033038.jpg,ISIC_0024886,ISIC_0033038,0.1570541262626648,0.1474499702453613,2.1718124597247788,1.5425968170166016,42,100,5.0,0.3,32,0.0
experiments\sd_lora_ici_outputs\MEL\MEL_near_BCC_0023.png,MEL,BCC,a dermoscopic image of melanoma,a dermoscopic image of melanoma,dataset\ISIC2018_Task3_Training_Input\ISIC_0027261.jpg,dataset\ISIC2018_Task3_Training_Input\ISIC_0027502.jpg,ISIC_0027261,ISIC_0027502,0.0055676698684692,0.1449403762817382,2.543190187689171,1.5488958358764648,42,100,5.0,0.3,32,0.0
experiments\sd_lora_ici_outputs\MEL\MEL_near_BCC_0024.png,MEL,BCC,a dermoscopic image of melanoma,a dermoscopic image of melanoma,dataset\ISIC2018_Task3_Training_Input\ISIC_0033178.jpg,dataset\ISIC2018_Task3_Training_Input\ISIC_0025550.jpg,ISIC_0033178,ISIC_0025550,0.1602433919906616,0.0579800009727478,0.840289242176586,1.5760990381240845,42,100,5.0,0.3,32,0.0
experiments\sd_lora_ici_outputs\MEL\MEL_near_BCC_0025.png,MEL,BCC,a dermoscopic image of melanoma,a dermoscopic image of melanoma,dataset\ISIC2018_Task3_Training_Input\ISIC_0032722.jpg,dataset\ISIC2018_Task3_Training_Input\ISIC_0032079.jpg,ISIC_0032722,ISIC_0032079,0.1526796221733093,0.04987633228302,2.5429590656155203,1.5554147958755493,42,100,5.0,0.3,32,0.0
experiments\sd_lora_ici_outputs\MEL\MEL_near_BCC_0026.png,MEL,BCC,a dermoscopic image of melanoma,a dermoscopic image of melanoma,dataset\ISIC2018_Task3_Training_Input\ISIC_0025550.jpg,dataset\ISIC2018_Task3_Training_Input\ISIC_0033704.jpg,ISIC_0025550,ISIC_0033704,0.0579800009727478,0.1618472337722778,0.8594456624100714,1.5584683418273926,42,100,5.0,0.3,32,0.0
experiments\sd_lora_ici_outputs\MEL\MEL_near_BCC_0027.png,MEL,BCC,a dermoscopic image of melanoma,a dermoscopic image of melanoma,dataset\ISIC2018_Task3_Training_Input\ISIC_0024886.jpg,dataset\ISIC2018_Task3_Training_Input\ISIC_0030828.jpg,ISIC_0024886,ISIC_0030828,0.1570541262626648,0.1698004603385925,2.7122502154748913,1.587806224822998,42,100,5.0,0.3,32,0.0
experiments\sd_lora_ici_outputs\MEL\MEL_near_BCC_0028.png,MEL,BCC,a dermoscopic image of melanoma,a dermoscopic image of melanoma,dataset\ISIC2018_Task3_Training_Input\ISIC_0031023.jpg,dataset\ISIC2018_Task3_Training_Input\ISIC_0034222.jpg,ISIC_0031023,ISIC_0034222,0.1529043912887573,0.1132023334503173,3.4151685598092985,1.53744637966156,42,100,5.0,0.3,32,0.0
experiments\sd_lora_ici_outputs\MEL\MEL_near_BCC_0029.png,MEL,BCC,a dermoscopic image of melanoma,a dermoscopic image of melanoma,dataset\ISIC2018_Task3_Training_Input\ISIC_0028915.jpg,dataset\ISIC2018_Task3_Training_Input\ISIC_0033424.jpg,ISIC_0028915,ISIC_0033424,0.1485691666603088,-0.0284917950630188,0.8343127338221156,1.5482138395309448,42,100,5.0,0.3,32,0.0
experiments\sd_lora_ici_outputs\MEL\MEL_near_BCC_0030.png,MEL,BCC,a dermoscopic image of melanoma,a dermoscopic image of melanoma,dataset\ISIC2018_Task3_Training_Input\ISIC_0033024.jpg,dataset\ISIC2018_Task3_Training_Input\ISIC_0027261.jpg,ISIC_0033024,ISIC_0027261,-0.042301058769226,0.0055676698684692,3.2874226732783605,1.5839707851409912,42,100,5.0,0.3,32,0.0
experiments\sd_lora_ici_outputs\MEL\MEL_near_BCC_0031.png,MEL,BCC,a dermoscopic image of melanoma,a dermoscopic image of melanoma,dataset\ISIC2018_Task3_Training_Input\ISIC_0033424.jpg,dataset\ISIC2018_Task3_Training_Input\ISIC_0033178.jpg,ISIC_0033424,ISIC_0033178,-0.0284917950630188,0.1602433919906616,3.542094099519012,1.558580994606018,42,100,5.0,0.3,32,0.0
experiments\sd_lora_ici_outputs\MEL\MEL_near_BCC_0032.png,MEL,BCC,a dermoscopic image of melanoma,a dermoscopic image of melanoma,dataset\ISIC2018_Task3_Training_Input\ISIC_0034068.jpg,dataset\ISIC2018_Task3_Training_Input\ISIC_0028915.jpg,ISIC_0034068,ISIC_0028915,0.1718416810035705,0.1485691666603088,2.941823556823664,1.583438515663147,42,100,5.0,0.3,32,0.0
experiments\sd_lora_ici_outputs\MEL\MEL_near_BCC_0033.png,MEL,BCC,a dermoscopic image of melanoma,a dermoscopic image of melanoma,dataset\ISIC2018_Task3_Training_Input\ISIC_0032921.jpg,dataset\ISIC2018_Task3_Training_Input\ISIC_0033178.jpg,ISIC_0032921,ISIC_0033178,0.1006275415420532,0.1602433919906616,1.790182395410588,1.527598261833191,42,100,5.0,0.3,32,0.0
experiments\sd_lora_ici_outputs\MEL\MEL_near_BCC_0034.png,MEL,BCC,a dermoscopic image of melanoma,a dermoscopic image of melanoma,dataset\ISIC2018_Task3_Training_Input\ISIC_0029242.jpg,dataset\ISIC2018_Task3_Training_Input\ISIC_0034068.jpg,ISIC_0029242,ISIC_0034068,0.069248616695404,0.1718416810035705,3.3403834232801435,1.5362963676452637,42,100,5.0,0.3,32,0.0
experiments\sd_lora_ici_outputs\MEL\MEL_near_BCC_0035.png,MEL,BCC,a dermoscopic image of melanoma,a dermoscopic image of melanoma,dataset\ISIC2018_Task3_Training_Input\ISIC_0028915.jpg,dataset\ISIC2018_Task3_Training_Input\ISIC_0034087.jpg,ISIC_0028915,ISIC_0034087,0.1485691666603088,0.1373066306114196,0.29357138722262555,1.5435646772384644,42,100,5.0,0.3,32,0.0
experiments\sd_lora_ici_outputs\MEL\MEL_near_BCC_0036.png,MEL,BCC,a dermoscopic image of melanoma,a dermoscopic image of melanoma,dataset\ISIC2018_Task3_Training_Input\ISIC_0024886.jpg,dataset\ISIC2018_Task3_Training_Input\ISIC_0031389.jpg,ISIC_0024886,ISIC_0031389,0.1570541262626648,0.1593291163444519,2.7906792061523,1.5446199178695679,42,100,5.0,0.3,32,0.0
experiments\sd_lora_ici_outputs\MEL\MEL_near_BCC_0037.png,MEL,BCC,a dermoscopic image of melanoma,a dermoscopic image of melanoma,dataset\ISIC2018_Task3_Training_Input\ISIC_0033024.jpg,dataset\ISIC2018_Task3_Training_Input\ISIC_0032840.jpg,ISIC_0033024,ISIC_0032840,-0.042301058769226,0.1435847878456115,0.09722492464634191,1.5350401401519775,42,100,5.0,0.3,32,0.0
experiments\sd_lora_ici_outputs\MEL\MEL_near_BCC_0038.png,MEL,BCC,a dermoscopic image of melanoma,a dermoscopic image of melanoma,dataset\ISIC2018_Task3_Training_Input\ISIC_0031389.jpg,dataset\ISIC2018_Task3_Training_Input\ISIC_0033038.jpg,ISIC_0031389,ISIC_0033038,0.1593291163444519,0.1474499702453613,2.852598914030745,1.5789868831634521,42,100,5.0,0.3,32,0.0
experiments\sd_lora_ici_outputs\MEL\MEL_near_BCC_0039.png,MEL,BCC,a dermoscopic image of melanoma,a dermoscopic image of melanoma,dataset\ISIC2018_Task3_Training_Input\ISIC_0033893.jpg,dataset\ISIC2018_Task3_Training_Input\ISIC_0033178.jpg,ISIC_0033893,ISIC_0033178,0.1064384579658508,0.1602433919906616,0.15306443449268212,1.555206060409546,42,100,5.0,0.3,32,0.0
experiments\sd_lora_ici_outputs\MEL\MEL_near_BCC_0040.png,MEL,BCC,a dermoscopic image of melanoma,a dermoscopic image of melanoma,dataset\ISIC2018_Task3_Training_Input\ISIC_0032408.jpg,dataset\ISIC2018_Task3_Training_Input\ISIC_0033752.jpg,ISIC_0032408,ISIC_0033752,0.109588086605072,0.1423741579055786,0.2949986093343486,1.5601122379302979,42,100,5.0,0.3,32,0.0
experiments\sd_lora_ici_outputs\MEL\MEL_near_BCC_0041.png,MEL,BCC,a dermoscopic image of melanoma,a dermoscopic image of melanoma,dataset\ISIC2018_Task3_Training_Input\ISIC_0024987.jpg,dataset\ISIC2018_Task3_Training_Input\ISIC_0032984.jpg,ISIC_0024987,ISIC_0032984,0.0833014249801635,0.1624167561531067,0.7116288273029429,1.5715464353561401,42,100,5.0,0.3,32,0.0
experiments\sd_lora_ici_outputs\MEL\MEL_near_BCC_0042.png,MEL,BCC,a dermoscopic image of melanoma,a dermoscopic image of melanoma,dataset\ISIC2018_Task3_Training_Input\ISIC_0034256.jpg,dataset\ISIC2018_Task3_Training_Input\ISIC_0032408.jpg,ISIC_0034256,ISIC_0032408,0.1343965530395507,0.109588086605072,0.9836534360865168,1.6090877056121826,42,100,5.0,0.3,32,0.0
experiments\sd_lora_ici_outputs\MEL\MEL_near_BCC_0043.png,MEL,BCC,a dermoscopic image of melanoma,a dermoscopic image of melanoma,dataset\ISIC2018_Task3_Training_Input\ISIC_0033325.jpg,dataset\ISIC2018_Task3_Training_Input\ISIC_0029512.jpg,ISIC_0033325,ISIC_0029512,0.1397759914398193,0.000282347202301,0.2759908323935824,1.6036790609359741,42,100,5.0,0.3,32,0.0
experiments\sd_lora_ici_outputs\MEL\MEL_near_BCC_0044.png,MEL,BCC,a dermoscopic image of melanoma,a dermoscopic image of melanoma,dataset\ISIC2018_Task3_Training_Input\ISIC_0029453.jpg,dataset\ISIC2018_Task3_Training_Input\ISIC_0025409.jpg,ISIC_0029453,ISIC_0025409,0.1658433675765991,-0.0101029276847839,3.3589807519946877,1.5368907451629639,42,100,5.0,0.3,32,0.0
experiments\sd_lora_ici_outputs\MEL\MEL_near_BCC_0045.png,MEL,BCC,a dermoscopic image of melanoma,a dermoscopic image of melanoma,dataset\ISIC2018_Task3_Training_Input\ISIC_0025550.jpg,dataset\ISIC2018_Task3_Training_Input\ISIC_0033073.jpg,ISIC_0025550,ISIC_0033073,0.0579800009727478,0.1394479870796203,3.6340012828393697,1.5750950574874878,42,100,5.0,0.3,32,0.0
experiments\sd_lora_ici_outputs\MEL\MEL_near_BCC_0046.png,MEL,BCC,a dermoscopic image of melanoma,a dermoscopic image of melanoma,dataset\ISIC2018_Task3_Training_Input\ISIC_0034087.jpg,dataset\ISIC2018_Task3_Training_Input\ISIC_0033752.jpg,ISIC_0034087,ISIC_0033752,0.1373066306114196,0.1423741579055786,1.6393407494010728,1.5623550415039062,42,100,5.0,0.3,32,0.0
experiments\sd_lora_ici_outputs\MEL\MEL_near_BCC_0047.png,MEL,BCC,a dermoscopic image of melanoma,a dermoscopic image of melanoma,dataset\ISIC2018_Task3_Training_Input\ISIC_0033325.jpg,dataset\ISIC2018_Task3_Training_Input\ISIC_0029242.jpg,ISIC_0033325,ISIC_0029242,0.1397759914398193,0.069248616695404,1.8225858646271365,1.5552113056182861,42,100,5.0,0.3,32,0.0
experiments\sd_lora_ici_outputs\MEL\MEL_near_BCC_0048.png,MEL,BCC,a dermoscopic image of melanoma,a dermoscopic image of melanoma,dataset\ISIC2018_Task3_Training_Input\ISIC_0034222.jpg,dataset\ISIC2018_Task3_Training_Input\ISIC_0031023.jpg,ISIC_0034222,ISIC_0031023,0.1132023334503173,0.1529043912887573,1.6528848711890565,1.53744637966156,42,100,5.0,0.3,32,0.0
experiments\sd_lora_ici_outputs\MEL\MEL_near_BCC_0049.png,MEL,BCC,a dermoscopic image of melanoma,a dermoscopic image of melanoma,dataset\ISIC2018_Task3_Training_Input\ISIC_0032079.jpg,dataset\ISIC2018_Task3_Training_Input\ISIC_0034064.jpg,ISIC_0032079,ISIC_0034064,0.04987633228302,0.1114984154701232,1.2923816401974475,1.5382658243179321,42,100,5.0,0.3,32,0.0
experiments\sd_lora_ici_outputs\MEL\MEL_near_BKL_0000.png,MEL,BKL,a dermoscopic image of melanoma,a dermoscopic image of melanoma,dataset\ISIC2018_Task3_Training_Input\ISIC_0033901.jpg,dataset\ISIC2018_Task3_Training_Input\ISIC_0026247.jpg,ISIC_0033901,ISIC_0026247,0.1200665235519409,0.0595772862434387,1.5897968597136294,1.5393868684768677,42,100,5.0,0.3,32,0.0
experiments\sd_lora_ici_outputs\MEL\MEL_near_BKL_0001.png,MEL,BKL,a dermoscopic image of melanoma,a dermoscopic image of melanoma,dataset\ISIC2018_Task3_Training_Input\ISIC_0033029.jpg,dataset\ISIC2018_Task3_Training_Input\ISIC_0027561.jpg,ISIC_0033029,ISIC_0027561,0.1217115521430969,0.0709412097930908,0.47318126978177866,1.5709350109100342,42,100,5.0,0.3,32,0.0
experiments\sd_lora_ici_outputs\MEL\MEL_near_BKL_0002.png,MEL,BKL,a dermoscopic image of melanoma,a dermoscopic image of melanoma,dataset\ISIC2018_Task3_Training_Input\ISIC_0028969.jpg,dataset\ISIC2018_Task3_Training_Input\ISIC_0033947.jpg,ISIC_0028969,ISIC_0033947,0.0720283985137939,0.0020126104354858,0.023787965587494696,1.5581010580062866,42,100,5.0,0.3,32,0.0
experiments\sd_lora_ici_outputs\MEL\MEL_near_BKL_0003.png,MEL,BKL,a dermoscopic image of melanoma,a dermoscopic image of melanoma,dataset\ISIC2018_Task3_Training_Input\ISIC_0026604.jpg,dataset\ISIC2018_Task3_Training_Input\ISIC_0027105.jpg,ISIC_0026604,ISIC_0027105,0.1277846097946167,0.0710769891738891,2.9115766836930295,1.5543771982192993,42,100,5.0,0.3,32,0.0
experiments\sd_lora_ici_outputs\MEL\MEL_near_BKL_0004.png,MEL,BKL,a dermoscopic image of melanoma,a dermoscopic image of melanoma,dataset\ISIC2018_Task3_Training_Input\ISIC_0033061.jpg,dataset\ISIC2018_Task3_Training_Input\ISIC_0032610.jpg,ISIC_0033061,ISIC_0032610,0.0916222333908081,0.1048894524574279,0.24931089387699537,1.5937269926071167,42,100,5.0,0.3,32,0.0
experiments\sd_lora_ici_outputs\MEL\MEL_near_BKL_0005.png,MEL,BKL,a dermoscopic image of melanoma,a dermoscopic image of melanoma,dataset\ISIC2018_Task3_Training_Input\ISIC_0026258.jpg,dataset\ISIC2018_Task3_Training_Input\ISIC_0026247.jpg,ISIC_0026258,ISIC_0026247,-0.0216559767723083,0.0595772862434387,2.9878831081011374,1.5686519145965576,42,100,5.0,0.3,32,0.0
experiments\sd_lora_ici_outputs\MEL\MEL_near_BKL_0006.png,MEL,BKL,a dermoscopic image of melanoma,a dermoscopic image of melanoma,dataset\ISIC2018_Task3_Training_Input\ISIC_0027480.jpg,dataset\ISIC2018_Task3_Training_Input\ISIC_0024911.jpg,ISIC_0027480,ISIC_0024911,0.035780906677246,0.0803872346878051,0.18245232858683325,1.5674824714660645,42,100,5.0,0.3,32,0.0
experiments\sd_lora_ici_outputs\MEL\MEL_near_BKL_0007.png,MEL,BKL,a dermoscopic image of melanoma,a dermoscopic image of melanoma,dataset\ISIC2018_Task3_Training_Input\ISIC_0028103.jpg,dataset\ISIC2018_Task3_Training_Input\ISIC_0028056.jpg,ISIC_0028103,ISIC_0028056,-0.0056636333465576,0.0433482527732849,3.387738449371304,1.5732382535934448,42,100,5.0,0.3,32,0.0
experiments\sd_lora_ici_outputs\MEL\MEL_near_BKL_0008.png,MEL,BKL,a dermoscopic image of melanoma,a dermoscopic image of melanoma,dataset\ISIC2018_Task3_Training_Input\ISIC_0030901.jpg,dataset\ISIC2018_Task3_Training_Input\ISIC_0027480.jpg,ISIC_0030901,ISIC_0027480,0.0791035294532775,0.035780906677246,1.4671729863591,1.5318549871444702,42,100,5.0,0.3,32,0.0
experiments\sd_lora_ici_outputs\MEL\MEL_near_BKL_0009.png,MEL,BKL,a dermoscopic image of melanoma,a dermoscopic image of melanoma,dataset\ISIC2018_Task3_Training_Input\ISIC_0024932.jpg,dataset\ISIC2018_Task3_Training_Input\ISIC_0026258.jpg,ISIC_0024932,ISIC_0026258,0.0086071491241455,-0.0216559767723083,1.9954521799041118,1.5833091735839844,42,100,5.0,0.3,32,0.0
experiments\sd_lora_ici_outputs\MEL\MEL_near_BKL_0010.png,MEL,BKL,a dermoscopic image of melanoma,a dermoscopic image of melanoma,dataset\ISIC2018_Task3_Training_Input\ISIC_0031746.jpg,dataset\ISIC2018_Task3_Training_Input\ISIC_0028069.jpg,ISIC_0031746,ISIC_0028069,-0.0298600792884826,0.0552124381065368,1.160137526317542,1.5697251558303833,42,100,5.0,0.3,32,0.0
experiments\sd_lora_ici_outputs\MEL\MEL_near_BKL_0011.png,MEL,BKL,a dermoscopic image of melanoma,a dermoscopic image of melanoma,dataset\ISIC2018_Task3_Training_Input\ISIC_0033520.jpg,dataset\ISIC2018_Task3_Training_Input\ISIC_0033643.jpg,ISIC_0033520,ISIC_0033643,0.0715246796607971,0.1096323728561401,2.686101184150013,1.6043709516525269,42,100,5.0,0.3,32,0.0
experiments\sd_lora_ici_outputs\MEL\MEL_near_BKL_0012.png,MEL,BKL,a dermoscopic image of melanoma,a dermoscopic image of melanoma,dataset\ISIC2018_Task3_Training_Input\ISIC_0026963.jpg,dataset\ISIC2018_Task3_Training_Input\ISIC_0027480.jpg,ISIC_0026963,ISIC_0027480,0.0720308423042297,0.035780906677246,2.4132268710633316,1.5792819261550903,42,100,5.0,0.3,32,0.0
experiments\sd_lora_ici_outputs\MEL\MEL_near_BKL_0013.png,MEL,BKL,a dermoscopic image of melanoma,a dermoscopic image of melanoma,dataset\ISIC2018_Task3_Training_Input\ISIC_0032526.jpg,dataset\ISIC2018_Task3_Training_Input\ISIC_0026247.jpg,ISIC_0032526,ISIC_0026247,0.0098921656608581,0.0595772862434387,1.1005210899265785,1.6072624921798706,42,100,5.0,0.3,32,0.0
experiments\sd_lora_ici_outputs\MEL\MEL_near_BKL_0014.png,MEL,BKL,a dermoscopic image of melanoma,a dermoscopic image of melanoma,dataset\ISIC2018_Task3_Training_Input\ISIC_0033856.jpg,dataset\ISIC2018_Task3_Training_Input\ISIC_0033029.jpg,ISIC_0033856,ISIC_0033029,0.108696699142456,0.1217115521430969,3.6583821760814432,1.5915697813034058,42,100,5.0,0.3,32,0.0
experiments\sd_lora_ici_outputs\MEL\MEL_near_BKL_0015.png,MEL,BKL,a dermoscopic image of melanoma,a dermoscopic image of melanoma,dataset\ISIC2018_Task3_Training_Input\ISIC_0026247.jpg,dataset\ISIC2018_Task3_Training_Input\ISIC_0030281.jpg,ISIC_0026247,ISIC_0030281,0.0595772862434387,0.0169287919998168,1.5564459531060595,1.5397207736968994,42,100,5.0,0.3,32,0.0
experiments\sd_lora_ici_outputs\MEL\MEL_near_BKL_0016.png,MEL,BKL,a dermoscopic image of melanoma,a dermoscopic image of melanoma,dataset\ISIC2018_Task3_Training_Input\ISIC_0026604.jpg,dataset\ISIC2018_Task3_Training_Input\ISIC_0032526.jpg,ISIC_0026604,ISIC_0032526,0.1277846097946167,0.0098921656608581,3.272514985910859,1.5784640312194824,42,100,5.0,0.3,32,0.0
experiments\sd_lora_ici_outputs\MEL\MEL_near_BKL_0017.png,MEL,BKL,a dermoscopic image of melanoma,a dermoscopic image of melanoma,dataset\ISIC2018_Task3_Training_Input\ISIC_0032552.jpg,dataset\ISIC2018_Task3_Training_Input\ISIC_0033061.jpg,ISIC_0032552,ISIC_0033061,0.0819824337959289,0.0916222333908081,0.12280917983593144,1.5767749547958374,42,100,5.0,0.3,32,0.0
experiments\sd_lora_ici_outputs\MEL\MEL_near_BKL_0018.png,MEL,BKL,a dermoscopic image of melanoma,a dermoscopic image of melanoma,dataset\ISIC2018_Task3_Training_Input\ISIC_0024911.jpg,dataset\ISIC2018_Task3_Training_Input\ISIC_0032552.jpg,ISIC_0024911,ISIC_0032552,0.0803872346878051,0.0819824337959289,0.6146877957125195,1.5978995561599731,42,100,5.0,0.3,32,0.0
experiments\sd_lora_ici_outputs\MEL\MEL_near_BKL_0019.png,MEL,BKL,a dermoscopic image of melanoma,a dermoscopic image of melanoma,dataset\ISIC2018_Task3_Training_Input\ISIC_0033377.jpg,dataset\ISIC2018_Task3_Training_Input\ISIC_0032552.jpg,ISIC_0033377,ISIC_0032552,0.0590975880622863,0.0819824337959289,0.86698188126755,1.5934094190597534,42,100,5.0,0.3,32,0.0
experiments\sd_lora_ici_outputs\MEL\MEL_near_BKL_0020.png,MEL,BKL,a dermoscopic image of melanoma,a dermoscopic image of melanoma,dataset\ISIC2018_Task3_Training_Input\ISIC_0032733.jpg,dataset\ISIC2018_Task3_Training_Input\ISIC_0032098.jpg,ISIC_0032733,ISIC_0032098,-0.0580984354019165,-0.0253989696502685,3.0015794982557216,1.5631747245788574,42,100,5.0,0.3,32,0.0
experiments\sd_lora_ici_outputs\MEL\MEL_near_BKL_0021.png,MEL,BKL,a dermoscopic image of melanoma,a dermoscopic image of melanoma,dataset\ISIC2018_Task3_Training_Input\ISIC_0028969.jpg,dataset\ISIC2018_Task3_Training_Input\ISIC_0033061.jpg,ISIC_0028969,ISIC_0033061,0.0720283985137939,0.0916222333908081,3.1616655710283017,1.5834237337112427,42,100,5.0,0.3,32,0.0
experiments\sd_lora_ici_outputs\MEL\MEL_near_BKL_0022.png,MEL,BKL,a dermoscopic image of melanoma,a dermoscopic image of melanoma,dataset\ISIC2018_Task3_Training_Input\ISIC_0024911.jpg,dataset\ISIC2018_Task3_Training_Input\ISIC_0027480.jpg,ISIC_0024911,ISIC_0027480,0.0803872346878051,0.035780906677246,3.405053276750655,1.5674824714660645,42,100,5.0,0.3,32,0.0
experiments\sd_lora_ici_outputs\MEL\MEL_near_BKL_0023.png,MEL,BKL,a dermoscopic image of melanoma,a dermoscopic image of melanoma,dataset\ISIC2018_Task3_Training_Input\ISIC_0025081.jpg,dataset\ISIC2018_Task3_Training_Input\ISIC_0027822.jpg,ISIC_0025081,ISIC_0027822,0.0320726633071899,0.1088457703590393,1.1876975894824247,1.5605019330978394,42,100,5.0,0.3,32,0.0
experiments\sd_lora_ici_outputs\MEL\MEL_near_BKL_0024.png,MEL,BKL,a dermoscopic image of melanoma,a dermoscopic image of melanoma,dataset\ISIC2018_Task3_Training_Input\ISIC_0027561.jpg,dataset\ISIC2018_Task3_Training_Input\ISIC_0031746.jpg,ISIC_0027561,ISIC_0031746,0.0709412097930908,-0.0298600792884826,2.5428510113408795,1.5666770935058594,42,100,5.0,0.3,32,0.0
experiments\sd_lora_ici_outputs\MEL\MEL_near_BKL_0025.png,MEL,BKL,a dermoscopic image of melanoma,a dermoscopic image of melanoma,dataset\ISIC2018_Task3_Training_Input\ISIC_0031746.jpg,dataset\ISIC2018_Task3_Training_Input\ISIC_0028069.jpg,ISIC_0031746,ISIC_0028069,-0.0298600792884826,0.0552124381065368,1.193039580693995,1.5697251558303833,42,100,5.0,0.3,32,0.0
experiments\sd_lora_ici_outputs\MEL\MEL_near_BKL_0026.png,MEL,BKL,a dermoscopic image of melanoma,a dermoscopic image of melanoma,dataset\ISIC2018_Task3_Training_Input\ISIC_0032552.jpg,dataset\ISIC2018_Task3_Training_Input\ISIC_0027033.jpg,ISIC_0032552,ISIC_0027033,0.0819824337959289,0.109627366065979,3.52226894079802,1.5822323560714722,42,100,5.0,0.3,32,0.0
experiments\sd_lora_ici_outputs\MEL\MEL_near_BKL_0027.png,MEL,BKL,a dermoscopic image of melanoma,a dermoscopic image of melanoma,dataset\ISIC2018_Task3_Training_Input\ISIC_0031821.jpg,dataset\ISIC2018_Task3_Training_Input\ISIC_0030824.jpg,ISIC_0031821,ISIC_0030824,0.1131654977798461,0.1160748600959777,3.850044971770878,1.5754542350769043,42,100,5.0,0.3,32,0.0
experiments\sd_lora_ici_outputs\MEL\MEL_near_BKL_0028.png,MEL,BKL,a dermoscopic image of melanoma,a dermoscopic image of melanoma,dataset\ISIC2018_Task3_Training_Input\ISIC_0032559.jpg,dataset\ISIC2018_Task3_Training_Input\ISIC_0028069.jpg,ISIC_0032559,ISIC_0028069,0.0818530917167663,0.0552124381065368,3.449176027444888,1.5796221494674683,42,100,5.0,0.3,32,0.0
experiments\sd_lora_ici_outputs\MEL\MEL_near_BKL_0029.png,MEL,BKL,a dermoscopic image of melanoma,a dermoscopic image of melanoma,dataset\ISIC2018_Task3_Training_Input\ISIC_0029209.jpg,dataset\ISIC2018_Task3_Training_Input\ISIC_0034005.jpg,ISIC_0029209,ISIC_0034005,0.099647581577301,-0.1489710807800293,2.614118512169989,1.5573627948760986,42,100,5.0,0.3,32,0.0
experiments\sd_lora_ici_outputs\MEL\MEL_near_BKL_0030.png,MEL,BKL,a dermoscopic image of melanoma,a dermoscopic image of melanoma,dataset\ISIC2018_Task3_Training_Input\ISIC_0026258.jpg,dataset\ISIC2018_Task3_Training_Input\ISIC_0026976.jpg,ISIC_0026258,ISIC_0026976,-0.0216559767723083,0.07383793592453,3.7748482435905704,1.593565821647644,42,100,5.0,0.3,32,0.0
experiments\sd_lora_ici_outputs\MEL\MEL_near_BKL_0031.png,MEL,BKL,a dermoscopic image of melanoma,a dermoscopic image of melanoma,dataset\ISIC2018_Task3_Training_Input\ISIC_0033947.jpg,dataset\ISIC2018_Task3_Training_Input\ISIC_0031598.jpg,ISIC_0033947,ISIC_0031598,0.0020126104354858,0.0406822562217712,0.045017651879507195,1.5562522411346436,42,100,5.0,0.3,32,0.0
experiments\sd_lora_ici_outputs\MEL\MEL_near_BKL_0032.png,MEL,BKL,a dermoscopic image of melanoma,a dermoscopic image of melanoma,dataset\ISIC2018_Task3_Training_Input\ISIC_0033029.jpg,dataset\ISIC2018_Task3_Training_Input\ISIC_0027105.jpg,ISIC_0033029,ISIC_0027105,0.1217115521430969,0.0710769891738891,3.4747474308187916,1.581790566444397,42,100,5.0,0.3,32,0.0
experiments\sd_lora_ici_outputs\MEL\MEL_near_BKL_0033.png,MEL,BKL,a dermoscopic image of melanoma,a dermoscopic image of melanoma,dataset\ISIC2018_Task3_Training_Input\ISIC_0026604.jpg,dataset\ISIC2018_Task3_Training_Input\ISIC_0028969.jpg,ISIC_0026604,ISIC_0028969,0.1277846097946167,0.0720283985137939,0.5764686483181872,1.540895938873291,42,100,5.0,0.3,32,0.0
experiments\sd_lora_ici_outputs\MEL\MEL_near_BKL_0034.png,MEL,BKL,a dermoscopic image of melanoma,a dermoscopic image of melanoma,dataset\ISIC2018_Task3_Training_Input\ISIC_0027105.jpg,dataset\ISIC2018_Task3_Training_Input\ISIC_0033881.jpg,ISIC_0027105,ISIC_0033881,0.0710769891738891,-0.0303872227668762,0.1689235804064195,1.5537699460983276,42,100,5.0,0.3,32,0.0
experiments\sd_lora_ici_outputs\MEL\MEL_near_BKL_0035.png,MEL,BKL,a dermoscopic image of melanoma,a dermoscopic image of melanoma,dataset\ISIC2018_Task3_Training_Input\ISIC_0028969.jpg,dataset\ISIC2018_Task3_Training_Input\ISIC_0031746.jpg,ISIC_0028969,ISIC_0031746,0.0720283985137939,-0.0298600792884826,2.289981214669719,1.571408987045288,42,100,5.0,0.3,32,0.0
experiments\sd_lora_ici_outputs\MEL\MEL_near_BKL_0036.png,MEL,BKL,a dermoscopic image of melanoma,a dermoscopic image of melanoma,dataset\ISIC2018_Task3_Training_Input\ISIC_0033856.jpg,dataset\ISIC2018_Task3_Training_Input\ISIC_0032610.jpg,ISIC_0033856,ISIC_0032610,0.108696699142456,0.1048894524574279,1.570878609858374,1.5762442350387573,42,100,5.0,0.3,32,0.0
experiments\sd_lora_ici_outputs\MEL\MEL_near_BKL_0037.png,MEL,BKL,a dermoscopic image of melanoma,a dermoscopic image of melanoma,dataset\ISIC2018_Task3_Training_Input\ISIC_0030281.jpg,dataset\ISIC2018_Task3_Training_Input\ISIC_0027105.jpg,ISIC_0030281,ISIC_0027105,0.0169287919998168,0.0710769891738891,2.167332958284049,1.5872982740402222,42,100,5.0,0.3,32,0.0
experiments\sd_lora_ici_outputs\MEL\MEL_near_BKL_0038.png,MEL,BKL,a dermoscopic image of melanoma,a dermoscopic image of melanoma,dataset\ISIC2018_Task3_Training_Input\ISIC_0032610.jpg,dataset\ISIC2018_Task3_Training_Input\ISIC_0028069.jpg,ISIC_0032610,ISIC_0028069,0.1048894524574279,0.0552124381065368,0.3343333065082383,1.599804162979126,42,100,5.0,0.3,32,0.0
experiments\sd_lora_ici_outputs\MEL\MEL_near_BKL_0039.png,MEL,BKL,a dermoscopic image of melanoma,a dermoscopic image of melanoma,dataset\ISIC2018_Task3_Training_Input\ISIC_0032656.jpg,dataset\ISIC2018_Task3_Training_Input\ISIC_0033520.jpg,ISIC_0032656,ISIC_0033520,-0.028205931186676,0.0715246796607971,0.8372744566370462,1.5763065814971924,42,100,5.0,0.3,32,0.0
experiments\sd_lora_ici_outputs\MEL\MEL_near_BKL_0040.png,MEL,BKL,a dermoscopic image of melanoma,a dermoscopic image of melanoma,dataset\ISIC2018_Task3_Training_Input\ISIC_0033061.jpg,dataset\ISIC2018_Task3_Training_Input\ISIC_0030901.jpg,ISIC_0033061,ISIC_0030901,0.0916222333908081,0.0791035294532775,2.9843981263349595,1.5609663724899292,42,100,5.0,0.3,32,0.0
experiments\sd_lora_ici_outputs\MEL\MEL_near_BKL_0041.png,MEL,BKL,a dermoscopic image of melanoma,a dermoscopic image of melanoma,dataset\ISIC2018_Task3_Training_Input\ISIC_0026604.jpg,dataset\ISIC2018_Task3_Training_Input\ISIC_0032610.jpg,ISIC_0026604,ISIC_0032610,0.1277846097946167,0.1048894524574279,2.8561260179538617,1.5969879627227783,42,100,5.0,0.3,32,0.0
experiments\sd_lora_ici_outputs\MEL\MEL_near_BKL_0042.png,MEL,BKL,a dermoscopic image of melanoma,a dermoscopic image of melanoma,dataset\ISIC2018_Task3_Training_Input\ISIC_0028056.jpg,dataset\ISIC2018_Task3_Training_Input\ISIC_0033643.jpg,ISIC_0028056,ISIC_0033643,0.0433482527732849,0.1096323728561401,0.8758258581936785,1.5190033912658691,42,100,5.0,0.3,32,0.0
experiments\sd_lora_ici_outputs\MEL\MEL_near_BKL_0043.png,MEL,BKL,a dermoscopic image of melanoma,a dermoscopic image of melanoma,dataset\ISIC2018_Task3_Training_Input\ISIC_0030824.jpg,dataset\ISIC2018_Task3_Training_Input\ISIC_0033643.jpg,ISIC_0030824,ISIC_0033643,0.1160748600959777,0.1096323728561401,3.6684909516514423,1.5511088371276855,42,100,5.0,0.3,32,0.0
experiments\sd_lora_ici_outputs\MEL\MEL_near_BKL_0044.png,MEL,BKL,a dermoscopic image of melanoma,a dermoscopic image of melanoma,dataset\ISIC2018_Task3_Training_Input\ISIC_0028103.jpg,dataset\ISIC2018_Task3_Training_Input\ISIC_0033947.jpg,ISIC_0028103,ISIC_0033947,-0.0056636333465576,0.0020126104354858,3.4110546133960273,1.5683928728103638,42,100,5.0,0.3,32,0.0
experiments\sd_lora_ici_outputs\MEL\MEL_near_BKL_0045.png,MEL,BKL,a dermoscopic image of melanoma,a dermoscopic image of melanoma,dataset\ISIC2018_Task3_Training_Input\ISIC_0026258.jpg,dataset\ISIC2018_Task3_Training_Input\ISIC_0028969.jpg,ISIC_0026258,ISIC_0028969,-0.0216559767723083,0.0720283985137939,0.5910370713705771,1.514409065246582,42,100,5.0,0.3,32,0.0
experiments\sd_lora_ici_outputs\MEL\MEL_near_BKL_0046.png,MEL,BKL,a dermoscopic image of melanoma,a dermoscopic image of melanoma,dataset\ISIC2018_Task3_Training_Input\ISIC_0027105.jpg,dataset\ISIC2018_Task3_Training_Input\ISIC_0024410.jpg,ISIC_0027105,ISIC_0024410,0.0710769891738891,0.0656114816665649,0.7286514510290708,1.5865752696990967,42,100,5.0,0.3,32,0.0
experiments\sd_lora_ici_outputs\MEL\MEL_near_BKL_0047.png,MEL,BKL,a dermoscopic image of melanoma,a dermoscopic image of melanoma,dataset\ISIC2018_Task3_Training_Input\ISIC_0032610.jpg,dataset\ISIC2018_Task3_Training_Input\ISIC_0027105.jpg,ISIC_0032610,ISIC_0027105,0.1048894524574279,0.0710769891738891,2.5018281328432224,1.5492680072784424,42,100,5.0,0.3,32,0.0
experiments\sd_lora_ici_outputs\MEL\MEL_near_BKL_0048.png,MEL,BKL,a dermoscopic image of melanoma,a dermoscopic image of melanoma,dataset\ISIC2018_Task3_Training_Input\ISIC_0026604.jpg,dataset\ISIC2018_Task3_Training_Input\ISIC_0024932.jpg,ISIC_0026604,ISIC_0024932,0.1277846097946167,0.0086071491241455,1.0147129625101636,1.564997673034668,42,100,5.0,0.3,32,0.0
experiments\sd_lora_ici_outputs\MEL\MEL_near_BKL_0049.png,MEL,BKL,a dermoscopic image of melanoma,a dermoscopic image of melanoma,dataset\ISIC2018_Task3_Training_Input\ISIC_0030281.jpg,dataset\ISIC2018_Task3_Training_Input\ISIC_0027033.jpg,ISIC_0030281,ISIC_0027033,0.0169287919998168,0.109627366065979,0.45704570650332343,1.5757607221603394,42,100,5.0,0.3,32,0.0
experiments\sd_lora_ici_outputs\MEL\MEL_near_DF_0000.png,MEL,DF,a dermoscopic image of melanoma,a dermoscopic image of melanoma,dataset\ISIC2018_Task3_Training_Input\ISIC_0029495.jpg,dataset\ISIC2018_Task3_Training_Input\ISIC_0031977.jpg,ISIC_0029495,ISIC_0031977,0.0760148763656616,0.0632597208023071,2.7472229411102247,1.5345964431762695,42,100,5.0,0.3,32,0.0
experiments\sd_lora_ici_outputs\MEL\MEL_near_DF_0001.png,MEL,DF,a dermoscopic image of melanoma,a dermoscopic image of melanoma,dataset\ISIC2018_Task3_Training_Input\ISIC_0029495.jpg,dataset\ISIC2018_Task3_Training_Input\ISIC_0024481.jpg,ISIC_0029495,ISIC_0024481,0.0760148763656616,-0.0886284708976745,2.2863380102614426,1.5590016841888428,42,100,5.0,0.3,32,0.0
experiments\sd_lora_ici_outputs\MEL\MEL_near_DF_0002.png,MEL,DF,a dermoscopic image of melanoma,a dermoscopic image of melanoma,dataset\ISIC2018_Task3_Training_Input\ISIC_0024481.jpg,dataset\ISIC2018_Task3_Training_Input\ISIC_0034188.jpg,ISIC_0024481,ISIC_0034188,-0.0886284708976745,-0.0138263702392578,0.21554442101600094,1.5854356288909912,42,100,5.0,0.3,32,0.0
experiments\sd_lora_ici_outputs\MEL\MEL_near_DF_0003.png,MEL,DF,a dermoscopic image of melanoma,a dermoscopic image of melanoma,dataset\ISIC2018_Task3_Training_Input\ISIC_0029089.jpg,dataset\ISIC2018_Task3_Training_Input\ISIC_0030134.jpg,ISIC_0029089,ISIC_0030134,0.0943481922149658,0.0527957677841186,2.97330475091294,1.5871009826660156,42,100,5.0,0.3,32,0.0
experiments\sd_lora_ici_outputs\MEL\MEL_near_DF_0004.png,MEL,DF,a dermoscopic image of melanoma,a dermoscopic image of melanoma,dataset\ISIC2018_Task3_Training_Input\ISIC_0033624.jpg,dataset\ISIC2018_Task3_Training_Input\ISIC_0034173.jpg,ISIC_0033624,ISIC_0034173,0.0708308219909668,0.080077588558197,3.8966301576441866,1.596464991569519,42,100,5.0,0.3,32,0.0
experiments\sd_lora_ici_outputs\MEL\MEL_near_DF_0005.png,MEL,DF,a dermoscopic image of melanoma,a dermoscopic image of melanoma,dataset\ISIC2018_Task3_Training_Input\ISIC_0033310.jpg,dataset\ISIC2018_Task3_Training_Input\ISIC_0030034.jpg,ISIC_0033310,ISIC_0030034,0.0700976848602294,-0.0091990828514099,2.210226239208564,1.5602625608444214,42,100,5.0,0.3,32,0.0
experiments\sd_lora_ici_outputs\MEL\MEL_near_DF_0006.png,MEL,DF,a dermoscopic image of melanoma,a dermoscopic image of melanoma,dataset\ISIC2018_Task3_Training_Input\ISIC_0026115.jpg,dataset\ISIC2018_Task3_Training_Input\ISIC_0029495.jpg,ISIC_0026115,ISIC_0029495,0.0840458869934082,0.0760148763656616,2.5940505051855625,1.561499834060669,42,100,5.0,0.3,32,0.0
experiments\sd_lora_ici_outputs\MEL\MEL_near_DF_0007.png,MEL,DF,a dermoscopic image of melanoma,a dermoscopic image of melanoma,dataset\ISIC2018_Task3_Training_Input\ISIC_0034188.jpg,dataset\ISIC2018_Task3_Training_Input\ISIC_0025791.jpg,ISIC_0034188,ISIC_0025791,-0.0138263702392578,0.0522534251213073,0.2950779839452341,1.5574896335601807,42,100,5.0,0.3,32,0.0
experiments\sd_lora_ici_outputs\MEL\MEL_near_DF_0008.png,MEL,DF,a dermoscopic image of melanoma,a dermoscopic image of melanoma,dataset\ISIC2018_Task3_Training_Input\ISIC_0032220.jpg,dataset\ISIC2018_Task3_Training_Input\ISIC_0025791.jpg,ISIC_0032220,ISIC_0025791,0.087441861629486,0.0522534251213073,2.713821687532222,1.555121660232544,42,100,5.0,0.3,32,0.0
experiments\sd_lora_ici_outputs\MEL\MEL_near_DF_0009.png,MEL,DF,a dermoscopic image of melanoma,a dermoscopic image of melanoma,dataset\ISIC2018_Task3_Training_Input\ISIC_0033405.jpg,dataset\ISIC2018_Task3_Training_Input\ISIC_0031977.jpg,ISIC_0033405,ISIC_0031977,0.0083150267601013,0.0632597208023071,1.009685778695059,1.560006856918335,42,100,5.0,0.3,32,0.0
experiments\sd_lora_ici_outputs\MEL\MEL_near_DF_0010.png,MEL,DF,a dermoscopic image of melanoma,a dermoscopic image of melanoma,dataset\ISIC2018_Task3_Training_Input\ISIC_0032220.jpg,dataset\ISIC2018_Task3_Training_Input\ISIC_0025651.jpg,ISIC_0032220,ISIC_0025651,0.087441861629486,0.0951720476150512,0.8014969455687245,1.5476182699203491,42,100,5.0,0.3,32,0.0
experiments\sd_lora_ici_outputs\MEL\MEL_near_DF_0011.png,MEL,DF,a dermoscopic image of melanoma,a dermoscopic image of melanoma,dataset\ISIC2018_Task3_Training_Input\ISIC_0031369.jpg,dataset\ISIC2018_Task3_Training_Input\ISIC_0027487.jpg,ISIC_0031369,ISIC_0027487,0.0512846708297729,0.08173269033432,2.3428653820504852,1.5570634603500366,42,100,5.0,0.3,32,0.0
experiments\sd_lora_ici_outputs\MEL\MEL_near_DF_0012.png,MEL,DF,a dermoscopic image of melanoma,a dermoscopic image of melanoma,dataset\ISIC2018_Task3_Training_Input\ISIC_0030134.jpg,dataset\ISIC2018_Task3_Training_Input\ISIC_0029495.jpg,ISIC_0030134,ISIC_0029495,0.0527957677841186,0.0760148763656616,3.88722251224676,1.5380394458770752,42,100,5.0,0.3,32,0.0
experiments\sd_lora_ici_outputs\MEL\MEL_near_DF_0013.png,MEL,DF,a dermoscopic image of melanoma,a dermoscopic image of melanoma,dataset\ISIC2018_Task3_Training_Input\ISIC_0029495.jpg,dataset\ISIC2018_Task3_Training_Input\ISIC_0029216.jpg,ISIC_0029495,ISIC_0029216,0.0760148763656616,0.0801842212677002,1.4282940079102018,1.5710816383361816,42,100,5.0,0.3,32,0.0
experiments\sd_lora_ici_outputs\MEL\MEL_near_DF_0014.png,MEL,DF,a dermoscopic image of melanoma,a dermoscopic image of melanoma,dataset\ISIC2018_Task3_Training_Input\ISIC_0029502.jpg,dataset\ISIC2018_Task3_Training_Input\ISIC_0029089.jpg,ISIC_0029502,ISIC_0029089,0.0735911130905151,0.0943481922149658,2.7008156800297334,1.5617039203643799,42,100,5.0,0.3,32,0.0
experiments\sd_lora_ici_outputs\MEL\MEL_near_DF_0015.png,MEL,DF,a dermoscopic image of melanoma,a dermoscopic image of melanoma,dataset\ISIC2018_Task3_Training_Input\ISIC_0030445.jpg,dataset\ISIC2018_Task3_Training_Input\ISIC_0031369.jpg,ISIC_0030445,ISIC_0031369,0.0813316702842712,0.0512846708297729,0.9195757759331145,1.6024925708770752,42,100,5.0,0.3,32,0.0
experiments\sd_lora_ici_outputs\MEL\MEL_near_DF_0016.png,MEL,DF,a dermoscopic image of melanoma,a dermoscopic image of melanoma,dataset\ISIC2018_Task3_Training_Input\ISIC_0033624.jpg,dataset\ISIC2018_Task3_Training_Input\ISIC_0028901.jpg,ISIC_0033624,ISIC_0028901,0.0708308219909668,-0.1291906237602234,1.1176776548698761,1.6029393672943115,42,100,5.0,0.3,32,0.0
experiments\sd_lora_ici_outputs\MEL\MEL_near_DF_0017.png,MEL,DF,a dermoscopic image of melanoma,a dermoscopic image of melanoma,dataset\ISIC2018_Task3_Training_Input\ISIC_0024999.jpg,dataset\ISIC2018_Task3_Training_Input\ISIC_0030134.jpg,ISIC_0024999,ISIC_0030134,0.0581917166709899,0.0527957677841186,0.2800674785420357,1.56613028049469,42,100,5.0,0.3,32,0.0
experiments\sd_lora_ici_outputs\MEL\MEL_near_DF_0018.png,MEL,DF,a dermoscopic image of melanoma,a dermoscopic image of melanoma,dataset\ISIC2018_Task3_Training_Input\ISIC_0029241.jpg,dataset\ISIC2018_Task3_Training_Input\ISIC_0028493.jpg,ISIC_0029241,ISIC_0028493,0.0926771163940429,-0.0188446044921875,0.7884326029693145,1.5420308113098145,42,100,5.0,0.3,32,0.0
experiments\sd_lora_ici_outputs\MEL\MEL_near_DF_0019.png,MEL,DF,a dermoscopic image of melanoma,a dermoscopic image of melanoma,dataset\ISIC2018_Task3_Training_Input\ISIC_0030552.jpg,dataset\ISIC2018_Task3_Training_Input\ISIC_0027487.jpg,ISIC_0030552,ISIC_0027487,0.0684683918952941,0.08173269033432,1.9595959843599837,1.5578497648239136,42,100,5.0,0.3,32,0.0
experiments\sd_lora_ici_outputs\MEL\MEL_near_DF_0020.png,MEL,DF,a dermoscopic image of melanoma,a dermoscopic image of melanoma,dataset\ISIC2018_Task3_Training_Input\ISIC_0031369.jpg,dataset\ISIC2018_Task3_Training_Input\ISIC_0027872.jpg,ISIC_0031369,ISIC_0027872,0.0512846708297729,0.0945976972579956,1.3290532683869953,1.5522773265838623,42,100,5.0,0.3,32,0.0
experiments\sd_lora_ici_outputs\MEL\MEL_near_DF_0021.png,MEL,DF,a dermoscopic image of melanoma,a dermoscopic image of melanoma,dataset\ISIC2018_Task3_Training_Input\ISIC_0030760.jpg,dataset\ISIC2018_Task3_Training_Input\ISIC_0032308.jpg,ISIC_0030760,ISIC_0032308,0.0942364931106567,0.0892847180366516,2.627545692195832,1.5768601894378662,42,100,5.0,0.3,32,0.0
experiments\sd_lora_ici_outputs\MEL\MEL_near_DF_0022.png,MEL,DF,a dermoscopic image of melanoma,a dermoscopic image of melanoma,dataset\ISIC2018_Task3_Training_Input\ISIC_0028901.jpg,dataset\ISIC2018_Task3_Training_Input\ISIC_0026115.jpg,ISIC_0028901,ISIC_0026115,-0.1291906237602234,0.0840458869934082,2.8084499969369716,1.5514343976974487,42,100,5.0,0.3,32,0.0
experiments\sd_lora_ici_outputs\MEL\MEL_near_DF_0023.png,MEL,DF,a dermoscopic image of melanoma,a dermoscopic image of melanoma,dataset\ISIC2018_Task3_Training_Input\ISIC_0033624.jpg,dataset\ISIC2018_Task3_Training_Input\ISIC_0029473.jpg,ISIC_0033624,ISIC_0029473,0.0708308219909668,0.0405316352844238,0.6128383850803566,1.5624442100524902,42,100,5.0,0.3,32,0.0
experiments\sd_lora_ici_outputs\MEL\MEL_near_DF_0024.png,MEL,DF,a dermoscopic image of melanoma,a dermoscopic image of melanoma,dataset\ISIC2018_Task3_Training_Input\ISIC_0028463.jpg,dataset\ISIC2018_Task3_Training_Input\ISIC_0032204.jpg,ISIC_0028463,ISIC_0032204,0.0899146795272827,0.0990596413612365,2.275494841972897,1.5652412176132202,42,100,5.0,0.3,32,0.0
experiments\sd_lora_ici_outputs\MEL\MEL_near_DF_0025.png,MEL,DF,a dermoscopic image of melanoma,a dermoscopic image of melanoma,dataset\ISIC2018_Task3_Training_Input\ISIC_0027487.jpg,dataset\ISIC2018_Task3_Training_Input\ISIC_0030445.jpg,ISIC_0027487,ISIC_0030445,0.08173269033432,0.0813316702842712,3.24815196731471,1.5624045133590698,42,100,5.0,0.3,32,0.0
experiments\sd_lora_ici_outputs\MEL\MEL_near_DF_0026.png,MEL,DF,a dermoscopic image of melanoma,a dermoscopic image of melanoma,dataset\ISIC2018_Task3_Training_Input\ISIC_0033679.jpg,dataset\ISIC2018_Task3_Training_Input\ISIC_0027872.jpg,ISIC_0033679,ISIC_0027872,0.0217995643615722,0.0945976972579956,3.971774400763416,1.516559362411499,42,100,5.0,0.3,32,0.0
experiments\sd_lora_ici_outputs\MEL\MEL_near_DF_0027.png,MEL,DF,a dermoscopic image of melanoma,a dermoscopic image of melanoma,dataset\ISIC2018_Task3_Training_Input\ISIC_0033183.jpg,dataset\ISIC2018_Task3_Training_Input\ISIC_0027487.jpg,ISIC_0033183,ISIC_0027487,-0.086300790309906,0.08173269033432,0.6733619290409333,1.5735865831375122,42,100,5.0,0.3,32,0.0
experiments\sd_lora_ici_outputs\MEL\MEL_near_DF_0028.png,MEL,DF,a dermoscopic image of melanoma,a dermoscopic image of melanoma,dataset\ISIC2018_Task3_Training_Input\ISIC_0033624.jpg,dataset\ISIC2018_Task3_Training_Input\ISIC_0033405.jpg,ISIC_0033624,ISIC_0033405,0.0708308219909668,0.0083150267601013,1.2343314630264668,1.594374418258667,42,100,5.0,0.3,32,0.0
experiments\sd_lora_ici_outputs\MEL\MEL_near_DF_0029.png,MEL,DF,a dermoscopic image of melanoma,a dermoscopic image of melanoma,dataset\ISIC2018_Task3_Training_Input\ISIC_0034173.jpg,dataset\ISIC2018_Task3_Training_Input\ISIC_0032308.jpg,ISIC_0034173,ISIC_0032308,0.080077588558197,0.0892847180366516,3.11365107866421,1.585421085357666,42,100,5.0,0.3,32,0.0
experiments\sd_lora_ici_outputs\MEL\MEL_near_DF_0030.png,MEL,DF,a dermoscopic image of melanoma,a dermoscopic image of melanoma,dataset\ISIC2018_Task3_Training_Input\ISIC_0027872.jpg,dataset\ISIC2018_Task3_Training_Input\ISIC_0032220.jpg,ISIC_0027872,ISIC_0032220,0.0945976972579956,0.087441861629486,2.878844412355362,1.554401159286499,42,100,5.0,0.3,32,0.0
experiments\sd_lora_ici_outputs\MEL\MEL_near_DF_0031.png,MEL,DF,a dermoscopic image of melanoma,a dermoscopic image of melanoma,dataset\ISIC2018_Task3_Training_Input\ISIC_0032204.jpg,dataset\ISIC2018_Task3_Training_Input\ISIC_0030089.jpg,ISIC_0032204,ISIC_0030089,0.0990596413612365,0.0601928830146789,2.5736023864950632,1.5645413398742676,42,100,5.0,0.3,32,0.0
experiments\sd_lora_ici_outputs\MEL\MEL_near_DF_0032.png,MEL,DF,a dermoscopic image of melanoma,a dermoscopic image of melanoma,dataset\ISIC2018_Task3_Training_Input\ISIC_0030034.jpg,dataset\ISIC2018_Task3_Training_Input\ISIC_0029241.jpg,ISIC_0030034,ISIC_0029241,-0.0091990828514099,0.0926771163940429,1.0980784631856926,1.5831570625305176,42,100,5.0,0.3,32,0.0
experiments\sd_lora_ici_outputs\MEL\MEL_near_DF_0033.png,MEL,DF,a dermoscopic image of melanoma,a dermoscopic image of melanoma,dataset\ISIC2018_Task3_Training_Input\ISIC_0025592.jpg,dataset\ISIC2018_Task3_Training_Input\ISIC_0024481.jpg,ISIC_0025592,ISIC_0024481,0.0240905284881591,-0.0886284708976745,1.4348090424666309,1.5742284059524536,42,100,5.0,0.3,32,0.0
experiments\sd_lora_ici_outputs\MEL\MEL_near_DF_0034.png,MEL,DF,a dermoscopic image of melanoma,a dermoscopic image of melanoma,dataset\ISIC2018_Task3_Training_Input\ISIC_0030445.jpg,dataset\ISIC2018_Task3_Training_Input\ISIC_0030760.jpg,ISIC_0030445,ISIC_0030760,0.0813316702842712,0.0942364931106567,2.7286572738966233,1.5648459196090698,42,100,5.0,0.3,32,0.0
experiments\sd_lora_ici_outputs\MEL\MEL_near_DF_0035.png,MEL,DF,a dermoscopic image of melanoma,a dermoscopic image of melanoma,dataset\ISIC2018_Task3_Training_Input\ISIC_0028493.jpg,dataset\ISIC2018_Task3_Training_Input\ISIC_0024951.jpg,ISIC_0028493,ISIC_0024951,-0.0188446044921875,0.013456642627716,1.3178387476539846,1.5808242559432983,42,100,5.0,0.3,32,0.0
experiments\sd_lora_ici_outputs\MEL\MEL_near_DF_0036.png,MEL,DF,a dermoscopic image of melanoma,a dermoscopic image of melanoma,dataset\ISIC2018_Task3_Training_Input\ISIC_0028901.jpg,dataset\ISIC2018_Task3_Training_Input\ISIC_0028666.jpg,ISIC_0028901,ISIC_0028666,-0.1291906237602234,0.0699265003204345,1.923979819563018,1.5673967599868774,42,100,5.0,0.3,32,0.0
experiments\sd_lora_ici_outputs\MEL\MEL_near_DF_0037.png,MEL,DF,a dermoscopic image of melanoma,a dermoscopic image of melanoma,dataset\ISIC2018_Task3_Training_Input\ISIC_0025791.jpg,dataset\ISIC2018_Task3_Training_Input\ISIC_0030552.jpg,ISIC_0025791,ISIC_0030552,0.0522534251213073,0.0684683918952941,1.8082782714357208,1.5474756956100464,42,100,5.0,0.3,32,0.0
experiments\sd_lora_ici_outputs\MEL\MEL_near_DF_0038.png,MEL,DF,a dermoscopic image of melanoma,a dermoscopic image of melanoma,dataset\ISIC2018_Task3_Training_Input\ISIC_0030034.jpg,dataset\ISIC2018_Task3_Training_Input\ISIC_0030552.jpg,ISIC_0030034,ISIC_0030552,-0.0091990828514099,0.0684683918952941,3.0623407131701894,1.5896351337432861,42,100,5.0,0.3,32,0.0
experiments\sd_lora_ici_outputs\MEL\MEL_near_DF_0039.png,MEL,DF,a dermoscopic image of melanoma,a dermoscopic image of melanoma,dataset\ISIC2018_Task3_Training_Input\ISIC_0030760.jpg,dataset\ISIC2018_Task3_Training_Input\ISIC_0030119.jpg,ISIC_0030760,ISIC_0030119,0.0942364931106567,0.0174744129180908,1.971561034640719,1.5519334077835083,42,100,5.0,0.3,32,0.0
experiments\sd_lora_ici_outputs\MEL\MEL_near_DF_0040.png,MEL,DF,a dermoscopic image of melanoma,a dermoscopic image of melanoma,dataset\ISIC2018_Task3_Training_Input\ISIC_0030552.jpg,dataset\ISIC2018_Task3_Training_Input\ISIC_0029495.jpg,ISIC_0030552,ISIC_0029495,0.0684683918952941,0.0760148763656616,0.4383978352150884,1.5598061084747314,42,100,5.0,0.3,32,0.0
experiments\sd_lora_ici_outputs\MEL\MEL_near_DF_0041.png,MEL,DF,a dermoscopic image of melanoma,a dermoscopic image of melanoma,dataset\ISIC2018_Task3_Training_Input\ISIC_0032204.jpg,dataset\ISIC2018_Task3_Training_Input\ISIC_0032220.jpg,ISIC_0032204,ISIC_0032220,0.0990596413612365,0.087441861629486,2.5899438656373093,1.5661035776138306,42,100,5.0,0.3,32,0.0
experiments\sd_lora_ici_outputs\MEL\MEL_near_DF_0042.png,MEL,DF,a dermoscopic image of melanoma,a dermoscopic image of melanoma,dataset\ISIC2018_Task3_Training_Input\ISIC_0033624.jpg,dataset\ISIC2018_Task3_Training_Input\ISIC_0025651.jpg,ISIC_0033624,ISIC_0025651,0.0708308219909668,0.0951720476150512,0.3278777681529806,1.5708777904510498,42,100,5.0,0.3,32,0.0
experiments\sd_lora_ici_outputs\MEL\MEL_near_DF_0043.png,MEL,DF,a dermoscopic image of melanoma,a dermoscopic image of melanoma,dataset\ISIC2018_Task3_Training_Input\ISIC_0027872.jpg,dataset\ISIC2018_Task3_Training_Input\ISIC_0033183.jpg,ISIC_0027872,ISIC_0033183,0.0945976972579956,-0.086300790309906,1.1291447830759391,1.5615020990371704,42,100,5.0,0.3,32,0.0
experiments\sd_lora_ici_outputs\MEL\MEL_near_DF_0044.png,MEL,DF,a dermoscopic image of melanoma,a dermoscopic image of melanoma,dataset\ISIC2018_Task3_Training_Input\ISIC_0029089.jpg,dataset\ISIC2018_Task3_Training_Input\ISIC_0034188.jpg,ISIC_0029089,ISIC_0034188,0.0943481922149658,-0.0138263702392578,3.34675154666332,1.5515638589859009,42,100,5.0,0.3,32,0.0
experiments\sd_lora_ici_outputs\MEL\MEL_near_DF_0045.png,MEL,DF,a dermoscopic image of melanoma,a dermoscopic image of melanoma,dataset\ISIC2018_Task3_Training_Input\ISIC_0034173.jpg,dataset\ISIC2018_Task3_Training_Input\ISIC_0030119.jpg,ISIC_0034173,ISIC_0030119,0.080077588558197,0.0174744129180908,3.5511836111910107,1.5769909620285034,42,100,5.0,0.3,32,0.0
experiments\sd_lora_ici_outputs\MEL\MEL_near_DF_0046.png,MEL,DF,a dermoscopic image of melanoma,a dermoscopic image of melanoma,dataset\ISIC2018_Task3_Training_Input\ISIC_0032564.jpg,dataset\ISIC2018_Task3_Training_Input\ISIC_0025791.jpg,ISIC_0032564,ISIC_0025791,0.0809345245361328,0.0522534251213073,0.7879889606046363,1.566288709640503,42,100,5.0,0.3,32,0.0
experiments\sd_lora_ici_outputs\MEL\MEL_near_DF_0047.png,MEL,DF,a dermoscopic image of melanoma,a dermoscopic image of melanoma,dataset\ISIC2018_Task3_Training_Input\ISIC_0027387.jpg,dataset\ISIC2018_Task3_Training_Input\ISIC_0033624.jpg,ISIC_0027387,ISIC_0033624,0.0902426242828369,0.0708308219909668,2.9226625575770178,1.5769855976104736,42,100,5.0,0.3,32,0.0
experiments\sd_lora_ici_outputs\MEL\MEL_near_DF_0048.png,MEL,DF,a dermoscopic image of melanoma,a dermoscopic image of melanoma,dataset\ISIC2018_Task3_Training_Input\ISIC_0034173.jpg,dataset\ISIC2018_Task3_Training_Input\ISIC_0030089.jpg,ISIC_0034173,ISIC_0030089,0.080077588558197,0.0601928830146789,2.5102934544418143,1.5684072971343994,42,100,5.0,0.3,32,0.0
experiments\sd_lora_ici_outputs\MEL\MEL_near_DF_0049.png,MEL,DF,a dermoscopic image of melanoma,a dermoscopic image of melanoma,dataset\ISIC2018_Task3_Training_Input\ISIC_0025791.jpg,dataset\ISIC2018_Task3_Training_Input\ISIC_0032214.jpg,ISIC_0025791,ISIC_0032214,0.0522534251213073,0.011896014213562,2.9396376582344366,1.5547999143600464,42,100,5.0,0.3,32,0.0
experiments\sd_lora_ici_outputs\MEL\MEL_near_NV_0000.png,MEL,NV,a dermoscopic image of melanoma,a dermoscopic image of melanoma,dataset\ISIC2018_Task3_Training_Input\ISIC_0033387.jpg,dataset\ISIC2018_Task3_Training_Input\ISIC_0025145.jpg,ISIC_0033387,ISIC_0025145,0.0465869903564453,0.0547719597816467,3.513985419458963,1.5951296091079712,42,100,5.0,0.3,32,0.0
experiments\sd_lora_ici_outputs\MEL\MEL_near_NV_0001.png,MEL,NV,a dermoscopic image of melanoma,a dermoscopic image of melanoma,dataset\ISIC2018_Task3_Training_Input\ISIC_0033099.jpg,dataset\ISIC2018_Task3_Training_Input\ISIC_0025145.jpg,ISIC_0033099,ISIC_0025145,0.0309948325157165,0.0547719597816467,3.376959035991174,1.5807459354400635,42,100,5.0,0.3,32,0.0
experiments\sd_lora_ici_outputs\MEL\MEL_near_NV_0002.png,MEL,NV,a dermoscopic image of melanoma,a dermoscopic image of melanoma,dataset\ISIC2018_Task3_Training_Input\ISIC_0029538.jpg,dataset\ISIC2018_Task3_Training_Input\ISIC_0029017.jpg,ISIC_0029538,ISIC_0029017,0.0347998142242431,0.0692141056060791,2.570803946450901,1.5437296628952026,42,100,5.0,0.3,32,0.0
experiments\sd_lora_ici_outputs\MEL\MEL_near_NV_0003.png,MEL,NV,a dermoscopic image of melanoma,a dermoscopic image of melanoma,dataset\ISIC2018_Task3_Training_Input\ISIC_0033476.jpg,dataset\ISIC2018_Task3_Training_Input\ISIC_0029056.jpg,ISIC_0033476,ISIC_0029056,0.074186623096466,0.0726373195648193,3.287126102964279,1.5533273220062256,42,100,5.0,0.3,32,0.0
experiments\sd_lora_ici_outputs\MEL\MEL_near_NV_0004.png,MEL,NV,a dermoscopic image of melanoma,a dermoscopic image of melanoma,dataset\ISIC2018_Task3_Training_Input\ISIC_0029017.jpg,dataset\ISIC2018_Task3_Training_Input\ISIC_0024918.jpg,ISIC_0029017,ISIC_0024918,0.0692141056060791,0.0673766136169433,2.3077450353890057,1.576145052909851,42,100,5.0,0.3,32,0.0
experiments\sd_lora_ici_outputs\MEL\MEL_near_NV_0005.png,MEL,NV,a dermoscopic image of melanoma,a dermoscopic image of melanoma,dataset\ISIC2018_Task3_Training_Input\ISIC_0024898.jpg,dataset\ISIC2018_Task3_Training_Input\ISIC_0032690.jpg,ISIC_0024898,ISIC_0032690,0.0696120858192443,0.0234392285346984,3.023582574579508,1.5984441041946411,42,100,5.0,0.3,32,0.0
experiments\sd_lora_ici_outputs\MEL\MEL_near_NV_0006.png,MEL,NV,a dermoscopic image of melanoma,a dermoscopic image of melanoma,dataset\ISIC2018_Task3_Training_Input\ISIC_0034317.jpg,dataset\ISIC2018_Task3_Training_Input\ISIC_0034205.jpg,ISIC_0034317,ISIC_0034205,0.0633901357650756,0.0468409061431884,0.8552598270400065,1.5630511045455933,42,100,5.0,0.3,32,0.0
experiments\sd_lora_ici_outputs\MEL\MEL_near_NV_0007.png,MEL,NV,a dermoscopic image of melanoma,a dermoscopic image of melanoma,dataset\ISIC2018_Task3_Training_Input\ISIC_0026774.jpg,dataset\ISIC2018_Task3_Training_Input\ISIC_0027620.jpg,ISIC_0026774,ISIC_0027620,0.0116477608680725,0.0232112407684326,0.1469464304427398,1.567362904548645,42,100,5.0,0.3,32,0.0
experiments\sd_lora_ici_outputs\MEL\MEL_near_NV_0008.png,MEL,NV,a dermoscopic image of melanoma,a dermoscopic image of melanoma,dataset\ISIC2018_Task3_Training_Input\ISIC_0029606.jpg,dataset\ISIC2018_Task3_Training_Input\ISIC_0028126.jpg,ISIC_0029606,ISIC_0028126,0.0246046185493469,0.0550249218940734,1.0516072876036102,1.557140827178955,42,100,5.0,0.3,32,0.0
experiments\sd_lora_ici_outputs\MEL\MEL_near_NV_0009.png,MEL,NV,a dermoscopic image of melanoma,a dermoscopic image of melanoma,dataset\ISIC2018_Task3_Training_Input\ISIC_0027956.jpg,dataset\ISIC2018_Task3_Training_Input\ISIC_0033967.jpg,ISIC_0027956,ISIC_0033967,0.0285250544548034,0.0163593888282775,3.5703540523035584,1.5732555389404297,42,100,5.0,0.3,32,0.0
experiments\sd_lora_ici_outputs\MEL\MEL_near_NV_0010.png,MEL,NV,a dermoscopic image of melanoma,a dermoscopic image of melanoma,dataset\ISIC2018_Task3_Training_Input\ISIC_0027956.jpg,dataset\ISIC2018_Task3_Training_Input\ISIC_0033476.jpg,ISIC_0027956,ISIC_0033476,0.0285250544548034,0.074186623096466,2.184422394687465,1.5523056983947754,42,100,5.0,0.3,32,0.0
experiments\sd_lora_ici_outputs\MEL\MEL_near_NV_0011.png,MEL,NV,a dermoscopic image of melanoma,a dermoscopic image of melanoma,dataset\ISIC2018_Task3_Training_Input\ISIC_0030391.jpg,dataset\ISIC2018_Task3_Training_Input\ISIC_0030255.jpg,ISIC_0030391,ISIC_0030255,0.0268755555152893,0.0721386671066284,2.6762056045998572,1.535243034362793,42,100,5.0,0.3,32,0.0
experiments\sd_lora_ici_outputs\MEL\MEL_near_NV_0012.png,MEL,NV,a dermoscopic image of melanoma,a dermoscopic image of melanoma,dataset\ISIC2018_Task3_Training_Input\ISIC_0033051.jpg,dataset\ISIC2018_Task3_Training_Input\ISIC_0024898.jpg,ISIC_0033051,ISIC_0024898,0.0149575471878051,0.0696120858192443,0.5908140404082827,1.5806810855865479,42,100,5.0,0.3,32,0.0
experiments\sd_lora_ici_outputs\MEL\MEL_near_NV_0013.png,MEL,NV,a dermoscopic image of melanoma,a dermoscopic image of melanoma,dataset\ISIC2018_Task3_Training_Input\ISIC_0030255.jpg,dataset\ISIC2018_Task3_Training_Input\ISIC_0026516.jpg,ISIC_0030255,ISIC_0026516,0.0721386671066284,0.0478467941284179,1.5683804191765993,1.5724117755889893,42,100,5.0,0.3,32,0.0
experiments\sd_lora_ici_outputs\MEL\MEL_near_NV_0014.png,MEL,NV,a dermoscopic image of melanoma,a dermoscopic image of melanoma,dataset\ISIC2018_Task3_Training_Input\ISIC_0026314.jpg,dataset\ISIC2018_Task3_Training_Input\ISIC_0034205.jpg,ISIC_0026314,ISIC_0034205,0.0299525260925292,0.0468409061431884,3.59599681739347,1.5575840473175049,42,100,5.0,0.3,32,0.0
experiments\sd_lora_ici_outputs\MEL\MEL_near_NV_0015.png,MEL,NV,a dermoscopic image of melanoma,a dermoscopic image of melanoma,dataset\ISIC2018_Task3_Training_Input\ISIC_0029538.jpg,dataset\ISIC2018_Task3_Training_Input\ISIC_0028126.jpg,ISIC_0029538,ISIC_0028126,0.0347998142242431,0.0550249218940734,2.375135872078421,1.559730052947998,42,100,5.0,0.3,32,0.0
experiments\sd_lora_ici_outputs\MEL\MEL_near_NV_0016.png,MEL,NV,a dermoscopic image of melanoma,a dermoscopic image of melanoma,dataset\ISIC2018_Task3_Training_Input\ISIC_0029056.jpg,dataset\ISIC2018_Task3_Training_Input\ISIC_0029606.jpg,ISIC_0029056,ISIC_0029606,0.0726373195648193,0.0246046185493469,3.4358184771353018,1.5675220489501953,42,100,5.0,0.3,32,0.0
experiments\sd_lora_ici_outputs\MEL\MEL_near_NV_0017.png,MEL,NV,a dermoscopic image of melanoma,a dermoscopic image of melanoma,dataset\ISIC2018_Task3_Training_Input\ISIC_0030391.jpg,dataset\ISIC2018_Task3_Training_Input\ISIC_0030187.jpg,ISIC_0030391,ISIC_0030187,0.0268755555152893,-0.0037955045700073,0.5348217114478564,1.5728620290756226,42,100,5.0,0.3,32,0.0
experiments\sd_lora_ici_outputs\MEL\MEL_near_NV_0018.png,MEL,NV,a dermoscopic image of melanoma,a dermoscopic image of melanoma,dataset\ISIC2018_Task3_Training_Input\ISIC_0028718.jpg,dataset\ISIC2018_Task3_Training_Input\ISIC_0029017.jpg,ISIC_0028718,ISIC_0029017,0.0596047043800354,0.0692141056060791,2.0045286835112694,1.570768117904663,42,100,5.0,0.3,32,0.0
experiments\sd_lora_ici_outputs\MEL\MEL_near_NV_0019.png,MEL,NV,a dermoscopic image of melanoma,a dermoscopic image of melanoma,dataset\ISIC2018_Task3_Training_Input\ISIC_0025145.jpg,dataset\ISIC2018_Task3_Training_Input\ISIC_0027144.jpg,ISIC_0025145,ISIC_0027144,0.0547719597816467,0.041130244731903,0.3669614849034131,1.5504834651947021,42,100,5.0,0.3,32,0.0
experiments\sd_lora_ici_outputs\MEL\MEL_near_NV_0020.png,MEL,NV,a dermoscopic image of melanoma,a dermoscopic image of melanoma,dataset\ISIC2018_Task3_Training_Input\ISIC_0026438.jpg,dataset\ISIC2018_Task3_Training_Input\ISIC_0029538.jpg,ISIC_0026438,ISIC_0029538,0.042182981967926,0.0347998142242431,1.4649558134854004,1.5606168508529663,42,100,5.0,0.3,32,0.0
experiments\sd_lora_ici_outputs\MEL\MEL_near_NV_0021.png,MEL,NV,a dermoscopic image of melanoma,a dermoscopic image of melanoma,dataset\ISIC2018_Task3_Training_Input\ISIC_0033476.jpg,dataset\ISIC2018_Task3_Training_Input\ISIC_0028489.jpg,ISIC_0033476,ISIC_0028489,0.074186623096466,0.0057564377784729,0.04221032985181273,1.576616644859314,42,100,5.0,0.3,32,0.0
experiments\sd_lora_ici_outputs\MEL\MEL_near_NV_0022.png,MEL,NV,a dermoscopic image of melanoma,a dermoscopic image of melanoma,dataset\ISIC2018_Task3_Training_Input\ISIC_0030391.jpg,dataset\ISIC2018_Task3_Training_Input\ISIC_0025724.jpg,ISIC_0030391,ISIC_0025724,0.0268755555152893,-0.0480543375015258,0.9708897484324617,1.5459349155426025,42,100,5.0,0.3,32,0.0
experiments\sd_lora_ici_outputs\MEL\MEL_near_NV_0023.png,MEL,NV,a dermoscopic image of melanoma,a dermoscopic image of melanoma,dataset\ISIC2018_Task3_Training_Input\ISIC_0030391.jpg,dataset\ISIC2018_Task3_Training_Input\ISIC_0030255.jpg,ISIC_0030391,ISIC_0030255,0.0268755555152893,0.0721386671066284,3.9452986833432466,1.535243034362793,42,100,5.0,0.3,32,0.0
experiments\sd_lora_ici_outputs\MEL\MEL_near_NV_0024.png,MEL,NV,a dermoscopic image of melanoma,a dermoscopic image of melanoma,dataset\ISIC2018_Task3_Training_Input\ISIC_0031529.jpg,dataset\ISIC2018_Task3_Training_Input\ISIC_0029538.jpg,ISIC_0031529,ISIC_0029538,-0.0112462043762207,0.0347998142242431,3.9772557788313607,1.551111102104187,42,100,5.0,0.3,32,0.0
experiments\sd_lora_ici_outputs\MEL\MEL_near_NV_0025.png,MEL,NV,a dermoscopic image of melanoma,a dermoscopic image of melanoma,dataset\ISIC2018_Task3_Training_Input\ISIC_0033320.jpg,dataset\ISIC2018_Task3_Training_Input\ISIC_0024918.jpg,ISIC_0033320,ISIC_0024918,0.0444645285606384,0.0673766136169433,2.7478996223469374,1.564363718032837,42,100,5.0,0.3,32,0.0
experiments\sd_lora_ici_outputs\MEL\MEL_near_NV_0026.png,MEL,NV,a dermoscopic image of melanoma,a dermoscopic image of melanoma,dataset\ISIC2018_Task3_Training_Input\ISIC_0032690.jpg,dataset\ISIC2018_Task3_Training_Input\ISIC_0029397.jpg,ISIC_0032690,ISIC_0029397,0.0234392285346984,0.0729389786720275,3.004849565899121,1.583329200744629,42,100,5.0,0.3,32,0.0
experiments\sd_lora_ici_outputs\MEL\MEL_near_NV_0027.png,MEL,NV,a dermoscopic image of melanoma,a dermoscopic image of melanoma,dataset\ISIC2018_Task3_Training_Input\ISIC_0034205.jpg,dataset\ISIC2018_Task3_Training_Input\ISIC_0033051.jpg,ISIC_0034205,ISIC_0033051,0.0468409061431884,0.0149575471878051,0.5596720431521399,1.575878381729126,42,100,5.0,0.3,32,0.0
experiments\sd_lora_ici_outputs\MEL\MEL_near_NV_0028.png,MEL,NV,a dermoscopic image of melanoma,a dermoscopic image of melanoma,dataset\ISIC2018_Task3_Training_Input\ISIC_0026774.jpg,dataset\ISIC2018_Task3_Training_Input\ISIC_0025145.jpg,ISIC_0026774,ISIC_0025145,0.0116477608680725,0.0547719597816467,0.6248150352567878,1.6011521816253662,42,100,5.0,0.3,32,0.0
experiments\sd_lora_ici_outputs\MEL\MEL_near_NV_0029.png,MEL,NV,a dermoscopic image of melanoma,a dermoscopic image of melanoma,dataset\ISIC2018_Task3_Training_Input\ISIC_0029606.jpg,dataset\ISIC2018_Task3_Training_Input\ISIC_0028126.jpg,ISIC_0029606,ISIC_0028126,0.0246046185493469,0.0550249218940734,2.285295920962641,1.557140827178955,42,100,5.0,0.3,32,0.0
experiments\sd_lora_ici_outputs\MEL\MEL_near_NV_0030.png,MEL,NV,a dermoscopic image of melanoma,a dermoscopic image of melanoma,dataset\ISIC2018_Task3_Training_Input\ISIC_0024898.jpg,dataset\ISIC2018_Task3_Training_Input\ISIC_0029606.jpg,ISIC_0024898,ISIC_0029606,0.0696120858192443,0.0246046185493469,2.3317989827420305,1.5246189832687378,42,100,5.0,0.3,32,0.0
experiments\sd_lora_ici_outputs\MEL\MEL_near_NV_0031.png,MEL,NV,a dermoscopic image of melanoma,a dermoscopic image of melanoma,dataset\ISIC2018_Task3_Training_Input\ISIC_0028003.jpg,dataset\ISIC2018_Task3_Training_Input\ISIC_0025277.jpg,ISIC_0028003,ISIC_0025277,-0.0031124949455261,-0.0057785511016845,3.498551232908496,1.5664094686508179,42,100,5.0,0.3,32,0.0
experiments\sd_lora_ici_outputs\MEL\MEL_near_NV_0032.png,MEL,NV,a dermoscopic image of melanoma,a dermoscopic image of melanoma,dataset\ISIC2018_Task3_Training_Input\ISIC_0034317.jpg,dataset\ISIC2018_Task3_Training_Input\ISIC_0029397.jpg,ISIC_0034317,ISIC_0029397,0.0633901357650756,0.0729389786720275,0.5870146083990089,1.5648601055145264,42,100,5.0,0.3,32,0.0
experiments\sd_lora_ici_outputs\MEL\MEL_near_NV_0033.png,MEL,NV,a dermoscopic image of melanoma,a dermoscopic image of melanoma,dataset\ISIC2018_Task3_Training_Input\ISIC_0033938.jpg,dataset\ISIC2018_Task3_Training_Input\ISIC_0027620.jpg,ISIC_0033938,ISIC_0027620,0.0605003237724304,0.0232112407684326,2.989536710884179,1.5384724140167236,42,100,5.0,0.3,32,0.0
experiments\sd_lora_ici_outputs\MEL\MEL_near_NV_0034.png,MEL,NV,a dermoscopic image of melanoma,a dermoscopic image of melanoma,dataset\ISIC2018_Task3_Training_Input\ISIC_0027620.jpg,dataset\ISIC2018_Task3_Training_Input\ISIC_0027793.jpg,ISIC_0027620,ISIC_0027793,0.0232112407684326,-0.0409290790557861,3.754565890223129,1.5716896057128906,42,100,5.0,0.3,32,0.0
experiments\sd_lora_ici_outputs\MEL\MEL_near_NV_0035.png,MEL,NV,a dermoscopic image of melanoma,a dermoscopic image of melanoma,dataset\ISIC2018_Task3_Training_Input\ISIC_0026954.jpg,dataset\ISIC2018_Task3_Training_Input\ISIC_0033216.jpg,ISIC_0026954,ISIC_0033216,0.0687223076820373,0.054218590259552,0.16404012240347732,1.5481898784637451,42,100,5.0,0.3,32,0.0
experiments\sd_lora_ici_outputs\MEL\MEL_near_NV_0036.png,MEL,NV,a dermoscopic image of melanoma,a dermoscopic image of melanoma,dataset\ISIC2018_Task3_Training_Input\ISIC_0033967.jpg,dataset\ISIC2018_Task3_Training_Input\ISIC_0031784.jpg,ISIC_0033967,ISIC_0031784,0.0163593888282775,0.0666643381118774,3.087830156646795,1.5494608879089355,42,100,5.0,0.3,32,0.0
experiments\sd_lora_ici_outputs\MEL\MEL_near_NV_0037.png,MEL,NV,a dermoscopic image of melanoma,a dermoscopic image of melanoma,dataset\ISIC2018_Task3_Training_Input\ISIC_0033967.jpg,dataset\ISIC2018_Task3_Training_Input\ISIC_0027793.jpg,ISIC_0033967,ISIC_0027793,0.0163593888282775,-0.0409290790557861,0.9231928549085964,1.5772734880447388,42,100,5.0,0.3,32,0.0
experiments\sd_lora_ici_outputs\MEL\MEL_near_NV_0038.png,MEL,NV,a dermoscopic image of melanoma,a dermoscopic image of melanoma,dataset\ISIC2018_Task3_Training_Input\ISIC_0025277.jpg,dataset\ISIC2018_Task3_Training_Input\ISIC_0026475.jpg,ISIC_0025277,ISIC_0026475,-0.0057785511016845,0.0422759056091308,1.0506382061704822,1.5809483528137207,42,100,5.0,0.3,32,0.0
experiments\sd_lora_ici_outputs\MEL\MEL_near_NV_0039.png,MEL,NV,a dermoscopic image of melanoma,a dermoscopic image of melanoma,dataset\ISIC2018_Task3_Training_Input\ISIC_0033099.jpg,dataset\ISIC2018_Task3_Training_Input\ISIC_0030255.jpg,ISIC_0033099,ISIC_0030255,0.0309948325157165,0.0721386671066284,0.9257695505374799,1.588281512260437,42,100,5.0,0.3,32,0.0
experiments\sd_lora_ici_outputs\MEL\MEL_near_NV_0040.png,MEL,NV,a dermoscopic image of melanoma,a dermoscopic image of melanoma,dataset\ISIC2018_Task3_Training_Input\ISIC_0034205.jpg,dataset\ISIC2018_Task3_Training_Input\ISIC_0025277.jpg,ISIC_0034205,ISIC_0025277,0.0468409061431884,-0.0057785511016845,2.6622497815708135,1.57793128490448,42,100,5.0,0.3,32,0.0
experiments\sd_lora_ici_outputs\MEL\MEL_near_NV_0041.png,MEL,NV,a dermoscopic image of melanoma,a dermoscopic image of melanoma,dataset\ISIC2018_Task3_Training_Input\ISIC_0029017.jpg,dataset\ISIC2018_Task3_Training_Input\ISIC_0033476.jpg,ISIC_0029017,ISIC_0033476,0.0692141056060791,0.074186623096466,2.0276687036636805,1.604783296585083,42,100,5.0,0.3,32,0.0
experiments\sd_lora_ici_outputs\MEL\MEL_near_NV_0042.png,MEL,NV,a dermoscopic image of melanoma,a dermoscopic image of melanoma,dataset\ISIC2018_Task3_Training_Input\ISIC_0028003.jpg,dataset\ISIC2018_Task3_Training_Input\ISIC_0028760.jpg,ISIC_0028003,ISIC_0028760,-0.0031124949455261,-0.1278170347213745,3.2260501198397806,1.541480302810669,42,100,5.0,0.3,32,0.0
experiments\sd_lora_ici_outputs\MEL\MEL_near_NV_0043.png,MEL,NV,a dermoscopic image of melanoma,a dermoscopic image of melanoma,dataset\ISIC2018_Task3_Training_Input\ISIC_0028126.jpg,dataset\ISIC2018_Task3_Training_Input\ISIC_0027838.jpg,ISIC_0028126,ISIC_0027838,0.0550249218940734,0.0066952109336853,1.538280861591029,1.5851857662200928,42,100,5.0,0.3,32,0.0
experiments\sd_lora_ici_outputs\MEL\MEL_near_NV_0044.png,MEL,NV,a dermoscopic image of melanoma,a dermoscopic image of melanoma,dataset\ISIC2018_Task3_Training_Input\ISIC_0026475.jpg,dataset\ISIC2018_Task3_Training_Input\ISIC_0024918.jpg,ISIC_0026475,ISIC_0024918,0.0422759056091308,0.0673766136169433,3.725317024498894,1.548149585723877,42,100,5.0,0.3,32,0.0
experiments\sd_lora_ici_outputs\MEL\MEL_near_NV_0045.png,MEL,NV,a dermoscopic image of melanoma,a dermoscopic image of melanoma,dataset\ISIC2018_Task3_Training_Input\ISIC_0034205.jpg,dataset\ISIC2018_Task3_Training_Input\ISIC_0024918.jpg,ISIC_0034205,ISIC_0024918,0.0468409061431884,0.0673766136169433,3.5301184244240322,1.5690562725067139,42,100,5.0,0.3,32,0.0
experiments\sd_lora_ici_outputs\MEL\MEL_near_NV_0046.png,MEL,NV,a dermoscopic image of melanoma,a dermoscopic image of melanoma,dataset\ISIC2018_Task3_Training_Input\ISIC_0026774.jpg,dataset\ISIC2018_Task3_Training_Input\ISIC_0032450.jpg,ISIC_0026774,ISIC_0032450,0.0116477608680725,0.0730683207511901,0.1601313469970189,1.5657684803009033,42,100,5.0,0.3,32,0.0
experiments\sd_lora_ici_outputs\MEL\MEL_near_NV_0047.png,MEL,NV,a dermoscopic image of melanoma,a dermoscopic image of melanoma,dataset\ISIC2018_Task3_Training_Input\ISIC_0030391.jpg,dataset\ISIC2018_Task3_Training_Input\ISIC_0026314.jpg,ISIC_0030391,ISIC_0026314,0.0268755555152893,0.0299525260925292,2.5708808365296787,1.5849825143814087,42,100,5.0,0.3,32,0.0
experiments\sd_lora_ici_outputs\MEL\MEL_near_NV_0048.png,MEL,NV,a dermoscopic image of melanoma,a dermoscopic image of melanoma,dataset\ISIC2018_Task3_Training_Input\ISIC_0030391.jpg,dataset\ISIC2018_Task3_Training_Input\ISIC_0024918.jpg,ISIC_0030391,ISIC_0024918,0.0268755555152893,0.0673766136169433,0.41680957673415475,1.5560628175735474,42,100,5.0,0.3,32,0.0
experiments\sd_lora_ici_outputs\MEL\MEL_near_NV_0049.png,MEL,NV,a dermoscopic image of melanoma,a dermoscopic image of melanoma,dataset\ISIC2018_Task3_Training_Input\ISIC_0027793.jpg,dataset\ISIC2018_Task3_Training_Input\ISIC_0033476.jpg,ISIC_0027793,ISIC_0033476,-0.0409290790557861,0.074186623096466,3.842785634724634,1.5834598541259766,42,100,5.0,0.3,32,0.0
experiments\sd_lora_ici_outputs\MEL\MEL_near_VASC_0000.png,MEL,VASC,a dermoscopic image of melanoma,a dermoscopic image of melanoma,dataset\ISIC2018_Task3_Training_Input\ISIC_0024702.jpg,dataset\ISIC2018_Task3_Training_Input\ISIC_0032400.jpg,ISIC_0024702,ISIC_0032400,-0.056661307811737,0.0939639806747436,2.524697538654097,1.5767507553100586,42,100,5.0,0.3,32,0.0
experiments\sd_lora_ici_outputs\MEL\MEL_near_VASC_0001.png,MEL,VASC,a dermoscopic image of melanoma,a dermoscopic image of melanoma,dataset\ISIC2018_Task3_Training_Input\ISIC_0032592.jpg,dataset\ISIC2018_Task3_Training_Input\ISIC_0025097.jpg,ISIC_0032592,ISIC_0025097,-0.0479750633239746,0.0683693289756774,1.0916682035085892,1.5741245746612549,42,100,5.0,0.3,32,0.0
experiments\sd_lora_ici_outputs\MEL\MEL_near_VASC_0002.png,MEL,VASC,a dermoscopic image of melanoma,a dermoscopic image of melanoma,dataset\ISIC2018_Task3_Training_Input\ISIC_0026506.jpg,dataset\ISIC2018_Task3_Training_Input\ISIC_0026158.jpg,ISIC_0026506,ISIC_0026158,-0.1467346549034118,-0.0521768331527709,3.0012674951589995,1.553195834159851,42,100,5.0,0.3,32,0.0
experiments\sd_lora_ici_outputs\MEL\MEL_near_VASC_0003.png,MEL,VASC,a dermoscopic image of melanoma,a dermoscopic image of melanoma,dataset\ISIC2018_Task3_Training_Input\ISIC_0033696.jpg,dataset\ISIC2018_Task3_Training_Input\ISIC_0026158.jpg,ISIC_0033696,ISIC_0026158,0.0344544649124145,-0.0521768331527709,2.2519182299536262,1.6144673824310303,42,100,5.0,0.3,32,0.0
experiments\sd_lora_ici_outputs\MEL\MEL_near_VASC_0004.png,MEL,VASC,a dermoscopic image of melanoma,a dermoscopic image of melanoma,dataset\ISIC2018_Task3_Training_Input\ISIC_0026506.jpg,dataset\ISIC2018_Task3_Training_Input\ISIC_0033696.jpg,ISIC_0026506,ISIC_0033696,-0.1467346549034118,0.0344544649124145,2.3013447602901844,1.5566645860671997,42,100,5.0,0.3,32,0.0
experiments\sd_lora_ici_outputs\MEL\MEL_near_VASC_0005.png,MEL,VASC,a dermoscopic image of melanoma,a dermoscopic image of melanoma,dataset\ISIC2018_Task3_Training_Input\ISIC_0025524.jpg,dataset\ISIC2018_Task3_Training_Input\ISIC_0026158.jpg,ISIC_0025524,ISIC_0026158,0.0483112335205078,-0.0521768331527709,1.5140096256921518,1.5631484985351562,42,100,5.0,0.3,32,0.0
experiments\sd_lora_ici_outputs\MEL\MEL_near_VASC_0006.png,MEL,VASC,a dermoscopic image of melanoma,a dermoscopic image of melanoma,dataset\ISIC2018_Task3_Training_Input\ISIC_0025963.jpg,dataset\ISIC2018_Task3_Training_Input\ISIC_0026506.jpg,ISIC_0025963,ISIC_0026506,-0.015811800956726,-0.1467346549034118,1.5165734129510058,1.5682076215744019,42,100,5.0,0.3,32,0.0
experiments\sd_lora_ici_outputs\MEL\MEL_near_VASC_0007.png,MEL,VASC,a dermoscopic image of melanoma,a dermoscopic image of melanoma,dataset\ISIC2018_Task3_Training_Input\ISIC_0026506.jpg,dataset\ISIC2018_Task3_Training_Input\ISIC_0025963.jpg,ISIC_0026506,ISIC_0025963,-0.1467346549034118,-0.015811800956726,2.354595722077538,1.5682076215744019,42,100,5.0,0.3,32,0.0
experiments\sd_lora_ici_outputs\MEL\MEL_near_VASC_0008.png,MEL,VASC,a dermoscopic image of melanoma,a dermoscopic image of melanoma,dataset\ISIC2018_Task3_Training_Input\ISIC_0032400.jpg,dataset\ISIC2018_Task3_Training_Input\ISIC_0029744.jpg,ISIC_0032400,ISIC_0029744,0.0939639806747436,0.1510858535766601,3.5814025966995087,1.5758419036865234,42,100,5.0,0.3,32,0.0
experiments\sd_lora_ici_outputs\MEL\MEL_near_VASC_0009.png,MEL,VASC,a dermoscopic image of melanoma,a dermoscopic image of melanoma,dataset\ISIC2018_Task3_Training_Input\ISIC_0024702.jpg,dataset\ISIC2018_Task3_Training_Input\ISIC_0025121.jpg,ISIC_0024702,ISIC_0025121,-0.056661307811737,-0.0004993677139282,0.30971391562893225,1.5790935754776,42,100,5.0,0.3,32,0.0
experiments\sd_lora_ici_outputs\MEL\MEL_near_VASC_0010.png,MEL,VASC,a dermoscopic image of melanoma,a dermoscopic image of melanoma,dataset\ISIC2018_Task3_Training_Input\ISIC_0025963.jpg,dataset\ISIC2018_Task3_Training_Input\ISIC_0025524.jpg,ISIC_0025963,ISIC_0025524,-0.015811800956726,0.0483112335205078,1.0290125897566795,1.5361950397491455,42,100,5.0,0.3,32,0.0
experiments\sd_lora_ici_outputs\MEL\MEL_near_VASC_0011.png,MEL,VASC,a dermoscopic image of melanoma,a dermoscopic image of melanoma,dataset\ISIC2018_Task3_Training_Input\ISIC_0029744.jpg,dataset\ISIC2018_Task3_Training_Input\ISIC_0025097.jpg,ISIC_0029744,ISIC_0025097,0.1510858535766601,0.0683693289756774,3.9459327566610023,1.5488078594207764,42,100,5.0,0.3,32,0.0
experiments\sd_lora_ici_outputs\MEL\MEL_near_VASC_0012.png,MEL,VASC,a dermoscopic image of melanoma,a dermoscopic image of melanoma,dataset\ISIC2018_Task3_Training_Input\ISIC_0025097.jpg,dataset\ISIC2018_Task3_Training_Input\ISIC_0025524.jpg,ISIC_0025097,ISIC_0025524,0.0683693289756774,0.0483112335205078,0.898757288572123,1.5582820177078247,42,100,5.0,0.3,32,0.0
experiments\sd_lora_ici_outputs\MEL\MEL_near_VASC_0013.png,MEL,VASC,a dermoscopic image of melanoma,a dermoscopic image of melanoma,dataset\ISIC2018_Task3_Training_Input\ISIC_0026158.jpg,dataset\ISIC2018_Task3_Training_Input\ISIC_0025097.jpg,ISIC_0026158,ISIC_0025097,-0.0521768331527709,0.0683693289756774,1.6310654788667647,1.5633840560913086,42,100,5.0,0.3,32,0.0
experiments\sd_lora_ici_outputs\MEL\MEL_near_VASC_0014.png,MEL,VASC,a dermoscopic image of melanoma,a dermoscopic image of melanoma,dataset\ISIC2018_Task3_Training_Input\ISIC_0025524.jpg,dataset\ISIC2018_Task3_Training_Input\ISIC_0025963.jpg,ISIC_0025524,ISIC_0025963,0.0483112335205078,-0.015811800956726,3.3425768883103877,1.5361950397491455,42,100,5.0,0.3,32,0.0
experiments\sd_lora_ici_outputs\MEL\MEL_near_VASC_0015.png,MEL,VASC,a dermoscopic image of melanoma,a dermoscopic image of melanoma,dataset\ISIC2018_Task3_Training_Input\ISIC_0032592.jpg,dataset\ISIC2018_Task3_Training_Input\ISIC_0024702.jpg,ISIC_0032592,ISIC_0024702,-0.0479750633239746,-0.056661307811737,1.3868851747756488,1.563144564628601,42,100,5.0,0.3,32,0.0
experiments\sd_lora_ici_outputs\MEL\MEL_near_VASC_0016.png,MEL,VASC,a dermoscopic image of melanoma,a dermoscopic image of melanoma,dataset\ISIC2018_Task3_Training_Input\ISIC_0025121.jpg,dataset\ISIC2018_Task3_Training_Input\ISIC_0026158.jpg,ISIC_0025121,ISIC_0026158,-0.0004993677139282,-0.0521768331527709,3.1495690895858415,1.5813000202178955,42,100,5.0,0.3,32,0.0
experiments\sd_lora_ici_outputs\MEL\MEL_near_VASC_0017.png,MEL,VASC,a dermoscopic image of melanoma,a dermoscopic image of melanoma,dataset\ISIC2018_Task3_Training_Input\ISIC_0025524.jpg,dataset\ISIC2018_Task3_Training_Input\ISIC_0025963.jpg,ISIC_0025524,ISIC_0025963,0.0483112335205078,-0.015811800956726,3.6286184867247875,1.5361950397491455,42,100,5.0,0.3,32,0.0
experiments\sd_lora_ici_outputs\MEL\MEL_near_VASC_0018.png,MEL,VASC,a dermoscopic image of melanoma,a dermoscopic image of melanoma,dataset\ISIC2018_Task3_Training_Input\ISIC_0026158.jpg,dataset\ISIC2018_Task3_Training_Input\ISIC_0026506.jpg,ISIC_0026158,ISIC_0026506,-0.0521768331527709,-0.1467346549034118,0.026689800746899157,1.553195834159851,42,100,5.0,0.3,32,0.0
experiments\sd_lora_ici_outputs\MEL\MEL_near_VASC_0019.png,MEL,VASC,a dermoscopic image of melanoma,a dermoscopic image of melanoma,dataset\ISIC2018_Task3_Training_Input\ISIC_0025121.jpg,dataset\ISIC2018_Task3_Training_Input\ISIC_0025963.jpg,ISIC_0025121,ISIC_0025963,-0.0004993677139282,-0.015811800956726,5.3825231848754935,1.0296257734298706,42,100,5.0,0.3,32,0.0
experiments\sd_lora_ici_outputs\MEL\MEL_near_VASC_0020.png,MEL,VASC,a dermoscopic image of melanoma,a dermoscopic image of melanoma,dataset\ISIC2018_Task3_Training_Input\ISIC_0032400.jpg,dataset\ISIC2018_Task3_Training_Input\ISIC_0032592.jpg,ISIC_0032400,ISIC_0032592,0.0939639806747436,-0.0479750633239746,1.750798373397171,1.578688383102417,42,100,5.0,0.3,32,0.0
experiments\sd_lora_ici_outputs\MEL\MEL_near_VASC_0021.png,MEL,VASC,a dermoscopic image of melanoma,a dermoscopic image of melanoma,dataset\ISIC2018_Task3_Training_Input\ISIC_0026158.jpg,dataset\ISIC2018_Task3_Training_Input\ISIC_0032400.jpg,ISIC_0026158,ISIC_0032400,-0.0521768331527709,0.0939639806747436,0.9344815922248944,1.5463917255401611,42,100,5.0,0.3,32,0.0
experiments\sd_lora_ici_outputs\MEL\MEL_near_VASC_0022.png,MEL,VASC,a dermoscopic image of melanoma,a dermoscopic image of melanoma,dataset\ISIC2018_Task3_Training_Input\ISIC_0029744.jpg,dataset\ISIC2018_Task3_Training_Input\ISIC_0033696.jpg,ISIC_0029744,ISIC_0033696,0.1510858535766601,0.0344544649124145,2.077348290202021,1.556290864944458,42,100,5.0,0.3,32,0.0
experiments\sd_lora_ici_outputs\MEL\MEL_near_VASC_0023.png,MEL,VASC,a dermoscopic image of melanoma,a dermoscopic image of melanoma,dataset\ISIC2018_Task3_Training_Input\ISIC_0033696.jpg,dataset\ISIC2018_Task3_Training_Input\ISIC_0025097.jpg,ISIC_0033696,ISIC_0025097,0.0344544649124145,0.0683693289756774,1.1159432260022444,1.5810644626617432,42,100,5.0,0.3,32,0.0
experiments\sd_lora_ici_outputs\MEL\MEL_near_VASC_0024.png,MEL,VASC,a dermoscopic image of melanoma,a dermoscopic image of melanoma,dataset\ISIC2018_Task3_Training_Input\ISIC_0025121.jpg,dataset\ISIC2018_Task3_Training_Input\ISIC_0024702.jpg,ISIC_0025121,ISIC_0024702,-0.0004993677139282,-0.056661307811737,0.597803915745573,1.5790935754776,42,100,5.0,0.3,32,0.0
experiments\sd_lora_ici_outputs\MEL\MEL_near_VASC_0025.png,MEL,VASC,a dermoscopic image of melanoma,a dermoscopic image of melanoma,dataset\ISIC2018_Task3_Training_Input\ISIC_0033696.jpg,dataset\ISIC2018_Task3_Training_Input\ISIC_0024702.jpg,ISIC_0033696,ISIC_0024702,0.0344544649124145,-0.056661307811737,0.6251181127923269,1.581629753112793,42,100,5.0,0.3,32,0.0
experiments\sd_lora_ici_outputs\MEL\MEL_near_VASC_0026.png,MEL,VASC,a dermoscopic image of melanoma,a dermoscopic image of melanoma,dataset\ISIC2018_Task3_Training_Input\ISIC_0026158.jpg,dataset\ISIC2018_Task3_Training_Input\ISIC_0029744.jpg,ISIC_0026158,ISIC_0029744,-0.0521768331527709,0.1510858535766601,2.448501357900137,1.544865369796753,42,100,5.0,0.3,32,0.0
experiments\sd_lora_ici_outputs\MEL\MEL_near_VASC_0027.png,MEL,VASC,a dermoscopic image of melanoma,a dermoscopic image of melanoma,dataset\ISIC2018_Task3_Training_Input\ISIC_0025524.jpg,dataset\ISIC2018_Task3_Training_Input\ISIC_0025121.jpg,ISIC_0025524,ISIC_0025121,0.0483112335205078,-0.0004993677139282,3.4226640781977093,1.4997323751449585,42,100,5.0,0.3,32,0.0
experiments\sd_lora_ici_outputs\MEL\MEL_near_VASC_0028.png,MEL,VASC,a dermoscopic image of melanoma,a dermoscopic image of melanoma,dataset\ISIC2018_Task3_Training_Input\ISIC_0032592.jpg,dataset\ISIC2018_Task3_Training_Input\ISIC_0026506.jpg,ISIC_0032592,ISIC_0026506,-0.0479750633239746,-0.1467346549034118,2.617510320035493,1.586956262588501,42,100,5.0,0.3,32,0.0
experiments\sd_lora_ici_outputs\MEL\MEL_near_VASC_0029.png,MEL,VASC,a dermoscopic image of melanoma,a dermoscopic image of melanoma,dataset\ISIC2018_Task3_Training_Input\ISIC_0025963.jpg,dataset\ISIC2018_Task3_Training_Input\ISIC_0033696.jpg,ISIC_0025963,ISIC_0033696,-0.015811800956726,0.0344544649124145,1.6421866118026152,1.5863572359085083,42,100,5.0,0.3,32,0.0
experiments\sd_lora_ici_outputs\MEL\MEL_near_VASC_0030.png,MEL,VASC,a dermoscopic image of melanoma,a dermoscopic image of melanoma,dataset\ISIC2018_Task3_Training_Input\ISIC_0032592.jpg,dataset\ISIC2018_Task3_Training_Input\ISIC_0025524.jpg,ISIC_0032592,ISIC_0025524,-0.0479750633239746,0.0483112335205078,1.3187723618574825,1.5733294486999512,42,100,5.0,0.3,32,0.0
experiments\sd_lora_ici_outputs\MEL\MEL_near_VASC_0031.png,MEL,VASC,a dermoscopic image of melanoma,a dermoscopic image of melanoma,dataset\ISIC2018_Task3_Training_Input\ISIC_0025963.jpg,dataset\ISIC2018_Task3_Training_Input\ISIC_0025121.jpg,ISIC_0025963,ISIC_0025121,-0.015811800956726,-0.0004993677139282,0.6916377363948916,1.0296257734298706,42,100,5.0,0.3,32,0.0
experiments\sd_lora_ici_outputs\MEL\MEL_near_VASC_0032.png,MEL,VASC,a dermoscopic image of melanoma,a dermoscopic image of melanoma,dataset\ISIC2018_Task3_Training_Input\ISIC_0025963.jpg,dataset\ISIC2018_Task3_Training_Input\ISIC_0032400.jpg,ISIC_0025963,ISIC_0032400,-0.015811800956726,0.0939639806747436,2.705130078127226,1.5683503150939941,42,100,5.0,0.3,32,0.0
experiments\sd_lora_ici_outputs\MEL\MEL_near_VASC_0033.png,MEL,VASC,a dermoscopic image of melanoma,a dermoscopic image of melanoma,dataset\ISIC2018_Task3_Training_Input\ISIC_0032400.jpg,dataset\ISIC2018_Task3_Training_Input\ISIC_0026506.jpg,ISIC_0032400,ISIC_0026506,0.0939639806747436,-0.1467346549034118,1.9124812071333432,1.5737559795379639,42,100,5.0,0.3,32,0.0
experiments\sd_lora_ici_outputs\MEL\MEL_near_VASC_0034.png,MEL,VASC,a dermoscopic image of melanoma,a dermoscopic image of melanoma,dataset\ISIC2018_Task3_Training_Input\ISIC_0025963.jpg,dataset\ISIC2018_Task3_Training_Input\ISIC_0025121.jpg,ISIC_0025963,ISIC_0025121,-0.015811800956726,-0.0004993677139282,3.6052406522884155,1.0296257734298706,42,100,5.0,0.3,32,0.0
experiments\sd_lora_ici_outputs\MEL\MEL_near_VASC_0035.png,MEL,VASC,a dermoscopic image of melanoma,a dermoscopic image of melanoma,dataset\ISIC2018_Task3_Training_Input\ISIC_0032592.jpg,dataset\ISIC2018_Task3_Training_Input\ISIC_0026506.jpg,ISIC_0032592,ISIC_0026506,-0.0479750633239746,-0.1467346549034118,2.5626728384150614,1.586956262588501,42,100,5.0,0.3,32,0.0
experiments\sd_lora_ici_outputs\MEL\MEL_near_VASC_0036.png,MEL,VASC,a dermoscopic image of melanoma,a dermoscopic image of melanoma,dataset\ISIC2018_Task3_Training_Input\ISIC_0029744.jpg,dataset\ISIC2018_Task3_Training_Input\ISIC_0024702.jpg,ISIC_0029744,ISIC_0024702,0.1510858535766601,-0.056661307811737,1.6377457002671716,1.5764082670211792,42,100,5.0,0.3,32,0.0
experiments\sd_lora_ici_outputs\MEL\MEL_near_VASC_0037.png,MEL,VASC,a dermoscopic image of melanoma,a dermoscopic image of melanoma,dataset\ISIC2018_Task3_Training_Input\ISIC_0025524.jpg,dataset\ISIC2018_Task3_Training_Input\ISIC_0025963.jpg,ISIC_0025524,ISIC_0025963,0.0483112335205078,-0.015811800956726,0.996634968718076,1.5361950397491455,42,100,5.0,0.3,32,0.0
experiments\sd_lora_ici_outputs\MEL\MEL_near_VASC_0038.png,MEL,VASC,a dermoscopic image of melanoma,a dermoscopic image of melanoma,dataset\ISIC2018_Task3_Training_Input\ISIC_0026158.jpg,dataset\ISIC2018_Task3_Training_Input\ISIC_0033696.jpg,ISIC_0026158,ISIC_0033696,-0.0521768331527709,0.0344544649124145,0.4977033813127898,1.6144673824310303,42,100,5.0,0.3,32,0.0
experiments\sd_lora_ici_outputs\MEL\MEL_near_VASC_0039.png,MEL,VASC,a dermoscopic image of melanoma,a dermoscopic image of melanoma,dataset\ISIC2018_Task3_Training_Input\ISIC_0029744.jpg,dataset\ISIC2018_Task3_Training_Input\ISIC_0025097.jpg,ISIC_0029744,ISIC_0025097,0.1510858535766601,0.0683693289756774,2.403028944970617,1.5488078594207764,42,100,5.0,0.3,32,0.0
experiments\sd_lora_ici_outputs\MEL\MEL_near_VASC_0040.png,MEL,VASC,a dermoscopic image of melanoma,a dermoscopic image of melanoma,dataset\ISIC2018_Task3_Training_Input\ISIC_0025963.jpg,dataset\ISIC2018_Task3_Training_Input\ISIC_0024702.jpg,ISIC_0025963,ISIC_0024702,-0.015811800956726,-0.056661307811737,0.5435072958399072,1.5574697256088257,42,100,5.0,0.3,32,0.0
experiments\sd_lora_ici_outputs\MEL\MEL_near_VASC_0041.png,MEL,VASC,a dermoscopic image of melanoma,a dermoscopic image of melanoma,dataset\ISIC2018_Task3_Training_Input\ISIC_0029744.jpg,dataset\ISIC2018_Task3_Training_Input\ISIC_0025963.jpg,ISIC_0029744,ISIC_0025963,0.1510858535766601,-0.015811800956726,2.0299103815492816,1.5867842435836792,42,100,5.0,0.3,32,0.0
experiments\sd_lora_ici_outputs\MEL\MEL_near_VASC_0042.png,MEL,VASC,a dermoscopic image of melanoma,a dermoscopic image of melanoma,dataset\ISIC2018_Task3_Training_Input\ISIC_0025121.jpg,dataset\ISIC2018_Task3_Training_Input\ISIC_0032400.jpg,ISIC_0025121,ISIC_0032400,-0.0004993677139282,0.0939639806747436,3.5751744039603524,1.5655311346054077,42,100,5.0,0.3,32,0.0
experiments\sd_lora_ici_outputs\MEL\MEL_near_VASC_0043.png,MEL,VASC,a dermoscopic image of melanoma,a dermoscopic image of melanoma,dataset\ISIC2018_Task3_Training_Input\ISIC_0032592.jpg,dataset\ISIC2018_Task3_Training_Input\ISIC_0029744.jpg,ISIC_0032592,ISIC_0029744,-0.0479750633239746,0.1510858535766601,0.5840090173893974,1.580079436302185,42,100,5.0,0.3,32,0.0
experiments\sd_lora_ici_outputs\MEL\MEL_near_VASC_0044.png,MEL,VASC,a dermoscopic image of melanoma,a dermoscopic image of melanoma,dataset\ISIC2018_Task3_Training_Input\ISIC_0026158.jpg,dataset\ISIC2018_Task3_Training_Input\ISIC_0025524.jpg,ISIC_0026158,ISIC_0025524,-0.0521768331527709,0.0483112335205078,0.6686208186498501,1.5631484985351562,42,100,5.0,0.3,32,0.0
experiments\sd_lora_ici_outputs\MEL\MEL_near_VASC_0045.png,MEL,VASC,a dermoscopic image of melanoma,a dermoscopic image of melanoma,dataset\ISIC2018_Task3_Training_Input\ISIC_0026158.jpg,dataset\ISIC2018_Task3_Training_Input\ISIC_0025524.jpg,ISIC_0026158,ISIC_0025524,-0.0521768331527709,0.0483112335205078,3.7078400611236395,1.5631484985351562,42,100,5.0,0.3,32,0.0
experiments\sd_lora_ici_outputs\MEL\MEL_near_VASC_0046.png,MEL,VASC,a dermoscopic image of melanoma,a dermoscopic image of melanoma,dataset\ISIC2018_Task3_Training_Input\ISIC_0032400.jpg,dataset\ISIC2018_Task3_Training_Input\ISIC_0025121.jpg,ISIC_0032400,ISIC_0025121,0.0939639806747436,-0.0004993677139282,2.073513031660835,1.5655311346054077,42,100,5.0,0.3,32,0.0
experiments\sd_lora_ici_outputs\MEL\MEL_near_VASC_0047.png,MEL,VASC,a dermoscopic image of melanoma,a dermoscopic image of melanoma,dataset\ISIC2018_Task3_Training_Input\ISIC_0033696.jpg,dataset\ISIC2018_Task3_Training_Input\ISIC_0025097.jpg,ISIC_0033696,ISIC_0025097,0.0344544649124145,0.0683693289756774,1.611292411212284,1.5810644626617432,42,100,5.0,0.3,32,0.0
experiments\sd_lora_ici_outputs\MEL\MEL_near_VASC_0048.png,MEL,VASC,a dermoscopic image of melanoma,a dermoscopic image of melanoma,dataset\ISIC2018_Task3_Training_Input\ISIC_0025524.jpg,dataset\ISIC2018_Task3_Training_Input\ISIC_0025097.jpg,ISIC_0025524,ISIC_0025097,0.0483112335205078,0.0683693289756774,3.9081101012432575,1.5582820177078247,42,100,5.0,0.3,32,0.0
experiments\sd_lora_ici_outputs\MEL\MEL_near_VASC_0049.png,MEL,VASC,a dermoscopic image of melanoma,a dermoscopic image of melanoma,dataset\ISIC2018_Task3_Training_Input\ISIC_0029744.jpg,dataset\ISIC2018_Task3_Training_Input\ISIC_0032592.jpg,ISIC_0029744,ISIC_0032592,0.1510858535766601,-0.0479750633239746,2.535506462783261,1.580079436302185,42,100,5.0,0.3,32,0.0
experiments\sd_lora_ici_outputs\NV\NV_near_BCC_0000.png,NV,BCC,a dermoscopic image of melanocytic nevus,a dermoscopic image of melanocytic nevus,dataset\ISIC2018_Task3_Training_Input\ISIC_0026216.jpg,dataset\ISIC2018_Task3_Training_Input\ISIC_0030525.jpg,ISIC_0026216,ISIC_0030525,-0.0439474582672119,0.1106615662574768,3.4867468589692843,1.5830901861190796,42,100,5.0,0.3,32,0.0
experiments\sd_lora_ici_outputs\NV\NV_near_BCC_0001.png,NV,BCC,a dermoscopic image of melanocytic nevus,a dermoscopic image of melanocytic nevus,dataset\ISIC2018_Task3_Training_Input\ISIC_0033512.jpg,dataset\ISIC2018_Task3_Training_Input\ISIC_0024872.jpg,ISIC_0033512,ISIC_0024872,-0.1301126480102539,0.0569453835487365,2.9170737001129936,1.5680088996887207,42,100,5.0,0.3,32,0.0
experiments\sd_lora_ici_outputs\NV\NV_near_BCC_0002.png,NV,BCC,a dermoscopic image of melanocytic nevus,a dermoscopic image of melanocytic nevus,dataset\ISIC2018_Task3_Training_Input\ISIC_0026722.jpg,dataset\ISIC2018_Task3_Training_Input\ISIC_0024872.jpg,ISIC_0026722,ISIC_0024872,0.0286424756050109,0.0569453835487365,3.364849761532585,1.533619999885559,42,100,5.0,0.3,32,0.0
experiments\sd_lora_ici_outputs\NV\NV_near_BCC_0003.png,NV,BCC,a dermoscopic image of melanocytic nevus,a dermoscopic image of melanocytic nevus,dataset\ISIC2018_Task3_Training_Input\ISIC_0032708.jpg,dataset\ISIC2018_Task3_Training_Input\ISIC_0030639.jpg,ISIC_0032708,ISIC_0030639,-0.000521957874298,-0.19645756483078,3.856085137103714,1.5434751510620117,42,100,5.0,0.3,32,0.0
experiments\sd_lora_ici_outputs\NV\NV_near_BCC_0004.png,NV,BCC,a dermoscopic image of melanocytic nevus,a dermoscopic image of melanocytic nevus,dataset\ISIC2018_Task3_Training_Input\ISIC_0025878.jpg,dataset\ISIC2018_Task3_Training_Input\ISIC_0029554.jpg,ISIC_0025878,ISIC_0029554,0.0936055183410644,-0.1094663143157959,0.8641970856555963,1.5747525691986084,42,100,5.0,0.3,32,0.0
experiments\sd_lora_ici_outputs\NV\NV_near_BCC_0005.png,NV,BCC,a dermoscopic image of melanocytic nevus,a dermoscopic image of melanocytic nevus,dataset\ISIC2018_Task3_Training_Input\ISIC_0034072.jpg,dataset\ISIC2018_Task3_Training_Input\ISIC_0032354.jpg,ISIC_0034072,ISIC_0032354,-0.2593318223953247,0.0787509679794311,2.433272158536193,1.5661686658859253,42,100,5.0,0.3,32,0.0
experiments\sd_lora_ici_outputs\NV\NV_near_BCC_0006.png,NV,BCC,a dermoscopic image of melanocytic nevus,a dermoscopic image of melanocytic nevus,dataset\ISIC2018_Task3_Training_Input\ISIC_0026023.jpg,dataset\ISIC2018_Task3_Training_Input\ISIC_0031857.jpg,ISIC_0026023,ISIC_0031857,0.0536802411079406,-0.0645024180412292,1.878046399342711,1.5771591663360596,42,100,5.0,0.3,32,0.0
experiments\sd_lora_ici_outputs\NV\NV_near_BCC_0007.png,NV,BCC,a dermoscopic image of melanocytic nevus,a dermoscopic image of melanocytic nevus,dataset\ISIC2018_Task3_Training_Input\ISIC_0025878.jpg,dataset\ISIC2018_Task3_Training_Input\ISIC_0028310.jpg,ISIC_0025878,ISIC_0028310,0.0936055183410644,0.0770890116691589,1.9473993250547919,1.5540786981582642,42,100,5.0,0.3,32,0.0
experiments\sd_lora_ici_outputs\NV\NV_near_BCC_0008.png,NV,BCC,a dermoscopic image of melanocytic nevus,a dermoscopic image of melanocytic nevus,dataset\ISIC2018_Task3_Training_Input\ISIC_0034286.jpg,dataset\ISIC2018_Task3_Training_Input\ISIC_0032125.jpg,ISIC_0034286,ISIC_0032125,-0.0719497799873352,-0.0667425990104675,0.8884248260145787,1.5514013767242432,42,100,5.0,0.3,32,0.0
experiments\sd_lora_ici_outputs\NV\NV_near_BCC_0009.png,NV,BCC,a dermoscopic image of melanocytic nevus,a dermoscopic image of melanocytic nevus,dataset\ISIC2018_Task3_Training_Input\ISIC_0030340.jpg,dataset\ISIC2018_Task3_Training_Input\ISIC_0024872.jpg,ISIC_0030340,ISIC_0024872,-0.0257129669189453,0.0569453835487365,1.6399924371543535,1.5737415552139282,42,100,5.0,0.3,32,0.0
experiments\sd_lora_ici_outputs\NV\NV_near_BCC_0010.png,NV,BCC,a dermoscopic image of melanocytic nevus,a dermoscopic image of melanocytic nevus,dataset\ISIC2018_Task3_Training_Input\ISIC_0026722.jpg,dataset\ISIC2018_Task3_Training_Input\ISIC_0029554.jpg,ISIC_0026722,ISIC_0029554,0.0286424756050109,-0.1094663143157959,0.5686113353796294,1.5769766569137573,42,100,5.0,0.3,32,0.0
experiments\sd_lora_ici_outputs\NV\NV_near_BCC_0011.png,NV,BCC,a dermoscopic image of melanocytic nevus,a dermoscopic image of melanocytic nevus,dataset\ISIC2018_Task3_Training_Input\ISIC_0027889.jpg,dataset\ISIC2018_Task3_Training_Input\ISIC_0031207.jpg,ISIC_0027889,ISIC_0031207,-0.0577220320701599,0.0938637852668762,2.374939059598695,1.5414600372314453,42,100,5.0,0.3,32,0.0
experiments\sd_lora_ici_outputs\NV\NV_near_BCC_0012.png,NV,BCC,a dermoscopic image of melanocytic nevus,a dermoscopic image of melanocytic nevus,dataset\ISIC2018_Task3_Training_Input\ISIC_0032700.jpg,dataset\ISIC2018_Task3_Training_Input\ISIC_0033512.jpg,ISIC_0032700,ISIC_0033512,0.0511882901191711,-0.1301126480102539,3.0993264520955264,1.5559130907058716,42,100,5.0,0.3,32,0.0
experiments\sd_lora_ici_outputs\NV\NV_near_BCC_0013.png,NV,BCC,a dermoscopic image of melanocytic nevus,a dermoscopic image of melanocytic nevus,dataset\ISIC2018_Task3_Training_Input\ISIC_0026023.jpg,dataset\ISIC2018_Task3_Training_Input\ISIC_0026722.jpg,ISIC_0026023,ISIC_0026722,0.0536802411079406,0.0286424756050109,2.5137729359816134,1.5577201843261719,42,100,5.0,0.3,32,0.0
experiments\sd_lora_ici_outputs\NV\NV_near_BCC_0014.png,NV,BCC,a dermoscopic image of melanocytic nevus,a dermoscopic image of melanocytic nevus,dataset\ISIC2018_Task3_Training_Input\ISIC_0034072.jpg,dataset\ISIC2018_Task3_Training_Input\ISIC_0034203.jpg,ISIC_0034072,ISIC_0034203,-0.2593318223953247,0.0396118760108947,2.0246163863680353,1.5852296352386475,42,100,5.0,0.3,32,0.0
experiments\sd_lora_ici_outputs\NV\NV_near_BCC_0015.png,NV,BCC,a dermoscopic image of melanocytic nevus,a dermoscopic image of melanocytic nevus,dataset\ISIC2018_Task3_Training_Input\ISIC_0025027.jpg,dataset\ISIC2018_Task3_Training_Input\ISIC_0026023.jpg,ISIC_0025027,ISIC_0026023,-0.0728572010993957,0.0536802411079406,0.6809504063069854,1.5475819110870361,42,100,5.0,0.3,32,0.0
experiments\sd_lora_ici_outputs\NV\NV_near_BCC_0016.png,NV,BCC,a dermoscopic image of melanocytic nevus,a dermoscopic image of melanocytic nevus,dataset\ISIC2018_Task3_Training_Input\ISIC_0026251.jpg,dataset\ISIC2018_Task3_Training_Input\ISIC_0034203.jpg,ISIC_0026251,ISIC_0034203,0.0141236186027526,0.0396118760108947,2.7210698164462466,1.5830892324447632,42,100,5.0,0.3,32,0.0
experiments\sd_lora_ici_outputs\NV\NV_near_BCC_0017.png,NV,BCC,a dermoscopic image of melanocytic nevus,a dermoscopic image of melanocytic nevus,dataset\ISIC2018_Task3_Training_Input\ISIC_0025878.jpg,dataset\ISIC2018_Task3_Training_Input\ISIC_0034072.jpg,ISIC_0025878,ISIC_0034072,0.0936055183410644,-0.2593318223953247,3.650229086661186,1.587656021118164,42,100,5.0,0.3,32,0.0
experiments\sd_lora_ici_outputs\NV\NV_near_BCC_0018.png,NV,BCC,a dermoscopic image of melanocytic nevus,a dermoscopic image of melanocytic nevus,dataset\ISIC2018_Task3_Training_Input\ISIC_0032354.jpg,dataset\ISIC2018_Task3_Training_Input\ISIC_0034203.jpg,ISIC_0032354,ISIC_0034203,0.0787509679794311,0.0396118760108947,2.395153201547021,1.5648809671401978,42,100,5.0,0.3,32,0.0
experiments\sd_lora_ici_outputs\NV\NV_near_BCC_0019.png,NV,BCC,a dermoscopic image of melanocytic nevus,a dermoscopic image of melanocytic nevus,dataset\ISIC2018_Task3_Training_Input\ISIC_0032788.jpg,dataset\ISIC2018_Task3_Training_Input\ISIC_0026429.jpg,ISIC_0032788,ISIC_0026429,-0.0282831192016601,-0.3388798832893371,0.27672272748743626,1.5631266832351685,42,100,5.0,0.3,32,0.0
experiments\sd_lora_ici_outputs\NV\NV_near_BCC_0020.png,NV,BCC,a dermoscopic image of melanocytic nevus,a dermoscopic image of melanocytic nevus,dataset\ISIC2018_Task3_Training_Input\ISIC_0027756.jpg,dataset\ISIC2018_Task3_Training_Input\ISIC_0033292.jpg,ISIC_0027756,ISIC_0033292,0.0104725956916809,-0.0401661992073059,1.5342353406505889,1.5488966703414917,42,100,5.0,0.3,32,0.0
experiments\sd_lora_ici_outputs\NV\NV_near_BCC_0021.png,NV,BCC,a dermoscopic image of melanocytic nevus,a dermoscopic image of melanocytic nevus,dataset\ISIC2018_Task3_Training_Input\ISIC_0034090.jpg,dataset\ISIC2018_Task3_Training_Input\ISIC_0027889.jpg,ISIC_0034090,ISIC_0027889,-0.419309914112091,-0.0577220320701599,0.5362405363027584,1.549155592918396,42,100,5.0,0.3,32,0.0
experiments\sd_lora_ici_outputs\NV\NV_near_BCC_0022.png,NV,BCC,a dermoscopic image of melanocytic nevus,a dermoscopic image of melanocytic nevus,dataset\ISIC2018_Task3_Training_Input\ISIC_0031207.jpg,dataset\ISIC2018_Task3_Training_Input\ISIC_0030639.jpg,ISIC_0031207,ISIC_0030639,0.0938637852668762,-0.19645756483078,0.06683031758378012,1.5571683645248413,42,100,5.0,0.3,32,0.0
experiments\sd_lora_ici_outputs\NV\NV_near_BCC_0023.png,NV,BCC,a dermoscopic image of melanocytic nevus,a dermoscopic image of melanocytic nevus,dataset\ISIC2018_Task3_Training_Input\ISIC_0026569.jpg,dataset\ISIC2018_Task3_Training_Input\ISIC_0034146.jpg,ISIC_0026569,ISIC_0034146,-0.2676888704299927,0.0196294784545898,2.125351645167611,1.5452935695648193,42,100,5.0,0.3,32,0.0
experiments\sd_lora_ici_outputs\NV\NV_near_BCC_0024.png,NV,BCC,a dermoscopic image of melanocytic nevus,a dermoscopic image of melanocytic nevus,dataset\ISIC2018_Task3_Training_Input\ISIC_0031015.jpg,dataset\ISIC2018_Task3_Training_Input\ISIC_0030639.jpg,ISIC_0031015,ISIC_0030639,-0.0063568949699401,-0.19645756483078,3.631027401603648,1.5735344886779785,42,100,5.0,0.3,32,0.0
experiments\sd_lora_ici_outputs\NV\NV_near_BCC_0025.png,NV,BCC,a dermoscopic image of melanocytic nevus,a dermoscopic image of melanocytic nevus,dataset\ISIC2018_Task3_Training_Input\ISIC_0028310.jpg,dataset\ISIC2018_Task3_Training_Input\ISIC_0034072.jpg,ISIC_0028310,ISIC_0034072,0.0770890116691589,-0.2593318223953247,2.729291531784105,1.5755040645599365,42,100,5.0,0.3,32,0.0
experiments\sd_lora_ici_outputs\NV\NV_near_BCC_0026.png,NV,BCC,a dermoscopic image of melanocytic nevus,a dermoscopic image of melanocytic nevus,dataset\ISIC2018_Task3_Training_Input\ISIC_0030639.jpg,dataset\ISIC2018_Task3_Training_Input\ISIC_0027305.jpg,ISIC_0030639,ISIC_0027305,-0.19645756483078,0.0467022657394409,3.278522800875242,1.5839883089065552,42,100,5.0,0.3,32,0.0
experiments\sd_lora_ici_outputs\NV\NV_near_BCC_0027.png,NV,BCC,a dermoscopic image of melanocytic nevus,a dermoscopic image of melanocytic nevus,dataset\ISIC2018_Task3_Training_Input\ISIC_0026569.jpg,dataset\ISIC2018_Task3_Training_Input\ISIC_0029390.jpg,ISIC_0026569,ISIC_0029390,-0.2676888704299927,-0.0322691202163696,2.3950168085564303,1.5885224342346191,42,100,5.0,0.3,32,0.0
experiments\sd_lora_ici_outputs\NV\NV_near_BCC_0028.png,NV,BCC,a dermoscopic image of melanocytic nevus,a dermoscopic image of melanocytic nevus,dataset\ISIC2018_Task3_Training_Input\ISIC_0026251.jpg,dataset\ISIC2018_Task3_Training_Input\ISIC_0028621.jpg,ISIC_0026251,ISIC_0028621,0.0141236186027526,-0.0648525357246398,0.7013301078991288,1.5895174741744995,42,100,5.0,0.3,32,0.0
experiments\sd_lora_ici_outputs\NV\NV_near_BCC_0029.png,NV,BCC,a dermoscopic image of melanocytic nevus,a dermoscopic image of melanocytic nevus,dataset\ISIC2018_Task3_Training_Input\ISIC_0025027.jpg,dataset\ISIC2018_Task3_Training_Input\ISIC_0024628.jpg,ISIC_0025027,ISIC_0024628,-0.0728572010993957,0.1530045270919799,3.6395778361180797,1.5564913749694824,42,100,5.0,0.3,32,0.0
experiments\sd_lora_ici_outputs\NV\NV_near_BCC_0030.png,NV,BCC,a dermoscopic image of melanocytic nevus,a dermoscopic image of melanocytic nevus,dataset\ISIC2018_Task3_Training_Input\ISIC_0024628.jpg,dataset\ISIC2018_Task3_Training_Input\ISIC_0026251.jpg,ISIC_0024628,ISIC_0026251,0.1530045270919799,0.0141236186027526,2.440915266291265,1.5439869165420532,42,100,5.0,0.3,32,0.0
experiments\sd_lora_ici_outputs\NV\NV_near_BCC_0031.png,NV,BCC,a dermoscopic image of melanocytic nevus,a dermoscopic image of melanocytic nevus,dataset\ISIC2018_Task3_Training_Input\ISIC_0032708.jpg,dataset\ISIC2018_Task3_Training_Input\ISIC_0027627.jpg,ISIC_0032708,ISIC_0027627,-0.000521957874298,0.0031870007514953,3.5988522740562385,1.5324559211730957,42,100,5.0,0.3,32,0.0
experiments\sd_lora_ici_outputs\NV\NV_near_BCC_0032.png,NV,BCC,a dermoscopic image of melanocytic nevus,a dermoscopic image of melanocytic nevus,dataset\ISIC2018_Task3_Training_Input\ISIC_0026722.jpg,dataset\ISIC2018_Task3_Training_Input\ISIC_0027627.jpg,ISIC_0026722,ISIC_0027627,0.0286424756050109,0.0031870007514953,2.1694660243420136,1.5391219854354858,42,100,5.0,0.3,32,0.0
experiments\sd_lora_ici_outputs\NV\NV_near_BCC_0033.png,NV,BCC,a dermoscopic image of melanocytic nevus,a dermoscopic image of melanocytic nevus,dataset\ISIC2018_Task3_Training_Input\ISIC_0027627.jpg,dataset\ISIC2018_Task3_Training_Input\ISIC_0033512.jpg,ISIC_0027627,ISIC_0033512,0.0031870007514953,-0.1301126480102539,3.0700764319635048,1.5398192405700684,42,100,5.0,0.3,32,0.0
experiments\sd_lora_ici_outputs\NV\NV_near_BCC_0034.png,NV,BCC,a dermoscopic image of melanocytic nevus,a dermoscopic image of melanocytic nevus,dataset\ISIC2018_Task3_Training_Input\ISIC_0030676.jpg,dataset\ISIC2018_Task3_Training_Input\ISIC_0028310.jpg,ISIC_0030676,ISIC_0028310,0.1804283261299133,0.0770890116691589,0.37016821363741886,1.5817939043045044,42,100,5.0,0.3,32,0.0
experiments\sd_lora_ici_outputs\NV\NV_near_BCC_0035.png,NV,BCC,a dermoscopic image of melanocytic nevus,a dermoscopic image of melanocytic nevus,dataset\ISIC2018_Task3_Training_Input\ISIC_0025027.jpg,dataset\ISIC2018_Task3_Training_Input\ISIC_0024628.jpg,ISIC_0025027,ISIC_0024628,-0.0728572010993957,0.1530045270919799,2.6618110660622287,1.5564913749694824,42,100,5.0,0.3,32,0.0
experiments\sd_lora_ici_outputs\NV\NV_near_BCC_0036.png,NV,BCC,a dermoscopic image of melanocytic nevus,a dermoscopic image of melanocytic nevus,dataset\ISIC2018_Task3_Training_Input\ISIC_0031015.jpg,dataset\ISIC2018_Task3_Training_Input\ISIC_0029554.jpg,ISIC_0031015,ISIC_0029554,-0.0063568949699401,-0.1094663143157959,3.600937249218551,1.5738506317138672,42,100,5.0,0.3,32,0.0
experiments\sd_lora_ici_outputs\NV\NV_near_BCC_0037.png,NV,BCC,a dermoscopic image of melanocytic nevus,a dermoscopic image of melanocytic nevus,dataset\ISIC2018_Task3_Training_Input\ISIC_0028621.jpg,dataset\ISIC2018_Task3_Training_Input\ISIC_0028310.jpg,ISIC_0028621,ISIC_0028310,-0.0648525357246398,0.0770890116691589,2.2109800827604347,1.5325483083724976,42,100,5.0,0.3,32,0.0
experiments\sd_lora_ici_outputs\NV\NV_near_BCC_0038.png,NV,BCC,a dermoscopic image of melanocytic nevus,a dermoscopic image of melanocytic nevus,dataset\ISIC2018_Task3_Training_Input\ISIC_0027756.jpg,dataset\ISIC2018_Task3_Training_Input\ISIC_0024872.jpg,ISIC_0027756,ISIC_0024872,0.0104725956916809,0.0569453835487365,0.004776504134894987,1.5787938833236694,42,100,5.0,0.3,32,0.0
experiments\sd_lora_ici_outputs\NV\NV_near_BCC_0039.png,NV,BCC,a dermoscopic image of melanocytic nevus,a dermoscopic image of melanocytic nevus,dataset\ISIC2018_Task3_Training_Input\ISIC_0025027.jpg,dataset\ISIC2018_Task3_Training_Input\ISIC_0026297.jpg,ISIC_0025027,ISIC_0026297,-0.0728572010993957,-0.0521690249443054,3.7613929360148144,1.5664308071136475,42,100,5.0,0.3,32,0.0
experiments\sd_lora_ici_outputs\NV\NV_near_BCC_0040.png,NV,BCC,a dermoscopic image of melanocytic nevus,a dermoscopic image of melanocytic nevus,dataset\ISIC2018_Task3_Training_Input\ISIC_0034090.jpg,dataset\ISIC2018_Task3_Training_Input\ISIC_0026429.jpg,ISIC_0034090,ISIC_0026429,-0.419309914112091,-0.3388798832893371,2.771971292322833,1.5380802154541016,42,100,5.0,0.3,32,0.0
experiments\sd_lora_ici_outputs\NV\NV_near_BCC_0041.png,NV,BCC,a dermoscopic image of melanocytic nevus,a dermoscopic image of melanocytic nevus,dataset\ISIC2018_Task3_Training_Input\ISIC_0032788.jpg,dataset\ISIC2018_Task3_Training_Input\ISIC_0034203.jpg,ISIC_0032788,ISIC_0034203,-0.0282831192016601,0.0396118760108947,1.7286419803328457,1.568384051322937,42,100,5.0,0.3,32,0.0
experiments\sd_lora_ici_outputs\NV\NV_near_BCC_0042.png,NV,BCC,a dermoscopic image of melanocytic nevus,a dermoscopic image of melanocytic nevus,dataset\ISIC2018_Task3_Training_Input\ISIC_0028310.jpg,dataset\ISIC2018_Task3_Training_Input\ISIC_0034146.jpg,ISIC_0028310,ISIC_0034146,0.0770890116691589,0.0196294784545898,1.6633718467744323,1.5890828371047974,42,100,5.0,0.3,32,0.0
experiments\sd_lora_ici_outputs\NV\NV_near_BCC_0043.png,NV,BCC,a dermoscopic image of melanocytic nevus,a dermoscopic image of melanocytic nevus,dataset\ISIC2018_Task3_Training_Input\ISIC_0028310.jpg,dataset\ISIC2018_Task3_Training_Input\ISIC_0027627.jpg,ISIC_0028310,ISIC_0027627,0.0770890116691589,0.0031870007514953,3.545058041141057,1.5505199432373047,42,100,5.0,0.3,32,0.0
experiments\sd_lora_ici_outputs\NV\NV_near_BCC_0044.png,NV,BCC,a dermoscopic image of melanocytic nevus,a dermoscopic image of melanocytic nevus,dataset\ISIC2018_Task3_Training_Input\ISIC_0026297.jpg,dataset\ISIC2018_Task3_Training_Input\ISIC_0026216.jpg,ISIC_0026297,ISIC_0026216,-0.0521690249443054,-0.0439474582672119,2.8343278568614636,1.546546220779419,42,100,5.0,0.3,32,0.0
experiments\sd_lora_ici_outputs\NV\NV_near_BCC_0045.png,NV,BCC,a dermoscopic image of melanocytic nevus,a dermoscopic image of melanocytic nevus,dataset\ISIC2018_Task3_Training_Input\ISIC_0034203.jpg,dataset\ISIC2018_Task3_Training_Input\ISIC_0031015.jpg,ISIC_0034203,ISIC_0031015,0.0396118760108947,-0.0063568949699401,1.7269463401650995,1.560680627822876,42,100,5.0,0.3,32,0.0
experiments\sd_lora_ici_outputs\NV\NV_near_BCC_0046.png,NV,BCC,a dermoscopic image of melanocytic nevus,a dermoscopic image of melanocytic nevus,dataset\ISIC2018_Task3_Training_Input\ISIC_0034286.jpg,dataset\ISIC2018_Task3_Training_Input\ISIC_0025683.jpg,ISIC_0034286,ISIC_0025683,-0.0719497799873352,-0.0394594073295593,3.727744837415152,1.5817276239395142,42,100,5.0,0.3,32,0.0
experiments\sd_lora_ici_outputs\NV\NV_near_BCC_0047.png,NV,BCC,a dermoscopic image of melanocytic nevus,a dermoscopic image of melanocytic nevus,dataset\ISIC2018_Task3_Training_Input\ISIC_0031857.jpg,dataset\ISIC2018_Task3_Training_Input\ISIC_0029554.jpg,ISIC_0031857,ISIC_0029554,-0.0645024180412292,-0.1094663143157959,1.9336548290131095,1.5666037797927856,42,100,5.0,0.3,32,0.0
experiments\sd_lora_ici_outputs\NV\NV_near_BCC_0048.png,NV,BCC,a dermoscopic image of melanocytic nevus,a dermoscopic image of melanocytic nevus,dataset\ISIC2018_Task3_Training_Input\ISIC_0026569.jpg,dataset\ISIC2018_Task3_Training_Input\ISIC_0030676.jpg,ISIC_0026569,ISIC_0030676,-0.2676888704299927,0.1804283261299133,3.0420436294009705,1.5876519680023193,42,100,5.0,0.3,32,0.0
experiments\sd_lora_ici_outputs\NV\NV_near_BCC_0049.png,NV,BCC,a dermoscopic image of melanocytic nevus,a dermoscopic image of melanocytic nevus,dataset\ISIC2018_Task3_Training_Input\ISIC_0026251.jpg,dataset\ISIC2018_Task3_Training_Input\ISIC_0031483.jpg,ISIC_0026251,ISIC_0031483,0.0141236186027526,0.1158599257469177,1.387989492338227,1.5867327451705933,42,100,5.0,0.3,32,0.0
experiments\sd_lora_ici_outputs\NV\NV_near_BKL_0000.png,NV,BKL,a dermoscopic image of melanocytic nevus,a dermoscopic image of melanocytic nevus,dataset\ISIC2018_Task3_Training_Input\ISIC_0028015.jpg,dataset\ISIC2018_Task3_Training_Input\ISIC_0028166.jpg,ISIC_0028015,ISIC_0028166,0.036944031715393,-0.2017642259597778,3.2617150248503552,1.5499769449234009,42,100,5.0,0.3,32,0.0
experiments\sd_lora_ici_outputs\NV\NV_near_BKL_0001.png,NV,BKL,a dermoscopic image of melanocytic nevus,a dermoscopic image of melanocytic nevus,dataset\ISIC2018_Task3_Training_Input\ISIC_0029254.jpg,dataset\ISIC2018_Task3_Training_Input\ISIC_0026406.jpg,ISIC_0029254,ISIC_0026406,-0.0282419919967651,-0.0385180115699768,3.6327165388554676,1.5702424049377441,42,100,5.0,0.3,32,0.0
experiments\sd_lora_ici_outputs\NV\NV_near_BKL_0002.png,NV,BKL,a dermoscopic image of melanocytic nevus,a dermoscopic image of melanocytic nevus,dataset\ISIC2018_Task3_Training_Input\ISIC_0027186.jpg,dataset\ISIC2018_Task3_Training_Input\ISIC_0029633.jpg,ISIC_0027186,ISIC_0029633,-0.0998868346214294,-0.0822663307189941,3.3609920116771552,1.5650805234909058,42,100,5.0,0.3,32,0.0
experiments\sd_lora_ici_outputs\NV\NV_near_BKL_0003.png,NV,BKL,a dermoscopic image of melanocytic nevus,a dermoscopic image of melanocytic nevus,dataset\ISIC2018_Task3_Training_Input\ISIC_0031031.jpg,dataset\ISIC2018_Task3_Training_Input\ISIC_0026554.jpg,ISIC_0031031,ISIC_0026554,0.0194618701934814,-0.1660990118980407,2.3308399528770107,1.5530340671539307,42,100,5.0,0.3,32,0.0
experiments\sd_lora_ici_outputs\NV\NV_near_BKL_0004.png,NV,BKL,a dermoscopic image of melanocytic nevus,a dermoscopic image of melanocytic nevus,dataset\ISIC2018_Task3_Training_Input\ISIC_0030912.jpg,dataset\ISIC2018_Task3_Training_Input\ISIC_0031031.jpg,ISIC_0030912,ISIC_0031031,0.0043507814407348,0.0194618701934814,1.7027651933936283,1.5700513124465942,42,100,5.0,0.3,32,0.0
experiments\sd_lora_ici_outputs\NV\NV_near_BKL_0005.png,NV,BKL,a dermoscopic image of melanocytic nevus,a dermoscopic image of melanocytic nevus,dataset\ISIC2018_Task3_Training_Input\ISIC_0030404.jpg,dataset\ISIC2018_Task3_Training_Input\ISIC_0029118.jpg,ISIC_0030404,ISIC_0029118,0.0281071662902832,0.0294246077537536,1.0298927831752787,1.5527673959732056,42,100,5.0,0.3,32,0.0
experiments\sd_lora_ici_outputs\NV\NV_near_BKL_0006.png,NV,BKL,a dermoscopic image of melanocytic nevus,a dermoscopic image of melanocytic nevus,dataset\ISIC2018_Task3_Training_Input\ISIC_0028873.jpg,dataset\ISIC2018_Task3_Training_Input\ISIC_0029254.jpg,ISIC_0028873,ISIC_0029254,-0.1201309561729431,-0.0282419919967651,3.047515619335992,1.579002022743225,42,100,5.0,0.3,32,0.0
experiments\sd_lora_ici_outputs\NV\NV_near_BKL_0007.png,NV,BKL,a dermoscopic image of melanocytic nevus,a dermoscopic image of melanocytic nevus,dataset\ISIC2018_Task3_Training_Input\ISIC_0030410.jpg,dataset\ISIC2018_Task3_Training_Input\ISIC_0026554.jpg,ISIC_0030410,ISIC_0026554,0.0330147743225097,-0.1660990118980407,3.6776032799424097,1.5548808574676514,42,100,5.0,0.3,32,0.0
experiments\sd_lora_ici_outputs\NV\NV_near_BKL_0008.png,NV,BKL,a dermoscopic image of melanocytic nevus,a dermoscopic image of melanocytic nevus,dataset\ISIC2018_Task3_Training_Input\ISIC_0032015.jpg,dataset\ISIC2018_Task3_Training_Input\ISIC_0030912.jpg,ISIC_0032015,ISIC_0030912,0.0016933679580688,0.0043507814407348,0.3369431403712527,1.562997817993164,42,100,5.0,0.3,32,0.0
experiments\sd_lora_ici_outputs\NV\NV_near_BKL_0009.png,NV,BKL,a dermoscopic image of melanocytic nevus,a dermoscopic image of melanocytic nevus,dataset\ISIC2018_Task3_Training_Input\ISIC_0032065.jpg,dataset\ISIC2018_Task3_Training_Input\ISIC_0028849.jpg,ISIC_0032065,ISIC_0028849,-0.0333200693130493,0.012705385684967,2.4418234734077284,1.53949773311615,42,100,5.0,0.3,32,0.0
experiments\sd_lora_ici_outputs\NV\NV_near_BKL_0010.png,NV,BKL,a dermoscopic image of melanocytic nevus,a dermoscopic image of melanocytic nevus,dataset\ISIC2018_Task3_Training_Input\ISIC_0026406.jpg,dataset\ISIC2018_Task3_Training_Input\ISIC_0033168.jpg,ISIC_0026406,ISIC_0033168,-0.0385180115699768,0.0359294414520263,2.2539101212896058,1.5157493352890015,42,100,5.0,0.3,32,0.0
experiments\sd_lora_ici_outputs\NV\NV_near_BKL_0011.png,NV,BKL,a dermoscopic image of melanocytic nevus,a dermoscopic image of melanocytic nevus,dataset\ISIC2018_Task3_Training_Input\ISIC_0028015.jpg,dataset\ISIC2018_Task3_Training_Input\ISIC_0028873.jpg,ISIC_0028015,ISIC_0028873,0.036944031715393,-0.1201309561729431,1.0140459331118399,1.5973994731903076,42,100,5.0,0.3,32,0.0
experiments\sd_lora_ici_outputs\NV\NV_near_BKL_0012.png,NV,BKL,a dermoscopic image of melanocytic nevus,a dermoscopic image of melanocytic nevus,dataset\ISIC2018_Task3_Training_Input\ISIC_0026237.jpg,dataset\ISIC2018_Task3_Training_Input\ISIC_0033566.jpg,ISIC_0026237,ISIC_0033566,-0.0495140552520751,0.0079051256179809,0.021945298367656126,1.5659661293029785,42,100,5.0,0.3,32,0.0
experiments\sd_lora_ici_outputs\NV\NV_near_BKL_0013.png,NV,BKL,a dermoscopic image of melanocytic nevus,a dermoscopic image of melanocytic nevus,dataset\ISIC2018_Task3_Training_Input\ISIC_0030151.jpg,dataset\ISIC2018_Task3_Training_Input\ISIC_0032065.jpg,ISIC_0030151,ISIC_0032065,-0.0225469470024108,-0.0333200693130493,2.946113314541985,1.5859755277633667,42,100,5.0,0.3,32,0.0
experiments\sd_lora_ici_outputs\NV\NV_near_BKL_0014.png,NV,BKL,a dermoscopic image of melanocytic nevus,a dermoscopic image of melanocytic nevus,dataset\ISIC2018_Task3_Training_Input\ISIC_0024684.jpg,dataset\ISIC2018_Task3_Training_Input\ISIC_0029357.jpg,ISIC_0024684,ISIC_0029357,0.032876431941986,0.0168026685714721,0.028978886271767756,1.5424705743789673,42,100,5.0,0.3,32,0.0
experiments\sd_lora_ici_outputs\NV\NV_near_BKL_0015.png,NV,BKL,a dermoscopic image of melanocytic nevus,a dermoscopic image of melanocytic nevus,dataset\ISIC2018_Task3_Training_Input\ISIC_0031934.jpg,dataset\ISIC2018_Task3_Training_Input\ISIC_0029357.jpg,ISIC_0031934,ISIC_0029357,-0.0133171081542968,0.0168026685714721,2.1341312368382668,1.5384337902069092,42,100,5.0,0.3,32,0.0
experiments\sd_lora_ici_outputs\NV\NV_near_BKL_0016.png,NV,BKL,a dermoscopic image of melanocytic nevus,a dermoscopic image of melanocytic nevus,dataset\ISIC2018_Task3_Training_Input\ISIC_0031031.jpg,dataset\ISIC2018_Task3_Training_Input\ISIC_0028015.jpg,ISIC_0031031,ISIC_0028015,0.0194618701934814,0.036944031715393,2.106688103306209,1.5501867532730103,42,100,5.0,0.3,32,0.0
experiments\sd_lora_ici_outputs\NV\NV_near_BKL_0017.png,NV,BKL,a dermoscopic image of melanocytic nevus,a dermoscopic image of melanocytic nevus,dataset\ISIC2018_Task3_Training_Input\ISIC_0030404.jpg,dataset\ISIC2018_Task3_Training_Input\ISIC_0031934.jpg,ISIC_0030404,ISIC_0031934,0.0281071662902832,-0.0133171081542968,1.4729440988016602,1.599777102470398,42,100,5.0,0.3,32,0.0
experiments\sd_lora_ici_outputs\NV\NV_near_BKL_0018.png,NV,BKL,a dermoscopic image of melanocytic nevus,a dermoscopic image of melanocytic nevus,dataset\ISIC2018_Task3_Training_Input\ISIC_0029254.jpg,dataset\ISIC2018_Task3_Training_Input\ISIC_0027471.jpg,ISIC_0029254,ISIC_0027471,-0.0282419919967651,-0.0154392719268798,0.8250245626408276,1.5644185543060303,42,100,5.0,0.3,32,0.0
experiments\sd_lora_ici_outputs\NV\NV_near_BKL_0019.png,NV,BKL,a dermoscopic image of melanocytic nevus,a dermoscopic image of melanocytic nevus,dataset\ISIC2018_Task3_Training_Input\ISIC_0028130.jpg,dataset\ISIC2018_Task3_Training_Input\ISIC_0025446.jpg,ISIC_0028130,ISIC_0025446,-0.0434821844100952,0.0228583216667175,3.223967477007011,1.5674740076065063,42,100,5.0,0.3,32,0.0
experiments\sd_lora_ici_outputs\NV\NV_near_BKL_0020.png,NV,BKL,a dermoscopic image of melanocytic nevus,a dermoscopic image of melanocytic nevus,dataset\ISIC2018_Task3_Training_Input\ISIC_0029895.jpg,dataset\ISIC2018_Task3_Training_Input\ISIC_0032065.jpg,ISIC_0029895,ISIC_0032065,0.0116958618164062,-0.0333200693130493,1.6513303802540185,1.5556241273880005,42,100,5.0,0.3,32,0.0
experiments\sd_lora_ici_outputs\NV\NV_near_BKL_0021.png,NV,BKL,a dermoscopic image of melanocytic nevus,a dermoscopic image of melanocytic nevus,dataset\ISIC2018_Task3_Training_Input\ISIC_0033757.jpg,dataset\ISIC2018_Task3_Training_Input\ISIC_0027471.jpg,ISIC_0033757,ISIC_0027471,0.0018041729927062,-0.0154392719268798,0.4315193207021418,1.5519168376922607,42,100,5.0,0.3,32,0.0
experiments\sd_lora_ici_outputs\NV\NV_near_BKL_0022.png,NV,BKL,a dermoscopic image of melanocytic nevus,a dermoscopic image of melanocytic nevus,dataset\ISIC2018_Task3_Training_Input\ISIC_0025946.jpg,dataset\ISIC2018_Task3_Training_Input\ISIC_0028873.jpg,ISIC_0025946,ISIC_0028873,-0.0259304046630859,-0.1201309561729431,1.703153914295758,1.571840763092041,42,100,5.0,0.3,32,0.0
experiments\sd_lora_ici_outputs\NV\NV_near_BKL_0023.png,NV,BKL,a dermoscopic image of melanocytic nevus,a dermoscopic image of melanocytic nevus,dataset\ISIC2018_Task3_Training_Input\ISIC_0028675.jpg,dataset\ISIC2018_Task3_Training_Input\ISIC_0026816.jpg,ISIC_0028675,ISIC_0026816,0.0140833854675292,0.0180041193962097,2.350554093463814,1.5647329092025757,42,100,5.0,0.3,32,0.0
experiments\sd_lora_ici_outputs\NV\NV_near_BKL_0024.png,NV,BKL,a dermoscopic image of melanocytic nevus,a dermoscopic image of melanocytic nevus,dataset\ISIC2018_Task3_Training_Input\ISIC_0030410.jpg,dataset\ISIC2018_Task3_Training_Input\ISIC_0024857.jpg,ISIC_0030410,ISIC_0024857,0.0330147743225097,-0.0404384136199951,1.054469450833212,1.5570052862167358,42,100,5.0,0.3,32,0.0
experiments\sd_lora_ici_outputs\NV\NV_near_BKL_0025.png,NV,BKL,a dermoscopic image of melanocytic nevus,a dermoscopic image of melanocytic nevus,dataset\ISIC2018_Task3_Training_Input\ISIC_0028804.jpg,dataset\ISIC2018_Task3_Training_Input\ISIC_0030404.jpg,ISIC_0028804,ISIC_0030404,0.0198310613632202,0.0281071662902832,2.163382601767172,1.5570275783538818,42,100,5.0,0.3,32,0.0
experiments\sd_lora_ici_outputs\NV\NV_near_BKL_0026.png,NV,BKL,a dermoscopic image of melanocytic nevus,a dermoscopic image of melanocytic nevus,dataset\ISIC2018_Task3_Training_Input\ISIC_0025243.jpg,dataset\ISIC2018_Task3_Training_Input\ISIC_0028675.jpg,ISIC_0025243,ISIC_0028675,0.0018083453178405,0.0140833854675292,2.33124025512344,1.5219056606292725,42,100,5.0,0.3,32,0.0
experiments\sd_lora_ici_outputs\NV\NV_near_BKL_0027.png,NV,BKL,a dermoscopic image of melanocytic nevus,a dermoscopic image of melanocytic nevus,dataset\ISIC2018_Task3_Training_Input\ISIC_0030008.jpg,dataset\ISIC2018_Task3_Training_Input\ISIC_0028873.jpg,ISIC_0030008,ISIC_0028873,0.0066856145858764,-0.1201309561729431,2.477816519540847,1.5515917539596558,42,100,5.0,0.3,32,0.0
experiments\sd_lora_ici_outputs\NV\NV_near_BKL_0028.png,NV,BKL,a dermoscopic image of melanocytic nevus,a dermoscopic image of melanocytic nevus,dataset\ISIC2018_Task3_Training_Input\ISIC_0029223.jpg,dataset\ISIC2018_Task3_Training_Input\ISIC_0032644.jpg,ISIC_0029223,ISIC_0032644,-0.004428744316101,0.0227558612823486,4.026384303628439,1.5477049350738525,42,100,5.0,0.3,32,0.0
experiments\sd_lora_ici_outputs\NV\NV_near_BKL_0029.png,NV,BKL,a dermoscopic image of melanocytic nevus,a dermoscopic image of melanocytic nevus,dataset\ISIC2018_Task3_Training_Input\ISIC_0025446.jpg,dataset\ISIC2018_Task3_Training_Input\ISIC_0031592.jpg,ISIC_0025446,ISIC_0031592,0.0228583216667175,-0.0001882314682006,1.608007191714969,1.5530266761779785,42,100,5.0,0.3,32,0.0
experiments\sd_lora_ici_outputs\NV\NV_near_BKL_0030.png,NV,BKL,a dermoscopic image of melanocytic nevus,a dermoscopic image of melanocytic nevus,dataset\ISIC2018_Task3_Training_Input\ISIC_0029895.jpg,dataset\ISIC2018_Task3_Training_Input\ISIC_0031934.jpg,ISIC_0029895,ISIC_0031934,0.0116958618164062,-0.0133171081542968,0.8173475981779078,1.5658515691757202,42,100,5.0,0.3,32,0.0
experiments\sd_lora_ici_outputs\NV\NV_near_BKL_0031.png,NV,BKL,a dermoscopic image of melanocytic nevus,a dermoscopic image of melanocytic nevus,dataset\ISIC2018_Task3_Training_Input\ISIC_0029252.jpg,dataset\ISIC2018_Task3_Training_Input\ISIC_0033757.jpg,ISIC_0029252,ISIC_0033757,0.0282580852508544,0.0018041729927062,2.2452229106529953,1.5450482368469238,42,100,5.0,0.3,32,0.0
experiments\sd_lora_ici_outputs\NV\NV_near_BKL_0032.png,NV,BKL,a dermoscopic image of melanocytic nevus,a dermoscopic image of melanocytic nevus,dataset\ISIC2018_Task3_Training_Input\ISIC_0033757.jpg,dataset\ISIC2018_Task3_Training_Input\ISIC_0028130.jpg,ISIC_0033757,ISIC_0028130,0.0018041729927062,-0.0434821844100952,2.2339575706656682,1.5681898593902588,42,100,5.0,0.3,32,0.0
experiments\sd_lora_ici_outputs\NV\NV_near_BKL_0033.png,NV,BKL,a dermoscopic image of melanocytic nevus,a dermoscopic image of melanocytic nevus,dataset\ISIC2018_Task3_Training_Input\ISIC_0027471.jpg,dataset\ISIC2018_Task3_Training_Input\ISIC_0031592.jpg,ISIC_0027471,ISIC_0031592,-0.0154392719268798,-0.0001882314682006,0.724378782429438,1.5501949787139893,42,100,5.0,0.3,32,0.0
experiments\sd_lora_ici_outputs\NV\NV_near_BKL_0034.png,NV,BKL,a dermoscopic image of melanocytic nevus,a dermoscopic image of melanocytic nevus,dataset\ISIC2018_Task3_Training_Input\ISIC_0024857.jpg,dataset\ISIC2018_Task3_Training_Input\ISIC_0033168.jpg,ISIC_0024857,ISIC_0033168,-0.0404384136199951,0.0359294414520263,2.237647867294338,1.569903016090393,42,100,5.0,0.3,32,0.0
experiments\sd_lora_ici_outputs\NV\NV_near_BKL_0035.png,NV,BKL,a dermoscopic image of melanocytic nevus,a dermoscopic image of melanocytic nevus,dataset\ISIC2018_Task3_Training_Input\ISIC_0028849.jpg,dataset\ISIC2018_Task3_Training_Input\ISIC_0030741.jpg,ISIC_0028849,ISIC_0030741,0.012705385684967,0.0066315531730651,1.9291003426098494,1.5756332874298096,42,100,5.0,0.3,32,0.0
experiments\sd_lora_ici_outputs\NV\NV_near_BKL_0036.png,NV,BKL,a dermoscopic image of melanocytic nevus,a dermoscopic image of melanocytic nevus,dataset\ISIC2018_Task3_Training_Input\ISIC_0029254.jpg,dataset\ISIC2018_Task3_Training_Input\ISIC_0032065.jpg,ISIC_0029254,ISIC_0032065,-0.0282419919967651,-0.0333200693130493,4.040059309919709,1.5373488664627075,42,100,5.0,0.3,32,0.0
experiments\sd_lora_ici_outputs\NV\NV_near_BKL_0037.png,NV,BKL,a dermoscopic image of melanocytic nevus,a dermoscopic image of melanocytic nevus,dataset\ISIC2018_Task3_Training_Input\ISIC_0027471.jpg,dataset\ISIC2018_Task3_Training_Input\ISIC_0029118.jpg,ISIC_0027471,ISIC_0029118,-0.0154392719268798,0.0294246077537536,2.294509818388705,1.5818146467208862,42,100,5.0,0.3,32,0.0
experiments\sd_lora_ici_outputs\NV\NV_near_BKL_0038.png,NV,BKL,a dermoscopic image of melanocytic nevus,a dermoscopic image of melanocytic nevus,dataset\ISIC2018_Task3_Training_Input\ISIC_0028130.jpg,dataset\ISIC2018_Task3_Training_Input\ISIC_0028586.jpg,ISIC_0028130,ISIC_0028586,-0.0434821844100952,0.0050030350685119,3.1083864168914914,1.5649300813674927,42,100,5.0,0.3,32,0.0
experiments\sd_lora_ici_outputs\NV\NV_near_BKL_0039.png,NV,BKL,a dermoscopic image of melanocytic nevus,a dermoscopic image of melanocytic nevus,dataset\ISIC2018_Task3_Training_Input\ISIC_0028873.jpg,dataset\ISIC2018_Task3_Training_Input\ISIC_0028675.jpg,ISIC_0028873,ISIC_0028675,-0.1201309561729431,0.0140833854675292,1.5906284551966539,1.5726633071899414,42,100,5.0,0.3,32,0.0
experiments\sd_lora_ici_outputs\NV\NV_near_BKL_0040.png,NV,BKL,a dermoscopic image of melanocytic nevus,a dermoscopic image of melanocytic nevus,dataset\ISIC2018_Task3_Training_Input\ISIC_0033757.jpg,dataset\ISIC2018_Task3_Training_Input\ISIC_0028675.jpg,ISIC_0033757,ISIC_0028675,0.0018041729927062,0.0140833854675292,0.5569282027892564,1.5576695203781128,42,100,5.0,0.3,32,0.0
experiments\sd_lora_ici_outputs\NV\NV_near_BKL_0041.png,NV,BKL,a dermoscopic image of melanocytic nevus,a dermoscopic image of melanocytic nevus,dataset\ISIC2018_Task3_Training_Input\ISIC_0029895.jpg,dataset\ISIC2018_Task3_Training_Input\ISIC_0026237.jpg,ISIC_0029895,ISIC_0026237,0.0116958618164062,-0.0495140552520751,3.4596691783835345,1.5688226222991943,42,100,5.0,0.3,32,0.0
experiments\sd_lora_ici_outputs\NV\NV_near_BKL_0042.png,NV,BKL,a dermoscopic image of melanocytic nevus,a dermoscopic image of melanocytic nevus,dataset\ISIC2018_Task3_Training_Input\ISIC_0031592.jpg,dataset\ISIC2018_Task3_Training_Input\ISIC_0029254.jpg,ISIC_0031592,ISIC_0029254,-0.0001882314682006,-0.0282419919967651,0.48958447279782963,1.5283122062683105,42,100,5.0,0.3,32,0.0
experiments\sd_lora_ici_outputs\NV\NV_near_BKL_0043.png,NV,BKL,a dermoscopic image of melanocytic nevus,a dermoscopic image of melanocytic nevus,dataset\ISIC2018_Task3_Training_Input\ISIC_0028771.jpg,dataset\ISIC2018_Task3_Training_Input\ISIC_0026406.jpg,ISIC_0028771,ISIC_0026406,-0.0281404256820678,-0.0385180115699768,0.9291524481333362,1.5537769794464111,42,100,5.0,0.3,32,0.0
experiments\sd_lora_ici_outputs\NV\NV_near_BKL_0044.png,NV,BKL,a dermoscopic image of melanocytic nevus,a dermoscopic image of melanocytic nevus,dataset\ISIC2018_Task3_Training_Input\ISIC_0027642.jpg,dataset\ISIC2018_Task3_Training_Input\ISIC_0032644.jpg,ISIC_0027642,ISIC_0032644,-0.0099716782569885,0.0227558612823486,3.181396503617932,1.5466228723526,42,100,5.0,0.3,32,0.0
experiments\sd_lora_ici_outputs\NV\NV_near_BKL_0045.png,NV,BKL,a dermoscopic image of melanocytic nevus,a dermoscopic image of melanocytic nevus,dataset\ISIC2018_Task3_Training_Input\ISIC_0026825.jpg,dataset\ISIC2018_Task3_Training_Input\ISIC_0030912.jpg,ISIC_0026825,ISIC_0030912,-0.0902948379516601,0.0043507814407348,3.8544326437809473,1.5473829507827759,42,100,5.0,0.3,32,0.0
experiments\sd_lora_ici_outputs\NV\NV_near_BKL_0046.png,NV,BKL,a dermoscopic image of melanocytic nevus,a dermoscopic image of melanocytic nevus,dataset\ISIC2018_Task3_Training_Input\ISIC_0026658.jpg,dataset\ISIC2018_Task3_Training_Input\ISIC_0026825.jpg,ISIC_0026658,ISIC_0026825,-0.0002989768981933,-0.0902948379516601,0.39607211831517153,1.5907939672470093,42,100,5.0,0.3,32,0.0
experiments\sd_lora_ici_outputs\NV\NV_near_BKL_0047.png,NV,BKL,a dermoscopic image of melanocytic nevus,a dermoscopic image of melanocytic nevus,dataset\ISIC2018_Task3_Training_Input\ISIC_0028849.jpg,dataset\ISIC2018_Task3_Training_Input\ISIC_0024684.jpg,ISIC_0028849,ISIC_0024684,0.012705385684967,0.032876431941986,2.011201710612356,1.58811354637146,42,100,5.0,0.3,32,0.0
experiments\sd_lora_ici_outputs\NV\NV_near_BKL_0048.png,NV,BKL,a dermoscopic image of melanocytic nevus,a dermoscopic image of melanocytic nevus,dataset\ISIC2018_Task3_Training_Input\ISIC_0026166.jpg,dataset\ISIC2018_Task3_Training_Input\ISIC_0028873.jpg,ISIC_0026166,ISIC_0028873,-0.0395776629447937,-0.1201309561729431,3.088764686704686,1.5990513563156128,42,100,5.0,0.3,32,0.0
experiments\sd_lora_ici_outputs\NV\NV_near_BKL_0049.png,NV,BKL,a dermoscopic image of melanocytic nevus,a dermoscopic image of melanocytic nevus,dataset\ISIC2018_Task3_Training_Input\ISIC_0025946.jpg,dataset\ISIC2018_Task3_Training_Input\ISIC_0031592.jpg,ISIC_0025946,ISIC_0031592,-0.0259304046630859,-0.0001882314682006,3.266045216154699,1.5406744480133057,42,100,5.0,0.3,32,0.0
experiments\sd_lora_ici_outputs\NV\NV_near_DF_0000.png,NV,DF,a dermoscopic image of melanocytic nevus,a dermoscopic image of melanocytic nevus,dataset\ISIC2018_Task3_Training_Input\ISIC_0028170.jpg,dataset\ISIC2018_Task3_Training_Input\ISIC_0030093.jpg,ISIC_0028170,ISIC_0030093,-0.0471583008766174,-0.0503976941108703,2.50493440816911,1.540174126625061,42,100,5.0,0.3,32,0.0
experiments\sd_lora_ici_outputs\NV\NV_near_DF_0001.png,NV,DF,a dermoscopic image of melanocytic nevus,a dermoscopic image of melanocytic nevus,dataset\ISIC2018_Task3_Training_Input\ISIC_0030093.jpg,dataset\ISIC2018_Task3_Training_Input\ISIC_0024836.jpg,ISIC_0030093,ISIC_0024836,-0.0503976941108703,-0.1973112821578979,2.7087675163909397,1.587897539138794,42,100,5.0,0.3,32,0.0
experiments\sd_lora_ici_outputs\NV\NV_near_DF_0002.png,NV,DF,a dermoscopic image of melanocytic nevus,a dermoscopic image of melanocytic nevus,dataset\ISIC2018_Task3_Training_Input\ISIC_0026326.jpg,dataset\ISIC2018_Task3_Training_Input\ISIC_0026029.jpg,ISIC_0026326,ISIC_0026029,-0.1532694101333618,-0.0976228713989257,0.20855213267994827,1.5682283639907837,42,100,5.0,0.3,32,0.0
experiments\sd_lora_ici_outputs\NV\NV_near_DF_0003.png,NV,DF,a dermoscopic image of melanocytic nevus,a dermoscopic image of melanocytic nevus,dataset\ISIC2018_Task3_Training_Input\ISIC_0024935.jpg,dataset\ISIC2018_Task3_Training_Input\ISIC_0031681.jpg,ISIC_0024935,ISIC_0031681,-0.0436912775039672,-0.051689863204956,1.5814456432972244,1.5459339618682861,42,100,5.0,0.3,32,0.0
experiments\sd_lora_ici_outputs\NV\NV_near_DF_0004.png,NV,DF,a dermoscopic image of melanocytic nevus,a dermoscopic image of melanocytic nevus,dataset\ISIC2018_Task3_Training_Input\ISIC_0030247.jpg,dataset\ISIC2018_Task3_Training_Input\ISIC_0025492.jpg,ISIC_0030247,ISIC_0025492,-0.046208918094635,-0.0471712946891784,2.606183753319621,1.5330195426940918,42,100,5.0,0.3,32,0.0
experiments\sd_lora_ici_outputs\NV\NV_near_DF_0005.png,NV,DF,a dermoscopic image of melanocytic nevus,a dermoscopic image of melanocytic nevus,dataset\ISIC2018_Task3_Training_Input\ISIC_0033118.jpg,dataset\ISIC2018_Task3_Training_Input\ISIC_0026544.jpg,ISIC_0033118,ISIC_0026544,-0.0550625920295715,-0.0973212122917175,3.263847648373475,1.548479676246643,42,100,5.0,0.3,32,0.0
experiments\sd_lora_ici_outputs\NV\NV_near_DF_0006.png,NV,DF,a dermoscopic image of melanocytic nevus,a dermoscopic image of melanocytic nevus,dataset\ISIC2018_Task3_Training_Input\ISIC_0033364.jpg,dataset\ISIC2018_Task3_Training_Input\ISIC_0026544.jpg,ISIC_0033364,ISIC_0026544,-0.0672906041145324,-0.0973212122917175,3.3560241643738546,1.5413079261779785,42,100,5.0,0.3,32,0.0
experiments\sd_lora_ici_outputs\NV\NV_near_DF_0007.png,NV,DF,a dermoscopic image of melanocytic nevus,a dermoscopic image of melanocytic nevus,dataset\ISIC2018_Task3_Training_Input\ISIC_0031462.jpg,dataset\ISIC2018_Task3_Training_Input\ISIC_0030388.jpg,ISIC_0031462,ISIC_0030388,-0.0793052315711975,-0.0820739865303039,1.8609567735048727,1.5925042629241943,42,100,5.0,0.3,32,0.0
experiments\sd_lora_ici_outputs\NV\NV_near_DF_0008.png,NV,DF,a dermoscopic image of melanocytic nevus,a dermoscopic image of melanocytic nevus,dataset\ISIC2018_Task3_Training_Input\ISIC_0028441.jpg,dataset\ISIC2018_Task3_Training_Input\ISIC_0026544.jpg,ISIC_0028441,ISIC_0026544,-0.2251381874084472,-0.0973212122917175,2.3801263248983155,1.5845601558685303,42,100,5.0,0.3,32,0.0
experiments\sd_lora_ici_outputs\NV\NV_near_DF_0009.png,NV,DF,a dermoscopic image of melanocytic nevus,a dermoscopic image of melanocytic nevus,dataset\ISIC2018_Task3_Training_Input\ISIC_0026029.jpg,dataset\ISIC2018_Task3_Training_Input\ISIC_0028016.jpg,ISIC_0026029,ISIC_0028016,-0.0976228713989257,-0.0443094968795776,0.3527387581772174,1.5700125694274902,42,100,5.0,0.3,32,0.0
experiments\sd_lora_ici_outputs\NV\NV_near_DF_0010.png,NV,DF,a dermoscopic image of melanocytic nevus,a dermoscopic image of melanocytic nevus,dataset\ISIC2018_Task3_Training_Input\ISIC_0030786.jpg,dataset\ISIC2018_Task3_Training_Input\ISIC_0028016.jpg,ISIC_0030786,ISIC_0028016,-0.1307915449142456,-0.0443094968795776,1.040129730642645,1.5892784595489502,42,100,5.0,0.3,32,0.0
experiments\sd_lora_ici_outputs\NV\NV_near_DF_0011.png,NV,DF,a dermoscopic image of melanocytic nevus,a dermoscopic image of melanocytic nevus,dataset\ISIC2018_Task3_Training_Input\ISIC_0024935.jpg,dataset\ISIC2018_Task3_Training_Input\ISIC_0033364.jpg,ISIC_0024935,ISIC_0033364,-0.0436912775039672,-0.0672906041145324,1.5125234247137402,1.5404890775680542,42,100,5.0,0.3,32,0.0
experiments\sd_lora_ici_outputs\NV\NV_near_DF_0012.png,NV,DF,a dermoscopic image of melanocytic nevus,a dermoscopic image of melanocytic nevus,dataset\ISIC2018_Task3_Training_Input\ISIC_0027240.jpg,dataset\ISIC2018_Task3_Training_Input\ISIC_0030425.jpg,ISIC_0027240,ISIC_0030425,-0.0949417948722839,-0.0466959476470947,2.442303990275579,1.5668160915374756,42,100,5.0,0.3,32,0.0
experiments\sd_lora_ici_outputs\NV\NV_near_DF_0013.png,NV,DF,a dermoscopic image of melanocytic nevus,a dermoscopic image of melanocytic nevus,dataset\ISIC2018_Task3_Training_Input\ISIC_0030093.jpg,dataset\ISIC2018_Task3_Training_Input\ISIC_0026215.jpg,ISIC_0030093,ISIC_0026215,-0.0503976941108703,-0.0465713739395141,2.9584424462224868,1.5386929512023926,42,100,5.0,0.3,32,0.0
experiments\sd_lora_ici_outputs\NV\NV_near_DF_0014.png,NV,DF,a dermoscopic image of melanocytic nevus,a dermoscopic image of melanocytic nevus,dataset\ISIC2018_Task3_Training_Input\ISIC_0026544.jpg,dataset\ISIC2018_Task3_Training_Input\ISIC_0029001.jpg,ISIC_0026544,ISIC_0029001,-0.0973212122917175,-0.0723123550415039,3.7431426776277683,1.5622344017028809,42,100,5.0,0.3,32,0.0
experiments\sd_lora_ici_outputs\NV\NV_near_DF_0015.png,NV,DF,a dermoscopic image of melanocytic nevus,a dermoscopic image of melanocytic nevus,dataset\ISIC2018_Task3_Training_Input\ISIC_0027240.jpg,dataset\ISIC2018_Task3_Training_Input\ISIC_0033118.jpg,ISIC_0027240,ISIC_0033118,-0.0949417948722839,-0.0550625920295715,1.6257907910586429,1.548370122909546,42,100,5.0,0.3,32,0.0
experiments\sd_lora_ici_outputs\NV\NV_near_DF_0016.png,NV,DF,a dermoscopic image of melanocytic nevus,a dermoscopic image of melanocytic nevus,dataset\ISIC2018_Task3_Training_Input\ISIC_0031454.jpg,dataset\ISIC2018_Task3_Training_Input\ISIC_0026283.jpg,ISIC_0031454,ISIC_0026283,-0.0793995857238769,-0.0413498878479003,2.658716890932907,1.5506993532180786,42,100,5.0,0.3,32,0.0
experiments\sd_lora_ici_outputs\NV\NV_near_DF_0017.png,NV,DF,a dermoscopic image of melanocytic nevus,a dermoscopic image of melanocytic nevus,dataset\ISIC2018_Task3_Training_Input\ISIC_0026071.jpg,dataset\ISIC2018_Task3_Training_Input\ISIC_0027861.jpg,ISIC_0026071,ISIC_0027861,-0.0842179059982299,-0.0729205608367919,1.1361758441170722,1.584208369255066,42,100,5.0,0.3,32,0.0
experiments\sd_lora_ici_outputs\NV\NV_near_DF_0018.png,NV,DF,a dermoscopic image of melanocytic nevus,a dermoscopic image of melanocytic nevus,dataset\ISIC2018_Task3_Training_Input\ISIC_0031771.jpg,dataset\ISIC2018_Task3_Training_Input\ISIC_0025173.jpg,ISIC_0031771,ISIC_0025173,-0.0677209496498107,-0.0582860112190246,3.891097735395249,1.5558685064315796,42,100,5.0,0.3,32,0.0
experiments\sd_lora_ici_outputs\NV\NV_near_DF_0019.png,NV,DF,a dermoscopic image of melanocytic nevus,a dermoscopic image of melanocytic nevus,dataset\ISIC2018_Task3_Training_Input\ISIC_0033671.jpg,dataset\ISIC2018_Task3_Training_Input\ISIC_0027348.jpg,ISIC_0033671,ISIC_0027348,-0.048145055770874,-0.0741252303123474,0.23285716174641122,1.550525188446045,42,100,5.0,0.3,32,0.0
experiments\sd_lora_ici_outputs\NV\NV_near_DF_0020.png,NV,DF,a dermoscopic image of melanocytic nevus,a dermoscopic image of melanocytic nevus,dataset\ISIC2018_Task3_Training_Input\ISIC_0030388.jpg,dataset\ISIC2018_Task3_Training_Input\ISIC_0032374.jpg,ISIC_0030388,ISIC_0032374,-0.0820739865303039,-0.0867879390716552,3.135174253200524,1.5503844022750854,42,100,5.0,0.3,32,0.0
experiments\sd_lora_ici_outputs\NV\NV_near_DF_0021.png,NV,DF,a dermoscopic image of melanocytic nevus,a dermoscopic image of melanocytic nevus,dataset\ISIC2018_Task3_Training_Input\ISIC_0025675.jpg,dataset\ISIC2018_Task3_Training_Input\ISIC_0025335.jpg,ISIC_0025675,ISIC_0025335,-0.073481261730194,-0.0661094784736633,0.7116523475873997,1.5474704504013062,42,100,5.0,0.3,32,0.0
experiments\sd_lora_ici_outputs\NV\NV_near_DF_0022.png,NV,DF,a dermoscopic image of melanocytic nevus,a dermoscopic image of melanocytic nevus,dataset\ISIC2018_Task3_Training_Input\ISIC_0025008.jpg,dataset\ISIC2018_Task3_Training_Input\ISIC_0031771.jpg,ISIC_0025008,ISIC_0031771,-0.0669443011283874,-0.0677209496498107,2.0336667790816425,1.527392864227295,42,100,5.0,0.3,32,0.0
experiments\sd_lora_ici_outputs\NV\NV_near_DF_0023.png,NV,DF,a dermoscopic image of melanocytic nevus,a dermoscopic image of melanocytic nevus,dataset\ISIC2018_Task3_Training_Input\ISIC_0032218.jpg,dataset\ISIC2018_Task3_Training_Input\ISIC_0030247.jpg,ISIC_0032218,ISIC_0030247,-0.1396511793136596,-0.046208918094635,0.04243836124337464,1.5857212543487549,42,100,5.0,0.3,32,0.0
experiments\sd_lora_ici_outputs\NV\NV_near_DF_0024.png,NV,DF,a dermoscopic image of melanocytic nevus,a dermoscopic image of melanocytic nevus,dataset\ISIC2018_Task3_Training_Input\ISIC_0033364.jpg,dataset\ISIC2018_Task3_Training_Input\ISIC_0024935.jpg,ISIC_0033364,ISIC_0024935,-0.0672906041145324,-0.0436912775039672,3.4692060807794887,1.5404890775680542,42,100,5.0,0.3,32,0.0
experiments\sd_lora_ici_outputs\NV\NV_near_DF_0025.png,NV,DF,a dermoscopic image of melanocytic nevus,a dermoscopic image of melanocytic nevus,dataset\ISIC2018_Task3_Training_Input\ISIC_0031454.jpg,dataset\ISIC2018_Task3_Training_Input\ISIC_0026544.jpg,ISIC_0031454,ISIC_0026544,-0.0793995857238769,-0.0973212122917175,3.773698104919324,1.5497074127197266,42,100,5.0,0.3,32,0.0
experiments\sd_lora_ici_outputs\NV\NV_near_DF_0026.png,NV,DF,a dermoscopic image of melanocytic nevus,a dermoscopic image of melanocytic nevus,dataset\ISIC2018_Task3_Training_Input\ISIC_0025675.jpg,dataset\ISIC2018_Task3_Training_Input\ISIC_0031454.jpg,ISIC_0025675,ISIC_0031454,-0.073481261730194,-0.0793995857238769,2.054467615895025,1.5846699476242065,42,100,5.0,0.3,32,0.0
experiments\sd_lora_ici_outputs\NV\NV_near_DF_0027.png,NV,DF,a dermoscopic image of melanocytic nevus,a dermoscopic image of melanocytic nevus,dataset\ISIC2018_Task3_Training_Input\ISIC_0028174.jpg,dataset\ISIC2018_Task3_Training_Input\ISIC_0024836.jpg,ISIC_0028174,ISIC_0024836,-0.0717083811759948,-0.1973112821578979,0.7988122925849067,1.5318095684051514,42,100,5.0,0.3,32,0.0
experiments\sd_lora_ici_outputs\NV\NV_near_DF_0028.png,NV,DF,a dermoscopic image of melanocytic nevus,a dermoscopic image of melanocytic nevus,dataset\ISIC2018_Task3_Training_Input\ISIC_0030358.jpg,dataset\ISIC2018_Task3_Training_Input\ISIC_0034163.jpg,ISIC_0030358,ISIC_0034163,-0.0543290376663208,-0.0958110690116882,3.186938092012105,1.545609712600708,42,100,5.0,0.3,32,0.0
experiments\sd_lora_ici_outputs\NV\NV_near_DF_0029.png,NV,DF,a dermoscopic image of melanocytic nevus,a dermoscopic image of melanocytic nevus,dataset\ISIC2018_Task3_Training_Input\ISIC_0028016.jpg,dataset\ISIC2018_Task3_Training_Input\ISIC_0031776.jpg,ISIC_0028016,ISIC_0031776,-0.0443094968795776,-0.1211556196212768,2.014943387484226,1.5920381546020508,42,100,5.0,0.3,32,0.0
experiments\sd_lora_ici_outputs\NV\NV_near_DF_0030.png,NV,DF,a dermoscopic image of melanocytic nevus,a dermoscopic image of melanocytic nevus,dataset\ISIC2018_Task3_Training_Input\ISIC_0026404.jpg,dataset\ISIC2018_Task3_Training_Input\ISIC_0032374.jpg,ISIC_0026404,ISIC_0032374,-0.2084888815879821,-0.0867879390716552,2.8394768484408632,1.5455273389816284,42,100,5.0,0.3,32,0.0
experiments\sd_lora_ici_outputs\NV\NV_near_DF_0031.png,NV,DF,a dermoscopic image of melanocytic nevus,a dermoscopic image of melanocytic nevus,dataset\ISIC2018_Task3_Training_Input\ISIC_0033118.jpg,dataset\ISIC2018_Task3_Training_Input\ISIC_0031681.jpg,ISIC_0033118,ISIC_0031681,-0.0550625920295715,-0.051689863204956,2.4486726056983907,1.5785502195358276,42,100,5.0,0.3,32,0.0
experiments\sd_lora_ici_outputs\NV\NV_near_DF_0032.png,NV,DF,a dermoscopic image of melanocytic nevus,a dermoscopic image of melanocytic nevus,dataset\ISIC2018_Task3_Training_Input\ISIC_0031681.jpg,dataset\ISIC2018_Task3_Training_Input\ISIC_0030247.jpg,ISIC_0031681,ISIC_0030247,-0.051689863204956,-0.046208918094635,2.7054839427741366,1.565346598625183,42,100,5.0,0.3,32,0.0
experiments\sd_lora_ici_outputs\NV\NV_near_DF_0033.png,NV,DF,a dermoscopic image of melanocytic nevus,a dermoscopic image of melanocytic nevus,dataset\ISIC2018_Task3_Training_Input\ISIC_0028174.jpg,dataset\ISIC2018_Task3_Training_Input\ISIC_0026071.jpg,ISIC_0028174,ISIC_0026071,-0.0717083811759948,-0.0842179059982299,1.4643493678582962,1.543561339378357,42,100,5.0,0.3,32,0.0
experiments\sd_lora_ici_outputs\NV\NV_near_DF_0034.png,NV,DF,a dermoscopic image of melanocytic nevus,a dermoscopic image of melanocytic nevus,dataset\ISIC2018_Task3_Training_Input\ISIC_0031776.jpg,dataset\ISIC2018_Task3_Training_Input\ISIC_0026029.jpg,ISIC_0031776,ISIC_0026029,-0.1211556196212768,-0.0976228713989257,2.6407049660458135,1.5585256814956665,42,100,5.0,0.3,32,0.0
experiments\sd_lora_ici_outputs\NV\NV_near_DF_0035.png,NV,DF,a dermoscopic image of melanocytic nevus,a dermoscopic image of melanocytic nevus,dataset\ISIC2018_Task3_Training_Input\ISIC_0031462.jpg,dataset\ISIC2018_Task3_Training_Input\ISIC_0034163.jpg,ISIC_0031462,ISIC_0034163,-0.0793052315711975,-0.0958110690116882,3.9013115595982666,1.5713084936141968,42,100,5.0,0.3,32,0.0
experiments\sd_lora_ici_outputs\NV\NV_near_DF_0036.png,NV,DF,a dermoscopic image of melanocytic nevus,a dermoscopic image of melanocytic nevus,dataset\ISIC2018_Task3_Training_Input\ISIC_0027861.jpg,dataset\ISIC2018_Task3_Training_Input\ISIC_0030358.jpg,ISIC_0027861,ISIC_0030358,-0.0729205608367919,-0.0543290376663208,0.3463473224503157,1.5754401683807373,42,100,5.0,0.3,32,0.0
experiments\sd_lora_ici_outputs\NV\NV_near_DF_0037.png,NV,DF,a dermoscopic image of melanocytic nevus,a dermoscopic image of melanocytic nevus,dataset\ISIC2018_Task3_Training_Input\ISIC_0027240.jpg,dataset\ISIC2018_Task3_Training_Input\ISIC_0025008.jpg,ISIC_0027240,ISIC_0025008,-0.0949417948722839,-0.0669443011283874,1.09810765380726,1.5788638591766357,42,100,5.0,0.3,32,0.0
experiments\sd_lora_ici_outputs\NV\NV_near_DF_0038.png,NV,DF,a dermoscopic image of melanocytic nevus,a dermoscopic image of melanocytic nevus,dataset\ISIC2018_Task3_Training_Input\ISIC_0033118.jpg,dataset\ISIC2018_Task3_Training_Input\ISIC_0033671.jpg,ISIC_0033118,ISIC_0033671,-0.0550625920295715,-0.048145055770874,1.5998002709275811,1.5687682628631592,42,100,5.0,0.3,32,0.0
experiments\sd_lora_ici_outputs\NV\NV_near_DF_0039.png,NV,DF,a dermoscopic image of melanocytic nevus,a dermoscopic image of melanocytic nevus,dataset\ISIC2018_Task3_Training_Input\ISIC_0028170.jpg,dataset\ISIC2018_Task3_Training_Input\ISIC_0031462.jpg,ISIC_0028170,ISIC_0031462,-0.0471583008766174,-0.0793052315711975,2.76533517284584,1.5215554237365723,42,100,5.0,0.3,32,0.0
experiments\sd_lora_ici_outputs\NV\NV_near_DF_0040.png,NV,DF,a dermoscopic image of melanocytic nevus,a dermoscopic image of melanocytic nevus,dataset\ISIC2018_Task3_Training_Input\ISIC_0032374.jpg,dataset\ISIC2018_Task3_Training_Input\ISIC_0024935.jpg,ISIC_0032374,ISIC_0024935,-0.0867879390716552,-0.0436912775039672,1.631756241323307,1.5612157583236694,42,100,5.0,0.3,32,0.0
experiments\sd_lora_ici_outputs\NV\NV_near_DF_0041.png,NV,DF,a dermoscopic image of melanocytic nevus,a dermoscopic image of melanocytic nevus,dataset\ISIC2018_Task3_Training_Input\ISIC_0025008.jpg,dataset\ISIC2018_Task3_Training_Input\ISIC_0030247.jpg,ISIC_0025008,ISIC_0030247,-0.0669443011283874,-0.046208918094635,0.818364518582184,1.537929892539978,42,100,5.0,0.3,32,0.0
experiments\sd_lora_ici_outputs\NV\NV_near_DF_0042.png,NV,DF,a dermoscopic image of melanocytic nevus,a dermoscopic image of melanocytic nevus,dataset\ISIC2018_Task3_Training_Input\ISIC_0033671.jpg,dataset\ISIC2018_Task3_Training_Input\ISIC_0028016.jpg,ISIC_0033671,ISIC_0028016,-0.048145055770874,-0.0443094968795776,0.06108844390971018,1.5805069208145142,42,100,5.0,0.3,32,0.0
experiments\sd_lora_ici_outputs\NV\NV_near_DF_0043.png,NV,DF,a dermoscopic image of melanocytic nevus,a dermoscopic image of melanocytic nevus,dataset\ISIC2018_Task3_Training_Input\ISIC_0025008.jpg,dataset\ISIC2018_Task3_Training_Input\ISIC_0031771.jpg,ISIC_0025008,ISIC_0031771,-0.0669443011283874,-0.0677209496498107,2.894466146176668,1.527392864227295,42,100,5.0,0.3,32,0.0
experiments\sd_lora_ici_outputs\NV\NV_near_DF_0044.png,NV,DF,a dermoscopic image of melanocytic nevus,a dermoscopic image of melanocytic nevus,dataset\ISIC2018_Task3_Training_Input\ISIC_0031192.jpg,dataset\ISIC2018_Task3_Training_Input\ISIC_0030247.jpg,ISIC_0031192,ISIC_0030247,-0.1114911437034607,-0.046208918094635,3.6761599769148994,1.5710312128067017,42,100,5.0,0.3,32,0.0
experiments\sd_lora_ici_outputs\NV\NV_near_DF_0045.png,NV,DF,a dermoscopic image of melanocytic nevus,a dermoscopic image of melanocytic nevus,dataset\ISIC2018_Task3_Training_Input\ISIC_0027348.jpg,dataset\ISIC2018_Task3_Training_Input\ISIC_0031192.jpg,ISIC_0027348,ISIC_0031192,-0.0741252303123474,-0.1114911437034607,2.2020474294849124,1.5681735277175903,42,100,5.0,0.3,32,0.0
experiments\sd_lora_ici_outputs\NV\NV_near_DF_0046.png,NV,DF,a dermoscopic image of melanocytic nevus,a dermoscopic image of melanocytic nevus,dataset\ISIC2018_Task3_Training_Input\ISIC_0031359.jpg,dataset\ISIC2018_Task3_Training_Input\ISIC_0030247.jpg,ISIC_0031359,ISIC_0030247,-0.1271743178367614,-0.046208918094635,2.9862065805845197,1.527846097946167,42,100,5.0,0.3,32,0.0
experiments\sd_lora_ici_outputs\NV\NV_near_DF_0047.png,NV,DF,a dermoscopic image of melanocytic nevus,a dermoscopic image of melanocytic nevus,dataset\ISIC2018_Task3_Training_Input\ISIC_0025173.jpg,dataset\ISIC2018_Task3_Training_Input\ISIC_0025008.jpg,ISIC_0025173,ISIC_0025008,-0.0582860112190246,-0.0669443011283874,2.286083818272967,1.5366960763931274,42,100,5.0,0.3,32,0.0
experiments\sd_lora_ici_outputs\NV\NV_near_DF_0048.png,NV,DF,a dermoscopic image of melanocytic nevus,a dermoscopic image of melanocytic nevus,dataset\ISIC2018_Task3_Training_Input\ISIC_0024618.jpg,dataset\ISIC2018_Task3_Training_Input\ISIC_0025173.jpg,ISIC_0024618,ISIC_0025173,-0.0990923047065734,-0.0582860112190246,2.322602614546899,1.576969027519226,42,100,5.0,0.3,32,0.0
experiments\sd_lora_ici_outputs\NV\NV_near_DF_0049.png,NV,DF,a dermoscopic image of melanocytic nevus,a dermoscopic image of melanocytic nevus,dataset\ISIC2018_Task3_Training_Input\ISIC_0033671.jpg,dataset\ISIC2018_Task3_Training_Input\ISIC_0031594.jpg,ISIC_0033671,ISIC_0031594,-0.048145055770874,-0.1691783666610717,1.385209956725907,1.5761151313781738,42,100,5.0,0.3,32,0.0
experiments\sd_lora_ici_outputs\NV\NV_near_MEL_0000.png,NV,MEL,a dermoscopic image of melanocytic nevus,a dermoscopic image of melanocytic nevus,dataset\ISIC2018_Task3_Training_Input\ISIC_0026123.jpg,dataset\ISIC2018_Task3_Training_Input\ISIC_0031573.jpg,ISIC_0026123,ISIC_0031573,-0.0906215906143188,-0.1372133493423462,3.210570835465786,1.5959875583648682,42,100,5.0,0.3,32,0.0
experiments\sd_lora_ici_outputs\NV\NV_near_MEL_0001.png,NV,MEL,a dermoscopic image of melanocytic nevus,a dermoscopic image of melanocytic nevus,dataset\ISIC2018_Task3_Training_Input\ISIC_0025179.jpg,dataset\ISIC2018_Task3_Training_Input\ISIC_0029030.jpg,ISIC_0025179,ISIC_0029030,-0.1308358311653137,-0.0871623158454895,0.910098583192649,1.5623105764389038,42,100,5.0,0.3,32,0.0
experiments\sd_lora_ici_outputs\NV\NV_near_MEL_0002.png,NV,MEL,a dermoscopic image of melanocytic nevus,a dermoscopic image of melanocytic nevus,dataset\ISIC2018_Task3_Training_Input\ISIC_0030180.jpg,dataset\ISIC2018_Task3_Training_Input\ISIC_0032260.jpg,ISIC_0030180,ISIC_0032260,-0.1330107450485229,-0.0840066075325012,3.8727185867110965,1.5624854564666748,42,100,5.0,0.3,32,0.0
experiments\sd_lora_ici_outputs\NV\NV_near_MEL_0003.png,NV,MEL,a dermoscopic image of melanocytic nevus,a dermoscopic image of melanocytic nevus,dataset\ISIC2018_Task3_Training_Input\ISIC_0032423.jpg,dataset\ISIC2018_Task3_Training_Input\ISIC_0033857.jpg,ISIC_0032423,ISIC_0033857,-0.1704797148704528,-0.0969338417053222,1.8026176397948017,1.5851032733917236,42,100,5.0,0.3,32,0.0
experiments\sd_lora_ici_outputs\NV\NV_near_MEL_0004.png,NV,MEL,a dermoscopic image of melanocytic nevus,a dermoscopic image of melanocytic nevus,dataset\ISIC2018_Task3_Training_Input\ISIC_0027097.jpg,dataset\ISIC2018_Task3_Training_Input\ISIC_0028216.jpg,ISIC_0027097,ISIC_0028216,-0.1207248568534851,-0.0884686112403869,1.6109330544132179,1.5755672454833984,42,100,5.0,0.3,32,0.0
experiments\sd_lora_ici_outputs\NV\NV_near_MEL_0005.png,NV,MEL,a dermoscopic image of melanocytic nevus,a dermoscopic image of melanocytic nevus,dataset\ISIC2018_Task3_Training_Input\ISIC_0032731.jpg,dataset\ISIC2018_Task3_Training_Input\ISIC_0025179.jpg,ISIC_0032731,ISIC_0025179,-0.11312997341156,-0.1308358311653137,0.018650009093163486,1.5670733451843262,42,100,5.0,0.3,32,0.0
experiments\sd_lora_ici_outputs\NV\NV_near_MEL_0006.png,NV,MEL,a dermoscopic image of melanocytic nevus,a dermoscopic image of melanocytic nevus,dataset\ISIC2018_Task3_Training_Input\ISIC_0031304.jpg,dataset\ISIC2018_Task3_Training_Input\ISIC_0026260.jpg,ISIC_0031304,ISIC_0026260,-0.0857324600219726,-0.117403507232666,0.7056866491198267,1.558448076248169,42,100,5.0,0.3,32,0.0
experiments\sd_lora_ici_outputs\NV\NV_near_MEL_0007.png,NV,MEL,a dermoscopic image of melanocytic nevus,a dermoscopic image of melanocytic nevus,dataset\ISIC2018_Task3_Training_Input\ISIC_0032423.jpg,dataset\ISIC2018_Task3_Training_Input\ISIC_0033684.jpg,ISIC_0032423,ISIC_0033684,-0.1704797148704528,-0.1132715940475463,2.028337767432271,1.5681746006011963,42,100,5.0,0.3,32,0.0
experiments\sd_lora_ici_outputs\NV\NV_near_MEL_0008.png,NV,MEL,a dermoscopic image of melanocytic nevus,a dermoscopic image of melanocytic nevus,dataset\ISIC2018_Task3_Training_Input\ISIC_0026491.jpg,dataset\ISIC2018_Task3_Training_Input\ISIC_0029359.jpg,ISIC_0026491,ISIC_0029359,-0.0915742516517639,-0.0951187014579773,2.2401965574414096,1.5668179988861084,42,100,5.0,0.3,32,0.0
experiments\sd_lora_ici_outputs\NV\NV_near_MEL_0009.png,NV,MEL,a dermoscopic image of melanocytic nevus,a dermoscopic image of melanocytic nevus,dataset\ISIC2018_Task3_Training_Input\ISIC_0030674.jpg,dataset\ISIC2018_Task3_Training_Input\ISIC_0030180.jpg,ISIC_0030674,ISIC_0030180,-0.0993163585662841,-0.1330107450485229,2.009132631147743,1.5735671520233154,42,100,5.0,0.3,32,0.0
experiments\sd_lora_ici_outputs\NV\NV_near_MEL_0010.png,NV,MEL,a dermoscopic image of melanocytic nevus,a dermoscopic image of melanocytic nevus,dataset\ISIC2018_Task3_Training_Input\ISIC_0030809.jpg,dataset\ISIC2018_Task3_Training_Input\ISIC_0028216.jpg,ISIC_0030809,ISIC_0028216,-0.0885412096977233,-0.0884686112403869,1.3687183306277102,1.5606342554092407,42,100,5.0,0.3,32,0.0
experiments\sd_lora_ici_outputs\NV\NV_near_MEL_0011.png,NV,MEL,a dermoscopic image of melanocytic nevus,a dermoscopic image of melanocytic nevus,dataset\ISIC2018_Task3_Training_Input\ISIC_0029030.jpg,dataset\ISIC2018_Task3_Training_Input\ISIC_0030809.jpg,ISIC_0029030,ISIC_0030809,-0.0871623158454895,-0.0885412096977233,0.4739935612578384,1.5510531663894653,42,100,5.0,0.3,32,0.0
experiments\sd_lora_ici_outputs\NV\NV_near_MEL_0012.png,NV,MEL,a dermoscopic image of melanocytic nevus,a dermoscopic image of melanocytic nevus,dataset\ISIC2018_Task3_Training_Input\ISIC_0033237.jpg,dataset\ISIC2018_Task3_Training_Input\ISIC_0029030.jpg,ISIC_0033237,ISIC_0029030,-0.0937668085098266,-0.0871623158454895,2.089215834852097,1.5436774492263794,42,100,5.0,0.3,32,0.0
experiments\sd_lora_ici_outputs\NV\NV_near_MEL_0013.png,NV,MEL,a dermoscopic image of melanocytic nevus,a dermoscopic image of melanocytic nevus,dataset\ISIC2018_Task3_Training_Input\ISIC_0025252.jpg,dataset\ISIC2018_Task3_Training_Input\ISIC_0030603.jpg,ISIC_0025252,ISIC_0030603,-0.0937146544456482,-0.1387805342674255,1.046868709335699,1.546645998954773,42,100,5.0,0.3,32,0.0
experiments\sd_lora_ici_outputs\NV\NV_near_MEL_0014.png,NV,MEL,a dermoscopic image of melanocytic nevus,a dermoscopic image of melanocytic nevus,dataset\ISIC2018_Task3_Training_Input\ISIC_0032423.jpg,dataset\ISIC2018_Task3_Training_Input\ISIC_0028261.jpg,ISIC_0032423,ISIC_0028261,-0.1704797148704528,-0.0904827713966369,2.1852843496023313,1.5465935468673706,42,100,5.0,0.3,32,0.0
experiments\sd_lora_ici_outputs\NV\NV_near_MEL_0015.png,NV,MEL,a dermoscopic image of melanocytic nevus,a dermoscopic image of melanocytic nevus,dataset\ISIC2018_Task3_Training_Input\ISIC_0034268.jpg,dataset\ISIC2018_Task3_Training_Input\ISIC_0033857.jpg,ISIC_0034268,ISIC_0033857,-0.0903612971305847,-0.0969338417053222,3.1792075605539574,1.5680044889450073,42,100,5.0,0.3,32,0.0
experiments\sd_lora_ici_outputs\NV\NV_near_MEL_0016.png,NV,MEL,a dermoscopic image of melanocytic nevus,a dermoscopic image of melanocytic nevus,dataset\ISIC2018_Task3_Training_Input\ISIC_0032423.jpg,dataset\ISIC2018_Task3_Training_Input\ISIC_0030603.jpg,ISIC_0032423,ISIC_0030603,-0.1704797148704528,-0.1387805342674255,0.998797682528583,1.5735772848129272,42,100,5.0,0.3,32,0.0
experiments\sd_lora_ici_outputs\NV\NV_near_MEL_0017.png,NV,MEL,a dermoscopic image of melanocytic nevus,a dermoscopic image of melanocytic nevus,dataset\ISIC2018_Task3_Training_Input\ISIC_0026123.jpg,dataset\ISIC2018_Task3_Training_Input\ISIC_0027098.jpg,ISIC_0026123,ISIC_0027098,-0.0906215906143188,-0.0855746865272522,1.7911449736921972,1.5531949996948242,42,100,5.0,0.3,32,0.0
experiments\sd_lora_ici_outputs\NV\NV_near_MEL_0018.png,NV,MEL,a dermoscopic image of melanocytic nevus,a dermoscopic image of melanocytic nevus,dataset\ISIC2018_Task3_Training_Input\ISIC_0032579.jpg,dataset\ISIC2018_Task3_Training_Input\ISIC_0028261.jpg,ISIC_0032579,ISIC_0028261,-0.1044032573699951,-0.0904827713966369,1.5314353408648707,1.5470880270004272,42,100,5.0,0.3,32,0.0
experiments\sd_lora_ici_outputs\NV\NV_near_MEL_0019.png,NV,MEL,a dermoscopic image of melanocytic nevus,a dermoscopic image of melanocytic nevus,dataset\ISIC2018_Task3_Training_Input\ISIC_0029983.jpg,dataset\ISIC2018_Task3_Training_Input\ISIC_0030603.jpg,ISIC_0029983,ISIC_0030603,-0.1001647114753723,-0.1387805342674255,1.9690650001594272,1.5432381629943848,42,100,5.0,0.3,32,0.0
experiments\sd_lora_ici_outputs\NV\NV_near_MEL_0020.png,NV,MEL,a dermoscopic image of melanocytic nevus,a dermoscopic image of melanocytic nevus,dataset\ISIC2018_Task3_Training_Input\ISIC_0026491.jpg,dataset\ISIC2018_Task3_Training_Input\ISIC_0025214.jpg,ISIC_0026491,ISIC_0025214,-0.0915742516517639,-0.0859240293502807,0.979893312564718,1.5598952770233154,42,100,5.0,0.3,32,0.0
experiments\sd_lora_ici_outputs\NV\NV_near_MEL_0021.png,NV,MEL,a dermoscopic image of melanocytic nevus,a dermoscopic image of melanocytic nevus,dataset\ISIC2018_Task3_Training_Input\ISIC_0027883.jpg,dataset\ISIC2018_Task3_Training_Input\ISIC_0029393.jpg,ISIC_0027883,ISIC_0029393,-0.0861703753471374,-0.0961208343505859,1.3543916791422674,1.5757269859313965,42,100,5.0,0.3,32,0.0
experiments\sd_lora_ici_outputs\NV\NV_near_MEL_0022.png,NV,MEL,a dermoscopic image of melanocytic nevus,a dermoscopic image of melanocytic nevus,dataset\ISIC2018_Task3_Training_Input\ISIC_0025836.jpg,dataset\ISIC2018_Task3_Training_Input\ISIC_0032908.jpg,ISIC_0025836,ISIC_0032908,-0.1141830086708068,-0.1218838691711425,3.1285275420969705,1.5576756000518799,42,100,5.0,0.3,32,0.0
experiments\sd_lora_ici_outputs\NV\NV_near_MEL_0023.png,NV,MEL,a dermoscopic image of melanocytic nevus,a dermoscopic image of melanocytic nevus,dataset\ISIC2018_Task3_Training_Input\ISIC_0032908.jpg,dataset\ISIC2018_Task3_Training_Input\ISIC_0026123.jpg,ISIC_0032908,ISIC_0026123,-0.1218838691711425,-0.0906215906143188,2.6730719417771733,1.602121353149414,42,100,5.0,0.3,32,0.0
experiments\sd_lora_ici_outputs\NV\NV_near_MEL_0024.png,NV,MEL,a dermoscopic image of melanocytic nevus,a dermoscopic image of melanocytic nevus,dataset\ISIC2018_Task3_Training_Input\ISIC_0026260.jpg,dataset\ISIC2018_Task3_Training_Input\ISIC_0027932.jpg,ISIC_0026260,ISIC_0027932,-0.117403507232666,-0.1118842363357544,3.688990713344398,1.5269827842712402,42,100,5.0,0.3,32,0.0
experiments\sd_lora_ici_outputs\NV\NV_near_MEL_0025.png,NV,MEL,a dermoscopic image of melanocytic nevus,a dermoscopic image of melanocytic nevus,dataset\ISIC2018_Task3_Training_Input\ISIC_0027639.jpg,dataset\ISIC2018_Task3_Training_Input\ISIC_0030809.jpg,ISIC_0027639,ISIC_0030809,-0.1136872172355651,-0.0885412096977233,3.5308730101080776,1.5339696407318115,42,100,5.0,0.3,32,0.0
experiments\sd_lora_ici_outputs\NV\NV_near_MEL_0026.png,NV,MEL,a dermoscopic image of melanocytic nevus,a dermoscopic image of melanocytic nevus,dataset\ISIC2018_Task3_Training_Input\ISIC_0026123.jpg,dataset\ISIC2018_Task3_Training_Input\ISIC_0033738.jpg,ISIC_0026123,ISIC_0033738,-0.0906215906143188,-0.1103867888450622,1.9389051716977785,1.5618648529052734,42,100,5.0,0.3,32,0.0
experiments\sd_lora_ici_outputs\NV\NV_near_MEL_0027.png,NV,MEL,a dermoscopic image of melanocytic nevus,a dermoscopic image of melanocytic nevus,dataset\ISIC2018_Task3_Training_Input\ISIC_0032831.jpg,dataset\ISIC2018_Task3_Training_Input\ISIC_0032579.jpg,ISIC_0032831,ISIC_0032579,-0.0997920036315918,-0.1044032573699951,1.0446458215248187,1.5506972074508667,42,100,5.0,0.3,32,0.0
experiments\sd_lora_ici_outputs\NV\NV_near_MEL_0028.png,NV,MEL,a dermoscopic image of melanocytic nevus,a dermoscopic image of melanocytic nevus,dataset\ISIC2018_Task3_Training_Input\ISIC_0026414.jpg,dataset\ISIC2018_Task3_Training_Input\ISIC_0026382.jpg,ISIC_0026414,ISIC_0026382,-0.0985987186431884,-0.1222168207168579,1.5326203484512968,1.5688209533691406,42,100,5.0,0.3,32,0.0
experiments\sd_lora_ici_outputs\NV\NV_near_MEL_0029.png,NV,MEL,a dermoscopic image of melanocytic nevus,a dermoscopic image of melanocytic nevus,dataset\ISIC2018_Task3_Training_Input\ISIC_0030674.jpg,dataset\ISIC2018_Task3_Training_Input\ISIC_0026414.jpg,ISIC_0030674,ISIC_0026414,-0.0993163585662841,-0.0985987186431884,3.206966475566517,1.5451586246490479,42,100,5.0,0.3,32,0.0
experiments\sd_lora_ici_outputs\NV\NV_near_MEL_0030.png,NV,MEL,a dermoscopic image of melanocytic nevus,a dermoscopic image of melanocytic nevus,dataset\ISIC2018_Task3_Training_Input\ISIC_0029359.jpg,dataset\ISIC2018_Task3_Training_Input\ISIC_0033313.jpg,ISIC_0029359,ISIC_0033313,-0.0951187014579773,-0.0902472138404846,0.8999011403577875,1.538727879524231,42,100,5.0,0.3,32,0.0
experiments\sd_lora_ici_outputs\NV\NV_near_MEL_0031.png,NV,MEL,a dermoscopic image of melanocytic nevus,a dermoscopic image of melanocytic nevus,dataset\ISIC2018_Task3_Training_Input\ISIC_0027932.jpg,dataset\ISIC2018_Task3_Training_Input\ISIC_0025214.jpg,ISIC_0027932,ISIC_0025214,-0.1118842363357544,-0.0859240293502807,2.8362128885454605,1.553345799446106,42,100,5.0,0.3,32,0.0
experiments\sd_lora_ici_outputs\NV\NV_near_MEL_0032.png,NV,MEL,a dermoscopic image of melanocytic nevus,a dermoscopic image of melanocytic nevus,dataset\ISIC2018_Task3_Training_Input\ISIC_0032731.jpg,dataset\ISIC2018_Task3_Training_Input\ISIC_0033617.jpg,ISIC_0032731,ISIC_0033617,-0.11312997341156,-0.1001348495483398,3.2487985733723947,1.5475143194198608,42,100,5.0,0.3,32,0.0
experiments\sd_lora_ici_outputs\NV\NV_near_MEL_0033.png,NV,MEL,a dermoscopic image of melanocytic nevus,a dermoscopic image of melanocytic nevus,dataset\ISIC2018_Task3_Training_Input\ISIC_0027883.jpg,dataset\ISIC2018_Task3_Training_Input\ISIC_0026382.jpg,ISIC_0027883,ISIC_0026382,-0.0861703753471374,-0.1222168207168579,1.6929325596627582,1.530686378479004,42,100,5.0,0.3,32,0.0
experiments\sd_lora_ici_outputs\NV\NV_near_MEL_0034.png,NV,MEL,a dermoscopic image of melanocytic nevus,a dermoscopic image of melanocytic nevus,dataset\ISIC2018_Task3_Training_Input\ISIC_0024879.jpg,dataset\ISIC2018_Task3_Training_Input\ISIC_0032260.jpg,ISIC_0024879,ISIC_0032260,-0.0881978869438171,-0.0840066075325012,1.4287963216228334,1.5527540445327759,42,100,5.0,0.3,32,0.0
experiments\sd_lora_ici_outputs\NV\NV_near_MEL_0035.png,NV,MEL,a dermoscopic image of melanocytic nevus,a dermoscopic image of melanocytic nevus,dataset\ISIC2018_Task3_Training_Input\ISIC_0031573.jpg,dataset\ISIC2018_Task3_Training_Input\ISIC_0026382.jpg,ISIC_0031573,ISIC_0026382,-0.1372133493423462,-0.1222168207168579,2.1455550877950333,1.5686384439468384,42,100,5.0,0.3,32,0.0
experiments\sd_lora_ici_outputs\NV\NV_near_MEL_0036.png,NV,MEL,a dermoscopic image of melanocytic nevus,a dermoscopic image of melanocytic nevus,dataset\ISIC2018_Task3_Training_Input\ISIC_0026414.jpg,dataset\ISIC2018_Task3_Training_Input\ISIC_0032347.jpg,ISIC_0026414,ISIC_0032347,-0.0985987186431884,-0.0986903309822082,2.8623009652096845,1.5384031534194946,42,100,5.0,0.3,32,0.0
experiments\sd_lora_ici_outputs\NV\NV_near_MEL_0037.png,NV,MEL,a dermoscopic image of melanocytic nevus,a dermoscopic image of melanocytic nevus,dataset\ISIC2018_Task3_Training_Input\ISIC_0032347.jpg,dataset\ISIC2018_Task3_Training_Input\ISIC_0034268.jpg,ISIC_0032347,ISIC_0034268,-0.0986903309822082,-0.0903612971305847,1.081661765769847,1.5297526121139526,42,100,5.0,0.3,32,0.0
experiments\sd_lora_ici_outputs\NV\NV_near_MEL_0038.png,NV,MEL,a dermoscopic image of melanocytic nevus,a dermoscopic image of melanocytic nevus,dataset\ISIC2018_Task3_Training_Input\ISIC_0033237.jpg,dataset\ISIC2018_Task3_Training_Input\ISIC_0030180.jpg,ISIC_0033237,ISIC_0030180,-0.0937668085098266,-0.1330107450485229,1.1551581671323232,1.5626376867294312,42,100,5.0,0.3,32,0.0
experiments\sd_lora_ici_outputs\NV\NV_near_MEL_0039.png,NV,MEL,a dermoscopic image of melanocytic nevus,a dermoscopic image of melanocytic nevus,dataset\ISIC2018_Task3_Training_Input\ISIC_0028216.jpg,dataset\ISIC2018_Task3_Training_Input\ISIC_0032423.jpg,ISIC_0028216,ISIC_0032423,-0.0884686112403869,-0.1704797148704528,1.6028439986689027,1.5638172626495361,42,100,5.0,0.3,32,0.0
experiments\sd_lora_ici_outputs\NV\NV_near_MEL_0040.png,NV,MEL,a dermoscopic image of melanocytic nevus,a dermoscopic image of melanocytic nevus,dataset\ISIC2018_Task3_Training_Input\ISIC_0025214.jpg,dataset\ISIC2018_Task3_Training_Input\ISIC_0024882.jpg,ISIC_0025214,ISIC_0024882,-0.0859240293502807,-0.1164831519126892,3.0435462055543514,1.5458199977874756,42,100,5.0,0.3,32,0.0
experiments\sd_lora_ici_outputs\NV\NV_near_MEL_0041.png,NV,MEL,a dermoscopic image of melanocytic nevus,a dermoscopic image of melanocytic nevus,dataset\ISIC2018_Task3_Training_Input\ISIC_0026382.jpg,dataset\ISIC2018_Task3_Training_Input\ISIC_0025252.jpg,ISIC_0026382,ISIC_0025252,-0.1222168207168579,-0.0937146544456482,1.3931334820805295,1.542425513267517,42,100,5.0,0.3,32,0.0
experiments\sd_lora_ici_outputs\NV\NV_near_MEL_0042.png,NV,MEL,a dermoscopic image of melanocytic nevus,a dermoscopic image of melanocytic nevus,dataset\ISIC2018_Task3_Training_Input\ISIC_0029393.jpg,dataset\ISIC2018_Task3_Training_Input\ISIC_0024879.jpg,ISIC_0029393,ISIC_0024879,-0.0961208343505859,-0.0881978869438171,2.229911777253065,1.5625505447387695,42,100,5.0,0.3,32,0.0
experiments\sd_lora_ici_outputs\NV\NV_near_MEL_0043.png,NV,MEL,a dermoscopic image of melanocytic nevus,a dermoscopic image of melanocytic nevus,dataset\ISIC2018_Task3_Training_Input\ISIC_0028128.jpg,dataset\ISIC2018_Task3_Training_Input\ISIC_0033313.jpg,ISIC_0028128,ISIC_0033313,-0.1000170111656189,-0.0902472138404846,0.7161120446960303,1.5660384893417358,42,100,5.0,0.3,32,0.0
experiments\sd_lora_ici_outputs\NV\NV_near_MEL_0044.png,NV,MEL,a dermoscopic image of melanocytic nevus,a dermoscopic image of melanocytic nevus,dataset\ISIC2018_Task3_Training_Input\ISIC_0032908.jpg,dataset\ISIC2018_Task3_Training_Input\ISIC_0026123.jpg,ISIC_0032908,ISIC_0026123,-0.1218838691711425,-0.0906215906143188,1.2309434818878806,1.602121353149414,42,100,5.0,0.3,32,0.0
experiments\sd_lora_ici_outputs\NV\NV_near_MEL_0045.png,NV,MEL,a dermoscopic image of melanocytic nevus,a dermoscopic image of melanocytic nevus,dataset\ISIC2018_Task3_Training_Input\ISIC_0031573.jpg,dataset\ISIC2018_Task3_Training_Input\ISIC_0032731.jpg,ISIC_0031573,ISIC_0032731,-0.1372133493423462,-0.11312997341156,0.8971079287192661,1.5307985544204712,42,100,5.0,0.3,32,0.0
experiments\sd_lora_ici_outputs\NV\NV_near_MEL_0046.png,NV,MEL,a dermoscopic image of melanocytic nevus,a dermoscopic image of melanocytic nevus,dataset\ISIC2018_Task3_Training_Input\ISIC_0033684.jpg,dataset\ISIC2018_Task3_Training_Input\ISIC_0025214.jpg,ISIC_0033684,ISIC_0025214,-0.1132715940475463,-0.0859240293502807,2.2968572526634805,1.5694239139556885,42,100,5.0,0.3,32,0.0
experiments\sd_lora_ici_outputs\NV\NV_near_MEL_0047.png,NV,MEL,a dermoscopic image of melanocytic nevus,a dermoscopic image of melanocytic nevus,dataset\ISIC2018_Task3_Training_Input\ISIC_0033313.jpg,dataset\ISIC2018_Task3_Training_Input\ISIC_0033237.jpg,ISIC_0033313,ISIC_0033237,-0.0902472138404846,-0.0937668085098266,0.7407182589223693,1.5504796504974365,42,100,5.0,0.3,32,0.0
experiments\sd_lora_ici_outputs\NV\NV_near_MEL_0048.png,NV,MEL,a dermoscopic image of melanocytic nevus,a dermoscopic image of melanocytic nevus,dataset\ISIC2018_Task3_Training_Input\ISIC_0032579.jpg,dataset\ISIC2018_Task3_Training_Input\ISIC_0031573.jpg,ISIC_0032579,ISIC_0031573,-0.1044032573699951,-0.1372133493423462,2.90968713925016,1.6112515926361084,42,100,5.0,0.3,32,0.0
experiments\sd_lora_ici_outputs\NV\NV_near_MEL_0049.png,NV,MEL,a dermoscopic image of melanocytic nevus,a dermoscopic image of melanocytic nevus,dataset\ISIC2018_Task3_Training_Input\ISIC_0025179.jpg,dataset\ISIC2018_Task3_Training_Input\ISIC_0027883.jpg,ISIC_0025179,ISIC_0027883,-0.1308358311653137,-0.0861703753471374,3.741101183590412,1.562365174293518,42,100,5.0,0.3,32,0.0
experiments\sd_lora_ici_outputs\NV\NV_near_VASC_0000.png,NV,VASC,a dermoscopic image of melanocytic nevus,a dermoscopic image of melanocytic nevus,dataset\ISIC2018_Task3_Training_Input\ISIC_0033137.jpg,dataset\ISIC2018_Task3_Training_Input\ISIC_0026979.jpg,ISIC_0033137,ISIC_0026979,-0.0073175430297851,0.0202078223228454,0.7447735524395437,1.604323387145996,42,100,5.0,0.3,32,0.0
experiments\sd_lora_ici_outputs\NV\NV_near_VASC_0001.png,NV,VASC,a dermoscopic image of melanocytic nevus,a dermoscopic image of melanocytic nevus,dataset\ISIC2018_Task3_Training_Input\ISIC_0031184.jpg,dataset\ISIC2018_Task3_Training_Input\ISIC_0030027.jpg,ISIC_0031184,ISIC_0030027,0.0269179344177246,0.0348739624023437,3.0305210289407,1.5282562971115112,42,100,5.0,0.3,32,0.0
experiments\sd_lora_ici_outputs\NV\NV_near_VASC_0002.png,NV,VASC,a dermoscopic image of melanocytic nevus,a dermoscopic image of melanocytic nevus,dataset\ISIC2018_Task3_Training_Input\ISIC_0030313.jpg,dataset\ISIC2018_Task3_Training_Input\ISIC_0024874.jpg,ISIC_0030313,ISIC_0024874,-0.1153806447982788,-0.0241888165473938,0.9438795510582221,1.5634171962738037,42,100,5.0,0.3,32,0.0
experiments\sd_lora_ici_outputs\NV\NV_near_VASC_0003.png,NV,VASC,a dermoscopic image of melanocytic nevus,a dermoscopic image of melanocytic nevus,dataset\ISIC2018_Task3_Training_Input\ISIC_0031563.jpg,dataset\ISIC2018_Task3_Training_Input\ISIC_0028461.jpg,ISIC_0031563,ISIC_0028461,0.0010364651679992,-0.1338147521018982,0.9607158375705294,1.583075761795044,42,100,5.0,0.3,32,0.0
experiments\sd_lora_ici_outputs\NV\NV_near_VASC_0004.png,NV,VASC,a dermoscopic image of melanocytic nevus,a dermoscopic image of melanocytic nevus,dataset\ISIC2018_Task3_Training_Input\ISIC_0033803.jpg,dataset\ISIC2018_Task3_Training_Input\ISIC_0034004.jpg,ISIC_0033803,ISIC_0034004,-0.0188974738121032,0.0273959636688232,1.0621616212895968,1.5699975490570068,42,100,5.0,0.3,32,0.0
experiments\sd_lora_ici_outputs\NV\NV_near_VASC_0005.png,NV,VASC,a dermoscopic image of melanocytic nevus,a dermoscopic image of melanocytic nevus,dataset\ISIC2018_Task3_Training_Input\ISIC_0029534.jpg,dataset\ISIC2018_Task3_Training_Input\ISIC_0029194.jpg,ISIC_0029534,ISIC_0029194,-0.03359055519104,0.040215790271759,0.9143273038357485,1.5750961303710938,42,100,5.0,0.3,32,0.0
experiments\sd_lora_ici_outputs\NV\NV_near_VASC_0006.png,NV,VASC,a dermoscopic image of melanocytic nevus,a dermoscopic image of melanocytic nevus,dataset\ISIC2018_Task3_Training_Input\ISIC_0031518.jpg,dataset\ISIC2018_Task3_Training_Input\ISIC_0024888.jpg,ISIC_0031518,ISIC_0024888,0.038207471370697,0.0119560956954956,3.2652722190049506,1.6066304445266724,42,100,5.0,0.3,32,0.0
experiments\sd_lora_ici_outputs\NV\NV_near_VASC_0007.png,NV,VASC,a dermoscopic image of melanocytic nevus,a dermoscopic image of melanocytic nevus,dataset\ISIC2018_Task3_Training_Input\ISIC_0027262.jpg,dataset\ISIC2018_Task3_Training_Input\ISIC_0032075.jpg,ISIC_0027262,ISIC_0032075,-0.0613330006599426,-0.0011953115463256,3.384760504864643,1.5525015592575073,42,100,5.0,0.3,32,0.0
experiments\sd_lora_ici_outputs\NV\NV_near_VASC_0008.png,NV,VASC,a dermoscopic image of melanocytic nevus,a dermoscopic image of melanocytic nevus,dataset\ISIC2018_Task3_Training_Input\ISIC_0026830.jpg,dataset\ISIC2018_Task3_Training_Input\ISIC_0031184.jpg,ISIC_0026830,ISIC_0031184,-0.0285444855690002,0.0269179344177246,1.4223259326852395,1.5727660655975342,42,100,5.0,0.3,32,0.0
experiments\sd_lora_ici_outputs\NV\NV_near_VASC_0009.png,NV,VASC,a dermoscopic image of melanocytic nevus,a dermoscopic image of melanocytic nevus,dataset\ISIC2018_Task3_Training_Input\ISIC_0032459.jpg,dataset\ISIC2018_Task3_Training_Input\ISIC_0031184.jpg,ISIC_0032459,ISIC_0031184,-0.009806752204895,0.0269179344177246,3.1541940943810243,1.5516530275344849,42,100,5.0,0.3,32,0.0
experiments\sd_lora_ici_outputs\NV\NV_near_VASC_0010.png,NV,VASC,a dermoscopic image of melanocytic nevus,a dermoscopic image of melanocytic nevus,dataset\ISIC2018_Task3_Training_Input\ISIC_0027427.jpg,dataset\ISIC2018_Task3_Training_Input\ISIC_0033787.jpg,ISIC_0027427,ISIC_0033787,0.0101515650749206,0.0349534153938293,0.48838066717160217,1.5422780513763428,42,100,5.0,0.3,32,0.0
experiments\sd_lora_ici_outputs\NV\NV_near_VASC_0011.png,NV,VASC,a dermoscopic image of melanocytic nevus,a dermoscopic image of melanocytic nevus,dataset\ISIC2018_Task3_Training_Input\ISIC_0026979.jpg,dataset\ISIC2018_Task3_Training_Input\ISIC_0029405.jpg,ISIC_0026979,ISIC_0029405,0.0202078223228454,0.0036295652389526,0.31882405648833106,1.5467840433120728,42,100,5.0,0.3,32,0.0
experiments\sd_lora_ici_outputs\NV\NV_near_VASC_0012.png,NV,VASC,a dermoscopic image of melanocytic nevus,a dermoscopic image of melanocytic nevus,dataset\ISIC2018_Task3_Training_Input\ISIC_0027427.jpg,dataset\ISIC2018_Task3_Training_Input\ISIC_0029194.jpg,ISIC_0027427,ISIC_0029194,0.0101515650749206,0.040215790271759,3.865979534371571,1.5533814430236816,42,100,5.0,0.3,32,0.0
experiments\sd_lora_ici_outputs\NV\NV_near_VASC_0013.png,NV,VASC,a dermoscopic image of melanocytic nevus,a dermoscopic image of melanocytic nevus,dataset\ISIC2018_Task3_Training_Input\ISIC_0028971.jpg,dataset\ISIC2018_Task3_Training_Input\ISIC_0033071.jpg,ISIC_0028971,ISIC_0033071,0.039461076259613,-0.0367680191993713,1.9807865657555848,1.56276535987854,42,100,5.0,0.3,32,0.0
experiments\sd_lora_ici_outputs\NV\NV_near_VASC_0014.png,NV,VASC,a dermoscopic image of melanocytic nevus,a dermoscopic image of melanocytic nevus,dataset\ISIC2018_Task3_Training_Input\ISIC_0033788.jpg,dataset\ISIC2018_Task3_Training_Input\ISIC_0030544.jpg,ISIC_0033788,ISIC_0030544,0.0373510122299194,0.0388733744621276,0.026584331810275266,1.5655004978179932,42,100,5.0,0.3,32,0.0
experiments\sd_lora_ici_outputs\NV\NV_near_VASC_0015.png,NV,VASC,a dermoscopic image of melanocytic nevus,a dermoscopic image of melanocytic nevus,dataset\ISIC2018_Task3_Training_Input\ISIC_0033721.jpg,dataset\ISIC2018_Task3_Training_Input\ISIC_0033179.jpg,ISIC_0033721,ISIC_0033179,-0.055191159248352,0.018520712852478,3.5010824325793264,1.5381674766540527,42,100,5.0,0.3,32,0.0
experiments\sd_lora_ici_outputs\NV\NV_near_VASC_0016.png,NV,VASC,a dermoscopic image of melanocytic nevus,a dermoscopic image of melanocytic nevus,dataset\ISIC2018_Task3_Training_Input\ISIC_0028971.jpg,dataset\ISIC2018_Task3_Training_Input\ISIC_0033343.jpg,ISIC_0028971,ISIC_0033343,0.039461076259613,0.0088363289833068,3.779445265901119,1.5926274061203003,42,100,5.0,0.3,32,0.0
experiments\sd_lora_ici_outputs\NV\NV_near_VASC_0017.png,NV,VASC,a dermoscopic image of melanocytic nevus,a dermoscopic image of melanocytic nevus,dataset\ISIC2018_Task3_Training_Input\ISIC_0031833.jpg,dataset\ISIC2018_Task3_Training_Input\ISIC_0025541.jpg,ISIC_0031833,ISIC_0025541,-0.0669063925743103,-0.0491050481796264,3.474118933247906,1.5336860418319702,42,100,5.0,0.3,32,0.0
experiments\sd_lora_ici_outputs\NV\NV_near_VASC_0018.png,NV,VASC,a dermoscopic image of melanocytic nevus,a dermoscopic image of melanocytic nevus,dataset\ISIC2018_Task3_Training_Input\ISIC_0033181.jpg,dataset\ISIC2018_Task3_Training_Input\ISIC_0029253.jpg,ISIC_0033181,ISIC_0029253,0.0121377110481262,-0.0139545202255249,1.4845686560274491,1.5710264444351196,42,100,5.0,0.3,32,0.0
experiments\sd_lora_ici_outputs\NV\NV_near_VASC_0019.png,NV,VASC,a dermoscopic image of melanocytic nevus,a dermoscopic image of melanocytic nevus,dataset\ISIC2018_Task3_Training_Input\ISIC_0027262.jpg,dataset\ISIC2018_Task3_Training_Input\ISIC_0029405.jpg,ISIC_0027262,ISIC_0029405,-0.0613330006599426,0.0036295652389526,1.277674597916471,1.5511170625686646,42,100,5.0,0.3,32,0.0
experiments\sd_lora_ici_outputs\NV\NV_near_VASC_0020.png,NV,VASC,a dermoscopic image of melanocytic nevus,a dermoscopic image of melanocytic nevus,dataset\ISIC2018_Task3_Training_Input\ISIC_0026869.jpg,dataset\ISIC2018_Task3_Training_Input\ISIC_0026815.jpg,ISIC_0026869,ISIC_0026815,0.0299605131149292,0.0405150651931762,3.6270769342595375,1.55581533908844,42,100,5.0,0.3,32,0.0
experiments\sd_lora_ici_outputs\NV\NV_near_VASC_0021.png,NV,VASC,a dermoscopic image of melanocytic nevus,a dermoscopic image of melanocytic nevus,dataset\ISIC2018_Task3_Training_Input\ISIC_0032785.jpg,dataset\ISIC2018_Task3_Training_Input\ISIC_0026869.jpg,ISIC_0032785,ISIC_0026869,0.031015396118164,0.0299605131149292,3.562514246783188,1.5537919998168945,42,100,5.0,0.3,32,0.0
experiments\sd_lora_ici_outputs\NV\NV_near_VASC_0022.png,NV,VASC,a dermoscopic image of melanocytic nevus,a dermoscopic image of melanocytic nevus,dataset\ISIC2018_Task3_Training_Input\ISIC_0024888.jpg,dataset\ISIC2018_Task3_Training_Input\ISIC_0026815.jpg,ISIC_0024888,ISIC_0026815,0.0119560956954956,0.0405150651931762,2.3379513512150885,1.54400634765625,42,100,5.0,0.3,32,0.0
experiments\sd_lora_ici_outputs\NV\NV_near_VASC_0023.png,NV,VASC,a dermoscopic image of melanocytic nevus,a dermoscopic image of melanocytic nevus,dataset\ISIC2018_Task3_Training_Input\ISIC_0031563.jpg,dataset\ISIC2018_Task3_Training_Input\ISIC_0028461.jpg,ISIC_0031563,ISIC_0028461,0.0010364651679992,-0.1338147521018982,1.0904080510656766,1.583075761795044,42,100,5.0,0.3,32,0.0
experiments\sd_lora_ici_outputs\NV\NV_near_VASC_0024.png,NV,VASC,a dermoscopic image of melanocytic nevus,a dermoscopic image of melanocytic nevus,dataset\ISIC2018_Task3_Training_Input\ISIC_0034266.jpg,dataset\ISIC2018_Task3_Training_Input\ISIC_0033137.jpg,ISIC_0034266,ISIC_0033137,0.0314054489135742,-0.0073175430297851,0.7306817677052025,1.57252836227417,42,100,5.0,0.3,32,0.0
experiments\sd_lora_ici_outputs\NV\NV_near_VASC_0025.png,NV,VASC,a dermoscopic image of melanocytic nevus,a dermoscopic image of melanocytic nevus,dataset\ISIC2018_Task3_Training_Input\ISIC_0031288.jpg,dataset\ISIC2018_Task3_Training_Input\ISIC_0033339.jpg,ISIC_0031288,ISIC_0033339,0.0125519037246704,0.0146036744117736,3.090241748345232,1.553924322128296,42,100,5.0,0.3,32,0.0
experiments\sd_lora_ici_outputs\NV\NV_near_VASC_0026.png,NV,VASC,a dermoscopic image of melanocytic nevus,a dermoscopic image of melanocytic nevus,dataset\ISIC2018_Task3_Training_Input\ISIC_0029253.jpg,dataset\ISIC2018_Task3_Training_Input\ISIC_0033343.jpg,ISIC_0029253,ISIC_0033343,-0.0139545202255249,0.0088363289833068,2.0623769770102793,1.5572067499160767,42,100,5.0,0.3,32,0.0
experiments\sd_lora_ici_outputs\NV\NV_near_VASC_0027.png,NV,VASC,a dermoscopic image of melanocytic nevus,a dermoscopic image of melanocytic nevus,dataset\ISIC2018_Task3_Training_Input\ISIC_0025152.jpg,dataset\ISIC2018_Task3_Training_Input\ISIC_0027427.jpg,ISIC_0025152,ISIC_0027427,0.0242785215377807,0.0101515650749206,1.5734587729055438,1.588824987411499,42,100,5.0,0.3,32,0.0
experiments\sd_lora_ici_outputs\NV\NV_near_VASC_0028.png,NV,VASC,a dermoscopic image of melanocytic nevus,a dermoscopic image of melanocytic nevus,dataset\ISIC2018_Task3_Training_Input\ISIC_0033181.jpg,dataset\ISIC2018_Task3_Training_Input\ISIC_0024874.jpg,ISIC_0033181,ISIC_0024874,0.0121377110481262,-0.0241888165473938,2.99092304467242,1.575919270515442,42,100,5.0,0.3,32,0.0
experiments\sd_lora_ici_outputs\NV\NV_near_VASC_0029.png,NV,VASC,a dermoscopic image of melanocytic nevus,a dermoscopic image of melanocytic nevus,dataset\ISIC2018_Task3_Training_Input\ISIC_0033787.jpg,dataset\ISIC2018_Task3_Training_Input\ISIC_0034004.jpg,ISIC_0033787,ISIC_0034004,0.0349534153938293,0.0273959636688232,0.5192213963450827,1.551925778388977,42,100,5.0,0.3,32,0.0
experiments\sd_lora_ici_outputs\NV\NV_near_VASC_0030.png,NV,VASC,a dermoscopic image of melanocytic nevus,a dermoscopic image of melanocytic nevus,dataset\ISIC2018_Task3_Training_Input\ISIC_0030027.jpg,dataset\ISIC2018_Task3_Training_Input\ISIC_0027427.jpg,ISIC_0030027,ISIC_0027427,0.0348739624023437,0.0101515650749206,2.110113202680971,1.565457820892334,42,100,5.0,0.3,32,0.0
experiments\sd_lora_ici_outputs\NV\NV_near_VASC_0031.png,NV,VASC,a dermoscopic image of melanocytic nevus,a dermoscopic image of melanocytic nevus,dataset\ISIC2018_Task3_Training_Input\ISIC_0033721.jpg,dataset\ISIC2018_Task3_Training_Input\ISIC_0026815.jpg,ISIC_0033721,ISIC_0026815,-0.055191159248352,0.0405150651931762,1.7076963147791686,1.5570054054260254,42,100,5.0,0.3,32,0.0
experiments\sd_lora_ici_outputs\NV\NV_near_VASC_0032.png,NV,VASC,a dermoscopic image of melanocytic nevus,a dermoscopic image of melanocytic nevus,dataset\ISIC2018_Task3_Training_Input\ISIC_0032785.jpg,dataset\ISIC2018_Task3_Training_Input\ISIC_0025117.jpg,ISIC_0032785,ISIC_0025117,0.031015396118164,-0.0067552328109741,3.802247586289018,1.552771806716919,42,100,5.0,0.3,32,0.0
experiments\sd_lora_ici_outputs\NV\NV_near_VASC_0033.png,NV,VASC,a dermoscopic image of melanocytic nevus,a dermoscopic image of melanocytic nevus,dataset\ISIC2018_Task3_Training_Input\ISIC_0032459.jpg,dataset\ISIC2018_Task3_Training_Input\ISIC_0031518.jpg,ISIC_0032459,ISIC_0031518,-0.009806752204895,0.038207471370697,0.1294775980028546,1.5801740884780884,42,100,5.0,0.3,32,0.0
experiments\sd_lora_ici_outputs\NV\NV_near_VASC_0034.png,NV,VASC,a dermoscopic image of melanocytic nevus,a dermoscopic image of melanocytic nevus,dataset\ISIC2018_Task3_Training_Input\ISIC_0027262.jpg,dataset\ISIC2018_Task3_Training_Input\ISIC_0033721.jpg,ISIC_0027262,ISIC_0033721,-0.0613330006599426,-0.055191159248352,1.4093928955846993,1.5482417345046997,42,100,5.0,0.3,32,0.0
experiments\sd_lora_ici_outputs\NV\NV_near_VASC_0035.png,NV,VASC,a dermoscopic image of melanocytic nevus,a dermoscopic image of melanocytic nevus,dataset\ISIC2018_Task3_Training_Input\ISIC_0033137.jpg,dataset\ISIC2018_Task3_Training_Input\ISIC_0029534.jpg,ISIC_0033137,ISIC_0029534,-0.0073175430297851,-0.03359055519104,3.4959776938522857,1.5463638305664062,42,100,5.0,0.3,32,0.0
experiments\sd_lora_ici_outputs\NV\NV_near_VASC_0036.png,NV,VASC,a dermoscopic image of melanocytic nevus,a dermoscopic image of melanocytic nevus,dataset\ISIC2018_Task3_Training_Input\ISIC_0027427.jpg,dataset\ISIC2018_Task3_Training_Input\ISIC_0031518.jpg,ISIC_0027427,ISIC_0031518,0.0101515650749206,0.038207471370697,3.11513535331989,1.5649876594543457,42,100,5.0,0.3,32,0.0
experiments\sd_lora_ici_outputs\NV\NV_near_VASC_0037.png,NV,VASC,a dermoscopic image of melanocytic nevus,a dermoscopic image of melanocytic nevus,dataset\ISIC2018_Task3_Training_Input\ISIC_0034266.jpg,dataset\ISIC2018_Task3_Training_Input\ISIC_0029534.jpg,ISIC_0034266,ISIC_0029534,0.0314054489135742,-0.03359055519104,1.8325732063383633,1.5675485134124756,42,100,5.0,0.3,32,0.0
experiments\sd_lora_ici_outputs\NV\NV_near_VASC_0038.png,NV,VASC,a dermoscopic image of melanocytic nevus,a dermoscopic image of melanocytic nevus,dataset\ISIC2018_Task3_Training_Input\ISIC_0028971.jpg,dataset\ISIC2018_Task3_Training_Input\ISIC_0027427.jpg,ISIC_0028971,ISIC_0027427,0.039461076259613,0.0101515650749206,0.4798520670696816,1.576101541519165,42,100,5.0,0.3,32,0.0
experiments\sd_lora_ici_outputs\NV\NV_near_VASC_0039.png,NV,VASC,a dermoscopic image of melanocytic nevus,a dermoscopic image of melanocytic nevus,dataset\ISIC2018_Task3_Training_Input\ISIC_0031563.jpg,dataset\ISIC2018_Task3_Training_Input\ISIC_0034267.jpg,ISIC_0031563,ISIC_0034267,0.0010364651679992,0.0096240043640136,2.074276625133142,1.569693684577942,42,100,5.0,0.3,32,0.0
experiments\sd_lora_ici_outputs\NV\NV_near_VASC_0040.png,NV,VASC,a dermoscopic image of melanocytic nevus,a dermoscopic image of melanocytic nevus,dataset\ISIC2018_Task3_Training_Input\ISIC_0025541.jpg,dataset\ISIC2018_Task3_Training_Input\ISIC_0033721.jpg,ISIC_0025541,ISIC_0033721,-0.0491050481796264,-0.055191159248352,1.260387907006869,1.5735595226287842,42,100,5.0,0.3,32,0.0
experiments\sd_lora_ici_outputs\NV\NV_near_VASC_0041.png,NV,VASC,a dermoscopic image of melanocytic nevus,a dermoscopic image of melanocytic nevus,dataset\ISIC2018_Task3_Training_Input\ISIC_0024916.jpg,dataset\ISIC2018_Task3_Training_Input\ISIC_0032075.jpg,ISIC_0024916,ISIC_0032075,-0.171036958694458,-0.0011953115463256,0.03418773004393616,1.5472116470336914,42,100,5.0,0.3,32,0.0
experiments\sd_lora_ici_outputs\NV\NV_near_VASC_0042.png,NV,VASC,a dermoscopic image of melanocytic nevus,a dermoscopic image of melanocytic nevus,dataset\ISIC2018_Task3_Training_Input\ISIC_0031288.jpg,dataset\ISIC2018_Task3_Training_Input\ISIC_0034267.jpg,ISIC_0031288,ISIC_0034267,0.0125519037246704,0.0096240043640136,2.7645559540350493,1.532077670097351,42,100,5.0,0.3,32,0.0
experiments\sd_lora_ici_outputs\NV\NV_near_VASC_0043.png,NV,VASC,a dermoscopic image of melanocytic nevus,a dermoscopic image of melanocytic nevus,dataset\ISIC2018_Task3_Training_Input\ISIC_0029194.jpg,dataset\ISIC2018_Task3_Training_Input\ISIC_0033137.jpg,ISIC_0029194,ISIC_0033137,0.040215790271759,-0.0073175430297851,1.4930917224046543,1.5966979265213013,42,100,5.0,0.3,32,0.0
experiments\sd_lora_ici_outputs\NV\NV_near_VASC_0044.png,NV,VASC,a dermoscopic image of melanocytic nevus,a dermoscopic image of melanocytic nevus,dataset\ISIC2018_Task3_Training_Input\ISIC_0025541.jpg,dataset\ISIC2018_Task3_Training_Input\ISIC_0033071.jpg,ISIC_0025541,ISIC_0033071,-0.0491050481796264,-0.0367680191993713,0.4062152318307144,1.558329701423645,42,100,5.0,0.3,32,0.0
experiments\sd_lora_ici_outputs\NV\NV_near_VASC_0045.png,NV,VASC,a dermoscopic image of melanocytic nevus,a dermoscopic image of melanocytic nevus,dataset\ISIC2018_Task3_Training_Input\ISIC_0033721.jpg,dataset\ISIC2018_Task3_Training_Input\ISIC_0024874.jpg,ISIC_0033721,ISIC_0024874,-0.055191159248352,-0.0241888165473938,1.4440517519190665,1.573360800743103,42,100,5.0,0.3,32,0.0
experiments\sd_lora_ici_outputs\NV\NV_near_VASC_0046.png,NV,VASC,a dermoscopic image of melanocytic nevus,a dermoscopic image of melanocytic nevus,dataset\ISIC2018_Task3_Training_Input\ISIC_0033181.jpg,dataset\ISIC2018_Task3_Training_Input\ISIC_0031288.jpg,ISIC_0033181,ISIC_0031288,0.0121377110481262,0.0125519037246704,3.450669975991187,1.5692932605743408,42,100,5.0,0.3,32,0.0
experiments\sd_lora_ici_outputs\NV\NV_near_VASC_0047.png,NV,VASC,a dermoscopic image of melanocytic nevus,a dermoscopic image of melanocytic nevus,dataset\ISIC2018_Task3_Training_Input\ISIC_0025152.jpg,dataset\ISIC2018_Task3_Training_Input\ISIC_0033179.jpg,ISIC_0025152,ISIC_0033179,0.0242785215377807,0.018520712852478,0.7670095903790813,1.5331144332885742,42,100,5.0,0.3,32,0.0
experiments\sd_lora_ici_outputs\NV\NV_near_VASC_0048.png,NV,VASC,a dermoscopic image of melanocytic nevus,a dermoscopic image of melanocytic nevus,dataset\ISIC2018_Task3_Training_Input\ISIC_0024378.jpg,dataset\ISIC2018_Task3_Training_Input\ISIC_0025541.jpg,ISIC_0024378,ISIC_0025541,0.0120234489440917,-0.0491050481796264,1.0591910957483686,1.5592362880706787,42,100,5.0,0.3,32,0.0
experiments\sd_lora_ici_outputs\NV\NV_near_VASC_0049.png,NV,VASC,a dermoscopic image of melanocytic nevus,a dermoscopic image of melanocytic nevus,dataset\ISIC2018_Task3_Training_Input\ISIC_0028461.jpg,dataset\ISIC2018_Task3_Training_Input\ISIC_0033721.jpg,ISIC_0028461,ISIC_0033721,-0.1338147521018982,-0.055191159248352,1.103625142854803,1.5338014364242554,42,100,5.0,0.3,32,0.0
experiments\sd_lora_ici_outputs\VASC\VASC_near_AKIEC_0000.png,VASC,AKIEC,a dermoscopic image of vascular lesion,a dermoscopic image of vascular lesion,dataset\ISIC2018_Task3_Training_Input\ISIC_0034214.jpg,dataset\ISIC2018_Task3_Training_Input\ISIC_0033762.jpg,ISIC_0034214,ISIC_0033762,0.0993239879608154,0.0608315467834472,3.9182073476222,1.5370808839797974,42,100,5.0,0.3,32,0.0
experiments\sd_lora_ici_outputs\VASC\VASC_near_AKIEC_0001.png,VASC,AKIEC,a dermoscopic image of vascular lesion,a dermoscopic image of vascular lesion,dataset\ISIC2018_Task3_Training_Input\ISIC_0034214.jpg,dataset\ISIC2018_Task3_Training_Input\ISIC_0033762.jpg,ISIC_0034214,ISIC_0033762,0.0993239879608154,0.0608315467834472,1.4024887433161077,1.5370808839797974,42,100,5.0,0.3,32,0.0
experiments\sd_lora_ici_outputs\VASC\VASC_near_AKIEC_0002.png,VASC,AKIEC,a dermoscopic image of vascular lesion,a dermoscopic image of vascular lesion,dataset\ISIC2018_Task3_Training_Input\ISIC_0033762.jpg,dataset\ISIC2018_Task3_Training_Input\ISIC_0034214.jpg,ISIC_0033762,ISIC_0034214,0.0608315467834472,0.0993239879608154,0.7517910784942666,1.5370808839797974,42,100,5.0,0.3,32,0.0
experiments\sd_lora_ici_outputs\VASC\VASC_near_AKIEC_0003.png,VASC,AKIEC,a dermoscopic image of vascular lesion,a dermoscopic image of vascular lesion,dataset\ISIC2018_Task3_Training_Input\ISIC_0034214.jpg,dataset\ISIC2018_Task3_Training_Input\ISIC_0033762.jpg,ISIC_0034214,ISIC_0033762,0.0993239879608154,0.0608315467834472,1.732967799576408,1.5370808839797974,42,100,5.0,0.3,32,0.0
experiments\sd_lora_ici_outputs\VASC\VASC_near_AKIEC_0004.png,VASC,AKIEC,a dermoscopic image of vascular lesion,a dermoscopic image of vascular lesion,dataset\ISIC2018_Task3_Training_Input\ISIC_0033762.jpg,dataset\ISIC2018_Task3_Training_Input\ISIC_0034214.jpg,ISIC_0033762,ISIC_0034214,0.0608315467834472,0.0993239879608154,1.7131425239502351,1.5370808839797974,42,100,5.0,0.3,32,0.0
experiments\sd_lora_ici_outputs\VASC\VASC_near_AKIEC_0005.png,VASC,AKIEC,a dermoscopic image of vascular lesion,a dermoscopic image of vascular lesion,dataset\ISIC2018_Task3_Training_Input\ISIC_0033762.jpg,dataset\ISIC2018_Task3_Training_Input\ISIC_0034214.jpg,ISIC_0033762,ISIC_0034214,0.0608315467834472,0.0993239879608154,3.0747798751912567,1.5370808839797974,42,100,5.0,0.3,32,0.0
experiments\sd_lora_ici_outputs\VASC\VASC_near_AKIEC_0006.png,VASC,AKIEC,a dermoscopic image of vascular lesion,a dermoscopic image of vascular lesion,dataset\ISIC2018_Task3_Training_Input\ISIC_0033762.jpg,dataset\ISIC2018_Task3_Training_Input\ISIC_0034214.jpg,ISIC_0033762,ISIC_0034214,0.0608315467834472,0.0993239879608154,1.4923434823434434,1.5370808839797974,42,100,5.0,0.3,32,0.0
experiments\sd_lora_ici_outputs\VASC\VASC_near_AKIEC_0007.png,VASC,AKIEC,a dermoscopic image of vascular lesion,a dermoscopic image of vascular lesion,dataset\ISIC2018_Task3_Training_Input\ISIC_0034214.jpg,dataset\ISIC2018_Task3_Training_Input\ISIC_0033762.jpg,ISIC_0034214,ISIC_0033762,0.0993239879608154,0.0608315467834472,1.6375179397008919,1.5370808839797974,42,100,5.0,0.3,32,0.0
experiments\sd_lora_ici_outputs\VASC\VASC_near_AKIEC_0008.png,VASC,AKIEC,a dermoscopic image of vascular lesion,a dermoscopic image of vascular lesion,dataset\ISIC2018_Task3_Training_Input\ISIC_0034214.jpg,dataset\ISIC2018_Task3_Training_Input\ISIC_0033762.jpg,ISIC_0034214,ISIC_0033762,0.0993239879608154,0.0608315467834472,1.8424624275079864,1.5370808839797974,42,100,5.0,0.3,32,0.0
experiments\sd_lora_ici_outputs\VASC\VASC_near_AKIEC_0009.png,VASC,AKIEC,a dermoscopic image of vascular lesion,a dermoscopic image of vascular lesion,dataset\ISIC2018_Task3_Training_Input\ISIC_0033762.jpg,dataset\ISIC2018_Task3_Training_Input\ISIC_0034214.jpg,ISIC_0033762,ISIC_0034214,0.0608315467834472,0.0993239879608154,2.3357737273705355,1.5370808839797974,42,100,5.0,0.3,32,0.0
experiments\sd_lora_ici_outputs\VASC\VASC_near_AKIEC_0010.png,VASC,AKIEC,a dermoscopic image of vascular lesion,a dermoscopic image of vascular lesion,dataset\ISIC2018_Task3_Training_Input\ISIC_0033762.jpg,dataset\ISIC2018_Task3_Training_Input\ISIC_0034214.jpg,ISIC_0033762,ISIC_0034214,0.0608315467834472,0.0993239879608154,4.003010085619131,1.5370808839797974,42,100,5.0,0.3,32,0.0
experiments\sd_lora_ici_outputs\VASC\VASC_near_AKIEC_0011.png,VASC,AKIEC,a dermoscopic image of vascular lesion,a dermoscopic image of vascular lesion,dataset\ISIC2018_Task3_Training_Input\ISIC_0034214.jpg,dataset\ISIC2018_Task3_Training_Input\ISIC_0033762.jpg,ISIC_0034214,ISIC_0033762,0.0993239879608154,0.0608315467834472,2.8042375725585122,1.5370808839797974,42,100,5.0,0.3,32,0.0
experiments\sd_lora_ici_outputs\VASC\VASC_near_AKIEC_0012.png,VASC,AKIEC,a dermoscopic image of vascular lesion,a dermoscopic image of vascular lesion,dataset\ISIC2018_Task3_Training_Input\ISIC_0034214.jpg,dataset\ISIC2018_Task3_Training_Input\ISIC_0033762.jpg,ISIC_0034214,ISIC_0033762,0.0993239879608154,0.0608315467834472,3.3281988420352184,1.5370808839797974,42,100,5.0,0.3,32,0.0
experiments\sd_lora_ici_outputs\VASC\VASC_near_AKIEC_0013.png,VASC,AKIEC,a dermoscopic image of vascular lesion,a dermoscopic image of vascular lesion,dataset\ISIC2018_Task3_Training_Input\ISIC_0033762.jpg,dataset\ISIC2018_Task3_Training_Input\ISIC_0034214.jpg,ISIC_0033762,ISIC_0034214,0.0608315467834472,0.0993239879608154,2.9465053862730652,1.5370808839797974,42,100,5.0,0.3,32,0.0
experiments\sd_lora_ici_outputs\VASC\VASC_near_AKIEC_0014.png,VASC,AKIEC,a dermoscopic image of vascular lesion,a dermoscopic image of vascular lesion,dataset\ISIC2018_Task3_Training_Input\ISIC_0034214.jpg,dataset\ISIC2018_Task3_Training_Input\ISIC_0033762.jpg,ISIC_0034214,ISIC_0033762,0.0993239879608154,0.0608315467834472,3.286900076194397,1.5370808839797974,42,100,5.0,0.3,32,0.0
experiments\sd_lora_ici_outputs\VASC\VASC_near_AKIEC_0015.png,VASC,AKIEC,a dermoscopic image of vascular lesion,a dermoscopic image of vascular lesion,dataset\ISIC2018_Task3_Training_Input\ISIC_0034214.jpg,dataset\ISIC2018_Task3_Training_Input\ISIC_0033762.jpg,ISIC_0034214,ISIC_0033762,0.0993239879608154,0.0608315467834472,2.2700851092544228,1.5370808839797974,42,100,5.0,0.3,32,0.0
experiments\sd_lora_ici_outputs\VASC\VASC_near_AKIEC_0016.png,VASC,AKIEC,a dermoscopic image of vascular lesion,a dermoscopic image of vascular lesion,dataset\ISIC2018_Task3_Training_Input\ISIC_0034214.jpg,dataset\ISIC2018_Task3_Training_Input\ISIC_0033762.jpg,ISIC_0034214,ISIC_0033762,0.0993239879608154,0.0608315467834472,3.5003665335818663,1.5370808839797974,42,100,5.0,0.3,32,0.0
experiments\sd_lora_ici_outputs\VASC\VASC_near_AKIEC_0017.png,VASC,AKIEC,a dermoscopic image of vascular lesion,a dermoscopic image of vascular lesion,dataset\ISIC2018_Task3_Training_Input\ISIC_0033762.jpg,dataset\ISIC2018_Task3_Training_Input\ISIC_0034214.jpg,ISIC_0033762,ISIC_0034214,0.0608315467834472,0.0993239879608154,0.8014552254103151,1.5370808839797974,42,100,5.0,0.3,32,0.0
experiments\sd_lora_ici_outputs\VASC\VASC_near_AKIEC_0018.png,VASC,AKIEC,a dermoscopic image of vascular lesion,a dermoscopic image of vascular lesion,dataset\ISIC2018_Task3_Training_Input\ISIC_0033762.jpg,dataset\ISIC2018_Task3_Training_Input\ISIC_0034214.jpg,ISIC_0033762,ISIC_0034214,0.0608315467834472,0.0993239879608154,3.2703442318258933,1.5370808839797974,42,100,5.0,0.3,32,0.0
experiments\sd_lora_ici_outputs\VASC\VASC_near_AKIEC_0019.png,VASC,AKIEC,a dermoscopic image of vascular lesion,a dermoscopic image of vascular lesion,dataset\ISIC2018_Task3_Training_Input\ISIC_0034214.jpg,dataset\ISIC2018_Task3_Training_Input\ISIC_0033762.jpg,ISIC_0034214,ISIC_0033762,0.0993239879608154,0.0608315467834472,3.0189669127805123,1.5370808839797974,42,100,5.0,0.3,32,0.0
experiments\sd_lora_ici_outputs\VASC\VASC_near_AKIEC_0020.png,VASC,AKIEC,a dermoscopic image of vascular lesion,a dermoscopic image of vascular lesion,dataset\ISIC2018_Task3_Training_Input\ISIC_0034214.jpg,dataset\ISIC2018_Task3_Training_Input\ISIC_0033762.jpg,ISIC_0034214,ISIC_0033762,0.0993239879608154,0.0608315467834472,1.9334474548327347,1.5370808839797974,42,100,5.0,0.3,32,0.0
experiments\sd_lora_ici_outputs\VASC\VASC_near_AKIEC_0021.png,VASC,AKIEC,a dermoscopic image of vascular lesion,a dermoscopic image of vascular lesion,dataset\ISIC2018_Task3_Training_Input\ISIC_0034214.jpg,dataset\ISIC2018_Task3_Training_Input\ISIC_0033762.jpg,ISIC_0034214,ISIC_0033762,0.0993239879608154,0.0608315467834472,0.039823942200712795,1.5370808839797974,42,100,5.0,0.3,32,0.0
experiments\sd_lora_ici_outputs\VASC\VASC_near_AKIEC_0022.png,VASC,AKIEC,a dermoscopic image of vascular lesion,a dermoscopic image of vascular lesion,dataset\ISIC2018_Task3_Training_Input\ISIC_0033762.jpg,dataset\ISIC2018_Task3_Training_Input\ISIC_0034214.jpg,ISIC_0033762,ISIC_0034214,0.0608315467834472,0.0993239879608154,1.7230664318330167,1.5370808839797974,42,100,5.0,0.3,32,0.0
experiments\sd_lora_ici_outputs\VASC\VASC_near_AKIEC_0023.png,VASC,AKIEC,a dermoscopic image of vascular lesion,a dermoscopic image of vascular lesion,dataset\ISIC2018_Task3_Training_Input\ISIC_0034214.jpg,dataset\ISIC2018_Task3_Training_Input\ISIC_0033762.jpg,ISIC_0034214,ISIC_0033762,0.0993239879608154,0.0608315467834472,0.5496851350512185,1.5370808839797974,42,100,5.0,0.3,32,0.0
experiments\sd_lora_ici_outputs\VASC\VASC_near_AKIEC_0024.png,VASC,AKIEC,a dermoscopic image of vascular lesion,a dermoscopic image of vascular lesion,dataset\ISIC2018_Task3_Training_Input\ISIC_0034214.jpg,dataset\ISIC2018_Task3_Training_Input\ISIC_0033762.jpg,ISIC_0034214,ISIC_0033762,0.0993239879608154,0.0608315467834472,3.6514561924814015,1.5370808839797974,42,100,5.0,0.3,32,0.0
experiments\sd_lora_ici_outputs\VASC\VASC_near_AKIEC_0025.png,VASC,AKIEC,a dermoscopic image of vascular lesion,a dermoscopic image of vascular lesion,dataset\ISIC2018_Task3_Training_Input\ISIC_0033762.jpg,dataset\ISIC2018_Task3_Training_Input\ISIC_0034214.jpg,ISIC_0033762,ISIC_0034214,0.0608315467834472,0.0993239879608154,2.5779406433282253,1.5370808839797974,42,100,5.0,0.3,32,0.0
experiments\sd_lora_ici_outputs\VASC\VASC_near_AKIEC_0026.png,VASC,AKIEC,a dermoscopic image of vascular lesion,a dermoscopic image of vascular lesion,dataset\ISIC2018_Task3_Training_Input\ISIC_0034214.jpg,dataset\ISIC2018_Task3_Training_Input\ISIC_0033762.jpg,ISIC_0034214,ISIC_0033762,0.0993239879608154,0.0608315467834472,2.18278139079411,1.5370808839797974,42,100,5.0,0.3,32,0.0
experiments\sd_lora_ici_outputs\VASC\VASC_near_AKIEC_0027.png,VASC,AKIEC,a dermoscopic image of vascular lesion,a dermoscopic image of vascular lesion,dataset\ISIC2018_Task3_Training_Input\ISIC_0034214.jpg,dataset\ISIC2018_Task3_Training_Input\ISIC_0033762.jpg,ISIC_0034214,ISIC_0033762,0.0993239879608154,0.0608315467834472,1.2906105471005418,1.5370808839797974,42,100,5.0,0.3,32,0.0
experiments\sd_lora_ici_outputs\VASC\VASC_near_AKIEC_0028.png,VASC,AKIEC,a dermoscopic image of vascular lesion,a dermoscopic image of vascular lesion,dataset\ISIC2018_Task3_Training_Input\ISIC_0034214.jpg,dataset\ISIC2018_Task3_Training_Input\ISIC_0033762.jpg,ISIC_0034214,ISIC_0033762,0.0993239879608154,0.0608315467834472,1.9891763059659577,1.5370808839797974,42,100,5.0,0.3,32,0.0
experiments\sd_lora_ici_outputs\VASC\VASC_near_AKIEC_0029.png,VASC,AKIEC,a dermoscopic image of vascular lesion,a dermoscopic image of vascular lesion,dataset\ISIC2018_Task3_Training_Input\ISIC_0034214.jpg,dataset\ISIC2018_Task3_Training_Input\ISIC_0033762.jpg,ISIC_0034214,ISIC_0033762,0.0993239879608154,0.0608315467834472,1.02591631718846,1.5370808839797974,42,100,5.0,0.3,32,0.0
experiments\sd_lora_ici_outputs\VASC\VASC_near_AKIEC_0030.png,VASC,AKIEC,a dermoscopic image of vascular lesion,a dermoscopic image of vascular lesion,dataset\ISIC2018_Task3_Training_Input\ISIC_0034214.jpg,dataset\ISIC2018_Task3_Training_Input\ISIC_0033762.jpg,ISIC_0034214,ISIC_0033762,0.0993239879608154,0.0608315467834472,3.5093319411684174,1.5370808839797974,42,100,5.0,0.3,32,0.0
experiments\sd_lora_ici_outputs\VASC\VASC_near_AKIEC_0031.png,VASC,AKIEC,a dermoscopic image of vascular lesion,a dermoscopic image of vascular lesion,dataset\ISIC2018_Task3_Training_Input\ISIC_0033762.jpg,dataset\ISIC2018_Task3_Training_Input\ISIC_0034214.jpg,ISIC_0033762,ISIC_0034214,0.0608315467834472,0.0993239879608154,0.19502317773297337,1.5370808839797974,42,100,5.0,0.3,32,0.0
experiments\sd_lora_ici_outputs\VASC\VASC_near_AKIEC_0032.png,VASC,AKIEC,a dermoscopic image of vascular lesion,a dermoscopic image of vascular lesion,dataset\ISIC2018_Task3_Training_Input\ISIC_0033762.jpg,dataset\ISIC2018_Task3_Training_Input\ISIC_0034214.jpg,ISIC_0033762,ISIC_0034214,0.0608315467834472,0.0993239879608154,0.40458313624792913,1.5370808839797974,42,100,5.0,0.3,32,0.0
experiments\sd_lora_ici_outputs\VASC\VASC_near_AKIEC_0033.png,VASC,AKIEC,a dermoscopic image of vascular lesion,a dermoscopic image of vascular lesion,dataset\ISIC2018_Task3_Training_Input\ISIC_0033762.jpg,dataset\ISIC2018_Task3_Training_Input\ISIC_0034214.jpg,ISIC_0033762,ISIC_0034214,0.0608315467834472,0.0993239879608154,0.6676989565053304,1.5370808839797974,42,100,5.0,0.3,32,0.0
experiments\sd_lora_ici_outputs\VASC\VASC_near_AKIEC_0034.png,VASC,AKIEC,a dermoscopic image of vascular lesion,a dermoscopic image of vascular lesion,dataset\ISIC2018_Task3_Training_Input\ISIC_0034214.jpg,dataset\ISIC2018_Task3_Training_Input\ISIC_0033762.jpg,ISIC_0034214,ISIC_0033762,0.0993239879608154,0.0608315467834472,0.880774163838973,1.5370808839797974,42,100,5.0,0.3,32,0.0
experiments\sd_lora_ici_outputs\VASC\VASC_near_AKIEC_0035.png,VASC,AKIEC,a dermoscopic image of vascular lesion,a dermoscopic image of vascular lesion,dataset\ISIC2018_Task3_Training_Input\ISIC_0034214.jpg,dataset\ISIC2018_Task3_Training_Input\ISIC_0033762.jpg,ISIC_0034214,ISIC_0033762,0.0993239879608154,0.0608315467834472,1.0394698257337207,1.5370808839797974,42,100,5.0,0.3,32,0.0
experiments\sd_lora_ici_outputs\VASC\VASC_near_AKIEC_0036.png,VASC,AKIEC,a dermoscopic image of vascular lesion,a dermoscopic image of vascular lesion,dataset\ISIC2018_Task3_Training_Input\ISIC_0033762.jpg,dataset\ISIC2018_Task3_Training_Input\ISIC_0034214.jpg,ISIC_0033762,ISIC_0034214,0.0608315467834472,0.0993239879608154,3.4294972825935144,1.5370808839797974,42,100,5.0,0.3,32,0.0
experiments\sd_lora_ici_outputs\VASC\VASC_near_AKIEC_0037.png,VASC,AKIEC,a dermoscopic image of vascular lesion,a dermoscopic image of vascular lesion,dataset\ISIC2018_Task3_Training_Input\ISIC_0033762.jpg,dataset\ISIC2018_Task3_Training_Input\ISIC_0034214.jpg,ISIC_0033762,ISIC_0034214,0.0608315467834472,0.0993239879608154,0.3936569679381029,1.5370808839797974,42,100,5.0,0.3,32,0.0
experiments\sd_lora_ici_outputs\VASC\VASC_near_AKIEC_0038.png,VASC,AKIEC,a dermoscopic image of vascular lesion,a dermoscopic image of vascular lesion,dataset\ISIC2018_Task3_Training_Input\ISIC_0033762.jpg,dataset\ISIC2018_Task3_Training_Input\ISIC_0034214.jpg,ISIC_0033762,ISIC_0034214,0.0608315467834472,0.0993239879608154,3.043702664833811,1.5370808839797974,42,100,5.0,0.3,32,0.0
experiments\sd_lora_ici_outputs\VASC\VASC_near_AKIEC_0039.png,VASC,AKIEC,a dermoscopic image of vascular lesion,a dermoscopic image of vascular lesion,dataset\ISIC2018_Task3_Training_Input\ISIC_0034214.jpg,dataset\ISIC2018_Task3_Training_Input\ISIC_0033762.jpg,ISIC_0034214,ISIC_0033762,0.0993239879608154,0.0608315467834472,1.061868342579791,1.5370808839797974,42,100,5.0,0.3,32,0.0
experiments\sd_lora_ici_outputs\VASC\VASC_near_AKIEC_0040.png,VASC,AKIEC,a dermoscopic image of vascular lesion,a dermoscopic image of vascular lesion,dataset\ISIC2018_Task3_Training_Input\ISIC_0034214.jpg,dataset\ISIC2018_Task3_Training_Input\ISIC_0033762.jpg,ISIC_0034214,ISIC_0033762,0.0993239879608154,0.0608315467834472,1.4728392198267923,1.5370808839797974,42,100,5.0,0.3,32,0.0
experiments\sd_lora_ici_outputs\VASC\VASC_near_AKIEC_0041.png,VASC,AKIEC,a dermoscopic image of vascular lesion,a dermoscopic image of vascular lesion,dataset\ISIC2018_Task3_Training_Input\ISIC_0034214.jpg,dataset\ISIC2018_Task3_Training_Input\ISIC_0033762.jpg,ISIC_0034214,ISIC_0033762,0.0993239879608154,0.0608315467834472,2.2788796375903453,1.5370808839797974,42,100,5.0,0.3,32,0.0
experiments\sd_lora_ici_outputs\VASC\VASC_near_AKIEC_0042.png,VASC,AKIEC,a dermoscopic image of vascular lesion,a dermoscopic image of vascular lesion,dataset\ISIC2018_Task3_Training_Input\ISIC_0033762.jpg,dataset\ISIC2018_Task3_Training_Input\ISIC_0034214.jpg,ISIC_0033762,ISIC_0034214,0.0608315467834472,0.0993239879608154,3.3111334206383916,1.5370808839797974,42,100,5.0,0.3,32,0.0
experiments\sd_lora_ici_outputs\VASC\VASC_near_AKIEC_0043.png,VASC,AKIEC,a dermoscopic image of vascular lesion,a dermoscopic image of vascular lesion,dataset\ISIC2018_Task3_Training_Input\ISIC_0033762.jpg,dataset\ISIC2018_Task3_Training_Input\ISIC_0034214.jpg,ISIC_0033762,ISIC_0034214,0.0608315467834472,0.0993239879608154,1.4067555918511203,1.5370808839797974,42,100,5.0,0.3,32,0.0
experiments\sd_lora_ici_outputs\VASC\VASC_near_AKIEC_0044.png,VASC,AKIEC,a dermoscopic image of vascular lesion,a dermoscopic image of vascular lesion,dataset\ISIC2018_Task3_Training_Input\ISIC_0033762.jpg,dataset\ISIC2018_Task3_Training_Input\ISIC_0034214.jpg,ISIC_0033762,ISIC_0034214,0.0608315467834472,0.0993239879608154,1.6831710641019009,1.5370808839797974,42,100,5.0,0.3,32,0.0
experiments\sd_lora_ici_outputs\VASC\VASC_near_AKIEC_0045.png,VASC,AKIEC,a dermoscopic image of vascular lesion,a dermoscopic image of vascular lesion,dataset\ISIC2018_Task3_Training_Input\ISIC_0033762.jpg,dataset\ISIC2018_Task3_Training_Input\ISIC_0034214.jpg,ISIC_0033762,ISIC_0034214,0.0608315467834472,0.0993239879608154,1.4351662493373023,1.5370808839797974,42,100,5.0,0.3,32,0.0
experiments\sd_lora_ici_outputs\VASC\VASC_near_AKIEC_0046.png,VASC,AKIEC,a dermoscopic image of vascular lesion,a dermoscopic image of vascular lesion,dataset\ISIC2018_Task3_Training_Input\ISIC_0034214.jpg,dataset\ISIC2018_Task3_Training_Input\ISIC_0033762.jpg,ISIC_0034214,ISIC_0033762,0.0993239879608154,0.0608315467834472,2.777969514374453,1.5370808839797974,42,100,5.0,0.3,32,0.0
experiments\sd_lora_ici_outputs\VASC\VASC_near_AKIEC_0047.png,VASC,AKIEC,a dermoscopic image of vascular lesion,a dermoscopic image of vascular lesion,dataset\ISIC2018_Task3_Training_Input\ISIC_0034214.jpg,dataset\ISIC2018_Task3_Training_Input\ISIC_0033762.jpg,ISIC_0034214,ISIC_0033762,0.0993239879608154,0.0608315467834472,2.4754366987221275,1.5370808839797974,42,100,5.0,0.3,32,0.0
experiments\sd_lora_ici_outputs\VASC\VASC_near_AKIEC_0048.png,VASC,AKIEC,a dermoscopic image of vascular lesion,a dermoscopic image of vascular lesion,dataset\ISIC2018_Task3_Training_Input\ISIC_0033762.jpg,dataset\ISIC2018_Task3_Training_Input\ISIC_0034214.jpg,ISIC_0033762,ISIC_0034214,0.0608315467834472,0.0993239879608154,2.3580275342367614,1.5370808839797974,42,100,5.0,0.3,32,0.0
experiments\sd_lora_ici_outputs\VASC\VASC_near_AKIEC_0049.png,VASC,AKIEC,a dermoscopic image of vascular lesion,a dermoscopic image of vascular lesion,dataset\ISIC2018_Task3_Training_Input\ISIC_0034214.jpg,dataset\ISIC2018_Task3_Training_Input\ISIC_0033762.jpg,ISIC_0034214,ISIC_0033762,0.0993239879608154,0.0608315467834472,2.6564804088710914,1.5370808839797974,42,100,5.0,0.3,32,0.0
experiments\sd_lora_ici_outputs\VASC\VASC_near_BCC_0000.png,VASC,BCC,a dermoscopic image of vascular lesion,a dermoscopic image of vascular lesion,dataset\ISIC2018_Task3_Training_Input\ISIC_0033991.jpg,dataset\ISIC2018_Task3_Training_Input\ISIC_0032240.jpg,ISIC_0033991,ISIC_0032240,0.3789016604423523,0.381069004535675,2.228263724984529,1.5182706117630005,42,100,5.0,0.3,32,0.0
experiments\sd_lora_ici_outputs\VASC\VASC_near_BCC_0001.png,VASC,BCC,a dermoscopic image of vascular lesion,a dermoscopic image of vascular lesion,dataset\ISIC2018_Task3_Training_Input\ISIC_0026693.jpg,dataset\ISIC2018_Task3_Training_Input\ISIC_0032932.jpg,ISIC_0026693,ISIC_0032932,0.4030442833900451,0.4389875531196594,3.9101545006303846,1.5737441778182983,42,100,5.0,0.3,32,0.0
experiments\sd_lora_ici_outputs\VASC\VASC_near_BCC_0002.png,VASC,BCC,a dermoscopic image of vascular lesion,a dermoscopic image of vascular lesion,dataset\ISIC2018_Task3_Training_Input\ISIC_0032919.jpg,dataset\ISIC2018_Task3_Training_Input\ISIC_0028163.jpg,ISIC_0032919,ISIC_0028163,0.4103317260742187,0.2055259943008422,1.1556567023861324,1.5473880767822266,42,100,5.0,0.3,32,0.0
experiments\sd_lora_ici_outputs\VASC\VASC_near_BCC_0003.png,VASC,BCC,a dermoscopic image of vascular lesion,a dermoscopic image of vascular lesion,dataset\ISIC2018_Task3_Training_Input\ISIC_0033591.jpg,dataset\ISIC2018_Task3_Training_Input\ISIC_0027983.jpg,ISIC_0033591,ISIC_0027983,0.3304393887519836,0.2901268601417541,1.2882529865501042,1.5855600833892822,42,100,5.0,0.3,32,0.0
experiments\sd_lora_ici_outputs\VASC\VASC_near_BCC_0004.png,VASC,BCC,a dermoscopic image of vascular lesion,a dermoscopic image of vascular lesion,dataset\ISIC2018_Task3_Training_Input\ISIC_0025707.jpg,dataset\ISIC2018_Task3_Training_Input\ISIC_0031093.jpg,ISIC_0025707,ISIC_0031093,0.3179337978363037,0.3330053091049194,2.0516532887517216,1.5632356405258179,42,100,5.0,0.3,32,0.0
experiments\sd_lora_ici_outputs\VASC\VASC_near_BCC_0005.png,VASC,BCC,a dermoscopic image of vascular lesion,a dermoscopic image of vascular lesion,dataset\ISIC2018_Task3_Training_Input\ISIC_0032932.jpg,dataset\ISIC2018_Task3_Training_Input\ISIC_0033991.jpg,ISIC_0032932,ISIC_0033991,0.4389875531196594,0.3789016604423523,3.172373332451848,1.5344544649124146,42,100,5.0,0.3,32,0.0
experiments\sd_lora_ici_outputs\VASC\VASC_near_BCC_0006.png,VASC,BCC,a dermoscopic image of vascular lesion,a dermoscopic image of vascular lesion,dataset\ISIC2018_Task3_Training_Input\ISIC_0027903.jpg,dataset\ISIC2018_Task3_Training_Input\ISIC_0027937.jpg,ISIC_0027903,ISIC_0027937,0.1512761116027832,0.2886891961097717,1.8208823570144204,1.5421890020370483,42,100,5.0,0.3,32,0.0
experiments\sd_lora_ici_outputs\VASC\VASC_near_BCC_0007.png,VASC,BCC,a dermoscopic image of vascular lesion,a dermoscopic image of vascular lesion,dataset\ISIC2018_Task3_Training_Input\ISIC_0032745.jpg,dataset\ISIC2018_Task3_Training_Input\ISIC_0029889.jpg,ISIC_0032745,ISIC_0029889,-0.0307228565216064,0.3472760319709778,0.32600129741686884,1.511187195777893,42,100,5.0,0.3,32,0.0
experiments\sd_lora_ici_outputs\VASC\VASC_near_BCC_0008.png,VASC,BCC,a dermoscopic image of vascular lesion,a dermoscopic image of vascular lesion,dataset\ISIC2018_Task3_Training_Input\ISIC_0027856.jpg,dataset\ISIC2018_Task3_Training_Input\ISIC_0032890.jpg,ISIC_0027856,ISIC_0032890,0.1228190064430236,0.2558627724647522,2.5384067962528896,1.5189697742462158,42,100,5.0,0.3,32,0.0
experiments\sd_lora_ici_outputs\VASC\VASC_near_BCC_0009.png,VASC,BCC,a dermoscopic image of vascular lesion,a dermoscopic image of vascular lesion,dataset\ISIC2018_Task3_Training_Input\ISIC_0032715.jpg,dataset\ISIC2018_Task3_Training_Input\ISIC_0033844.jpg,ISIC_0032715,ISIC_0033844,0.3259627223014831,0.0681471824645996,1.8792113556070709,1.550565481185913,42,100,5.0,0.3,32,0.0
experiments\sd_lora_ici_outputs\VASC\VASC_near_BCC_0010.png,VASC,BCC,a dermoscopic image of vascular lesion,a dermoscopic image of vascular lesion,dataset\ISIC2018_Task3_Training_Input\ISIC_0034196.jpg,dataset\ISIC2018_Task3_Training_Input\ISIC_0027903.jpg,ISIC_0034196,ISIC_0027903,0.1310749650001526,0.1512761116027832,3.824236046801852,1.5716760158538818,42,100,5.0,0.3,32,0.0
experiments\sd_lora_ici_outputs\VASC\VASC_near_BCC_0011.png,VASC,BCC,a dermoscopic image of vascular lesion,a dermoscopic image of vascular lesion,dataset\ISIC2018_Task3_Training_Input\ISIC_0027937.jpg,dataset\ISIC2018_Task3_Training_Input\ISIC_0029514.jpg,ISIC_0027937,ISIC_0029514,0.2886891961097717,0.283771812915802,3.4983013937616585,1.559449315071106,42,100,5.0,0.3,32,0.0
experiments\sd_lora_ici_outputs\VASC\VASC_near_BCC_0012.png,VASC,BCC,a dermoscopic image of vascular lesion,a dermoscopic image of vascular lesion,dataset\ISIC2018_Task3_Training_Input\ISIC_0025807.jpg,dataset\ISIC2018_Task3_Training_Input\ISIC_0031093.jpg,ISIC_0025807,ISIC_0031093,0.2879814505577087,0.3330053091049194,2.564799983731834,1.5692790746688843,42,100,5.0,0.3,32,0.0
experiments\sd_lora_ici_outputs\VASC\VASC_near_BCC_0013.png,VASC,BCC,a dermoscopic image of vascular lesion,a dermoscopic image of vascular lesion,dataset\ISIC2018_Task3_Training_Input\ISIC_0029404.jpg,dataset\ISIC2018_Task3_Training_Input\ISIC_0032240.jpg,ISIC_0029404,ISIC_0032240,0.1988090872764587,0.381069004535675,3.75796683459084,1.55253005027771,42,100,5.0,0.3,32,0.0
experiments\sd_lora_ici_outputs\VASC\VASC_near_BCC_0014.png,VASC,BCC,a dermoscopic image of vascular lesion,a dermoscopic image of vascular lesion,dataset\ISIC2018_Task3_Training_Input\ISIC_0029889.jpg,dataset\ISIC2018_Task3_Training_Input\ISIC_0027937.jpg,ISIC_0029889,ISIC_0027937,0.3472760319709778,0.2886891961097717,1.6839161664493687,1.5739210844039917,42,100,5.0,0.3,32,0.0
experiments\sd_lora_ici_outputs\VASC\VASC_near_BCC_0015.png,VASC,BCC,a dermoscopic image of vascular lesion,a dermoscopic image of vascular lesion,dataset\ISIC2018_Task3_Training_Input\ISIC_0029889.jpg,dataset\ISIC2018_Task3_Training_Input\ISIC_0027856.jpg,ISIC_0029889,ISIC_0027856,0.3472760319709778,0.1228190064430236,2.416502301469624,1.5920771360397339,42,100,5.0,0.3,32,0.0
experiments\sd_lora_ici_outputs\VASC\VASC_near_BCC_0016.png,VASC,BCC,a dermoscopic image of vascular lesion,a dermoscopic image of vascular lesion,dataset\ISIC2018_Task3_Training_Input\ISIC_0033591.jpg,dataset\ISIC2018_Task3_Training_Input\ISIC_0032538.jpg,ISIC_0033591,ISIC_0032538,0.3304393887519836,0.2870116233825683,1.6371539802432922,1.5534653663635254,42,100,5.0,0.3,32,0.0
experiments\sd_lora_ici_outputs\VASC\VASC_near_BCC_0017.png,VASC,BCC,a dermoscopic image of vascular lesion,a dermoscopic image of vascular lesion,dataset\ISIC2018_Task3_Training_Input\ISIC_0032557.jpg,dataset\ISIC2018_Task3_Training_Input\ISIC_0029514.jpg,ISIC_0032557,ISIC_0029514,0.0050070881843566,0.283771812915802,3.610741222837995,1.5784316062927246,42,100,5.0,0.3,32,0.0
experiments\sd_lora_ici_outputs\VASC\VASC_near_BCC_0018.png,VASC,BCC,a dermoscopic image of vascular lesion,a dermoscopic image of vascular lesion,dataset\ISIC2018_Task3_Training_Input\ISIC_0033458.jpg,dataset\ISIC2018_Task3_Training_Input\ISIC_0034196.jpg,ISIC_0033458,ISIC_0034196,-0.0254096388816833,0.1310749650001526,0.31580914645028957,1.573972463607788,42,100,5.0,0.3,32,0.0
experiments\sd_lora_ici_outputs\VASC\VASC_near_BCC_0019.png,VASC,BCC,a dermoscopic image of vascular lesion,a dermoscopic image of vascular lesion,dataset\ISIC2018_Task3_Training_Input\ISIC_0032745.jpg,dataset\ISIC2018_Task3_Training_Input\ISIC_0025807.jpg,ISIC_0032745,ISIC_0025807,-0.0307228565216064,0.2879814505577087,1.4105229929615133,1.5306823253631592,42,100,5.0,0.3,32,0.0
experiments\sd_lora_ici_outputs\VASC\VASC_near_BCC_0020.png,VASC,BCC,a dermoscopic image of vascular lesion,a dermoscopic image of vascular lesion,dataset\ISIC2018_Task3_Training_Input\ISIC_0027856.jpg,dataset\ISIC2018_Task3_Training_Input\ISIC_0025250.jpg,ISIC_0027856,ISIC_0025250,0.1228190064430236,0.155741274356842,1.2415746554546838,1.5864256620407104,42,100,5.0,0.3,32,0.0
experiments\sd_lora_ici_outputs\VASC\VASC_near_BCC_0021.png,VASC,BCC,a dermoscopic image of vascular lesion,a dermoscopic image of vascular lesion,dataset\ISIC2018_Task3_Training_Input\ISIC_0030882.jpg,dataset\ISIC2018_Task3_Training_Input\ISIC_0032240.jpg,ISIC_0030882,ISIC_0032240,0.2243022918701172,0.381069004535675,2.6342038027769923,1.5575872659683228,42,100,5.0,0.3,32,0.0
experiments\sd_lora_ici_outputs\VASC\VASC_near_BCC_0022.png,VASC,BCC,a dermoscopic image of vascular lesion,a dermoscopic image of vascular lesion,dataset\ISIC2018_Task3_Training_Input\ISIC_0033749.jpg,dataset\ISIC2018_Task3_Training_Input\ISIC_0026693.jpg,ISIC_0033749,ISIC_0026693,0.1645444631576538,0.4030442833900451,2.8985917549876756,1.539984107017517,42,100,5.0,0.3,32,0.0
experiments\sd_lora_ici_outputs\VASC\VASC_near_BCC_0023.png,VASC,BCC,a dermoscopic image of vascular lesion,a dermoscopic image of vascular lesion,dataset\ISIC2018_Task3_Training_Input\ISIC_0025250.jpg,dataset\ISIC2018_Task3_Training_Input\ISIC_0025807.jpg,ISIC_0025250,ISIC_0025807,0.155741274356842,0.2879814505577087,2.4084140654289814,1.5793571472167969,42,100,5.0,0.3,32,0.0
experiments\sd_lora_ici_outputs\VASC\VASC_near_BCC_0024.png,VASC,BCC,a dermoscopic image of vascular lesion,a dermoscopic image of vascular lesion,dataset\ISIC2018_Task3_Training_Input\ISIC_0026693.jpg,dataset\ISIC2018_Task3_Training_Input\ISIC_0032076.jpg,ISIC_0026693,ISIC_0032076,0.4030442833900451,0.3261507749557495,1.620795872129123,1.5330240726470947,42,100,5.0,0.3,32,0.0
experiments\sd_lora_ici_outputs\VASC\VASC_near_BCC_0025.png,VASC,BCC,a dermoscopic image of vascular lesion,a dermoscopic image of vascular lesion,dataset\ISIC2018_Task3_Training_Input\ISIC_0031093.jpg,dataset\ISIC2018_Task3_Training_Input\ISIC_0028163.jpg,ISIC_0031093,ISIC_0028163,0.3330053091049194,0.2055259943008422,3.528849197134298,1.5805526971817017,42,100,5.0,0.3,32,0.0
experiments\sd_lora_ici_outputs\VASC\VASC_near_BCC_0026.png,VASC,BCC,a dermoscopic image of vascular lesion,a dermoscopic image of vascular lesion,dataset\ISIC2018_Task3_Training_Input\ISIC_0025707.jpg,dataset\ISIC2018_Task3_Training_Input\ISIC_0033349.jpg,ISIC_0025707,ISIC_0033349,0.3179337978363037,0.5271227359771729,3.138146425095125,1.563663363456726,42,100,5.0,0.3,32,0.0
experiments\sd_lora_ici_outputs\VASC\VASC_near_BCC_0027.png,VASC,BCC,a dermoscopic image of vascular lesion,a dermoscopic image of vascular lesion,dataset\ISIC2018_Task3_Training_Input\ISIC_0033749.jpg,dataset\ISIC2018_Task3_Training_Input\ISIC_0033349.jpg,ISIC_0033749,ISIC_0033349,0.1645444631576538,0.5271227359771729,3.801311892363313,1.5516918897628784,42,100,5.0,0.3,32,0.0
experiments\sd_lora_ici_outputs\VASC\VASC_near_BCC_0028.png,VASC,BCC,a dermoscopic image of vascular lesion,a dermoscopic image of vascular lesion,dataset\ISIC2018_Task3_Training_Input\ISIC_0032076.jpg,dataset\ISIC2018_Task3_Training_Input\ISIC_0025707.jpg,ISIC_0032076,ISIC_0025707,0.3261507749557495,0.3179337978363037,3.021326515540148,1.555332064628601,42,100,5.0,0.3,32,0.0
experiments\sd_lora_ici_outputs\VASC\VASC_near_BCC_0029.png,VASC,BCC,a dermoscopic image of vascular lesion,a dermoscopic image of vascular lesion,dataset\ISIC2018_Task3_Training_Input\ISIC_0032745.jpg,dataset\ISIC2018_Task3_Training_Input\ISIC_0032614.jpg,ISIC_0032745,ISIC_0032614,-0.0307228565216064,0.5033806562423706,2.0596571467754328,1.589165210723877,42,100,5.0,0.3,32,0.0
experiments\sd_lora_ici_outputs\VASC\VASC_near_BCC_0030.png,VASC,BCC,a dermoscopic image of vascular lesion,a dermoscopic image of vascular lesion,dataset\ISIC2018_Task3_Training_Input\ISIC_0026092.jpg,dataset\ISIC2018_Task3_Training_Input\ISIC_0033591.jpg,ISIC_0026092,ISIC_0033591,0.1814036965370178,0.3304393887519836,1.8060761652832014,1.5665159225463867,42,100,5.0,0.3,32,0.0
experiments\sd_lora_ici_outputs\VASC\VASC_near_BCC_0031.png,VASC,BCC,a dermoscopic image of vascular lesion,a dermoscopic image of vascular lesion,dataset\ISIC2018_Task3_Training_Input\ISIC_0032932.jpg,dataset\ISIC2018_Task3_Training_Input\ISIC_0032076.jpg,ISIC_0032932,ISIC_0032076,0.4389875531196594,0.3261507749557495,0.6724240797732343,1.5634340047836304,42,100,5.0,0.3,32,0.0
experiments\sd_lora_ici_outputs\VASC\VASC_near_BCC_0032.png,VASC,BCC,a dermoscopic image of vascular lesion,a dermoscopic image of vascular lesion,dataset\ISIC2018_Task3_Training_Input\ISIC_0026456.jpg,dataset\ISIC2018_Task3_Training_Input\ISIC_0026713.jpg,ISIC_0026456,ISIC_0026713,0.3174569010734558,-0.1051198840141296,3.38603967640561,1.5850881338119507,42,100,5.0,0.3,32,0.0
experiments\sd_lora_ici_outputs\VASC\VASC_near_BCC_0033.png,VASC,BCC,a dermoscopic image of vascular lesion,a dermoscopic image of vascular lesion,dataset\ISIC2018_Task3_Training_Input\ISIC_0029404.jpg,dataset\ISIC2018_Task3_Training_Input\ISIC_0024904.jpg,ISIC_0029404,ISIC_0024904,0.1988090872764587,0.2313888669013977,0.48780534173150475,1.6105787754058838,42,100,5.0,0.3,32,0.0
experiments\sd_lora_ici_outputs\VASC\VASC_near_BCC_0034.png,VASC,BCC,a dermoscopic image of vascular lesion,a dermoscopic image of vascular lesion,dataset\ISIC2018_Task3_Training_Input\ISIC_0032557.jpg,dataset\ISIC2018_Task3_Training_Input\ISIC_0032919.jpg,ISIC_0032557,ISIC_0032919,0.0050070881843566,0.4103317260742187,0.951964911327592,1.5485929250717163,42,100,5.0,0.3,32,0.0
experiments\sd_lora_ici_outputs\VASC\VASC_near_BCC_0035.png,VASC,BCC,a dermoscopic image of vascular lesion,a dermoscopic image of vascular lesion,dataset\ISIC2018_Task3_Training_Input\ISIC_0027856.jpg,dataset\ISIC2018_Task3_Training_Input\ISIC_0031270.jpg,ISIC_0027856,ISIC_0031270,0.1228190064430236,0.3892338871955871,1.011788395006101,1.5627228021621704,42,100,5.0,0.3,32,0.0
experiments\sd_lora_ici_outputs\VASC\VASC_near_BCC_0036.png,VASC,BCC,a dermoscopic image of vascular lesion,a dermoscopic image of vascular lesion,dataset\ISIC2018_Task3_Training_Input\ISIC_0033749.jpg,dataset\ISIC2018_Task3_Training_Input\ISIC_0027983.jpg,ISIC_0033749,ISIC_0027983,0.1645444631576538,0.2901268601417541,2.9741946349371586,1.571486473083496,42,100,5.0,0.3,32,0.0
experiments\sd_lora_ici_outputs\VASC\VASC_near_BCC_0037.png,VASC,BCC,a dermoscopic image of vascular lesion,a dermoscopic image of vascular lesion,dataset\ISIC2018_Task3_Training_Input\ISIC_0032538.jpg,dataset\ISIC2018_Task3_Training_Input\ISIC_0026092.jpg,ISIC_0032538,ISIC_0026092,0.2870116233825683,0.1814036965370178,3.0069959772774815,1.5665979385375977,42,100,5.0,0.3,32,0.0
experiments\sd_lora_ici_outputs\VASC\VASC_near_BCC_0038.png,VASC,BCC,a dermoscopic image of vascular lesion,a dermoscopic image of vascular lesion,dataset\ISIC2018_Task3_Training_Input\ISIC_0031093.jpg,dataset\ISIC2018_Task3_Training_Input\ISIC_0034196.jpg,ISIC_0031093,ISIC_0034196,0.3330053091049194,0.1310749650001526,0.8455385282950084,1.5647538900375366,42,100,5.0,0.3,32,0.0
experiments\sd_lora_ici_outputs\VASC\VASC_near_BCC_0039.png,VASC,BCC,a dermoscopic image of vascular lesion,a dermoscopic image of vascular lesion,dataset\ISIC2018_Task3_Training_Input\ISIC_0033817.jpg,dataset\ISIC2018_Task3_Training_Input\ISIC_0032839.jpg,ISIC_0033817,ISIC_0032839,0.2256422042846679,0.3749332427978515,1.6229519615198773,1.5371440649032593,42,100,5.0,0.3,32,0.0
experiments\sd_lora_ici_outputs\VASC\VASC_near_BCC_0040.png,VASC,BCC,a dermoscopic image of vascular lesion,a dermoscopic image of vascular lesion,dataset\ISIC2018_Task3_Training_Input\ISIC_0032240.jpg,dataset\ISIC2018_Task3_Training_Input\ISIC_0033349.jpg,ISIC_0032240,ISIC_0033349,0.381069004535675,0.5271227359771729,0.3868698537371775,1.5518958568572998,42,100,5.0,0.3,32,0.0
experiments\sd_lora_ici_outputs\VASC\VASC_near_BCC_0041.png,VASC,BCC,a dermoscopic image of vascular lesion,a dermoscopic image of vascular lesion,dataset\ISIC2018_Task3_Training_Input\ISIC_0032538.jpg,dataset\ISIC2018_Task3_Training_Input\ISIC_0030722.jpg,ISIC_0032538,ISIC_0030722,0.2870116233825683,0.473259687423706,3.7255666548842465,1.5799068212509155,42,100,5.0,0.3,32,0.0
experiments\sd_lora_ici_outputs\VASC\VASC_near_BCC_0042.png,VASC,BCC,a dermoscopic image of vascular lesion,a dermoscopic image of vascular lesion,dataset\ISIC2018_Task3_Training_Input\ISIC_0026456.jpg,dataset\ISIC2018_Task3_Training_Input\ISIC_0032614.jpg,ISIC_0026456,ISIC_0032614,0.3174569010734558,0.5033806562423706,1.8851970778064921,1.577083945274353,42,100,5.0,0.3,32,0.0
experiments\sd_lora_ici_outputs\VASC\VASC_near_BCC_0043.png,VASC,BCC,a dermoscopic image of vascular lesion,a dermoscopic image of vascular lesion,dataset\ISIC2018_Task3_Training_Input\ISIC_0025707.jpg,dataset\ISIC2018_Task3_Training_Input\ISIC_0032932.jpg,ISIC_0025707,ISIC_0032932,0.3179337978363037,0.4389875531196594,0.21877377406648685,1.5458672046661377,42,100,5.0,0.3,32,0.0
experiments\sd_lora_ici_outputs\VASC\VASC_near_BCC_0044.png,VASC,BCC,a dermoscopic image of vascular lesion,a dermoscopic image of vascular lesion,dataset\ISIC2018_Task3_Training_Input\ISIC_0034196.jpg,dataset\ISIC2018_Task3_Training_Input\ISIC_0027937.jpg,ISIC_0034196,ISIC_0027937,0.1310749650001526,0.2886891961097717,3.066811501405002,1.579464316368103,42,100,5.0,0.3,32,0.0
experiments\sd_lora_ici_outputs\VASC\VASC_near_BCC_0045.png,VASC,BCC,a dermoscopic image of vascular lesion,a dermoscopic image of vascular lesion,dataset\ISIC2018_Task3_Training_Input\ISIC_0027937.jpg,dataset\ISIC2018_Task3_Training_Input\ISIC_0031093.jpg,ISIC_0027937,ISIC_0031093,0.2886891961097717,0.3330053091049194,2.123746543360805,1.5502231121063232,42,100,5.0,0.3,32,0.0
experiments\sd_lora_ici_outputs\VASC\VASC_near_BCC_0046.png,VASC,BCC,a dermoscopic image of vascular lesion,a dermoscopic image of vascular lesion,dataset\ISIC2018_Task3_Training_Input\ISIC_0032614.jpg,dataset\ISIC2018_Task3_Training_Input\ISIC_0033749.jpg,ISIC_0032614,ISIC_0033749,0.5033806562423706,0.1645444631576538,3.917695272861694,1.5974031686782837,42,100,5.0,0.3,32,0.0
experiments\sd_lora_ici_outputs\VASC\VASC_near_BCC_0047.png,VASC,BCC,a dermoscopic image of vascular lesion,a dermoscopic image of vascular lesion,dataset\ISIC2018_Task3_Training_Input\ISIC_0029514.jpg,dataset\ISIC2018_Task3_Training_Input\ISIC_0032614.jpg,ISIC_0029514,ISIC_0032614,0.283771812915802,0.5033806562423706,0.4188195988974023,1.5591472387313843,42,100,5.0,0.3,32,0.0
experiments\sd_lora_ici_outputs\VASC\VASC_near_BCC_0048.png,VASC,BCC,a dermoscopic image of vascular lesion,a dermoscopic image of vascular lesion,dataset\ISIC2018_Task3_Training_Input\ISIC_0032932.jpg,dataset\ISIC2018_Task3_Training_Input\ISIC_0033844.jpg,ISIC_0032932,ISIC_0033844,0.4389875531196594,0.0681471824645996,2.466772039439011,1.574385643005371,42,100,5.0,0.3,32,0.0
experiments\sd_lora_ici_outputs\VASC\VASC_near_BCC_0049.png,VASC,BCC,a dermoscopic image of vascular lesion,a dermoscopic image of vascular lesion,dataset\ISIC2018_Task3_Training_Input\ISIC_0025321.jpg,dataset\ISIC2018_Task3_Training_Input\ISIC_0032538.jpg,ISIC_0025321,ISIC_0032538,0.1391630172729492,0.2870116233825683,0.33873991140505955,1.5638644695281982,42,100,5.0,0.3,32,0.0
experiments\sd_lora_ici_outputs\VASC\VASC_near_DF_0000.png,VASC,DF,a dermoscopic image of vascular lesion,a dermoscopic image of vascular lesion,dataset\ISIC2018_Task3_Training_Input\ISIC_0029099.jpg,dataset\ISIC2018_Task3_Training_Input\ISIC_0028885.jpg,ISIC_0029099,ISIC_0028885,0.1298447847366333,0.2843918204307556,3.738281640196285,1.5657862424850464,42,100,5.0,0.3,32,0.0
experiments\sd_lora_ici_outputs\VASC\VASC_near_DF_0001.png,VASC,DF,a dermoscopic image of vascular lesion,a dermoscopic image of vascular lesion,dataset\ISIC2018_Task3_Training_Input\ISIC_0030283.jpg,dataset\ISIC2018_Task3_Training_Input\ISIC_0029099.jpg,ISIC_0030283,ISIC_0029099,0.3413410782814026,0.1298447847366333,1.543244242954775,1.587225079536438,42,100,5.0,0.3,32,0.0
experiments\sd_lora_ici_outputs\VASC\VASC_near_DF_0002.png,VASC,DF,a dermoscopic image of vascular lesion,a dermoscopic image of vascular lesion,dataset\ISIC2018_Task3_Training_Input\ISIC_0031950.jpg,dataset\ISIC2018_Task3_Training_Input\ISIC_0027522.jpg,ISIC_0031950,ISIC_0027522,0.2221400737762451,0.3841422200202942,0.9173997766587505,1.5708374977111816,42,100,5.0,0.3,32,0.0
experiments\sd_lora_ici_outputs\VASC\VASC_near_DF_0003.png,VASC,DF,a dermoscopic image of vascular lesion,a dermoscopic image of vascular lesion,dataset\ISIC2018_Task3_Training_Input\ISIC_0027563.jpg,dataset\ISIC2018_Task3_Training_Input\ISIC_0031201.jpg,ISIC_0027563,ISIC_0031201,0.1751120090484619,0.5539028644561768,3.0147319650124125,1.5372626781463623,42,100,5.0,0.3,32,0.0
experiments\sd_lora_ici_outputs\VASC\VASC_near_DF_0004.png,VASC,DF,a dermoscopic image of vascular lesion,a dermoscopic image of vascular lesion,dataset\ISIC2018_Task3_Training_Input\ISIC_0033135.jpg,dataset\ISIC2018_Task3_Training_Input\ISIC_0031065.jpg,ISIC_0033135,ISIC_0031065,0.4149856567382812,0.4314334988594055,1.7978446198380966,1.5487762689590454,42,100,5.0,0.3,32,0.0
experiments\sd_lora_ici_outputs\VASC\VASC_near_DF_0005.png,VASC,DF,a dermoscopic image of vascular lesion,a dermoscopic image of vascular lesion,dataset\ISIC2018_Task3_Training_Input\ISIC_0027159.jpg,dataset\ISIC2018_Task3_Training_Input\ISIC_0033135.jpg,ISIC_0027159,ISIC_0033135,0.1404074430465698,0.4149856567382812,0.523477464699588,1.5172920227050781,42,100,5.0,0.3,32,0.0
experiments\sd_lora_ici_outputs\VASC\VASC_near_DF_0006.png,VASC,DF,a dermoscopic image of vascular lesion,a dermoscopic image of vascular lesion,dataset\ISIC2018_Task3_Training_Input\ISIC_0026393.jpg,dataset\ISIC2018_Task3_Training_Input\ISIC_0031950.jpg,ISIC_0026393,ISIC_0031950,0.4396962523460388,0.2221400737762451,2.115573164543447,1.5644080638885498,42,100,5.0,0.3,32,0.0
experiments\sd_lora_ici_outputs\VASC\VASC_near_DF_0007.png,VASC,DF,a dermoscopic image of vascular lesion,a dermoscopic image of vascular lesion,dataset\ISIC2018_Task3_Training_Input\ISIC_0029608.jpg,dataset\ISIC2018_Task3_Training_Input\ISIC_0031950.jpg,ISIC_0029608,ISIC_0031950,0.5194646120071411,0.2221400737762451,0.6806303400478979,1.5749541521072388,42,100,5.0,0.3,32,0.0
experiments\sd_lora_ici_outputs\VASC\VASC_near_DF_0008.png,VASC,DF,a dermoscopic image of vascular lesion,a dermoscopic image of vascular lesion,dataset\ISIC2018_Task3_Training_Input\ISIC_0025249.jpg,dataset\ISIC2018_Task3_Training_Input\ISIC_0029608.jpg,ISIC_0025249,ISIC_0029608,0.2066630125045776,0.5194646120071411,0.14256817980210923,1.549330711364746,42,100,5.0,0.3,32,0.0
experiments\sd_lora_ici_outputs\VASC\VASC_near_DF_0009.png,VASC,DF,a dermoscopic image of vascular lesion,a dermoscopic image of vascular lesion,dataset\ISIC2018_Task3_Training_Input\ISIC_0025612.jpg,dataset\ISIC2018_Task3_Training_Input\ISIC_0027159.jpg,ISIC_0025612,ISIC_0027159,0.3377860188484192,0.1404074430465698,1.453634682023971,1.5424093008041382,42,100,5.0,0.3,32,0.0
experiments\sd_lora_ici_outputs\VASC\VASC_near_DF_0010.png,VASC,DF,a dermoscopic image of vascular lesion,a dermoscopic image of vascular lesion,dataset\ISIC2018_Task3_Training_Input\ISIC_0031950.jpg,dataset\ISIC2018_Task3_Training_Input\ISIC_0024747.jpg,ISIC_0031950,ISIC_0024747,0.2221400737762451,0.3512190580368042,3.666524625280681,1.5684678554534912,42,100,5.0,0.3,32,0.0
experiments\sd_lora_ici_outputs\VASC\VASC_near_DF_0011.png,VASC,DF,a dermoscopic image of vascular lesion,a dermoscopic image of vascular lesion,dataset\ISIC2018_Task3_Training_Input\ISIC_0031197.jpg,dataset\ISIC2018_Task3_Training_Input\ISIC_0030770.jpg,ISIC_0031197,ISIC_0030770,0.4520962238311767,0.066293716430664,3.489442718156708,1.5561760663986206,42,100,5.0,0.3,32,0.0
experiments\sd_lora_ici_outputs\VASC\VASC_near_DF_0012.png,VASC,DF,a dermoscopic image of vascular lesion,a dermoscopic image of vascular lesion,dataset\ISIC2018_Task3_Training_Input\ISIC_0027888.jpg,dataset\ISIC2018_Task3_Training_Input\ISIC_0029486.jpg,ISIC_0027888,ISIC_0029486,0.3581960797309875,-0.2744793891906738,1.832561530559781,1.601836085319519,42,100,5.0,0.3,32,0.0
experiments\sd_lora_ici_outputs\VASC\VASC_near_DF_0013.png,VASC,DF,a dermoscopic image of vascular lesion,a dermoscopic image of vascular lesion,dataset\ISIC2018_Task3_Training_Input\ISIC_0029608.jpg,dataset\ISIC2018_Task3_Training_Input\ISIC_0027159.jpg,ISIC_0029608,ISIC_0027159,0.5194646120071411,0.1404074430465698,3.617139068071322,1.512802004814148,42,100,5.0,0.3,32,0.0
experiments\sd_lora_ici_outputs\VASC\VASC_near_DF_0014.png,VASC,DF,a dermoscopic image of vascular lesion,a dermoscopic image of vascular lesion,dataset\ISIC2018_Task3_Training_Input\ISIC_0032867.jpg,dataset\ISIC2018_Task3_Training_Input\ISIC_0033135.jpg,ISIC_0032867,ISIC_0033135,0.253271222114563,0.4149856567382812,3.7206602790384387,1.5787206888198853,42,100,5.0,0.3,32,0.0
experiments\sd_lora_ici_outputs\VASC\VASC_near_DF_0015.png,VASC,DF,a dermoscopic image of vascular lesion,a dermoscopic image of vascular lesion,dataset\ISIC2018_Task3_Training_Input\ISIC_0031201.jpg,dataset\ISIC2018_Task3_Training_Input\ISIC_0029608.jpg,ISIC_0031201,ISIC_0029608,0.5539028644561768,0.5194646120071411,2.2120621366302617,1.5580989122390747,42,100,5.0,0.3,32,0.0
experiments\sd_lora_ici_outputs\VASC\VASC_near_DF_0016.png,VASC,DF,a dermoscopic image of vascular lesion,a dermoscopic image of vascular lesion,dataset\ISIC2018_Task3_Training_Input\ISIC_0031065.jpg,dataset\ISIC2018_Task3_Training_Input\ISIC_0029608.jpg,ISIC_0031065,ISIC_0029608,0.4314334988594055,0.5194646120071411,0.5379721764807249,1.5780593156814575,42,100,5.0,0.3,32,0.0
experiments\sd_lora_ici_outputs\VASC\VASC_near_DF_0017.png,VASC,DF,a dermoscopic image of vascular lesion,a dermoscopic image of vascular lesion,dataset\ISIC2018_Task3_Training_Input\ISIC_0031065.jpg,dataset\ISIC2018_Task3_Training_Input\ISIC_0031197.jpg,ISIC_0031065,ISIC_0031197,0.4314334988594055,0.4520962238311767,3.8621642542148833,1.5430504083633423,42,100,5.0,0.3,32,0.0
experiments\sd_lora_ici_outputs\VASC\VASC_near_DF_0018.png,VASC,DF,a dermoscopic image of vascular lesion,a dermoscopic image of vascular lesion,dataset\ISIC2018_Task3_Training_Input\ISIC_0029608.jpg,dataset\ISIC2018_Task3_Training_Input\ISIC_0025249.jpg,ISIC_0029608,ISIC_0025249,0.5194646120071411,0.2066630125045776,2.1870370874487217,1.549330711364746,42,100,5.0,0.3,32,0.0
experiments\sd_lora_ici_outputs\VASC\VASC_near_DF_0019.png,VASC,DF,a dermoscopic image of vascular lesion,a dermoscopic image of vascular lesion,dataset\ISIC2018_Task3_Training_Input\ISIC_0033092.jpg,dataset\ISIC2018_Task3_Training_Input\ISIC_0031901.jpg,ISIC_0033092,ISIC_0031901,0.1055683493614196,-0.2253852486610412,2.3537475598019744,1.5771870613098145,42,100,5.0,0.3,32,0.0
experiments\sd_lora_ici_outputs\VASC\VASC_near_DF_0020.png,VASC,DF,a dermoscopic image of vascular lesion,a dermoscopic image of vascular lesion,dataset\ISIC2018_Task3_Training_Input\ISIC_0025677.jpg,dataset\ISIC2018_Task3_Training_Input\ISIC_0025612.jpg,ISIC_0025677,ISIC_0025612,0.2812086343765259,0.3377860188484192,1.8448328156010003,1.5549088716506958,42,100,5.0,0.3,32,0.0
experiments\sd_lora_ici_outputs\VASC\VASC_near_DF_0021.png,VASC,DF,a dermoscopic image of vascular lesion,a dermoscopic image of vascular lesion,dataset\ISIC2018_Task3_Training_Input\ISIC_0031955.jpg,dataset\ISIC2018_Task3_Training_Input\ISIC_0024669.jpg,ISIC_0031955,ISIC_0024669,-0.0823449492454528,0.3324311375617981,2.998465976105961,1.569319248199463,42,100,5.0,0.3,32,0.0
experiments\sd_lora_ici_outputs\VASC\VASC_near_DF_0022.png,VASC,DF,a dermoscopic image of vascular lesion,a dermoscopic image of vascular lesion,dataset\ISIC2018_Task3_Training_Input\ISIC_0025677.jpg,dataset\ISIC2018_Task3_Training_Input\ISIC_0025612.jpg,ISIC_0025677,ISIC_0025612,0.2812086343765259,0.3377860188484192,3.545030226623595,1.5549088716506958,42,100,5.0,0.3,32,0.0
experiments\sd_lora_ici_outputs\VASC\VASC_near_DF_0023.png,VASC,DF,a dermoscopic image of vascular lesion,a dermoscopic image of vascular lesion,dataset\ISIC2018_Task3_Training_Input\ISIC_0025249.jpg,dataset\ISIC2018_Task3_Training_Input\ISIC_0024867.jpg,ISIC_0025249,ISIC_0024867,0.2066630125045776,0.4564889073371887,1.750691296540778,1.5611224174499512,42,100,5.0,0.3,32,0.0
experiments\sd_lora_ici_outputs\VASC\VASC_near_DF_0024.png,VASC,DF,a dermoscopic image of vascular lesion,a dermoscopic image of vascular lesion,dataset\ISIC2018_Task3_Training_Input\ISIC_0029608.jpg,dataset\ISIC2018_Task3_Training_Input\ISIC_0031201.jpg,ISIC_0029608,ISIC_0031201,0.5194646120071411,0.5539028644561768,2.580001283191773,1.5580989122390747,42,100,5.0,0.3,32,0.0
experiments\sd_lora_ici_outputs\VASC\VASC_near_DF_0025.png,VASC,DF,a dermoscopic image of vascular lesion,a dermoscopic image of vascular lesion,dataset\ISIC2018_Task3_Training_Input\ISIC_0029099.jpg,dataset\ISIC2018_Task3_Training_Input\ISIC_0024669.jpg,ISIC_0029099,ISIC_0024669,0.1298447847366333,0.3324311375617981,2.177645419058361,1.5401334762573242,42,100,5.0,0.3,32,0.0
experiments\sd_lora_ici_outputs\VASC\VASC_near_DF_0026.png,VASC,DF,a dermoscopic image of vascular lesion,a dermoscopic image of vascular lesion,dataset\ISIC2018_Task3_Training_Input\ISIC_0027522.jpg,dataset\ISIC2018_Task3_Training_Input\ISIC_0031955.jpg,ISIC_0027522,ISIC_0031955,0.3841422200202942,-0.0823449492454528,3.640379736655708,1.568773865699768,42,100,5.0,0.3,32,0.0
experiments\sd_lora_ici_outputs\VASC\VASC_near_DF_0027.png,VASC,DF,a dermoscopic image of vascular lesion,a dermoscopic image of vascular lesion,dataset\ISIC2018_Task3_Training_Input\ISIC_0031197.jpg,dataset\ISIC2018_Task3_Training_Input\ISIC_0027790.jpg,ISIC_0031197,ISIC_0027790,0.4520962238311767,0.2538372278213501,1.9686803480278914,1.5372260808944702,42,100,5.0,0.3,32,0.0
experiments\sd_lora_ici_outputs\VASC\VASC_near_DF_0028.png,VASC,DF,a dermoscopic image of vascular lesion,a dermoscopic image of vascular lesion,dataset\ISIC2018_Task3_Training_Input\ISIC_0026393.jpg,dataset\ISIC2018_Task3_Training_Input\ISIC_0031346.jpg,ISIC_0026393,ISIC_0031346,0.4396962523460388,0.1255913972854614,0.8890011661213609,1.6052736043930054,42,100,5.0,0.3,32,0.0
experiments\sd_lora_ici_outputs\VASC\VASC_near_DF_0029.png,VASC,DF,a dermoscopic image of vascular lesion,a dermoscopic image of vascular lesion,dataset\ISIC2018_Task3_Training_Input\ISIC_0028885.jpg,dataset\ISIC2018_Task3_Training_Input\ISIC_0030283.jpg,ISIC_0028885,ISIC_0030283,0.2843918204307556,0.3413410782814026,0.3582485153754882,1.5706541538238525,42,100,5.0,0.3,32,0.0
experiments\sd_lora_ici_outputs\VASC\VASC_near_DF_0030.png,VASC,DF,a dermoscopic image of vascular lesion,a dermoscopic image of vascular lesion,dataset\ISIC2018_Task3_Training_Input\ISIC_0031955.jpg,dataset\ISIC2018_Task3_Training_Input\ISIC_0031197.jpg,ISIC_0031955,ISIC_0031197,-0.0823449492454528,0.4520962238311767,1.2283054625254164,1.5748467445373535,42,100,5.0,0.3,32,0.0
experiments\sd_lora_ici_outputs\VASC\VASC_near_DF_0031.png,VASC,DF,a dermoscopic image of vascular lesion,a dermoscopic image of vascular lesion,dataset\ISIC2018_Task3_Training_Input\ISIC_0024375.jpg,dataset\ISIC2018_Task3_Training_Input\ISIC_0027888.jpg,ISIC_0024375,ISIC_0027888,0.2849870920181274,0.3581960797309875,1.6475895618524352,1.5719648599624634,42,100,5.0,0.3,32,0.0
experiments\sd_lora_ici_outputs\VASC\VASC_near_DF_0032.png,VASC,DF,a dermoscopic image of vascular lesion,a dermoscopic image of vascular lesion,dataset\ISIC2018_Task3_Training_Input\ISIC_0033092.jpg,dataset\ISIC2018_Task3_Training_Input\ISIC_0031197.jpg,ISIC_0033092,ISIC_0031197,0.1055683493614196,0.4520962238311767,0.624363859251479,1.5670384168624878,42,100,5.0,0.3,32,0.0
experiments\sd_lora_ici_outputs\VASC\VASC_near_DF_0033.png,VASC,DF,a dermoscopic image of vascular lesion,a dermoscopic image of vascular lesion,dataset\ISIC2018_Task3_Training_Input\ISIC_0029099.jpg,dataset\ISIC2018_Task3_Training_Input\ISIC_0028885.jpg,ISIC_0029099,ISIC_0028885,0.1298447847366333,0.2843918204307556,0.042358377549233855,1.5657862424850464,42,100,5.0,0.3,32,0.0
experiments\sd_lora_ici_outputs\VASC\VASC_near_DF_0034.png,VASC,DF,a dermoscopic image of vascular lesion,a dermoscopic image of vascular lesion,dataset\ISIC2018_Task3_Training_Input\ISIC_0027790.jpg,dataset\ISIC2018_Task3_Training_Input\ISIC_0027888.jpg,ISIC_0027790,ISIC_0027888,0.2538372278213501,0.3581960797309875,2.1073561176013924,1.5602929592132568,42,100,5.0,0.3,32,0.0
experiments\sd_lora_ici_outputs\VASC\VASC_near_DF_0035.png,VASC,DF,a dermoscopic image of vascular lesion,a dermoscopic image of vascular lesion,dataset\ISIC2018_Task3_Training_Input\ISIC_0026393.jpg,dataset\ISIC2018_Task3_Training_Input\ISIC_0025249.jpg,ISIC_0026393,ISIC_0025249,0.4396962523460388,0.2066630125045776,3.112392743169282,1.5308152437210083,42,100,5.0,0.3,32,0.0
experiments\sd_lora_ici_outputs\VASC\VASC_near_DF_0036.png,VASC,DF,a dermoscopic image of vascular lesion,a dermoscopic image of vascular lesion,dataset\ISIC2018_Task3_Training_Input\ISIC_0027159.jpg,dataset\ISIC2018_Task3_Training_Input\ISIC_0027790.jpg,ISIC_0027159,ISIC_0027790,0.1404074430465698,0.2538372278213501,0.5392741157426786,1.5880625247955322,42,100,5.0,0.3,32,0.0
experiments\sd_lora_ici_outputs\VASC\VASC_near_DF_0037.png,VASC,DF,a dermoscopic image of vascular lesion,a dermoscopic image of vascular lesion,dataset\ISIC2018_Task3_Training_Input\ISIC_0027790.jpg,dataset\ISIC2018_Task3_Training_Input\ISIC_0030770.jpg,ISIC_0027790,ISIC_0030770,0.2538372278213501,0.066293716430664,1.1623139979762926,1.5501666069030762,42,100,5.0,0.3,32,0.0
experiments\sd_lora_ici_outputs\VASC\VASC_near_DF_0038.png,VASC,DF,a dermoscopic image of vascular lesion,a dermoscopic image of vascular lesion,dataset\ISIC2018_Task3_Training_Input\ISIC_0027888.jpg,dataset\ISIC2018_Task3_Training_Input\ISIC_0024669.jpg,ISIC_0027888,ISIC_0024669,0.3581960797309875,0.3324311375617981,2.1405849105945247,1.5706573724746704,42,100,5.0,0.3,32,0.0
experiments\sd_lora_ici_outputs\VASC\VASC_near_DF_0039.png,VASC,DF,a dermoscopic image of vascular lesion,a dermoscopic image of vascular lesion,dataset\ISIC2018_Task3_Training_Input\ISIC_0025249.jpg,dataset\ISIC2018_Task3_Training_Input\ISIC_0024747.jpg,ISIC_0025249,ISIC_0024747,0.2066630125045776,0.3512190580368042,2.7642757977240264,1.5632977485656738,42,100,5.0,0.3,32,0.0
experiments\sd_lora_ici_outputs\VASC\VASC_near_DF_0040.png,VASC,DF,a dermoscopic image of vascular lesion,a dermoscopic image of vascular lesion,dataset\ISIC2018_Task3_Training_Input\ISIC_0025612.jpg,dataset\ISIC2018_Task3_Training_Input\ISIC_0024669.jpg,ISIC_0025612,ISIC_0024669,0.3377860188484192,0.3324311375617981,1.945128794108772,1.5890452861785889,42,100,5.0,0.3,32,0.0
experiments\sd_lora_ici_outputs\VASC\VASC_near_DF_0041.png,VASC,DF,a dermoscopic image of vascular lesion,a dermoscopic image of vascular lesion,dataset\ISIC2018_Task3_Training_Input\ISIC_0031201.jpg,dataset\ISIC2018_Task3_Training_Input\ISIC_0031346.jpg,ISIC_0031201,ISIC_0031346,0.5539028644561768,0.1255913972854614,3.0506733452897943,1.555976152420044,42,100,5.0,0.3,32,0.0
experiments\sd_lora_ici_outputs\VASC\VASC_near_DF_0042.png,VASC,DF,a dermoscopic image of vascular lesion,a dermoscopic image of vascular lesion,dataset\ISIC2018_Task3_Training_Input\ISIC_0027159.jpg,dataset\ISIC2018_Task3_Training_Input\ISIC_0031065.jpg,ISIC_0027159,ISIC_0031065,0.1404074430465698,0.4314334988594055,1.212164167554792,1.5530143976211548,42,100,5.0,0.3,32,0.0
experiments\sd_lora_ici_outputs\VASC\VASC_near_DF_0043.png,VASC,DF,a dermoscopic image of vascular lesion,a dermoscopic image of vascular lesion,dataset\ISIC2018_Task3_Training_Input\ISIC_0030770.jpg,dataset\ISIC2018_Task3_Training_Input\ISIC_0024669.jpg,ISIC_0030770,ISIC_0024669,0.066293716430664,0.3324311375617981,3.1261688118164437,1.5392956733703613,42,100,5.0,0.3,32,0.0
experiments\sd_lora_ici_outputs\VASC\VASC_near_DF_0044.png,VASC,DF,a dermoscopic image of vascular lesion,a dermoscopic image of vascular lesion,dataset\ISIC2018_Task3_Training_Input\ISIC_0027159.jpg,dataset\ISIC2018_Task3_Training_Input\ISIC_0028885.jpg,ISIC_0027159,ISIC_0028885,0.1404074430465698,0.2843918204307556,3.236478759034482,1.5491405725479126,42,100,5.0,0.3,32,0.0
experiments\sd_lora_ici_outputs\VASC\VASC_near_DF_0045.png,VASC,DF,a dermoscopic image of vascular lesion,a dermoscopic image of vascular lesion,dataset\ISIC2018_Task3_Training_Input\ISIC_0027563.jpg,dataset\ISIC2018_Task3_Training_Input\ISIC_0024747.jpg,ISIC_0027563,ISIC_0024747,0.1751120090484619,0.3512190580368042,2.4124695658938817,1.5548735857009888,42,100,5.0,0.3,32,0.0
experiments\sd_lora_ici_outputs\VASC\VASC_near_DF_0046.png,VASC,DF,a dermoscopic image of vascular lesion,a dermoscopic image of vascular lesion,dataset\ISIC2018_Task3_Training_Input\ISIC_0028885.jpg,dataset\ISIC2018_Task3_Training_Input\ISIC_0032545.jpg,ISIC_0028885,ISIC_0032545,0.2843918204307556,0.4187376499176025,3.2872859525965787,1.5229089260101318,42,100,5.0,0.3,32,0.0
experiments\sd_lora_ici_outputs\VASC\VASC_near_DF_0047.png,VASC,DF,a dermoscopic image of vascular lesion,a dermoscopic image of vascular lesion,dataset\ISIC2018_Task3_Training_Input\ISIC_0029608.jpg,dataset\ISIC2018_Task3_Training_Input\ISIC_0027563.jpg,ISIC_0029608,ISIC_0027563,0.5194646120071411,0.1751120090484619,2.2465947817854457,1.5332176685333252,42,100,5.0,0.3,32,0.0
experiments\sd_lora_ici_outputs\VASC\VASC_near_DF_0048.png,VASC,DF,a dermoscopic image of vascular lesion,a dermoscopic image of vascular lesion,dataset\ISIC2018_Task3_Training_Input\ISIC_0024669.jpg,dataset\ISIC2018_Task3_Training_Input\ISIC_0031065.jpg,ISIC_0024669,ISIC_0031065,0.3324311375617981,0.4314334988594055,0.769461746407914,1.5398119688034058,42,100,5.0,0.3,32,0.0
experiments\sd_lora_ici_outputs\VASC\VASC_near_DF_0049.png,VASC,DF,a dermoscopic image of vascular lesion,a dermoscopic image of vascular lesion,dataset\ISIC2018_Task3_Training_Input\ISIC_0033135.jpg,dataset\ISIC2018_Task3_Training_Input\ISIC_0031197.jpg,ISIC_0033135,ISIC_0031197,0.4149856567382812,0.4520962238311767,3.5996991524557758,1.5397919416427612,42,100,5.0,0.3,32,0.0
experiments\sd_lora_ici_outputs\VASC\VASC_near_MEL_0000.png,VASC,MEL,a dermoscopic image of vascular lesion,a dermoscopic image of vascular lesion,dataset\ISIC2018_Task3_Training_Input\ISIC_0032775.jpg,dataset\ISIC2018_Task3_Training_Input\ISIC_0033031.jpg,ISIC_0032775,ISIC_0033031,0.0128533840179443,0.0347247123718261,1.7512307257499655,1.5682801008224487,42,100,5.0,0.3,32,0.0
experiments\sd_lora_ici_outputs\VASC\VASC_near_MEL_0001.png,VASC,MEL,a dermoscopic image of vascular lesion,a dermoscopic image of vascular lesion,dataset\ISIC2018_Task3_Training_Input\ISIC_0033031.jpg,dataset\ISIC2018_Task3_Training_Input\ISIC_0032775.jpg,ISIC_0033031,ISIC_0032775,0.0347247123718261,0.0128533840179443,1.001188253729504,1.5682801008224487,42,100,5.0,0.3,32,0.0
experiments\sd_lora_ici_outputs\VASC\VASC_near_MEL_0002.png,VASC,MEL,a dermoscopic image of vascular lesion,a dermoscopic image of vascular lesion,dataset\ISIC2018_Task3_Training_Input\ISIC_0033031.jpg,dataset\ISIC2018_Task3_Training_Input\ISIC_0032775.jpg,ISIC_0033031,ISIC_0032775,0.0347247123718261,0.0128533840179443,2.8643402590383653,1.5682801008224487,42,100,5.0,0.3,32,0.0
experiments\sd_lora_ici_outputs\VASC\VASC_near_MEL_0003.png,VASC,MEL,a dermoscopic image of vascular lesion,a dermoscopic image of vascular lesion,dataset\ISIC2018_Task3_Training_Input\ISIC_0033031.jpg,dataset\ISIC2018_Task3_Training_Input\ISIC_0032775.jpg,ISIC_0033031,ISIC_0032775,0.0347247123718261,0.0128533840179443,2.588109035209299,1.5682801008224487,42,100,5.0,0.3,32,0.0
experiments\sd_lora_ici_outputs\VASC\VASC_near_MEL_0004.png,VASC,MEL,a dermoscopic image of vascular lesion,a dermoscopic image of vascular lesion,dataset\ISIC2018_Task3_Training_Input\ISIC_0032775.jpg,dataset\ISIC2018_Task3_Training_Input\ISIC_0033031.jpg,ISIC_0032775,ISIC_0033031,0.0128533840179443,0.0347247123718261,3.31902409825172,1.5682801008224487,42,100,5.0,0.3,32,0.0
experiments\sd_lora_ici_outputs\VASC\VASC_near_MEL_0005.png,VASC,MEL,a dermoscopic image of vascular lesion,a dermoscopic image of vascular lesion,dataset\ISIC2018_Task3_Training_Input\ISIC_0033031.jpg,dataset\ISIC2018_Task3_Training_Input\ISIC_0032775.jpg,ISIC_0033031,ISIC_0032775,0.0347247123718261,0.0128533840179443,0.8837854224219579,1.5682801008224487,42,100,5.0,0.3,32,0.0
experiments\sd_lora_ici_outputs\VASC\VASC_near_MEL_0006.png,VASC,MEL,a dermoscopic image of vascular lesion,a dermoscopic image of vascular lesion,dataset\ISIC2018_Task3_Training_Input\ISIC_0032775.jpg,dataset\ISIC2018_Task3_Training_Input\ISIC_0033031.jpg,ISIC_0032775,ISIC_0033031,0.0128533840179443,0.0347247123718261,0.31734728471654483,1.5682801008224487,42,100,5.0,0.3,32,0.0
experiments\sd_lora_ici_outputs\VASC\VASC_near_MEL_0007.png,VASC,MEL,a dermoscopic image of vascular lesion,a dermoscopic image of vascular lesion,dataset\ISIC2018_Task3_Training_Input\ISIC_0032775.jpg,dataset\ISIC2018_Task3_Training_Input\ISIC_0033031.jpg,ISIC_0032775,ISIC_0033031,0.0128533840179443,0.0347247123718261,2.505305253413933,1.5682801008224487,42,100,5.0,0.3,32,0.0
experiments\sd_lora_ici_outputs\VASC\VASC_near_MEL_0008.png,VASC,MEL,a dermoscopic image of vascular lesion,a dermoscopic image of vascular lesion,dataset\ISIC2018_Task3_Training_Input\ISIC_0032775.jpg,dataset\ISIC2018_Task3_Training_Input\ISIC_0033031.jpg,ISIC_0032775,ISIC_0033031,0.0128533840179443,0.0347247123718261,2.0697557461233496,1.5682801008224487,42,100,5.0,0.3,32,0.0
experiments\sd_lora_ici_outputs\VASC\VASC_near_MEL_0009.png,VASC,MEL,a dermoscopic image of vascular lesion,a dermoscopic image of vascular lesion,dataset\ISIC2018_Task3_Training_Input\ISIC_0033031.jpg,dataset\ISIC2018_Task3_Training_Input\ISIC_0032775.jpg,ISIC_0033031,ISIC_0032775,0.0347247123718261,0.0128533840179443,3.204970256447655,1.5682801008224487,42,100,5.0,0.3,32,0.0
experiments\sd_lora_ici_outputs\VASC\VASC_near_MEL_0010.png,VASC,MEL,a dermoscopic image of vascular lesion,a dermoscopic image of vascular lesion,dataset\ISIC2018_Task3_Training_Input\ISIC_0033031.jpg,dataset\ISIC2018_Task3_Training_Input\ISIC_0032775.jpg,ISIC_0033031,ISIC_0032775,0.0347247123718261,0.0128533840179443,2.456800377032269,1.5682801008224487,42,100,5.0,0.3,32,0.0
experiments\sd_lora_ici_outputs\VASC\VASC_near_MEL_0011.png,VASC,MEL,a dermoscopic image of vascular lesion,a dermoscopic image of vascular lesion,dataset\ISIC2018_Task3_Training_Input\ISIC_0032775.jpg,dataset\ISIC2018_Task3_Training_Input\ISIC_0033031.jpg,ISIC_0032775,ISIC_0033031,0.0128533840179443,0.0347247123718261,2.7801517023742512,1.5682801008224487,42,100,5.0,0.3,32,0.0
experiments\sd_lora_ici_outputs\VASC\VASC_near_MEL_0012.png,VASC,MEL,a dermoscopic image of vascular lesion,a dermoscopic image of vascular lesion,dataset\ISIC2018_Task3_Training_Input\ISIC_0033031.jpg,dataset\ISIC2018_Task3_Training_Input\ISIC_0032775.jpg,ISIC_0033031,ISIC_0032775,0.0347247123718261,0.0128533840179443,1.0892052419906861,1.5682801008224487,42,100,5.0,0.3,32,0.0
experiments\sd_lora_ici_outputs\VASC\VASC_near_MEL_0013.png,VASC,MEL,a dermoscopic image of vascular lesion,a dermoscopic image of vascular lesion,dataset\ISIC2018_Task3_Training_Input\ISIC_0032775.jpg,dataset\ISIC2018_Task3_Training_Input\ISIC_0033031.jpg,ISIC_0032775,ISIC_0033031,0.0128533840179443,0.0347247123718261,2.5979898297153614,1.5682801008224487,42,100,5.0,0.3,32,0.0
experiments\sd_lora_ici_outputs\VASC\VASC_near_MEL_0014.png,VASC,MEL,a dermoscopic image of vascular lesion,a dermoscopic image of vascular lesion,dataset\ISIC2018_Task3_Training_Input\ISIC_0033031.jpg,dataset\ISIC2018_Task3_Training_Input\ISIC_0032775.jpg,ISIC_0033031,ISIC_0032775,0.0347247123718261,0.0128533840179443,2.1311909746149413,1.5682801008224487,42,100,5.0,0.3,32,0.0
experiments\sd_lora_ici_outputs\VASC\VASC_near_MEL_0015.png,VASC,MEL,a dermoscopic image of vascular lesion,a dermoscopic image of vascular lesion,dataset\ISIC2018_Task3_Training_Input\ISIC_0032775.jpg,dataset\ISIC2018_Task3_Training_Input\ISIC_0033031.jpg,ISIC_0032775,ISIC_0033031,0.0128533840179443,0.0347247123718261,1.0770133447163632,1.5682801008224487,42,100,5.0,0.3,32,0.0
experiments\sd_lora_ici_outputs\VASC\VASC_near_MEL_0016.png,VASC,MEL,a dermoscopic image of vascular lesion,a dermoscopic image of vascular lesion,dataset\ISIC2018_Task3_Training_Input\ISIC_0033031.jpg,dataset\ISIC2018_Task3_Training_Input\ISIC_0032775.jpg,ISIC_0033031,ISIC_0032775,0.0347247123718261,0.0128533840179443,0.7532090530012474,1.5682801008224487,42,100,5.0,0.3,32,0.0
experiments\sd_lora_ici_outputs\VASC\VASC_near_MEL_0017.png,VASC,MEL,a dermoscopic image of vascular lesion,a dermoscopic image of vascular lesion,dataset\ISIC2018_Task3_Training_Input\ISIC_0032775.jpg,dataset\ISIC2018_Task3_Training_Input\ISIC_0033031.jpg,ISIC_0032775,ISIC_0033031,0.0128533840179443,0.0347247123718261,0.27429519860809354,1.5682801008224487,42,100,5.0,0.3,32,0.0
experiments\sd_lora_ici_outputs\VASC\VASC_near_MEL_0018.png,VASC,MEL,a dermoscopic image of vascular lesion,a dermoscopic image of vascular lesion,dataset\ISIC2018_Task3_Training_Input\ISIC_0032775.jpg,dataset\ISIC2018_Task3_Training_Input\ISIC_0033031.jpg,ISIC_0032775,ISIC_0033031,0.0128533840179443,0.0347247123718261,0.5473729570638382,1.5682801008224487,42,100,5.0,0.3,32,0.0
experiments\sd_lora_ici_outputs\VASC\VASC_near_MEL_0019.png,VASC,MEL,a dermoscopic image of vascular lesion,a dermoscopic image of vascular lesion,dataset\ISIC2018_Task3_Training_Input\ISIC_0033031.jpg,dataset\ISIC2018_Task3_Training_Input\ISIC_0032775.jpg,ISIC_0033031,ISIC_0032775,0.0347247123718261,0.0128533840179443,0.44213364676679723,1.5682801008224487,42,100,5.0,0.3,32,0.0
experiments\sd_lora_ici_outputs\VASC\VASC_near_MEL_0020.png,VASC,MEL,a dermoscopic image of vascular lesion,a dermoscopic image of vascular lesion,dataset\ISIC2018_Task3_Training_Input\ISIC_0033031.jpg,dataset\ISIC2018_Task3_Training_Input\ISIC_0032775.jpg,ISIC_0033031,ISIC_0032775,0.0347247123718261,0.0128533840179443,1.824294349759446,1.5682801008224487,42,100,5.0,0.3,32,0.0
experiments\sd_lora_ici_outputs\VASC\VASC_near_MEL_0021.png,VASC,MEL,a dermoscopic image of vascular lesion,a dermoscopic image of vascular lesion,dataset\ISIC2018_Task3_Training_Input\ISIC_0033031.jpg,dataset\ISIC2018_Task3_Training_Input\ISIC_0032775.jpg,ISIC_0033031,ISIC_0032775,0.0347247123718261,0.0128533840179443,1.8139746987412646,1.5682801008224487,42,100,5.0,0.3,32,0.0
experiments\sd_lora_ici_outputs\VASC\VASC_near_MEL_0022.png,VASC,MEL,a dermoscopic image of vascular lesion,a dermoscopic image of vascular lesion,dataset\ISIC2018_Task3_Training_Input\ISIC_0032775.jpg,dataset\ISIC2018_Task3_Training_Input\ISIC_0033031.jpg,ISIC_0032775,ISIC_0033031,0.0128533840179443,0.0347247123718261,2.806385882978898,1.5682801008224487,42,100,5.0,0.3,32,0.0
experiments\sd_lora_ici_outputs\VASC\VASC_near_MEL_0023.png,VASC,MEL,a dermoscopic image of vascular lesion,a dermoscopic image of vascular lesion,dataset\ISIC2018_Task3_Training_Input\ISIC_0032775.jpg,dataset\ISIC2018_Task3_Training_Input\ISIC_0033031.jpg,ISIC_0032775,ISIC_0033031,0.0128533840179443,0.0347247123718261,1.9711415868285138,1.5682801008224487,42,100,5.0,0.3,32,0.0
experiments\sd_lora_ici_outputs\VASC\VASC_near_MEL_0024.png,VASC,MEL,a dermoscopic image of vascular lesion,a dermoscopic image of vascular lesion,dataset\ISIC2018_Task3_Training_Input\ISIC_0033031.jpg,dataset\ISIC2018_Task3_Training_Input\ISIC_0032775.jpg,ISIC_0033031,ISIC_0032775,0.0347247123718261,0.0128533840179443,1.2846327190618574,1.5682801008224487,42,100,5.0,0.3,32,0.0
experiments\sd_lora_ici_outputs\VASC\VASC_near_MEL_0025.png,VASC,MEL,a dermoscopic image of vascular lesion,a dermoscopic image of vascular lesion,dataset\ISIC2018_Task3_Training_Input\ISIC_0032775.jpg,dataset\ISIC2018_Task3_Training_Input\ISIC_0033031.jpg,ISIC_0032775,ISIC_0033031,0.0128533840179443,0.0347247123718261,0.6095736838780869,1.5682801008224487,42,100,5.0,0.3,32,0.0
experiments\sd_lora_ici_outputs\VASC\VASC_near_MEL_0026.png,VASC,MEL,a dermoscopic image of vascular lesion,a dermoscopic image of vascular lesion,dataset\ISIC2018_Task3_Training_Input\ISIC_0032775.jpg,dataset\ISIC2018_Task3_Training_Input\ISIC_0033031.jpg,ISIC_0032775,ISIC_0033031,0.0128533840179443,0.0347247123718261,3.885088312698403,1.5682801008224487,42,100,5.0,0.3,32,0.0
experiments\sd_lora_ici_outputs\VASC\VASC_near_MEL_0027.png,VASC,MEL,a dermoscopic image of vascular lesion,a dermoscopic image of vascular lesion,dataset\ISIC2018_Task3_Training_Input\ISIC_0032775.jpg,dataset\ISIC2018_Task3_Training_Input\ISIC_0033031.jpg,ISIC_0032775,ISIC_0033031,0.0128533840179443,0.0347247123718261,0.08866557400118256,1.5682801008224487,42,100,5.0,0.3,32,0.0
experiments\sd_lora_ici_outputs\VASC\VASC_near_MEL_0028.png,VASC,MEL,a dermoscopic image of vascular lesion,a dermoscopic image of vascular lesion,dataset\ISIC2018_Task3_Training_Input\ISIC_0033031.jpg,dataset\ISIC2018_Task3_Training_Input\ISIC_0032775.jpg,ISIC_0033031,ISIC_0032775,0.0347247123718261,0.0128533840179443,3.8955706535905197,1.5682801008224487,42,100,5.0,0.3,32,0.0
experiments\sd_lora_ici_outputs\VASC\VASC_near_MEL_0029.png,VASC,MEL,a dermoscopic image of vascular lesion,a dermoscopic image of vascular lesion,dataset\ISIC2018_Task3_Training_Input\ISIC_0032775.jpg,dataset\ISIC2018_Task3_Training_Input\ISIC_0033031.jpg,ISIC_0032775,ISIC_0033031,0.0128533840179443,0.0347247123718261,1.130268704237509,1.5682801008224487,42,100,5.0,0.3,32,0.0
experiments\sd_lora_ici_outputs\VASC\VASC_near_MEL_0030.png,VASC,MEL,a dermoscopic image of vascular lesion,a dermoscopic image of vascular lesion,dataset\ISIC2018_Task3_Training_Input\ISIC_0033031.jpg,dataset\ISIC2018_Task3_Training_Input\ISIC_0032775.jpg,ISIC_0033031,ISIC_0032775,0.0347247123718261,0.0128533840179443,0.5009592875983404,1.5682801008224487,42,100,5.0,0.3,32,0.0
experiments\sd_lora_ici_outputs\VASC\VASC_near_MEL_0031.png,VASC,MEL,a dermoscopic image of vascular lesion,a dermoscopic image of vascular lesion,dataset\ISIC2018_Task3_Training_Input\ISIC_0032775.jpg,dataset\ISIC2018_Task3_Training_Input\ISIC_0033031.jpg,ISIC_0032775,ISIC_0033031,0.0128533840179443,0.0347247123718261,1.7564802109134632,1.5682801008224487,42,100,5.0,0.3,32,0.0
experiments\sd_lora_ici_outputs\VASC\VASC_near_MEL_0032.png,VASC,MEL,a dermoscopic image of vascular lesion,a dermoscopic image of vascular lesion,dataset\ISIC2018_Task3_Training_Input\ISIC_0032775.jpg,dataset\ISIC2018_Task3_Training_Input\ISIC_0033031.jpg,ISIC_0032775,ISIC_0033031,0.0128533840179443,0.0347247123718261,0.0328690095813097,1.5682801008224487,42,100,5.0,0.3,32,0.0
experiments\sd_lora_ici_outputs\VASC\VASC_near_MEL_0033.png,VASC,MEL,a dermoscopic image of vascular lesion,a dermoscopic image of vascular lesion,dataset\ISIC2018_Task3_Training_Input\ISIC_0032775.jpg,dataset\ISIC2018_Task3_Training_Input\ISIC_0033031.jpg,ISIC_0032775,ISIC_0033031,0.0128533840179443,0.0347247123718261,0.3613667985553987,1.5682801008224487,42,100,5.0,0.3,32,0.0
experiments\sd_lora_ici_outputs\VASC\VASC_near_MEL_0034.png,VASC,MEL,a dermoscopic image of vascular lesion,a dermoscopic image of vascular lesion,dataset\ISIC2018_Task3_Training_Input\ISIC_0032775.jpg,dataset\ISIC2018_Task3_Training_Input\ISIC_0033031.jpg,ISIC_0032775,ISIC_0033031,0.0128533840179443,0.0347247123718261,0.05899388860933562,1.5682801008224487,42,100,5.0,0.3,32,0.0
experiments\sd_lora_ici_outputs\VASC\VASC_near_MEL_0035.png,VASC,MEL,a dermoscopic image of vascular lesion,a dermoscopic image of vascular lesion,dataset\ISIC2018_Task3_Training_Input\ISIC_0033031.jpg,dataset\ISIC2018_Task3_Training_Input\ISIC_0032775.jpg,ISIC_0033031,ISIC_0032775,0.0347247123718261,0.0128533840179443,0.8701462098509782,1.5682801008224487,42,100,5.0,0.3,32,0.0
experiments\sd_lora_ici_outputs\VASC\VASC_near_MEL_0036.png,VASC,MEL,a dermoscopic image of vascular lesion,a dermoscopic image of vascular lesion,dataset\ISIC2018_Task3_Training_Input\ISIC_0032775.jpg,dataset\ISIC2018_Task3_Training_Input\ISIC_0033031.jpg,ISIC_0032775,ISIC_0033031,0.0128533840179443,0.0347247123718261,1.6836691431798236,1.5682801008224487,42,100,5.0,0.3,32,0.0
experiments\sd_lora_ici_outputs\VASC\VASC_near_MEL_0037.png,VASC,MEL,a dermoscopic image of vascular lesion,a dermoscopic image of vascular lesion,dataset\ISIC2018_Task3_Training_Input\ISIC_0033031.jpg,dataset\ISIC2018_Task3_Training_Input\ISIC_0032775.jpg,ISIC_0033031,ISIC_0032775,0.0347247123718261,0.0128533840179443,3.147943981016359,1.5682801008224487,42,100,5.0,0.3,32,0.0
experiments\sd_lora_ici_outputs\VASC\VASC_near_MEL_0038.png,VASC,MEL,a dermoscopic image of vascular lesion,a dermoscopic image of vascular lesion,dataset\ISIC2018_Task3_Training_Input\ISIC_0033031.jpg,dataset\ISIC2018_Task3_Training_Input\ISIC_0032775.jpg,ISIC_0033031,ISIC_0032775,0.0347247123718261,0.0128533840179443,1.9967816264533818,1.5682801008224487,42,100,5.0,0.3,32,0.0
experiments\sd_lora_ici_outputs\VASC\VASC_near_MEL_0039.png,VASC,MEL,a dermoscopic image of vascular lesion,a dermoscopic image of vascular lesion,dataset\ISIC2018_Task3_Training_Input\ISIC_0033031.jpg,dataset\ISIC2018_Task3_Training_Input\ISIC_0032775.jpg,ISIC_0033031,ISIC_0032775,0.0347247123718261,0.0128533840179443,1.487971877176794,1.5682801008224487,42,100,5.0,0.3,32,0.0
experiments\sd_lora_ici_outputs\VASC\VASC_near_MEL_0040.png,VASC,MEL,a dermoscopic image of vascular lesion,a dermoscopic image of vascular lesion,dataset\ISIC2018_Task3_Training_Input\ISIC_0032775.jpg,dataset\ISIC2018_Task3_Training_Input\ISIC_0033031.jpg,ISIC_0032775,ISIC_0033031,0.0128533840179443,0.0347247123718261,2.792211997402152,1.5682801008224487,42,100,5.0,0.3,32,0.0
experiments\sd_lora_ici_outputs\VASC\VASC_near_MEL_0041.png,VASC,MEL,a dermoscopic image of vascular lesion,a dermoscopic image of vascular lesion,dataset\ISIC2018_Task3_Training_Input\ISIC_0032775.jpg,dataset\ISIC2018_Task3_Training_Input\ISIC_0033031.jpg,ISIC_0032775,ISIC_0033031,0.0128533840179443,0.0347247123718261,0.12715216809392665,1.5682801008224487,42,100,5.0,0.3,32,0.0
experiments\sd_lora_ici_outputs\VASC\VASC_near_MEL_0042.png,VASC,MEL,a dermoscopic image of vascular lesion,a dermoscopic image of vascular lesion,dataset\ISIC2018_Task3_Training_Input\ISIC_0033031.jpg,dataset\ISIC2018_Task3_Training_Input\ISIC_0032775.jpg,ISIC_0033031,ISIC_0032775,0.0347247123718261,0.0128533840179443,0.32140724450790814,1.5682801008224487,42,100,5.0,0.3,32,0.0
experiments\sd_lora_ici_outputs\VASC\VASC_near_MEL_0043.png,VASC,MEL,a dermoscopic image of vascular lesion,a dermoscopic image of vascular lesion,dataset\ISIC2018_Task3_Training_Input\ISIC_0032775.jpg,dataset\ISIC2018_Task3_Training_Input\ISIC_0033031.jpg,ISIC_0032775,ISIC_0033031,0.0128533840179443,0.0347247123718261,3.007095329979743,1.5682801008224487,42,100,5.0,0.3,32,0.0
experiments\sd_lora_ici_outputs\VASC\VASC_near_MEL_0044.png,VASC,MEL,a dermoscopic image of vascular lesion,a dermoscopic image of vascular lesion,dataset\ISIC2018_Task3_Training_Input\ISIC_0033031.jpg,dataset\ISIC2018_Task3_Training_Input\ISIC_0032775.jpg,ISIC_0033031,ISIC_0032775,0.0347247123718261,0.0128533840179443,0.5852888649254232,1.5682801008224487,42,100,5.0,0.3,32,0.0
experiments\sd_lora_ici_outputs\VASC\VASC_near_MEL_0045.png,VASC,MEL,a dermoscopic image of vascular lesion,a dermoscopic image of vascular lesion,dataset\ISIC2018_Task3_Training_Input\ISIC_0032775.jpg,dataset\ISIC2018_Task3_Training_Input\ISIC_0033031.jpg,ISIC_0032775,ISIC_0033031,0.0128533840179443,0.0347247123718261,1.0677246789329224,1.5682801008224487,42,100,5.0,0.3,32,0.0
experiments\sd_lora_ici_outputs\VASC\VASC_near_MEL_0046.png,VASC,MEL,a dermoscopic image of vascular lesion,a dermoscopic image of vascular lesion,dataset\ISIC2018_Task3_Training_Input\ISIC_0032775.jpg,dataset\ISIC2018_Task3_Training_Input\ISIC_0033031.jpg,ISIC_0032775,ISIC_0033031,0.0128533840179443,0.0347247123718261,1.5722055838241022,1.5682801008224487,42,100,5.0,0.3,32,0.0
experiments\sd_lora_ici_outputs\VASC\VASC_near_MEL_0047.png,VASC,MEL,a dermoscopic image of vascular lesion,a dermoscopic image of vascular lesion,dataset\ISIC2018_Task3_Training_Input\ISIC_0032775.jpg,dataset\ISIC2018_Task3_Training_Input\ISIC_0033031.jpg,ISIC_0032775,ISIC_0033031,0.0128533840179443,0.0347247123718261,2.1762538980490715,1.5682801008224487,42,100,5.0,0.3,32,0.0
experiments\sd_lora_ici_outputs\VASC\VASC_near_MEL_0048.png,VASC,MEL,a dermoscopic image of vascular lesion,a dermoscopic image of vascular lesion,dataset\ISIC2018_Task3_Training_Input\ISIC_0033031.jpg,dataset\ISIC2018_Task3_Training_Input\ISIC_0032775.jpg,ISIC_0033031,ISIC_0032775,0.0347247123718261,0.0128533840179443,0.7275804504237192,1.5682801008224487,42,100,5.0,0.3,32,0.0
experiments\sd_lora_ici_outputs\VASC\VASC_near_MEL_0049.png,VASC,MEL,a dermoscopic image of vascular lesion,a dermoscopic image of vascular lesion,dataset\ISIC2018_Task3_Training_Input\ISIC_0033031.jpg,dataset\ISIC2018_Task3_Training_Input\ISIC_0032775.jpg,ISIC_0033031,ISIC_0032775,0.0347247123718261,0.0128533840179443,3.5885443278031444,1.5682801008224487,42,100,5.0,0.3,32,0.0
experiments\sd_lora_ici_outputs\VASC\VASC_near_NV_0000.png,VASC,NV,a dermoscopic image of vascular lesion,a dermoscopic image of vascular lesion,dataset\ISIC2018_Task3_Training_Input\ISIC_0028431.jpg,dataset\ISIC2018_Task3_Training_Input\ISIC_0032692.jpg,ISIC_0028431,ISIC_0032692,0.2908324003219604,0.2982731461524963,1.0096790272109808,1.5562328100204468,42,100,5.0,0.3,32,0.0
experiments\sd_lora_ici_outputs\VASC\VASC_near_NV_0001.png,VASC,NV,a dermoscopic image of vascular lesion,a dermoscopic image of vascular lesion,dataset\ISIC2018_Task3_Training_Input\ISIC_0026349.jpg,dataset\ISIC2018_Task3_Training_Input\ISIC_0029448.jpg,ISIC_0026349,ISIC_0029448,0.4292299151420593,0.1286206841468811,1.5185886060830929,1.5787827968597412,42,100,5.0,0.3,32,0.0
experiments\sd_lora_ici_outputs\VASC\VASC_near_NV_0002.png,VASC,NV,a dermoscopic image of vascular lesion,a dermoscopic image of vascular lesion,dataset\ISIC2018_Task3_Training_Input\ISIC_0028431.jpg,dataset\ISIC2018_Task3_Training_Input\ISIC_0026490.jpg,ISIC_0028431,ISIC_0026490,0.2908324003219604,0.3829349875450134,0.0509134903223673,1.5568653345108032,42,100,5.0,0.3,32,0.0
experiments\sd_lora_ici_outputs\VASC\VASC_near_NV_0003.png,VASC,NV,a dermoscopic image of vascular lesion,a dermoscopic image of vascular lesion,dataset\ISIC2018_Task3_Training_Input\ISIC_0033450.jpg,dataset\ISIC2018_Task3_Training_Input\ISIC_0028680.jpg,ISIC_0033450,ISIC_0028680,0.3886585831642151,0.4529072046279907,3.928268826884235,1.5588502883911133,42,100,5.0,0.3,32,0.0
experiments\sd_lora_ici_outputs\VASC\VASC_near_NV_0004.png,VASC,NV,a dermoscopic image of vascular lesion,a dermoscopic image of vascular lesion,dataset\ISIC2018_Task3_Training_Input\ISIC_0033450.jpg,dataset\ISIC2018_Task3_Training_Input\ISIC_0029877.jpg,ISIC_0033450,ISIC_0029877,0.3886585831642151,0.3075206279754638,2.863011444346374,1.5684473514556885,42,100,5.0,0.3,32,0.0
experiments\sd_lora_ici_outputs\VASC\VASC_near_NV_0005.png,VASC,NV,a dermoscopic image of vascular lesion,a dermoscopic image of vascular lesion,dataset\ISIC2018_Task3_Training_Input\ISIC_0026163.jpg,dataset\ISIC2018_Task3_Training_Input\ISIC_0029439.jpg,ISIC_0026163,ISIC_0029439,0.4610164165496826,0.4514959454536438,1.592710455519822,1.518013834953308,42,100,5.0,0.3,32,0.0
experiments\sd_lora_ici_outputs\VASC\VASC_near_NV_0006.png,VASC,NV,a dermoscopic image of vascular lesion,a dermoscopic image of vascular lesion,dataset\ISIC2018_Task3_Training_Input\ISIC_0030070.jpg,dataset\ISIC2018_Task3_Training_Input\ISIC_0024706.jpg,ISIC_0030070,ISIC_0024706,-0.0193575620651245,0.4297636747360229,3.941672865370756,1.5541449785232544,42,100,5.0,0.3,32,0.0
experiments\sd_lora_ici_outputs\VASC\VASC_near_NV_0007.png,VASC,NV,a dermoscopic image of vascular lesion,a dermoscopic image of vascular lesion,dataset\ISIC2018_Task3_Training_Input\ISIC_0025244.jpg,dataset\ISIC2018_Task3_Training_Input\ISIC_0032270.jpg,ISIC_0025244,ISIC_0032270,0.309194803237915,0.2573192715644836,0.971133207005799,1.5991275310516357,42,100,5.0,0.3,32,0.0
experiments\sd_lora_ici_outputs\VASC\VASC_near_NV_0008.png,VASC,NV,a dermoscopic image of vascular lesion,a dermoscopic image of vascular lesion,dataset\ISIC2018_Task3_Training_Input\ISIC_0031215.jpg,dataset\ISIC2018_Task3_Training_Input\ISIC_0033450.jpg,ISIC_0031215,ISIC_0033450,0.3678309321403503,0.3886585831642151,4.0418258898365,1.5460463762283325,42,100,5.0,0.3,32,0.0
experiments\sd_lora_ici_outputs\VASC\VASC_near_NV_0009.png,VASC,NV,a dermoscopic image of vascular lesion,a dermoscopic image of vascular lesion,dataset\ISIC2018_Task3_Training_Input\ISIC_0024662.jpg,dataset\ISIC2018_Task3_Training_Input\ISIC_0030275.jpg,ISIC_0024662,ISIC_0030275,0.3649176359176636,0.2393090724945068,0.7918791314357169,1.5803978443145752,42,100,5.0,0.3,32,0.0
experiments\sd_lora_ici_outputs\VASC\VASC_near_NV_0010.png,VASC,NV,a dermoscopic image of vascular lesion,a dermoscopic image of vascular lesion,dataset\ISIC2018_Task3_Training_Input\ISIC_0031276.jpg,dataset\ISIC2018_Task3_Training_Input\ISIC_0033123.jpg,ISIC_0031276,ISIC_0033123,0.4552575349807739,0.3387444615364074,3.045359739974062,1.5171177387237549,42,100,5.0,0.3,32,0.0
experiments\sd_lora_ici_outputs\VASC\VASC_near_NV_0011.png,VASC,NV,a dermoscopic image of vascular lesion,a dermoscopic image of vascular lesion,dataset\ISIC2018_Task3_Training_Input\ISIC_0029877.jpg,dataset\ISIC2018_Task3_Training_Input\ISIC_0026349.jpg,ISIC_0029877,ISIC_0026349,0.3075206279754638,0.4292299151420593,0.3771423768846894,1.5653769969940186,42,100,5.0,0.3,32,0.0
experiments\sd_lora_ici_outputs\VASC\VASC_near_NV_0012.png,VASC,NV,a dermoscopic image of vascular lesion,a dermoscopic image of vascular lesion,dataset\ISIC2018_Task3_Training_Input\ISIC_0031090.jpg,dataset\ISIC2018_Task3_Training_Input\ISIC_0028431.jpg,ISIC_0031090,ISIC_0028431,0.1146032810211181,0.2908324003219604,2.686426785955906,1.5577014684677124,42,100,5.0,0.3,32,0.0
experiments\sd_lora_ici_outputs\VASC\VASC_near_NV_0013.png,VASC,NV,a dermoscopic image of vascular lesion,a dermoscopic image of vascular lesion,dataset\ISIC2018_Task3_Training_Input\ISIC_0033608.jpg,dataset\ISIC2018_Task3_Training_Input\ISIC_0031759.jpg,ISIC_0033608,ISIC_0031759,0.3643453121185303,0.3356266617774963,0.845412807218055,1.5491981506347656,42,100,5.0,0.3,32,0.0
experiments\sd_lora_ici_outputs\VASC\VASC_near_NV_0014.png,VASC,NV,a dermoscopic image of vascular lesion,a dermoscopic image of vascular lesion,dataset\ISIC2018_Task3_Training_Input\ISIC_0027665.jpg,dataset\ISIC2018_Task3_Training_Input\ISIC_0028431.jpg,ISIC_0027665,ISIC_0028431,0.1592189669609069,0.2908324003219604,1.551365162012736,1.5759872198104858,42,100,5.0,0.3,32,0.0
experiments\sd_lora_ici_outputs\VASC\VASC_near_NV_0015.png,VASC,NV,a dermoscopic image of vascular lesion,a dermoscopic image of vascular lesion,dataset\ISIC2018_Task3_Training_Input\ISIC_0033608.jpg,dataset\ISIC2018_Task3_Training_Input\ISIC_0025452.jpg,ISIC_0033608,ISIC_0025452,0.3643453121185303,0.4061567187309265,3.7817489120983097,1.597008466720581,42,100,5.0,0.3,32,0.0
experiments\sd_lora_ici_outputs\VASC\VASC_near_NV_0016.png,VASC,NV,a dermoscopic image of vascular lesion,a dermoscopic image of vascular lesion,dataset\ISIC2018_Task3_Training_Input\ISIC_0033450.jpg,dataset\ISIC2018_Task3_Training_Input\ISIC_0025197.jpg,ISIC_0033450,ISIC_0025197,0.3886585831642151,0.1279391646385193,3.6623177868626544,1.6061997413635254,42,100,5.0,0.3,32,0.0
experiments\sd_lora_ici_outputs\VASC\VASC_near_NV_0017.png,VASC,NV,a dermoscopic image of vascular lesion,a dermoscopic image of vascular lesion,dataset\ISIC2018_Task3_Training_Input\ISIC_0031215.jpg,dataset\ISIC2018_Task3_Training_Input\ISIC_0028146.jpg,ISIC_0031215,ISIC_0028146,0.3678309321403503,-0.0650062561035156,0.6303410089805713,1.581025242805481,42,100,5.0,0.3,32,0.0
experiments\sd_lora_ici_outputs\VASC\VASC_near_NV_0018.png,VASC,NV,a dermoscopic image of vascular lesion,a dermoscopic image of vascular lesion,dataset\ISIC2018_Task3_Training_Input\ISIC_0027672.jpg,dataset\ISIC2018_Task3_Training_Input\ISIC_0031648.jpg,ISIC_0027672,ISIC_0031648,0.3296775817871094,0.3124984502792358,2.9711527949806955,1.5400246381759644,42,100,5.0,0.3,32,0.0
experiments\sd_lora_ici_outputs\VASC\VASC_near_NV_0019.png,VASC,NV,a dermoscopic image of vascular lesion,a dermoscopic image of vascular lesion,dataset\ISIC2018_Task3_Training_Input\ISIC_0025873.jpg,dataset\ISIC2018_Task3_Training_Input\ISIC_0031759.jpg,ISIC_0025873,ISIC_0031759,0.174054205417633,0.3356266617774963,3.0213272504299007,1.5487374067306519,42,100,5.0,0.3,32,0.0
experiments\sd_lora_ici_outputs\VASC\VASC_near_NV_0020.png,VASC,NV,a dermoscopic image of vascular lesion,a dermoscopic image of vascular lesion,dataset\ISIC2018_Task3_Training_Input\ISIC_0030104.jpg,dataset\ISIC2018_Task3_Training_Input\ISIC_0028188.jpg,ISIC_0030104,ISIC_0028188,0.3856460452079773,0.3429755568504333,2.185520861217983,1.5799952745437622,42,100,5.0,0.3,32,0.0
experiments\sd_lora_ici_outputs\VASC\VASC_near_NV_0021.png,VASC,NV,a dermoscopic image of vascular lesion,a dermoscopic image of vascular lesion,dataset\ISIC2018_Task3_Training_Input\ISIC_0027672.jpg,dataset\ISIC2018_Task3_Training_Input\ISIC_0031706.jpg,ISIC_0027672,ISIC_0031706,0.3296775817871094,0.3734850287437439,0.49510298393389063,1.5500568151474,42,100,5.0,0.3,32,0.0
experiments\sd_lora_ici_outputs\VASC\VASC_near_NV_0022.png,VASC,NV,a dermoscopic image of vascular lesion,a dermoscopic image of vascular lesion,dataset\ISIC2018_Task3_Training_Input\ISIC_0032057.jpg,dataset\ISIC2018_Task3_Training_Input\ISIC_0025578.jpg,ISIC_0032057,ISIC_0025578,0.4299980401992798,0.2021116614341735,1.9549376194693462,1.5466758012771606,42,100,5.0,0.3,32,0.0
experiments\sd_lora_ici_outputs\VASC\VASC_near_NV_0023.png,VASC,NV,a dermoscopic image of vascular lesion,a dermoscopic image of vascular lesion,dataset\ISIC2018_Task3_Training_Input\ISIC_0027269.jpg,dataset\ISIC2018_Task3_Training_Input\ISIC_0025606.jpg,ISIC_0027269,ISIC_0025606,0.4567712545394897,0.3601658344268799,1.1869543913458231,1.5817776918411255,42,100,5.0,0.3,32,0.0
experiments\sd_lora_ici_outputs\VASC\VASC_near_NV_0024.png,VASC,NV,a dermoscopic image of vascular lesion,a dermoscopic image of vascular lesion,dataset\ISIC2018_Task3_Training_Input\ISIC_0026163.jpg,dataset\ISIC2018_Task3_Training_Input\ISIC_0025197.jpg,ISIC_0026163,ISIC_0025197,0.4610164165496826,0.1279391646385193,1.4740371276637378,1.5363435745239258,42,100,5.0,0.3,32,0.0
experiments\sd_lora_ici_outputs\VASC\VASC_near_NV_0025.png,VASC,NV,a dermoscopic image of vascular lesion,a dermoscopic image of vascular lesion,dataset\ISIC2018_Task3_Training_Input\ISIC_0030070.jpg,dataset\ISIC2018_Task3_Training_Input\ISIC_0033565.jpg,ISIC_0030070,ISIC_0033565,-0.0193575620651245,0.3879386782646179,0.2099633713336675,1.5587266683578491,42,100,5.0,0.3,32,0.0
experiments\sd_lora_ici_outputs\VASC\VASC_near_NV_0026.png,VASC,NV,a dermoscopic image of vascular lesion,a dermoscopic image of vascular lesion,dataset\ISIC2018_Task3_Training_Input\ISIC_0025197.jpg,dataset\ISIC2018_Task3_Training_Input\ISIC_0028146.jpg,ISIC_0025197,ISIC_0028146,0.1279391646385193,-0.0650062561035156,2.7164382732372627,1.5420806407928467,42,100,5.0,0.3,32,0.0
experiments\sd_lora_ici_outputs\VASC\VASC_near_NV_0027.png,VASC,NV,a dermoscopic image of vascular lesion,a dermoscopic image of vascular lesion,dataset\ISIC2018_Task3_Training_Input\ISIC_0025425.jpg,dataset\ISIC2018_Task3_Training_Input\ISIC_0032270.jpg,ISIC_0025425,ISIC_0032270,0.2915759086608886,0.2573192715644836,3.9644712654282594,1.5425162315368652,42,100,5.0,0.3,32,0.0
experiments\sd_lora_ici_outputs\VASC\VASC_near_NV_0028.png,VASC,NV,a dermoscopic image of vascular lesion,a dermoscopic image of vascular lesion,dataset\ISIC2018_Task3_Training_Input\ISIC_0031719.jpg,dataset\ISIC2018_Task3_Training_Input\ISIC_0031090.jpg,ISIC_0031719,ISIC_0031090,-0.002327561378479,0.1146032810211181,0.957395824409873,1.5485936403274536,42,100,5.0,0.3,32,0.0
experiments\sd_lora_ici_outputs\VASC\VASC_near_NV_0029.png,VASC,NV,a dermoscopic image of vascular lesion,a dermoscopic image of vascular lesion,dataset\ISIC2018_Task3_Training_Input\ISIC_0033123.jpg,dataset\ISIC2018_Task3_Training_Input\ISIC_0024662.jpg,ISIC_0033123,ISIC_0024662,0.3387444615364074,0.3649176359176636,1.7452083665761418,1.563090205192566,42,100,5.0,0.3,32,0.0
experiments\sd_lora_ici_outputs\VASC\VASC_near_NV_0030.png,VASC,NV,a dermoscopic image of vascular lesion,a dermoscopic image of vascular lesion,dataset\ISIC2018_Task3_Training_Input\ISIC_0029877.jpg,dataset\ISIC2018_Task3_Training_Input\ISIC_0025452.jpg,ISIC_0029877,ISIC_0025452,0.3075206279754638,0.4061567187309265,0.06241926548614452,1.5167301893234253,42,100,5.0,0.3,32,0.0
experiments\sd_lora_ici_outputs\VASC\VASC_near_NV_0031.png,VASC,NV,a dermoscopic image of vascular lesion,a dermoscopic image of vascular lesion,dataset\ISIC2018_Task3_Training_Input\ISIC_0025599.jpg,dataset\ISIC2018_Task3_Training_Input\ISIC_0024662.jpg,ISIC_0025599,ISIC_0024662,0.4518338441848755,0.3649176359176636,3.203843786599164,1.5579105615615845,42,100,5.0,0.3,32,0.0
experiments\sd_lora_ici_outputs\VASC\VASC_near_NV_0032.png,VASC,NV,a dermoscopic image of vascular lesion,a dermoscopic image of vascular lesion,dataset\ISIC2018_Task3_Training_Input\ISIC_0026163.jpg,dataset\ISIC2018_Task3_Training_Input\ISIC_0028188.jpg,ISIC_0026163,ISIC_0028188,0.4610164165496826,0.3429755568504333,2.3527737136619407,1.5614585876464844,42,100,5.0,0.3,32,0.0
experiments\sd_lora_ici_outputs\VASC\VASC_near_NV_0033.png,VASC,NV,a dermoscopic image of vascular lesion,a dermoscopic image of vascular lesion,dataset\ISIC2018_Task3_Training_Input\ISIC_0033158.jpg,dataset\ISIC2018_Task3_Training_Input\ISIC_0029439.jpg,ISIC_0033158,ISIC_0029439,0.3443009257316589,0.4514959454536438,1.6301176129645512,1.525618076324463,42,100,5.0,0.3,32,0.0
experiments\sd_lora_ici_outputs\VASC\VASC_near_NV_0034.png,VASC,NV,a dermoscopic image of vascular lesion,a dermoscopic image of vascular lesion,dataset\ISIC2018_Task3_Training_Input\ISIC_0033123.jpg,dataset\ISIC2018_Task3_Training_Input\ISIC_0029448.jpg,ISIC_0033123,ISIC_0029448,0.3387444615364074,0.1286206841468811,0.999071297315504,1.5287951231002808,42,100,5.0,0.3,32,0.0
experiments\sd_lora_ici_outputs\VASC\VASC_near_NV_0035.png,VASC,NV,a dermoscopic image of vascular lesion,a dermoscopic image of vascular lesion,dataset\ISIC2018_Task3_Training_Input\ISIC_0025452.jpg,dataset\ISIC2018_Task3_Training_Input\ISIC_0031706.jpg,ISIC_0025452,ISIC_0031706,0.4061567187309265,0.3734850287437439,4.000723575717233,1.5215671062469482,42,100,5.0,0.3,32,0.0
experiments\sd_lora_ici_outputs\VASC\VASC_near_NV_0036.png,VASC,NV,a dermoscopic image of vascular lesion,a dermoscopic image of vascular lesion,dataset\ISIC2018_Task3_Training_Input\ISIC_0031706.jpg,dataset\ISIC2018_Task3_Training_Input\ISIC_0026876.jpg,ISIC_0031706,ISIC_0026876,0.3734850287437439,0.3899202346801758,2.392070555774757,1.5262988805770874,42,100,5.0,0.3,32,0.0
experiments\sd_lora_ici_outputs\VASC\VASC_near_NV_0037.png,VASC,NV,a dermoscopic image of vascular lesion,a dermoscopic image of vascular lesion,dataset\ISIC2018_Task3_Training_Input\ISIC_0025924.jpg,dataset\ISIC2018_Task3_Training_Input\ISIC_0032692.jpg,ISIC_0025924,ISIC_0032692,0.1920128464698791,0.2982731461524963,2.773046324437464,1.5651087760925293,42,100,5.0,0.3,32,0.0
experiments\sd_lora_ici_outputs\VASC\VASC_near_NV_0038.png,VASC,NV,a dermoscopic image of vascular lesion,a dermoscopic image of vascular lesion,dataset\ISIC2018_Task3_Training_Input\ISIC_0029448.jpg,dataset\ISIC2018_Task3_Training_Input\ISIC_0025244.jpg,ISIC_0029448,ISIC_0025244,0.1286206841468811,0.309194803237915,2.7262794794559446,1.586552619934082,42,100,5.0,0.3,32,0.0
experiments\sd_lora_ici_outputs\VASC\VASC_near_NV_0039.png,VASC,NV,a dermoscopic image of vascular lesion,a dermoscopic image of vascular lesion,dataset\ISIC2018_Task3_Training_Input\ISIC_0029448.jpg,dataset\ISIC2018_Task3_Training_Input\ISIC_0024662.jpg,ISIC_0029448,ISIC_0024662,0.1286206841468811,0.3649176359176636,0.6232408465606414,1.562546968460083,42,100,5.0,0.3,32,0.0
experiments\sd_lora_ici_outputs\VASC\VASC_near_NV_0040.png,VASC,NV,a dermoscopic image of vascular lesion,a dermoscopic image of vascular lesion,dataset\ISIC2018_Task3_Training_Input\ISIC_0032270.jpg,dataset\ISIC2018_Task3_Training_Input\ISIC_0025924.jpg,ISIC_0032270,ISIC_0025924,0.2573192715644836,0.1920128464698791,3.1715651679536787,1.5270253419876099,42,100,5.0,0.3,32,0.0
experiments\sd_lora_ici_outputs\VASC\VASC_near_NV_0041.png,VASC,NV,a dermoscopic image of vascular lesion,a dermoscopic image of vascular lesion,dataset\ISIC2018_Task3_Training_Input\ISIC_0031706.jpg,dataset\ISIC2018_Task3_Training_Input\ISIC_0031648.jpg,ISIC_0031706,ISIC_0031648,0.3734850287437439,0.3124984502792358,0.9973160626477259,1.5669736862182617,42,100,5.0,0.3,32,0.0
experiments\sd_lora_ici_outputs\VASC\VASC_near_NV_0042.png,VASC,NV,a dermoscopic image of vascular lesion,a dermoscopic image of vascular lesion,dataset\ISIC2018_Task3_Training_Input\ISIC_0033123.jpg,dataset\ISIC2018_Task3_Training_Input\ISIC_0033565.jpg,ISIC_0033123,ISIC_0033565,0.3387444615364074,0.3879386782646179,1.9983664455284131,1.5718263387680054,42,100,5.0,0.3,32,0.0
experiments\sd_lora_ici_outputs\VASC\VASC_near_NV_0043.png,VASC,NV,a dermoscopic image of vascular lesion,a dermoscopic image of vascular lesion,dataset\ISIC2018_Task3_Training_Input\ISIC_0025452.jpg,dataset\ISIC2018_Task3_Training_Input\ISIC_0027269.jpg,ISIC_0025452,ISIC_0027269,0.4061567187309265,0.4567712545394897,2.7862291372040353,1.5468639135360718,42,100,5.0,0.3,32,0.0
experiments\sd_lora_ici_outputs\VASC\VASC_near_NV_0044.png,VASC,NV,a dermoscopic image of vascular lesion,a dermoscopic image of vascular lesion,dataset\ISIC2018_Task3_Training_Input\ISIC_0026349.jpg,dataset\ISIC2018_Task3_Training_Input\ISIC_0032057.jpg,ISIC_0026349,ISIC_0032057,0.4292299151420593,0.4299980401992798,1.395466144254799,1.523769497871399,42,100,5.0,0.3,32,0.0
experiments\sd_lora_ici_outputs\VASC\VASC_near_NV_0045.png,VASC,NV,a dermoscopic image of vascular lesion,a dermoscopic image of vascular lesion,dataset\ISIC2018_Task3_Training_Input\ISIC_0026349.jpg,dataset\ISIC2018_Task3_Training_Input\ISIC_0025197.jpg,ISIC_0026349,ISIC_0025197,0.4292299151420593,0.1279391646385193,3.8439395441523785,1.5849628448486328,42,100,5.0,0.3,32,0.0
experiments\sd_lora_ici_outputs\VASC\VASC_near_NV_0046.png,VASC,NV,a dermoscopic image of vascular lesion,a dermoscopic image of vascular lesion,dataset\ISIC2018_Task3_Training_Input\ISIC_0025244.jpg,dataset\ISIC2018_Task3_Training_Input\ISIC_0029439.jpg,ISIC_0025244,ISIC_0029439,0.309194803237915,0.4514959454536438,3.1235981276050557,1.5278717279434204,42,100,5.0,0.3,32,0.0
experiments\sd_lora_ici_outputs\VASC\VASC_near_NV_0047.png,VASC,NV,a dermoscopic image of vascular lesion,a dermoscopic image of vascular lesion,dataset\ISIC2018_Task3_Training_Input\ISIC_0033158.jpg,dataset\ISIC2018_Task3_Training_Input\ISIC_0028680.jpg,ISIC_0033158,ISIC_0028680,0.3443009257316589,0.4529072046279907,0.24230204413266365,1.55722975730896,42,100,5.0,0.3,32,0.0
experiments\sd_lora_ici_outputs\VASC\VASC_near_NV_0048.png,VASC,NV,a dermoscopic image of vascular lesion,a dermoscopic image of vascular lesion,dataset\ISIC2018_Task3_Training_Input\ISIC_0028431.jpg,dataset\ISIC2018_Task3_Training_Input\ISIC_0031090.jpg,ISIC_0028431,ISIC_0031090,0.2908324003219604,0.1146032810211181,1.434025375977229,1.5577014684677124,42,100,5.0,0.3,32,0.0
experiments\sd_lora_ici_outputs\VASC\VASC_near_NV_0049.png,VASC,NV,a dermoscopic image of vascular lesion,a dermoscopic image of vascular lesion,dataset\ISIC2018_Task3_Training_Input\ISIC_0028431.jpg,dataset\ISIC2018_Task3_Training_Input\ISIC_0029448.jpg,ISIC_0028431,ISIC_0029448,0.2908324003219604,0.1286206841468811,0.6127183830707135,1.578372836112976,42,100,5.0,0.3,32,0.0
