{
    "overall": {
        "accuracy": 82.38341968911918,
        "balanced_multiclass_accuracy": 0.6246025461182256,
        "macro_recall": 0.6246025461182256,
        "macro_precision": 0.5929478503450393,
        "macro_f1": 0.6061737701712963,
        "multiclass_macro_auc_ovr": 0.9286529688606863,
        "mean_auc_all_diagnoses": 0.9286529688606863,
        "mean_average_precision_all_diagnoses": 0.639922152410884,
        "mean_sensitivity": 0.6246025461182256,
        "mean_specificity": 0.9676002852890865,
        "mean_accuracy": 0.9496669133974833,
        "mean_f1": 0.6061737701712963,
        "mean_ppv": 0.5929478503450393,
        "mean_npv": 0.958830684954267,
        "melanoma_auc80": 0.9180509413067554,
        "malignant_vs_benign_auc": 0.9234289200732154
    },
    "per_class": {
        "MEL": {
            "sensitivity": 0.8095238095238095,
            "specificity": 0.9534883720930233,
            "accuracy": 0.9378238341968912,
            "auc": 0.9493355481727574,
            "average_precision": 0.7859914333067042,
            "f1_score": 0.7391304347826089,
            "ppv": 0.68,
            "npv": 0.9761904761904762,
            "auc80": 0.9180509413067554
        },
        "NV": {
            "sensitivity": 0.8861788617886179,
            "specificity": 0.9428571428571428,
            "accuracy": 0.9067357512953368,
            "auc": 0.9656213704994193,
            "average_precision": 0.9817312931831232,
            "f1_score": 0.9237288135593221,
            "ppv": 0.9646017699115044,
            "npv": 0.825,
            "auc80": NaN
        },
        "BCC": {
            "sensitivity": 0.7333333333333333,
            "specificity": 0.9662921348314607,
            "accuracy": 0.9481865284974094,
            "auc": 0.9715355805243446,
            "average_precision": 0.8033568804278186,
            "f1_score": 0.6875,
            "ppv": 0.6470588235294118,
            "npv": 0.9772727272727273,
            "auc80": NaN
        },
        "AKIEC": {
            "sensitivity": 0.125,
            "specificity": 0.972972972972973,
            "accuracy": 0.9378238341968912,
            "auc": 0.8,
            "average_precision": 0.1449544592716282,
            "f1_score": 0.14285714285714288,
            "ppv": 0.16666666666666666,
            "npv": 0.9625668449197861,
            "auc80": NaN
        },
        "BKL": {
            "sensitivity": 0.8181818181818182,
            "specificity": 0.9532163742690059,
            "accuracy": 0.9378238341968912,
            "auc": 0.9494949494949495,
            "average_precision": 0.7263839636498769,
            "f1_score": 0.7500000000000001,
            "ppv": 0.6923076923076923,
            "npv": 0.9760479041916168,
            "auc80": NaN
        },
        "DF": {
            "sensitivity": 0.0,
            "specificity": 0.984375,
            "accuracy": 0.9792746113989638,
            "auc": 0.8645833333333334,
            "average_precision": 0.037037037037037035,
            "f1_score": 0.0,
            "ppv": 0.0,
            "npv": 0.9947368421052631,
            "auc80": NaN
        },
        "VASC": {
            "sensitivity": 1.0,
            "specificity": 1.0,
            "accuracy": 1.0,
            "auc": 1.0,
            "average_precision": 1.0,
            "f1_score": 1.0,
            "ppv": 1.0,
            "npv": 1.0,
            "auc80": NaN
        }
    },
    "malignant_definition_used": [
        "MEL",
        "BCC",
        "AKIEC"
    ],
    "val_loss": 1.1969519050627793
}