{
    "epoch": 75,
    "num_classes": 7,
    "class_names": [
        "MEL",
        "NV",
        "BCC",
        "AKIEC",
        "BKL",
        "DF",
        "VASC"
    ],
    "per_class": {
        "MEL": {
            "fpr": [
                0.0,
                0.0,
                0.0,
                0.005813953488372093,
                0.005813953488372093,
                0.029069767441860465,
                0.029069767441860465,
                0.09883720930232558,
                0.09883720930232558,
                0.13953488372093023,
                0.13953488372093023,
                0.14534883720930233,
                0.14534883720930233,
                0.1511627906976744,
                0.1511627906976744,
                0.16279069767441862,
                0.16279069767441862,
                0.19767441860465115,
                0.19767441860465115,
                0.36627906976744184,
                0.36627906976744184,
                1.0
            ],
            "tpr": [
                0.0,
                0.047619047619047616,
                0.42857142857142855,
                0.42857142857142855,
                0.5714285714285714,
                0.5714285714285714,
                0.6190476190476191,
                0.6190476190476191,
                0.6666666666666666,
                0.6666666666666666,
                0.7142857142857143,
                0.7142857142857143,
                0.8095238095238095,
                0.8095238095238095,
                0.8571428571428571,
                0.8571428571428571,
                0.9047619047619048,
                0.9047619047619048,
                0.9523809523809523,
                0.9523809523809523,
                1.0,
                1.0
            ],
            "auc": 0.9307862679955703
        },
        "NV": {
            "fpr": [
                0.0,
                0.0,
                0.0,
                0.0,
                0.0,
                0.0,
                0.0,
                0.0,
                0.0,
                0.014285714285714285,
                0.014285714285714285,
                0.02857142857142857,
                0.02857142857142857,
                0.04285714285714286,
                0.04285714285714286,
                0.05714285714285714,
                0.05714285714285714,
                0.07142857142857142,
                0.07142857142857142,
                0.08571428571428572,
                0.08571428571428572,
                0.12857142857142856,
                0.12857142857142856,
                0.14285714285714285,
                0.14285714285714285,
                0.17142857142857143,
                0.17142857142857143,
                0.18571428571428572,
                0.18571428571428572,
                0.35714285714285715,
                0.35714285714285715,
                0.4857142857142857,
                0.4857142857142857,
                0.5,
                0.5,
                0.6142857142857143,
                0.6142857142857143,
                0.7,
                0.7,
                1.0
            ],
            "tpr": [
                0.0,
                0.016260162601626018,
                0.04878048780487805,
                0.06504065040650407,
                0.08943089430894309,
                0.10569105691056911,
                0.17073170731707318,
                0.18699186991869918,
                0.6178861788617886,
                0.6178861788617886,
                0.6341463414634146,
                0.6341463414634146,
                0.7317073170731707,
                0.7317073170731707,
                0.8211382113821138,
                0.8211382113821138,
                0.8373983739837398,
                0.8373983739837398,
                0.8455284552845529,
                0.8455284552845529,
                0.8699186991869918,
                0.8699186991869918,
                0.8861788617886179,
                0.8861788617886179,
                0.9186991869918699,
                0.9186991869918699,
                0.9512195121951219,
                0.9512195121951219,
                0.959349593495935,
                0.959349593495935,
                0.967479674796748,
                0.967479674796748,
                0.975609756097561,
                0.975609756097561,
                0.983739837398374,
                0.983739837398374,
                0.991869918699187,
                0.991869918699187,
                1.0,
                1.0
            ],
            "auc": 0.954123112659698
        },
        "BCC": {
            "fpr": [
                0.0,
                0.0,
                0.0056179775280898875,
                0.0056179775280898875,
                0.011235955056179775,
                0.011235955056179775,
                0.07303370786516854,
                0.07303370786516854,
                0.08426966292134831,
                0.08426966292134831,
                1.0
            ],
            "tpr": [
                0.0,
                0.06666666666666667,
                0.06666666666666667,
                0.3333333333333333,
                0.3333333333333333,
                0.7333333333333333,
                0.7333333333333333,
                0.8666666666666667,
                0.8666666666666667,
                1.0,
                1.0
            ],
            "auc": 0.9730337078651685
        },
        "AKIEC": {
            "fpr": [
                0.0,
                0.0,
                0.010810810810810811,
                0.010810810810810811,
                0.043243243243243246,
                0.043243243243243246,
                0.05405405405405406,
                0.05405405405405406,
                0.10270270270270271,
                0.10270270270270271,
                0.12432432432432433,
                0.12432432432432433,
                0.32432432432432434,
                0.32432432432432434,
                1.0
            ],
            "tpr": [
                0.0,
                0.125,
                0.125,
                0.375,
                0.375,
                0.5,
                0.5,
                0.625,
                0.625,
                0.75,
                0.75,
                0.875,
                0.875,
                1.0,
                1.0
            ],
            "auc": 0.9162162162162162
        },
        "BKL": {
            "fpr": [
                0.0,
                0.0,
                0.005847953216374269,
                0.005847953216374269,
                0.017543859649122806,
                0.017543859649122806,
                0.023391812865497075,
                0.023391812865497075,
                0.04093567251461988,
                0.04093567251461988,
                0.04678362573099415,
                0.04678362573099415,
                0.05263157894736842,
                0.05263157894736842,
                0.05847953216374269,
                0.05847953216374269,
                0.08187134502923976,
                0.08187134502923976,
                0.0935672514619883,
                0.0935672514619883,
                0.1286549707602339,
                0.1286549707602339,
                0.15204678362573099,
                0.15204678362573099,
                0.27485380116959063,
                0.27485380116959063,
                0.32748538011695905,
                0.32748538011695905,
                0.4502923976608187,
                0.4502923976608187,
                1.0
            ],