{
    "epoch": 11,
    "num_classes": 7,
    "class_names": [
        "MEL",
        "NV",
        "BCC",
        "AKIEC",
        "BKL",
        "DF",
        "VASC"
    ],
    "per_class": {
        "MEL": {
            "fpr": [
                0.0,
                0.0,
                0.005813953488372093,
                0.005813953488372093,
                0.011627906976744186,
                0.011627906976744186,
                0.023255813953488372,
                0.023255813953488372,
                0.029069767441860465,
                0.029069767441860465,
                0.046511627906976744,
                0.046511627906976744,
                0.06976744186046512,
                0.06976744186046512,
                0.12790697674418605,
                0.12790697674418605,
                0.14534883720930233,
                0.14534883720930233,
                0.27906976744186046,
                0.27906976744186046,
                0.4418604651162791,
                0.4418604651162791,
                1.0
            ],
            "tpr": [
                0.0,
                0.047619047619047616,
                0.047619047619047616,
                0.3333333333333333,
                0.3333333333333333,
                0.42857142857142855,
                0.42857142857142855,
                0.5238095238095238,
                0.5238095238095238,
                0.6190476190476191,
                0.6190476190476191,
                0.7142857142857143,
                0.7142857142857143,
                0.7619047619047619,
                0.7619047619047619,
                0.8571428571428571,
                0.8571428571428571,
                0.9047619047619048,
                0.9047619047619048,
                0.9523809523809523,
                0.9523809523809523,
                1.0,
                1.0
            ],
            "auc": 0.931063122923588
        },
        "NV": {
            "fpr": [
                0.0,
                0.0,
                0.0,
                0.014285714285714285,
                0.014285714285714285,
                0.04285714285714286,
                0.04285714285714286,
                0.07142857142857142,
                0.07142857142857142,
                0.1,
                0.1,
                0.11428571428571428,
                0.11428571428571428,
                0.12857142857142856,
                0.12857142857142856,
                0.14285714285714285,
                0.14285714285714285,
                0.17142857142857143,
                0.17142857142857143,
                0.2714285714285714,
                0.2714285714285714,
                0.45714285714285713,
                0.45714285714285713,
                0.6428571428571429,
                0.6428571428571429,
                0.7571428571428571,
                0.7571428571428571,
                1.0
            ],
            "tpr": [
                0.0,
                0.008130081300813009,
                0.6829268292682927,
                0.6829268292682927,
                0.8373983739837398,
                0.8373983739837398,
                0.8536585365853658,
                0.8536585365853658,
                0.8861788617886179,
                0.8861788617886179,
                0.8943089430894309,
                0.8943089430894309,
                0.9024390243902439,
                0.9024390243902439,
                0.9186991869918699,
                0.9186991869918699,
                0.943089430894309,
                0.943089430894309,
                0.959349593495935,
                0.959349593495935,
                0.967479674796748,
                0.967479674796748,
                0.983739837398374,
                0.983739837398374,
                0.991869918699187,
                0.991869918699187,
                1.0,
                1.0
            ],
            "auc": 0.9636469221835076
        },
        "BCC": {
            "fpr": [
                0.0,
                0.0,
                0.0,
                0.011235955056179775,
                0.011235955056179775,
                0.016853932584269662,
                0.016853932584269662,
                0.0449438202247191,
                0.0449438202247191,
                0.09550561797752809,
                0.09550561797752809,
                0.29213483146067415,
                0.29213483146067415,
                1.0
            ],
            "tpr": [
                0.0,
                0.06666666666666667,
                0.4666666666666667,
                0.4666666666666667,
                0.7333333333333333,
                0.7333333333333333,
                0.8,
                0.8,
                0.8666666666666667,
                0.8666666666666667,
                0.9333333333333333,
                0.9333333333333333,
                1.0,
                1.0
            ],
            "auc": 0.9670411985018725
        },
        "AKIEC": {
            "fpr": [
                0.0,
                0.0,
                0.07027027027027027,
                0.07027027027027027,
                0.0972972972972973,
                0.0972972972972973,
                0.10270270270270271,
                0.10270270270270271,
                0.14594594594594595,
                0.14594594594594595,
                0.15675675675675677,
                0.15675675675675677,
                0.2918918918918919,
                0.2918918918918919,
                1.0
            ],
            "tpr": [
                0.0,
                0.125,
                0.125,
                0.25,
                0.25,
                0.5,
                0.5,
                0.625,
                0.625,
                0.75,
                0.75,
                0.875,
                0.875,
                1.0,
                1.0
            ],
            "auc": 0.8797297297297297
        },
        "BKL": {
            "fpr": [
                0.0,
                0.005847953216374269,
                0.005847953216374269,
                0.023391812865497075,
                0.023391812865497075,
                0.029239766081871343,
                0.029239766081871343,
                0.04093567251461988,
                0.04093567251461988,
                0.07602339181286549,
                0.07602339181286549,
                0.09941520467836257,
                0.09941520467836257,
                0.11695906432748537,
                0.11695906432748537,
                0.12280701754385964,
                0.12280701754385964,
                0.1286549707602339,
                0.1286549707602339,
                0.2046783625730994,
                0.2046783625730994,
                0.22807017543859648,
                0.22807017543859648,
                0.23391812865497075,
                0.23391812865497075,
                0.36257309941520466,
                0.36257309941520466,
                1.0
            ],
            "tpr": [
                0.0,
                0.0,
                0.09090909090909091,
                0.09090909090909091,
                0.18181818181818182,
                0.18181818181818182,
                0.2727272727272727,
                0.2727272727272727,
                0.3181818181818182,
                0.3181818181818182,
                0.36363636363636365,
                0.36363636363636365,
                0.4090909090909091,
                0.4090909090909091,
                0.5,
                0.5,
                0.5454545454545454,
                0.5454545454545454,
                0.8181818181818182,
                0.8181818181818182,
                0.8636363636363636,
                0.8636363636363636,
                0.9090909090909091,
                0.9090909090909091,
                0.9545454545454546,
                0.9545454545454546,
                1.0,
                1.0
            ],