{
    "epoch": 20,
    "num_classes": 7,
    "class_names": [
        "MEL",
        "NV",
        "BCC",
        "AKIEC",
        "BKL",
        "DF",
        "VASC"
    ],
    "per_class": {
        "MEL": {
            "fpr": [
                0.0,
                0.0,
                0.0,
                0.005813953488372093,
                0.005813953488372093,
                0.01744186046511628,
                0.01744186046511628,
                0.06976744186046512,
                0.06976744186046512,
                0.0755813953488372,
                0.0755813953488372,
                0.10465116279069768,
                0.10465116279069768,
                0.13372093023255813,
                0.13372093023255813,
                0.18023255813953487,
                0.18023255813953487,
                0.19186046511627908,
                0.19186046511627908,
                0.22093023255813954,
                0.22093023255813954,
                0.25,
                0.25,
                0.2558139534883721,
                0.2558139534883721,
                0.26744186046511625,
                0.26744186046511625,
                0.32558139534883723,
                0.32558139534883723,
                0.38953488372093026,
                0.38953488372093026,
                0.4418604651162791,
                0.4418604651162791,
                1.0
            ],
            "tpr": [
                0.0,
                0.047619047619047616,
                0.23809523809523808,
                0.23809523809523808,
                0.2857142857142857,
                0.2857142857142857,
                0.3333333333333333,
                0.3333333333333333,
                0.38095238095238093,
                0.38095238095238093,
                0.42857142857142855,
                0.42857142857142855,
                0.47619047619047616,
                0.47619047619047616,
                0.5238095238095238,
                0.5238095238095238,
                0.5714285714285714,
                0.5714285714285714,
                0.6190476190476191,
                0.6190476190476191,
                0.6666666666666666,
                0.6666666666666666,
                0.7142857142857143,
                0.7142857142857143,
                0.7619047619047619,
                0.7619047619047619,
                0.8095238095238095,
                0.8095238095238095,
                0.8571428571428571,
                0.8571428571428571,
                0.9047619047619048,
                0.9047619047619048,
                1.0,
                1.0
            ],
            "auc": 0.8394241417497231
        },
        "NV": {
            "fpr": [
                0.0,
                0.0,
                0.0,
                0.014285714285714285,
                0.014285714285714285,
                0.02857142857142857,
                0.02857142857142857,
                0.04285714285714286,
                0.04285714285714286,
                0.05714285714285714,
                0.05714285714285714,
                0.07142857142857142,
                0.07142857142857142,
                0.1,
                0.1,
                0.12857142857142856,
                0.12857142857142856,
                0.14285714285714285,
                0.14285714285714285,
                0.15714285714285714,
                0.15714285714285714,
                0.17142857142857143,
                0.17142857142857143,
                0.18571428571428572,
                0.18571428571428572,
                0.2,
                0.2,
                0.21428571428571427,
                0.21428571428571427,
                0.2571428571428571,
                0.2571428571428571,
                0.2857142857142857,
                0.2857142857142857,
                0.32857142857142857,
                0.32857142857142857,
                0.34285714285714286,
                0.34285714285714286,
                0.4,
                0.4,
                0.4142857142857143,
                0.4142857142857143,
                0.44285714285714284,
                0.44285714285714284,
                0.4714285714285714,
                0.4714285714285714,
                0.5285714285714286,
                0.5285714285714286,
                0.5857142857142857,
                0.5857142857142857,
                0.6714285714285714,
                0.6714285714285714,
                0.8142857142857143,
                0.8142857142857143,
                1.0
            ],
            "tpr": [
                0.0,
                0.008130081300813009,
                0.5447154471544715,
                0.5447154471544715,
                0.5609756097560976,
                0.5609756097560976,
                0.5691056910569106,
                0.5691056910569106,
                0.5853658536585366,
                0.5853658536585366,
                0.6585365853658537,
                0.6585365853658537,
                0.7317073170731707,
                0.7317073170731707,
                0.7398373983739838,
                0.7398373983739838,
                0.7560975609756098,
                0.7560975609756098,
                0.7723577235772358,
                0.7723577235772358,
                0.7804878048780488,
                0.7804878048780488,
                0.8048780487804879,
                0.8048780487804879,
                0.8211382113821138,
                0.8211382113821138,
                0.8292682926829268,
                0.8292682926829268,
                0.8536585365853658,
                0.8536585365853658,
                0.8699186991869918,
                0.8699186991869918,
                0.8780487804878049,
                0.8780487804878049,
                0.8943089430894309,
                0.8943089430894309,
                0.9186991869918699,
                0.9186991869918699,
                0.9349593495934959,
                0.9349593495934959,
                0.943089430894309,
                0.943089430894309,
                0.9512195121951219,
                0.9512195121951219,
                0.959349593495935,
                0.959349593495935,
                0.967479674796748,
                0.967479674796748,
                0.975609756097561,
                0.975609756097561,
                0.991869918699187,
                0.991869918699187,
                1.0,
                1.0
            ],
            "auc": 0.9047619047619048
        },
        "BCC": {
            "fpr": [
                0.0,
                0.0056179775280898875,
                0.0056179775280898875,
                0.011235955056179775,
                0.011235955056179775,
                0.02247191011235955,
                0.02247191011235955,
                0.0449438202247191,
                0.0449438202247191,
                0.08426966292134831,
                0.08426966292134831,
                1.0
            ],
            "tpr": [
                0.0,
                0.0,
                0.4,
                0.4,
                0.7333333333333333,
                0.7333333333333333,
                0.8666666666666667,
                0.8666666666666667,
                0.9333333333333333,
                0.9333333333333333,
                1.0,
                1.0
            ],
            "auc": 0.9823970037453184
        },