{
    "epoch": 15,
    "num_classes": 7,
    "class_names": [
        "MEL",
        "NV",
        "BCC",
        "AKIEC",
        "BKL",
        "DF",
        "VASC"
    ],
    "per_class": {
        "MEL": {
            "fpr": [
                0.0,
                0.0,
                0.0,
                0.005813953488372093,
                0.005813953488372093,
                0.011627906976744186,
                0.011627906976744186,
                0.023255813953488372,
                0.023255813953488372,
                0.029069767441860465,
                0.029069767441860465,
                0.03488372093023256,
                0.03488372093023256,
                0.5988372093023255,
                0.5988372093023255,
                0.7151162790697675,
                0.7151162790697675,
                0.7906976744186046,
                0.7906976744186046,
                1.0
            ],
            "tpr": [
                0.0,
                0.047619047619047616,
                0.2857142857142857,
                0.2857142857142857,
                0.42857142857142855,
                0.42857142857142855,
                0.6666666666666666,
                0.6666666666666666,
                0.7619047619047619,
                0.7619047619047619,
                0.8095238095238095,
                0.8095238095238095,
                0.8571428571428571,
                0.8571428571428571,
                0.9047619047619048,
                0.9047619047619048,
                0.9523809523809523,
                0.9523809523809523,
                1.0,
                1.0
            ],
            "auc": 0.8909191583610189
        },
        "NV": {
            "fpr": [
                0.0,
                0.014285714285714285,
                0.014285714285714285,
                0.02857142857142857,
                0.02857142857142857,
                0.04285714285714286,
                0.04285714285714286,
                0.05714285714285714,
                0.05714285714285714,
                0.08571428571428572,
                0.08571428571428572,
                0.1,
                0.1,
                0.11428571428571428,
                0.11428571428571428,
                0.2857142857142857,
                0.2857142857142857,
                0.6428571428571429,
                0.6428571428571429,
                0.8285714285714286,
                0.8285714285714286,
                1.0
            ],
            "tpr": [
                0.0,
                0.0,
                0.056910569105691054,
                0.056910569105691054,
                0.9186991869918699,
                0.9186991869918699,
                0.926829268292683,
                0.926829268292683,
                0.943089430894309,
                0.943089430894309,
                0.9512195121951219,
                0.9512195121951219,
                0.959349593495935,
                0.959349593495935,
                0.975609756097561,
                0.975609756097561,
                0.983739837398374,
                0.983739837398374,
                0.991869918699187,
                0.991869918699187,
                1.0,
                1.0
            ],
            "auc": 0.9556329849012776
        },
        "BCC": {
            "fpr": [
                0.0,
                0.0056179775280898875,
                0.0056179775280898875,
                0.011235955056179775,
                0.011235955056179775,
                0.016853932584269662,
                0.016853932584269662,
                0.0449438202247191,
                0.0449438202247191,
                0.12359550561797752,
                0.12359550561797752,
                1.0
            ],
            "tpr": [
                0.0,
                0.0,
                0.06666666666666667,
                0.06666666666666667,
                0.3333333333333333,
                0.3333333333333333,
                0.8,
                0.8,
                0.9333333333333333,
                0.9333333333333333,
                1.0,
                1.0
            ],
            "auc": 0.9745318352059925
        },
        "AKIEC": {
            "fpr": [
                0.0,
                0.0,
                0.0,
                0.010810810810810811,
                0.010810810810810811,
                0.03783783783783784,
                0.03783783783783784,
                0.0972972972972973,
                0.0972972972972973,
                0.14054054054054055,
                0.14054054054054055,
                1.0
            ],
            "tpr": [
                0.0,
                0.125,
                0.5,
                0.5,
                0.625,
                0.625,
                0.75,
                0.75,
                0.875,
                0.875,
                1.0,
                1.0
            ],
            "auc": 0.9641891891891892
        },
        "BKL": {
            "fpr": [
                0.0,
                0.0,
                0.0,
                0.005847953216374269,
                0.005847953216374269,
                0.017543859649122806,
                0.017543859649122806,
                0.029239766081871343,
                0.029239766081871343,
                0.03508771929824561,
                0.03508771929824561,
                0.04093567251461988,
                0.04093567251461988,
                0.06432748538011696,
                0.06432748538011696,
                0.07017543859649122,
                0.07017543859649122,
                0.1111111111111111,
                0.1111111111111111,
                0.9239766081871345,
                0.9239766081871345,
                1.0
            ],
            "tpr": [
                0.0,
                0.045454545454545456,
                0.13636363636363635,
                0.13636363636363635,
                0.5909090909090909,
                0.5909090909090909,
                0.6363636363636364,
                0.6363636363636364,
                0.6818181818181818,
                0.6818181818181818,
                0.7272727272727273,
                0.7272727272727273,
                0.7727272727272727,
                0.7727272727272727,
                0.8181818181818182,
                0.8181818181818182,
                0.9090909090909091,
                0.9090909090909091,
                0.9545454545454546,
                0.9545454545454546,
                1.0,
                1.0
            ],
            "auc": 0.9354066985645935
        },
        "DF": {
            "fpr": [
                0.0,
                0.0,
                1.0
            ],
            "tpr": [
                0.0,
                1.0,
                1.0
            ],
            "auc": 1.0
        },
        "VASC": {
            "fpr": [
                0.0,
                0.0,
                0.0,
                1.0
            ],
            "tpr": [
                0.0,
                0.3333333333333333,
                1.0,
                1.0
            ],
            "auc": 1.0
        }
    },
    "macro_average_auc": 0.9631628745163994
}