{
    "epoch": 50,
    "num_classes": 7,
    "class_names": [
        "MEL",
        "NV",
        "BCC",
        "AKIEC",
        "BKL",
        "DF",
        "VASC"
    ],
    "per_class": {
        "MEL": {
            "fpr": [
                0.0,
                0.0,
                0.0,
                0.005813953488372093,
                0.005813953488372093,
                0.011627906976744186,
                0.011627906976744186,
                0.6569767441860465,
                0.6569767441860465,
                0.7732558139534884,
                0.7732558139534884,
                0.8313953488372093,
                0.8313953488372093,
                1.0
            ],
            "tpr": [
                0.0,
                0.047619047619047616,
                0.6190476190476191,
                0.6190476190476191,
                0.8095238095238095,
                0.8095238095238095,
                0.8571428571428571,
                0.8571428571428571,
                0.9047619047619048,
                0.9047619047619048,
                0.9523809523809523,
                0.9523809523809523,
                1.0,
                1.0
            ],
            "auc": 0.890642303433001
        },
        "NV": {
            "fpr": [
                0.0,
                0.0,
                0.0,
                0.014285714285714285,
                0.014285714285714285,
                0.02857142857142857,
                0.02857142857142857,
                0.04285714285714286,
                0.04285714285714286,
                0.05714285714285714,
                0.05714285714285714,
                0.1,
                0.1,
                0.12857142857142856,
                0.12857142857142856,
                0.4,
                0.4,
                0.5571428571428572,
                0.5571428571428572,
                0.6285714285714286,
                0.6285714285714286,
                1.0
            ],
            "tpr": [
                0.0,
                0.008130081300813009,
                0.7154471544715447,
                0.7154471544715447,
                0.8699186991869918,
                0.8699186991869918,
                0.8943089430894309,
                0.8943089430894309,
                0.9186991869918699,
                0.9186991869918699,
                0.9512195121951219,
                0.9512195121951219,
                0.967479674796748,
                0.967479674796748,
                0.975609756097561,
                0.975609756097561,
                0.983739837398374,
                0.983739837398374,
                0.991869918699187,
                0.991869918699187,
                1.0,
                1.0
            ],
            "auc": 0.9786295005807202
        },
        "BCC": {
            "fpr": [
                0.0,
                0.0056179775280898875,
                0.011235955056179775,
                0.011235955056179775,
                0.02247191011235955,
                0.02247191011235955,
                0.028089887640449437,
                0.028089887640449437,
                0.2696629213483146,
                0.2696629213483146,
                1.0
            ],
            "tpr": [
                0.0,
                0.0,
                0.0,
                0.7333333333333333,
                0.7333333333333333,
                0.8,
                0.8,
                0.9333333333333333,
                0.9333333333333333,
                1.0,
                1.0
            ],
            "auc": 0.9685393258426966
        },
        "AKIEC": {
            "fpr": [
                0.0,
                0.0,
                0.0,
                0.010810810810810811,
                0.010810810810810811,
                0.016216216216216217,
                0.016216216216216217,
                0.572972972972973,
                0.572972972972973,
                0.7297297297297297,
                0.7297297297297297,
                0.8486486486486486,
                0.8486486486486486,
                1.0
            ],
            "tpr": [
                0.0,
                0.125,
                0.375,
                0.375,
                0.5,
                0.5,
                0.625,
                0.625,
                0.75,
                0.75,
                0.875,
                0.875,
                1.0,
                1.0
            ],
            "auc": 0.7277027027027028
        },
        "BKL": {
            "fpr": [
                0.0,
                0.0,
                0.0,
                0.017543859649122806,
                0.017543859649122806,
                0.023391812865497075,
                0.023391812865497075,
                0.03508771929824561,
                0.03508771929824561,
                0.04093567251461988,
                0.04093567251461988,
                0.08187134502923976,
                0.08187134502923976,
                0.9532163742690059,
                0.9532163742690059,
                1.0
            ],
            "tpr": [
                0.0,
                0.045454545454545456,
                0.2727272727272727,
                0.2727272727272727,
                0.3181818181818182,
                0.3181818181818182,
                0.7727272727272727,
                0.7727272727272727,
                0.8636363636363636,
                0.8636363636363636,
                0.9090909090909091,
                0.9090909090909091,
                0.9545454545454546,
                0.9545454545454546,
                1.0,
                1.0
            ],
            "auc": 0.9364699627857522
        },
        "DF": {
            "fpr": [
                0.0,
                0.0,
                1.0
            ],
            "tpr": [
                0.0,
                1.0,
                1.0
            ],
            "auc": 1.0
        },
        "VASC": {
            "fpr": [
                0.0,
                0.0,
                0.0,
                1.0
            ],
            "tpr": [
                0.0,
                0.3333333333333333,
                1.0,
                1.0
            ],
            "auc": 1.0
        }
    },
    "macro_average_auc": 0.9318892555826742
}