{
    "epoch": 5,
    "num_classes": 7,
    "class_names": [
        "MEL",
        "NV",
        "BCC",
        "AKIEC",
        "BKL",
        "DF",
        "VASC"
    ],
    "per_class": {
        "MEL": {
            "fpr": [
                0.0,
                0.0,
                0.0,
                0.03488372093023256,
                0.03488372093023256,
                0.040697674418604654,
                0.040697674418604654,
                0.05813953488372093,
                0.05813953488372093,
                0.09302325581395349,
                0.09302325581395349,
                0.13372093023255813,
                0.13372093023255813,
                0.13953488372093023,
                0.13953488372093023,
                0.1511627906976744,
                0.1511627906976744,
                0.25,
                0.25,
                0.7267441860465116,
                0.7267441860465116,
                1.0
            ],
            "tpr": [
                0.0,
                0.047619047619047616,
                0.5714285714285714,
                0.5714285714285714,
                0.6190476190476191,
                0.6190476190476191,
                0.6666666666666666,
                0.6666666666666666,
                0.7142857142857143,
                0.7142857142857143,
                0.7619047619047619,
                0.7619047619047619,
                0.8095238095238095,
                0.8095238095238095,
                0.8571428571428571,
                0.8571428571428571,
                0.9047619047619048,
                0.9047619047619048,
                0.9523809523809523,
                0.9523809523809523,
                1.0,
                1.0
            ],
            "auc": 0.9224806201550387
        },
        "NV": {
            "fpr": [
                0.0,
                0.0,
                0.0,
                0.014285714285714285,
                0.014285714285714285,
                0.02857142857142857,
                0.02857142857142857,
                0.05714285714285714,
                0.05714285714285714,
                0.1,
                0.1,
                0.11428571428571428,
                0.11428571428571428,
                0.21428571428571427,
                0.21428571428571427,
                0.22857142857142856,
                0.22857142857142856,
                0.2714285714285714,
                0.2714285714285714,
                0.2857142857142857,
                0.2857142857142857,
                0.3142857142857143,
                0.3142857142857143,
                0.32857142857142857,
                0.32857142857142857,
                0.4142857142857143,
                0.4142857142857143,
                0.4857142857142857,
                0.4857142857142857,
                0.5428571428571428,
                0.5428571428571428,
                0.5571428571428572,
                0.5571428571428572,
                0.6714285714285714,
                0.6714285714285714,
                0.7142857142857143,
                0.7142857142857143,
                1.0
            ],
            "tpr": [
                0.0,
                0.008130081300813009,
                0.8130081300813008,
                0.8130081300813008,
                0.8211382113821138,
                0.8211382113821138,
                0.8373983739837398,
                0.8373983739837398,
                0.8536585365853658,
                0.8536585365853658,
                0.8617886178861789,
                0.8617886178861789,
                0.8699186991869918,
                0.8699186991869918,
                0.8780487804878049,
                0.8780487804878049,
                0.8943089430894309,
                0.8943089430894309,
                0.9024390243902439,
                0.9024390243902439,
                0.9105691056910569,
                0.9105691056910569,
                0.9186991869918699,
                0.9186991869918699,
                0.9349593495934959,
                0.9349593495934959,
                0.943089430894309,
                0.943089430894309,
                0.9512195121951219,
                0.9512195121951219,
                0.967479674796748,
                0.967479674796748,
                0.975609756097561,
                0.975609756097561,
                0.983739837398374,
                0.983739837398374,
                1.0,
                1.0
            ],
            "auc": 0.9411149825783972
        },
        "BCC": {
            "fpr": [
                0.0,
                0.0,
                0.0,
                0.0056179775280898875,
                0.0056179775280898875,
                0.016853932584269662,
                0.016853932584269662,
                0.02247191011235955,
                0.02247191011235955,
                0.03932584269662921,
                0.03932584269662921,
                0.06179775280898876,
                0.06179775280898876,
                0.07865168539325842,
                0.07865168539325842,
                0.33707865168539325,
                0.33707865168539325,
                1.0
            ],
            "tpr": [
                0.0,
                0.06666666666666667,
                0.2,
                0.2,
                0.4,
                0.4,
                0.4666666666666667,
                0.4666666666666667,
                0.6,
                0.6,
                0.6666666666666666,
                0.6666666666666666,
                0.8,
                0.8,
                0.9333333333333333,
                0.9333333333333333,
                1.0,
                1.0
            ],
            "auc": 0.950936329588015
        },
        "AKIEC": {
            "fpr": [
                0.0,
                0.0,
                0.0,
                0.02702702702702703,
                0.02702702702702703,
                0.03783783783783784,
                0.03783783783783784,
                0.06486486486486487,
                0.06486486486486487,
                0.07027027027027027,
                0.07027027027027027,
                0.23243243243243245,
                0.23243243243243245,
                1.0
            ],
            "tpr": [
                0.0,
                0.125,
                0.375,
                0.375,
                0.5,
                0.5,
                0.625,
                0.625,
                0.75,
                0.75,
                0.875,
                0.875,
                1.0,
                1.0
            ],
            "auc": 0.9459459459459458
        },
        "BKL": {
            "fpr": [
                0.0,
                0.0,
                0.0,
                0.017543859649122806,
                0.017543859649122806,
                0.023391812865497075,
                0.023391812865497075,
                0.029239766081871343,
                0.029239766081871343,
                0.05847953216374269,
                0.05847953216374269,
                0.08187134502923976,
                0.08187134502923976,
                0.10526315789473684,
                0.10526315789473684,
                0.1111111111111111,
                0.1111111111111111,
                0.26900584795321636,
                0.26900584795321636,
                0.27485380116959063,
                0.27485380116959063,
                1.0
            ],