{
    "overall": {
        "accuracy": 66.53439153439153,
        "balanced_multiclass_accuracy": 0.38037073044778485,
        "macro_recall": 0.38037073044778485,
        "macro_precision": 0.4292693449439363,
        "macro_f1": 0.39014249927381,
        "multiclass_macro_auc_ovr": 0.8779240010717801,
        "mean_auc_all_diagnoses": 0.8779240010717801,
        "mean_average_precision_all_diagnoses": 0.42800167580507364,
        "mean_sensitivity": 0.38037073044778485,
        "mean_specificity": 0.9192541507239123,
        "mean_accuracy": 0.9043839758125474,
        "mean_f1": 0.39014249927381,
        "mean_ppv": 0.4292693449439363,
        "mean_npv": 0.9281988264734268,
        "melanoma_auc80": 0.6649092280788973,
        "malignant_vs_benign_auc": 0.8443888791274143,
        "mcc": 0.4118414959066615,
        "cohen_kappa": 0.4085522257216143,
        "mean_youden_index": 0.2996248811716971
    },
    "per_class": {
        "MEL": {
            "sensitivity": 0.3742690058479532,
            "specificity": 0.9388516032811335,
            "accuracy": 0.875,
            "auc": 0.8285777830108455,
            "average_precision": 0.4038463477579,
            "f1_score": 0.4037854889589905,
            "ppv": 0.4383561643835616,
            "npv": 0.9216691068814056,
            "auc80": 0.6649092280788973,
            "youden_index": 0.3131206091290868
        },
        "NV": {
            "sensitivity": 0.8800880088008801,
            "specificity": 0.6500829187396352,
            "accuracy": 0.7883597883597884,
            "auc": 0.8768278154515285,
            "average_precision": 0.9161388136114921,
            "f1_score": 0.8333333333333334,
            "ppv": 0.7912957467853611,
            "npv": 0.782435129740519,
            "auc80": NaN,
            "youden_index": 0.5301709275405153
        },
        "BCC": {
            "sensitivity": 0.3655913978494624,
            "specificity": 0.966878083157153,
            "accuracy": 0.9298941798941799,
            "auc": 0.9202831010782998,
            "average_precision": 0.4213885489787851,
            "f1_score": 0.3908045977011494,
            "ppv": 0.41975308641975306,
            "npv": 0.9587700908455625,
            "auc80": NaN,
            "youden_index": 0.33246948100661533
        },
        "AKIEC": {
            "sensitivity": 0.3953488372093023,
            "specificity": 0.9639210347174949,
            "accuracy": 0.9477513227513228,
            "auc": 0.9123593015340288,
            "average_precision": 0.20499903417434903,
            "f1_score": 0.30088495575221236,
            "ppv": 0.24285714285714285,
            "npv": 0.9819694868238558,
            "auc80": NaN,
            "youden_index": 0.35926987192679727
        },
        "BKL": {
            "sensitivity": 0.37327188940092165,
            "specificity": 0.932046332046332,
            "accuracy": 0.8518518518518519,
            "auc": 0.8074764692276213,
            "average_precision": 0.4625623698617331,
            "f1_score": 0.41968911917098445,
            "ppv": 0.47928994082840237,
            "npv": 0.8987341772151899,
            "auc80": NaN,
            "youden_index": 0.3053182214472536
        },
        "DF": {
            "sensitivity": 0.045454545454545456,
            "specificity": 0.9877384196185286,
            "accuracy": 0.9603174603174603,
            "auc": 0.8636054000495417,
            "average_precision": 0.1235478064406778,
            "f1_score": 0.06250000000000001,
            "ppv": 0.1,
            "npv": 0.9718498659517426,
            "auc80": NaN,
            "youden_index": 0.03319296507307401
        },
        "VASC": {
            "sensitivity": 0.22857142857142856,
            "specificity": 0.995260663507109,
            "accuracy": 0.9775132275132276,
            "auc": 0.9363381371505949,
            "average_precision": 0.46352880981057865,
            "f1_score": 0.32,
            "ppv": 0.5333333333333333,
            "npv": 0.9819639278557114,
            "auc80": NaN,
            "youden_index": 0.2238320920785375
        }
    },
    "malignant_definition_used": [
        "MEL",
        "BCC",
        "AKIEC"
    ],
    "test_loss": 1.440492972495064
}