{
    "epoch": 45,
    "num_classes": 7,
    "class_names": [
        "MEL",
        "NV",
        "BCC",
        "AKIEC",
        "BKL",
        "DF",
        "VASC"
    ],
    "per_class": {
        "MEL": {
            "fpr": [
                0.0,
                0.0,
                0.0,
                0.005813953488372093,
                0.005813953488372093,
                0.011627906976744186,
                0.011627906976744186,
                0.01744186046511628,
                0.01744186046511628,
                0.023255813953488372,
                0.023255813953488372,
                0.040697674418604654,
                0.040697674418604654,
                0.046511627906976744,
                0.046511627906976744,
                0.9534883720930233,
                0.9534883720930233,
                0.9709302325581395,
                0.9709302325581395,
                1.0
            ],
            "tpr": [
                0.0,
                0.047619047619047616,
                0.23809523809523808,
                0.23809523809523808,
                0.38095238095238093,
                0.38095238095238093,
                0.5714285714285714,
                0.5714285714285714,
                0.6190476190476191,
                0.6190476190476191,
                0.7619047619047619,
                0.7619047619047619,
                0.8571428571428571,
                0.8571428571428571,
                0.9047619047619048,
                0.9047619047619048,
                0.9523809523809523,
                0.9523809523809523,
                1.0,
                1.0
            ],
            "auc": 0.8950719822812846
        },
        "NV": {
            "fpr": [
                0.0,
                0.0,
                0.0,
                0.014285714285714285,
                0.014285714285714285,
                0.02857142857142857,
                0.02857142857142857,
                0.04285714285714286,
                0.04285714285714286,
                0.11428571428571428,
                0.11428571428571428,
                0.12857142857142856,
                0.12857142857142856,
                0.18571428571428572,
                0.18571428571428572,
                0.21428571428571427,
                0.21428571428571427,
                0.22857142857142856,
                0.22857142857142856,
                0.2857142857142857,
                0.2857142857142857,
                0.32857142857142857,
                0.32857142857142857,
                0.34285714285714286,
                0.34285714285714286,
                0.42857142857142855,
                0.42857142857142855,
                1.0
            ],
            "tpr": [
                0.0,
                0.008130081300813009,
                0.8617886178861789,
                0.8617886178861789,
                0.8861788617886179,
                0.8861788617886179,
                0.9024390243902439,
                0.9024390243902439,
                0.9105691056910569,
                0.9105691056910569,
                0.9186991869918699,
                0.9186991869918699,
                0.926829268292683,
                0.926829268292683,
                0.943089430894309,
                0.943089430894309,
                0.9512195121951219,
                0.9512195121951219,
                0.967479674796748,
                0.967479674796748,
                0.975609756097561,
                0.975609756097561,
                0.983739837398374,
                0.983739837398374,
                0.991869918699187,
                0.991869918699187,
                1.0,
                1.0
            ],
            "auc": 0.9771196283391403
        },
        "BCC": {
            "fpr": [
                0.0,
                0.0,
                0.0,
                0.0056179775280898875,
                0.0056179775280898875,
                0.02247191011235955,
                0.02247191011235955,
                0.033707865168539325,
                0.033707865168539325,
                0.06179775280898876,
                0.06179775280898876,
                1.0
            ],
            "tpr": [
                0.0,
                0.06666666666666667,
                0.6,
                0.6,
                0.7333333333333333,
                0.7333333333333333,
                0.8666666666666667,
                0.8666666666666667,
                0.9333333333333333,
                0.9333333333333333,
                1.0,
                1.0
            ],
            "auc": 0.9898876404494381
        },
        "AKIEC": {
            "fpr": [
                0.0,
                0.0,
                0.0,
                0.005405405405405406,
                0.005405405405405406,
                0.010810810810810811,
                0.010810810810810811,
                0.04864864864864865,
                0.04864864864864865,
                0.06486486486486487,
                0.06486486486486487,
                0.07027027027027027,
                0.07027027027027027,
                1.0
            ],
            "tpr": [
                0.0,
                0.125,
                0.375,
                0.375,
                0.5,
                0.5,
                0.625,
                0.625,
                0.75,
                0.75,
                0.875,
                0.875,
                1.0,
                1.0
            ],
            "auc": 0.9750000000000001
        },
        "BKL": {
            "fpr": [
                0.0,
                0.0,
                0.0,
                0.011695906432748537,
                0.011695906432748537,
                0.017543859649122806,
                0.017543859649122806,
                0.023391812865497075,
                0.023391812865497075,
                0.029239766081871343,
                0.029239766081871343,
                0.03508771929824561,
                0.03508771929824561,
                0.07017543859649122,
                0.07017543859649122,
                0.08771929824561403,
                0.08771929824561403,
                0.8538011695906432,
                0.8538011695906432,
                0.935672514619883,
                0.935672514619883,
                1.0
            ],
            "tpr": [
                0.0,
                0.045454545454545456,
                0.09090909090909091,
                0.09090909090909091,
                0.18181818181818182,
                0.18181818181818182,
                0.5454545454545454,
                0.5454545454545454,
                0.5909090909090909,
                0.5909090909090909,
                0.6818181818181818,
                0.6818181818181818,
                0.8181818181818182,
                0.8181818181818182,
                0.8636363636363636,
                0.8636363636363636,
                0.9090909090909091,
                0.9090909090909091,
                0.9545454545454546,
                0.9545454545454546,
                1.0,
                1.0
            ],
            "auc": 0.8955342902711324
        },
        "DF": {
            "fpr": [
                0.0,
                0.0,
                1.0
            ],
            "tpr": [
                0.0,
                1.0,
                1.0
            ],
            "auc": 1.0
        },
        "VASC": {
            "fpr": [
                0.0,
                0.0,
                0.0,
                1.0
            ],
            "tpr": [
                0.0,
                0.3333333333333333,
                1.0,
                1.0
            ],
            "auc": 1.0
        }
    },
    "macro_average_auc": 0.9642701828188701
}