source_image,label,label_idx,seed_strategy,strength,guidance_scale,num_inference_steps,aug_idx,generator_seed,output_path,source_confidence,pred,pred_confidence,correct
ISIC_0031170,MEL,0,random,0.45,5.0,100,0,354,experiments\260526-0101_res256_sd_lora_uncond_all_seed42\sampling_img2img\random\strength_0.45_gs_5.0_steps_100\MEL\ISIC_0031170_label-MEL_strategy-random_strength-0.45_gs-5.0_aug-000.png,,,,
ISIC_0031170,MEL,0,random,0.45,5.0,100,1,1354,experiments\260526-0101_res256_sd_lora_uncond_all_seed42\sampling_img2img\random\strength_0.45_gs_5.0_steps_100\MEL\ISIC_0031170_label-MEL_strategy-random_strength-0.45_gs-5.0_aug-001.png,,,,
ISIC_0031170,MEL,0,random,0.45,5.0,100,2,2354,experiments\260526-0101_res256_sd_lora_uncond_all_seed42\sampling_img2img\random\strength_0.45_gs_5.0_steps_100\MEL\ISIC_0031170_label-MEL_strategy-random_strength-0.45_gs-5.0_aug-002.png,,,,
ISIC_0031170,MEL,0,random,0.45,5.0,100,3,3354,experiments\260526-0101_res256_sd_lora_uncond_all_seed42\sampling_img2img\random\strength_0.45_gs_5.0_steps_100\MEL\ISIC_0031170_label-MEL_strategy-random_strength-0.45_gs-5.0_aug-003.png,,,,
ISIC_0031170,MEL,0,random,0.45,5.0,100,4,4354,experiments\260526-0101_res256_sd_lora_uncond_all_seed42\sampling_img2img\random\strength_0.45_gs_5.0_steps_100\MEL\ISIC_0031170_label-MEL_strategy-random_strength-0.45_gs-5.0_aug-004.png,,,,
ISIC_0026647,MEL,0,random,0.45,5.0,100,0,239,experiments\260526-0101_res256_sd_lora_uncond_all_seed42\sampling_img2img\random\strength_0.45_gs_5.0_steps_100\MEL\ISIC_0026647_label-MEL_strategy-random_strength-0.45_gs-5.0_aug-000.png,,,,
ISIC_0026647,MEL,0,random,0.45,5.0,100,1,1239,experiments\260526-0101_res256_sd_lora_uncond_all_seed42\sampling_img2img\random\strength_0.45_gs_5.0_steps_100\MEL\ISIC_0026647_label-MEL_strategy-random_strength-0.45_gs-5.0_aug-001.png,,,,
ISIC_0026647,MEL,0,random,0.45,5.0,100,2,2239,experiments\260526-0101_res256_sd_lora_uncond_all_seed42\sampling_img2img\random\strength_0.45_gs_5.0_steps_100\MEL\ISIC_0026647_label-MEL_strategy-random_strength-0.45_gs-5.0_aug-002.png,,,,
ISIC_0026647,MEL,0,random,0.45,5.0,100,3,3239,experiments\260526-0101_res256_sd_lora_uncond_all_seed42\sampling_img2img\random\strength_0.45_gs_5.0_steps_100\MEL\ISIC_0026647_label-MEL_strategy-random_strength-0.45_gs-5.0_aug-003.png,,,,
ISIC_0026647,MEL,0,random,0.45,5.0,100,4,4239,experiments\260526-0101_res256_sd_lora_uncond_all_seed42\sampling_img2img\random\strength_0.45_gs_5.0_steps_100\MEL\ISIC_0026647_label-MEL_strategy-random_strength-0.45_gs-5.0_aug-004.png,,,,
ISIC_0024482,MEL,0,random,0.45,5.0,100,0,403,experiments\260526-0101_res256_sd_lora_uncond_all_seed42\sampling_img2img\random\strength_0.45_gs_5.0_steps_100\MEL\ISIC_0024482_label-MEL_strategy-random_strength-0.45_gs-5.0_aug-000.png,,,,
ISIC_0024482,MEL,0,random,0.45,5.0,100,1,1403,experiments\260526-0101_res256_sd_lora_uncond_all_seed42\sampling_img2img\random\strength_0.45_gs_5.0_steps_100\MEL\ISIC_0024482_label-MEL_strategy-random_strength-0.45_gs-5.0_aug-001.png,,,,
ISIC_0024482,MEL,0,random,0.45,5.0,100,2,2403,experiments\260526-0101_res256_sd_lora_uncond_all_seed42\sampling_img2img\random\strength_0.45_gs_5.0_steps_100\MEL\ISIC_0024482_label-MEL_strategy-random_strength-0.45_gs-5.0_aug-002.png,,,,
ISIC_0024482,MEL,0,random,0.45,5.0,100,3,3403,experiments\260526-0101_res256_sd_lora_uncond_all_seed42\sampling_img2img\random\strength_0.45_gs_5.0_steps_100\MEL\ISIC_0024482_label-MEL_strategy-random_strength-0.45_gs-5.0_aug-003.png,,,,
ISIC_0024482,MEL,0,random,0.45,5.0,100,4,4403,experiments\260526-0101_res256_sd_lora_uncond_all_seed42\sampling_img2img\random\strength_0.45_gs_5.0_steps_100\MEL\ISIC_0024482_label-MEL_strategy-random_strength-0.45_gs-5.0_aug-004.png,,,,
ISIC_0024733,MEL,0,random,0.45,5.0,100,0,45,experiments\260526-0101_res256_sd_lora_uncond_all_seed42\sampling_img2img\random\strength_0.45_gs_5.0_steps_100\MEL\ISIC_0024733_label-MEL_strategy-random_strength-0.45_gs-5.0_aug-000.png,,,,
ISIC_0024733,MEL,0,random,0.45,5.0,100,1,1045,experiments\260526-0101_res256_sd_lora_uncond_all_seed42\sampling_img2img\random\strength_0.45_gs_5.0_steps_100\MEL\ISIC_0024733_label-MEL_strategy-random_strength-0.45_gs-5.0_aug-001.png,,,,
ISIC_0024733,MEL,0,random,0.45,5.0,100,2,2045,experiments\260526-0101_res256_sd_lora_uncond_all_seed42\sampling_img2img\random\strength_0.45_gs_5.0_steps_100\MEL\ISIC_0024733_label-MEL_strategy-random_strength-0.45_gs-5.0_aug-002.png,,,,
ISIC_0024733,MEL,0,random,0.45,5.0,100,3,3045,experiments\260526-0101_res256_sd_lora_uncond_all_seed42\sampling_img2img\random\strength_0.45_gs_5.0_steps_100\MEL\ISIC_0024733_label-MEL_strategy-random_strength-0.45_gs-5.0_aug-003.png,,,,
ISIC_0024733,MEL,0,random,0.45,5.0,100,4,4045,experiments\260526-0101_res256_sd_lora_uncond_all_seed42\sampling_img2img\random\strength_0.45_gs_5.0_steps_100\MEL\ISIC_0024733_label-MEL_strategy-random_strength-0.45_gs-5.0_aug-004.png,,,,
ISIC_0028465,MEL,0,random,0.45,5.0,100,0,137,experiments\260526-0101_res256_sd_lora_uncond_all_seed42\sampling_img2img\random\strength_0.45_gs_5.0_steps_100\MEL\ISIC_0028465_label-MEL_strategy-random_strength-0.45_gs-5.0_aug-000.png,,,,
ISIC_0028465,MEL,0,random,0.45,5.0,100,1,1137,experiments\260526-0101_res256_sd_lora_uncond_all_seed42\sampling_img2img\random\strength_0.45_gs_5.0_steps_100\MEL\ISIC_0028465_label-MEL_strategy-random_strength-0.45_gs-5.0_aug-001.png,,,,
ISIC_0028465,MEL,0,random,0.45,5.0,100,2,2137,experiments\260526-0101_res256_sd_lora_uncond_all_seed42\sampling_img2img\random\strength_0.45_gs_5.0_steps_100\MEL\ISIC_0028465_label-MEL_strategy-random_strength-0.45_gs-5.0_aug-002.png,,,,
ISIC_0028465,MEL,0,random,0.45,5.0,100,3,3137,experiments\260526-0101_res256_sd_lora_uncond_all_seed42\sampling_img2img\random\strength_0.45_gs_5.0_steps_100\MEL\ISIC_0028465_label-MEL_strategy-random_strength-0.45_gs-5.0_aug-003.png,,,,
ISIC_0028465,MEL,0,random,0.45,5.0,100,4,4137,experiments\260526-0101_res256_sd_lora_uncond_all_seed42\sampling_img2img\random\strength_0.45_gs_5.0_steps_100\MEL\ISIC_0028465_label-MEL_strategy-random_strength-0.45_gs-5.0_aug-004.png,,,,
ISIC_0033603,MEL,0,random,0.45,5.0,100,0,794,experiments\260526-0101_res256_sd_lora_uncond_all_seed42\sampling_img2img\random\strength_0.45_gs_5.0_steps_100\MEL\ISIC_0033603_label-MEL_strategy-random_strength-0.45_gs-5.0_aug-000.png,,,,
ISIC_0033603,MEL,0,random,0.45,5.0,100,1,1794,experiments\260526-0101_res256_sd_lora_uncond_all_seed42\sampling_img2img\random\strength_0.45_gs_5.0_steps_100\MEL\ISIC_0033603_label-MEL_strategy-random_strength-0.45_gs-5.0_aug-001.png,,,,
ISIC_0033603,MEL,0,random,0.45,5.0,100,2,2794,experiments\260526-0101_res256_sd_lora_uncond_all_seed42\sampling_img2img\random\strength_0.45_gs_5.0_steps_100\MEL\ISIC_0033603_label-MEL_strategy-random_strength-0.45_gs-5.0_aug-002.png,,,,
ISIC_0033603,MEL,0,random,0.45,5.0,100,3,3794,experiments\260526-0101_res256_sd_lora_uncond_all_seed42\sampling_img2img\random\strength_0.45_gs_5.0_steps_100\MEL\ISIC_0033603_label-MEL_strategy-random_strength-0.45_gs-5.0_aug-003.png,,,,
ISIC_0033603,MEL,0,random,0.45,5.0,100,4,4794,experiments\260526-0101_res256_sd_lora_uncond_all_seed42\sampling_img2img\random\strength_0.45_gs_5.0_steps_100\MEL\ISIC_0033603_label-MEL_strategy-random_strength-0.45_gs-5.0_aug-004.png,,,,
ISIC_0032915,MEL,0,random,0.45,5.0,100,0,110,experiments\260526-0101_res256_sd_lora_uncond_all_seed42\sampling_img2img\random\strength_0.45_gs_5.0_steps_100\MEL\ISIC_0032915_label-MEL_strategy-random_strength-0.45_gs-5.0_aug-000.png,,,,
ISIC_0032915,MEL,0,random,0.45,5.0,100,1,1110,experiments\260526-0101_res256_sd_lora_uncond_all_seed42\sampling_img2img\random\strength_0.45_gs_5.0_steps_100\MEL\ISIC_0032915_label-MEL_strategy-random_strength-0.45_gs-5.0_aug-001.png,,,,
ISIC_0032915,MEL,0,random,0.45,5.0,100,2,2110,experiments\260526-0101_res256_sd_lora_uncond_all_seed42\sampling_img2img\random\strength_0.45_gs_5.0_steps_100\MEL\ISIC_0032915_label-MEL_strategy-random_strength-0.45_gs-5.0_aug-002.png,,,,
ISIC_0032915,MEL,0,random,0.45,5.0,100,3,3110,experiments\260526-0101_res256_sd_lora_uncond_all_seed42\sampling_img2img\random\strength_0.45_gs_5.0_steps_100\MEL\ISIC_0032915_label-MEL_strategy-random_strength-0.45_gs-5.0_aug-003.png,,,,
ISIC_0032915,MEL,0,random,0.45,5.0,100,4,4110,experiments\260526-0101_res256_sd_lora_uncond_all_seed42\sampling_img2img\random\strength_0.45_gs_5.0_steps_100\MEL\ISIC_0032915_label-MEL_strategy-random_strength-0.45_gs-5.0_aug-004.png,,,,
ISIC_0033533,MEL,0,random,0.45,5.0,100,0,954,experiments\260526-0101_res256_sd_lora_uncond_all_seed42\sampling_img2img\random\strength_0.45_gs_5.0_steps_100\MEL\ISIC_0033533_label-MEL_strategy-random_strength-0.45_gs-5.0_aug-000.png,,,,
ISIC_0033533,MEL,0,random,0.45,5.0,100,1,1954,experiments\260526-0101_res256_sd_lora_uncond_all_seed42\sampling_img2img\random\strength_0.45_gs_5.0_steps_100\MEL\ISIC_0033533_label-MEL_strategy-random_strength-0.45_gs-5.0_aug-001.png,,,,
ISIC_0033533,MEL,0,random,0.45,5.0,100,2,2954,experiments\260526-0101_res256_sd_lora_uncond_all_seed42\sampling_img2img\random\strength_0.45_gs_5.0_steps_100\MEL\ISIC_0033533_label-MEL_strategy-random_strength-0.45_gs-5.0_aug-002.png,,,,
ISIC_0033533,MEL,0,random,0.45,5.0,100,3,3954,experiments\260526-0101_res256_sd_lora_uncond_all_seed42\sampling_img2img\random\strength_0.45_gs_5.0_steps_100\MEL\ISIC_0033533_label-MEL_strategy-random_strength-0.45_gs-5.0_aug-003.png,,,,
ISIC_0033533,MEL,0,random,0.45,5.0,100,4,4954,experiments\260526-0101_res256_sd_lora_uncond_all_seed42\sampling_img2img\random\strength_0.45_gs_5.0_steps_100\MEL\ISIC_0033533_label-MEL_strategy-random_strength-0.45_gs-5.0_aug-004.png,,,,
ISIC_0033387,MEL,0,random,0.45,5.0,100,0,510,experiments\260526-0101_res256_sd_lora_uncond_all_seed42\sampling_img2img\random\strength_0.45_gs_5.0_steps_100\MEL\ISIC_0033387_label-MEL_strategy-random_strength-0.45_gs-5.0_aug-000.png,,,,
ISIC_0033387,MEL,0,random,0.45,5.0,100,1,1510,experiments\260526-0101_res256_sd_lora_uncond_all_seed42\sampling_img2img\random\strength_0.45_gs_5.0_steps_100\MEL\ISIC_0033387_label-MEL_strategy-random_strength-0.45_gs-5.0_aug-001.png,,,,
ISIC_0033387,MEL,0,random,0.45,5.0,100,2,2510,experiments\260526-0101_res256_sd_lora_uncond_all_seed42\sampling_img2img\random\strength_0.45_gs_5.0_steps_100\MEL\ISIC_0033387_label-MEL_strategy-random_strength-0.45_gs-5.0_aug-002.png,,,,
ISIC_0033387,MEL,0,random,0.45,5.0,100,3,3510,experiments\260526-0101_res256_sd_lora_uncond_all_seed42\sampling_img2img\random\strength_0.45_gs_5.0_steps_100\MEL\ISIC_0033387_label-MEL_strategy-random_strength-0.45_gs-5.0_aug-003.png,,,,
ISIC_0033387,MEL,0,random,0.45,5.0,100,4,4510,experiments\260526-0101_res256_sd_lora_uncond_all_seed42\sampling_img2img\random\strength_0.45_gs_5.0_steps_100\MEL\ISIC_0033387_label-MEL_strategy-random_strength-0.45_gs-5.0_aug-004.png,,,,
ISIC_0031186,MEL,0,random,0.45,5.0,100,0,899,experiments\260526-0101_res256_sd_lora_uncond_all_seed42\sampling_img2img\random\strength_0.45_gs_5.0_steps_100\MEL\ISIC_0031186_label-MEL_strategy-random_strength-0.45_gs-5.0_aug-000.png,,,,
ISIC_0031186,MEL,0,random,0.45,5.0,100,1,1899,experiments\260526-0101_res256_sd_lora_uncond_all_seed42\sampling_img2img\random\strength_0.45_gs_5.0_steps_100\MEL\ISIC_0031186_label-MEL_strategy-random_strength-0.45_gs-5.0_aug-001.png,,,,
ISIC_0031186,MEL,0,random,0.45,5.0,100,2,2899,experiments\260526-0101_res256_sd_lora_uncond_all_seed42\sampling_img2img\random\strength_0.45_gs_5.0_steps_100\MEL\ISIC_0031186_label-MEL_strategy-random_strength-0.45_gs-5.0_aug-002.png,,,,
ISIC_0031186,MEL,0,random,0.45,5.0,100,3,3899,experiments\260526-0101_res256_sd_lora_uncond_all_seed42\sampling_img2img\random\strength_0.45_gs_5.0_steps_100\MEL\ISIC_0031186_label-MEL_strategy-random_strength-0.45_gs-5.0_aug-003.png,,,,
ISIC_0031186,MEL,0,random,0.45,5.0,100,4,4899,experiments\260526-0101_res256_sd_lora_uncond_all_seed42\sampling_img2img\random\strength_0.45_gs_5.0_steps_100\MEL\ISIC_0031186_label-MEL_strategy-random_strength-0.45_gs-5.0_aug-004.png,,,,
ISIC_0028898,MEL,0,random,0.45,5.0,100,0,993,experiments\260526-0101_res256_sd_lora_uncond_all_seed42\sampling_img2img\random\strength_0.45_gs_5.0_steps_100\MEL\ISIC_0028898_label-MEL_strategy-random_strength-0.45_gs-5.0_aug-000.png,,,,
ISIC_0028898,MEL,0,random,0.45,5.0,100,1,1993,experiments\260526-0101_res256_sd_lora_uncond_all_seed42\sampling_img2img\random\strength_0.45_gs_5.0_steps_100\MEL\ISIC_0028898_label-MEL_strategy-random_strength-0.45_gs-5.0_aug-001.png,,,,
ISIC_0028898,MEL,0,random,0.45,5.0,100,2,2993,experiments\260526-0101_res256_sd_lora_uncond_all_seed42\sampling_img2img\random\strength_0.45_gs_5.0_steps_100\MEL\ISIC_0028898_label-MEL_strategy-random_strength-0.45_gs-5.0_aug-002.png,,,,
ISIC_0028898,MEL,0,random,0.45,5.0,100,3,3993,experiments\260526-0101_res256_sd_lora_uncond_all_seed42\sampling_img2img\random\strength_0.45_gs_5.0_steps_100\MEL\ISIC_0028898_label-MEL_strategy-random_strength-0.45_gs-5.0_aug-003.png,,,,
ISIC_0028898,MEL,0,random,0.45,5.0,100,4,4993,experiments\260526-0101_res256_sd_lora_uncond_all_seed42\sampling_img2img\random\strength_0.45_gs_5.0_steps_100\MEL\ISIC_0028898_label-MEL_strategy-random_strength-0.45_gs-5.0_aug-004.png,,,,
ISIC_0032592,MEL,0,random,0.45,5.0,100,0,44,experiments\260526-0101_res256_sd_lora_uncond_all_seed42\sampling_img2img\random\strength_0.45_gs_5.0_steps_100\MEL\ISIC_0032592_label-MEL_strategy-random_strength-0.45_gs-5.0_aug-000.png,,,,
ISIC_0032592,MEL,0,random,0.45,5.0,100,1,1044,experiments\260526-0101_res256_sd_lora_uncond_all_seed42\sampling_img2img\random\strength_0.45_gs_5.0_steps_100\MEL\ISIC_0032592_label-MEL_strategy-random_strength-0.45_gs-5.0_aug-001.png,,,,
ISIC_0032592,MEL,0,random,0.45,5.0,100,2,2044,experiments\260526-0101_res256_sd_lora_uncond_all_seed42\sampling_img2img\random\strength_0.45_gs_5.0_steps_100\MEL\ISIC_0032592_label-MEL_strategy-random_strength-0.45_gs-5.0_aug-002.png,,,,
ISIC_0032592,MEL,0,random,0.45,5.0,100,3,3044,experiments\260526-0101_res256_sd_lora_uncond_all_seed42\sampling_img2img\random\strength_0.45_gs_5.0_steps_100\MEL\ISIC_0032592_label-MEL_strategy-random_strength-0.45_gs-5.0_aug-003.png,,,,
ISIC_0032592,MEL,0,random,0.45,5.0,100,4,4044,experiments\260526-0101_res256_sd_lora_uncond_all_seed42\sampling_img2img\random\strength_0.45_gs_5.0_steps_100\MEL\ISIC_0032592_label-MEL_strategy-random_strength-0.45_gs-5.0_aug-004.png,,,,
ISIC_0032988,MEL,0,random,0.45,5.0,100,0,173,experiments\260526-0101_res256_sd_lora_uncond_all_seed42\sampling_img2img\random\strength_0.45_gs_5.0_steps_100\MEL\ISIC_0032988_label-MEL_strategy-random_strength-0.45_gs-5.0_aug-000.png,,,,
ISIC_0032988,MEL,0,random,0.45,5.0,100,1,1173,experiments\260526-0101_res256_sd_lora_uncond_all_seed42\sampling_img2img\random\strength_0.45_gs_5.0_steps_100\MEL\ISIC_0032988_label-MEL_strategy-random_strength-0.45_gs-5.0_aug-001.png,,,,
ISIC_0032988,MEL,0,random,0.45,5.0,100,2,2173,experiments\260526-0101_res256_sd_lora_uncond_all_seed42\sampling_img2img\random\strength_0.45_gs_5.0_steps_100\MEL\ISIC_0032988_label-MEL_strategy-random_strength-0.45_gs-5.0_aug-002.png,,,,
ISIC_0032988,MEL,0,random,0.45,5.0,100,3,3173,experiments\260526-0101_res256_sd_lora_uncond_all_seed42\sampling_img2img\random\strength_0.45_gs_5.0_steps_100\MEL\ISIC_0032988_label-MEL_strategy-random_strength-0.45_gs-5.0_aug-003.png,,,,
ISIC_0032988,MEL,0,random,0.45,5.0,100,4,4173,experiments\260526-0101_res256_sd_lora_uncond_all_seed42\sampling_img2img\random\strength_0.45_gs_5.0_steps_100\MEL\ISIC_0032988_label-MEL_strategy-random_strength-0.45_gs-5.0_aug-004.png,,,,
ISIC_0024864,MEL,0,random,0.45,5.0,100,0,787,experiments\260526-0101_res256_sd_lora_uncond_all_seed42\sampling_img2img\random\strength_0.45_gs_5.0_steps_100\MEL\ISIC_0024864_label-MEL_strategy-random_strength-0.45_gs-5.0_aug-000.png,,,,
ISIC_0024864,MEL,0,random,0.45,5.0,100,1,1787,experiments\260526-0101_res256_sd_lora_uncond_all_seed42\sampling_img2img\random\strength_0.45_gs_5.0_steps_100\MEL\ISIC_0024864_label-MEL_strategy-random_strength-0.45_gs-5.0_aug-001.png,,,,
ISIC_0024864,MEL,0,random,0.45,5.0,100,2,2787,experiments\260526-0101_res256_sd_lora_uncond_all_seed42\sampling_img2img\random\strength_0.45_gs_5.0_steps_100\MEL\ISIC_0024864_label-MEL_strategy-random_strength-0.45_gs-5.0_aug-002.png,,,,
ISIC_0024864,MEL,0,random,0.45,5.0,100,3,3787,experiments\260526-0101_res256_sd_lora_uncond_all_seed42\sampling_img2img\random\strength_0.45_gs_5.0_steps_100\MEL\ISIC_0024864_label-MEL_strategy-random_strength-0.45_gs-5.0_aug-003.png,,,,
ISIC_0024864,MEL,0,random,0.45,5.0,100,4,4787,experiments\260526-0101_res256_sd_lora_uncond_all_seed42\sampling_img2img\random\strength_0.45_gs_5.0_steps_100\MEL\ISIC_0024864_label-MEL_strategy-random_strength-0.45_gs-5.0_aug-004.png,,,,
ISIC_0033559,MEL,0,random,0.45,5.0,100,0,585,experiments\260526-0101_res256_sd_lora_uncond_all_seed42\sampling_img2img\random\strength_0.45_gs_5.0_steps_100\MEL\ISIC_0033559_label-MEL_strategy-random_strength-0.45_gs-5.0_aug-000.png,,,,
ISIC_0033559,MEL,0,random,0.45,5.0,100,1,1585,experiments\260526-0101_res256_sd_lora_uncond_all_seed42\sampling_img2img\random\strength_0.45_gs_5.0_steps_100\MEL\ISIC_0033559_label-MEL_strategy-random_strength-0.45_gs-5.0_aug-001.png,,,,
ISIC_0033559,MEL,0,random,0.45,5.0,100,2,2585,experiments\260526-0101_res256_sd_lora_uncond_all_seed42\sampling_img2img\random\strength_0.45_gs_5.0_steps_100\MEL\ISIC_0033559_label-MEL_strategy-random_strength-0.45_gs-5.0_aug-002.png,,,,
ISIC_0033559,MEL,0,random,0.45,5.0,100,3,3585,experiments\260526-0101_res256_sd_lora_uncond_all_seed42\sampling_img2img\random\strength_0.45_gs_5.0_steps_100\MEL\ISIC_0033559_label-MEL_strategy-random_strength-0.45_gs-5.0_aug-003.png,,,,
ISIC_0033559,MEL,0,random,0.45,5.0,100,4,4585,experiments\260526-0101_res256_sd_lora_uncond_all_seed42\sampling_img2img\random\strength_0.45_gs_5.0_steps_100\MEL\ISIC_0033559_label-MEL_strategy-random_strength-0.45_gs-5.0_aug-004.png,,,,
ISIC_0024647,MEL,0,random,0.45,5.0,100,0,277,experiments\260526-0101_res256_sd_lora_uncond_all_seed42\sampling_img2img\random\strength_0.45_gs_5.0_steps_100\MEL\ISIC_0024647_label-MEL_strategy-random_strength-0.45_gs-5.0_aug-000.png,,,,
ISIC_0024647,MEL,0,random,0.45,5.0,100,1,1277,experiments\260526-0101_res256_sd_lora_uncond_all_seed42\sampling_img2img\random\strength_0.45_gs_5.0_steps_100\MEL\ISIC_0024647_label-MEL_strategy-random_strength-0.45_gs-5.0_aug-001.png,,,,
ISIC_0024647,MEL,0,random,0.45,5.0,100,2,2277,experiments\260526-0101_res256_sd_lora_uncond_all_seed42\sampling_img2img\random\strength_0.45_gs_5.0_steps_100\MEL\ISIC_0024647_label-MEL_strategy-random_strength-0.45_gs-5.0_aug-002.png,,,,
ISIC_0024647,MEL,0,random,0.45,5.0,100,3,3277,experiments\260526-0101_res256_sd_lora_uncond_all_seed42\sampling_img2img\random\strength_0.45_gs_5.0_steps_100\MEL\ISIC_0024647_label-MEL_strategy-random_strength-0.45_gs-5.0_aug-003.png,,,,
ISIC_0024647,MEL,0,random,0.45,5.0,100,4,4277,experiments\260526-0101_res256_sd_lora_uncond_all_seed42\sampling_img2img\random\strength_0.45_gs_5.0_steps_100\MEL\ISIC_0024647_label-MEL_strategy-random_strength-0.45_gs-5.0_aug-004.png,,,,
ISIC_0025313,MEL,0,random,0.45,5.0,100,0,291,experiments\260526-0101_res256_sd_lora_uncond_all_seed42\sampling_img2img\random\strength_0.45_gs_5.0_steps_100\MEL\ISIC_0025313_label-MEL_strategy-random_strength-0.45_gs-5.0_aug-000.png,,,,
ISIC_0025313,MEL,0,random,0.45,5.0,100,1,1291,experiments\260526-0101_res256_sd_lora_uncond_all_seed42\sampling_img2img\random\strength_0.45_gs_5.0_steps_100\MEL\ISIC_0025313_label-MEL_strategy-random_strength-0.45_gs-5.0_aug-001.png,,,,
ISIC_0025313,MEL,0,random,0.45,5.0,100,2,2291,experiments\260526-0101_res256_sd_lora_uncond_all_seed42\sampling_img2img\random\strength_0.45_gs_5.0_steps_100\MEL\ISIC_0025313_label-MEL_strategy-random_strength-0.45_gs-5.0_aug-002.png,,,,
ISIC_0025313,MEL,0,random,0.45,5.0,100,3,3291,experiments\260526-0101_res256_sd_lora_uncond_all_seed42\sampling_img2img\random\strength_0.45_gs_5.0_steps_100\MEL\ISIC_0025313_label-MEL_strategy-random_strength-0.45_gs-5.0_aug-003.png,,,,
ISIC_0025313,MEL,0,random,0.45,5.0,100,4,4291,experiments\260526-0101_res256_sd_lora_uncond_all_seed42\sampling_img2img\random\strength_0.45_gs_5.0_steps_100\MEL\ISIC_0025313_label-MEL_strategy-random_strength-0.45_gs-5.0_aug-004.png,,,,
ISIC_0028306,MEL,0,random,0.45,5.0,100,0,101,experiments\260526-0101_res256_sd_lora_uncond_all_seed42\sampling_img2img\random\strength_0.45_gs_5.0_steps_100\MEL\ISIC_0028306_label-MEL_strategy-random_strength-0.45_gs-5.0_aug-000.png,,,,
ISIC_0028306,MEL,0,random,0.45,5.0,100,1,1101,experiments\260526-0101_res256_sd_lora_uncond_all_seed42\sampling_img2img\random\strength_0.45_gs_5.0_steps_100\MEL\ISIC_0028306_label-MEL_strategy-random_strength-0.45_gs-5.0_aug-001.png,,,,
ISIC_0028306,MEL,0,random,0.45,5.0,100,2,2101,experiments\260526-0101_res256_sd_lora_uncond_all_seed42\sampling_img2img\random\strength_0.45_gs_5.0_steps_100\MEL\ISIC_0028306_label-MEL_strategy-random_strength-0.45_gs-5.0_aug-002.png,,,,
ISIC_0028306,MEL,0,random,0.45,5.0,100,3,3101,experiments\260526-0101_res256_sd_lora_uncond_all_seed42\sampling_img2img\random\strength_0.45_gs_5.0_steps_100\MEL\ISIC_0028306_label-MEL_strategy-random_strength-0.45_gs-5.0_aug-003.png,,,,
ISIC_0028306,MEL,0,random,0.45,5.0,100,4,4101,experiments\260526-0101_res256_sd_lora_uncond_all_seed42\sampling_img2img\random\strength_0.45_gs_5.0_steps_100\MEL\ISIC_0028306_label-MEL_strategy-random_strength-0.45_gs-5.0_aug-004.png,,,,
ISIC_0025277,MEL,0,random,0.45,5.0,100,0,247,experiments\260526-0101_res256_sd_lora_uncond_all_seed42\sampling_img2img\random\strength_0.45_gs_5.0_steps_100\MEL\ISIC_0025277_label-MEL_strategy-random_strength-0.45_gs-5.0_aug-000.png,,,,
ISIC_0025277,MEL,0,random,0.45,5.0,100,1,1247,experiments\260526-0101_res256_sd_lora_uncond_all_seed42\sampling_img2img\random\strength_0.45_gs_5.0_steps_100\MEL\ISIC_0025277_label-MEL_strategy-random_strength-0.45_gs-5.0_aug-001.png,,,,
ISIC_0025277,MEL,0,random,0.45,5.0,100,2,2247,experiments\260526-0101_res256_sd_lora_uncond_all_seed42\sampling_img2img\random\strength_0.45_gs_5.0_steps_100\MEL\ISIC_0025277_label-MEL_strategy-random_strength-0.45_gs-5.0_aug-002.png,,,,
ISIC_0025277,MEL,0,random,0.45,5.0,100,3,3247,experiments\260526-0101_res256_sd_lora_uncond_all_seed42\sampling_img2img\random\strength_0.45_gs_5.0_steps_100\MEL\ISIC_0025277_label-MEL_strategy-random_strength-0.45_gs-5.0_aug-003.png,,,,
ISIC_0025277,MEL,0,random,0.45,5.0,100,4,4247,experiments\260526-0101_res256_sd_lora_uncond_all_seed42\sampling_img2img\random\strength_0.45_gs_5.0_steps_100\MEL\ISIC_0025277_label-MEL_strategy-random_strength-0.45_gs-5.0_aug-004.png,,,,
ISIC_0034006,MEL,0,random,0.45,5.0,100,0,837,experiments\260526-0101_res256_sd_lora_uncond_all_seed42\sampling_img2img\random\strength_0.45_gs_5.0_steps_100\MEL\ISIC_0034006_label-MEL_strategy-random_strength-0.45_gs-5.0_aug-000.png,,,,
ISIC_0034006,MEL,0,random,0.45,5.0,100,1,1837,experiments\260526-0101_res256_sd_lora_uncond_all_seed42\sampling_img2img\random\strength_0.45_gs_5.0_steps_100\MEL\ISIC_0034006_label-MEL_strategy-random_strength-0.45_gs-5.0_aug-001.png,,,,
ISIC_0034006,MEL,0,random,0.45,5.0,100,2,2837,experiments\260526-0101_res256_sd_lora_uncond_all_seed42\sampling_img2img\random\strength_0.45_gs_5.0_steps_100\MEL\ISIC_0034006_label-MEL_strategy-random_strength-0.45_gs-5.0_aug-002.png,,,,
ISIC_0034006,MEL,0,random,0.45,5.0,100,3,3837,experiments\260526-0101_res256_sd_lora_uncond_all_seed42\sampling_img2img\random\strength_0.45_gs_5.0_steps_100\MEL\ISIC_0034006_label-MEL_strategy-random_strength-0.45_gs-5.0_aug-003.png,,,,
ISIC_0034006,MEL,0,random,0.45,5.0,100,4,4837,experiments\260526-0101_res256_sd_lora_uncond_all_seed42\sampling_img2img\random\strength_0.45_gs_5.0_steps_100\MEL\ISIC_0034006_label-MEL_strategy-random_strength-0.45_gs-5.0_aug-004.png,,,,
ISIC_0032622,MEL,0,random,0.45,5.0,100,0,184,experiments\260526-0101_res256_sd_lora_uncond_all_seed42\sampling_img2img\random\strength_0.45_gs_5.0_steps_100\MEL\ISIC_0032622_label-MEL_strategy-random_strength-0.45_gs-5.0_aug-000.png,,,,
ISIC_0032622,MEL,0,random,0.45,5.0,100,1,1184,experiments\260526-0101_res256_sd_lora_uncond_all_seed42\sampling_img2img\random\strength_0.45_gs_5.0_steps_100\MEL\ISIC_0032622_label-MEL_strategy-random_strength-0.45_gs-5.0_aug-001.png,,,,
ISIC_0032622,MEL,0,random,0.45,5.0,100,2,2184,experiments\260526-0101_res256_sd_lora_uncond_all_seed42\sampling_img2img\random\strength_0.45_gs_5.0_steps_100\MEL\ISIC_0032622_label-MEL_strategy-random_strength-0.45_gs-5.0_aug-002.png,,,,
ISIC_0032622,MEL,0,random,0.45,5.0,100,3,3184,experiments\260526-0101_res256_sd_lora_uncond_all_seed42\sampling_img2img\random\strength_0.45_gs_5.0_steps_100\MEL\ISIC_0032622_label-MEL_strategy-random_strength-0.45_gs-5.0_aug-003.png,,,,
ISIC_0032622,MEL,0,random,0.45,5.0,100,4,4184,experiments\260526-0101_res256_sd_lora_uncond_all_seed42\sampling_img2img\random\strength_0.45_gs_5.0_steps_100\MEL\ISIC_0032622_label-MEL_strategy-random_strength-0.45_gs-5.0_aug-004.png,,,,
ISIC_0026081,MEL,0,random,0.45,5.0,100,0,230,experiments\260526-0101_res256_sd_lora_uncond_all_seed42\sampling_img2img\random\strength_0.45_gs_5.0_steps_100\MEL\ISIC_0026081_label-MEL_strategy-random_strength-0.45_gs-5.0_aug-000.png,,,,
ISIC_0026081,MEL,0,random,0.45,5.0,100,1,1230,experiments\260526-0101_res256_sd_lora_uncond_all_seed42\sampling_img2img\random\strength_0.45_gs_5.0_steps_100\MEL\ISIC_0026081_label-MEL_strategy-random_strength-0.45_gs-5.0_aug-001.png,,,,
ISIC_0026081,MEL,0,random,0.45,5.0,100,2,2230,experiments\260526-0101_res256_sd_lora_uncond_all_seed42\sampling_img2img\random\strength_0.45_gs_5.0_steps_100\MEL\ISIC_0026081_label-MEL_strategy-random_strength-0.45_gs-5.0_aug-002.png,,,,
ISIC_0026081,MEL,0,random,0.45,5.0,100,3,3230,experiments\260526-0101_res256_sd_lora_uncond_all_seed42\sampling_img2img\random\strength_0.45_gs_5.0_steps_100\MEL\ISIC_0026081_label-MEL_strategy-random_strength-0.45_gs-5.0_aug-003.png,,,,
ISIC_0026081,MEL,0,random,0.45,5.0,100,4,4230,experiments\260526-0101_res256_sd_lora_uncond_all_seed42\sampling_img2img\random\strength_0.45_gs_5.0_steps_100\MEL\ISIC_0026081_label-MEL_strategy-random_strength-0.45_gs-5.0_aug-004.png,,,,
ISIC_0032726,MEL,0,random,0.45,5.0,100,0,178,experiments\260526-0101_res256_sd_lora_uncond_all_seed42\sampling_img2img\random\strength_0.45_gs_5.0_steps_100\MEL\ISIC_0032726_label-MEL_strategy-random_strength-0.45_gs-5.0_aug-000.png,,,,
ISIC_0032726,MEL,0,random,0.45,5.0,100,1,1178,experiments\260526-0101_res256_sd_lora_uncond_all_seed42\sampling_img2img\random\strength_0.45_gs_5.0_steps_100\MEL\ISIC_0032726_label-MEL_strategy-random_strength-0.45_gs-5.0_aug-001.png,,,,
ISIC_0032726,MEL,0,random,0.45,5.0,100,2,2178,experiments\260526-0101_res256_sd_lora_uncond_all_seed42\sampling_img2img\random\strength_0.45_gs_5.0_steps_100\MEL\ISIC_0032726_label-MEL_strategy-random_strength-0.45_gs-5.0_aug-002.png,,,,
ISIC_0032726,MEL,0,random,0.45,5.0,100,3,3178,experiments\260526-0101_res256_sd_lora_uncond_all_seed42\sampling_img2img\random\strength_0.45_gs_5.0_steps_100\MEL\ISIC_0032726_label-MEL_strategy-random_strength-0.45_gs-5.0_aug-003.png,,,,
ISIC_0032726,MEL,0,random,0.45,5.0,100,4,4178,experiments\260526-0101_res256_sd_lora_uncond_all_seed42\sampling_img2img\random\strength_0.45_gs_5.0_steps_100\MEL\ISIC_0032726_label-MEL_strategy-random_strength-0.45_gs-5.0_aug-004.png,,,,
ISIC_0032984,MEL,0,random,0.45,5.0,100,0,298,experiments\260526-0101_res256_sd_lora_uncond_all_seed42\sampling_img2img\random\strength_0.45_gs_5.0_steps_100\MEL\ISIC_0032984_label-MEL_strategy-random_strength-0.45_gs-5.0_aug-000.png,,,,
ISIC_0032984,MEL,0,random,0.45,5.0,100,1,1298,experiments\260526-0101_res256_sd_lora_uncond_all_seed42\sampling_img2img\random\strength_0.45_gs_5.0_steps_100\MEL\ISIC_0032984_label-MEL_strategy-random_strength-0.45_gs-5.0_aug-001.png,,,,
ISIC_0032984,MEL,0,random,0.45,5.0,100,2,2298,experiments\260526-0101_res256_sd_lora_uncond_all_seed42\sampling_img2img\random\strength_0.45_gs_5.0_steps_100\MEL\ISIC_0032984_label-MEL_strategy-random_strength-0.45_gs-5.0_aug-002.png,,,,
ISIC_0032984,MEL,0,random,0.45,5.0,100,3,3298,experiments\260526-0101_res256_sd_lora_uncond_all_seed42\sampling_img2img\random\strength_0.45_gs_5.0_steps_100\MEL\ISIC_0032984_label-MEL_strategy-random_strength-0.45_gs-5.0_aug-003.png,,,,
ISIC_0032984,MEL,0,random,0.45,5.0,100,4,4298,experiments\260526-0101_res256_sd_lora_uncond_all_seed42\sampling_img2img\random\strength_0.45_gs_5.0_steps_100\MEL\ISIC_0032984_label-MEL_strategy-random_strength-0.45_gs-5.0_aug-004.png,,,,
ISIC_0032940,MEL,0,random,0.45,5.0,100,0,964,experiments\260526-0101_res256_sd_lora_uncond_all_seed42\sampling_img2img\random\strength_0.45_gs_5.0_steps_100\MEL\ISIC_0032940_label-MEL_strategy-random_strength-0.45_gs-5.0_aug-000.png,,,,
ISIC_0032940,MEL,0,random,0.45,5.0,100,1,1964,experiments\260526-0101_res256_sd_lora_uncond_all_seed42\sampling_img2img\random\strength_0.45_gs_5.0_steps_100\MEL\ISIC_0032940_label-MEL_strategy-random_strength-0.45_gs-5.0_aug-001.png,,,,
ISIC_0032940,MEL,0,random,0.45,5.0,100,2,2964,experiments\260526-0101_res256_sd_lora_uncond_all_seed42\sampling_img2img\random\strength_0.45_gs_5.0_steps_100\MEL\ISIC_0032940_label-MEL_strategy-random_strength-0.45_gs-5.0_aug-002.png,,,,
ISIC_0032940,MEL,0,random,0.45,5.0,100,3,3964,experiments\260526-0101_res256_sd_lora_uncond_all_seed42\sampling_img2img\random\strength_0.45_gs_5.0_steps_100\MEL\ISIC_0032940_label-MEL_strategy-random_strength-0.45_gs-5.0_aug-003.png,,,,
ISIC_0032940,MEL,0,random,0.45,5.0,100,4,4964,experiments\260526-0101_res256_sd_lora_uncond_all_seed42\sampling_img2img\random\strength_0.45_gs_5.0_steps_100\MEL\ISIC_0032940_label-MEL_strategy-random_strength-0.45_gs-5.0_aug-004.png,,,,
ISIC_0031310,MEL,0,random,0.45,5.0,100,0,287,experiments\260526-0101_res256_sd_lora_uncond_all_seed42\sampling_img2img\random\strength_0.45_gs_5.0_steps_100\MEL\ISIC_0031310_label-MEL_strategy-random_strength-0.45_gs-5.0_aug-000.png,,,,
ISIC_0031310,MEL,0,random,0.45,5.0,100,1,1287,experiments\260526-0101_res256_sd_lora_uncond_all_seed42\sampling_img2img\random\strength_0.45_gs_5.0_steps_100\MEL\ISIC_0031310_label-MEL_strategy-random_strength-0.45_gs-5.0_aug-001.png,,,,
ISIC_0031310,MEL,0,random,0.45,5.0,100,2,2287,experiments\260526-0101_res256_sd_lora_uncond_all_seed42\sampling_img2img\random\strength_0.45_gs_5.0_steps_100\MEL\ISIC_0031310_label-MEL_strategy-random_strength-0.45_gs-5.0_aug-002.png,,,,
ISIC_0031310,MEL,0,random,0.45,5.0,100,3,3287,experiments\260526-0101_res256_sd_lora_uncond_all_seed42\sampling_img2img\random\strength_0.45_gs_5.0_steps_100\MEL\ISIC_0031310_label-MEL_strategy-random_strength-0.45_gs-5.0_aug-003.png,,,,
ISIC_0031310,MEL,0,random,0.45,5.0,100,4,4287,experiments\260526-0101_res256_sd_lora_uncond_all_seed42\sampling_img2img\random\strength_0.45_gs_5.0_steps_100\MEL\ISIC_0031310_label-MEL_strategy-random_strength-0.45_gs-5.0_aug-004.png,,,,
ISIC_0028916,MEL,0,random,0.45,5.0,100,0,257,experiments\260526-0101_res256_sd_lora_uncond_all_seed42\sampling_img2img\random\strength_0.45_gs_5.0_steps_100\MEL\ISIC_0028916_label-MEL_strategy-random_strength-0.45_gs-5.0_aug-000.png,,,,
ISIC_0028916,MEL,0,random,0.45,5.0,100,1,1257,experiments\260526-0101_res256_sd_lora_uncond_all_seed42\sampling_img2img\random\strength_0.45_gs_5.0_steps_100\MEL\ISIC_0028916_label-MEL_strategy-random_strength-0.45_gs-5.0_aug-001.png,,,,
ISIC_0028916,MEL,0,random,0.45,5.0,100,2,2257,experiments\260526-0101_res256_sd_lora_uncond_all_seed42\sampling_img2img\random\strength_0.45_gs_5.0_steps_100\MEL\ISIC_0028916_label-MEL_strategy-random_strength-0.45_gs-5.0_aug-002.png,,,,
ISIC_0028916,MEL,0,random,0.45,5.0,100,3,3257,experiments\260526-0101_res256_sd_lora_uncond_all_seed42\sampling_img2img\random\strength_0.45_gs_5.0_steps_100\MEL\ISIC_0028916_label-MEL_strategy-random_strength-0.45_gs-5.0_aug-003.png,,,,
ISIC_0028916,MEL,0,random,0.45,5.0,100,4,4257,experiments\260526-0101_res256_sd_lora_uncond_all_seed42\sampling_img2img\random\strength_0.45_gs_5.0_steps_100\MEL\ISIC_0028916_label-MEL_strategy-random_strength-0.45_gs-5.0_aug-004.png,,,,
ISIC_0025155,MEL,0,random,0.45,5.0,100,0,225,experiments\260526-0101_res256_sd_lora_uncond_all_seed42\sampling_img2img\random\strength_0.45_gs_5.0_steps_100\MEL\ISIC_0025155_label-MEL_strategy-random_strength-0.45_gs-5.0_aug-000.png,,,,
ISIC_0025155,MEL,0,random,0.45,5.0,100,1,1225,experiments\260526-0101_res256_sd_lora_uncond_all_seed42\sampling_img2img\random\strength_0.45_gs_5.0_steps_100\MEL\ISIC_0025155_label-MEL_strategy-random_strength-0.45_gs-5.0_aug-001.png,,,,
ISIC_0025155,MEL,0,random,0.45,5.0,100,2,2225,experiments\260526-0101_res256_sd_lora_uncond_all_seed42\sampling_img2img\random\strength_0.45_gs_5.0_steps_100\MEL\ISIC_0025155_label-MEL_strategy-random_strength-0.45_gs-5.0_aug-002.png,,,,
ISIC_0025155,MEL,0,random,0.45,5.0,100,3,3225,experiments\260526-0101_res256_sd_lora_uncond_all_seed42\sampling_img2img\random\strength_0.45_gs_5.0_steps_100\MEL\ISIC_0025155_label-MEL_strategy-random_strength-0.45_gs-5.0_aug-003.png,,,,
ISIC_0025155,MEL,0,random,0.45,5.0,100,4,4225,experiments\260526-0101_res256_sd_lora_uncond_all_seed42\sampling_img2img\random\strength_0.45_gs_5.0_steps_100\MEL\ISIC_0025155_label-MEL_strategy-random_strength-0.45_gs-5.0_aug-004.png,,,,
ISIC_0033802,MEL,0,random,0.45,5.0,100,0,793,experiments\260526-0101_res256_sd_lora_uncond_all_seed42\sampling_img2img\random\strength_0.45_gs_5.0_steps_100\MEL\ISIC_0033802_label-MEL_strategy-random_strength-0.45_gs-5.0_aug-000.png,,,,
ISIC_0033802,MEL,0,random,0.45,5.0,100,1,1793,experiments\260526-0101_res256_sd_lora_uncond_all_seed42\sampling_img2img\random\strength_0.45_gs_5.0_steps_100\MEL\ISIC_0033802_label-MEL_strategy-random_strength-0.45_gs-5.0_aug-001.png,,,,
ISIC_0033802,MEL,0,random,0.45,5.0,100,2,2793,experiments\260526-0101_res256_sd_lora_uncond_all_seed42\sampling_img2img\random\strength_0.45_gs_5.0_steps_100\MEL\ISIC_0033802_label-MEL_strategy-random_strength-0.45_gs-5.0_aug-002.png,,,,
ISIC_0033802,MEL,0,random,0.45,5.0,100,3,3793,experiments\260526-0101_res256_sd_lora_uncond_all_seed42\sampling_img2img\random\strength_0.45_gs_5.0_steps_100\MEL\ISIC_0033802_label-MEL_strategy-random_strength-0.45_gs-5.0_aug-003.png,,,,
ISIC_0033802,MEL,0,random,0.45,5.0,100,4,4793,experiments\260526-0101_res256_sd_lora_uncond_all_seed42\sampling_img2img\random\strength_0.45_gs_5.0_steps_100\MEL\ISIC_0033802_label-MEL_strategy-random_strength-0.45_gs-5.0_aug-004.png,,,,
ISIC_0030828,MEL,0,random,0.45,5.0,100,0,357,experiments\260526-0101_res256_sd_lora_uncond_all_seed42\sampling_img2img\random\strength_0.45_gs_5.0_steps_100\MEL\ISIC_0030828_label-MEL_strategy-random_strength-0.45_gs-5.0_aug-000.png,,,,
ISIC_0030828,MEL,0,random,0.45,5.0,100,1,1357,experiments\260526-0101_res256_sd_lora_uncond_all_seed42\sampling_img2img\random\strength_0.45_gs_5.0_steps_100\MEL\ISIC_0030828_label-MEL_strategy-random_strength-0.45_gs-5.0_aug-001.png,,,,
ISIC_0030828,MEL,0,random,0.45,5.0,100,2,2357,experiments\260526-0101_res256_sd_lora_uncond_all_seed42\sampling_img2img\random\strength_0.45_gs_5.0_steps_100\MEL\ISIC_0030828_label-MEL_strategy-random_strength-0.45_gs-5.0_aug-002.png,,,,
ISIC_0030828,MEL,0,random,0.45,5.0,100,3,3357,experiments\260526-0101_res256_sd_lora_uncond_all_seed42\sampling_img2img\random\strength_0.45_gs_5.0_steps_100\MEL\ISIC_0030828_label-MEL_strategy-random_strength-0.45_gs-5.0_aug-003.png,,,,
ISIC_0030828,MEL,0,random,0.45,5.0,100,4,4357,experiments\260526-0101_res256_sd_lora_uncond_all_seed42\sampling_img2img\random\strength_0.45_gs_5.0_steps_100\MEL\ISIC_0030828_label-MEL_strategy-random_strength-0.45_gs-5.0_aug-004.png,,,,
ISIC_0027482,NV,1,random,0.45,5.0,100,0,100190,experiments\260526-0101_res256_sd_lora_uncond_all_seed42\sampling_img2img\random\strength_0.45_gs_5.0_steps_100\NV\ISIC_0027482_label-NV_strategy-random_strength-0.45_gs-5.0_aug-000.png,,,,
ISIC_0027482,NV,1,random,0.45,5.0,100,1,101190,experiments\260526-0101_res256_sd_lora_uncond_all_seed42\sampling_img2img\random\strength_0.45_gs_5.0_steps_100\NV\ISIC_0027482_label-NV_strategy-random_strength-0.45_gs-5.0_aug-001.png,,,,
ISIC_0027482,NV,1,random,0.45,5.0,100,2,102190,experiments\260526-0101_res256_sd_lora_uncond_all_seed42\sampling_img2img\random\strength_0.45_gs_5.0_steps_100\NV\ISIC_0027482_label-NV_strategy-random_strength-0.45_gs-5.0_aug-002.png,,,,
ISIC_0027482,NV,1,random,0.45,5.0,100,3,103190,experiments\260526-0101_res256_sd_lora_uncond_all_seed42\sampling_img2img\random\strength_0.45_gs_5.0_steps_100\NV\ISIC_0027482_label-NV_strategy-random_strength-0.45_gs-5.0_aug-003.png,,,,
ISIC_0027482,NV,1,random,0.45,5.0,100,4,104190,experiments\260526-0101_res256_sd_lora_uncond_all_seed42\sampling_img2img\random\strength_0.45_gs_5.0_steps_100\NV\ISIC_0027482_label-NV_strategy-random_strength-0.45_gs-5.0_aug-004.png,,,,
ISIC_0029619,NV,1,random,0.45,5.0,100,0,100896,experiments\260526-0101_res256_sd_lora_uncond_all_seed42\sampling_img2img\random\strength_0.45_gs_5.0_steps_100\NV\ISIC_0029619_label-NV_strategy-random_strength-0.45_gs-5.0_aug-000.png,,,,
ISIC_0029619,NV,1,random,0.45,5.0,100,1,101896,experiments\260526-0101_res256_sd_lora_uncond_all_seed42\sampling_img2img\random\strength_0.45_gs_5.0_steps_100\NV\ISIC_0029619_label-NV_strategy-random_strength-0.45_gs-5.0_aug-001.png,,,,
ISIC_0029619,NV,1,random,0.45,5.0,100,2,102896,experiments\260526-0101_res256_sd_lora_uncond_all_seed42\sampling_img2img\random\strength_0.45_gs_5.0_steps_100\NV\ISIC_0029619_label-NV_strategy-random_strength-0.45_gs-5.0_aug-002.png,,,,
ISIC_0029619,NV,1,random,0.45,5.0,100,3,103896,experiments\260526-0101_res256_sd_lora_uncond_all_seed42\sampling_img2img\random\strength_0.45_gs_5.0_steps_100\NV\ISIC_0029619_label-NV_strategy-random_strength-0.45_gs-5.0_aug-003.png,,,,
ISIC_0029619,NV,1,random,0.45,5.0,100,4,104896,experiments\260526-0101_res256_sd_lora_uncond_all_seed42\sampling_img2img\random\strength_0.45_gs_5.0_steps_100\NV\ISIC_0029619_label-NV_strategy-random_strength-0.45_gs-5.0_aug-004.png,,,,
ISIC_0034108,NV,1,random,0.45,5.0,100,0,100121,experiments\260526-0101_res256_sd_lora_uncond_all_seed42\sampling_img2img\random\strength_0.45_gs_5.0_steps_100\NV\ISIC_0034108_label-NV_strategy-random_strength-0.45_gs-5.0_aug-000.png,,,,
ISIC_0034108,NV,1,random,0.45,5.0,100,1,101121,experiments\260526-0101_res256_sd_lora_uncond_all_seed42\sampling_img2img\random\strength_0.45_gs_5.0_steps_100\NV\ISIC_0034108_label-NV_strategy-random_strength-0.45_gs-5.0_aug-001.png,,,,
ISIC_0034108,NV,1,random,0.45,5.0,100,2,102121,experiments\260526-0101_res256_sd_lora_uncond_all_seed42\sampling_img2img\random\strength_0.45_gs_5.0_steps_100\NV\ISIC_0034108_label-NV_strategy-random_strength-0.45_gs-5.0_aug-002.png,,,,
ISIC_0034108,NV,1,random,0.45,5.0,100,3,103121,experiments\260526-0101_res256_sd_lora_uncond_all_seed42\sampling_img2img\random\strength_0.45_gs_5.0_steps_100\NV\ISIC_0034108_label-NV_strategy-random_strength-0.45_gs-5.0_aug-003.png,,,,
ISIC_0034108,NV,1,random,0.45,5.0,100,4,104121,experiments\260526-0101_res256_sd_lora_uncond_all_seed42\sampling_img2img\random\strength_0.45_gs_5.0_steps_100\NV\ISIC_0034108_label-NV_strategy-random_strength-0.45_gs-5.0_aug-004.png,,,,
ISIC_0031071,NV,1,random,0.45,5.0,100,0,101040,experiments\260526-0101_res256_sd_lora_uncond_all_seed42\sampling_img2img\random\strength_0.45_gs_5.0_steps_100\NV\ISIC_0031071_label-NV_strategy-random_strength-0.45_gs-5.0_aug-000.png,,,,
ISIC_0031071,NV,1,random,0.45,5.0,100,1,102040,experiments\260526-0101_res256_sd_lora_uncond_all_seed42\sampling_img2img\random\strength_0.45_gs_5.0_steps_100\NV\ISIC_0031071_label-NV_strategy-random_strength-0.45_gs-5.0_aug-001.png,,,,
ISIC_0031071,NV,1,random,0.45,5.0,100,2,103040,experiments\260526-0101_res256_sd_lora_uncond_all_seed42\sampling_img2img\random\strength_0.45_gs_5.0_steps_100\NV\ISIC_0031071_label-NV_strategy-random_strength-0.45_gs-5.0_aug-002.png,,,,
ISIC_0031071,NV,1,random,0.45,5.0,100,3,104040,experiments\260526-0101_res256_sd_lora_uncond_all_seed42\sampling_img2img\random\strength_0.45_gs_5.0_steps_100\NV\ISIC_0031071_label-NV_strategy-random_strength-0.45_gs-5.0_aug-003.png,,,,
ISIC_0031071,NV,1,random,0.45,5.0,100,4,105040,experiments\260526-0101_res256_sd_lora_uncond_all_seed42\sampling_img2img\random\strength_0.45_gs_5.0_steps_100\NV\ISIC_0031071_label-NV_strategy-random_strength-0.45_gs-5.0_aug-004.png,,,,
ISIC_0032914,NV,1,random,0.45,5.0,100,0,100777,experiments\260526-0101_res256_sd_lora_uncond_all_seed42\sampling_img2img\random\strength_0.45_gs_5.0_steps_100\NV\ISIC_0032914_label-NV_strategy-random_strength-0.45_gs-5.0_aug-000.png,,,,
ISIC_0032914,NV,1,random,0.45,5.0,100,1,101777,experiments\260526-0101_res256_sd_lora_uncond_all_seed42\sampling_img2img\random\strength_0.45_gs_5.0_steps_100\NV\ISIC_0032914_label-NV_strategy-random_strength-0.45_gs-5.0_aug-001.png,,,,
ISIC_0032914,NV,1,random,0.45,5.0,100,2,102777,experiments\260526-0101_res256_sd_lora_uncond_all_seed42\sampling_img2img\random\strength_0.45_gs_5.0_steps_100\NV\ISIC_0032914_label-NV_strategy-random_strength-0.45_gs-5.0_aug-002.png,,,,
ISIC_0032914,NV,1,random,0.45,5.0,100,3,103777,experiments\260526-0101_res256_sd_lora_uncond_all_seed42\sampling_img2img\random\strength_0.45_gs_5.0_steps_100\NV\ISIC_0032914_label-NV_strategy-random_strength-0.45_gs-5.0_aug-003.png,,,,
ISIC_0032914,NV,1,random,0.45,5.0,100,4,104777,experiments\260526-0101_res256_sd_lora_uncond_all_seed42\sampling_img2img\random\strength_0.45_gs_5.0_steps_100\NV\ISIC_0032914_label-NV_strategy-random_strength-0.45_gs-5.0_aug-004.png,,,,
ISIC_0026308,NV,1,random,0.45,5.0,100,0,100675,experiments\260526-0101_res256_sd_lora_uncond_all_seed42\sampling_img2img\random\strength_0.45_gs_5.0_steps_100\NV\ISIC_0026308_label-NV_strategy-random_strength-0.45_gs-5.0_aug-000.png,,,,
ISIC_0026308,NV,1,random,0.45,5.0,100,1,101675,experiments\260526-0101_res256_sd_lora_uncond_all_seed42\sampling_img2img\random\strength_0.45_gs_5.0_steps_100\NV\ISIC_0026308_label-NV_strategy-random_strength-0.45_gs-5.0_aug-001.png,,,,
ISIC_0026308,NV,1,random,0.45,5.0,100,2,102675,experiments\260526-0101_res256_sd_lora_uncond_all_seed42\sampling_img2img\random\strength_0.45_gs_5.0_steps_100\NV\ISIC_0026308_label-NV_strategy-random_strength-0.45_gs-5.0_aug-002.png,,,,
ISIC_0026308,NV,1,random,0.45,5.0,100,3,103675,experiments\260526-0101_res256_sd_lora_uncond_all_seed42\sampling_img2img\random\strength_0.45_gs_5.0_steps_100\NV\ISIC_0026308_label-NV_strategy-random_strength-0.45_gs-5.0_aug-003.png,,,,
ISIC_0026308,NV,1,random,0.45,5.0,100,4,104675,experiments\260526-0101_res256_sd_lora_uncond_all_seed42\sampling_img2img\random\strength_0.45_gs_5.0_steps_100\NV\ISIC_0026308_label-NV_strategy-random_strength-0.45_gs-5.0_aug-004.png,,,,
ISIC_0026873,NV,1,random,0.45,5.0,100,0,100944,experiments\260526-0101_res256_sd_lora_uncond_all_seed42\sampling_img2img\random\strength_0.45_gs_5.0_steps_100\NV\ISIC_0026873_label-NV_strategy-random_strength-0.45_gs-5.0_aug-000.png,,,,
ISIC_0026873,NV,1,random,0.45,5.0,100,1,101944,experiments\260526-0101_res256_sd_lora_uncond_all_seed42\sampling_img2img\random\strength_0.45_gs_5.0_steps_100\NV\ISIC_0026873_label-NV_strategy-random_strength-0.45_gs-5.0_aug-001.png,,,,
ISIC_0026873,NV,1,random,0.45,5.0,100,2,102944,experiments\260526-0101_res256_sd_lora_uncond_all_seed42\sampling_img2img\random\strength_0.45_gs_5.0_steps_100\NV\ISIC_0026873_label-NV_strategy-random_strength-0.45_gs-5.0_aug-002.png,,,,
ISIC_0026873,NV,1,random,0.45,5.0,100,3,103944,experiments\260526-0101_res256_sd_lora_uncond_all_seed42\sampling_img2img\random\strength_0.45_gs_5.0_steps_100\NV\ISIC_0026873_label-NV_strategy-random_strength-0.45_gs-5.0_aug-003.png,,,,
ISIC_0026873,NV,1,random,0.45,5.0,100,4,104944,experiments\260526-0101_res256_sd_lora_uncond_all_seed42\sampling_img2img\random\strength_0.45_gs_5.0_steps_100\NV\ISIC_0026873_label-NV_strategy-random_strength-0.45_gs-5.0_aug-004.png,,,,
ISIC_0026402,NV,1,random,0.45,5.0,100,0,100211,experiments\260526-0101_res256_sd_lora_uncond_all_seed42\sampling_img2img\random\strength_0.45_gs_5.0_steps_100\NV\ISIC_0026402_label-NV_strategy-random_strength-0.45_gs-5.0_aug-000.png,,,,
ISIC_0026402,NV,1,random,0.45,5.0,100,1,101211,experiments\260526-0101_res256_sd_lora_uncond_all_seed42\sampling_img2img\random\strength_0.45_gs_5.0_steps_100\NV\ISIC_0026402_label-NV_strategy-random_strength-0.45_gs-5.0_aug-001.png,,,,
ISIC_0026402,NV,1,random,0.45,5.0,100,2,102211,experiments\260526-0101_res256_sd_lora_uncond_all_seed42\sampling_img2img\random\strength_0.45_gs_5.0_steps_100\NV\ISIC_0026402_label-NV_strategy-random_strength-0.45_gs-5.0_aug-002.png,,,,
ISIC_0026402,NV,1,random,0.45,5.0,100,3,103211,experiments\260526-0101_res256_sd_lora_uncond_all_seed42\sampling_img2img\random\strength_0.45_gs_5.0_steps_100\NV\ISIC_0026402_label-NV_strategy-random_strength-0.45_gs-5.0_aug-003.png,,,,
ISIC_0026402,NV,1,random,0.45,5.0,100,4,104211,experiments\260526-0101_res256_sd_lora_uncond_all_seed42\sampling_img2img\random\strength_0.45_gs_5.0_steps_100\NV\ISIC_0026402_label-NV_strategy-random_strength-0.45_gs-5.0_aug-004.png,,,,
ISIC_0028274,NV,1,random,0.45,5.0,100,0,100962,experiments\260526-0101_res256_sd_lora_uncond_all_seed42\sampling_img2img\random\strength_0.45_gs_5.0_steps_100\NV\ISIC_0028274_label-NV_strategy-random_strength-0.45_gs-5.0_aug-000.png,,,,
ISIC_0028274,NV,1,random,0.45,5.0,100,1,101962,experiments\260526-0101_res256_sd_lora_uncond_all_seed42\sampling_img2img\random\strength_0.45_gs_5.0_steps_100\NV\ISIC_0028274_label-NV_strategy-random_strength-0.45_gs-5.0_aug-001.png,,,,
ISIC_0028274,NV,1,random,0.45,5.0,100,2,102962,experiments\260526-0101_res256_sd_lora_uncond_all_seed42\sampling_img2img\random\strength_0.45_gs_5.0_steps_100\NV\ISIC_0028274_label-NV_strategy-random_strength-0.45_gs-5.0_aug-002.png,,,,
ISIC_0028274,NV,1,random,0.45,5.0,100,3,103962,experiments\260526-0101_res256_sd_lora_uncond_all_seed42\sampling_img2img\random\strength_0.45_gs_5.0_steps_100\NV\ISIC_0028274_label-NV_strategy-random_strength-0.45_gs-5.0_aug-003.png,,,,
ISIC_0028274,NV,1,random,0.45,5.0,100,4,104962,experiments\260526-0101_res256_sd_lora_uncond_all_seed42\sampling_img2img\random\strength_0.45_gs_5.0_steps_100\NV\ISIC_0028274_label-NV_strategy-random_strength-0.45_gs-5.0_aug-004.png,,,,
ISIC_0025310,NV,1,random,0.45,5.0,100,0,100612,experiments\260526-0101_res256_sd_lora_uncond_all_seed42\sampling_img2img\random\strength_0.45_gs_5.0_steps_100\NV\ISIC_0025310_label-NV_strategy-random_strength-0.45_gs-5.0_aug-000.png,,,,
ISIC_0025310,NV,1,random,0.45,5.0,100,1,101612,experiments\260526-0101_res256_sd_lora_uncond_all_seed42\sampling_img2img\random\strength_0.45_gs_5.0_steps_100\NV\ISIC_0025310_label-NV_strategy-random_strength-0.45_gs-5.0_aug-001.png,,,,
ISIC_0025310,NV,1,random,0.45,5.0,100,2,102612,experiments\260526-0101_res256_sd_lora_uncond_all_seed42\sampling_img2img\random\strength_0.45_gs_5.0_steps_100\NV\ISIC_0025310_label-NV_strategy-random_strength-0.45_gs-5.0_aug-002.png,,,,
ISIC_0025310,NV,1,random,0.45,5.0,100,3,103612,experiments\260526-0101_res256_sd_lora_uncond_all_seed42\sampling_img2img\random\strength_0.45_gs_5.0_steps_100\NV\ISIC_0025310_label-NV_strategy-random_strength-0.45_gs-5.0_aug-003.png,,,,
ISIC_0025310,NV,1,random,0.45,5.0,100,4,104612,experiments\260526-0101_res256_sd_lora_uncond_all_seed42\sampling_img2img\random\strength_0.45_gs_5.0_steps_100\NV\ISIC_0025310_label-NV_strategy-random_strength-0.45_gs-5.0_aug-004.png,,,,
ISIC_0031156,NV,1,random,0.45,5.0,100,0,100216,experiments\260526-0101_res256_sd_lora_uncond_all_seed42\sampling_img2img\random\strength_0.45_gs_5.0_steps_100\NV\ISIC_0031156_label-NV_strategy-random_strength-0.45_gs-5.0_aug-000.png,,,,
ISIC_0031156,NV,1,random,0.45,5.0,100,1,101216,experiments\260526-0101_res256_sd_lora_uncond_all_seed42\sampling_img2img\random\strength_0.45_gs_5.0_steps_100\NV\ISIC_0031156_label-NV_strategy-random_strength-0.45_gs-5.0_aug-001.png,,,,
ISIC_0031156,NV,1,random,0.45,5.0,100,2,102216,experiments\260526-0101_res256_sd_lora_uncond_all_seed42\sampling_img2img\random\strength_0.45_gs_5.0_steps_100\NV\ISIC_0031156_label-NV_strategy-random_strength-0.45_gs-5.0_aug-002.png,,,,
ISIC_0031156,NV,1,random,0.45,5.0,100,3,103216,experiments\260526-0101_res256_sd_lora_uncond_all_seed42\sampling_img2img\random\strength_0.45_gs_5.0_steps_100\NV\ISIC_0031156_label-NV_strategy-random_strength-0.45_gs-5.0_aug-003.png,,,,
ISIC_0031156,NV,1,random,0.45,5.0,100,4,104216,experiments\260526-0101_res256_sd_lora_uncond_all_seed42\sampling_img2img\random\strength_0.45_gs_5.0_steps_100\NV\ISIC_0031156_label-NV_strategy-random_strength-0.45_gs-5.0_aug-004.png,,,,
ISIC_0030327,NV,1,random,0.45,5.0,100,0,100366,experiments\260526-0101_res256_sd_lora_uncond_all_seed42\sampling_img2img\random\strength_0.45_gs_5.0_steps_100\NV\ISIC_0030327_label-NV_strategy-random_strength-0.45_gs-5.0_aug-000.png,,,,
ISIC_0030327,NV,1,random,0.45,5.0,100,1,101366,experiments\260526-0101_res256_sd_lora_uncond_all_seed42\sampling_img2img\random\strength_0.45_gs_5.0_steps_100\NV\ISIC_0030327_label-NV_strategy-random_strength-0.45_gs-5.0_aug-001.png,,,,
ISIC_0030327,NV,1,random,0.45,5.0,100,2,102366,experiments\260526-0101_res256_sd_lora_uncond_all_seed42\sampling_img2img\random\strength_0.45_gs_5.0_steps_100\NV\ISIC_0030327_label-NV_strategy-random_strength-0.45_gs-5.0_aug-002.png,,,,
ISIC_0030327,NV,1,random,0.45,5.0,100,3,103366,experiments\260526-0101_res256_sd_lora_uncond_all_seed42\sampling_img2img\random\strength_0.45_gs_5.0_steps_100\NV\ISIC_0030327_label-NV_strategy-random_strength-0.45_gs-5.0_aug-003.png,,,,
ISIC_0030327,NV,1,random,0.45,5.0,100,4,104366,experiments\260526-0101_res256_sd_lora_uncond_all_seed42\sampling_img2img\random\strength_0.45_gs_5.0_steps_100\NV\ISIC_0030327_label-NV_strategy-random_strength-0.45_gs-5.0_aug-004.png,,,,
ISIC_0030702,NV,1,random,0.45,5.0,100,0,100627,experiments\260526-0101_res256_sd_lora_uncond_all_seed42\sampling_img2img\random\strength_0.45_gs_5.0_steps_100\NV\ISIC_0030702_label-NV_strategy-random_strength-0.45_gs-5.0_aug-000.png,,,,
ISIC_0030702,NV,1,random,0.45,5.0,100,1,101627,experiments\260526-0101_res256_sd_lora_uncond_all_seed42\sampling_img2img\random\strength_0.45_gs_5.0_steps_100\NV\ISIC_0030702_label-NV_strategy-random_strength-0.45_gs-5.0_aug-001.png,,,,
ISIC_0030702,NV,1,random,0.45,5.0,100,2,102627,experiments\260526-0101_res256_sd_lora_uncond_all_seed42\sampling_img2img\random\strength_0.45_gs_5.0_steps_100\NV\ISIC_0030702_label-NV_strategy-random_strength-0.45_gs-5.0_aug-002.png,,,,
ISIC_0030702,NV,1,random,0.45,5.0,100,3,103627,experiments\260526-0101_res256_sd_lora_uncond_all_seed42\sampling_img2img\random\strength_0.45_gs_5.0_steps_100\NV\ISIC_0030702_label-NV_strategy-random_strength-0.45_gs-5.0_aug-003.png,,,,
ISIC_0030702,NV,1,random,0.45,5.0,100,4,104627,experiments\260526-0101_res256_sd_lora_uncond_all_seed42\sampling_img2img\random\strength_0.45_gs_5.0_steps_100\NV\ISIC_0030702_label-NV_strategy-random_strength-0.45_gs-5.0_aug-004.png,,,,
ISIC_0030270,NV,1,random,0.45,5.0,100,0,100256,experiments\260526-0101_res256_sd_lora_uncond_all_seed42\sampling_img2img\random\strength_0.45_gs_5.0_steps_100\NV\ISIC_0030270_label-NV_strategy-random_strength-0.45_gs-5.0_aug-000.png,,,,
ISIC_0030270,NV,1,random,0.45,5.0,100,1,101256,experiments\260526-0101_res256_sd_lora_uncond_all_seed42\sampling_img2img\random\strength_0.45_gs_5.0_steps_100\NV\ISIC_0030270_label-NV_strategy-random_strength-0.45_gs-5.0_aug-001.png,,,,
ISIC_0030270,NV,1,random,0.45,5.0,100,2,102256,experiments\260526-0101_res256_sd_lora_uncond_all_seed42\sampling_img2img\random\strength_0.45_gs_5.0_steps_100\NV\ISIC_0030270_label-NV_strategy-random_strength-0.45_gs-5.0_aug-002.png,,,,
ISIC_0030270,NV,1,random,0.45,5.0,100,3,103256,experiments\260526-0101_res256_sd_lora_uncond_all_seed42\sampling_img2img\random\strength_0.45_gs_5.0_steps_100\NV\ISIC_0030270_label-NV_strategy-random_strength-0.45_gs-5.0_aug-003.png,,,,
ISIC_0030270,NV,1,random,0.45,5.0,100,4,104256,experiments\260526-0101_res256_sd_lora_uncond_all_seed42\sampling_img2img\random\strength_0.45_gs_5.0_steps_100\NV\ISIC_0030270_label-NV_strategy-random_strength-0.45_gs-5.0_aug-004.png,,,,
ISIC_0028307,NV,1,random,0.45,5.0,100,0,100235,experiments\260526-0101_res256_sd_lora_uncond_all_seed42\sampling_img2img\random\strength_0.45_gs_5.0_steps_100\NV\ISIC_0028307_label-NV_strategy-random_strength-0.45_gs-5.0_aug-000.png,,,,
ISIC_0028307,NV,1,random,0.45,5.0,100,1,101235,experiments\260526-0101_res256_sd_lora_uncond_all_seed42\sampling_img2img\random\strength_0.45_gs_5.0_steps_100\NV\ISIC_0028307_label-NV_strategy-random_strength-0.45_gs-5.0_aug-001.png,,,,
ISIC_0028307,NV,1,random,0.45,5.0,100,2,102235,experiments\260526-0101_res256_sd_lora_uncond_all_seed42\sampling_img2img\random\strength_0.45_gs_5.0_steps_100\NV\ISIC_0028307_label-NV_strategy-random_strength-0.45_gs-5.0_aug-002.png,,,,
ISIC_0028307,NV,1,random,0.45,5.0,100,3,103235,experiments\260526-0101_res256_sd_lora_uncond_all_seed42\sampling_img2img\random\strength_0.45_gs_5.0_steps_100\NV\ISIC_0028307_label-NV_strategy-random_strength-0.45_gs-5.0_aug-003.png,,,,
ISIC_0028307,NV,1,random,0.45,5.0,100,4,104235,experiments\260526-0101_res256_sd_lora_uncond_all_seed42\sampling_img2img\random\strength_0.45_gs_5.0_steps_100\NV\ISIC_0028307_label-NV_strategy-random_strength-0.45_gs-5.0_aug-004.png,,,,
ISIC_0024485,NV,1,random,0.45,5.0,100,0,100662,experiments\260526-0101_res256_sd_lora_uncond_all_seed42\sampling_img2img\random\strength_0.45_gs_5.0_steps_100\NV\ISIC_0024485_label-NV_strategy-random_strength-0.45_gs-5.0_aug-000.png,,,,
ISIC_0024485,NV,1,random,0.45,5.0,100,1,101662,experiments\260526-0101_res256_sd_lora_uncond_all_seed42\sampling_img2img\random\strength_0.45_gs_5.0_steps_100\NV\ISIC_0024485_label-NV_strategy-random_strength-0.45_gs-5.0_aug-001.png,,,,
ISIC_0024485,NV,1,random,0.45,5.0,100,2,102662,experiments\260526-0101_res256_sd_lora_uncond_all_seed42\sampling_img2img\random\strength_0.45_gs_5.0_steps_100\NV\ISIC_0024485_label-NV_strategy-random_strength-0.45_gs-5.0_aug-002.png,,,,
ISIC_0024485,NV,1,random,0.45,5.0,100,3,103662,experiments\260526-0101_res256_sd_lora_uncond_all_seed42\sampling_img2img\random\strength_0.45_gs_5.0_steps_100\NV\ISIC_0024485_label-NV_strategy-random_strength-0.45_gs-5.0_aug-003.png,,,,
ISIC_0024485,NV,1,random,0.45,5.0,100,4,104662,experiments\260526-0101_res256_sd_lora_uncond_all_seed42\sampling_img2img\random\strength_0.45_gs_5.0_steps_100\NV\ISIC_0024485_label-NV_strategy-random_strength-0.45_gs-5.0_aug-004.png,,,,
ISIC_0033933,NV,1,random,0.45,5.0,100,0,100159,experiments\260526-0101_res256_sd_lora_uncond_all_seed42\sampling_img2img\random\strength_0.45_gs_5.0_steps_100\NV\ISIC_0033933_label-NV_strategy-random_strength-0.45_gs-5.0_aug-000.png,,,,
ISIC_0033933,NV,1,random,0.45,5.0,100,1,101159,experiments\260526-0101_res256_sd_lora_uncond_all_seed42\sampling_img2img\random\strength_0.45_gs_5.0_steps_100\NV\ISIC_0033933_label-NV_strategy-random_strength-0.45_gs-5.0_aug-001.png,,,,
ISIC_0033933,NV,1,random,0.45,5.0,100,2,102159,experiments\260526-0101_res256_sd_lora_uncond_all_seed42\sampling_img2img\random\strength_0.45_gs_5.0_steps_100\NV\ISIC_0033933_label-NV_strategy-random_strength-0.45_gs-5.0_aug-002.png,,,,
ISIC_0033933,NV,1,random,0.45,5.0,100,3,103159,experiments\260526-0101_res256_sd_lora_uncond_all_seed42\sampling_img2img\random\strength_0.45_gs_5.0_steps_100\NV\ISIC_0033933_label-NV_strategy-random_strength-0.45_gs-5.0_aug-003.png,,,,
ISIC_0033933,NV,1,random,0.45,5.0,100,4,104159,experiments\260526-0101_res256_sd_lora_uncond_all_seed42\sampling_img2img\random\strength_0.45_gs_5.0_steps_100\NV\ISIC_0033933_label-NV_strategy-random_strength-0.45_gs-5.0_aug-004.png,,,,
ISIC_0024933,NV,1,random,0.45,5.0,100,0,100059,experiments\260526-0101_res256_sd_lora_uncond_all_seed42\sampling_img2img\random\strength_0.45_gs_5.0_steps_100\NV\ISIC_0024933_label-NV_strategy-random_strength-0.45_gs-5.0_aug-000.png,,,,
ISIC_0024933,NV,1,random,0.45,5.0,100,1,101059,experiments\260526-0101_res256_sd_lora_uncond_all_seed42\sampling_img2img\random\strength_0.45_gs_5.0_steps_100\NV\ISIC_0024933_label-NV_strategy-random_strength-0.45_gs-5.0_aug-001.png,,,,
ISIC_0024933,NV,1,random,0.45,5.0,100,2,102059,experiments\260526-0101_res256_sd_lora_uncond_all_seed42\sampling_img2img\random\strength_0.45_gs_5.0_steps_100\NV\ISIC_0024933_label-NV_strategy-random_strength-0.45_gs-5.0_aug-002.png,,,,
ISIC_0024933,NV,1,random,0.45,5.0,100,3,103059,experiments\260526-0101_res256_sd_lora_uncond_all_seed42\sampling_img2img\random\strength_0.45_gs_5.0_steps_100\NV\ISIC_0024933_label-NV_strategy-random_strength-0.45_gs-5.0_aug-003.png,,,,
ISIC_0024933,NV,1,random,0.45,5.0,100,4,104059,experiments\260526-0101_res256_sd_lora_uncond_all_seed42\sampling_img2img\random\strength_0.45_gs_5.0_steps_100\NV\ISIC_0024933_label-NV_strategy-random_strength-0.45_gs-5.0_aug-004.png,,,,
ISIC_0029224,NV,1,random,0.45,5.0,100,0,100696,experiments\260526-0101_res256_sd_lora_uncond_all_seed42\sampling_img2img\random\strength_0.45_gs_5.0_steps_100\NV\ISIC_0029224_label-NV_strategy-random_strength-0.45_gs-5.0_aug-000.png,,,,
ISIC_0029224,NV,1,random,0.45,5.0,100,1,101696,experiments\260526-0101_res256_sd_lora_uncond_all_seed42\sampling_img2img\random\strength_0.45_gs_5.0_steps_100\NV\ISIC_0029224_label-NV_strategy-random_strength-0.45_gs-5.0_aug-001.png,,,,
ISIC_0029224,NV,1,random,0.45,5.0,100,2,102696,experiments\260526-0101_res256_sd_lora_uncond_all_seed42\sampling_img2img\random\strength_0.45_gs_5.0_steps_100\NV\ISIC_0029224_label-NV_strategy-random_strength-0.45_gs-5.0_aug-002.png,,,,
ISIC_0029224,NV,1,random,0.45,5.0,100,3,103696,experiments\260526-0101_res256_sd_lora_uncond_all_seed42\sampling_img2img\random\strength_0.45_gs_5.0_steps_100\NV\ISIC_0029224_label-NV_strategy-random_strength-0.45_gs-5.0_aug-003.png,,,,
ISIC_0029224,NV,1,random,0.45,5.0,100,4,104696,experiments\260526-0101_res256_sd_lora_uncond_all_seed42\sampling_img2img\random\strength_0.45_gs_5.0_steps_100\NV\ISIC_0029224_label-NV_strategy-random_strength-0.45_gs-5.0_aug-004.png,,,,
ISIC_0026121,NV,1,random,0.45,5.0,100,0,100486,experiments\260526-0101_res256_sd_lora_uncond_all_seed42\sampling_img2img\random\strength_0.45_gs_5.0_steps_100\NV\ISIC_0026121_label-NV_strategy-random_strength-0.45_gs-5.0_aug-000.png,,,,
ISIC_0026121,NV,1,random,0.45,5.0,100,1,101486,experiments\260526-0101_res256_sd_lora_uncond_all_seed42\sampling_img2img\random\strength_0.45_gs_5.0_steps_100\NV\ISIC_0026121_label-NV_strategy-random_strength-0.45_gs-5.0_aug-001.png,,,,
ISIC_0026121,NV,1,random,0.45,5.0,100,2,102486,experiments\260526-0101_res256_sd_lora_uncond_all_seed42\sampling_img2img\random\strength_0.45_gs_5.0_steps_100\NV\ISIC_0026121_label-NV_strategy-random_strength-0.45_gs-5.0_aug-002.png,,,,
ISIC_0026121,NV,1,random,0.45,5.0,100,3,103486,experiments\260526-0101_res256_sd_lora_uncond_all_seed42\sampling_img2img\random\strength_0.45_gs_5.0_steps_100\NV\ISIC_0026121_label-NV_strategy-random_strength-0.45_gs-5.0_aug-003.png,,,,
ISIC_0026121,NV,1,random,0.45,5.0,100,4,104486,experiments\260526-0101_res256_sd_lora_uncond_all_seed42\sampling_img2img\random\strength_0.45_gs_5.0_steps_100\NV\ISIC_0026121_label-NV_strategy-random_strength-0.45_gs-5.0_aug-004.png,,,,
ISIC_0027548,NV,1,random,0.45,5.0,100,0,100856,experiments\260526-0101_res256_sd_lora_uncond_all_seed42\sampling_img2img\random\strength_0.45_gs_5.0_steps_100\NV\ISIC_0027548_label-NV_strategy-random_strength-0.45_gs-5.0_aug-000.png,,,,
ISIC_0027548,NV,1,random,0.45,5.0,100,1,101856,experiments\260526-0101_res256_sd_lora_uncond_all_seed42\sampling_img2img\random\strength_0.45_gs_5.0_steps_100\NV\ISIC_0027548_label-NV_strategy-random_strength-0.45_gs-5.0_aug-001.png,,,,
ISIC_0027548,NV,1,random,0.45,5.0,100,2,102856,experiments\260526-0101_res256_sd_lora_uncond_all_seed42\sampling_img2img\random\strength_0.45_gs_5.0_steps_100\NV\ISIC_0027548_label-NV_strategy-random_strength-0.45_gs-5.0_aug-002.png,,,,
ISIC_0027548,NV,1,random,0.45,5.0,100,3,103856,experiments\260526-0101_res256_sd_lora_uncond_all_seed42\sampling_img2img\random\strength_0.45_gs_5.0_steps_100\NV\ISIC_0027548_label-NV_strategy-random_strength-0.45_gs-5.0_aug-003.png,,,,
ISIC_0027548,NV,1,random,0.45,5.0,100,4,104856,experiments\260526-0101_res256_sd_lora_uncond_all_seed42\sampling_img2img\random\strength_0.45_gs_5.0_steps_100\NV\ISIC_0027548_label-NV_strategy-random_strength-0.45_gs-5.0_aug-004.png,,,,
ISIC_0027019,NV,1,random,0.45,5.0,100,0,100736,experiments\260526-0101_res256_sd_lora_uncond_all_seed42\sampling_img2img\random\strength_0.45_gs_5.0_steps_100\NV\ISIC_0027019_label-NV_strategy-random_strength-0.45_gs-5.0_aug-000.png,,,,
ISIC_0027019,NV,1,random,0.45,5.0,100,1,101736,experiments\260526-0101_res256_sd_lora_uncond_all_seed42\sampling_img2img\random\strength_0.45_gs_5.0_steps_100\NV\ISIC_0027019_label-NV_strategy-random_strength-0.45_gs-5.0_aug-001.png,,,,
ISIC_0027019,NV,1,random,0.45,5.0,100,2,102736,experiments\260526-0101_res256_sd_lora_uncond_all_seed42\sampling_img2img\random\strength_0.45_gs_5.0_steps_100\NV\ISIC_0027019_label-NV_strategy-random_strength-0.45_gs-5.0_aug-002.png,,,,
ISIC_0027019,NV,1,random,0.45,5.0,100,3,103736,experiments\260526-0101_res256_sd_lora_uncond_all_seed42\sampling_img2img\random\strength_0.45_gs_5.0_steps_100\NV\ISIC_0027019_label-NV_strategy-random_strength-0.45_gs-5.0_aug-003.png,,,,
ISIC_0027019,NV,1,random,0.45,5.0,100,4,104736,experiments\260526-0101_res256_sd_lora_uncond_all_seed42\sampling_img2img\random\strength_0.45_gs_5.0_steps_100\NV\ISIC_0027019_label-NV_strategy-random_strength-0.45_gs-5.0_aug-004.png,,,,
ISIC_0032065,NV,1,random,0.45,5.0,100,0,100943,experiments\260526-0101_res256_sd_lora_uncond_all_seed42\sampling_img2img\random\strength_0.45_gs_5.0_steps_100\NV\ISIC_0032065_label-NV_strategy-random_strength-0.45_gs-5.0_aug-000.png,,,,
ISIC_0032065,NV,1,random,0.45,5.0,100,1,101943,experiments\260526-0101_res256_sd_lora_uncond_all_seed42\sampling_img2img\random\strength_0.45_gs_5.0_steps_100\NV\ISIC_0032065_label-NV_strategy-random_strength-0.45_gs-5.0_aug-001.png,,,,
ISIC_0032065,NV,1,random,0.45,5.0,100,2,102943,experiments\260526-0101_res256_sd_lora_uncond_all_seed42\sampling_img2img\random\strength_0.45_gs_5.0_steps_100\NV\ISIC_0032065_label-NV_strategy-random_strength-0.45_gs-5.0_aug-002.png,,,,
ISIC_0032065,NV,1,random,0.45,5.0,100,3,103943,experiments\260526-0101_res256_sd_lora_uncond_all_seed42\sampling_img2img\random\strength_0.45_gs_5.0_steps_100\NV\ISIC_0032065_label-NV_strategy-random_strength-0.45_gs-5.0_aug-003.png,,,,
ISIC_0032065,NV,1,random,0.45,5.0,100,4,104943,experiments\260526-0101_res256_sd_lora_uncond_all_seed42\sampling_img2img\random\strength_0.45_gs_5.0_steps_100\NV\ISIC_0032065_label-NV_strategy-random_strength-0.45_gs-5.0_aug-004.png,,,,
ISIC_0028799,NV,1,random,0.45,5.0,100,0,100575,experiments\260526-0101_res256_sd_lora_uncond_all_seed42\sampling_img2img\random\strength_0.45_gs_5.0_steps_100\NV\ISIC_0028799_label-NV_strategy-random_strength-0.45_gs-5.0_aug-000.png,,,,
ISIC_0028799,NV,1,random,0.45,5.0,100,1,101575,experiments\260526-0101_res256_sd_lora_uncond_all_seed42\sampling_img2img\random\strength_0.45_gs_5.0_steps_100\NV\ISIC_0028799_label-NV_strategy-random_strength-0.45_gs-5.0_aug-001.png,,,,
ISIC_0028799,NV,1,random,0.45,5.0,100,2,102575,experiments\260526-0101_res256_sd_lora_uncond_all_seed42\sampling_img2img\random\strength_0.45_gs_5.0_steps_100\NV\ISIC_0028799_label-NV_strategy-random_strength-0.45_gs-5.0_aug-002.png,,,,
ISIC_0028799,NV,1,random,0.45,5.0,100,3,103575,experiments\260526-0101_res256_sd_lora_uncond_all_seed42\sampling_img2img\random\strength_0.45_gs_5.0_steps_100\NV\ISIC_0028799_label-NV_strategy-random_strength-0.45_gs-5.0_aug-003.png,,,,
ISIC_0028799,NV,1,random,0.45,5.0,100,4,104575,experiments\260526-0101_res256_sd_lora_uncond_all_seed42\sampling_img2img\random\strength_0.45_gs_5.0_steps_100\NV\ISIC_0028799_label-NV_strategy-random_strength-0.45_gs-5.0_aug-004.png,,,,
ISIC_0025284,NV,1,random,0.45,5.0,100,0,100152,experiments\260526-0101_res256_sd_lora_uncond_all_seed42\sampling_img2img\random\strength_0.45_gs_5.0_steps_100\NV\ISIC_0025284_label-NV_strategy-random_strength-0.45_gs-5.0_aug-000.png,,,,
ISIC_0025284,NV,1,random,0.45,5.0,100,1,101152,experiments\260526-0101_res256_sd_lora_uncond_all_seed42\sampling_img2img\random\strength_0.45_gs_5.0_steps_100\NV\ISIC_0025284_label-NV_strategy-random_strength-0.45_gs-5.0_aug-001.png,,,,
ISIC_0025284,NV,1,random,0.45,5.0,100,2,102152,experiments\260526-0101_res256_sd_lora_uncond_all_seed42\sampling_img2img\random\strength_0.45_gs_5.0_steps_100\NV\ISIC_0025284_label-NV_strategy-random_strength-0.45_gs-5.0_aug-002.png,,,,
ISIC_0025284,NV,1,random,0.45,5.0,100,3,103152,experiments\260526-0101_res256_sd_lora_uncond_all_seed42\sampling_img2img\random\strength_0.45_gs_5.0_steps_100\NV\ISIC_0025284_label-NV_strategy-random_strength-0.45_gs-5.0_aug-003.png,,,,
ISIC_0025284,NV,1,random,0.45,5.0,100,4,104152,experiments\260526-0101_res256_sd_lora_uncond_all_seed42\sampling_img2img\random\strength_0.45_gs_5.0_steps_100\NV\ISIC_0025284_label-NV_strategy-random_strength-0.45_gs-5.0_aug-004.png,,,,
ISIC_0025232,NV,1,random,0.45,5.0,100,0,100303,experiments\260526-0101_res256_sd_lora_uncond_all_seed42\sampling_img2img\random\strength_0.45_gs_5.0_steps_100\NV\ISIC_0025232_label-NV_strategy-random_strength-0.45_gs-5.0_aug-000.png,,,,
ISIC_0025232,NV,1,random,0.45,5.0,100,1,101303,experiments\260526-0101_res256_sd_lora_uncond_all_seed42\sampling_img2img\random\strength_0.45_gs_5.0_steps_100\NV\ISIC_0025232_label-NV_strategy-random_strength-0.45_gs-5.0_aug-001.png,,,,
ISIC_0025232,NV,1,random,0.45,5.0,100,2,102303,experiments\260526-0101_res256_sd_lora_uncond_all_seed42\sampling_img2img\random\strength_0.45_gs_5.0_steps_100\NV\ISIC_0025232_label-NV_strategy-random_strength-0.45_gs-5.0_aug-002.png,,,,
ISIC_0025232,NV,1,random,0.45,5.0,100,3,103303,experiments\260526-0101_res256_sd_lora_uncond_all_seed42\sampling_img2img\random\strength_0.45_gs_5.0_steps_100\NV\ISIC_0025232_label-NV_strategy-random_strength-0.45_gs-5.0_aug-003.png,,,,
ISIC_0025232,NV,1,random,0.45,5.0,100,4,104303,experiments\260526-0101_res256_sd_lora_uncond_all_seed42\sampling_img2img\random\strength_0.45_gs_5.0_steps_100\NV\ISIC_0025232_label-NV_strategy-random_strength-0.45_gs-5.0_aug-004.png,,,,
ISIC_0027477,NV,1,random,0.45,5.0,100,0,100146,experiments\260526-0101_res256_sd_lora_uncond_all_seed42\sampling_img2img\random\strength_0.45_gs_5.0_steps_100\NV\ISIC_0027477_label-NV_strategy-random_strength-0.45_gs-5.0_aug-000.png,,,,
ISIC_0027477,NV,1,random,0.45,5.0,100,1,101146,experiments\260526-0101_res256_sd_lora_uncond_all_seed42\sampling_img2img\random\strength_0.45_gs_5.0_steps_100\NV\ISIC_0027477_label-NV_strategy-random_strength-0.45_gs-5.0_aug-001.png,,,,
ISIC_0027477,NV,1,random,0.45,5.0,100,2,102146,experiments\260526-0101_res256_sd_lora_uncond_all_seed42\sampling_img2img\random\strength_0.45_gs_5.0_steps_100\NV\ISIC_0027477_label-NV_strategy-random_strength-0.45_gs-5.0_aug-002.png,,,,
ISIC_0027477,NV,1,random,0.45,5.0,100,3,103146,experiments\260526-0101_res256_sd_lora_uncond_all_seed42\sampling_img2img\random\strength_0.45_gs_5.0_steps_100\NV\ISIC_0027477_label-NV_strategy-random_strength-0.45_gs-5.0_aug-003.png,,,,
ISIC_0027477,NV,1,random,0.45,5.0,100,4,104146,experiments\260526-0101_res256_sd_lora_uncond_all_seed42\sampling_img2img\random\strength_0.45_gs_5.0_steps_100\NV\ISIC_0027477_label-NV_strategy-random_strength-0.45_gs-5.0_aug-004.png,,,,
ISIC_0028606,NV,1,random,0.45,5.0,100,0,100751,experiments\260526-0101_res256_sd_lora_uncond_all_seed42\sampling_img2img\random\strength_0.45_gs_5.0_steps_100\NV\ISIC_0028606_label-NV_strategy-random_strength-0.45_gs-5.0_aug-000.png,,,,
ISIC_0028606,NV,1,random,0.45,5.0,100,1,101751,experiments\260526-0101_res256_sd_lora_uncond_all_seed42\sampling_img2img\random\strength_0.45_gs_5.0_steps_100\NV\ISIC_0028606_label-NV_strategy-random_strength-0.45_gs-5.0_aug-001.png,,,,
ISIC_0028606,NV,1,random,0.45,5.0,100,2,102751,experiments\260526-0101_res256_sd_lora_uncond_all_seed42\sampling_img2img\random\strength_0.45_gs_5.0_steps_100\NV\ISIC_0028606_label-NV_strategy-random_strength-0.45_gs-5.0_aug-002.png,,,,
ISIC_0028606,NV,1,random,0.45,5.0,100,3,103751,experiments\260526-0101_res256_sd_lora_uncond_all_seed42\sampling_img2img\random\strength_0.45_gs_5.0_steps_100\NV\ISIC_0028606_label-NV_strategy-random_strength-0.45_gs-5.0_aug-003.png,,,,
ISIC_0028606,NV,1,random,0.45,5.0,100,4,104751,experiments\260526-0101_res256_sd_lora_uncond_all_seed42\sampling_img2img\random\strength_0.45_gs_5.0_steps_100\NV\ISIC_0028606_label-NV_strategy-random_strength-0.45_gs-5.0_aug-004.png,,,,
ISIC_0026419,NV,1,random,0.45,5.0,100,0,100845,experiments\260526-0101_res256_sd_lora_uncond_all_seed42\sampling_img2img\random\strength_0.45_gs_5.0_steps_100\NV\ISIC_0026419_label-NV_strategy-random_strength-0.45_gs-5.0_aug-000.png,,,,
ISIC_0026419,NV,1,random,0.45,5.0,100,1,101845,experiments\260526-0101_res256_sd_lora_uncond_all_seed42\sampling_img2img\random\strength_0.45_gs_5.0_steps_100\NV\ISIC_0026419_label-NV_strategy-random_strength-0.45_gs-5.0_aug-001.png,,,,
ISIC_0026419,NV,1,random,0.45,5.0,100,2,102845,experiments\260526-0101_res256_sd_lora_uncond_all_seed42\sampling_img2img\random\strength_0.45_gs_5.0_steps_100\NV\ISIC_0026419_label-NV_strategy-random_strength-0.45_gs-5.0_aug-002.png,,,,
ISIC_0026419,NV,1,random,0.45,5.0,100,3,103845,experiments\260526-0101_res256_sd_lora_uncond_all_seed42\sampling_img2img\random\strength_0.45_gs_5.0_steps_100\NV\ISIC_0026419_label-NV_strategy-random_strength-0.45_gs-5.0_aug-003.png,,,,
ISIC_0026419,NV,1,random,0.45,5.0,100,4,104845,experiments\260526-0101_res256_sd_lora_uncond_all_seed42\sampling_img2img\random\strength_0.45_gs_5.0_steps_100\NV\ISIC_0026419_label-NV_strategy-random_strength-0.45_gs-5.0_aug-004.png,,,,
ISIC_0025702,NV,1,random,0.45,5.0,100,0,100962,experiments\260526-0101_res256_sd_lora_uncond_all_seed42\sampling_img2img\random\strength_0.45_gs_5.0_steps_100\NV\ISIC_0025702_label-NV_strategy-random_strength-0.45_gs-5.0_aug-000.png,,,,
ISIC_0025702,NV,1,random,0.45,5.0,100,1,101962,experiments\260526-0101_res256_sd_lora_uncond_all_seed42\sampling_img2img\random\strength_0.45_gs_5.0_steps_100\NV\ISIC_0025702_label-NV_strategy-random_strength-0.45_gs-5.0_aug-001.png,,,,
ISIC_0025702,NV,1,random,0.45,5.0,100,2,102962,experiments\260526-0101_res256_sd_lora_uncond_all_seed42\sampling_img2img\random\strength_0.45_gs_5.0_steps_100\NV\ISIC_0025702_label-NV_strategy-random_strength-0.45_gs-5.0_aug-002.png,,,,
ISIC_0025702,NV,1,random,0.45,5.0,100,3,103962,experiments\260526-0101_res256_sd_lora_uncond_all_seed42\sampling_img2img\random\strength_0.45_gs_5.0_steps_100\NV\ISIC_0025702_label-NV_strategy-random_strength-0.45_gs-5.0_aug-003.png,,,,
ISIC_0025702,NV,1,random,0.45,5.0,100,4,104962,experiments\260526-0101_res256_sd_lora_uncond_all_seed42\sampling_img2img\random\strength_0.45_gs_5.0_steps_100\NV\ISIC_0025702_label-NV_strategy-random_strength-0.45_gs-5.0_aug-004.png,,,,
ISIC_0032850,BCC,2,random,0.45,5.0,100,0,200497,experiments\260526-0101_res256_sd_lora_uncond_all_seed42\sampling_img2img\random\strength_0.45_gs_5.0_steps_100\BCC\ISIC_0032850_label-BCC_strategy-random_strength-0.45_gs-5.0_aug-000.png,,,,
ISIC_0032850,BCC,2,random,0.45,5.0,100,1,201497,experiments\260526-0101_res256_sd_lora_uncond_all_seed42\sampling_img2img\random\strength_0.45_gs_5.0_steps_100\BCC\ISIC_0032850_label-BCC_strategy-random_strength-0.45_gs-5.0_aug-001.png,,,,
ISIC_0032850,BCC,2,random,0.45,5.0,100,2,202497,experiments\260526-0101_res256_sd_lora_uncond_all_seed42\sampling_img2img\random\strength_0.45_gs_5.0_steps_100\BCC\ISIC_0032850_label-BCC_strategy-random_strength-0.45_gs-5.0_aug-002.png,,,,
ISIC_0032850,BCC,2,random,0.45,5.0,100,3,203497,experiments\260526-0101_res256_sd_lora_uncond_all_seed42\sampling_img2img\random\strength_0.45_gs_5.0_steps_100\BCC\ISIC_0032850_label-BCC_strategy-random_strength-0.45_gs-5.0_aug-003.png,,,,
ISIC_0032850,BCC,2,random,0.45,5.0,100,4,204497,experiments\260526-0101_res256_sd_lora_uncond_all_seed42\sampling_img2img\random\strength_0.45_gs_5.0_steps_100\BCC\ISIC_0032850_label-BCC_strategy-random_strength-0.45_gs-5.0_aug-004.png,,,,
ISIC_0027546,BCC,2,random,0.45,5.0,100,0,201028,experiments\260526-0101_res256_sd_lora_uncond_all_seed42\sampling_img2img\random\strength_0.45_gs_5.0_steps_100\BCC\ISIC_0027546_label-BCC_strategy-random_strength-0.45_gs-5.0_aug-000.png,,,,
ISIC_0027546,BCC,2,random,0.45,5.0,100,1,202028,experiments\260526-0101_res256_sd_lora_uncond_all_seed42\sampling_img2img\random\strength_0.45_gs_5.0_steps_100\BCC\ISIC_0027546_label-BCC_strategy-random_strength-0.45_gs-5.0_aug-001.png,,,,
ISIC_0027546,BCC,2,random,0.45,5.0,100,2,203028,experiments\260526-0101_res256_sd_lora_uncond_all_seed42\sampling_img2img\random\strength_0.45_gs_5.0_steps_100\BCC\ISIC_0027546_label-BCC_strategy-random_strength-0.45_gs-5.0_aug-002.png,,,,
ISIC_0027546,BCC,2,random,0.45,5.0,100,3,204028,experiments\260526-0101_res256_sd_lora_uncond_all_seed42\sampling_img2img\random\strength_0.45_gs_5.0_steps_100\BCC\ISIC_0027546_label-BCC_strategy-random_strength-0.45_gs-5.0_aug-003.png,,,,
ISIC_0027546,BCC,2,random,0.45,5.0,100,4,205028,experiments\260526-0101_res256_sd_lora_uncond_all_seed42\sampling_img2img\random\strength_0.45_gs_5.0_steps_100\BCC\ISIC_0027546_label-BCC_strategy-random_strength-0.45_gs-5.0_aug-004.png,,,,
ISIC_0028084,BCC,2,random,0.45,5.0,100,0,200133,experiments\260526-0101_res256_sd_lora_uncond_all_seed42\sampling_img2img\random\strength_0.45_gs_5.0_steps_100\BCC\ISIC_0028084_label-BCC_strategy-random_strength-0.45_gs-5.0_aug-000.png,,,,
ISIC_0028084,BCC,2,random,0.45,5.0,100,1,201133,experiments\260526-0101_res256_sd_lora_uncond_all_seed42\sampling_img2img\random\strength_0.45_gs_5.0_steps_100\BCC\ISIC_0028084_label-BCC_strategy-random_strength-0.45_gs-5.0_aug-001.png,,,,
ISIC_0028084,BCC,2,random,0.45,5.0,100,2,202133,experiments\260526-0101_res256_sd_lora_uncond_all_seed42\sampling_img2img\random\strength_0.45_gs_5.0_steps_100\BCC\ISIC_0028084_label-BCC_strategy-random_strength-0.45_gs-5.0_aug-002.png,,,,
ISIC_0028084,BCC,2,random,0.45,5.0,100,3,203133,experiments\260526-0101_res256_sd_lora_uncond_all_seed42\sampling_img2img\random\strength_0.45_gs_5.0_steps_100\BCC\ISIC_0028084_label-BCC_strategy-random_strength-0.45_gs-5.0_aug-003.png,,,,
ISIC_0028084,BCC,2,random,0.45,5.0,100,4,204133,experiments\260526-0101_res256_sd_lora_uncond_all_seed42\sampling_img2img\random\strength_0.45_gs_5.0_steps_100\BCC\ISIC_0028084_label-BCC_strategy-random_strength-0.45_gs-5.0_aug-004.png,,,,
ISIC_0025824,BCC,2,random,0.45,5.0,100,0,200765,experiments\260526-0101_res256_sd_lora_uncond_all_seed42\sampling_img2img\random\strength_0.45_gs_5.0_steps_100\BCC\ISIC_0025824_label-BCC_strategy-random_strength-0.45_gs-5.0_aug-000.png,,,,
ISIC_0025824,BCC,2,random,0.45,5.0,100,1,201765,experiments\260526-0101_res256_sd_lora_uncond_all_seed42\sampling_img2img\random\strength_0.45_gs_5.0_steps_100\BCC\ISIC_0025824_label-BCC_strategy-random_strength-0.45_gs-5.0_aug-001.png,,,,
ISIC_0025824,BCC,2,random,0.45,5.0,100,2,202765,experiments\260526-0101_res256_sd_lora_uncond_all_seed42\sampling_img2img\random\strength_0.45_gs_5.0_steps_100\BCC\ISIC_0025824_label-BCC_strategy-random_strength-0.45_gs-5.0_aug-002.png,,,,
ISIC_0025824,BCC,2,random,0.45,5.0,100,3,203765,experiments\260526-0101_res256_sd_lora_uncond_all_seed42\sampling_img2img\random\strength_0.45_gs_5.0_steps_100\BCC\ISIC_0025824_label-BCC_strategy-random_strength-0.45_gs-5.0_aug-003.png,,,,
ISIC_0025824,BCC,2,random,0.45,5.0,100,4,204765,experiments\260526-0101_res256_sd_lora_uncond_all_seed42\sampling_img2img\random\strength_0.45_gs_5.0_steps_100\BCC\ISIC_0025824_label-BCC_strategy-random_strength-0.45_gs-5.0_aug-004.png,,,,
ISIC_0033747,BCC,2,random,0.45,5.0,100,0,200937,experiments\260526-0101_res256_sd_lora_uncond_all_seed42\sampling_img2img\random\strength_0.45_gs_5.0_steps_100\BCC\ISIC_0033747_label-BCC_strategy-random_strength-0.45_gs-5.0_aug-000.png,,,,
ISIC_0033747,BCC,2,random,0.45,5.0,100,1,201937,experiments\260526-0101_res256_sd_lora_uncond_all_seed42\sampling_img2img\random\strength_0.45_gs_5.0_steps_100\BCC\ISIC_0033747_label-BCC_strategy-random_strength-0.45_gs-5.0_aug-001.png,,,,
ISIC_0033747,BCC,2,random,0.45,5.0,100,2,202937,experiments\260526-0101_res256_sd_lora_uncond_all_seed42\sampling_img2img\random\strength_0.45_gs_5.0_steps_100\BCC\ISIC_0033747_label-BCC_strategy-random_strength-0.45_gs-5.0_aug-002.png,,,,
ISIC_0033747,BCC,2,random,0.45,5.0,100,3,203937,experiments\260526-0101_res256_sd_lora_uncond_all_seed42\sampling_img2img\random\strength_0.45_gs_5.0_steps_100\BCC\ISIC_0033747_label-BCC_strategy-random_strength-0.45_gs-5.0_aug-003.png,,,,
ISIC_0033747,BCC,2,random,0.45,5.0,100,4,204937,experiments\260526-0101_res256_sd_lora_uncond_all_seed42\sampling_img2img\random\strength_0.45_gs_5.0_steps_100\BCC\ISIC_0033747_label-BCC_strategy-random_strength-0.45_gs-5.0_aug-004.png,,,,
ISIC_0027915,BCC,2,random,0.45,5.0,100,0,200280,experiments\260526-0101_res256_sd_lora_uncond_all_seed42\sampling_img2img\random\strength_0.45_gs_5.0_steps_100\BCC\ISIC_0027915_label-BCC_strategy-random_strength-0.45_gs-5.0_aug-000.png,,,,
ISIC_0027915,BCC,2,random,0.45,5.0,100,1,201280,experiments\260526-0101_res256_sd_lora_uncond_all_seed42\sampling_img2img\random\strength_0.45_gs_5.0_steps_100\BCC\ISIC_0027915_label-BCC_strategy-random_strength-0.45_gs-5.0_aug-001.png,,,,
ISIC_0027915,BCC,2,random,0.45,5.0,100,2,202280,experiments\260526-0101_res256_sd_lora_uncond_all_seed42\sampling_img2img\random\strength_0.45_gs_5.0_steps_100\BCC\ISIC_0027915_label-BCC_strategy-random_strength-0.45_gs-5.0_aug-002.png,,,,
ISIC_0027915,BCC,2,random,0.45,5.0,100,3,203280,experiments\260526-0101_res256_sd_lora_uncond_all_seed42\sampling_img2img\random\strength_0.45_gs_5.0_steps_100\BCC\ISIC_0027915_label-BCC_strategy-random_strength-0.45_gs-5.0_aug-003.png,,,,
ISIC_0027915,BCC,2,random,0.45,5.0,100,4,204280,experiments\260526-0101_res256_sd_lora_uncond_all_seed42\sampling_img2img\random\strength_0.45_gs_5.0_steps_100\BCC\ISIC_0027915_label-BCC_strategy-random_strength-0.45_gs-5.0_aug-004.png,,,,
ISIC_0027631,BCC,2,random,0.45,5.0,100,0,200758,experiments\260526-0101_res256_sd_lora_uncond_all_seed42\sampling_img2img\random\strength_0.45_gs_5.0_steps_100\BCC\ISIC_0027631_label-BCC_strategy-random_strength-0.45_gs-5.0_aug-000.png,,,,
ISIC_0027631,BCC,2,random,0.45,5.0,100,1,201758,experiments\260526-0101_res256_sd_lora_uncond_all_seed42\sampling_img2img\random\strength_0.45_gs_5.0_steps_100\BCC\ISIC_0027631_label-BCC_strategy-random_strength-0.45_gs-5.0_aug-001.png,,,,
ISIC_0027631,BCC,2,random,0.45,5.0,100,2,202758,experiments\260526-0101_res256_sd_lora_uncond_all_seed42\sampling_img2img\random\strength_0.45_gs_5.0_steps_100\BCC\ISIC_0027631_label-BCC_strategy-random_strength-0.45_gs-5.0_aug-002.png,,,,
ISIC_0027631,BCC,2,random,0.45,5.0,100,3,203758,experiments\260526-0101_res256_sd_lora_uncond_all_seed42\sampling_img2img\random\strength_0.45_gs_5.0_steps_100\BCC\ISIC_0027631_label-BCC_strategy-random_strength-0.45_gs-5.0_aug-003.png,,,,
ISIC_0027631,BCC,2,random,0.45,5.0,100,4,204758,experiments\260526-0101_res256_sd_lora_uncond_all_seed42\sampling_img2img\random\strength_0.45_gs_5.0_steps_100\BCC\ISIC_0027631_label-BCC_strategy-random_strength-0.45_gs-5.0_aug-004.png,,,,
ISIC_0024595,BCC,2,random,0.45,5.0,100,0,200456,experiments\260526-0101_res256_sd_lora_uncond_all_seed42\sampling_img2img\random\strength_0.45_gs_5.0_steps_100\BCC\ISIC_0024595_label-BCC_strategy-random_strength-0.45_gs-5.0_aug-000.png,,,,
ISIC_0024595,BCC,2,random,0.45,5.0,100,1,201456,experiments\260526-0101_res256_sd_lora_uncond_all_seed42\sampling_img2img\random\strength_0.45_gs_5.0_steps_100\BCC\ISIC_0024595_label-BCC_strategy-random_strength-0.45_gs-5.0_aug-001.png,,,,
ISIC_0024595,BCC,2,random,0.45,5.0,100,2,202456,experiments\260526-0101_res256_sd_lora_uncond_all_seed42\sampling_img2img\random\strength_0.45_gs_5.0_steps_100\BCC\ISIC_0024595_label-BCC_strategy-random_strength-0.45_gs-5.0_aug-002.png,,,,
ISIC_0024595,BCC,2,random,0.45,5.0,100,3,203456,experiments\260526-0101_res256_sd_lora_uncond_all_seed42\sampling_img2img\random\strength_0.45_gs_5.0_steps_100\BCC\ISIC_0024595_label-BCC_strategy-random_strength-0.45_gs-5.0_aug-003.png,,,,
ISIC_0024595,BCC,2,random,0.45,5.0,100,4,204456,experiments\260526-0101_res256_sd_lora_uncond_all_seed42\sampling_img2img\random\strength_0.45_gs_5.0_steps_100\BCC\ISIC_0024595_label-BCC_strategy-random_strength-0.45_gs-5.0_aug-004.png,,,,
ISIC_0025630,BCC,2,random,0.45,5.0,100,0,200397,experiments\260526-0101_res256_sd_lora_uncond_all_seed42\sampling_img2img\random\strength_0.45_gs_5.0_steps_100\BCC\ISIC_0025630_label-BCC_strategy-random_strength-0.45_gs-5.0_aug-000.png,,,,
ISIC_0025630,BCC,2,random,0.45,5.0,100,1,201397,experiments\260526-0101_res256_sd_lora_uncond_all_seed42\sampling_img2img\random\strength_0.45_gs_5.0_steps_100\BCC\ISIC_0025630_label-BCC_strategy-random_strength-0.45_gs-5.0_aug-001.png,,,,
ISIC_0025630,BCC,2,random,0.45,5.0,100,2,202397,experiments\260526-0101_res256_sd_lora_uncond_all_seed42\sampling_img2img\random\strength_0.45_gs_5.0_steps_100\BCC\ISIC_0025630_label-BCC_strategy-random_strength-0.45_gs-5.0_aug-002.png,,,,
ISIC_0025630,BCC,2,random,0.45,5.0,100,3,203397,experiments\260526-0101_res256_sd_lora_uncond_all_seed42\sampling_img2img\random\strength_0.45_gs_5.0_steps_100\BCC\ISIC_0025630_label-BCC_strategy-random_strength-0.45_gs-5.0_aug-003.png,,,,
ISIC_0025630,BCC,2,random,0.45,5.0,100,4,204397,experiments\260526-0101_res256_sd_lora_uncond_all_seed42\sampling_img2img\random\strength_0.45_gs_5.0_steps_100\BCC\ISIC_0025630_label-BCC_strategy-random_strength-0.45_gs-5.0_aug-004.png,,,,
ISIC_0026439,BCC,2,random,0.45,5.0,100,0,200848,experiments\260526-0101_res256_sd_lora_uncond_all_seed42\sampling_img2img\random\strength_0.45_gs_5.0_steps_100\BCC\ISIC_0026439_label-BCC_strategy-random_strength-0.45_gs-5.0_aug-000.png,,,,
ISIC_0026439,BCC,2,random,0.45,5.0,100,1,201848,experiments\260526-0101_res256_sd_lora_uncond_all_seed42\sampling_img2img\random\strength_0.45_gs_5.0_steps_100\BCC\ISIC_0026439_label-BCC_strategy-random_strength-0.45_gs-5.0_aug-001.png,,,,
ISIC_0026439,BCC,2,random,0.45,5.0,100,2,202848,experiments\260526-0101_res256_sd_lora_uncond_all_seed42\sampling_img2img\random\strength_0.45_gs_5.0_steps_100\BCC\ISIC_0026439_label-BCC_strategy-random_strength-0.45_gs-5.0_aug-002.png,,,,
ISIC_0026439,BCC,2,random,0.45,5.0,100,3,203848,experiments\260526-0101_res256_sd_lora_uncond_all_seed42\sampling_img2img\random\strength_0.45_gs_5.0_steps_100\BCC\ISIC_0026439_label-BCC_strategy-random_strength-0.45_gs-5.0_aug-003.png,,,,
ISIC_0026439,BCC,2,random,0.45,5.0,100,4,204848,experiments\260526-0101_res256_sd_lora_uncond_all_seed42\sampling_img2img\random\strength_0.45_gs_5.0_steps_100\BCC\ISIC_0026439_label-BCC_strategy-random_strength-0.45_gs-5.0_aug-004.png,,,,
ISIC_0026798,BCC,2,random,0.45,5.0,100,0,200708,experiments\260526-0101_res256_sd_lora_uncond_all_seed42\sampling_img2img\random\strength_0.45_gs_5.0_steps_100\BCC\ISIC_0026798_label-BCC_strategy-random_strength-0.45_gs-5.0_aug-000.png,,,,
ISIC_0026798,BCC,2,random,0.45,5.0,100,1,201708,experiments\260526-0101_res256_sd_lora_uncond_all_seed42\sampling_img2img\random\strength_0.45_gs_5.0_steps_100\BCC\ISIC_0026798_label-BCC_strategy-random_strength-0.45_gs-5.0_aug-001.png,,,,
ISIC_0026798,BCC,2,random,0.45,5.0,100,2,202708,experiments\260526-0101_res256_sd_lora_uncond_all_seed42\sampling_img2img\random\strength_0.45_gs_5.0_steps_100\BCC\ISIC_0026798_label-BCC_strategy-random_strength-0.45_gs-5.0_aug-002.png,,,,
ISIC_0026798,BCC,2,random,0.45,5.0,100,3,203708,experiments\260526-0101_res256_sd_lora_uncond_all_seed42\sampling_img2img\random\strength_0.45_gs_5.0_steps_100\BCC\ISIC_0026798_label-BCC_strategy-random_strength-0.45_gs-5.0_aug-003.png,,,,
ISIC_0026798,BCC,2,random,0.45,5.0,100,4,204708,experiments\260526-0101_res256_sd_lora_uncond_all_seed42\sampling_img2img\random\strength_0.45_gs_5.0_steps_100\BCC\ISIC_0026798_label-BCC_strategy-random_strength-0.45_gs-5.0_aug-004.png,,,,
ISIC_0031552,BCC,2,random,0.45,5.0,100,0,200300,experiments\260526-0101_res256_sd_lora_uncond_all_seed42\sampling_img2img\random\strength_0.45_gs_5.0_steps_100\BCC\ISIC_0031552_label-BCC_strategy-random_strength-0.45_gs-5.0_aug-000.png,,,,
ISIC_0031552,BCC,2,random,0.45,5.0,100,1,201300,experiments\260526-0101_res256_sd_lora_uncond_all_seed42\sampling_img2img\random\strength_0.45_gs_5.0_steps_100\BCC\ISIC_0031552_label-BCC_strategy-random_strength-0.45_gs-5.0_aug-001.png,,,,
ISIC_0031552,BCC,2,random,0.45,5.0,100,2,202300,experiments\260526-0101_res256_sd_lora_uncond_all_seed42\sampling_img2img\random\strength_0.45_gs_5.0_steps_100\BCC\ISIC_0031552_label-BCC_strategy-random_strength-0.45_gs-5.0_aug-002.png,,,,
ISIC_0031552,BCC,2,random,0.45,5.0,100,3,203300,experiments\260526-0101_res256_sd_lora_uncond_all_seed42\sampling_img2img\random\strength_0.45_gs_5.0_steps_100\BCC\ISIC_0031552_label-BCC_strategy-random_strength-0.45_gs-5.0_aug-003.png,,,,
ISIC_0031552,BCC,2,random,0.45,5.0,100,4,204300,experiments\260526-0101_res256_sd_lora_uncond_all_seed42\sampling_img2img\random\strength_0.45_gs_5.0_steps_100\BCC\ISIC_0031552_label-BCC_strategy-random_strength-0.45_gs-5.0_aug-004.png,,,,
ISIC_0031384,BCC,2,random,0.45,5.0,100,0,200952,experiments\260526-0101_res256_sd_lora_uncond_all_seed42\sampling_img2img\random\strength_0.45_gs_5.0_steps_100\BCC\ISIC_0031384_label-BCC_strategy-random_strength-0.45_gs-5.0_aug-000.png,,,,
ISIC_0031384,BCC,2,random,0.45,5.0,100,1,201952,experiments\260526-0101_res256_sd_lora_uncond_all_seed42\sampling_img2img\random\strength_0.45_gs_5.0_steps_100\BCC\ISIC_0031384_label-BCC_strategy-random_strength-0.45_gs-5.0_aug-001.png,,,,
ISIC_0031384,BCC,2,random,0.45,5.0,100,2,202952,experiments\260526-0101_res256_sd_lora_uncond_all_seed42\sampling_img2img\random\strength_0.45_gs_5.0_steps_100\BCC\ISIC_0031384_label-BCC_strategy-random_strength-0.45_gs-5.0_aug-002.png,,,,
ISIC_0031384,BCC,2,random,0.45,5.0,100,3,203952,experiments\260526-0101_res256_sd_lora_uncond_all_seed42\sampling_img2img\random\strength_0.45_gs_5.0_steps_100\BCC\ISIC_0031384_label-BCC_strategy-random_strength-0.45_gs-5.0_aug-003.png,,,,
ISIC_0031384,BCC,2,random,0.45,5.0,100,4,204952,experiments\260526-0101_res256_sd_lora_uncond_all_seed42\sampling_img2img\random\strength_0.45_gs_5.0_steps_100\BCC\ISIC_0031384_label-BCC_strategy-random_strength-0.45_gs-5.0_aug-004.png,,,,
ISIC_0028747,BCC,2,random,0.45,5.0,100,0,200172,experiments\260526-0101_res256_sd_lora_uncond_all_seed42\sampling_img2img\random\strength_0.45_gs_5.0_steps_100\BCC\ISIC_0028747_label-BCC_strategy-random_strength-0.45_gs-5.0_aug-000.png,,,,
ISIC_0028747,BCC,2,random,0.45,5.0,100,1,201172,experiments\260526-0101_res256_sd_lora_uncond_all_seed42\sampling_img2img\random\strength_0.45_gs_5.0_steps_100\BCC\ISIC_0028747_label-BCC_strategy-random_strength-0.45_gs-5.0_aug-001.png,,,,
ISIC_0028747,BCC,2,random,0.45,5.0,100,2,202172,experiments\260526-0101_res256_sd_lora_uncond_all_seed42\sampling_img2img\random\strength_0.45_gs_5.0_steps_100\BCC\ISIC_0028747_label-BCC_strategy-random_strength-0.45_gs-5.0_aug-002.png,,,,
ISIC_0028747,BCC,2,random,0.45,5.0,100,3,203172,experiments\260526-0101_res256_sd_lora_uncond_all_seed42\sampling_img2img\random\strength_0.45_gs_5.0_steps_100\BCC\ISIC_0028747_label-BCC_strategy-random_strength-0.45_gs-5.0_aug-003.png,,,,
ISIC_0028747,BCC,2,random,0.45,5.0,100,4,204172,experiments\260526-0101_res256_sd_lora_uncond_all_seed42\sampling_img2img\random\strength_0.45_gs_5.0_steps_100\BCC\ISIC_0028747_label-BCC_strategy-random_strength-0.45_gs-5.0_aug-004.png,,,,
ISIC_0025031,BCC,2,random,0.45,5.0,100,0,200788,experiments\260526-0101_res256_sd_lora_uncond_all_seed42\sampling_img2img\random\strength_0.45_gs_5.0_steps_100\BCC\ISIC_0025031_label-BCC_strategy-random_strength-0.45_gs-5.0_aug-000.png,,,,
ISIC_0025031,BCC,2,random,0.45,5.0,100,1,201788,experiments\260526-0101_res256_sd_lora_uncond_all_seed42\sampling_img2img\random\strength_0.45_gs_5.0_steps_100\BCC\ISIC_0025031_label-BCC_strategy-random_strength-0.45_gs-5.0_aug-001.png,,,,
ISIC_0025031,BCC,2,random,0.45,5.0,100,2,202788,experiments\260526-0101_res256_sd_lora_uncond_all_seed42\sampling_img2img\random\strength_0.45_gs_5.0_steps_100\BCC\ISIC_0025031_label-BCC_strategy-random_strength-0.45_gs-5.0_aug-002.png,,,,
ISIC_0025031,BCC,2,random,0.45,5.0,100,3,203788,experiments\260526-0101_res256_sd_lora_uncond_all_seed42\sampling_img2img\random\strength_0.45_gs_5.0_steps_100\BCC\ISIC_0025031_label-BCC_strategy-random_strength-0.45_gs-5.0_aug-003.png,,,,
ISIC_0025031,BCC,2,random,0.45,5.0,100,4,204788,experiments\260526-0101_res256_sd_lora_uncond_all_seed42\sampling_img2img\random\strength_0.45_gs_5.0_steps_100\BCC\ISIC_0025031_label-BCC_strategy-random_strength-0.45_gs-5.0_aug-004.png,,,,
ISIC_0031943,BCC,2,random,0.45,5.0,100,0,200477,experiments\260526-0101_res256_sd_lora_uncond_all_seed42\sampling_img2img\random\strength_0.45_gs_5.0_steps_100\BCC\ISIC_0031943_label-BCC_strategy-random_strength-0.45_gs-5.0_aug-000.png,,,,
ISIC_0031943,BCC,2,random,0.45,5.0,100,1,201477,experiments\260526-0101_res256_sd_lora_uncond_all_seed42\sampling_img2img\random\strength_0.45_gs_5.0_steps_100\BCC\ISIC_0031943_label-BCC_strategy-random_strength-0.45_gs-5.0_aug-001.png,,,,
ISIC_0031943,BCC,2,random,0.45,5.0,100,2,202477,experiments\260526-0101_res256_sd_lora_uncond_all_seed42\sampling_img2img\random\strength_0.45_gs_5.0_steps_100\BCC\ISIC_0031943_label-BCC_strategy-random_strength-0.45_gs-5.0_aug-002.png,,,,
ISIC_0031943,BCC,2,random,0.45,5.0,100,3,203477,experiments\260526-0101_res256_sd_lora_uncond_all_seed42\sampling_img2img\random\strength_0.45_gs_5.0_steps_100\BCC\ISIC_0031943_label-BCC_strategy-random_strength-0.45_gs-5.0_aug-003.png,,,,
ISIC_0031943,BCC,2,random,0.45,5.0,100,4,204477,experiments\260526-0101_res256_sd_lora_uncond_all_seed42\sampling_img2img\random\strength_0.45_gs_5.0_steps_100\BCC\ISIC_0031943_label-BCC_strategy-random_strength-0.45_gs-5.0_aug-004.png,,,,
ISIC_0031527,BCC,2,random,0.45,5.0,100,0,200119,experiments\260526-0101_res256_sd_lora_uncond_all_seed42\sampling_img2img\random\strength_0.45_gs_5.0_steps_100\BCC\ISIC_0031527_label-BCC_strategy-random_strength-0.45_gs-5.0_aug-000.png,,,,
ISIC_0031527,BCC,2,random,0.45,5.0,100,1,201119,experiments\260526-0101_res256_sd_lora_uncond_all_seed42\sampling_img2img\random\strength_0.45_gs_5.0_steps_100\BCC\ISIC_0031527_label-BCC_strategy-random_strength-0.45_gs-5.0_aug-001.png,,,,
ISIC_0031527,BCC,2,random,0.45,5.0,100,2,202119,experiments\260526-0101_res256_sd_lora_uncond_all_seed42\sampling_img2img\random\strength_0.45_gs_5.0_steps_100\BCC\ISIC_0031527_label-BCC_strategy-random_strength-0.45_gs-5.0_aug-002.png,,,,
ISIC_0031527,BCC,2,random,0.45,5.0,100,3,203119,experiments\260526-0101_res256_sd_lora_uncond_all_seed42\sampling_img2img\random\strength_0.45_gs_5.0_steps_100\BCC\ISIC_0031527_label-BCC_strategy-random_strength-0.45_gs-5.0_aug-003.png,,,,
ISIC_0031527,BCC,2,random,0.45,5.0,100,4,204119,experiments\260526-0101_res256_sd_lora_uncond_all_seed42\sampling_img2img\random\strength_0.45_gs_5.0_steps_100\BCC\ISIC_0031527_label-BCC_strategy-random_strength-0.45_gs-5.0_aug-004.png,,,,
ISIC_0025301,BCC,2,random,0.45,5.0,100,0,200218,experiments\260526-0101_res256_sd_lora_uncond_all_seed42\sampling_img2img\random\strength_0.45_gs_5.0_steps_100\BCC\ISIC_0025301_label-BCC_strategy-random_strength-0.45_gs-5.0_aug-000.png,,,,
ISIC_0025301,BCC,2,random,0.45,5.0,100,1,201218,experiments\260526-0101_res256_sd_lora_uncond_all_seed42\sampling_img2img\random\strength_0.45_gs_5.0_steps_100\BCC\ISIC_0025301_label-BCC_strategy-random_strength-0.45_gs-5.0_aug-001.png,,,,
ISIC_0025301,BCC,2,random,0.45,5.0,100,2,202218,experiments\260526-0101_res256_sd_lora_uncond_all_seed42\sampling_img2img\random\strength_0.45_gs_5.0_steps_100\BCC\ISIC_0025301_label-BCC_strategy-random_strength-0.45_gs-5.0_aug-002.png,,,,
ISIC_0025301,BCC,2,random,0.45,5.0,100,3,203218,experiments\260526-0101_res256_sd_lora_uncond_all_seed42\sampling_img2img\random\strength_0.45_gs_5.0_steps_100\BCC\ISIC_0025301_label-BCC_strategy-random_strength-0.45_gs-5.0_aug-003.png,,,,
ISIC_0025301,BCC,2,random,0.45,5.0,100,4,204218,experiments\260526-0101_res256_sd_lora_uncond_all_seed42\sampling_img2img\random\strength_0.45_gs_5.0_steps_100\BCC\ISIC_0025301_label-BCC_strategy-random_strength-0.45_gs-5.0_aug-004.png,,,,
ISIC_0027175,BCC,2,random,0.45,5.0,100,0,200893,experiments\260526-0101_res256_sd_lora_uncond_all_seed42\sampling_img2img\random\strength_0.45_gs_5.0_steps_100\BCC\ISIC_0027175_label-BCC_strategy-random_strength-0.45_gs-5.0_aug-000.png,,,,
ISIC_0027175,BCC,2,random,0.45,5.0,100,1,201893,experiments\260526-0101_res256_sd_lora_uncond_all_seed42\sampling_img2img\random\strength_0.45_gs_5.0_steps_100\BCC\ISIC_0027175_label-BCC_strategy-random_strength-0.45_gs-5.0_aug-001.png,,,,
ISIC_0027175,BCC,2,random,0.45,5.0,100,2,202893,experiments\260526-0101_res256_sd_lora_uncond_all_seed42\sampling_img2img\random\strength_0.45_gs_5.0_steps_100\BCC\ISIC_0027175_label-BCC_strategy-random_strength-0.45_gs-5.0_aug-002.png,,,,
ISIC_0027175,BCC,2,random,0.45,5.0,100,3,203893,experiments\260526-0101_res256_sd_lora_uncond_all_seed42\sampling_img2img\random\strength_0.45_gs_5.0_steps_100\BCC\ISIC_0027175_label-BCC_strategy-random_strength-0.45_gs-5.0_aug-003.png,,,,
ISIC_0027175,BCC,2,random,0.45,5.0,100,4,204893,experiments\260526-0101_res256_sd_lora_uncond_all_seed42\sampling_img2img\random\strength_0.45_gs_5.0_steps_100\BCC\ISIC_0027175_label-BCC_strategy-random_strength-0.45_gs-5.0_aug-004.png,,,,
ISIC_0031026,BCC,2,random,0.45,5.0,100,0,200735,experiments\260526-0101_res256_sd_lora_uncond_all_seed42\sampling_img2img\random\strength_0.45_gs_5.0_steps_100\BCC\ISIC_0031026_label-BCC_strategy-random_strength-0.45_gs-5.0_aug-000.png,,,,
ISIC_0031026,BCC,2,random,0.45,5.0,100,1,201735,experiments\260526-0101_res256_sd_lora_uncond_all_seed42\sampling_img2img\random\strength_0.45_gs_5.0_steps_100\BCC\ISIC_0031026_label-BCC_strategy-random_strength-0.45_gs-5.0_aug-001.png,,,,
ISIC_0031026,BCC,2,random,0.45,5.0,100,2,202735,experiments\260526-0101_res256_sd_lora_uncond_all_seed42\sampling_img2img\random\strength_0.45_gs_5.0_steps_100\BCC\ISIC_0031026_label-BCC_strategy-random_strength-0.45_gs-5.0_aug-002.png,,,,
ISIC_0031026,BCC,2,random,0.45,5.0,100,3,203735,experiments\260526-0101_res256_sd_lora_uncond_all_seed42\sampling_img2img\random\strength_0.45_gs_5.0_steps_100\BCC\ISIC_0031026_label-BCC_strategy-random_strength-0.45_gs-5.0_aug-003.png,,,,
ISIC_0031026,BCC,2,random,0.45,5.0,100,4,204735,experiments\260526-0101_res256_sd_lora_uncond_all_seed42\sampling_img2img\random\strength_0.45_gs_5.0_steps_100\BCC\ISIC_0031026_label-BCC_strategy-random_strength-0.45_gs-5.0_aug-004.png,,,,
ISIC_0024457,BCC,2,random,0.45,5.0,100,0,200711,experiments\260526-0101_res256_sd_lora_uncond_all_seed42\sampling_img2img\random\strength_0.45_gs_5.0_steps_100\BCC\ISIC_0024457_label-BCC_strategy-random_strength-0.45_gs-5.0_aug-000.png,,,,
ISIC_0024457,BCC,2,random,0.45,5.0,100,1,201711,experiments\260526-0101_res256_sd_lora_uncond_all_seed42\sampling_img2img\random\strength_0.45_gs_5.0_steps_100\BCC\ISIC_0024457_label-BCC_strategy-random_strength-0.45_gs-5.0_aug-001.png,,,,
ISIC_0024457,BCC,2,random,0.45,5.0,100,2,202711,experiments\260526-0101_res256_sd_lora_uncond_all_seed42\sampling_img2img\random\strength_0.45_gs_5.0_steps_100\BCC\ISIC_0024457_label-BCC_strategy-random_strength-0.45_gs-5.0_aug-002.png,,,,
ISIC_0024457,BCC,2,random,0.45,5.0,100,3,203711,experiments\260526-0101_res256_sd_lora_uncond_all_seed42\sampling_img2img\random\strength_0.45_gs_5.0_steps_100\BCC\ISIC_0024457_label-BCC_strategy-random_strength-0.45_gs-5.0_aug-003.png,,,,
ISIC_0024457,BCC,2,random,0.45,5.0,100,4,204711,experiments\260526-0101_res256_sd_lora_uncond_all_seed42\sampling_img2img\random\strength_0.45_gs_5.0_steps_100\BCC\ISIC_0024457_label-BCC_strategy-random_strength-0.45_gs-5.0_aug-004.png,,,,
ISIC_0030644,BCC,2,random,0.45,5.0,100,0,200075,experiments\260526-0101_res256_sd_lora_uncond_all_seed42\sampling_img2img\random\strength_0.45_gs_5.0_steps_100\BCC\ISIC_0030644_label-BCC_strategy-random_strength-0.45_gs-5.0_aug-000.png,,,,
ISIC_0030644,BCC,2,random,0.45,5.0,100,1,201075,experiments\260526-0101_res256_sd_lora_uncond_all_seed42\sampling_img2img\random\strength_0.45_gs_5.0_steps_100\BCC\ISIC_0030644_label-BCC_strategy-random_strength-0.45_gs-5.0_aug-001.png,,,,
ISIC_0030644,BCC,2,random,0.45,5.0,100,2,202075,experiments\260526-0101_res256_sd_lora_uncond_all_seed42\sampling_img2img\random\strength_0.45_gs_5.0_steps_100\BCC\ISIC_0030644_label-BCC_strategy-random_strength-0.45_gs-5.0_aug-002.png,,,,
ISIC_0030644,BCC,2,random,0.45,5.0,100,3,203075,experiments\260526-0101_res256_sd_lora_uncond_all_seed42\sampling_img2img\random\strength_0.45_gs_5.0_steps_100\BCC\ISIC_0030644_label-BCC_strategy-random_strength-0.45_gs-5.0_aug-003.png,,,,
ISIC_0030644,BCC,2,random,0.45,5.0,100,4,204075,experiments\260526-0101_res256_sd_lora_uncond_all_seed42\sampling_img2img\random\strength_0.45_gs_5.0_steps_100\BCC\ISIC_0030644_label-BCC_strategy-random_strength-0.45_gs-5.0_aug-004.png,,,,
ISIC_0033203,BCC,2,random,0.45,5.0,100,0,200742,experiments\260526-0101_res256_sd_lora_uncond_all_seed42\sampling_img2img\random\strength_0.45_gs_5.0_steps_100\BCC\ISIC_0033203_label-BCC_strategy-random_strength-0.45_gs-5.0_aug-000.png,,,,
ISIC_0033203,BCC,2,random,0.45,5.0,100,1,201742,experiments\260526-0101_res256_sd_lora_uncond_all_seed42\sampling_img2img\random\strength_0.45_gs_5.0_steps_100\BCC\ISIC_0033203_label-BCC_strategy-random_strength-0.45_gs-5.0_aug-001.png,,,,
ISIC_0033203,BCC,2,random,0.45,5.0,100,2,202742,experiments\260526-0101_res256_sd_lora_uncond_all_seed42\sampling_img2img\random\strength_0.45_gs_5.0_steps_100\BCC\ISIC_0033203_label-BCC_strategy-random_strength-0.45_gs-5.0_aug-002.png,,,,
ISIC_0033203,BCC,2,random,0.45,5.0,100,3,203742,experiments\260526-0101_res256_sd_lora_uncond_all_seed42\sampling_img2img\random\strength_0.45_gs_5.0_steps_100\BCC\ISIC_0033203_label-BCC_strategy-random_strength-0.45_gs-5.0_aug-003.png,,,,
ISIC_0033203,BCC,2,random,0.45,5.0,100,4,204742,experiments\260526-0101_res256_sd_lora_uncond_all_seed42\sampling_img2img\random\strength_0.45_gs_5.0_steps_100\BCC\ISIC_0033203_label-BCC_strategy-random_strength-0.45_gs-5.0_aug-004.png,,,,
ISIC_0027722,BCC,2,random,0.45,5.0,100,0,200263,experiments\260526-0101_res256_sd_lora_uncond_all_seed42\sampling_img2img\random\strength_0.45_gs_5.0_steps_100\BCC\ISIC_0027722_label-BCC_strategy-random_strength-0.45_gs-5.0_aug-000.png,,,,
ISIC_0027722,BCC,2,random,0.45,5.0,100,1,201263,experiments\260526-0101_res256_sd_lora_uncond_all_seed42\sampling_img2img\random\strength_0.45_gs_5.0_steps_100\BCC\ISIC_0027722_label-BCC_strategy-random_strength-0.45_gs-5.0_aug-001.png,,,,
ISIC_0027722,BCC,2,random,0.45,5.0,100,2,202263,experiments\260526-0101_res256_sd_lora_uncond_all_seed42\sampling_img2img\random\strength_0.45_gs_5.0_steps_100\BCC\ISIC_0027722_label-BCC_strategy-random_strength-0.45_gs-5.0_aug-002.png,,,,
ISIC_0027722,BCC,2,random,0.45,5.0,100,3,203263,experiments\260526-0101_res256_sd_lora_uncond_all_seed42\sampling_img2img\random\strength_0.45_gs_5.0_steps_100\BCC\ISIC_0027722_label-BCC_strategy-random_strength-0.45_gs-5.0_aug-003.png,,,,
ISIC_0027722,BCC,2,random,0.45,5.0,100,4,204263,experiments\260526-0101_res256_sd_lora_uncond_all_seed42\sampling_img2img\random\strength_0.45_gs_5.0_steps_100\BCC\ISIC_0027722_label-BCC_strategy-random_strength-0.45_gs-5.0_aug-004.png,,,,
ISIC_0032146,BCC,2,random,0.45,5.0,100,0,200756,experiments\260526-0101_res256_sd_lora_uncond_all_seed42\sampling_img2img\random\strength_0.45_gs_5.0_steps_100\BCC\ISIC_0032146_label-BCC_strategy-random_strength-0.45_gs-5.0_aug-000.png,,,,
ISIC_0032146,BCC,2,random,0.45,5.0,100,1,201756,experiments\260526-0101_res256_sd_lora_uncond_all_seed42\sampling_img2img\random\strength_0.45_gs_5.0_steps_100\BCC\ISIC_0032146_label-BCC_strategy-random_strength-0.45_gs-5.0_aug-001.png,,,,
ISIC_0032146,BCC,2,random,0.45,5.0,100,2,202756,experiments\260526-0101_res256_sd_lora_uncond_all_seed42\sampling_img2img\random\strength_0.45_gs_5.0_steps_100\BCC\ISIC_0032146_label-BCC_strategy-random_strength-0.45_gs-5.0_aug-002.png,,,,
ISIC_0032146,BCC,2,random,0.45,5.0,100,3,203756,experiments\260526-0101_res256_sd_lora_uncond_all_seed42\sampling_img2img\random\strength_0.45_gs_5.0_steps_100\BCC\ISIC_0032146_label-BCC_strategy-random_strength-0.45_gs-5.0_aug-003.png,,,,
ISIC_0032146,BCC,2,random,0.45,5.0,100,4,204756,experiments\260526-0101_res256_sd_lora_uncond_all_seed42\sampling_img2img\random\strength_0.45_gs_5.0_steps_100\BCC\ISIC_0032146_label-BCC_strategy-random_strength-0.45_gs-5.0_aug-004.png,,,,
ISIC_0025557,BCC,2,random,0.45,5.0,100,0,201010,experiments\260526-0101_res256_sd_lora_uncond_all_seed42\sampling_img2img\random\strength_0.45_gs_5.0_steps_100\BCC\ISIC_0025557_label-BCC_strategy-random_strength-0.45_gs-5.0_aug-000.png,,,,
ISIC_0025557,BCC,2,random,0.45,5.0,100,1,202010,experiments\260526-0101_res256_sd_lora_uncond_all_seed42\sampling_img2img\random\strength_0.45_gs_5.0_steps_100\BCC\ISIC_0025557_label-BCC_strategy-random_strength-0.45_gs-5.0_aug-001.png,,,,
ISIC_0025557,BCC,2,random,0.45,5.0,100,2,203010,experiments\260526-0101_res256_sd_lora_uncond_all_seed42\sampling_img2img\random\strength_0.45_gs_5.0_steps_100\BCC\ISIC_0025557_label-BCC_strategy-random_strength-0.45_gs-5.0_aug-002.png,,,,
ISIC_0025557,BCC,2,random,0.45,5.0,100,3,204010,experiments\260526-0101_res256_sd_lora_uncond_all_seed42\sampling_img2img\random\strength_0.45_gs_5.0_steps_100\BCC\ISIC_0025557_label-BCC_strategy-random_strength-0.45_gs-5.0_aug-003.png,,,,
ISIC_0025557,BCC,2,random,0.45,5.0,100,4,205010,experiments\260526-0101_res256_sd_lora_uncond_all_seed42\sampling_img2img\random\strength_0.45_gs_5.0_steps_100\BCC\ISIC_0025557_label-BCC_strategy-random_strength-0.45_gs-5.0_aug-004.png,,,,
ISIC_0027371,BCC,2,random,0.45,5.0,100,0,200303,experiments\260526-0101_res256_sd_lora_uncond_all_seed42\sampling_img2img\random\strength_0.45_gs_5.0_steps_100\BCC\ISIC_0027371_label-BCC_strategy-random_strength-0.45_gs-5.0_aug-000.png,,,,
ISIC_0027371,BCC,2,random,0.45,5.0,100,1,201303,experiments\260526-0101_res256_sd_lora_uncond_all_seed42\sampling_img2img\random\strength_0.45_gs_5.0_steps_100\BCC\ISIC_0027371_label-BCC_strategy-random_strength-0.45_gs-5.0_aug-001.png,,,,
ISIC_0027371,BCC,2,random,0.45,5.0,100,2,202303,experiments\260526-0101_res256_sd_lora_uncond_all_seed42\sampling_img2img\random\strength_0.45_gs_5.0_steps_100\BCC\ISIC_0027371_label-BCC_strategy-random_strength-0.45_gs-5.0_aug-002.png,,,,
ISIC_0027371,BCC,2,random,0.45,5.0,100,3,203303,experiments\260526-0101_res256_sd_lora_uncond_all_seed42\sampling_img2img\random\strength_0.45_gs_5.0_steps_100\BCC\ISIC_0027371_label-BCC_strategy-random_strength-0.45_gs-5.0_aug-003.png,,,,
ISIC_0027371,BCC,2,random,0.45,5.0,100,4,204303,experiments\260526-0101_res256_sd_lora_uncond_all_seed42\sampling_img2img\random\strength_0.45_gs_5.0_steps_100\BCC\ISIC_0027371_label-BCC_strategy-random_strength-0.45_gs-5.0_aug-004.png,,,,
ISIC_0032194,BCC,2,random,0.45,5.0,100,0,200473,experiments\260526-0101_res256_sd_lora_uncond_all_seed42\sampling_img2img\random\strength_0.45_gs_5.0_steps_100\BCC\ISIC_0032194_label-BCC_strategy-random_strength-0.45_gs-5.0_aug-000.png,,,,
ISIC_0032194,BCC,2,random,0.45,5.0,100,1,201473,experiments\260526-0101_res256_sd_lora_uncond_all_seed42\sampling_img2img\random\strength_0.45_gs_5.0_steps_100\BCC\ISIC_0032194_label-BCC_strategy-random_strength-0.45_gs-5.0_aug-001.png,,,,
ISIC_0032194,BCC,2,random,0.45,5.0,100,2,202473,experiments\260526-0101_res256_sd_lora_uncond_all_seed42\sampling_img2img\random\strength_0.45_gs_5.0_steps_100\BCC\ISIC_0032194_label-BCC_strategy-random_strength-0.45_gs-5.0_aug-002.png,,,,
ISIC_0032194,BCC,2,random,0.45,5.0,100,3,203473,experiments\260526-0101_res256_sd_lora_uncond_all_seed42\sampling_img2img\random\strength_0.45_gs_5.0_steps_100\BCC\ISIC_0032194_label-BCC_strategy-random_strength-0.45_gs-5.0_aug-003.png,,,,
ISIC_0032194,BCC,2,random,0.45,5.0,100,4,204473,experiments\260526-0101_res256_sd_lora_uncond_all_seed42\sampling_img2img\random\strength_0.45_gs_5.0_steps_100\BCC\ISIC_0032194_label-BCC_strategy-random_strength-0.45_gs-5.0_aug-004.png,,,,
ISIC_0029192,BCC,2,random,0.45,5.0,100,0,200238,experiments\260526-0101_res256_sd_lora_uncond_all_seed42\sampling_img2img\random\strength_0.45_gs_5.0_steps_100\BCC\ISIC_0029192_label-BCC_strategy-random_strength-0.45_gs-5.0_aug-000.png,,,,
ISIC_0029192,BCC,2,random,0.45,5.0,100,1,201238,experiments\260526-0101_res256_sd_lora_uncond_all_seed42\sampling_img2img\random\strength_0.45_gs_5.0_steps_100\BCC\ISIC_0029192_label-BCC_strategy-random_strength-0.45_gs-5.0_aug-001.png,,,,
ISIC_0029192,BCC,2,random,0.45,5.0,100,2,202238,experiments\260526-0101_res256_sd_lora_uncond_all_seed42\sampling_img2img\random\strength_0.45_gs_5.0_steps_100\BCC\ISIC_0029192_label-BCC_strategy-random_strength-0.45_gs-5.0_aug-002.png,,,,
ISIC_0029192,BCC,2,random,0.45,5.0,100,3,203238,experiments\260526-0101_res256_sd_lora_uncond_all_seed42\sampling_img2img\random\strength_0.45_gs_5.0_steps_100\BCC\ISIC_0029192_label-BCC_strategy-random_strength-0.45_gs-5.0_aug-003.png,,,,
ISIC_0029192,BCC,2,random,0.45,5.0,100,4,204238,experiments\260526-0101_res256_sd_lora_uncond_all_seed42\sampling_img2img\random\strength_0.45_gs_5.0_steps_100\BCC\ISIC_0029192_label-BCC_strategy-random_strength-0.45_gs-5.0_aug-004.png,,,,
ISIC_0029278,BCC,2,random,0.45,5.0,100,0,200712,experiments\260526-0101_res256_sd_lora_uncond_all_seed42\sampling_img2img\random\strength_0.45_gs_5.0_steps_100\BCC\ISIC_0029278_label-BCC_strategy-random_strength-0.45_gs-5.0_aug-000.png,,,,
ISIC_0029278,BCC,2,random,0.45,5.0,100,1,201712,experiments\260526-0101_res256_sd_lora_uncond_all_seed42\sampling_img2img\random\strength_0.45_gs_5.0_steps_100\BCC\ISIC_0029278_label-BCC_strategy-random_strength-0.45_gs-5.0_aug-001.png,,,,
ISIC_0029278,BCC,2,random,0.45,5.0,100,2,202712,experiments\260526-0101_res256_sd_lora_uncond_all_seed42\sampling_img2img\random\strength_0.45_gs_5.0_steps_100\BCC\ISIC_0029278_label-BCC_strategy-random_strength-0.45_gs-5.0_aug-002.png,,,,
ISIC_0029278,BCC,2,random,0.45,5.0,100,3,203712,experiments\260526-0101_res256_sd_lora_uncond_all_seed42\sampling_img2img\random\strength_0.45_gs_5.0_steps_100\BCC\ISIC_0029278_label-BCC_strategy-random_strength-0.45_gs-5.0_aug-003.png,,,,
ISIC_0029278,BCC,2,random,0.45,5.0,100,4,204712,experiments\260526-0101_res256_sd_lora_uncond_all_seed42\sampling_img2img\random\strength_0.45_gs_5.0_steps_100\BCC\ISIC_0029278_label-BCC_strategy-random_strength-0.45_gs-5.0_aug-004.png,,,,
ISIC_0030297,AKIEC,3,random,0.45,5.0,100,0,300280,experiments\260526-0101_res256_sd_lora_uncond_all_seed42\sampling_img2img\random\strength_0.45_gs_5.0_steps_100\AKIEC\ISIC_0030297_label-AKIEC_strategy-random_strength-0.45_gs-5.0_aug-000.png,,,,
ISIC_0030297,AKIEC,3,random,0.45,5.0,100,1,301280,experiments\260526-0101_res256_sd_lora_uncond_all_seed42\sampling_img2img\random\strength_0.45_gs_5.0_steps_100\AKIEC\ISIC_0030297_label-AKIEC_strategy-random_strength-0.45_gs-5.0_aug-001.png,,,,
ISIC_0030297,AKIEC,3,random,0.45,5.0,100,2,302280,experiments\260526-0101_res256_sd_lora_uncond_all_seed42\sampling_img2img\random\strength_0.45_gs_5.0_steps_100\AKIEC\ISIC_0030297_label-AKIEC_strategy-random_strength-0.45_gs-5.0_aug-002.png,,,,
ISIC_0030297,AKIEC,3,random,0.45,5.0,100,3,303280,experiments\260526-0101_res256_sd_lora_uncond_all_seed42\sampling_img2img\random\strength_0.45_gs_5.0_steps_100\AKIEC\ISIC_0030297_label-AKIEC_strategy-random_strength-0.45_gs-5.0_aug-003.png,,,,
ISIC_0030297,AKIEC,3,random,0.45,5.0,100,4,304280,experiments\260526-0101_res256_sd_lora_uncond_all_seed42\sampling_img2img\random\strength_0.45_gs_5.0_steps_100\AKIEC\ISIC_0030297_label-AKIEC_strategy-random_strength-0.45_gs-5.0_aug-004.png,,,,
ISIC_0028941,AKIEC,3,random,0.45,5.0,100,0,300339,experiments\260526-0101_res256_sd_lora_uncond_all_seed42\sampling_img2img\random\strength_0.45_gs_5.0_steps_100\AKIEC\ISIC_0028941_label-AKIEC_strategy-random_strength-0.45_gs-5.0_aug-000.png,,,,
ISIC_0028941,AKIEC,3,random,0.45,5.0,100,1,301339,experiments\260526-0101_res256_sd_lora_uncond_all_seed42\sampling_img2img\random\strength_0.45_gs_5.0_steps_100\AKIEC\ISIC_0028941_label-AKIEC_strategy-random_strength-0.45_gs-5.0_aug-001.png,,,,
ISIC_0028941,AKIEC,3,random,0.45,5.0,100,2,302339,experiments\260526-0101_res256_sd_lora_uncond_all_seed42\sampling_img2img\random\strength_0.45_gs_5.0_steps_100\AKIEC\ISIC_0028941_label-AKIEC_strategy-random_strength-0.45_gs-5.0_aug-002.png,,,,
ISIC_0028941,AKIEC,3,random,0.45,5.0,100,3,303339,experiments\260526-0101_res256_sd_lora_uncond_all_seed42\sampling_img2img\random\strength_0.45_gs_5.0_steps_100\AKIEC\ISIC_0028941_label-AKIEC_strategy-random_strength-0.45_gs-5.0_aug-003.png,,,,
ISIC_0028941,AKIEC,3,random,0.45,5.0,100,4,304339,experiments\260526-0101_res256_sd_lora_uncond_all_seed42\sampling_img2img\random\strength_0.45_gs_5.0_steps_100\AKIEC\ISIC_0028941_label-AKIEC_strategy-random_strength-0.45_gs-5.0_aug-004.png,,,,
ISIC_0031874,AKIEC,3,random,0.45,5.0,100,0,300079,experiments\260526-0101_res256_sd_lora_uncond_all_seed42\sampling_img2img\random\strength_0.45_gs_5.0_steps_100\AKIEC\ISIC_0031874_label-AKIEC_strategy-random_strength-0.45_gs-5.0_aug-000.png,,,,
ISIC_0031874,AKIEC,3,random,0.45,5.0,100,1,301079,experiments\260526-0101_res256_sd_lora_uncond_all_seed42\sampling_img2img\random\strength_0.45_gs_5.0_steps_100\AKIEC\ISIC_0031874_label-AKIEC_strategy-random_strength-0.45_gs-5.0_aug-001.png,,,,
ISIC_0031874,AKIEC,3,random,0.45,5.0,100,2,302079,experiments\260526-0101_res256_sd_lora_uncond_all_seed42\sampling_img2img\random\strength_0.45_gs_5.0_steps_100\AKIEC\ISIC_0031874_label-AKIEC_strategy-random_strength-0.45_gs-5.0_aug-002.png,,,,
ISIC_0031874,AKIEC,3,random,0.45,5.0,100,3,303079,experiments\260526-0101_res256_sd_lora_uncond_all_seed42\sampling_img2img\random\strength_0.45_gs_5.0_steps_100\AKIEC\ISIC_0031874_label-AKIEC_strategy-random_strength-0.45_gs-5.0_aug-003.png,,,,
ISIC_0031874,AKIEC,3,random,0.45,5.0,100,4,304079,experiments\260526-0101_res256_sd_lora_uncond_all_seed42\sampling_img2img\random\strength_0.45_gs_5.0_steps_100\AKIEC\ISIC_0031874_label-AKIEC_strategy-random_strength-0.45_gs-5.0_aug-004.png,,,,
ISIC_0026388,AKIEC,3,random,0.45,5.0,100,0,300523,experiments\260526-0101_res256_sd_lora_uncond_all_seed42\sampling_img2img\random\strength_0.45_gs_5.0_steps_100\AKIEC\ISIC_0026388_label-AKIEC_strategy-random_strength-0.45_gs-5.0_aug-000.png,,,,
ISIC_0026388,AKIEC,3,random,0.45,5.0,100,1,301523,experiments\260526-0101_res256_sd_lora_uncond_all_seed42\sampling_img2img\random\strength_0.45_gs_5.0_steps_100\AKIEC\ISIC_0026388_label-AKIEC_strategy-random_strength-0.45_gs-5.0_aug-001.png,,,,
ISIC_0026388,AKIEC,3,random,0.45,5.0,100,2,302523,experiments\260526-0101_res256_sd_lora_uncond_all_seed42\sampling_img2img\random\strength_0.45_gs_5.0_steps_100\AKIEC\ISIC_0026388_label-AKIEC_strategy-random_strength-0.45_gs-5.0_aug-002.png,,,,
ISIC_0026388,AKIEC,3,random,0.45,5.0,100,3,303523,experiments\260526-0101_res256_sd_lora_uncond_all_seed42\sampling_img2img\random\strength_0.45_gs_5.0_steps_100\AKIEC\ISIC_0026388_label-AKIEC_strategy-random_strength-0.45_gs-5.0_aug-003.png,,,,
ISIC_0026388,AKIEC,3,random,0.45,5.0,100,4,304523,experiments\260526-0101_res256_sd_lora_uncond_all_seed42\sampling_img2img\random\strength_0.45_gs_5.0_steps_100\AKIEC\ISIC_0026388_label-AKIEC_strategy-random_strength-0.45_gs-5.0_aug-004.png,,,,
ISIC_0027334,AKIEC,3,random,0.45,5.0,100,0,300852,experiments\260526-0101_res256_sd_lora_uncond_all_seed42\sampling_img2img\random\strength_0.45_gs_5.0_steps_100\AKIEC\ISIC_0027334_label-AKIEC_strategy-random_strength-0.45_gs-5.0_aug-000.png,,,,
ISIC_0027334,AKIEC,3,random,0.45,5.0,100,1,301852,experiments\260526-0101_res256_sd_lora_uncond_all_seed42\sampling_img2img\random\strength_0.45_gs_5.0_steps_100\AKIEC\ISIC_0027334_label-AKIEC_strategy-random_strength-0.45_gs-5.0_aug-001.png,,,,
ISIC_0027334,AKIEC,3,random,0.45,5.0,100,2,302852,experiments\260526-0101_res256_sd_lora_uncond_all_seed42\sampling_img2img\random\strength_0.45_gs_5.0_steps_100\AKIEC\ISIC_0027334_label-AKIEC_strategy-random_strength-0.45_gs-5.0_aug-002.png,,,,
ISIC_0027334,AKIEC,3,random,0.45,5.0,100,3,303852,experiments\260526-0101_res256_sd_lora_uncond_all_seed42\sampling_img2img\random\strength_0.45_gs_5.0_steps_100\AKIEC\ISIC_0027334_label-AKIEC_strategy-random_strength-0.45_gs-5.0_aug-003.png,,,,
ISIC_0027334,AKIEC,3,random,0.45,5.0,100,4,304852,experiments\260526-0101_res256_sd_lora_uncond_all_seed42\sampling_img2img\random\strength_0.45_gs_5.0_steps_100\AKIEC\ISIC_0027334_label-AKIEC_strategy-random_strength-0.45_gs-5.0_aug-004.png,,,,
ISIC_0031108,AKIEC,3,random,0.45,5.0,100,0,300653,experiments\260526-0101_res256_sd_lora_uncond_all_seed42\sampling_img2img\random\strength_0.45_gs_5.0_steps_100\AKIEC\ISIC_0031108_label-AKIEC_strategy-random_strength-0.45_gs-5.0_aug-000.png,,,,
ISIC_0031108,AKIEC,3,random,0.45,5.0,100,1,301653,experiments\260526-0101_res256_sd_lora_uncond_all_seed42\sampling_img2img\random\strength_0.45_gs_5.0_steps_100\AKIEC\ISIC_0031108_label-AKIEC_strategy-random_strength-0.45_gs-5.0_aug-001.png,,,,
ISIC_0031108,AKIEC,3,random,0.45,5.0,100,2,302653,experiments\260526-0101_res256_sd_lora_uncond_all_seed42\sampling_img2img\random\strength_0.45_gs_5.0_steps_100\AKIEC\ISIC_0031108_label-AKIEC_strategy-random_strength-0.45_gs-5.0_aug-002.png,,,,
ISIC_0031108,AKIEC,3,random,0.45,5.0,100,3,303653,experiments\260526-0101_res256_sd_lora_uncond_all_seed42\sampling_img2img\random\strength_0.45_gs_5.0_steps_100\AKIEC\ISIC_0031108_label-AKIEC_strategy-random_strength-0.45_gs-5.0_aug-003.png,,,,
ISIC_0031108,AKIEC,3,random,0.45,5.0,100,4,304653,experiments\260526-0101_res256_sd_lora_uncond_all_seed42\sampling_img2img\random\strength_0.45_gs_5.0_steps_100\AKIEC\ISIC_0031108_label-AKIEC_strategy-random_strength-0.45_gs-5.0_aug-004.png,,,,
ISIC_0026327,AKIEC,3,random,0.45,5.0,100,0,300050,experiments\260526-0101_res256_sd_lora_uncond_all_seed42\sampling_img2img\random\strength_0.45_gs_5.0_steps_100\AKIEC\ISIC_0026327_label-AKIEC_strategy-random_strength-0.45_gs-5.0_aug-000.png,,,,
ISIC_0026327,AKIEC,3,random,0.45,5.0,100,1,301050,experiments\260526-0101_res256_sd_lora_uncond_all_seed42\sampling_img2img\random\strength_0.45_gs_5.0_steps_100\AKIEC\ISIC_0026327_label-AKIEC_strategy-random_strength-0.45_gs-5.0_aug-001.png,,,,
ISIC_0026327,AKIEC,3,random,0.45,5.0,100,2,302050,experiments\260526-0101_res256_sd_lora_uncond_all_seed42\sampling_img2img\random\strength_0.45_gs_5.0_steps_100\AKIEC\ISIC_0026327_label-AKIEC_strategy-random_strength-0.45_gs-5.0_aug-002.png,,,,
ISIC_0026327,AKIEC,3,random,0.45,5.0,100,3,303050,experiments\260526-0101_res256_sd_lora_uncond_all_seed42\sampling_img2img\random\strength_0.45_gs_5.0_steps_100\AKIEC\ISIC_0026327_label-AKIEC_strategy-random_strength-0.45_gs-5.0_aug-003.png,,,,
ISIC_0026327,AKIEC,3,random,0.45,5.0,100,4,304050,experiments\260526-0101_res256_sd_lora_uncond_all_seed42\sampling_img2img\random\strength_0.45_gs_5.0_steps_100\AKIEC\ISIC_0026327_label-AKIEC_strategy-random_strength-0.45_gs-5.0_aug-004.png,,,,
ISIC_0033151,AKIEC,3,random,0.45,5.0,100,0,300065,experiments\260526-0101_res256_sd_lora_uncond_all_seed42\sampling_img2img\random\strength_0.45_gs_5.0_steps_100\AKIEC\ISIC_0033151_label-AKIEC_strategy-random_strength-0.45_gs-5.0_aug-000.png,,,,
ISIC_0033151,AKIEC,3,random,0.45,5.0,100,1,301065,experiments\260526-0101_res256_sd_lora_uncond_all_seed42\sampling_img2img\random\strength_0.45_gs_5.0_steps_100\AKIEC\ISIC_0033151_label-AKIEC_strategy-random_strength-0.45_gs-5.0_aug-001.png,,,,
ISIC_0033151,AKIEC,3,random,0.45,5.0,100,2,302065,experiments\260526-0101_res256_sd_lora_uncond_all_seed42\sampling_img2img\random\strength_0.45_gs_5.0_steps_100\AKIEC\ISIC_0033151_label-AKIEC_strategy-random_strength-0.45_gs-5.0_aug-002.png,,,,
ISIC_0033151,AKIEC,3,random,0.45,5.0,100,3,303065,experiments\260526-0101_res256_sd_lora_uncond_all_seed42\sampling_img2img\random\strength_0.45_gs_5.0_steps_100\AKIEC\ISIC_0033151_label-AKIEC_strategy-random_strength-0.45_gs-5.0_aug-003.png,,,,
ISIC_0033151,AKIEC,3,random,0.45,5.0,100,4,304065,experiments\260526-0101_res256_sd_lora_uncond_all_seed42\sampling_img2img\random\strength_0.45_gs_5.0_steps_100\AKIEC\ISIC_0033151_label-AKIEC_strategy-random_strength-0.45_gs-5.0_aug-004.png,,,,
ISIC_0032897,AKIEC,3,random,0.45,5.0,100,0,301019,experiments\260526-0101_res256_sd_lora_uncond_all_seed42\sampling_img2img\random\strength_0.45_gs_5.0_steps_100\AKIEC\ISIC_0032897_label-AKIEC_strategy-random_strength-0.45_gs-5.0_aug-000.png,,,,
ISIC_0032897,AKIEC,3,random,0.45,5.0,100,1,302019,experiments\260526-0101_res256_sd_lora_uncond_all_seed42\sampling_img2img\random\strength_0.45_gs_5.0_steps_100\AKIEC\ISIC_0032897_label-AKIEC_strategy-random_strength-0.45_gs-5.0_aug-001.png,,,,
ISIC_0032897,AKIEC,3,random,0.45,5.0,100,2,303019,experiments\260526-0101_res256_sd_lora_uncond_all_seed42\sampling_img2img\random\strength_0.45_gs_5.0_steps_100\AKIEC\ISIC_0032897_label-AKIEC_strategy-random_strength-0.45_gs-5.0_aug-002.png,,,,
ISIC_0032897,AKIEC,3,random,0.45,5.0,100,3,304019,experiments\260526-0101_res256_sd_lora_uncond_all_seed42\sampling_img2img\random\strength_0.45_gs_5.0_steps_100\AKIEC\ISIC_0032897_label-AKIEC_strategy-random_strength-0.45_gs-5.0_aug-003.png,,,,
ISIC_0032897,AKIEC,3,random,0.45,5.0,100,4,305019,experiments\260526-0101_res256_sd_lora_uncond_all_seed42\sampling_img2img\random\strength_0.45_gs_5.0_steps_100\AKIEC\ISIC_0032897_label-AKIEC_strategy-random_strength-0.45_gs-5.0_aug-004.png,,,,
ISIC_0026319,AKIEC,3,random,0.45,5.0,100,0,300072,experiments\260526-0101_res256_sd_lora_uncond_all_seed42\sampling_img2img\random\strength_0.45_gs_5.0_steps_100\AKIEC\ISIC_0026319_label-AKIEC_strategy-random_strength-0.45_gs-5.0_aug-000.png,,,,
ISIC_0026319,AKIEC,3,random,0.45,5.0,100,1,301072,experiments\260526-0101_res256_sd_lora_uncond_all_seed42\sampling_img2img\random\strength_0.45_gs_5.0_steps_100\AKIEC\ISIC_0026319_label-AKIEC_strategy-random_strength-0.45_gs-5.0_aug-001.png,,,,
ISIC_0026319,AKIEC,3,random,0.45,5.0,100,2,302072,experiments\260526-0101_res256_sd_lora_uncond_all_seed42\sampling_img2img\random\strength_0.45_gs_5.0_steps_100\AKIEC\ISIC_0026319_label-AKIEC_strategy-random_strength-0.45_gs-5.0_aug-002.png,,,,
ISIC_0026319,AKIEC,3,random,0.45,5.0,100,3,303072,experiments\260526-0101_res256_sd_lora_uncond_all_seed42\sampling_img2img\random\strength_0.45_gs_5.0_steps_100\AKIEC\ISIC_0026319_label-AKIEC_strategy-random_strength-0.45_gs-5.0_aug-003.png,,,,
ISIC_0026319,AKIEC,3,random,0.45,5.0,100,4,304072,experiments\260526-0101_res256_sd_lora_uncond_all_seed42\sampling_img2img\random\strength_0.45_gs_5.0_steps_100\AKIEC\ISIC_0026319_label-AKIEC_strategy-random_strength-0.45_gs-5.0_aug-004.png,,,,
ISIC_0029634,AKIEC,3,random,0.45,5.0,100,0,300187,experiments\260526-0101_res256_sd_lora_uncond_all_seed42\sampling_img2img\random\strength_0.45_gs_5.0_steps_100\AKIEC\ISIC_0029634_label-AKIEC_strategy-random_strength-0.45_gs-5.0_aug-000.png,,,,
ISIC_0029634,AKIEC,3,random,0.45,5.0,100,1,301187,experiments\260526-0101_res256_sd_lora_uncond_all_seed42\sampling_img2img\random\strength_0.45_gs_5.0_steps_100\AKIEC\ISIC_0029634_label-AKIEC_strategy-random_strength-0.45_gs-5.0_aug-001.png,,,,
ISIC_0029634,AKIEC,3,random,0.45,5.0,100,2,302187,experiments\260526-0101_res256_sd_lora_uncond_all_seed42\sampling_img2img\random\strength_0.45_gs_5.0_steps_100\AKIEC\ISIC_0029634_label-AKIEC_strategy-random_strength-0.45_gs-5.0_aug-002.png,,,,
ISIC_0029634,AKIEC,3,random,0.45,5.0,100,3,303187,experiments\260526-0101_res256_sd_lora_uncond_all_seed42\sampling_img2img\random\strength_0.45_gs_5.0_steps_100\AKIEC\ISIC_0029634_label-AKIEC_strategy-random_strength-0.45_gs-5.0_aug-003.png,,,,
ISIC_0029634,AKIEC,3,random,0.45,5.0,100,4,304187,experiments\260526-0101_res256_sd_lora_uncond_all_seed42\sampling_img2img\random\strength_0.45_gs_5.0_steps_100\AKIEC\ISIC_0029634_label-AKIEC_strategy-random_strength-0.45_gs-5.0_aug-004.png,,,,
ISIC_0026575,AKIEC,3,random,0.45,5.0,100,0,300706,experiments\260526-0101_res256_sd_lora_uncond_all_seed42\sampling_img2img\random\strength_0.45_gs_5.0_steps_100\AKIEC\ISIC_0026575_label-AKIEC_strategy-random_strength-0.45_gs-5.0_aug-000.png,,,,
ISIC_0026575,AKIEC,3,random,0.45,5.0,100,1,301706,experiments\260526-0101_res256_sd_lora_uncond_all_seed42\sampling_img2img\random\strength_0.45_gs_5.0_steps_100\AKIEC\ISIC_0026575_label-AKIEC_strategy-random_strength-0.45_gs-5.0_aug-001.png,,,,
ISIC_0026575,AKIEC,3,random,0.45,5.0,100,2,302706,experiments\260526-0101_res256_sd_lora_uncond_all_seed42\sampling_img2img\random\strength_0.45_gs_5.0_steps_100\AKIEC\ISIC_0026575_label-AKIEC_strategy-random_strength-0.45_gs-5.0_aug-002.png,,,,
ISIC_0026575,AKIEC,3,random,0.45,5.0,100,3,303706,experiments\260526-0101_res256_sd_lora_uncond_all_seed42\sampling_img2img\random\strength_0.45_gs_5.0_steps_100\AKIEC\ISIC_0026575_label-AKIEC_strategy-random_strength-0.45_gs-5.0_aug-003.png,,,,
ISIC_0026575,AKIEC,3,random,0.45,5.0,100,4,304706,experiments\260526-0101_res256_sd_lora_uncond_all_seed42\sampling_img2img\random\strength_0.45_gs_5.0_steps_100\AKIEC\ISIC_0026575_label-AKIEC_strategy-random_strength-0.45_gs-5.0_aug-004.png,,,,
ISIC_0025539,AKIEC,3,random,0.45,5.0,100,0,300061,experiments\260526-0101_res256_sd_lora_uncond_all_seed42\sampling_img2img\random\strength_0.45_gs_5.0_steps_100\AKIEC\ISIC_0025539_label-AKIEC_strategy-random_strength-0.45_gs-5.0_aug-000.png,,,,
ISIC_0025539,AKIEC,3,random,0.45,5.0,100,1,301061,experiments\260526-0101_res256_sd_lora_uncond_all_seed42\sampling_img2img\random\strength_0.45_gs_5.0_steps_100\AKIEC\ISIC_0025539_label-AKIEC_strategy-random_strength-0.45_gs-5.0_aug-001.png,,,,
ISIC_0025539,AKIEC,3,random,0.45,5.0,100,2,302061,experiments\260526-0101_res256_sd_lora_uncond_all_seed42\sampling_img2img\random\strength_0.45_gs_5.0_steps_100\AKIEC\ISIC_0025539_label-AKIEC_strategy-random_strength-0.45_gs-5.0_aug-002.png,,,,
ISIC_0025539,AKIEC,3,random,0.45,5.0,100,3,303061,experiments\260526-0101_res256_sd_lora_uncond_all_seed42\sampling_img2img\random\strength_0.45_gs_5.0_steps_100\AKIEC\ISIC_0025539_label-AKIEC_strategy-random_strength-0.45_gs-5.0_aug-003.png,,,,
ISIC_0025539,AKIEC,3,random,0.45,5.0,100,4,304061,experiments\260526-0101_res256_sd_lora_uncond_all_seed42\sampling_img2img\random\strength_0.45_gs_5.0_steps_100\AKIEC\ISIC_0025539_label-AKIEC_strategy-random_strength-0.45_gs-5.0_aug-004.png,,,,
ISIC_0030991,AKIEC,3,random,0.45,5.0,100,0,300574,experiments\260526-0101_res256_sd_lora_uncond_all_seed42\sampling_img2img\random\strength_0.45_gs_5.0_steps_100\AKIEC\ISIC_0030991_label-AKIEC_strategy-random_strength-0.45_gs-5.0_aug-000.png,,,,
ISIC_0030991,AKIEC,3,random,0.45,5.0,100,1,301574,experiments\260526-0101_res256_sd_lora_uncond_all_seed42\sampling_img2img\random\strength_0.45_gs_5.0_steps_100\AKIEC\ISIC_0030991_label-AKIEC_strategy-random_strength-0.45_gs-5.0_aug-001.png,,,,
ISIC_0030991,AKIEC,3,random,0.45,5.0,100,2,302574,experiments\260526-0101_res256_sd_lora_uncond_all_seed42\sampling_img2img\random\strength_0.45_gs_5.0_steps_100\AKIEC\ISIC_0030991_label-AKIEC_strategy-random_strength-0.45_gs-5.0_aug-002.png,,,,
ISIC_0030991,AKIEC,3,random,0.45,5.0,100,3,303574,experiments\260526-0101_res256_sd_lora_uncond_all_seed42\sampling_img2img\random\strength_0.45_gs_5.0_steps_100\AKIEC\ISIC_0030991_label-AKIEC_strategy-random_strength-0.45_gs-5.0_aug-003.png,,,,
ISIC_0030991,AKIEC,3,random,0.45,5.0,100,4,304574,experiments\260526-0101_res256_sd_lora_uncond_all_seed42\sampling_img2img\random\strength_0.45_gs_5.0_steps_100\AKIEC\ISIC_0030991_label-AKIEC_strategy-random_strength-0.45_gs-5.0_aug-004.png,,,,
ISIC_0027231,AKIEC,3,random,0.45,5.0,100,0,300061,experiments\260526-0101_res256_sd_lora_uncond_all_seed42\sampling_img2img\random\strength_0.45_gs_5.0_steps_100\AKIEC\ISIC_0027231_label-AKIEC_strategy-random_strength-0.45_gs-5.0_aug-000.png,,,,
ISIC_0027231,AKIEC,3,random,0.45,5.0,100,1,301061,experiments\260526-0101_res256_sd_lora_uncond_all_seed42\sampling_img2img\random\strength_0.45_gs_5.0_steps_100\AKIEC\ISIC_0027231_label-AKIEC_strategy-random_strength-0.45_gs-5.0_aug-001.png,,,,
ISIC_0027231,AKIEC,3,random,0.45,5.0,100,2,302061,experiments\260526-0101_res256_sd_lora_uncond_all_seed42\sampling_img2img\random\strength_0.45_gs_5.0_steps_100\AKIEC\ISIC_0027231_label-AKIEC_strategy-random_strength-0.45_gs-5.0_aug-002.png,,,,
ISIC_0027231,AKIEC,3,random,0.45,5.0,100,3,303061,experiments\260526-0101_res256_sd_lora_uncond_all_seed42\sampling_img2img\random\strength_0.45_gs_5.0_steps_100\AKIEC\ISIC_0027231_label-AKIEC_strategy-random_strength-0.45_gs-5.0_aug-003.png,,,,
ISIC_0027231,AKIEC,3,random,0.45,5.0,100,4,304061,experiments\260526-0101_res256_sd_lora_uncond_all_seed42\sampling_img2img\random\strength_0.45_gs_5.0_steps_100\AKIEC\ISIC_0027231_label-AKIEC_strategy-random_strength-0.45_gs-5.0_aug-004.png,,,,
ISIC_0032371,AKIEC,3,random,0.45,5.0,100,0,300424,experiments\260526-0101_res256_sd_lora_uncond_all_seed42\sampling_img2img\random\strength_0.45_gs_5.0_steps_100\AKIEC\ISIC_0032371_label-AKIEC_strategy-random_strength-0.45_gs-5.0_aug-000.png,,,,
ISIC_0032371,AKIEC,3,random,0.45,5.0,100,1,301424,experiments\260526-0101_res256_sd_lora_uncond_all_seed42\sampling_img2img\random\strength_0.45_gs_5.0_steps_100\AKIEC\ISIC_0032371_label-AKIEC_strategy-random_strength-0.45_gs-5.0_aug-001.png,,,,
ISIC_0032371,AKIEC,3,random,0.45,5.0,100,2,302424,experiments\260526-0101_res256_sd_lora_uncond_all_seed42\sampling_img2img\random\strength_0.45_gs_5.0_steps_100\AKIEC\ISIC_0032371_label-AKIEC_strategy-random_strength-0.45_gs-5.0_aug-002.png,,,,
ISIC_0032371,AKIEC,3,random,0.45,5.0,100,3,303424,experiments\260526-0101_res256_sd_lora_uncond_all_seed42\sampling_img2img\random\strength_0.45_gs_5.0_steps_100\AKIEC\ISIC_0032371_label-AKIEC_strategy-random_strength-0.45_gs-5.0_aug-003.png,,,,
ISIC_0032371,AKIEC,3,random,0.45,5.0,100,4,304424,experiments\260526-0101_res256_sd_lora_uncond_all_seed42\sampling_img2img\random\strength_0.45_gs_5.0_steps_100\AKIEC\ISIC_0032371_label-AKIEC_strategy-random_strength-0.45_gs-5.0_aug-004.png,,,,
ISIC_0032173,AKIEC,3,random,0.45,5.0,100,0,300926,experiments\260526-0101_res256_sd_lora_uncond_all_seed42\sampling_img2img\random\strength_0.45_gs_5.0_steps_100\AKIEC\ISIC_0032173_label-AKIEC_strategy-random_strength-0.45_gs-5.0_aug-000.png,,,,
ISIC_0032173,AKIEC,3,random,0.45,5.0,100,1,301926,experiments\260526-0101_res256_sd_lora_uncond_all_seed42\sampling_img2img\random\strength_0.45_gs_5.0_steps_100\AKIEC\ISIC_0032173_label-AKIEC_strategy-random_strength-0.45_gs-5.0_aug-001.png,,,,
ISIC_0032173,AKIEC,3,random,0.45,5.0,100,2,302926,experiments\260526-0101_res256_sd_lora_uncond_all_seed42\sampling_img2img\random\strength_0.45_gs_5.0_steps_100\AKIEC\ISIC_0032173_label-AKIEC_strategy-random_strength-0.45_gs-5.0_aug-002.png,,,,
ISIC_0032173,AKIEC,3,random,0.45,5.0,100,3,303926,experiments\260526-0101_res256_sd_lora_uncond_all_seed42\sampling_img2img\random\strength_0.45_gs_5.0_steps_100\AKIEC\ISIC_0032173_label-AKIEC_strategy-random_strength-0.45_gs-5.0_aug-003.png,,,,
ISIC_0032173,AKIEC,3,random,0.45,5.0,100,4,304926,experiments\260526-0101_res256_sd_lora_uncond_all_seed42\sampling_img2img\random\strength_0.45_gs_5.0_steps_100\AKIEC\ISIC_0032173_label-AKIEC_strategy-random_strength-0.45_gs-5.0_aug-004.png,,,,
ISIC_0029811,AKIEC,3,random,0.45,5.0,100,0,300330,experiments\260526-0101_res256_sd_lora_uncond_all_seed42\sampling_img2img\random\strength_0.45_gs_5.0_steps_100\AKIEC\ISIC_0029811_label-AKIEC_strategy-random_strength-0.45_gs-5.0_aug-000.png,,,,
ISIC_0029811,AKIEC,3,random,0.45,5.0,100,1,301330,experiments\260526-0101_res256_sd_lora_uncond_all_seed42\sampling_img2img\random\strength_0.45_gs_5.0_steps_100\AKIEC\ISIC_0029811_label-AKIEC_strategy-random_strength-0.45_gs-5.0_aug-001.png,,,,
ISIC_0029811,AKIEC,3,random,0.45,5.0,100,2,302330,experiments\260526-0101_res256_sd_lora_uncond_all_seed42\sampling_img2img\random\strength_0.45_gs_5.0_steps_100\AKIEC\ISIC_0029811_label-AKIEC_strategy-random_strength-0.45_gs-5.0_aug-002.png,,,,
ISIC_0029811,AKIEC,3,random,0.45,5.0,100,3,303330,experiments\260526-0101_res256_sd_lora_uncond_all_seed42\sampling_img2img\random\strength_0.45_gs_5.0_steps_100\AKIEC\ISIC_0029811_label-AKIEC_strategy-random_strength-0.45_gs-5.0_aug-003.png,,,,
ISIC_0029811,AKIEC,3,random,0.45,5.0,100,4,304330,experiments\260526-0101_res256_sd_lora_uncond_all_seed42\sampling_img2img\random\strength_0.45_gs_5.0_steps_100\AKIEC\ISIC_0029811_label-AKIEC_strategy-random_strength-0.45_gs-5.0_aug-004.png,,,,
ISIC_0027896,AKIEC,3,random,0.45,5.0,100,0,300303,experiments\260526-0101_res256_sd_lora_uncond_all_seed42\sampling_img2img\random\strength_0.45_gs_5.0_steps_100\AKIEC\ISIC_0027896_label-AKIEC_strategy-random_strength-0.45_gs-5.0_aug-000.png,,,,
ISIC_0027896,AKIEC,3,random,0.45,5.0,100,1,301303,experiments\260526-0101_res256_sd_lora_uncond_all_seed42\sampling_img2img\random\strength_0.45_gs_5.0_steps_100\AKIEC\ISIC_0027896_label-AKIEC_strategy-random_strength-0.45_gs-5.0_aug-001.png,,,,
ISIC_0027896,AKIEC,3,random,0.45,5.0,100,2,302303,experiments\260526-0101_res256_sd_lora_uncond_all_seed42\sampling_img2img\random\strength_0.45_gs_5.0_steps_100\AKIEC\ISIC_0027896_label-AKIEC_strategy-random_strength-0.45_gs-5.0_aug-002.png,,,,
ISIC_0027896,AKIEC,3,random,0.45,5.0,100,3,303303,experiments\260526-0101_res256_sd_lora_uncond_all_seed42\sampling_img2img\random\strength_0.45_gs_5.0_steps_100\AKIEC\ISIC_0027896_label-AKIEC_strategy-random_strength-0.45_gs-5.0_aug-003.png,,,,
ISIC_0027896,AKIEC,3,random,0.45,5.0,100,4,304303,experiments\260526-0101_res256_sd_lora_uncond_all_seed42\sampling_img2img\random\strength_0.45_gs_5.0_steps_100\AKIEC\ISIC_0027896_label-AKIEC_strategy-random_strength-0.45_gs-5.0_aug-004.png,,,,
ISIC_0026729,AKIEC,3,random,0.45,5.0,100,0,300910,experiments\260526-0101_res256_sd_lora_uncond_all_seed42\sampling_img2img\random\strength_0.45_gs_5.0_steps_100\AKIEC\ISIC_0026729_label-AKIEC_strategy-random_strength-0.45_gs-5.0_aug-000.png,,,,
ISIC_0026729,AKIEC,3,random,0.45,5.0,100,1,301910,experiments\260526-0101_res256_sd_lora_uncond_all_seed42\sampling_img2img\random\strength_0.45_gs_5.0_steps_100\AKIEC\ISIC_0026729_label-AKIEC_strategy-random_strength-0.45_gs-5.0_aug-001.png,,,,
ISIC_0026729,AKIEC,3,random,0.45,5.0,100,2,302910,experiments\260526-0101_res256_sd_lora_uncond_all_seed42\sampling_img2img\random\strength_0.45_gs_5.0_steps_100\AKIEC\ISIC_0026729_label-AKIEC_strategy-random_strength-0.45_gs-5.0_aug-002.png,,,,
ISIC_0026729,AKIEC,3,random,0.45,5.0,100,3,303910,experiments\260526-0101_res256_sd_lora_uncond_all_seed42\sampling_img2img\random\strength_0.45_gs_5.0_steps_100\AKIEC\ISIC_0026729_label-AKIEC_strategy-random_strength-0.45_gs-5.0_aug-003.png,,,,
ISIC_0026729,AKIEC,3,random,0.45,5.0,100,4,304910,experiments\260526-0101_res256_sd_lora_uncond_all_seed42\sampling_img2img\random\strength_0.45_gs_5.0_steps_100\AKIEC\ISIC_0026729_label-AKIEC_strategy-random_strength-0.45_gs-5.0_aug-004.png,,,,
ISIC_0028730,AKIEC,3,random,0.45,5.0,100,0,300086,experiments\260526-0101_res256_sd_lora_uncond_all_seed42\sampling_img2img\random\strength_0.45_gs_5.0_steps_100\AKIEC\ISIC_0028730_label-AKIEC_strategy-random_strength-0.45_gs-5.0_aug-000.png,,,,
ISIC_0028730,AKIEC,3,random,0.45,5.0,100,1,301086,experiments\260526-0101_res256_sd_lora_uncond_all_seed42\sampling_img2img\random\strength_0.45_gs_5.0_steps_100\AKIEC\ISIC_0028730_label-AKIEC_strategy-random_strength-0.45_gs-5.0_aug-001.png,,,,
ISIC_0028730,AKIEC,3,random,0.45,5.0,100,2,302086,experiments\260526-0101_res256_sd_lora_uncond_all_seed42\sampling_img2img\random\strength_0.45_gs_5.0_steps_100\AKIEC\ISIC_0028730_label-AKIEC_strategy-random_strength-0.45_gs-5.0_aug-002.png,,,,
ISIC_0028730,AKIEC,3,random,0.45,5.0,100,3,303086,experiments\260526-0101_res256_sd_lora_uncond_all_seed42\sampling_img2img\random\strength_0.45_gs_5.0_steps_100\AKIEC\ISIC_0028730_label-AKIEC_strategy-random_strength-0.45_gs-5.0_aug-003.png,,,,
ISIC_0028730,AKIEC,3,random,0.45,5.0,100,4,304086,experiments\260526-0101_res256_sd_lora_uncond_all_seed42\sampling_img2img\random\strength_0.45_gs_5.0_steps_100\AKIEC\ISIC_0028730_label-AKIEC_strategy-random_strength-0.45_gs-5.0_aug-004.png,,,,
ISIC_0031927,AKIEC,3,random,0.45,5.0,100,0,300152,experiments\260526-0101_res256_sd_lora_uncond_all_seed42\sampling_img2img\random\strength_0.45_gs_5.0_steps_100\AKIEC\ISIC_0031927_label-AKIEC_strategy-random_strength-0.45_gs-5.0_aug-000.png,,,,
ISIC_0031927,AKIEC,3,random,0.45,5.0,100,1,301152,experiments\260526-0101_res256_sd_lora_uncond_all_seed42\sampling_img2img\random\strength_0.45_gs_5.0_steps_100\AKIEC\ISIC_0031927_label-AKIEC_strategy-random_strength-0.45_gs-5.0_aug-001.png,,,,
ISIC_0031927,AKIEC,3,random,0.45,5.0,100,2,302152,experiments\260526-0101_res256_sd_lora_uncond_all_seed42\sampling_img2img\random\strength_0.45_gs_5.0_steps_100\AKIEC\ISIC_0031927_label-AKIEC_strategy-random_strength-0.45_gs-5.0_aug-002.png,,,,
ISIC_0031927,AKIEC,3,random,0.45,5.0,100,3,303152,experiments\260526-0101_res256_sd_lora_uncond_all_seed42\sampling_img2img\random\strength_0.45_gs_5.0_steps_100\AKIEC\ISIC_0031927_label-AKIEC_strategy-random_strength-0.45_gs-5.0_aug-003.png,,,,
ISIC_0031927,AKIEC,3,random,0.45,5.0,100,4,304152,experiments\260526-0101_res256_sd_lora_uncond_all_seed42\sampling_img2img\random\strength_0.45_gs_5.0_steps_100\AKIEC\ISIC_0031927_label-AKIEC_strategy-random_strength-0.45_gs-5.0_aug-004.png,,,,
ISIC_0024329,AKIEC,3,random,0.45,5.0,100,0,300449,experiments\260526-0101_res256_sd_lora_uncond_all_seed42\sampling_img2img\random\strength_0.45_gs_5.0_steps_100\AKIEC\ISIC_0024329_label-AKIEC_strategy-random_strength-0.45_gs-5.0_aug-000.png,,,,
ISIC_0024329,AKIEC,3,random,0.45,5.0,100,1,301449,experiments\260526-0101_res256_sd_lora_uncond_all_seed42\sampling_img2img\random\strength_0.45_gs_5.0_steps_100\AKIEC\ISIC_0024329_label-AKIEC_strategy-random_strength-0.45_gs-5.0_aug-001.png,,,,
ISIC_0024329,AKIEC,3,random,0.45,5.0,100,2,302449,experiments\260526-0101_res256_sd_lora_uncond_all_seed42\sampling_img2img\random\strength_0.45_gs_5.0_steps_100\AKIEC\ISIC_0024329_label-AKIEC_strategy-random_strength-0.45_gs-5.0_aug-002.png,,,,
ISIC_0024329,AKIEC,3,random,0.45,5.0,100,3,303449,experiments\260526-0101_res256_sd_lora_uncond_all_seed42\sampling_img2img\random\strength_0.45_gs_5.0_steps_100\AKIEC\ISIC_0024329_label-AKIEC_strategy-random_strength-0.45_gs-5.0_aug-003.png,,,,
ISIC_0024329,AKIEC,3,random,0.45,5.0,100,4,304449,experiments\260526-0101_res256_sd_lora_uncond_all_seed42\sampling_img2img\random\strength_0.45_gs_5.0_steps_100\AKIEC\ISIC_0024329_label-AKIEC_strategy-random_strength-0.45_gs-5.0_aug-004.png,,,,
ISIC_0029567,AKIEC,3,random,0.45,5.0,100,0,300139,experiments\260526-0101_res256_sd_lora_uncond_all_seed42\sampling_img2img\random\strength_0.45_gs_5.0_steps_100\AKIEC\ISIC_0029567_label-AKIEC_strategy-random_strength-0.45_gs-5.0_aug-000.png,,,,
ISIC_0029567,AKIEC,3,random,0.45,5.0,100,1,301139,experiments\260526-0101_res256_sd_lora_uncond_all_seed42\sampling_img2img\random\strength_0.45_gs_5.0_steps_100\AKIEC\ISIC_0029567_label-AKIEC_strategy-random_strength-0.45_gs-5.0_aug-001.png,,,,
ISIC_0029567,AKIEC,3,random,0.45,5.0,100,2,302139,experiments\260526-0101_res256_sd_lora_uncond_all_seed42\sampling_img2img\random\strength_0.45_gs_5.0_steps_100\AKIEC\ISIC_0029567_label-AKIEC_strategy-random_strength-0.45_gs-5.0_aug-002.png,,,,
ISIC_0029567,AKIEC,3,random,0.45,5.0,100,3,303139,experiments\260526-0101_res256_sd_lora_uncond_all_seed42\sampling_img2img\random\strength_0.45_gs_5.0_steps_100\AKIEC\ISIC_0029567_label-AKIEC_strategy-random_strength-0.45_gs-5.0_aug-003.png,,,,
ISIC_0029567,AKIEC,3,random,0.45,5.0,100,4,304139,experiments\260526-0101_res256_sd_lora_uncond_all_seed42\sampling_img2img\random\strength_0.45_gs_5.0_steps_100\AKIEC\ISIC_0029567_label-AKIEC_strategy-random_strength-0.45_gs-5.0_aug-004.png,,,,
ISIC_0030707,AKIEC,3,random,0.45,5.0,100,0,300914,experiments\260526-0101_res256_sd_lora_uncond_all_seed42\sampling_img2img\random\strength_0.45_gs_5.0_steps_100\AKIEC\ISIC_0030707_label-AKIEC_strategy-random_strength-0.45_gs-5.0_aug-000.png,,,,
ISIC_0030707,AKIEC,3,random,0.45,5.0,100,1,301914,experiments\260526-0101_res256_sd_lora_uncond_all_seed42\sampling_img2img\random\strength_0.45_gs_5.0_steps_100\AKIEC\ISIC_0030707_label-AKIEC_strategy-random_strength-0.45_gs-5.0_aug-001.png,,,,
ISIC_0030707,AKIEC,3,random,0.45,5.0,100,2,302914,experiments\260526-0101_res256_sd_lora_uncond_all_seed42\sampling_img2img\random\strength_0.45_gs_5.0_steps_100\AKIEC\ISIC_0030707_label-AKIEC_strategy-random_strength-0.45_gs-5.0_aug-002.png,,,,
ISIC_0030707,AKIEC,3,random,0.45,5.0,100,3,303914,experiments\260526-0101_res256_sd_lora_uncond_all_seed42\sampling_img2img\random\strength_0.45_gs_5.0_steps_100\AKIEC\ISIC_0030707_label-AKIEC_strategy-random_strength-0.45_gs-5.0_aug-003.png,,,,
ISIC_0030707,AKIEC,3,random,0.45,5.0,100,4,304914,experiments\260526-0101_res256_sd_lora_uncond_all_seed42\sampling_img2img\random\strength_0.45_gs_5.0_steps_100\AKIEC\ISIC_0030707_label-AKIEC_strategy-random_strength-0.45_gs-5.0_aug-004.png,,,,
ISIC_0028190,AKIEC,3,random,0.45,5.0,100,0,300375,experiments\260526-0101_res256_sd_lora_uncond_all_seed42\sampling_img2img\random\strength_0.45_gs_5.0_steps_100\AKIEC\ISIC_0028190_label-AKIEC_strategy-random_strength-0.45_gs-5.0_aug-000.png,,,,
ISIC_0028190,AKIEC,3,random,0.45,5.0,100,1,301375,experiments\260526-0101_res256_sd_lora_uncond_all_seed42\sampling_img2img\random\strength_0.45_gs_5.0_steps_100\AKIEC\ISIC_0028190_label-AKIEC_strategy-random_strength-0.45_gs-5.0_aug-001.png,,,,
ISIC_0028190,AKIEC,3,random,0.45,5.0,100,2,302375,experiments\260526-0101_res256_sd_lora_uncond_all_seed42\sampling_img2img\random\strength_0.45_gs_5.0_steps_100\AKIEC\ISIC_0028190_label-AKIEC_strategy-random_strength-0.45_gs-5.0_aug-002.png,,,,
ISIC_0028190,AKIEC,3,random,0.45,5.0,100,3,303375,experiments\260526-0101_res256_sd_lora_uncond_all_seed42\sampling_img2img\random\strength_0.45_gs_5.0_steps_100\AKIEC\ISIC_0028190_label-AKIEC_strategy-random_strength-0.45_gs-5.0_aug-003.png,,,,
ISIC_0028190,AKIEC,3,random,0.45,5.0,100,4,304375,experiments\260526-0101_res256_sd_lora_uncond_all_seed42\sampling_img2img\random\strength_0.45_gs_5.0_steps_100\AKIEC\ISIC_0028190_label-AKIEC_strategy-random_strength-0.45_gs-5.0_aug-004.png,,,,
ISIC_0024562,AKIEC,3,random,0.45,5.0,100,0,300178,experiments\260526-0101_res256_sd_lora_uncond_all_seed42\sampling_img2img\random\strength_0.45_gs_5.0_steps_100\AKIEC\ISIC_0024562_label-AKIEC_strategy-random_strength-0.45_gs-5.0_aug-000.png,,,,
ISIC_0024562,AKIEC,3,random,0.45,5.0,100,1,301178,experiments\260526-0101_res256_sd_lora_uncond_all_seed42\sampling_img2img\random\strength_0.45_gs_5.0_steps_100\AKIEC\ISIC_0024562_label-AKIEC_strategy-random_strength-0.45_gs-5.0_aug-001.png,,,,
ISIC_0024562,AKIEC,3,random,0.45,5.0,100,2,302178,experiments\260526-0101_res256_sd_lora_uncond_all_seed42\sampling_img2img\random\strength_0.45_gs_5.0_steps_100\AKIEC\ISIC_0024562_label-AKIEC_strategy-random_strength-0.45_gs-5.0_aug-002.png,,,,
ISIC_0024562,AKIEC,3,random,0.45,5.0,100,3,303178,experiments\260526-0101_res256_sd_lora_uncond_all_seed42\sampling_img2img\random\strength_0.45_gs_5.0_steps_100\AKIEC\ISIC_0024562_label-AKIEC_strategy-random_strength-0.45_gs-5.0_aug-003.png,,,,
ISIC_0024562,AKIEC,3,random,0.45,5.0,100,4,304178,experiments\260526-0101_res256_sd_lora_uncond_all_seed42\sampling_img2img\random\strength_0.45_gs_5.0_steps_100\AKIEC\ISIC_0024562_label-AKIEC_strategy-random_strength-0.45_gs-5.0_aug-004.png,,,,
ISIC_0031940,AKIEC,3,random,0.45,5.0,100,0,300806,experiments\260526-0101_res256_sd_lora_uncond_all_seed42\sampling_img2img\random\strength_0.45_gs_5.0_steps_100\AKIEC\ISIC_0031940_label-AKIEC_strategy-random_strength-0.45_gs-5.0_aug-000.png,,,,
ISIC_0031940,AKIEC,3,random,0.45,5.0,100,1,301806,experiments\260526-0101_res256_sd_lora_uncond_all_seed42\sampling_img2img\random\strength_0.45_gs_5.0_steps_100\AKIEC\ISIC_0031940_label-AKIEC_strategy-random_strength-0.45_gs-5.0_aug-001.png,,,,
ISIC_0031940,AKIEC,3,random,0.45,5.0,100,2,302806,experiments\260526-0101_res256_sd_lora_uncond_all_seed42\sampling_img2img\random\strength_0.45_gs_5.0_steps_100\AKIEC\ISIC_0031940_label-AKIEC_strategy-random_strength-0.45_gs-5.0_aug-002.png,,,,
ISIC_0031940,AKIEC,3,random,0.45,5.0,100,3,303806,experiments\260526-0101_res256_sd_lora_uncond_all_seed42\sampling_img2img\random\strength_0.45_gs_5.0_steps_100\AKIEC\ISIC_0031940_label-AKIEC_strategy-random_strength-0.45_gs-5.0_aug-003.png,,,,
ISIC_0031940,AKIEC,3,random,0.45,5.0,100,4,304806,experiments\260526-0101_res256_sd_lora_uncond_all_seed42\sampling_img2img\random\strength_0.45_gs_5.0_steps_100\AKIEC\ISIC_0031940_label-AKIEC_strategy-random_strength-0.45_gs-5.0_aug-004.png,,,,
ISIC_0032203,AKIEC,3,random,0.45,5.0,100,0,300594,experiments\260526-0101_res256_sd_lora_uncond_all_seed42\sampling_img2img\random\strength_0.45_gs_5.0_steps_100\AKIEC\ISIC_0032203_label-AKIEC_strategy-random_strength-0.45_gs-5.0_aug-000.png,,,,
ISIC_0032203,AKIEC,3,random,0.45,5.0,100,1,301594,experiments\260526-0101_res256_sd_lora_uncond_all_seed42\sampling_img2img\random\strength_0.45_gs_5.0_steps_100\AKIEC\ISIC_0032203_label-AKIEC_strategy-random_strength-0.45_gs-5.0_aug-001.png,,,,
ISIC_0032203,AKIEC,3,random,0.45,5.0,100,2,302594,experiments\260526-0101_res256_sd_lora_uncond_all_seed42\sampling_img2img\random\strength_0.45_gs_5.0_steps_100\AKIEC\ISIC_0032203_label-AKIEC_strategy-random_strength-0.45_gs-5.0_aug-002.png,,,,
ISIC_0032203,AKIEC,3,random,0.45,5.0,100,3,303594,experiments\260526-0101_res256_sd_lora_uncond_all_seed42\sampling_img2img\random\strength_0.45_gs_5.0_steps_100\AKIEC\ISIC_0032203_label-AKIEC_strategy-random_strength-0.45_gs-5.0_aug-003.png,,,,
ISIC_0032203,AKIEC,3,random,0.45,5.0,100,4,304594,experiments\260526-0101_res256_sd_lora_uncond_all_seed42\sampling_img2img\random\strength_0.45_gs_5.0_steps_100\AKIEC\ISIC_0032203_label-AKIEC_strategy-random_strength-0.45_gs-5.0_aug-004.png,,,,
ISIC_0033084,AKIEC,3,random,0.45,5.0,100,0,300416,experiments\260526-0101_res256_sd_lora_uncond_all_seed42\sampling_img2img\random\strength_0.45_gs_5.0_steps_100\AKIEC\ISIC_0033084_label-AKIEC_strategy-random_strength-0.45_gs-5.0_aug-000.png,,,,
ISIC_0033084,AKIEC,3,random,0.45,5.0,100,1,301416,experiments\260526-0101_res256_sd_lora_uncond_all_seed42\sampling_img2img\random\strength_0.45_gs_5.0_steps_100\AKIEC\ISIC_0033084_label-AKIEC_strategy-random_strength-0.45_gs-5.0_aug-001.png,,,,
ISIC_0033084,AKIEC,3,random,0.45,5.0,100,2,302416,experiments\260526-0101_res256_sd_lora_uncond_all_seed42\sampling_img2img\random\strength_0.45_gs_5.0_steps_100\AKIEC\ISIC_0033084_label-AKIEC_strategy-random_strength-0.45_gs-5.0_aug-002.png,,,,
ISIC_0033084,AKIEC,3,random,0.45,5.0,100,3,303416,experiments\260526-0101_res256_sd_lora_uncond_all_seed42\sampling_img2img\random\strength_0.45_gs_5.0_steps_100\AKIEC\ISIC_0033084_label-AKIEC_strategy-random_strength-0.45_gs-5.0_aug-003.png,,,,
ISIC_0033084,AKIEC,3,random,0.45,5.0,100,4,304416,experiments\260526-0101_res256_sd_lora_uncond_all_seed42\sampling_img2img\random\strength_0.45_gs_5.0_steps_100\AKIEC\ISIC_0033084_label-AKIEC_strategy-random_strength-0.45_gs-5.0_aug-004.png,,,,
ISIC_0033784,BKL,4,random,0.45,5.0,100,0,400327,experiments\260526-0101_res256_sd_lora_uncond_all_seed42\sampling_img2img\random\strength_0.45_gs_5.0_steps_100\BKL\ISIC_0033784_label-BKL_strategy-random_strength-0.45_gs-5.0_aug-000.png,,,,
ISIC_0033784,BKL,4,random,0.45,5.0,100,1,401327,experiments\260526-0101_res256_sd_lora_uncond_all_seed42\sampling_img2img\random\strength_0.45_gs_5.0_steps_100\BKL\ISIC_0033784_label-BKL_strategy-random_strength-0.45_gs-5.0_aug-001.png,,,,
ISIC_0033784,BKL,4,random,0.45,5.0,100,2,402327,experiments\260526-0101_res256_sd_lora_uncond_all_seed42\sampling_img2img\random\strength_0.45_gs_5.0_steps_100\BKL\ISIC_0033784_label-BKL_strategy-random_strength-0.45_gs-5.0_aug-002.png,,,,
ISIC_0033784,BKL,4,random,0.45,5.0,100,3,403327,experiments\260526-0101_res256_sd_lora_uncond_all_seed42\sampling_img2img\random\strength_0.45_gs_5.0_steps_100\BKL\ISIC_0033784_label-BKL_strategy-random_strength-0.45_gs-5.0_aug-003.png,,,,
ISIC_0033784,BKL,4,random,0.45,5.0,100,4,404327,experiments\260526-0101_res256_sd_lora_uncond_all_seed42\sampling_img2img\random\strength_0.45_gs_5.0_steps_100\BKL\ISIC_0033784_label-BKL_strategy-random_strength-0.45_gs-5.0_aug-004.png,,,,
ISIC_0027194,BKL,4,random,0.45,5.0,100,0,400896,experiments\260526-0101_res256_sd_lora_uncond_all_seed42\sampling_img2img\random\strength_0.45_gs_5.0_steps_100\BKL\ISIC_0027194_label-BKL_strategy-random_strength-0.45_gs-5.0_aug-000.png,,,,
ISIC_0027194,BKL,4,random,0.45,5.0,100,1,401896,experiments\260526-0101_res256_sd_lora_uncond_all_seed42\sampling_img2img\random\strength_0.45_gs_5.0_steps_100\BKL\ISIC_0027194_label-BKL_strategy-random_strength-0.45_gs-5.0_aug-001.png,,,,
ISIC_0027194,BKL,4,random,0.45,5.0,100,2,402896,experiments\260526-0101_res256_sd_lora_uncond_all_seed42\sampling_img2img\random\strength_0.45_gs_5.0_steps_100\BKL\ISIC_0027194_label-BKL_strategy-random_strength-0.45_gs-5.0_aug-002.png,,,,
ISIC_0027194,BKL,4,random,0.45,5.0,100,3,403896,experiments\260526-0101_res256_sd_lora_uncond_all_seed42\sampling_img2img\random\strength_0.45_gs_5.0_steps_100\BKL\ISIC_0027194_label-BKL_strategy-random_strength-0.45_gs-5.0_aug-003.png,,,,
ISIC_0027194,BKL,4,random,0.45,5.0,100,4,404896,experiments\260526-0101_res256_sd_lora_uncond_all_seed42\sampling_img2img\random\strength_0.45_gs_5.0_steps_100\BKL\ISIC_0027194_label-BKL_strategy-random_strength-0.45_gs-5.0_aug-004.png,,,,
ISIC_0029232,BKL,4,random,0.45,5.0,100,0,400784,experiments\260526-0101_res256_sd_lora_uncond_all_seed42\sampling_img2img\random\strength_0.45_gs_5.0_steps_100\BKL\ISIC_0029232_label-BKL_strategy-random_strength-0.45_gs-5.0_aug-000.png,,,,
ISIC_0029232,BKL,4,random,0.45,5.0,100,1,401784,experiments\260526-0101_res256_sd_lora_uncond_all_seed42\sampling_img2img\random\strength_0.45_gs_5.0_steps_100\BKL\ISIC_0029232_label-BKL_strategy-random_strength-0.45_gs-5.0_aug-001.png,,,,
ISIC_0029232,BKL,4,random,0.45,5.0,100,2,402784,experiments\260526-0101_res256_sd_lora_uncond_all_seed42\sampling_img2img\random\strength_0.45_gs_5.0_steps_100\BKL\ISIC_0029232_label-BKL_strategy-random_strength-0.45_gs-5.0_aug-002.png,,,,
ISIC_0029232,BKL,4,random,0.45,5.0,100,3,403784,experiments\260526-0101_res256_sd_lora_uncond_all_seed42\sampling_img2img\random\strength_0.45_gs_5.0_steps_100\BKL\ISIC_0029232_label-BKL_strategy-random_strength-0.45_gs-5.0_aug-003.png,,,,
ISIC_0029232,BKL,4,random,0.45,5.0,100,4,404784,experiments\260526-0101_res256_sd_lora_uncond_all_seed42\sampling_img2img\random\strength_0.45_gs_5.0_steps_100\BKL\ISIC_0029232_label-BKL_strategy-random_strength-0.45_gs-5.0_aug-004.png,,,,
ISIC_0033284,BKL,4,random,0.45,5.0,100,0,400418,experiments\260526-0101_res256_sd_lora_uncond_all_seed42\sampling_img2img\random\strength_0.45_gs_5.0_steps_100\BKL\ISIC_0033284_label-BKL_strategy-random_strength-0.45_gs-5.0_aug-000.png,,,,
ISIC_0033284,BKL,4,random,0.45,5.0,100,1,401418,experiments\260526-0101_res256_sd_lora_uncond_all_seed42\sampling_img2img\random\strength_0.45_gs_5.0_steps_100\BKL\ISIC_0033284_label-BKL_strategy-random_strength-0.45_gs-5.0_aug-001.png,,,,
ISIC_0033284,BKL,4,random,0.45,5.0,100,2,402418,experiments\260526-0101_res256_sd_lora_uncond_all_seed42\sampling_img2img\random\strength_0.45_gs_5.0_steps_100\BKL\ISIC_0033284_label-BKL_strategy-random_strength-0.45_gs-5.0_aug-002.png,,,,
ISIC_0033284,BKL,4,random,0.45,5.0,100,3,403418,experiments\260526-0101_res256_sd_lora_uncond_all_seed42\sampling_img2img\random\strength_0.45_gs_5.0_steps_100\BKL\ISIC_0033284_label-BKL_strategy-random_strength-0.45_gs-5.0_aug-003.png,,,,
ISIC_0033284,BKL,4,random,0.45,5.0,100,4,404418,experiments\260526-0101_res256_sd_lora_uncond_all_seed42\sampling_img2img\random\strength_0.45_gs_5.0_steps_100\BKL\ISIC_0033284_label-BKL_strategy-random_strength-0.45_gs-5.0_aug-004.png,,,,
ISIC_0033305,BKL,4,random,0.45,5.0,100,0,400812,experiments\260526-0101_res256_sd_lora_uncond_all_seed42\sampling_img2img\random\strength_0.45_gs_5.0_steps_100\BKL\ISIC_0033305_label-BKL_strategy-random_strength-0.45_gs-5.0_aug-000.png,,,,
ISIC_0033305,BKL,4,random,0.45,5.0,100,1,401812,experiments\260526-0101_res256_sd_lora_uncond_all_seed42\sampling_img2img\random\strength_0.45_gs_5.0_steps_100\BKL\ISIC_0033305_label-BKL_strategy-random_strength-0.45_gs-5.0_aug-001.png,,,,
ISIC_0033305,BKL,4,random,0.45,5.0,100,2,402812,experiments\260526-0101_res256_sd_lora_uncond_all_seed42\sampling_img2img\random\strength_0.45_gs_5.0_steps_100\BKL\ISIC_0033305_label-BKL_strategy-random_strength-0.45_gs-5.0_aug-002.png,,,,
ISIC_0033305,BKL,4,random,0.45,5.0,100,3,403812,experiments\260526-0101_res256_sd_lora_uncond_all_seed42\sampling_img2img\random\strength_0.45_gs_5.0_steps_100\BKL\ISIC_0033305_label-BKL_strategy-random_strength-0.45_gs-5.0_aug-003.png,,,,
ISIC_0033305,BKL,4,random,0.45,5.0,100,4,404812,experiments\260526-0101_res256_sd_lora_uncond_all_seed42\sampling_img2img\random\strength_0.45_gs_5.0_steps_100\BKL\ISIC_0033305_label-BKL_strategy-random_strength-0.45_gs-5.0_aug-004.png,,,,
ISIC_0029291,BKL,4,random,0.45,5.0,100,0,400987,experiments\260526-0101_res256_sd_lora_uncond_all_seed42\sampling_img2img\random\strength_0.45_gs_5.0_steps_100\BKL\ISIC_0029291_label-BKL_strategy-random_strength-0.45_gs-5.0_aug-000.png,,,,
ISIC_0029291,BKL,4,random,0.45,5.0,100,1,401987,experiments\260526-0101_res256_sd_lora_uncond_all_seed42\sampling_img2img\random\strength_0.45_gs_5.0_steps_100\BKL\ISIC_0029291_label-BKL_strategy-random_strength-0.45_gs-5.0_aug-001.png,,,,
ISIC_0029291,BKL,4,random,0.45,5.0,100,2,402987,experiments\260526-0101_res256_sd_lora_uncond_all_seed42\sampling_img2img\random\strength_0.45_gs_5.0_steps_100\BKL\ISIC_0029291_label-BKL_strategy-random_strength-0.45_gs-5.0_aug-002.png,,,,
ISIC_0029291,BKL,4,random,0.45,5.0,100,3,403987,experiments\260526-0101_res256_sd_lora_uncond_all_seed42\sampling_img2img\random\strength_0.45_gs_5.0_steps_100\BKL\ISIC_0029291_label-BKL_strategy-random_strength-0.45_gs-5.0_aug-003.png,,,,
ISIC_0029291,BKL,4,random,0.45,5.0,100,4,404987,experiments\260526-0101_res256_sd_lora_uncond_all_seed42\sampling_img2img\random\strength_0.45_gs_5.0_steps_100\BKL\ISIC_0029291_label-BKL_strategy-random_strength-0.45_gs-5.0_aug-004.png,,,,
ISIC_0025297,BKL,4,random,0.45,5.0,100,0,400601,experiments\260526-0101_res256_sd_lora_uncond_all_seed42\sampling_img2img\random\strength_0.45_gs_5.0_steps_100\BKL\ISIC_0025297_label-BKL_strategy-random_strength-0.45_gs-5.0_aug-000.png,,,,
ISIC_0025297,BKL,4,random,0.45,5.0,100,1,401601,experiments\260526-0101_res256_sd_lora_uncond_all_seed42\sampling_img2img\random\strength_0.45_gs_5.0_steps_100\BKL\ISIC_0025297_label-BKL_strategy-random_strength-0.45_gs-5.0_aug-001.png,,,,
ISIC_0025297,BKL,4,random,0.45,5.0,100,2,402601,experiments\260526-0101_res256_sd_lora_uncond_all_seed42\sampling_img2img\random\strength_0.45_gs_5.0_steps_100\BKL\ISIC_0025297_label-BKL_strategy-random_strength-0.45_gs-5.0_aug-002.png,,,,
ISIC_0025297,BKL,4,random,0.45,5.0,100,3,403601,experiments\260526-0101_res256_sd_lora_uncond_all_seed42\sampling_img2img\random\strength_0.45_gs_5.0_steps_100\BKL\ISIC_0025297_label-BKL_strategy-random_strength-0.45_gs-5.0_aug-003.png,,,,
ISIC_0025297,BKL,4,random,0.45,5.0,100,4,404601,experiments\260526-0101_res256_sd_lora_uncond_all_seed42\sampling_img2img\random\strength_0.45_gs_5.0_steps_100\BKL\ISIC_0025297_label-BKL_strategy-random_strength-0.45_gs-5.0_aug-004.png,,,,
ISIC_0033446,BKL,4,random,0.45,5.0,100,0,400628,experiments\260526-0101_res256_sd_lora_uncond_all_seed42\sampling_img2img\random\strength_0.45_gs_5.0_steps_100\BKL\ISIC_0033446_label-BKL_strategy-random_strength-0.45_gs-5.0_aug-000.png,,,,
ISIC_0033446,BKL,4,random,0.45,5.0,100,1,401628,experiments\260526-0101_res256_sd_lora_uncond_all_seed42\sampling_img2img\random\strength_0.45_gs_5.0_steps_100\BKL\ISIC_0033446_label-BKL_strategy-random_strength-0.45_gs-5.0_aug-001.png,,,,
ISIC_0033446,BKL,4,random,0.45,5.0,100,2,402628,experiments\260526-0101_res256_sd_lora_uncond_all_seed42\sampling_img2img\random\strength_0.45_gs_5.0_steps_100\BKL\ISIC_0033446_label-BKL_strategy-random_strength-0.45_gs-5.0_aug-002.png,,,,
ISIC_0033446,BKL,4,random,0.45,5.0,100,3,403628,experiments\260526-0101_res256_sd_lora_uncond_all_seed42\sampling_img2img\random\strength_0.45_gs_5.0_steps_100\BKL\ISIC_0033446_label-BKL_strategy-random_strength-0.45_gs-5.0_aug-003.png,,,,
ISIC_0033446,BKL,4,random,0.45,5.0,100,4,404628,experiments\260526-0101_res256_sd_lora_uncond_all_seed42\sampling_img2img\random\strength_0.45_gs_5.0_steps_100\BKL\ISIC_0033446_label-BKL_strategy-random_strength-0.45_gs-5.0_aug-004.png,,,,
ISIC_0031967,BKL,4,random,0.45,5.0,100,0,400972,experiments\260526-0101_res256_sd_lora_uncond_all_seed42\sampling_img2img\random\strength_0.45_gs_5.0_steps_100\BKL\ISIC_0031967_label-BKL_strategy-random_strength-0.45_gs-5.0_aug-000.png,,,,
ISIC_0031967,BKL,4,random,0.45,5.0,100,1,401972,experiments\260526-0101_res256_sd_lora_uncond_all_seed42\sampling_img2img\random\strength_0.45_gs_5.0_steps_100\BKL\ISIC_0031967_label-BKL_strategy-random_strength-0.45_gs-5.0_aug-001.png,,,,
ISIC_0031967,BKL,4,random,0.45,5.0,100,2,402972,experiments\260526-0101_res256_sd_lora_uncond_all_seed42\sampling_img2img\random\strength_0.45_gs_5.0_steps_100\BKL\ISIC_0031967_label-BKL_strategy-random_strength-0.45_gs-5.0_aug-002.png,,,,
ISIC_0031967,BKL,4,random,0.45,5.0,100,3,403972,experiments\260526-0101_res256_sd_lora_uncond_all_seed42\sampling_img2img\random\strength_0.45_gs_5.0_steps_100\BKL\ISIC_0031967_label-BKL_strategy-random_strength-0.45_gs-5.0_aug-003.png,,,,
ISIC_0031967,BKL,4,random,0.45,5.0,100,4,404972,experiments\260526-0101_res256_sd_lora_uncond_all_seed42\sampling_img2img\random\strength_0.45_gs_5.0_steps_100\BKL\ISIC_0031967_label-BKL_strategy-random_strength-0.45_gs-5.0_aug-004.png,,,,
ISIC_0033761,BKL,4,random,0.45,5.0,100,0,400142,experiments\260526-0101_res256_sd_lora_uncond_all_seed42\sampling_img2img\random\strength_0.45_gs_5.0_steps_100\BKL\ISIC_0033761_label-BKL_strategy-random_strength-0.45_gs-5.0_aug-000.png,,,,
ISIC_0033761,BKL,4,random,0.45,5.0,100,1,401142,experiments\260526-0101_res256_sd_lora_uncond_all_seed42\sampling_img2img\random\strength_0.45_gs_5.0_steps_100\BKL\ISIC_0033761_label-BKL_strategy-random_strength-0.45_gs-5.0_aug-001.png,,,,
ISIC_0033761,BKL,4,random,0.45,5.0,100,2,402142,experiments\260526-0101_res256_sd_lora_uncond_all_seed42\sampling_img2img\random\strength_0.45_gs_5.0_steps_100\BKL\ISIC_0033761_label-BKL_strategy-random_strength-0.45_gs-5.0_aug-002.png,,,,
ISIC_0033761,BKL,4,random,0.45,5.0,100,3,403142,experiments\260526-0101_res256_sd_lora_uncond_all_seed42\sampling_img2img\random\strength_0.45_gs_5.0_steps_100\BKL\ISIC_0033761_label-BKL_strategy-random_strength-0.45_gs-5.0_aug-003.png,,,,
ISIC_0033761,BKL,4,random,0.45,5.0,100,4,404142,experiments\260526-0101_res256_sd_lora_uncond_all_seed42\sampling_img2img\random\strength_0.45_gs_5.0_steps_100\BKL\ISIC_0033761_label-BKL_strategy-random_strength-0.45_gs-5.0_aug-004.png,,,,
ISIC_0033378,BKL,4,random,0.45,5.0,100,0,400387,experiments\260526-0101_res256_sd_lora_uncond_all_seed42\sampling_img2img\random\strength_0.45_gs_5.0_steps_100\BKL\ISIC_0033378_label-BKL_strategy-random_strength-0.45_gs-5.0_aug-000.png,,,,
ISIC_0033378,BKL,4,random,0.45,5.0,100,1,401387,experiments\260526-0101_res256_sd_lora_uncond_all_seed42\sampling_img2img\random\strength_0.45_gs_5.0_steps_100\BKL\ISIC_0033378_label-BKL_strategy-random_strength-0.45_gs-5.0_aug-001.png,,,,
ISIC_0033378,BKL,4,random,0.45,5.0,100,2,402387,experiments\260526-0101_res256_sd_lora_uncond_all_seed42\sampling_img2img\random\strength_0.45_gs_5.0_steps_100\BKL\ISIC_0033378_label-BKL_strategy-random_strength-0.45_gs-5.0_aug-002.png,,,,
ISIC_0033378,BKL,4,random,0.45,5.0,100,3,403387,experiments\260526-0101_res256_sd_lora_uncond_all_seed42\sampling_img2img\random\strength_0.45_gs_5.0_steps_100\BKL\ISIC_0033378_label-BKL_strategy-random_strength-0.45_gs-5.0_aug-003.png,,,,
ISIC_0033378,BKL,4,random,0.45,5.0,100,4,404387,experiments\260526-0101_res256_sd_lora_uncond_all_seed42\sampling_img2img\random\strength_0.45_gs_5.0_steps_100\BKL\ISIC_0033378_label-BKL_strategy-random_strength-0.45_gs-5.0_aug-004.png,,,,
ISIC_0024489,BKL,4,random,0.45,5.0,100,0,400129,experiments\260526-0101_res256_sd_lora_uncond_all_seed42\sampling_img2img\random\strength_0.45_gs_5.0_steps_100\BKL\ISIC_0024489_label-BKL_strategy-random_strength-0.45_gs-5.0_aug-000.png,,,,
ISIC_0024489,BKL,4,random,0.45,5.0,100,1,401129,experiments\260526-0101_res256_sd_lora_uncond_all_seed42\sampling_img2img\random\strength_0.45_gs_5.0_steps_100\BKL\ISIC_0024489_label-BKL_strategy-random_strength-0.45_gs-5.0_aug-001.png,,,,
ISIC_0024489,BKL,4,random,0.45,5.0,100,2,402129,experiments\260526-0101_res256_sd_lora_uncond_all_seed42\sampling_img2img\random\strength_0.45_gs_5.0_steps_100\BKL\ISIC_0024489_label-BKL_strategy-random_strength-0.45_gs-5.0_aug-002.png,,,,
ISIC_0024489,BKL,4,random,0.45,5.0,100,3,403129,experiments\260526-0101_res256_sd_lora_uncond_all_seed42\sampling_img2img\random\strength_0.45_gs_5.0_steps_100\BKL\ISIC_0024489_label-BKL_strategy-random_strength-0.45_gs-5.0_aug-003.png,,,,
ISIC_0024489,BKL,4,random,0.45,5.0,100,4,404129,experiments\260526-0101_res256_sd_lora_uncond_all_seed42\sampling_img2img\random\strength_0.45_gs_5.0_steps_100\BKL\ISIC_0024489_label-BKL_strategy-random_strength-0.45_gs-5.0_aug-004.png,,,,
ISIC_0033460,BKL,4,random,0.45,5.0,100,0,400220,experiments\260526-0101_res256_sd_lora_uncond_all_seed42\sampling_img2img\random\strength_0.45_gs_5.0_steps_100\BKL\ISIC_0033460_label-BKL_strategy-random_strength-0.45_gs-5.0_aug-000.png,,,,
ISIC_0033460,BKL,4,random,0.45,5.0,100,1,401220,experiments\260526-0101_res256_sd_lora_uncond_all_seed42\sampling_img2img\random\strength_0.45_gs_5.0_steps_100\BKL\ISIC_0033460_label-BKL_strategy-random_strength-0.45_gs-5.0_aug-001.png,,,,
ISIC_0033460,BKL,4,random,0.45,5.0,100,2,402220,experiments\260526-0101_res256_sd_lora_uncond_all_seed42\sampling_img2img\random\strength_0.45_gs_5.0_steps_100\BKL\ISIC_0033460_label-BKL_strategy-random_strength-0.45_gs-5.0_aug-002.png,,,,
ISIC_0033460,BKL,4,random,0.45,5.0,100,3,403220,experiments\260526-0101_res256_sd_lora_uncond_all_seed42\sampling_img2img\random\strength_0.45_gs_5.0_steps_100\BKL\ISIC_0033460_label-BKL_strategy-random_strength-0.45_gs-5.0_aug-003.png,,,,
ISIC_0033460,BKL,4,random,0.45,5.0,100,4,404220,experiments\260526-0101_res256_sd_lora_uncond_all_seed42\sampling_img2img\random\strength_0.45_gs_5.0_steps_100\BKL\ISIC_0033460_label-BKL_strategy-random_strength-0.45_gs-5.0_aug-004.png,,,,
ISIC_0031394,BKL,4,random,0.45,5.0,100,0,400648,experiments\260526-0101_res256_sd_lora_uncond_all_seed42\sampling_img2img\random\strength_0.45_gs_5.0_steps_100\BKL\ISIC_0031394_label-BKL_strategy-random_strength-0.45_gs-5.0_aug-000.png,,,,
ISIC_0031394,BKL,4,random,0.45,5.0,100,1,401648,experiments\260526-0101_res256_sd_lora_uncond_all_seed42\sampling_img2img\random\strength_0.45_gs_5.0_steps_100\BKL\ISIC_0031394_label-BKL_strategy-random_strength-0.45_gs-5.0_aug-001.png,,,,
ISIC_0031394,BKL,4,random,0.45,5.0,100,2,402648,experiments\260526-0101_res256_sd_lora_uncond_all_seed42\sampling_img2img\random\strength_0.45_gs_5.0_steps_100\BKL\ISIC_0031394_label-BKL_strategy-random_strength-0.45_gs-5.0_aug-002.png,,,,
ISIC_0031394,BKL,4,random,0.45,5.0,100,3,403648,experiments\260526-0101_res256_sd_lora_uncond_all_seed42\sampling_img2img\random\strength_0.45_gs_5.0_steps_100\BKL\ISIC_0031394_label-BKL_strategy-random_strength-0.45_gs-5.0_aug-003.png,,,,
ISIC_0031394,BKL,4,random,0.45,5.0,100,4,404648,experiments\260526-0101_res256_sd_lora_uncond_all_seed42\sampling_img2img\random\strength_0.45_gs_5.0_steps_100\BKL\ISIC_0031394_label-BKL_strategy-random_strength-0.45_gs-5.0_aug-004.png,,,,
ISIC_0026291,BKL,4,random,0.45,5.0,100,0,400822,experiments\260526-0101_res256_sd_lora_uncond_all_seed42\sampling_img2img\random\strength_0.45_gs_5.0_steps_100\BKL\ISIC_0026291_label-BKL_strategy-random_strength-0.45_gs-5.0_aug-000.png,,,,
ISIC_0026291,BKL,4,random,0.45,5.0,100,1,401822,experiments\260526-0101_res256_sd_lora_uncond_all_seed42\sampling_img2img\random\strength_0.45_gs_5.0_steps_100\BKL\ISIC_0026291_label-BKL_strategy-random_strength-0.45_gs-5.0_aug-001.png,,,,
ISIC_0026291,BKL,4,random,0.45,5.0,100,2,402822,experiments\260526-0101_res256_sd_lora_uncond_all_seed42\sampling_img2img\random\strength_0.45_gs_5.0_steps_100\BKL\ISIC_0026291_label-BKL_strategy-random_strength-0.45_gs-5.0_aug-002.png,,,,
ISIC_0026291,BKL,4,random,0.45,5.0,100,3,403822,experiments\260526-0101_res256_sd_lora_uncond_all_seed42\sampling_img2img\random\strength_0.45_gs_5.0_steps_100\BKL\ISIC_0026291_label-BKL_strategy-random_strength-0.45_gs-5.0_aug-003.png,,,,
ISIC_0026291,BKL,4,random,0.45,5.0,100,4,404822,experiments\260526-0101_res256_sd_lora_uncond_all_seed42\sampling_img2img\random\strength_0.45_gs_5.0_steps_100\BKL\ISIC_0026291_label-BKL_strategy-random_strength-0.45_gs-5.0_aug-004.png,,,,
ISIC_0026441,BKL,4,random,0.45,5.0,100,0,400952,experiments\260526-0101_res256_sd_lora_uncond_all_seed42\sampling_img2img\random\strength_0.45_gs_5.0_steps_100\BKL\ISIC_0026441_label-BKL_strategy-random_strength-0.45_gs-5.0_aug-000.png,,,,
ISIC_0026441,BKL,4,random,0.45,5.0,100,1,401952,experiments\260526-0101_res256_sd_lora_uncond_all_seed42\sampling_img2img\random\strength_0.45_gs_5.0_steps_100\BKL\ISIC_0026441_label-BKL_strategy-random_strength-0.45_gs-5.0_aug-001.png,,,,
ISIC_0026441,BKL,4,random,0.45,5.0,100,2,402952,experiments\260526-0101_res256_sd_lora_uncond_all_seed42\sampling_img2img\random\strength_0.45_gs_5.0_steps_100\BKL\ISIC_0026441_label-BKL_strategy-random_strength-0.45_gs-5.0_aug-002.png,,,,
ISIC_0026441,BKL,4,random,0.45,5.0,100,3,403952,experiments\260526-0101_res256_sd_lora_uncond_all_seed42\sampling_img2img\random\strength_0.45_gs_5.0_steps_100\BKL\ISIC_0026441_label-BKL_strategy-random_strength-0.45_gs-5.0_aug-003.png,,,,
ISIC_0026441,BKL,4,random,0.45,5.0,100,4,404952,experiments\260526-0101_res256_sd_lora_uncond_all_seed42\sampling_img2img\random\strength_0.45_gs_5.0_steps_100\BKL\ISIC_0026441_label-BKL_strategy-random_strength-0.45_gs-5.0_aug-004.png,,,,
ISIC_0030721,BKL,4,random,0.45,5.0,100,0,400369,experiments\260526-0101_res256_sd_lora_uncond_all_seed42\sampling_img2img\random\strength_0.45_gs_5.0_steps_100\BKL\ISIC_0030721_label-BKL_strategy-random_strength-0.45_gs-5.0_aug-000.png,,,,
ISIC_0030721,BKL,4,random,0.45,5.0,100,1,401369,experiments\260526-0101_res256_sd_lora_uncond_all_seed42\sampling_img2img\random\strength_0.45_gs_5.0_steps_100\BKL\ISIC_0030721_label-BKL_strategy-random_strength-0.45_gs-5.0_aug-001.png,,,,
ISIC_0030721,BKL,4,random,0.45,5.0,100,2,402369,experiments\260526-0101_res256_sd_lora_uncond_all_seed42\sampling_img2img\random\strength_0.45_gs_5.0_steps_100\BKL\ISIC_0030721_label-BKL_strategy-random_strength-0.45_gs-5.0_aug-002.png,,,,
ISIC_0030721,BKL,4,random,0.45,5.0,100,3,403369,experiments\260526-0101_res256_sd_lora_uncond_all_seed42\sampling_img2img\random\strength_0.45_gs_5.0_steps_100\BKL\ISIC_0030721_label-BKL_strategy-random_strength-0.45_gs-5.0_aug-003.png,,,,
ISIC_0030721,BKL,4,random,0.45,5.0,100,4,404369,experiments\260526-0101_res256_sd_lora_uncond_all_seed42\sampling_img2img\random\strength_0.45_gs_5.0_steps_100\BKL\ISIC_0030721_label-BKL_strategy-random_strength-0.45_gs-5.0_aug-004.png,,,,
ISIC_0028830,BKL,4,random,0.45,5.0,100,0,400839,experiments\260526-0101_res256_sd_lora_uncond_all_seed42\sampling_img2img\random\strength_0.45_gs_5.0_steps_100\BKL\ISIC_0028830_label-BKL_strategy-random_strength-0.45_gs-5.0_aug-000.png,,,,
ISIC_0028830,BKL,4,random,0.45,5.0,100,1,401839,experiments\260526-0101_res256_sd_lora_uncond_all_seed42\sampling_img2img\random\strength_0.45_gs_5.0_steps_100\BKL\ISIC_0028830_label-BKL_strategy-random_strength-0.45_gs-5.0_aug-001.png,,,,
ISIC_0028830,BKL,4,random,0.45,5.0,100,2,402839,experiments\260526-0101_res256_sd_lora_uncond_all_seed42\sampling_img2img\random\strength_0.45_gs_5.0_steps_100\BKL\ISIC_0028830_label-BKL_strategy-random_strength-0.45_gs-5.0_aug-002.png,,,,
ISIC_0028830,BKL,4,random,0.45,5.0,100,3,403839,experiments\260526-0101_res256_sd_lora_uncond_all_seed42\sampling_img2img\random\strength_0.45_gs_5.0_steps_100\BKL\ISIC_0028830_label-BKL_strategy-random_strength-0.45_gs-5.0_aug-003.png,,,,
ISIC_0028830,BKL,4,random,0.45,5.0,100,4,404839,experiments\260526-0101_res256_sd_lora_uncond_all_seed42\sampling_img2img\random\strength_0.45_gs_5.0_steps_100\BKL\ISIC_0028830_label-BKL_strategy-random_strength-0.45_gs-5.0_aug-004.png,,,,
ISIC_0033505,BKL,4,random,0.45,5.0,100,0,400814,experiments\260526-0101_res256_sd_lora_uncond_all_seed42\sampling_img2img\random\strength_0.45_gs_5.0_steps_100\BKL\ISIC_0033505_label-BKL_strategy-random_strength-0.45_gs-5.0_aug-000.png,,,,
ISIC_0033505,BKL,4,random,0.45,5.0,100,1,401814,experiments\260526-0101_res256_sd_lora_uncond_all_seed42\sampling_img2img\random\strength_0.45_gs_5.0_steps_100\BKL\ISIC_0033505_label-BKL_strategy-random_strength-0.45_gs-5.0_aug-001.png,,,,
ISIC_0033505,BKL,4,random,0.45,5.0,100,2,402814,experiments\260526-0101_res256_sd_lora_uncond_all_seed42\sampling_img2img\random\strength_0.45_gs_5.0_steps_100\BKL\ISIC_0033505_label-BKL_strategy-random_strength-0.45_gs-5.0_aug-002.png,,,,
ISIC_0033505,BKL,4,random,0.45,5.0,100,3,403814,experiments\260526-0101_res256_sd_lora_uncond_all_seed42\sampling_img2img\random\strength_0.45_gs_5.0_steps_100\BKL\ISIC_0033505_label-BKL_strategy-random_strength-0.45_gs-5.0_aug-003.png,,,,
ISIC_0033505,BKL,4,random,0.45,5.0,100,4,404814,experiments\260526-0101_res256_sd_lora_uncond_all_seed42\sampling_img2img\random\strength_0.45_gs_5.0_steps_100\BKL\ISIC_0033505_label-BKL_strategy-random_strength-0.45_gs-5.0_aug-004.png,,,,
ISIC_0024909,BKL,4,random,0.45,5.0,100,0,400335,experiments\260526-0101_res256_sd_lora_uncond_all_seed42\sampling_img2img\random\strength_0.45_gs_5.0_steps_100\BKL\ISIC_0024909_label-BKL_strategy-random_strength-0.45_gs-5.0_aug-000.png,,,,
ISIC_0024909,BKL,4,random,0.45,5.0,100,1,401335,experiments\260526-0101_res256_sd_lora_uncond_all_seed42\sampling_img2img\random\strength_0.45_gs_5.0_steps_100\BKL\ISIC_0024909_label-BKL_strategy-random_strength-0.45_gs-5.0_aug-001.png,,,,
ISIC_0024909,BKL,4,random,0.45,5.0,100,2,402335,experiments\260526-0101_res256_sd_lora_uncond_all_seed42\sampling_img2img\random\strength_0.45_gs_5.0_steps_100\BKL\ISIC_0024909_label-BKL_strategy-random_strength-0.45_gs-5.0_aug-002.png,,,,
ISIC_0024909,BKL,4,random,0.45,5.0,100,3,403335,experiments\260526-0101_res256_sd_lora_uncond_all_seed42\sampling_img2img\random\strength_0.45_gs_5.0_steps_100\BKL\ISIC_0024909_label-BKL_strategy-random_strength-0.45_gs-5.0_aug-003.png,,,,
ISIC_0024909,BKL,4,random,0.45,5.0,100,4,404335,experiments\260526-0101_res256_sd_lora_uncond_all_seed42\sampling_img2img\random\strength_0.45_gs_5.0_steps_100\BKL\ISIC_0024909_label-BKL_strategy-random_strength-0.45_gs-5.0_aug-004.png,,,,
ISIC_0030118,BKL,4,random,0.45,5.0,100,0,400560,experiments\260526-0101_res256_sd_lora_uncond_all_seed42\sampling_img2img\random\strength_0.45_gs_5.0_steps_100\BKL\ISIC_0030118_label-BKL_strategy-random_strength-0.45_gs-5.0_aug-000.png,,,,
ISIC_0030118,BKL,4,random,0.45,5.0,100,1,401560,experiments\260526-0101_res256_sd_lora_uncond_all_seed42\sampling_img2img\random\strength_0.45_gs_5.0_steps_100\BKL\ISIC_0030118_label-BKL_strategy-random_strength-0.45_gs-5.0_aug-001.png,,,,
ISIC_0030118,BKL,4,random,0.45,5.0,100,2,402560,experiments\260526-0101_res256_sd_lora_uncond_all_seed42\sampling_img2img\random\strength_0.45_gs_5.0_steps_100\BKL\ISIC_0030118_label-BKL_strategy-random_strength-0.45_gs-5.0_aug-002.png,,,,
ISIC_0030118,BKL,4,random,0.45,5.0,100,3,403560,experiments\260526-0101_res256_sd_lora_uncond_all_seed42\sampling_img2img\random\strength_0.45_gs_5.0_steps_100\BKL\ISIC_0030118_label-BKL_strategy-random_strength-0.45_gs-5.0_aug-003.png,,,,
ISIC_0030118,BKL,4,random,0.45,5.0,100,4,404560,experiments\260526-0101_res256_sd_lora_uncond_all_seed42\sampling_img2img\random\strength_0.45_gs_5.0_steps_100\BKL\ISIC_0030118_label-BKL_strategy-random_strength-0.45_gs-5.0_aug-004.png,,,,
ISIC_0033601,BKL,4,random,0.45,5.0,100,0,400551,experiments\260526-0101_res256_sd_lora_uncond_all_seed42\sampling_img2img\random\strength_0.45_gs_5.0_steps_100\BKL\ISIC_0033601_label-BKL_strategy-random_strength-0.45_gs-5.0_aug-000.png,,,,
ISIC_0033601,BKL,4,random,0.45,5.0,100,1,401551,experiments\260526-0101_res256_sd_lora_uncond_all_seed42\sampling_img2img\random\strength_0.45_gs_5.0_steps_100\BKL\ISIC_0033601_label-BKL_strategy-random_strength-0.45_gs-5.0_aug-001.png,,,,
ISIC_0033601,BKL,4,random,0.45,5.0,100,2,402551,experiments\260526-0101_res256_sd_lora_uncond_all_seed42\sampling_img2img\random\strength_0.45_gs_5.0_steps_100\BKL\ISIC_0033601_label-BKL_strategy-random_strength-0.45_gs-5.0_aug-002.png,,,,
ISIC_0033601,BKL,4,random,0.45,5.0,100,3,403551,experiments\260526-0101_res256_sd_lora_uncond_all_seed42\sampling_img2img\random\strength_0.45_gs_5.0_steps_100\BKL\ISIC_0033601_label-BKL_strategy-random_strength-0.45_gs-5.0_aug-003.png,,,,
ISIC_0033601,BKL,4,random,0.45,5.0,100,4,404551,experiments\260526-0101_res256_sd_lora_uncond_all_seed42\sampling_img2img\random\strength_0.45_gs_5.0_steps_100\BKL\ISIC_0033601_label-BKL_strategy-random_strength-0.45_gs-5.0_aug-004.png,,,,
ISIC_0033853,BKL,4,random,0.45,5.0,100,0,400058,experiments\260526-0101_res256_sd_lora_uncond_all_seed42\sampling_img2img\random\strength_0.45_gs_5.0_steps_100\BKL\ISIC_0033853_label-BKL_strategy-random_strength-0.45_gs-5.0_aug-000.png,,,,
ISIC_0033853,BKL,4,random,0.45,5.0,100,1,401058,experiments\260526-0101_res256_sd_lora_uncond_all_seed42\sampling_img2img\random\strength_0.45_gs_5.0_steps_100\BKL\ISIC_0033853_label-BKL_strategy-random_strength-0.45_gs-5.0_aug-001.png,,,,
ISIC_0033853,BKL,4,random,0.45,5.0,100,2,402058,experiments\260526-0101_res256_sd_lora_uncond_all_seed42\sampling_img2img\random\strength_0.45_gs_5.0_steps_100\BKL\ISIC_0033853_label-BKL_strategy-random_strength-0.45_gs-5.0_aug-002.png,,,,
ISIC_0033853,BKL,4,random,0.45,5.0,100,3,403058,experiments\260526-0101_res256_sd_lora_uncond_all_seed42\sampling_img2img\random\strength_0.45_gs_5.0_steps_100\BKL\ISIC_0033853_label-BKL_strategy-random_strength-0.45_gs-5.0_aug-003.png,,,,
ISIC_0033853,BKL,4,random,0.45,5.0,100,4,404058,experiments\260526-0101_res256_sd_lora_uncond_all_seed42\sampling_img2img\random\strength_0.45_gs_5.0_steps_100\BKL\ISIC_0033853_label-BKL_strategy-random_strength-0.45_gs-5.0_aug-004.png,,,,
ISIC_0024453,BKL,4,random,0.45,5.0,100,0,400075,experiments\260526-0101_res256_sd_lora_uncond_all_seed42\sampling_img2img\random\strength_0.45_gs_5.0_steps_100\BKL\ISIC_0024453_label-BKL_strategy-random_strength-0.45_gs-5.0_aug-000.png,,,,
ISIC_0024453,BKL,4,random,0.45,5.0,100,1,401075,experiments\260526-0101_res256_sd_lora_uncond_all_seed42\sampling_img2img\random\strength_0.45_gs_5.0_steps_100\BKL\ISIC_0024453_label-BKL_strategy-random_strength-0.45_gs-5.0_aug-001.png,,,,
ISIC_0024453,BKL,4,random,0.45,5.0,100,2,402075,experiments\260526-0101_res256_sd_lora_uncond_all_seed42\sampling_img2img\random\strength_0.45_gs_5.0_steps_100\BKL\ISIC_0024453_label-BKL_strategy-random_strength-0.45_gs-5.0_aug-002.png,,,,
ISIC_0024453,BKL,4,random,0.45,5.0,100,3,403075,experiments\260526-0101_res256_sd_lora_uncond_all_seed42\sampling_img2img\random\strength_0.45_gs_5.0_steps_100\BKL\ISIC_0024453_label-BKL_strategy-random_strength-0.45_gs-5.0_aug-003.png,,,,
ISIC_0024453,BKL,4,random,0.45,5.0,100,4,404075,experiments\260526-0101_res256_sd_lora_uncond_all_seed42\sampling_img2img\random\strength_0.45_gs_5.0_steps_100\BKL\ISIC_0024453_label-BKL_strategy-random_strength-0.45_gs-5.0_aug-004.png,,,,
ISIC_0034186,BKL,4,random,0.45,5.0,100,0,400856,experiments\260526-0101_res256_sd_lora_uncond_all_seed42\sampling_img2img\random\strength_0.45_gs_5.0_steps_100\BKL\ISIC_0034186_label-BKL_strategy-random_strength-0.45_gs-5.0_aug-000.png,,,,
ISIC_0034186,BKL,4,random,0.45,5.0,100,1,401856,experiments\260526-0101_res256_sd_lora_uncond_all_seed42\sampling_img2img\random\strength_0.45_gs_5.0_steps_100\BKL\ISIC_0034186_label-BKL_strategy-random_strength-0.45_gs-5.0_aug-001.png,,,,
ISIC_0034186,BKL,4,random,0.45,5.0,100,2,402856,experiments\260526-0101_res256_sd_lora_uncond_all_seed42\sampling_img2img\random\strength_0.45_gs_5.0_steps_100\BKL\ISIC_0034186_label-BKL_strategy-random_strength-0.45_gs-5.0_aug-002.png,,,,
ISIC_0034186,BKL,4,random,0.45,5.0,100,3,403856,experiments\260526-0101_res256_sd_lora_uncond_all_seed42\sampling_img2img\random\strength_0.45_gs_5.0_steps_100\BKL\ISIC_0034186_label-BKL_strategy-random_strength-0.45_gs-5.0_aug-003.png,,,,
ISIC_0034186,BKL,4,random,0.45,5.0,100,4,404856,experiments\260526-0101_res256_sd_lora_uncond_all_seed42\sampling_img2img\random\strength_0.45_gs_5.0_steps_100\BKL\ISIC_0034186_label-BKL_strategy-random_strength-0.45_gs-5.0_aug-004.png,,,,
ISIC_0027796,BKL,4,random,0.45,5.0,100,0,400212,experiments\260526-0101_res256_sd_lora_uncond_all_seed42\sampling_img2img\random\strength_0.45_gs_5.0_steps_100\BKL\ISIC_0027796_label-BKL_strategy-random_strength-0.45_gs-5.0_aug-000.png,,,,
ISIC_0027796,BKL,4,random,0.45,5.0,100,1,401212,experiments\260526-0101_res256_sd_lora_uncond_all_seed42\sampling_img2img\random\strength_0.45_gs_5.0_steps_100\BKL\ISIC_0027796_label-BKL_strategy-random_strength-0.45_gs-5.0_aug-001.png,,,,
ISIC_0027796,BKL,4,random,0.45,5.0,100,2,402212,experiments\260526-0101_res256_sd_lora_uncond_all_seed42\sampling_img2img\random\strength_0.45_gs_5.0_steps_100\BKL\ISIC_0027796_label-BKL_strategy-random_strength-0.45_gs-5.0_aug-002.png,,,,
ISIC_0027796,BKL,4,random,0.45,5.0,100,3,403212,experiments\260526-0101_res256_sd_lora_uncond_all_seed42\sampling_img2img\random\strength_0.45_gs_5.0_steps_100\BKL\ISIC_0027796_label-BKL_strategy-random_strength-0.45_gs-5.0_aug-003.png,,,,
ISIC_0027796,BKL,4,random,0.45,5.0,100,4,404212,experiments\260526-0101_res256_sd_lora_uncond_all_seed42\sampling_img2img\random\strength_0.45_gs_5.0_steps_100\BKL\ISIC_0027796_label-BKL_strategy-random_strength-0.45_gs-5.0_aug-004.png,,,,
ISIC_0031558,BKL,4,random,0.45,5.0,100,0,400494,experiments\260526-0101_res256_sd_lora_uncond_all_seed42\sampling_img2img\random\strength_0.45_gs_5.0_steps_100\BKL\ISIC_0031558_label-BKL_strategy-random_strength-0.45_gs-5.0_aug-000.png,,,,
ISIC_0031558,BKL,4,random,0.45,5.0,100,1,401494,experiments\260526-0101_res256_sd_lora_uncond_all_seed42\sampling_img2img\random\strength_0.45_gs_5.0_steps_100\BKL\ISIC_0031558_label-BKL_strategy-random_strength-0.45_gs-5.0_aug-001.png,,,,
ISIC_0031558,BKL,4,random,0.45,5.0,100,2,402494,experiments\260526-0101_res256_sd_lora_uncond_all_seed42\sampling_img2img\random\strength_0.45_gs_5.0_steps_100\BKL\ISIC_0031558_label-BKL_strategy-random_strength-0.45_gs-5.0_aug-002.png,,,,
ISIC_0031558,BKL,4,random,0.45,5.0,100,3,403494,experiments\260526-0101_res256_sd_lora_uncond_all_seed42\sampling_img2img\random\strength_0.45_gs_5.0_steps_100\BKL\ISIC_0031558_label-BKL_strategy-random_strength-0.45_gs-5.0_aug-003.png,,,,
ISIC_0031558,BKL,4,random,0.45,5.0,100,4,404494,experiments\260526-0101_res256_sd_lora_uncond_all_seed42\sampling_img2img\random\strength_0.45_gs_5.0_steps_100\BKL\ISIC_0031558_label-BKL_strategy-random_strength-0.45_gs-5.0_aug-004.png,,,,
ISIC_0032929,BKL,4,random,0.45,5.0,100,0,400049,experiments\260526-0101_res256_sd_lora_uncond_all_seed42\sampling_img2img\random\strength_0.45_gs_5.0_steps_100\BKL\ISIC_0032929_label-BKL_strategy-random_strength-0.45_gs-5.0_aug-000.png,,,,
ISIC_0032929,BKL,4,random,0.45,5.0,100,1,401049,experiments\260526-0101_res256_sd_lora_uncond_all_seed42\sampling_img2img\random\strength_0.45_gs_5.0_steps_100\BKL\ISIC_0032929_label-BKL_strategy-random_strength-0.45_gs-5.0_aug-001.png,,,,
ISIC_0032929,BKL,4,random,0.45,5.0,100,2,402049,experiments\260526-0101_res256_sd_lora_uncond_all_seed42\sampling_img2img\random\strength_0.45_gs_5.0_steps_100\BKL\ISIC_0032929_label-BKL_strategy-random_strength-0.45_gs-5.0_aug-002.png,,,,
ISIC_0032929,BKL,4,random,0.45,5.0,100,3,403049,experiments\260526-0101_res256_sd_lora_uncond_all_seed42\sampling_img2img\random\strength_0.45_gs_5.0_steps_100\BKL\ISIC_0032929_label-BKL_strategy-random_strength-0.45_gs-5.0_aug-003.png,,,,
ISIC_0032929,BKL,4,random,0.45,5.0,100,4,404049,experiments\260526-0101_res256_sd_lora_uncond_all_seed42\sampling_img2img\random\strength_0.45_gs_5.0_steps_100\BKL\ISIC_0032929_label-BKL_strategy-random_strength-0.45_gs-5.0_aug-004.png,,,,
ISIC_0027025,BKL,4,random,0.45,5.0,100,0,400237,experiments\260526-0101_res256_sd_lora_uncond_all_seed42\sampling_img2img\random\strength_0.45_gs_5.0_steps_100\BKL\ISIC_0027025_label-BKL_strategy-random_strength-0.45_gs-5.0_aug-000.png,,,,
ISIC_0027025,BKL,4,random,0.45,5.0,100,1,401237,experiments\260526-0101_res256_sd_lora_uncond_all_seed42\sampling_img2img\random\strength_0.45_gs_5.0_steps_100\BKL\ISIC_0027025_label-BKL_strategy-random_strength-0.45_gs-5.0_aug-001.png,,,,
ISIC_0027025,BKL,4,random,0.45,5.0,100,2,402237,experiments\260526-0101_res256_sd_lora_uncond_all_seed42\sampling_img2img\random\strength_0.45_gs_5.0_steps_100\BKL\ISIC_0027025_label-BKL_strategy-random_strength-0.45_gs-5.0_aug-002.png,,,,
ISIC_0027025,BKL,4,random,0.45,5.0,100,3,403237,experiments\260526-0101_res256_sd_lora_uncond_all_seed42\sampling_img2img\random\strength_0.45_gs_5.0_steps_100\BKL\ISIC_0027025_label-BKL_strategy-random_strength-0.45_gs-5.0_aug-003.png,,,,
ISIC_0027025,BKL,4,random,0.45,5.0,100,4,404237,experiments\260526-0101_res256_sd_lora_uncond_all_seed42\sampling_img2img\random\strength_0.45_gs_5.0_steps_100\BKL\ISIC_0027025_label-BKL_strategy-random_strength-0.45_gs-5.0_aug-004.png,,,,
ISIC_0032636,BKL,4,random,0.45,5.0,100,0,400144,experiments\260526-0101_res256_sd_lora_uncond_all_seed42\sampling_img2img\random\strength_0.45_gs_5.0_steps_100\BKL\ISIC_0032636_label-BKL_strategy-random_strength-0.45_gs-5.0_aug-000.png,,,,
ISIC_0032636,BKL,4,random,0.45,5.0,100,1,401144,experiments\260526-0101_res256_sd_lora_uncond_all_seed42\sampling_img2img\random\strength_0.45_gs_5.0_steps_100\BKL\ISIC_0032636_label-BKL_strategy-random_strength-0.45_gs-5.0_aug-001.png,,,,
ISIC_0032636,BKL,4,random,0.45,5.0,100,2,402144,experiments\260526-0101_res256_sd_lora_uncond_all_seed42\sampling_img2img\random\strength_0.45_gs_5.0_steps_100\BKL\ISIC_0032636_label-BKL_strategy-random_strength-0.45_gs-5.0_aug-002.png,,,,
ISIC_0032636,BKL,4,random,0.45,5.0,100,3,403144,experiments\260526-0101_res256_sd_lora_uncond_all_seed42\sampling_img2img\random\strength_0.45_gs_5.0_steps_100\BKL\ISIC_0032636_label-BKL_strategy-random_strength-0.45_gs-5.0_aug-003.png,,,,
ISIC_0032636,BKL,4,random,0.45,5.0,100,4,404144,experiments\260526-0101_res256_sd_lora_uncond_all_seed42\sampling_img2img\random\strength_0.45_gs_5.0_steps_100\BKL\ISIC_0032636_label-BKL_strategy-random_strength-0.45_gs-5.0_aug-004.png,,,,
ISIC_0031358,DF,5,random,0.45,5.0,100,0,500249,experiments\260526-0101_res256_sd_lora_uncond_all_seed42\sampling_img2img\random\strength_0.45_gs_5.0_steps_100\DF\ISIC_0031358_label-DF_strategy-random_strength-0.45_gs-5.0_aug-000.png,,,,
ISIC_0031358,DF,5,random,0.45,5.0,100,1,501249,experiments\260526-0101_res256_sd_lora_uncond_all_seed42\sampling_img2img\random\strength_0.45_gs_5.0_steps_100\DF\ISIC_0031358_label-DF_strategy-random_strength-0.45_gs-5.0_aug-001.png,,,,
ISIC_0031358,DF,5,random,0.45,5.0,100,2,502249,experiments\260526-0101_res256_sd_lora_uncond_all_seed42\sampling_img2img\random\strength_0.45_gs_5.0_steps_100\DF\ISIC_0031358_label-DF_strategy-random_strength-0.45_gs-5.0_aug-002.png,,,,
ISIC_0031358,DF,5,random,0.45,5.0,100,3,503249,experiments\260526-0101_res256_sd_lora_uncond_all_seed42\sampling_img2img\random\strength_0.45_gs_5.0_steps_100\DF\ISIC_0031358_label-DF_strategy-random_strength-0.45_gs-5.0_aug-003.png,,,,
ISIC_0031358,DF,5,random,0.45,5.0,100,4,504249,experiments\260526-0101_res256_sd_lora_uncond_all_seed42\sampling_img2img\random\strength_0.45_gs_5.0_steps_100\DF\ISIC_0031358_label-DF_strategy-random_strength-0.45_gs-5.0_aug-004.png,,,,
ISIC_0031344,DF,5,random,0.45,5.0,100,0,500814,experiments\260526-0101_res256_sd_lora_uncond_all_seed42\sampling_img2img\random\strength_0.45_gs_5.0_steps_100\DF\ISIC_0031344_label-DF_strategy-random_strength-0.45_gs-5.0_aug-000.png,,,,
ISIC_0031344,DF,5,random,0.45,5.0,100,1,501814,experiments\260526-0101_res256_sd_lora_uncond_all_seed42\sampling_img2img\random\strength_0.45_gs_5.0_steps_100\DF\ISIC_0031344_label-DF_strategy-random_strength-0.45_gs-5.0_aug-001.png,,,,
ISIC_0031344,DF,5,random,0.45,5.0,100,2,502814,experiments\260526-0101_res256_sd_lora_uncond_all_seed42\sampling_img2img\random\strength_0.45_gs_5.0_steps_100\DF\ISIC_0031344_label-DF_strategy-random_strength-0.45_gs-5.0_aug-002.png,,,,
ISIC_0031344,DF,5,random,0.45,5.0,100,3,503814,experiments\260526-0101_res256_sd_lora_uncond_all_seed42\sampling_img2img\random\strength_0.45_gs_5.0_steps_100\DF\ISIC_0031344_label-DF_strategy-random_strength-0.45_gs-5.0_aug-003.png,,,,
ISIC_0031344,DF,5,random,0.45,5.0,100,4,504814,experiments\260526-0101_res256_sd_lora_uncond_all_seed42\sampling_img2img\random\strength_0.45_gs_5.0_steps_100\DF\ISIC_0031344_label-DF_strategy-random_strength-0.45_gs-5.0_aug-004.png,,,,
ISIC_0033422,DF,5,random,0.45,5.0,100,0,500698,experiments\260526-0101_res256_sd_lora_uncond_all_seed42\sampling_img2img\random\strength_0.45_gs_5.0_steps_100\DF\ISIC_0033422_label-DF_strategy-random_strength-0.45_gs-5.0_aug-000.png,,,,
ISIC_0033422,DF,5,random,0.45,5.0,100,1,501698,experiments\260526-0101_res256_sd_lora_uncond_all_seed42\sampling_img2img\random\strength_0.45_gs_5.0_steps_100\DF\ISIC_0033422_label-DF_strategy-random_strength-0.45_gs-5.0_aug-001.png,,,,
ISIC_0033422,DF,5,random,0.45,5.0,100,2,502698,experiments\260526-0101_res256_sd_lora_uncond_all_seed42\sampling_img2img\random\strength_0.45_gs_5.0_steps_100\DF\ISIC_0033422_label-DF_strategy-random_strength-0.45_gs-5.0_aug-002.png,,,,
ISIC_0033422,DF,5,random,0.45,5.0,100,3,503698,experiments\260526-0101_res256_sd_lora_uncond_all_seed42\sampling_img2img\random\strength_0.45_gs_5.0_steps_100\DF\ISIC_0033422_label-DF_strategy-random_strength-0.45_gs-5.0_aug-003.png,,,,
ISIC_0033422,DF,5,random,0.45,5.0,100,4,504698,experiments\260526-0101_res256_sd_lora_uncond_all_seed42\sampling_img2img\random\strength_0.45_gs_5.0_steps_100\DF\ISIC_0033422_label-DF_strategy-random_strength-0.45_gs-5.0_aug-004.png,,,,
ISIC_0032114,DF,5,random,0.45,5.0,100,0,500909,experiments\260526-0101_res256_sd_lora_uncond_all_seed42\sampling_img2img\random\strength_0.45_gs_5.0_steps_100\DF\ISIC_0032114_label-DF_strategy-random_strength-0.45_gs-5.0_aug-000.png,,,,
ISIC_0032114,DF,5,random,0.45,5.0,100,1,501909,experiments\260526-0101_res256_sd_lora_uncond_all_seed42\sampling_img2img\random\strength_0.45_gs_5.0_steps_100\DF\ISIC_0032114_label-DF_strategy-random_strength-0.45_gs-5.0_aug-001.png,,,,
ISIC_0032114,DF,5,random,0.45,5.0,100,2,502909,experiments\260526-0101_res256_sd_lora_uncond_all_seed42\sampling_img2img\random\strength_0.45_gs_5.0_steps_100\DF\ISIC_0032114_label-DF_strategy-random_strength-0.45_gs-5.0_aug-002.png,,,,
ISIC_0032114,DF,5,random,0.45,5.0,100,3,503909,experiments\260526-0101_res256_sd_lora_uncond_all_seed42\sampling_img2img\random\strength_0.45_gs_5.0_steps_100\DF\ISIC_0032114_label-DF_strategy-random_strength-0.45_gs-5.0_aug-003.png,,,,
ISIC_0032114,DF,5,random,0.45,5.0,100,4,504909,experiments\260526-0101_res256_sd_lora_uncond_all_seed42\sampling_img2img\random\strength_0.45_gs_5.0_steps_100\DF\ISIC_0032114_label-DF_strategy-random_strength-0.45_gs-5.0_aug-004.png,,,,
ISIC_0030870,DF,5,random,0.45,5.0,100,0,500254,experiments\260526-0101_res256_sd_lora_uncond_all_seed42\sampling_img2img\random\strength_0.45_gs_5.0_steps_100\DF\ISIC_0030870_label-DF_strategy-random_strength-0.45_gs-5.0_aug-000.png,,,,
ISIC_0030870,DF,5,random,0.45,5.0,100,1,501254,experiments\260526-0101_res256_sd_lora_uncond_all_seed42\sampling_img2img\random\strength_0.45_gs_5.0_steps_100\DF\ISIC_0030870_label-DF_strategy-random_strength-0.45_gs-5.0_aug-001.png,,,,
ISIC_0030870,DF,5,random,0.45,5.0,100,2,502254,experiments\260526-0101_res256_sd_lora_uncond_all_seed42\sampling_img2img\random\strength_0.45_gs_5.0_steps_100\DF\ISIC_0030870_label-DF_strategy-random_strength-0.45_gs-5.0_aug-002.png,,,,
ISIC_0030870,DF,5,random,0.45,5.0,100,3,503254,experiments\260526-0101_res256_sd_lora_uncond_all_seed42\sampling_img2img\random\strength_0.45_gs_5.0_steps_100\DF\ISIC_0030870_label-DF_strategy-random_strength-0.45_gs-5.0_aug-003.png,,,,
ISIC_0030870,DF,5,random,0.45,5.0,100,4,504254,experiments\260526-0101_res256_sd_lora_uncond_all_seed42\sampling_img2img\random\strength_0.45_gs_5.0_steps_100\DF\ISIC_0030870_label-DF_strategy-random_strength-0.45_gs-5.0_aug-004.png,,,,
ISIC_0033860,DF,5,random,0.45,5.0,100,0,500260,experiments\260526-0101_res256_sd_lora_uncond_all_seed42\sampling_img2img\random\strength_0.45_gs_5.0_steps_100\DF\ISIC_0033860_label-DF_strategy-random_strength-0.45_gs-5.0_aug-000.png,,,,
ISIC_0033860,DF,5,random,0.45,5.0,100,1,501260,experiments\260526-0101_res256_sd_lora_uncond_all_seed42\sampling_img2img\random\strength_0.45_gs_5.0_steps_100\DF\ISIC_0033860_label-DF_strategy-random_strength-0.45_gs-5.0_aug-001.png,,,,
ISIC_0033860,DF,5,random,0.45,5.0,100,2,502260,experiments\260526-0101_res256_sd_lora_uncond_all_seed42\sampling_img2img\random\strength_0.45_gs_5.0_steps_100\DF\ISIC_0033860_label-DF_strategy-random_strength-0.45_gs-5.0_aug-002.png,,,,
ISIC_0033860,DF,5,random,0.45,5.0,100,3,503260,experiments\260526-0101_res256_sd_lora_uncond_all_seed42\sampling_img2img\random\strength_0.45_gs_5.0_steps_100\DF\ISIC_0033860_label-DF_strategy-random_strength-0.45_gs-5.0_aug-003.png,,,,
ISIC_0033860,DF,5,random,0.45,5.0,100,4,504260,experiments\260526-0101_res256_sd_lora_uncond_all_seed42\sampling_img2img\random\strength_0.45_gs_5.0_steps_100\DF\ISIC_0033860_label-DF_strategy-random_strength-0.45_gs-5.0_aug-004.png,,,,
ISIC_0030555,DF,5,random,0.45,5.0,100,0,500209,experiments\260526-0101_res256_sd_lora_uncond_all_seed42\sampling_img2img\random\strength_0.45_gs_5.0_steps_100\DF\ISIC_0030555_label-DF_strategy-random_strength-0.45_gs-5.0_aug-000.png,,,,
ISIC_0030555,DF,5,random,0.45,5.0,100,1,501209,experiments\260526-0101_res256_sd_lora_uncond_all_seed42\sampling_img2img\random\strength_0.45_gs_5.0_steps_100\DF\ISIC_0030555_label-DF_strategy-random_strength-0.45_gs-5.0_aug-001.png,,,,
ISIC_0030555,DF,5,random,0.45,5.0,100,2,502209,experiments\260526-0101_res256_sd_lora_uncond_all_seed42\sampling_img2img\random\strength_0.45_gs_5.0_steps_100\DF\ISIC_0030555_label-DF_strategy-random_strength-0.45_gs-5.0_aug-002.png,,,,
ISIC_0030555,DF,5,random,0.45,5.0,100,3,503209,experiments\260526-0101_res256_sd_lora_uncond_all_seed42\sampling_img2img\random\strength_0.45_gs_5.0_steps_100\DF\ISIC_0030555_label-DF_strategy-random_strength-0.45_gs-5.0_aug-003.png,,,,
ISIC_0030555,DF,5,random,0.45,5.0,100,4,504209,experiments\260526-0101_res256_sd_lora_uncond_all_seed42\sampling_img2img\random\strength_0.45_gs_5.0_steps_100\DF\ISIC_0030555_label-DF_strategy-random_strength-0.45_gs-5.0_aug-004.png,,,,
ISIC_0027648,DF,5,random,0.45,5.0,100,0,500738,experiments\260526-0101_res256_sd_lora_uncond_all_seed42\sampling_img2img\random\strength_0.45_gs_5.0_steps_100\DF\ISIC_0027648_label-DF_strategy-random_strength-0.45_gs-5.0_aug-000.png,,,,
ISIC_0027648,DF,5,random,0.45,5.0,100,1,501738,experiments\260526-0101_res256_sd_lora_uncond_all_seed42\sampling_img2img\random\strength_0.45_gs_5.0_steps_100\DF\ISIC_0027648_label-DF_strategy-random_strength-0.45_gs-5.0_aug-001.png,,,,
ISIC_0027648,DF,5,random,0.45,5.0,100,2,502738,experiments\260526-0101_res256_sd_lora_uncond_all_seed42\sampling_img2img\random\strength_0.45_gs_5.0_steps_100\DF\ISIC_0027648_label-DF_strategy-random_strength-0.45_gs-5.0_aug-002.png,,,,
ISIC_0027648,DF,5,random,0.45,5.0,100,3,503738,experiments\260526-0101_res256_sd_lora_uncond_all_seed42\sampling_img2img\random\strength_0.45_gs_5.0_steps_100\DF\ISIC_0027648_label-DF_strategy-random_strength-0.45_gs-5.0_aug-003.png,,,,
ISIC_0027648,DF,5,random,0.45,5.0,100,4,504738,experiments\260526-0101_res256_sd_lora_uncond_all_seed42\sampling_img2img\random\strength_0.45_gs_5.0_steps_100\DF\ISIC_0027648_label-DF_strategy-random_strength-0.45_gs-5.0_aug-004.png,,,,
ISIC_0028735,DF,5,random,0.45,5.0,100,0,500929,experiments\260526-0101_res256_sd_lora_uncond_all_seed42\sampling_img2img\random\strength_0.45_gs_5.0_steps_100\DF\ISIC_0028735_label-DF_strategy-random_strength-0.45_gs-5.0_aug-000.png,,,,
ISIC_0028735,DF,5,random,0.45,5.0,100,1,501929,experiments\260526-0101_res256_sd_lora_uncond_all_seed42\sampling_img2img\random\strength_0.45_gs_5.0_steps_100\DF\ISIC_0028735_label-DF_strategy-random_strength-0.45_gs-5.0_aug-001.png,,,,
ISIC_0028735,DF,5,random,0.45,5.0,100,2,502929,experiments\260526-0101_res256_sd_lora_uncond_all_seed42\sampling_img2img\random\strength_0.45_gs_5.0_steps_100\DF\ISIC_0028735_label-DF_strategy-random_strength-0.45_gs-5.0_aug-002.png,,,,
ISIC_0028735,DF,5,random,0.45,5.0,100,3,503929,experiments\260526-0101_res256_sd_lora_uncond_all_seed42\sampling_img2img\random\strength_0.45_gs_5.0_steps_100\DF\ISIC_0028735_label-DF_strategy-random_strength-0.45_gs-5.0_aug-003.png,,,,
ISIC_0028735,DF,5,random,0.45,5.0,100,4,504929,experiments\260526-0101_res256_sd_lora_uncond_all_seed42\sampling_img2img\random\strength_0.45_gs_5.0_steps_100\DF\ISIC_0028735_label-DF_strategy-random_strength-0.45_gs-5.0_aug-004.png,,,,
ISIC_0024973,DF,5,random,0.45,5.0,100,0,500452,experiments\260526-0101_res256_sd_lora_uncond_all_seed42\sampling_img2img\random\strength_0.45_gs_5.0_steps_100\DF\ISIC_0024973_label-DF_strategy-random_strength-0.45_gs-5.0_aug-000.png,,,,
ISIC_0024973,DF,5,random,0.45,5.0,100,1,501452,experiments\260526-0101_res256_sd_lora_uncond_all_seed42\sampling_img2img\random\strength_0.45_gs_5.0_steps_100\DF\ISIC_0024973_label-DF_strategy-random_strength-0.45_gs-5.0_aug-001.png,,,,
ISIC_0024973,DF,5,random,0.45,5.0,100,2,502452,experiments\260526-0101_res256_sd_lora_uncond_all_seed42\sampling_img2img\random\strength_0.45_gs_5.0_steps_100\DF\ISIC_0024973_label-DF_strategy-random_strength-0.45_gs-5.0_aug-002.png,,,,
ISIC_0024973,DF,5,random,0.45,5.0,100,3,503452,experiments\260526-0101_res256_sd_lora_uncond_all_seed42\sampling_img2img\random\strength_0.45_gs_5.0_steps_100\DF\ISIC_0024973_label-DF_strategy-random_strength-0.45_gs-5.0_aug-003.png,,,,
ISIC_0024973,DF,5,random,0.45,5.0,100,4,504452,experiments\260526-0101_res256_sd_lora_uncond_all_seed42\sampling_img2img\random\strength_0.45_gs_5.0_steps_100\DF\ISIC_0024973_label-DF_strategy-random_strength-0.45_gs-5.0_aug-004.png,,,,
ISIC_0025594,DF,5,random,0.45,5.0,100,0,500734,experiments\260526-0101_res256_sd_lora_uncond_all_seed42\sampling_img2img\random\strength_0.45_gs_5.0_steps_100\DF\ISIC_0025594_label-DF_strategy-random_strength-0.45_gs-5.0_aug-000.png,,,,
ISIC_0025594,DF,5,random,0.45,5.0,100,1,501734,experiments\260526-0101_res256_sd_lora_uncond_all_seed42\sampling_img2img\random\strength_0.45_gs_5.0_steps_100\DF\ISIC_0025594_label-DF_strategy-random_strength-0.45_gs-5.0_aug-001.png,,,,
ISIC_0025594,DF,5,random,0.45,5.0,100,2,502734,experiments\260526-0101_res256_sd_lora_uncond_all_seed42\sampling_img2img\random\strength_0.45_gs_5.0_steps_100\DF\ISIC_0025594_label-DF_strategy-random_strength-0.45_gs-5.0_aug-002.png,,,,
ISIC_0025594,DF,5,random,0.45,5.0,100,3,503734,experiments\260526-0101_res256_sd_lora_uncond_all_seed42\sampling_img2img\random\strength_0.45_gs_5.0_steps_100\DF\ISIC_0025594_label-DF_strategy-random_strength-0.45_gs-5.0_aug-003.png,,,,
ISIC_0025594,DF,5,random,0.45,5.0,100,4,504734,experiments\260526-0101_res256_sd_lora_uncond_all_seed42\sampling_img2img\random\strength_0.45_gs_5.0_steps_100\DF\ISIC_0025594_label-DF_strategy-random_strength-0.45_gs-5.0_aug-004.png,,,,
ISIC_0026254,DF,5,random,0.45,5.0,100,0,500767,experiments\260526-0101_res256_sd_lora_uncond_all_seed42\sampling_img2img\random\strength_0.45_gs_5.0_steps_100\DF\ISIC_0026254_label-DF_strategy-random_strength-0.45_gs-5.0_aug-000.png,,,,
ISIC_0026254,DF,5,random,0.45,5.0,100,1,501767,experiments\260526-0101_res256_sd_lora_uncond_all_seed42\sampling_img2img\random\strength_0.45_gs_5.0_steps_100\DF\ISIC_0026254_label-DF_strategy-random_strength-0.45_gs-5.0_aug-001.png,,,,
ISIC_0026254,DF,5,random,0.45,5.0,100,2,502767,experiments\260526-0101_res256_sd_lora_uncond_all_seed42\sampling_img2img\random\strength_0.45_gs_5.0_steps_100\DF\ISIC_0026254_label-DF_strategy-random_strength-0.45_gs-5.0_aug-002.png,,,,
ISIC_0026254,DF,5,random,0.45,5.0,100,3,503767,experiments\260526-0101_res256_sd_lora_uncond_all_seed42\sampling_img2img\random\strength_0.45_gs_5.0_steps_100\DF\ISIC_0026254_label-DF_strategy-random_strength-0.45_gs-5.0_aug-003.png,,,,
ISIC_0026254,DF,5,random,0.45,5.0,100,4,504767,experiments\260526-0101_res256_sd_lora_uncond_all_seed42\sampling_img2img\random\strength_0.45_gs_5.0_steps_100\DF\ISIC_0026254_label-DF_strategy-random_strength-0.45_gs-5.0_aug-004.png,,,,
ISIC_0029297,DF,5,random,0.45,5.0,100,0,500407,experiments\260526-0101_res256_sd_lora_uncond_all_seed42\sampling_img2img\random\strength_0.45_gs_5.0_steps_100\DF\ISIC_0029297_label-DF_strategy-random_strength-0.45_gs-5.0_aug-000.png,,,,
ISIC_0029297,DF,5,random,0.45,5.0,100,1,501407,experiments\260526-0101_res256_sd_lora_uncond_all_seed42\sampling_img2img\random\strength_0.45_gs_5.0_steps_100\DF\ISIC_0029297_label-DF_strategy-random_strength-0.45_gs-5.0_aug-001.png,,,,
ISIC_0029297,DF,5,random,0.45,5.0,100,2,502407,experiments\260526-0101_res256_sd_lora_uncond_all_seed42\sampling_img2img\random\strength_0.45_gs_5.0_steps_100\DF\ISIC_0029297_label-DF_strategy-random_strength-0.45_gs-5.0_aug-002.png,,,,
ISIC_0029297,DF,5,random,0.45,5.0,100,3,503407,experiments\260526-0101_res256_sd_lora_uncond_all_seed42\sampling_img2img\random\strength_0.45_gs_5.0_steps_100\DF\ISIC_0029297_label-DF_strategy-random_strength-0.45_gs-5.0_aug-003.png,,,,
ISIC_0029297,DF,5,random,0.45,5.0,100,4,504407,experiments\260526-0101_res256_sd_lora_uncond_all_seed42\sampling_img2img\random\strength_0.45_gs_5.0_steps_100\DF\ISIC_0029297_label-DF_strategy-random_strength-0.45_gs-5.0_aug-004.png,,,,
ISIC_0029973,DF,5,random,0.45,5.0,100,0,501018,experiments\260526-0101_res256_sd_lora_uncond_all_seed42\sampling_img2img\random\strength_0.45_gs_5.0_steps_100\DF\ISIC_0029973_label-DF_strategy-random_strength-0.45_gs-5.0_aug-000.png,,,,
ISIC_0029973,DF,5,random,0.45,5.0,100,1,502018,experiments\260526-0101_res256_sd_lora_uncond_all_seed42\sampling_img2img\random\strength_0.45_gs_5.0_steps_100\DF\ISIC_0029973_label-DF_strategy-random_strength-0.45_gs-5.0_aug-001.png,,,,
ISIC_0029973,DF,5,random,0.45,5.0,100,2,503018,experiments\260526-0101_res256_sd_lora_uncond_all_seed42\sampling_img2img\random\strength_0.45_gs_5.0_steps_100\DF\ISIC_0029973_label-DF_strategy-random_strength-0.45_gs-5.0_aug-002.png,,,,
ISIC_0029973,DF,5,random,0.45,5.0,100,3,504018,experiments\260526-0101_res256_sd_lora_uncond_all_seed42\sampling_img2img\random\strength_0.45_gs_5.0_steps_100\DF\ISIC_0029973_label-DF_strategy-random_strength-0.45_gs-5.0_aug-003.png,,,,
ISIC_0029973,DF,5,random,0.45,5.0,100,4,505018,experiments\260526-0101_res256_sd_lora_uncond_all_seed42\sampling_img2img\random\strength_0.45_gs_5.0_steps_100\DF\ISIC_0029973_label-DF_strategy-random_strength-0.45_gs-5.0_aug-004.png,,,,
ISIC_0026473,DF,5,random,0.45,5.0,100,0,500605,experiments\260526-0101_res256_sd_lora_uncond_all_seed42\sampling_img2img\random\strength_0.45_gs_5.0_steps_100\DF\ISIC_0026473_label-DF_strategy-random_strength-0.45_gs-5.0_aug-000.png,,,,
ISIC_0026473,DF,5,random,0.45,5.0,100,1,501605,experiments\260526-0101_res256_sd_lora_uncond_all_seed42\sampling_img2img\random\strength_0.45_gs_5.0_steps_100\DF\ISIC_0026473_label-DF_strategy-random_strength-0.45_gs-5.0_aug-001.png,,,,
ISIC_0026473,DF,5,random,0.45,5.0,100,2,502605,experiments\260526-0101_res256_sd_lora_uncond_all_seed42\sampling_img2img\random\strength_0.45_gs_5.0_steps_100\DF\ISIC_0026473_label-DF_strategy-random_strength-0.45_gs-5.0_aug-002.png,,,,
ISIC_0026473,DF,5,random,0.45,5.0,100,3,503605,experiments\260526-0101_res256_sd_lora_uncond_all_seed42\sampling_img2img\random\strength_0.45_gs_5.0_steps_100\DF\ISIC_0026473_label-DF_strategy-random_strength-0.45_gs-5.0_aug-003.png,,,,
ISIC_0026473,DF,5,random,0.45,5.0,100,4,504605,experiments\260526-0101_res256_sd_lora_uncond_all_seed42\sampling_img2img\random\strength_0.45_gs_5.0_steps_100\DF\ISIC_0026473_label-DF_strategy-random_strength-0.45_gs-5.0_aug-004.png,,,,
ISIC_0025903,DF,5,random,0.45,5.0,100,0,500466,experiments\260526-0101_res256_sd_lora_uncond_all_seed42\sampling_img2img\random\strength_0.45_gs_5.0_steps_100\DF\ISIC_0025903_label-DF_strategy-random_strength-0.45_gs-5.0_aug-000.png,,,,
ISIC_0025903,DF,5,random,0.45,5.0,100,1,501466,experiments\260526-0101_res256_sd_lora_uncond_all_seed42\sampling_img2img\random\strength_0.45_gs_5.0_steps_100\DF\ISIC_0025903_label-DF_strategy-random_strength-0.45_gs-5.0_aug-001.png,,,,
ISIC_0025903,DF,5,random,0.45,5.0,100,2,502466,experiments\260526-0101_res256_sd_lora_uncond_all_seed42\sampling_img2img\random\strength_0.45_gs_5.0_steps_100\DF\ISIC_0025903_label-DF_strategy-random_strength-0.45_gs-5.0_aug-002.png,,,,
ISIC_0025903,DF,5,random,0.45,5.0,100,3,503466,experiments\260526-0101_res256_sd_lora_uncond_all_seed42\sampling_img2img\random\strength_0.45_gs_5.0_steps_100\DF\ISIC_0025903_label-DF_strategy-random_strength-0.45_gs-5.0_aug-003.png,,,,
ISIC_0025903,DF,5,random,0.45,5.0,100,4,504466,experiments\260526-0101_res256_sd_lora_uncond_all_seed42\sampling_img2img\random\strength_0.45_gs_5.0_steps_100\DF\ISIC_0025903_label-DF_strategy-random_strength-0.45_gs-5.0_aug-004.png,,,,
ISIC_0024553,DF,5,random,0.45,5.0,100,0,501023,experiments\260526-0101_res256_sd_lora_uncond_all_seed42\sampling_img2img\random\strength_0.45_gs_5.0_steps_100\DF\ISIC_0024553_label-DF_strategy-random_strength-0.45_gs-5.0_aug-000.png,,,,
ISIC_0024553,DF,5,random,0.45,5.0,100,1,502023,experiments\260526-0101_res256_sd_lora_uncond_all_seed42\sampling_img2img\random\strength_0.45_gs_5.0_steps_100\DF\ISIC_0024553_label-DF_strategy-random_strength-0.45_gs-5.0_aug-001.png,,,,
ISIC_0024553,DF,5,random,0.45,5.0,100,2,503023,experiments\260526-0101_res256_sd_lora_uncond_all_seed42\sampling_img2img\random\strength_0.45_gs_5.0_steps_100\DF\ISIC_0024553_label-DF_strategy-random_strength-0.45_gs-5.0_aug-002.png,,,,
ISIC_0024553,DF,5,random,0.45,5.0,100,3,504023,experiments\260526-0101_res256_sd_lora_uncond_all_seed42\sampling_img2img\random\strength_0.45_gs_5.0_steps_100\DF\ISIC_0024553_label-DF_strategy-random_strength-0.45_gs-5.0_aug-003.png,,,,
ISIC_0024553,DF,5,random,0.45,5.0,100,4,505023,experiments\260526-0101_res256_sd_lora_uncond_all_seed42\sampling_img2img\random\strength_0.45_gs_5.0_steps_100\DF\ISIC_0024553_label-DF_strategy-random_strength-0.45_gs-5.0_aug-004.png,,,,
ISIC_0025223,DF,5,random,0.45,5.0,100,0,500934,experiments\260526-0101_res256_sd_lora_uncond_all_seed42\sampling_img2img\random\strength_0.45_gs_5.0_steps_100\DF\ISIC_0025223_label-DF_strategy-random_strength-0.45_gs-5.0_aug-000.png,,,,
ISIC_0025223,DF,5,random,0.45,5.0,100,1,501934,experiments\260526-0101_res256_sd_lora_uncond_all_seed42\sampling_img2img\random\strength_0.45_gs_5.0_steps_100\DF\ISIC_0025223_label-DF_strategy-random_strength-0.45_gs-5.0_aug-001.png,,,,
ISIC_0025223,DF,5,random,0.45,5.0,100,2,502934,experiments\260526-0101_res256_sd_lora_uncond_all_seed42\sampling_img2img\random\strength_0.45_gs_5.0_steps_100\DF\ISIC_0025223_label-DF_strategy-random_strength-0.45_gs-5.0_aug-002.png,,,,
ISIC_0025223,DF,5,random,0.45,5.0,100,3,503934,experiments\260526-0101_res256_sd_lora_uncond_all_seed42\sampling_img2img\random\strength_0.45_gs_5.0_steps_100\DF\ISIC_0025223_label-DF_strategy-random_strength-0.45_gs-5.0_aug-003.png,,,,
ISIC_0025223,DF,5,random,0.45,5.0,100,4,504934,experiments\260526-0101_res256_sd_lora_uncond_all_seed42\sampling_img2img\random\strength_0.45_gs_5.0_steps_100\DF\ISIC_0025223_label-DF_strategy-random_strength-0.45_gs-5.0_aug-004.png,,,,
ISIC_0031123,DF,5,random,0.45,5.0,100,0,500981,experiments\260526-0101_res256_sd_lora_uncond_all_seed42\sampling_img2img\random\strength_0.45_gs_5.0_steps_100\DF\ISIC_0031123_label-DF_strategy-random_strength-0.45_gs-5.0_aug-000.png,,,,
ISIC_0031123,DF,5,random,0.45,5.0,100,1,501981,experiments\260526-0101_res256_sd_lora_uncond_all_seed42\sampling_img2img\random\strength_0.45_gs_5.0_steps_100\DF\ISIC_0031123_label-DF_strategy-random_strength-0.45_gs-5.0_aug-001.png,,,,
ISIC_0031123,DF,5,random,0.45,5.0,100,2,502981,experiments\260526-0101_res256_sd_lora_uncond_all_seed42\sampling_img2img\random\strength_0.45_gs_5.0_steps_100\DF\ISIC_0031123_label-DF_strategy-random_strength-0.45_gs-5.0_aug-002.png,,,,
ISIC_0031123,DF,5,random,0.45,5.0,100,3,503981,experiments\260526-0101_res256_sd_lora_uncond_all_seed42\sampling_img2img\random\strength_0.45_gs_5.0_steps_100\DF\ISIC_0031123_label-DF_strategy-random_strength-0.45_gs-5.0_aug-003.png,,,,
ISIC_0031123,DF,5,random,0.45,5.0,100,4,504981,experiments\260526-0101_res256_sd_lora_uncond_all_seed42\sampling_img2img\random\strength_0.45_gs_5.0_steps_100\DF\ISIC_0031123_label-DF_strategy-random_strength-0.45_gs-5.0_aug-004.png,,,,
ISIC_0033847,DF,5,random,0.45,5.0,100,0,501012,experiments\260526-0101_res256_sd_lora_uncond_all_seed42\sampling_img2img\random\strength_0.45_gs_5.0_steps_100\DF\ISIC_0033847_label-DF_strategy-random_strength-0.45_gs-5.0_aug-000.png,,,,
ISIC_0033847,DF,5,random,0.45,5.0,100,1,502012,experiments\260526-0101_res256_sd_lora_uncond_all_seed42\sampling_img2img\random\strength_0.45_gs_5.0_steps_100\DF\ISIC_0033847_label-DF_strategy-random_strength-0.45_gs-5.0_aug-001.png,,,,
ISIC_0033847,DF,5,random,0.45,5.0,100,2,503012,experiments\260526-0101_res256_sd_lora_uncond_all_seed42\sampling_img2img\random\strength_0.45_gs_5.0_steps_100\DF\ISIC_0033847_label-DF_strategy-random_strength-0.45_gs-5.0_aug-002.png,,,,
ISIC_0033847,DF,5,random,0.45,5.0,100,3,504012,experiments\260526-0101_res256_sd_lora_uncond_all_seed42\sampling_img2img\random\strength_0.45_gs_5.0_steps_100\DF\ISIC_0033847_label-DF_strategy-random_strength-0.45_gs-5.0_aug-003.png,,,,
ISIC_0033847,DF,5,random,0.45,5.0,100,4,505012,experiments\260526-0101_res256_sd_lora_uncond_all_seed42\sampling_img2img\random\strength_0.45_gs_5.0_steps_100\DF\ISIC_0033847_label-DF_strategy-random_strength-0.45_gs-5.0_aug-004.png,,,,
ISIC_0029052,DF,5,random,0.45,5.0,100,0,500503,experiments\260526-0101_res256_sd_lora_uncond_all_seed42\sampling_img2img\random\strength_0.45_gs_5.0_steps_100\DF\ISIC_0029052_label-DF_strategy-random_strength-0.45_gs-5.0_aug-000.png,,,,
ISIC_0029052,DF,5,random,0.45,5.0,100,1,501503,experiments\260526-0101_res256_sd_lora_uncond_all_seed42\sampling_img2img\random\strength_0.45_gs_5.0_steps_100\DF\ISIC_0029052_label-DF_strategy-random_strength-0.45_gs-5.0_aug-001.png,,,,
ISIC_0029052,DF,5,random,0.45,5.0,100,2,502503,experiments\260526-0101_res256_sd_lora_uncond_all_seed42\sampling_img2img\random\strength_0.45_gs_5.0_steps_100\DF\ISIC_0029052_label-DF_strategy-random_strength-0.45_gs-5.0_aug-002.png,,,,
ISIC_0029052,DF,5,random,0.45,5.0,100,3,503503,experiments\260526-0101_res256_sd_lora_uncond_all_seed42\sampling_img2img\random\strength_0.45_gs_5.0_steps_100\DF\ISIC_0029052_label-DF_strategy-random_strength-0.45_gs-5.0_aug-003.png,,,,
ISIC_0029052,DF,5,random,0.45,5.0,100,4,504503,experiments\260526-0101_res256_sd_lora_uncond_all_seed42\sampling_img2img\random\strength_0.45_gs_5.0_steps_100\DF\ISIC_0029052_label-DF_strategy-random_strength-0.45_gs-5.0_aug-004.png,,,,
ISIC_0031372,DF,5,random,0.45,5.0,100,0,500844,experiments\260526-0101_res256_sd_lora_uncond_all_seed42\sampling_img2img\random\strength_0.45_gs_5.0_steps_100\DF\ISIC_0031372_label-DF_strategy-random_strength-0.45_gs-5.0_aug-000.png,,,,
ISIC_0031372,DF,5,random,0.45,5.0,100,1,501844,experiments\260526-0101_res256_sd_lora_uncond_all_seed42\sampling_img2img\random\strength_0.45_gs_5.0_steps_100\DF\ISIC_0031372_label-DF_strategy-random_strength-0.45_gs-5.0_aug-001.png,,,,
ISIC_0031372,DF,5,random,0.45,5.0,100,2,502844,experiments\260526-0101_res256_sd_lora_uncond_all_seed42\sampling_img2img\random\strength_0.45_gs_5.0_steps_100\DF\ISIC_0031372_label-DF_strategy-random_strength-0.45_gs-5.0_aug-002.png,,,,
ISIC_0031372,DF,5,random,0.45,5.0,100,3,503844,experiments\260526-0101_res256_sd_lora_uncond_all_seed42\sampling_img2img\random\strength_0.45_gs_5.0_steps_100\DF\ISIC_0031372_label-DF_strategy-random_strength-0.45_gs-5.0_aug-003.png,,,,
ISIC_0031372,DF,5,random,0.45,5.0,100,4,504844,experiments\260526-0101_res256_sd_lora_uncond_all_seed42\sampling_img2img\random\strength_0.45_gs_5.0_steps_100\DF\ISIC_0031372_label-DF_strategy-random_strength-0.45_gs-5.0_aug-004.png,,,,
ISIC_0033695,DF,5,random,0.45,5.0,100,0,500429,experiments\260526-0101_res256_sd_lora_uncond_all_seed42\sampling_img2img\random\strength_0.45_gs_5.0_steps_100\DF\ISIC_0033695_label-DF_strategy-random_strength-0.45_gs-5.0_aug-000.png,,,,
ISIC_0033695,DF,5,random,0.45,5.0,100,1,501429,experiments\260526-0101_res256_sd_lora_uncond_all_seed42\sampling_img2img\random\strength_0.45_gs_5.0_steps_100\DF\ISIC_0033695_label-DF_strategy-random_strength-0.45_gs-5.0_aug-001.png,,,,
ISIC_0033695,DF,5,random,0.45,5.0,100,2,502429,experiments\260526-0101_res256_sd_lora_uncond_all_seed42\sampling_img2img\random\strength_0.45_gs_5.0_steps_100\DF\ISIC_0033695_label-DF_strategy-random_strength-0.45_gs-5.0_aug-002.png,,,,
ISIC_0033695,DF,5,random,0.45,5.0,100,3,503429,experiments\260526-0101_res256_sd_lora_uncond_all_seed42\sampling_img2img\random\strength_0.45_gs_5.0_steps_100\DF\ISIC_0033695_label-DF_strategy-random_strength-0.45_gs-5.0_aug-003.png,,,,
ISIC_0033695,DF,5,random,0.45,5.0,100,4,504429,experiments\260526-0101_res256_sd_lora_uncond_all_seed42\sampling_img2img\random\strength_0.45_gs_5.0_steps_100\DF\ISIC_0033695_label-DF_strategy-random_strength-0.45_gs-5.0_aug-004.png,,,,
ISIC_0033626,DF,5,random,0.45,5.0,100,0,500739,experiments\260526-0101_res256_sd_lora_uncond_all_seed42\sampling_img2img\random\strength_0.45_gs_5.0_steps_100\DF\ISIC_0033626_label-DF_strategy-random_strength-0.45_gs-5.0_aug-000.png,,,,
ISIC_0033626,DF,5,random,0.45,5.0,100,1,501739,experiments\260526-0101_res256_sd_lora_uncond_all_seed42\sampling_img2img\random\strength_0.45_gs_5.0_steps_100\DF\ISIC_0033626_label-DF_strategy-random_strength-0.45_gs-5.0_aug-001.png,,,,
ISIC_0033626,DF,5,random,0.45,5.0,100,2,502739,experiments\260526-0101_res256_sd_lora_uncond_all_seed42\sampling_img2img\random\strength_0.45_gs_5.0_steps_100\DF\ISIC_0033626_label-DF_strategy-random_strength-0.45_gs-5.0_aug-002.png,,,,
ISIC_0033626,DF,5,random,0.45,5.0,100,3,503739,experiments\260526-0101_res256_sd_lora_uncond_all_seed42\sampling_img2img\random\strength_0.45_gs_5.0_steps_100\DF\ISIC_0033626_label-DF_strategy-random_strength-0.45_gs-5.0_aug-003.png,,,,
ISIC_0033626,DF,5,random,0.45,5.0,100,4,504739,experiments\260526-0101_res256_sd_lora_uncond_all_seed42\sampling_img2img\random\strength_0.45_gs_5.0_steps_100\DF\ISIC_0033626_label-DF_strategy-random_strength-0.45_gs-5.0_aug-004.png,,,,
ISIC_0029248,DF,5,random,0.45,5.0,100,0,500179,experiments\260526-0101_res256_sd_lora_uncond_all_seed42\sampling_img2img\random\strength_0.45_gs_5.0_steps_100\DF\ISIC_0029248_label-DF_strategy-random_strength-0.45_gs-5.0_aug-000.png,,,,
ISIC_0029248,DF,5,random,0.45,5.0,100,1,501179,experiments\260526-0101_res256_sd_lora_uncond_all_seed42\sampling_img2img\random\strength_0.45_gs_5.0_steps_100\DF\ISIC_0029248_label-DF_strategy-random_strength-0.45_gs-5.0_aug-001.png,,,,
ISIC_0029248,DF,5,random,0.45,5.0,100,2,502179,experiments\260526-0101_res256_sd_lora_uncond_all_seed42\sampling_img2img\random\strength_0.45_gs_5.0_steps_100\DF\ISIC_0029248_label-DF_strategy-random_strength-0.45_gs-5.0_aug-002.png,,,,
ISIC_0029248,DF,5,random,0.45,5.0,100,3,503179,experiments\260526-0101_res256_sd_lora_uncond_all_seed42\sampling_img2img\random\strength_0.45_gs_5.0_steps_100\DF\ISIC_0029248_label-DF_strategy-random_strength-0.45_gs-5.0_aug-003.png,,,,
ISIC_0029248,DF,5,random,0.45,5.0,100,4,504179,experiments\260526-0101_res256_sd_lora_uncond_all_seed42\sampling_img2img\random\strength_0.45_gs_5.0_steps_100\DF\ISIC_0029248_label-DF_strategy-random_strength-0.45_gs-5.0_aug-004.png,,,,
ISIC_0031735,DF,5,random,0.45,5.0,100,0,500205,experiments\260526-0101_res256_sd_lora_uncond_all_seed42\sampling_img2img\random\strength_0.45_gs_5.0_steps_100\DF\ISIC_0031735_label-DF_strategy-random_strength-0.45_gs-5.0_aug-000.png,,,,
ISIC_0031735,DF,5,random,0.45,5.0,100,1,501205,experiments\260526-0101_res256_sd_lora_uncond_all_seed42\sampling_img2img\random\strength_0.45_gs_5.0_steps_100\DF\ISIC_0031735_label-DF_strategy-random_strength-0.45_gs-5.0_aug-001.png,,,,
ISIC_0031735,DF,5,random,0.45,5.0,100,2,502205,experiments\260526-0101_res256_sd_lora_uncond_all_seed42\sampling_img2img\random\strength_0.45_gs_5.0_steps_100\DF\ISIC_0031735_label-DF_strategy-random_strength-0.45_gs-5.0_aug-002.png,,,,
ISIC_0031735,DF,5,random,0.45,5.0,100,3,503205,experiments\260526-0101_res256_sd_lora_uncond_all_seed42\sampling_img2img\random\strength_0.45_gs_5.0_steps_100\DF\ISIC_0031735_label-DF_strategy-random_strength-0.45_gs-5.0_aug-003.png,,,,
ISIC_0031735,DF,5,random,0.45,5.0,100,4,504205,experiments\260526-0101_res256_sd_lora_uncond_all_seed42\sampling_img2img\random\strength_0.45_gs_5.0_steps_100\DF\ISIC_0031735_label-DF_strategy-random_strength-0.45_gs-5.0_aug-004.png,,,,
ISIC_0031827,DF,5,random,0.45,5.0,100,0,500472,experiments\260526-0101_res256_sd_lora_uncond_all_seed42\sampling_img2img\random\strength_0.45_gs_5.0_steps_100\DF\ISIC_0031827_label-DF_strategy-random_strength-0.45_gs-5.0_aug-000.png,,,,
ISIC_0031827,DF,5,random,0.45,5.0,100,1,501472,experiments\260526-0101_res256_sd_lora_uncond_all_seed42\sampling_img2img\random\strength_0.45_gs_5.0_steps_100\DF\ISIC_0031827_label-DF_strategy-random_strength-0.45_gs-5.0_aug-001.png,,,,
ISIC_0031827,DF,5,random,0.45,5.0,100,2,502472,experiments\260526-0101_res256_sd_lora_uncond_all_seed42\sampling_img2img\random\strength_0.45_gs_5.0_steps_100\DF\ISIC_0031827_label-DF_strategy-random_strength-0.45_gs-5.0_aug-002.png,,,,
ISIC_0031827,DF,5,random,0.45,5.0,100,3,503472,experiments\260526-0101_res256_sd_lora_uncond_all_seed42\sampling_img2img\random\strength_0.45_gs_5.0_steps_100\DF\ISIC_0031827_label-DF_strategy-random_strength-0.45_gs-5.0_aug-003.png,,,,
ISIC_0031827,DF,5,random,0.45,5.0,100,4,504472,experiments\260526-0101_res256_sd_lora_uncond_all_seed42\sampling_img2img\random\strength_0.45_gs_5.0_steps_100\DF\ISIC_0031827_label-DF_strategy-random_strength-0.45_gs-5.0_aug-004.png,,,,
ISIC_0027613,DF,5,random,0.45,5.0,100,0,500916,experiments\260526-0101_res256_sd_lora_uncond_all_seed42\sampling_img2img\random\strength_0.45_gs_5.0_steps_100\DF\ISIC_0027613_label-DF_strategy-random_strength-0.45_gs-5.0_aug-000.png,,,,
ISIC_0027613,DF,5,random,0.45,5.0,100,1,501916,experiments\260526-0101_res256_sd_lora_uncond_all_seed42\sampling_img2img\random\strength_0.45_gs_5.0_steps_100\DF\ISIC_0027613_label-DF_strategy-random_strength-0.45_gs-5.0_aug-001.png,,,,
ISIC_0027613,DF,5,random,0.45,5.0,100,2,502916,experiments\260526-0101_res256_sd_lora_uncond_all_seed42\sampling_img2img\random\strength_0.45_gs_5.0_steps_100\DF\ISIC_0027613_label-DF_strategy-random_strength-0.45_gs-5.0_aug-002.png,,,,
ISIC_0027613,DF,5,random,0.45,5.0,100,3,503916,experiments\260526-0101_res256_sd_lora_uncond_all_seed42\sampling_img2img\random\strength_0.45_gs_5.0_steps_100\DF\ISIC_0027613_label-DF_strategy-random_strength-0.45_gs-5.0_aug-003.png,,,,
ISIC_0027613,DF,5,random,0.45,5.0,100,4,504916,experiments\260526-0101_res256_sd_lora_uncond_all_seed42\sampling_img2img\random\strength_0.45_gs_5.0_steps_100\DF\ISIC_0027613_label-DF_strategy-random_strength-0.45_gs-5.0_aug-004.png,,,,
ISIC_0033790,DF,5,random,0.45,5.0,100,0,500950,experiments\260526-0101_res256_sd_lora_uncond_all_seed42\sampling_img2img\random\strength_0.45_gs_5.0_steps_100\DF\ISIC_0033790_label-DF_strategy-random_strength-0.45_gs-5.0_aug-000.png,,,,
ISIC_0033790,DF,5,random,0.45,5.0,100,1,501950,experiments\260526-0101_res256_sd_lora_uncond_all_seed42\sampling_img2img\random\strength_0.45_gs_5.0_steps_100\DF\ISIC_0033790_label-DF_strategy-random_strength-0.45_gs-5.0_aug-001.png,,,,
ISIC_0033790,DF,5,random,0.45,5.0,100,2,502950,experiments\260526-0101_res256_sd_lora_uncond_all_seed42\sampling_img2img\random\strength_0.45_gs_5.0_steps_100\DF\ISIC_0033790_label-DF_strategy-random_strength-0.45_gs-5.0_aug-002.png,,,,
ISIC_0033790,DF,5,random,0.45,5.0,100,3,503950,experiments\260526-0101_res256_sd_lora_uncond_all_seed42\sampling_img2img\random\strength_0.45_gs_5.0_steps_100\DF\ISIC_0033790_label-DF_strategy-random_strength-0.45_gs-5.0_aug-003.png,,,,
ISIC_0033790,DF,5,random,0.45,5.0,100,4,504950,experiments\260526-0101_res256_sd_lora_uncond_all_seed42\sampling_img2img\random\strength_0.45_gs_5.0_steps_100\DF\ISIC_0033790_label-DF_strategy-random_strength-0.45_gs-5.0_aug-004.png,,,,
ISIC_0030757,DF,5,random,0.45,5.0,100,0,500987,experiments\260526-0101_res256_sd_lora_uncond_all_seed42\sampling_img2img\random\strength_0.45_gs_5.0_steps_100\DF\ISIC_0030757_label-DF_strategy-random_strength-0.45_gs-5.0_aug-000.png,,,,
ISIC_0030757,DF,5,random,0.45,5.0,100,1,501987,experiments\260526-0101_res256_sd_lora_uncond_all_seed42\sampling_img2img\random\strength_0.45_gs_5.0_steps_100\DF\ISIC_0030757_label-DF_strategy-random_strength-0.45_gs-5.0_aug-001.png,,,,
ISIC_0030757,DF,5,random,0.45,5.0,100,2,502987,experiments\260526-0101_res256_sd_lora_uncond_all_seed42\sampling_img2img\random\strength_0.45_gs_5.0_steps_100\DF\ISIC_0030757_label-DF_strategy-random_strength-0.45_gs-5.0_aug-002.png,,,,
ISIC_0030757,DF,5,random,0.45,5.0,100,3,503987,experiments\260526-0101_res256_sd_lora_uncond_all_seed42\sampling_img2img\random\strength_0.45_gs_5.0_steps_100\DF\ISIC_0030757_label-DF_strategy-random_strength-0.45_gs-5.0_aug-003.png,,,,
ISIC_0030757,DF,5,random,0.45,5.0,100,4,504987,experiments\260526-0101_res256_sd_lora_uncond_all_seed42\sampling_img2img\random\strength_0.45_gs_5.0_steps_100\DF\ISIC_0030757_label-DF_strategy-random_strength-0.45_gs-5.0_aug-004.png,,,,
ISIC_0032715,VASC,6,random,0.45,5.0,100,0,600551,experiments\260526-0101_res256_sd_lora_uncond_all_seed42\sampling_img2img\random\strength_0.45_gs_5.0_steps_100\VASC\ISIC_0032715_label-VASC_strategy-random_strength-0.45_gs-5.0_aug-000.png,,,,
ISIC_0032715,VASC,6,random,0.45,5.0,100,1,601551,experiments\260526-0101_res256_sd_lora_uncond_all_seed42\sampling_img2img\random\strength_0.45_gs_5.0_steps_100\VASC\ISIC_0032715_label-VASC_strategy-random_strength-0.45_gs-5.0_aug-001.png,,,,
ISIC_0032715,VASC,6,random,0.45,5.0,100,2,602551,experiments\260526-0101_res256_sd_lora_uncond_all_seed42\sampling_img2img\random\strength_0.45_gs_5.0_steps_100\VASC\ISIC_0032715_label-VASC_strategy-random_strength-0.45_gs-5.0_aug-002.png,,,,
ISIC_0032715,VASC,6,random,0.45,5.0,100,3,603551,experiments\260526-0101_res256_sd_lora_uncond_all_seed42\sampling_img2img\random\strength_0.45_gs_5.0_steps_100\VASC\ISIC_0032715_label-VASC_strategy-random_strength-0.45_gs-5.0_aug-003.png,,,,
ISIC_0032715,VASC,6,random,0.45,5.0,100,4,604551,experiments\260526-0101_res256_sd_lora_uncond_all_seed42\sampling_img2img\random\strength_0.45_gs_5.0_steps_100\VASC\ISIC_0032715_label-VASC_strategy-random_strength-0.45_gs-5.0_aug-004.png,,,,
ISIC_0028188,VASC,6,random,0.45,5.0,100,0,600821,experiments\260526-0101_res256_sd_lora_uncond_all_seed42\sampling_img2img\random\strength_0.45_gs_5.0_steps_100\VASC\ISIC_0028188_label-VASC_strategy-random_strength-0.45_gs-5.0_aug-000.png,,,,
ISIC_0028188,VASC,6,random,0.45,5.0,100,1,601821,experiments\260526-0101_res256_sd_lora_uncond_all_seed42\sampling_img2img\random\strength_0.45_gs_5.0_steps_100\VASC\ISIC_0028188_label-VASC_strategy-random_strength-0.45_gs-5.0_aug-001.png,,,,
ISIC_0028188,VASC,6,random,0.45,5.0,100,2,602821,experiments\260526-0101_res256_sd_lora_uncond_all_seed42\sampling_img2img\random\strength_0.45_gs_5.0_steps_100\VASC\ISIC_0028188_label-VASC_strategy-random_strength-0.45_gs-5.0_aug-002.png,,,,
ISIC_0028188,VASC,6,random,0.45,5.0,100,3,603821,experiments\260526-0101_res256_sd_lora_uncond_all_seed42\sampling_img2img\random\strength_0.45_gs_5.0_steps_100\VASC\ISIC_0028188_label-VASC_strategy-random_strength-0.45_gs-5.0_aug-003.png,,,,
ISIC_0028188,VASC,6,random,0.45,5.0,100,4,604821,experiments\260526-0101_res256_sd_lora_uncond_all_seed42\sampling_img2img\random\strength_0.45_gs_5.0_steps_100\VASC\ISIC_0028188_label-VASC_strategy-random_strength-0.45_gs-5.0_aug-004.png,,,,
ISIC_0031217,VASC,6,random,0.45,5.0,100,0,600172,experiments\260526-0101_res256_sd_lora_uncond_all_seed42\sampling_img2img\random\strength_0.45_gs_5.0_steps_100\VASC\ISIC_0031217_label-VASC_strategy-random_strength-0.45_gs-5.0_aug-000.png,,,,
ISIC_0031217,VASC,6,random,0.45,5.0,100,1,601172,experiments\260526-0101_res256_sd_lora_uncond_all_seed42\sampling_img2img\random\strength_0.45_gs_5.0_steps_100\VASC\ISIC_0031217_label-VASC_strategy-random_strength-0.45_gs-5.0_aug-001.png,,,,
ISIC_0031217,VASC,6,random,0.45,5.0,100,2,602172,experiments\260526-0101_res256_sd_lora_uncond_all_seed42\sampling_img2img\random\strength_0.45_gs_5.0_steps_100\VASC\ISIC_0031217_label-VASC_strategy-random_strength-0.45_gs-5.0_aug-002.png,,,,
ISIC_0031217,VASC,6,random,0.45,5.0,100,3,603172,experiments\260526-0101_res256_sd_lora_uncond_all_seed42\sampling_img2img\random\strength_0.45_gs_5.0_steps_100\VASC\ISIC_0031217_label-VASC_strategy-random_strength-0.45_gs-5.0_aug-003.png,,,,
ISIC_0031217,VASC,6,random,0.45,5.0,100,4,604172,experiments\260526-0101_res256_sd_lora_uncond_all_seed42\sampling_img2img\random\strength_0.45_gs_5.0_steps_100\VASC\ISIC_0031217_label-VASC_strategy-random_strength-0.45_gs-5.0_aug-004.png,,,,
ISIC_0024662,VASC,6,random,0.45,5.0,100,0,600371,experiments\260526-0101_res256_sd_lora_uncond_all_seed42\sampling_img2img\random\strength_0.45_gs_5.0_steps_100\VASC\ISIC_0024662_label-VASC_strategy-random_strength-0.45_gs-5.0_aug-000.png,,,,
ISIC_0024662,VASC,6,random,0.45,5.0,100,1,601371,experiments\260526-0101_res256_sd_lora_uncond_all_seed42\sampling_img2img\random\strength_0.45_gs_5.0_steps_100\VASC\ISIC_0024662_label-VASC_strategy-random_strength-0.45_gs-5.0_aug-001.png,,,,
ISIC_0024662,VASC,6,random,0.45,5.0,100,2,602371,experiments\260526-0101_res256_sd_lora_uncond_all_seed42\sampling_img2img\random\strength_0.45_gs_5.0_steps_100\VASC\ISIC_0024662_label-VASC_strategy-random_strength-0.45_gs-5.0_aug-002.png,,,,
ISIC_0024662,VASC,6,random,0.45,5.0,100,3,603371,experiments\260526-0101_res256_sd_lora_uncond_all_seed42\sampling_img2img\random\strength_0.45_gs_5.0_steps_100\VASC\ISIC_0024662_label-VASC_strategy-random_strength-0.45_gs-5.0_aug-003.png,,,,
ISIC_0024662,VASC,6,random,0.45,5.0,100,4,604371,experiments\260526-0101_res256_sd_lora_uncond_all_seed42\sampling_img2img\random\strength_0.45_gs_5.0_steps_100\VASC\ISIC_0024662_label-VASC_strategy-random_strength-0.45_gs-5.0_aug-004.png,,,,
ISIC_0030606,VASC,6,random,0.45,5.0,100,0,600481,experiments\260526-0101_res256_sd_lora_uncond_all_seed42\sampling_img2img\random\strength_0.45_gs_5.0_steps_100\VASC\ISIC_0030606_label-VASC_strategy-random_strength-0.45_gs-5.0_aug-000.png,,,,
ISIC_0030606,VASC,6,random,0.45,5.0,100,1,601481,experiments\260526-0101_res256_sd_lora_uncond_all_seed42\sampling_img2img\random\strength_0.45_gs_5.0_steps_100\VASC\ISIC_0030606_label-VASC_strategy-random_strength-0.45_gs-5.0_aug-001.png,,,,
ISIC_0030606,VASC,6,random,0.45,5.0,100,2,602481,experiments\260526-0101_res256_sd_lora_uncond_all_seed42\sampling_img2img\random\strength_0.45_gs_5.0_steps_100\VASC\ISIC_0030606_label-VASC_strategy-random_strength-0.45_gs-5.0_aug-002.png,,,,
ISIC_0030606,VASC,6,random,0.45,5.0,100,3,603481,experiments\260526-0101_res256_sd_lora_uncond_all_seed42\sampling_img2img\random\strength_0.45_gs_5.0_steps_100\VASC\ISIC_0030606_label-VASC_strategy-random_strength-0.45_gs-5.0_aug-003.png,,,,
ISIC_0030606,VASC,6,random,0.45,5.0,100,4,604481,experiments\260526-0101_res256_sd_lora_uncond_all_seed42\sampling_img2img\random\strength_0.45_gs_5.0_steps_100\VASC\ISIC_0030606_label-VASC_strategy-random_strength-0.45_gs-5.0_aug-004.png,,,,
ISIC_0025677,VASC,6,random,0.45,5.0,100,0,600323,experiments\260526-0101_res256_sd_lora_uncond_all_seed42\sampling_img2img\random\strength_0.45_gs_5.0_steps_100\VASC\ISIC_0025677_label-VASC_strategy-random_strength-0.45_gs-5.0_aug-000.png,,,,
ISIC_0025677,VASC,6,random,0.45,5.0,100,1,601323,experiments\260526-0101_res256_sd_lora_uncond_all_seed42\sampling_img2img\random\strength_0.45_gs_5.0_steps_100\VASC\ISIC_0025677_label-VASC_strategy-random_strength-0.45_gs-5.0_aug-001.png,,,,
ISIC_0025677,VASC,6,random,0.45,5.0,100,2,602323,experiments\260526-0101_res256_sd_lora_uncond_all_seed42\sampling_img2img\random\strength_0.45_gs_5.0_steps_100\VASC\ISIC_0025677_label-VASC_strategy-random_strength-0.45_gs-5.0_aug-002.png,,,,
ISIC_0025677,VASC,6,random,0.45,5.0,100,3,603323,experiments\260526-0101_res256_sd_lora_uncond_all_seed42\sampling_img2img\random\strength_0.45_gs_5.0_steps_100\VASC\ISIC_0025677_label-VASC_strategy-random_strength-0.45_gs-5.0_aug-003.png,,,,
ISIC_0025677,VASC,6,random,0.45,5.0,100,4,604323,experiments\260526-0101_res256_sd_lora_uncond_all_seed42\sampling_img2img\random\strength_0.45_gs_5.0_steps_100\VASC\ISIC_0025677_label-VASC_strategy-random_strength-0.45_gs-5.0_aug-004.png,,,,
ISIC_0033158,VASC,6,random,0.45,5.0,100,0,600596,experiments\260526-0101_res256_sd_lora_uncond_all_seed42\sampling_img2img\random\strength_0.45_gs_5.0_steps_100\VASC\ISIC_0033158_label-VASC_strategy-random_strength-0.45_gs-5.0_aug-000.png,,,,
ISIC_0033158,VASC,6,random,0.45,5.0,100,1,601596,experiments\260526-0101_res256_sd_lora_uncond_all_seed42\sampling_img2img\random\strength_0.45_gs_5.0_steps_100\VASC\ISIC_0033158_label-VASC_strategy-random_strength-0.45_gs-5.0_aug-001.png,,,,
ISIC_0033158,VASC,6,random,0.45,5.0,100,2,602596,experiments\260526-0101_res256_sd_lora_uncond_all_seed42\sampling_img2img\random\strength_0.45_gs_5.0_steps_100\VASC\ISIC_0033158_label-VASC_strategy-random_strength-0.45_gs-5.0_aug-002.png,,,,
ISIC_0033158,VASC,6,random,0.45,5.0,100,3,603596,experiments\260526-0101_res256_sd_lora_uncond_all_seed42\sampling_img2img\random\strength_0.45_gs_5.0_steps_100\VASC\ISIC_0033158_label-VASC_strategy-random_strength-0.45_gs-5.0_aug-003.png,,,,
ISIC_0033158,VASC,6,random,0.45,5.0,100,4,604596,experiments\260526-0101_res256_sd_lora_uncond_all_seed42\sampling_img2img\random\strength_0.45_gs_5.0_steps_100\VASC\ISIC_0033158_label-VASC_strategy-random_strength-0.45_gs-5.0_aug-004.png,,,,
ISIC_0031215,VASC,6,random,0.45,5.0,100,0,600682,experiments\260526-0101_res256_sd_lora_uncond_all_seed42\sampling_img2img\random\strength_0.45_gs_5.0_steps_100\VASC\ISIC_0031215_label-VASC_strategy-random_strength-0.45_gs-5.0_aug-000.png,,,,
ISIC_0031215,VASC,6,random,0.45,5.0,100,1,601682,experiments\260526-0101_res256_sd_lora_uncond_all_seed42\sampling_img2img\random\strength_0.45_gs_5.0_steps_100\VASC\ISIC_0031215_label-VASC_strategy-random_strength-0.45_gs-5.0_aug-001.png,,,,
ISIC_0031215,VASC,6,random,0.45,5.0,100,2,602682,experiments\260526-0101_res256_sd_lora_uncond_all_seed42\sampling_img2img\random\strength_0.45_gs_5.0_steps_100\VASC\ISIC_0031215_label-VASC_strategy-random_strength-0.45_gs-5.0_aug-002.png,,,,
ISIC_0031215,VASC,6,random,0.45,5.0,100,3,603682,experiments\260526-0101_res256_sd_lora_uncond_all_seed42\sampling_img2img\random\strength_0.45_gs_5.0_steps_100\VASC\ISIC_0031215_label-VASC_strategy-random_strength-0.45_gs-5.0_aug-003.png,,,,
ISIC_0031215,VASC,6,random,0.45,5.0,100,4,604682,experiments\260526-0101_res256_sd_lora_uncond_all_seed42\sampling_img2img\random\strength_0.45_gs_5.0_steps_100\VASC\ISIC_0031215_label-VASC_strategy-random_strength-0.45_gs-5.0_aug-004.png,,,,
ISIC_0025244,VASC,6,random,0.45,5.0,100,0,600085,experiments\260526-0101_res256_sd_lora_uncond_all_seed42\sampling_img2img\random\strength_0.45_gs_5.0_steps_100\VASC\ISIC_0025244_label-VASC_strategy-random_strength-0.45_gs-5.0_aug-000.png,,,,
ISIC_0025244,VASC,6,random,0.45,5.0,100,1,601085,experiments\260526-0101_res256_sd_lora_uncond_all_seed42\sampling_img2img\random\strength_0.45_gs_5.0_steps_100\VASC\ISIC_0025244_label-VASC_strategy-random_strength-0.45_gs-5.0_aug-001.png,,,,
ISIC_0025244,VASC,6,random,0.45,5.0,100,2,602085,experiments\260526-0101_res256_sd_lora_uncond_all_seed42\sampling_img2img\random\strength_0.45_gs_5.0_steps_100\VASC\ISIC_0025244_label-VASC_strategy-random_strength-0.45_gs-5.0_aug-002.png,,,,
ISIC_0025244,VASC,6,random,0.45,5.0,100,3,603085,experiments\260526-0101_res256_sd_lora_uncond_all_seed42\sampling_img2img\random\strength_0.45_gs_5.0_steps_100\VASC\ISIC_0025244_label-VASC_strategy-random_strength-0.45_gs-5.0_aug-003.png,,,,
ISIC_0025244,VASC,6,random,0.45,5.0,100,4,604085,experiments\260526-0101_res256_sd_lora_uncond_all_seed42\sampling_img2img\random\strength_0.45_gs_5.0_steps_100\VASC\ISIC_0025244_label-VASC_strategy-random_strength-0.45_gs-5.0_aug-004.png,,,,
ISIC_0033123,VASC,6,random,0.45,5.0,100,0,600592,experiments\260526-0101_res256_sd_lora_uncond_all_seed42\sampling_img2img\random\strength_0.45_gs_5.0_steps_100\VASC\ISIC_0033123_label-VASC_strategy-random_strength-0.45_gs-5.0_aug-000.png,,,,
ISIC_0033123,VASC,6,random,0.45,5.0,100,1,601592,experiments\260526-0101_res256_sd_lora_uncond_all_seed42\sampling_img2img\random\strength_0.45_gs_5.0_steps_100\VASC\ISIC_0033123_label-VASC_strategy-random_strength-0.45_gs-5.0_aug-001.png,,,,
ISIC_0033123,VASC,6,random,0.45,5.0,100,2,602592,experiments\260526-0101_res256_sd_lora_uncond_all_seed42\sampling_img2img\random\strength_0.45_gs_5.0_steps_100\VASC\ISIC_0033123_label-VASC_strategy-random_strength-0.45_gs-5.0_aug-002.png,,,,
ISIC_0033123,VASC,6,random,0.45,5.0,100,3,603592,experiments\260526-0101_res256_sd_lora_uncond_all_seed42\sampling_img2img\random\strength_0.45_gs_5.0_steps_100\VASC\ISIC_0033123_label-VASC_strategy-random_strength-0.45_gs-5.0_aug-003.png,,,,
ISIC_0033123,VASC,6,random,0.45,5.0,100,4,604592,experiments\260526-0101_res256_sd_lora_uncond_all_seed42\sampling_img2img\random\strength_0.45_gs_5.0_steps_100\VASC\ISIC_0033123_label-VASC_strategy-random_strength-0.45_gs-5.0_aug-004.png,,,,
ISIC_0024904,VASC,6,random,0.45,5.0,100,0,600635,experiments\260526-0101_res256_sd_lora_uncond_all_seed42\sampling_img2img\random\strength_0.45_gs_5.0_steps_100\VASC\ISIC_0024904_label-VASC_strategy-random_strength-0.45_gs-5.0_aug-000.png,,,,
ISIC_0024904,VASC,6,random,0.45,5.0,100,1,601635,experiments\260526-0101_res256_sd_lora_uncond_all_seed42\sampling_img2img\random\strength_0.45_gs_5.0_steps_100\VASC\ISIC_0024904_label-VASC_strategy-random_strength-0.45_gs-5.0_aug-001.png,,,,
ISIC_0024904,VASC,6,random,0.45,5.0,100,2,602635,experiments\260526-0101_res256_sd_lora_uncond_all_seed42\sampling_img2img\random\strength_0.45_gs_5.0_steps_100\VASC\ISIC_0024904_label-VASC_strategy-random_strength-0.45_gs-5.0_aug-002.png,,,,
ISIC_0024904,VASC,6,random,0.45,5.0,100,3,603635,experiments\260526-0101_res256_sd_lora_uncond_all_seed42\sampling_img2img\random\strength_0.45_gs_5.0_steps_100\VASC\ISIC_0024904_label-VASC_strategy-random_strength-0.45_gs-5.0_aug-003.png,,,,
ISIC_0024904,VASC,6,random,0.45,5.0,100,4,604635,experiments\260526-0101_res256_sd_lora_uncond_all_seed42\sampling_img2img\random\strength_0.45_gs_5.0_steps_100\VASC\ISIC_0024904_label-VASC_strategy-random_strength-0.45_gs-5.0_aug-004.png,,,,
ISIC_0024706,VASC,6,random,0.45,5.0,100,0,600841,experiments\260526-0101_res256_sd_lora_uncond_all_seed42\sampling_img2img\random\strength_0.45_gs_5.0_steps_100\VASC\ISIC_0024706_label-VASC_strategy-random_strength-0.45_gs-5.0_aug-000.png,,,,
ISIC_0024706,VASC,6,random,0.45,5.0,100,1,601841,experiments\260526-0101_res256_sd_lora_uncond_all_seed42\sampling_img2img\random\strength_0.45_gs_5.0_steps_100\VASC\ISIC_0024706_label-VASC_strategy-random_strength-0.45_gs-5.0_aug-001.png,,,,
ISIC_0024706,VASC,6,random,0.45,5.0,100,2,602841,experiments\260526-0101_res256_sd_lora_uncond_all_seed42\sampling_img2img\random\strength_0.45_gs_5.0_steps_100\VASC\ISIC_0024706_label-VASC_strategy-random_strength-0.45_gs-5.0_aug-002.png,,,,
ISIC_0024706,VASC,6,random,0.45,5.0,100,3,603841,experiments\260526-0101_res256_sd_lora_uncond_all_seed42\sampling_img2img\random\strength_0.45_gs_5.0_steps_100\VASC\ISIC_0024706_label-VASC_strategy-random_strength-0.45_gs-5.0_aug-003.png,,,,
ISIC_0024706,VASC,6,random,0.45,5.0,100,4,604841,experiments\260526-0101_res256_sd_lora_uncond_all_seed42\sampling_img2img\random\strength_0.45_gs_5.0_steps_100\VASC\ISIC_0024706_label-VASC_strategy-random_strength-0.45_gs-5.0_aug-004.png,,,,
ISIC_0031706,VASC,6,random,0.45,5.0,100,0,600778,experiments\260526-0101_res256_sd_lora_uncond_all_seed42\sampling_img2img\random\strength_0.45_gs_5.0_steps_100\VASC\ISIC_0031706_label-VASC_strategy-random_strength-0.45_gs-5.0_aug-000.png,,,,
ISIC_0031706,VASC,6,random,0.45,5.0,100,1,601778,experiments\260526-0101_res256_sd_lora_uncond_all_seed42\sampling_img2img\random\strength_0.45_gs_5.0_steps_100\VASC\ISIC_0031706_label-VASC_strategy-random_strength-0.45_gs-5.0_aug-001.png,,,,
ISIC_0031706,VASC,6,random,0.45,5.0,100,2,602778,experiments\260526-0101_res256_sd_lora_uncond_all_seed42\sampling_img2img\random\strength_0.45_gs_5.0_steps_100\VASC\ISIC_0031706_label-VASC_strategy-random_strength-0.45_gs-5.0_aug-002.png,,,,
ISIC_0031706,VASC,6,random,0.45,5.0,100,3,603778,experiments\260526-0101_res256_sd_lora_uncond_all_seed42\sampling_img2img\random\strength_0.45_gs_5.0_steps_100\VASC\ISIC_0031706_label-VASC_strategy-random_strength-0.45_gs-5.0_aug-003.png,,,,
ISIC_0031706,VASC,6,random,0.45,5.0,100,4,604778,experiments\260526-0101_res256_sd_lora_uncond_all_seed42\sampling_img2img\random\strength_0.45_gs_5.0_steps_100\VASC\ISIC_0031706_label-VASC_strategy-random_strength-0.45_gs-5.0_aug-004.png,,,,
ISIC_0034196,VASC,6,random,0.45,5.0,100,0,600700,experiments\260526-0101_res256_sd_lora_uncond_all_seed42\sampling_img2img\random\strength_0.45_gs_5.0_steps_100\VASC\ISIC_0034196_label-VASC_strategy-random_strength-0.45_gs-5.0_aug-000.png,,,,
ISIC_0034196,VASC,6,random,0.45,5.0,100,1,601700,experiments\260526-0101_res256_sd_lora_uncond_all_seed42\sampling_img2img\random\strength_0.45_gs_5.0_steps_100\VASC\ISIC_0034196_label-VASC_strategy-random_strength-0.45_gs-5.0_aug-001.png,,,,
ISIC_0034196,VASC,6,random,0.45,5.0,100,2,602700,experiments\260526-0101_res256_sd_lora_uncond_all_seed42\sampling_img2img\random\strength_0.45_gs_5.0_steps_100\VASC\ISIC_0034196_label-VASC_strategy-random_strength-0.45_gs-5.0_aug-002.png,,,,
ISIC_0034196,VASC,6,random,0.45,5.0,100,3,603700,experiments\260526-0101_res256_sd_lora_uncond_all_seed42\sampling_img2img\random\strength_0.45_gs_5.0_steps_100\VASC\ISIC_0034196_label-VASC_strategy-random_strength-0.45_gs-5.0_aug-003.png,,,,
ISIC_0034196,VASC,6,random,0.45,5.0,100,4,604700,experiments\260526-0101_res256_sd_lora_uncond_all_seed42\sampling_img2img\random\strength_0.45_gs_5.0_steps_100\VASC\ISIC_0034196_label-VASC_strategy-random_strength-0.45_gs-5.0_aug-004.png,,,,
ISIC_0031346,VASC,6,random,0.45,5.0,100,0,600492,experiments\260526-0101_res256_sd_lora_uncond_all_seed42\sampling_img2img\random\strength_0.45_gs_5.0_steps_100\VASC\ISIC_0031346_label-VASC_strategy-random_strength-0.45_gs-5.0_aug-000.png,,,,
ISIC_0031346,VASC,6,random,0.45,5.0,100,1,601492,experiments\260526-0101_res256_sd_lora_uncond_all_seed42\sampling_img2img\random\strength_0.45_gs_5.0_steps_100\VASC\ISIC_0031346_label-VASC_strategy-random_strength-0.45_gs-5.0_aug-001.png,,,,
ISIC_0031346,VASC,6,random,0.45,5.0,100,2,602492,experiments\260526-0101_res256_sd_lora_uncond_all_seed42\sampling_img2img\random\strength_0.45_gs_5.0_steps_100\VASC\ISIC_0031346_label-VASC_strategy-random_strength-0.45_gs-5.0_aug-002.png,,,,
ISIC_0031346,VASC,6,random,0.45,5.0,100,3,603492,experiments\260526-0101_res256_sd_lora_uncond_all_seed42\sampling_img2img\random\strength_0.45_gs_5.0_steps_100\VASC\ISIC_0031346_label-VASC_strategy-random_strength-0.45_gs-5.0_aug-003.png,,,,
ISIC_0031346,VASC,6,random,0.45,5.0,100,4,604492,experiments\260526-0101_res256_sd_lora_uncond_all_seed42\sampling_img2img\random\strength_0.45_gs_5.0_steps_100\VASC\ISIC_0031346_label-VASC_strategy-random_strength-0.45_gs-5.0_aug-004.png,,,,
ISIC_0033092,VASC,6,random,0.45,5.0,100,0,600520,experiments\260526-0101_res256_sd_lora_uncond_all_seed42\sampling_img2img\random\strength_0.45_gs_5.0_steps_100\VASC\ISIC_0033092_label-VASC_strategy-random_strength-0.45_gs-5.0_aug-000.png,,,,
ISIC_0033092,VASC,6,random,0.45,5.0,100,1,601520,experiments\260526-0101_res256_sd_lora_uncond_all_seed42\sampling_img2img\random\strength_0.45_gs_5.0_steps_100\VASC\ISIC_0033092_label-VASC_strategy-random_strength-0.45_gs-5.0_aug-001.png,,,,
ISIC_0033092,VASC,6,random,0.45,5.0,100,2,602520,experiments\260526-0101_res256_sd_lora_uncond_all_seed42\sampling_img2img\random\strength_0.45_gs_5.0_steps_100\VASC\ISIC_0033092_label-VASC_strategy-random_strength-0.45_gs-5.0_aug-002.png,,,,
ISIC_0033092,VASC,6,random,0.45,5.0,100,3,603520,experiments\260526-0101_res256_sd_lora_uncond_all_seed42\sampling_img2img\random\strength_0.45_gs_5.0_steps_100\VASC\ISIC_0033092_label-VASC_strategy-random_strength-0.45_gs-5.0_aug-003.png,,,,
ISIC_0033092,VASC,6,random,0.45,5.0,100,4,604520,experiments\260526-0101_res256_sd_lora_uncond_all_seed42\sampling_img2img\random\strength_0.45_gs_5.0_steps_100\VASC\ISIC_0033092_label-VASC_strategy-random_strength-0.45_gs-5.0_aug-004.png,,,,
ISIC_0030283,VASC,6,random,0.45,5.0,100,0,600670,experiments\260526-0101_res256_sd_lora_uncond_all_seed42\sampling_img2img\random\strength_0.45_gs_5.0_steps_100\VASC\ISIC_0030283_label-VASC_strategy-random_strength-0.45_gs-5.0_aug-000.png,,,,
ISIC_0030283,VASC,6,random,0.45,5.0,100,1,601670,experiments\260526-0101_res256_sd_lora_uncond_all_seed42\sampling_img2img\random\strength_0.45_gs_5.0_steps_100\VASC\ISIC_0030283_label-VASC_strategy-random_strength-0.45_gs-5.0_aug-001.png,,,,
ISIC_0030283,VASC,6,random,0.45,5.0,100,2,602670,experiments\260526-0101_res256_sd_lora_uncond_all_seed42\sampling_img2img\random\strength_0.45_gs_5.0_steps_100\VASC\ISIC_0030283_label-VASC_strategy-random_strength-0.45_gs-5.0_aug-002.png,,,,
ISIC_0030283,VASC,6,random,0.45,5.0,100,3,603670,experiments\260526-0101_res256_sd_lora_uncond_all_seed42\sampling_img2img\random\strength_0.45_gs_5.0_steps_100\VASC\ISIC_0030283_label-VASC_strategy-random_strength-0.45_gs-5.0_aug-003.png,,,,
ISIC_0030283,VASC,6,random,0.45,5.0,100,4,604670,experiments\260526-0101_res256_sd_lora_uncond_all_seed42\sampling_img2img\random\strength_0.45_gs_5.0_steps_100\VASC\ISIC_0030283_label-VASC_strategy-random_strength-0.45_gs-5.0_aug-004.png,,,,
ISIC_0027385,VASC,6,random,0.45,5.0,100,0,600936,experiments\260526-0101_res256_sd_lora_uncond_all_seed42\sampling_img2img\random\strength_0.45_gs_5.0_steps_100\VASC\ISIC_0027385_label-VASC_strategy-random_strength-0.45_gs-5.0_aug-000.png,,,,
ISIC_0027385,VASC,6,random,0.45,5.0,100,1,601936,experiments\260526-0101_res256_sd_lora_uncond_all_seed42\sampling_img2img\random\strength_0.45_gs_5.0_steps_100\VASC\ISIC_0027385_label-VASC_strategy-random_strength-0.45_gs-5.0_aug-001.png,,,,
ISIC_0027385,VASC,6,random,0.45,5.0,100,2,602936,experiments\260526-0101_res256_sd_lora_uncond_all_seed42\sampling_img2img\random\strength_0.45_gs_5.0_steps_100\VASC\ISIC_0027385_label-VASC_strategy-random_strength-0.45_gs-5.0_aug-002.png,,,,
ISIC_0027385,VASC,6,random,0.45,5.0,100,3,603936,experiments\260526-0101_res256_sd_lora_uncond_all_seed42\sampling_img2img\random\strength_0.45_gs_5.0_steps_100\VASC\ISIC_0027385_label-VASC_strategy-random_strength-0.45_gs-5.0_aug-003.png,,,,
ISIC_0027385,VASC,6,random,0.45,5.0,100,4,604936,experiments\260526-0101_res256_sd_lora_uncond_all_seed42\sampling_img2img\random\strength_0.45_gs_5.0_steps_100\VASC\ISIC_0027385_label-VASC_strategy-random_strength-0.45_gs-5.0_aug-004.png,,,,
ISIC_0028714,VASC,6,random,0.45,5.0,100,0,600431,experiments\260526-0101_res256_sd_lora_uncond_all_seed42\sampling_img2img\random\strength_0.45_gs_5.0_steps_100\VASC\ISIC_0028714_label-VASC_strategy-random_strength-0.45_gs-5.0_aug-000.png,,,,
ISIC_0028714,VASC,6,random,0.45,5.0,100,1,601431,experiments\260526-0101_res256_sd_lora_uncond_all_seed42\sampling_img2img\random\strength_0.45_gs_5.0_steps_100\VASC\ISIC_0028714_label-VASC_strategy-random_strength-0.45_gs-5.0_aug-001.png,,,,
ISIC_0028714,VASC,6,random,0.45,5.0,100,2,602431,experiments\260526-0101_res256_sd_lora_uncond_all_seed42\sampling_img2img\random\strength_0.45_gs_5.0_steps_100\VASC\ISIC_0028714_label-VASC_strategy-random_strength-0.45_gs-5.0_aug-002.png,,,,
ISIC_0028714,VASC,6,random,0.45,5.0,100,3,603431,experiments\260526-0101_res256_sd_lora_uncond_all_seed42\sampling_img2img\random\strength_0.45_gs_5.0_steps_100\VASC\ISIC_0028714_label-VASC_strategy-random_strength-0.45_gs-5.0_aug-003.png,,,,
ISIC_0028714,VASC,6,random,0.45,5.0,100,4,604431,experiments\260526-0101_res256_sd_lora_uncond_all_seed42\sampling_img2img\random\strength_0.45_gs_5.0_steps_100\VASC\ISIC_0028714_label-VASC_strategy-random_strength-0.45_gs-5.0_aug-004.png,,,,
ISIC_0032545,VASC,6,random,0.45,5.0,100,0,600829,experiments\260526-0101_res256_sd_lora_uncond_all_seed42\sampling_img2img\random\strength_0.45_gs_5.0_steps_100\VASC\ISIC_0032545_label-VASC_strategy-random_strength-0.45_gs-5.0_aug-000.png,,,,
ISIC_0032545,VASC,6,random,0.45,5.0,100,1,601829,experiments\260526-0101_res256_sd_lora_uncond_all_seed42\sampling_img2img\random\strength_0.45_gs_5.0_steps_100\VASC\ISIC_0032545_label-VASC_strategy-random_strength-0.45_gs-5.0_aug-001.png,,,,
ISIC_0032545,VASC,6,random,0.45,5.0,100,2,602829,experiments\260526-0101_res256_sd_lora_uncond_all_seed42\sampling_img2img\random\strength_0.45_gs_5.0_steps_100\VASC\ISIC_0032545_label-VASC_strategy-random_strength-0.45_gs-5.0_aug-002.png,,,,
ISIC_0032545,VASC,6,random,0.45,5.0,100,3,603829,experiments\260526-0101_res256_sd_lora_uncond_all_seed42\sampling_img2img\random\strength_0.45_gs_5.0_steps_100\VASC\ISIC_0032545_label-VASC_strategy-random_strength-0.45_gs-5.0_aug-003.png,,,,
ISIC_0032545,VASC,6,random,0.45,5.0,100,4,604829,experiments\260526-0101_res256_sd_lora_uncond_all_seed42\sampling_img2img\random\strength_0.45_gs_5.0_steps_100\VASC\ISIC_0032545_label-VASC_strategy-random_strength-0.45_gs-5.0_aug-004.png,,,,
ISIC_0033349,VASC,6,random,0.45,5.0,100,0,600666,experiments\260526-0101_res256_sd_lora_uncond_all_seed42\sampling_img2img\random\strength_0.45_gs_5.0_steps_100\VASC\ISIC_0033349_label-VASC_strategy-random_strength-0.45_gs-5.0_aug-000.png,,,,
ISIC_0033349,VASC,6,random,0.45,5.0,100,1,601666,experiments\260526-0101_res256_sd_lora_uncond_all_seed42\sampling_img2img\random\strength_0.45_gs_5.0_steps_100\VASC\ISIC_0033349_label-VASC_strategy-random_strength-0.45_gs-5.0_aug-001.png,,,,
ISIC_0033349,VASC,6,random,0.45,5.0,100,2,602666,experiments\260526-0101_res256_sd_lora_uncond_all_seed42\sampling_img2img\random\strength_0.45_gs_5.0_steps_100\VASC\ISIC_0033349_label-VASC_strategy-random_strength-0.45_gs-5.0_aug-002.png,,,,
ISIC_0033349,VASC,6,random,0.45,5.0,100,3,603666,experiments\260526-0101_res256_sd_lora_uncond_all_seed42\sampling_img2img\random\strength_0.45_gs_5.0_steps_100\VASC\ISIC_0033349_label-VASC_strategy-random_strength-0.45_gs-5.0_aug-003.png,,,,
ISIC_0033349,VASC,6,random,0.45,5.0,100,4,604666,experiments\260526-0101_res256_sd_lora_uncond_all_seed42\sampling_img2img\random\strength_0.45_gs_5.0_steps_100\VASC\ISIC_0033349_label-VASC_strategy-random_strength-0.45_gs-5.0_aug-004.png,,,,
ISIC_0032076,VASC,6,random,0.45,5.0,100,0,600536,experiments\260526-0101_res256_sd_lora_uncond_all_seed42\sampling_img2img\random\strength_0.45_gs_5.0_steps_100\VASC\ISIC_0032076_label-VASC_strategy-random_strength-0.45_gs-5.0_aug-000.png,,,,
ISIC_0032076,VASC,6,random,0.45,5.0,100,1,601536,experiments\260526-0101_res256_sd_lora_uncond_all_seed42\sampling_img2img\random\strength_0.45_gs_5.0_steps_100\VASC\ISIC_0032076_label-VASC_strategy-random_strength-0.45_gs-5.0_aug-001.png,,,,
ISIC_0032076,VASC,6,random,0.45,5.0,100,2,602536,experiments\260526-0101_res256_sd_lora_uncond_all_seed42\sampling_img2img\random\strength_0.45_gs_5.0_steps_100\VASC\ISIC_0032076_label-VASC_strategy-random_strength-0.45_gs-5.0_aug-002.png,,,,
ISIC_0032076,VASC,6,random,0.45,5.0,100,3,603536,experiments\260526-0101_res256_sd_lora_uncond_all_seed42\sampling_img2img\random\strength_0.45_gs_5.0_steps_100\VASC\ISIC_0032076_label-VASC_strategy-random_strength-0.45_gs-5.0_aug-003.png,,,,
ISIC_0032076,VASC,6,random,0.45,5.0,100,4,604536,experiments\260526-0101_res256_sd_lora_uncond_all_seed42\sampling_img2img\random\strength_0.45_gs_5.0_steps_100\VASC\ISIC_0032076_label-VASC_strategy-random_strength-0.45_gs-5.0_aug-004.png,,,,
ISIC_0027159,VASC,6,random,0.45,5.0,100,0,600451,experiments\260526-0101_res256_sd_lora_uncond_all_seed42\sampling_img2img\random\strength_0.45_gs_5.0_steps_100\VASC\ISIC_0027159_label-VASC_strategy-random_strength-0.45_gs-5.0_aug-000.png,,,,
ISIC_0027159,VASC,6,random,0.45,5.0,100,1,601451,experiments\260526-0101_res256_sd_lora_uncond_all_seed42\sampling_img2img\random\strength_0.45_gs_5.0_steps_100\VASC\ISIC_0027159_label-VASC_strategy-random_strength-0.45_gs-5.0_aug-001.png,,,,
ISIC_0027159,VASC,6,random,0.45,5.0,100,2,602451,experiments\260526-0101_res256_sd_lora_uncond_all_seed42\sampling_img2img\random\strength_0.45_gs_5.0_steps_100\VASC\ISIC_0027159_label-VASC_strategy-random_strength-0.45_gs-5.0_aug-002.png,,,,
ISIC_0027159,VASC,6,random,0.45,5.0,100,3,603451,experiments\260526-0101_res256_sd_lora_uncond_all_seed42\sampling_img2img\random\strength_0.45_gs_5.0_steps_100\VASC\ISIC_0027159_label-VASC_strategy-random_strength-0.45_gs-5.0_aug-003.png,,,,
ISIC_0027159,VASC,6,random,0.45,5.0,100,4,604451,experiments\260526-0101_res256_sd_lora_uncond_all_seed42\sampling_img2img\random\strength_0.45_gs_5.0_steps_100\VASC\ISIC_0027159_label-VASC_strategy-random_strength-0.45_gs-5.0_aug-004.png,,,,
ISIC_0025680,VASC,6,random,0.45,5.0,100,0,600402,experiments\260526-0101_res256_sd_lora_uncond_all_seed42\sampling_img2img\random\strength_0.45_gs_5.0_steps_100\VASC\ISIC_0025680_label-VASC_strategy-random_strength-0.45_gs-5.0_aug-000.png,,,,
ISIC_0025680,VASC,6,random,0.45,5.0,100,1,601402,experiments\260526-0101_res256_sd_lora_uncond_all_seed42\sampling_img2img\random\strength_0.45_gs_5.0_steps_100\VASC\ISIC_0025680_label-VASC_strategy-random_strength-0.45_gs-5.0_aug-001.png,,,,
ISIC_0025680,VASC,6,random,0.45,5.0,100,2,602402,experiments\260526-0101_res256_sd_lora_uncond_all_seed42\sampling_img2img\random\strength_0.45_gs_5.0_steps_100\VASC\ISIC_0025680_label-VASC_strategy-random_strength-0.45_gs-5.0_aug-002.png,,,,
ISIC_0025680,VASC,6,random,0.45,5.0,100,3,603402,experiments\260526-0101_res256_sd_lora_uncond_all_seed42\sampling_img2img\random\strength_0.45_gs_5.0_steps_100\VASC\ISIC_0025680_label-VASC_strategy-random_strength-0.45_gs-5.0_aug-003.png,,,,
ISIC_0025680,VASC,6,random,0.45,5.0,100,4,604402,experiments\260526-0101_res256_sd_lora_uncond_all_seed42\sampling_img2img\random\strength_0.45_gs_5.0_steps_100\VASC\ISIC_0025680_label-VASC_strategy-random_strength-0.45_gs-5.0_aug-004.png,,,,
ISIC_0025628,VASC,6,random,0.45,5.0,100,0,600604,experiments\260526-0101_res256_sd_lora_uncond_all_seed42\sampling_img2img\random\strength_0.45_gs_5.0_steps_100\VASC\ISIC_0025628_label-VASC_strategy-random_strength-0.45_gs-5.0_aug-000.png,,,,
ISIC_0025628,VASC,6,random,0.45,5.0,100,1,601604,experiments\260526-0101_res256_sd_lora_uncond_all_seed42\sampling_img2img\random\strength_0.45_gs_5.0_steps_100\VASC\ISIC_0025628_label-VASC_strategy-random_strength-0.45_gs-5.0_aug-001.png,,,,
ISIC_0025628,VASC,6,random,0.45,5.0,100,2,602604,experiments\260526-0101_res256_sd_lora_uncond_all_seed42\sampling_img2img\random\strength_0.45_gs_5.0_steps_100\VASC\ISIC_0025628_label-VASC_strategy-random_strength-0.45_gs-5.0_aug-002.png,,,,
ISIC_0025628,VASC,6,random,0.45,5.0,100,3,603604,experiments\260526-0101_res256_sd_lora_uncond_all_seed42\sampling_img2img\random\strength_0.45_gs_5.0_steps_100\VASC\ISIC_0025628_label-VASC_strategy-random_strength-0.45_gs-5.0_aug-003.png,,,,
ISIC_0025628,VASC,6,random,0.45,5.0,100,4,604604,experiments\260526-0101_res256_sd_lora_uncond_all_seed42\sampling_img2img\random\strength_0.45_gs_5.0_steps_100\VASC\ISIC_0025628_label-VASC_strategy-random_strength-0.45_gs-5.0_aug-004.png,,,,
ISIC_0027210,VASC,6,random,0.45,5.0,100,0,600062,experiments\260526-0101_res256_sd_lora_uncond_all_seed42\sampling_img2img\random\strength_0.45_gs_5.0_steps_100\VASC\ISIC_0027210_label-VASC_strategy-random_strength-0.45_gs-5.0_aug-000.png,,,,
ISIC_0027210,VASC,6,random,0.45,5.0,100,1,601062,experiments\260526-0101_res256_sd_lora_uncond_all_seed42\sampling_img2img\random\strength_0.45_gs_5.0_steps_100\VASC\ISIC_0027210_label-VASC_strategy-random_strength-0.45_gs-5.0_aug-001.png,,,,
ISIC_0027210,VASC,6,random,0.45,5.0,100,2,602062,experiments\260526-0101_res256_sd_lora_uncond_all_seed42\sampling_img2img\random\strength_0.45_gs_5.0_steps_100\VASC\ISIC_0027210_label-VASC_strategy-random_strength-0.45_gs-5.0_aug-002.png,,,,
ISIC_0027210,VASC,6,random,0.45,5.0,100,3,603062,experiments\260526-0101_res256_sd_lora_uncond_all_seed42\sampling_img2img\random\strength_0.45_gs_5.0_steps_100\VASC\ISIC_0027210_label-VASC_strategy-random_strength-0.45_gs-5.0_aug-003.png,,,,
ISIC_0027210,VASC,6,random,0.45,5.0,100,4,604062,experiments\260526-0101_res256_sd_lora_uncond_all_seed42\sampling_img2img\random\strength_0.45_gs_5.0_steps_100\VASC\ISIC_0027210_label-VASC_strategy-random_strength-0.45_gs-5.0_aug-004.png,,,,
ISIC_0031996,VASC,6,random,0.45,5.0,100,0,600778,experiments\260526-0101_res256_sd_lora_uncond_all_seed42\sampling_img2img\random\strength_0.45_gs_5.0_steps_100\VASC\ISIC_0031996_label-VASC_strategy-random_strength-0.45_gs-5.0_aug-000.png,,,,
ISIC_0031996,VASC,6,random,0.45,5.0,100,1,601778,experiments\260526-0101_res256_sd_lora_uncond_all_seed42\sampling_img2img\random\strength_0.45_gs_5.0_steps_100\VASC\ISIC_0031996_label-VASC_strategy-random_strength-0.45_gs-5.0_aug-001.png,,,,
ISIC_0031996,VASC,6,random,0.45,5.0,100,2,602778,experiments\260526-0101_res256_sd_lora_uncond_all_seed42\sampling_img2img\random\strength_0.45_gs_5.0_steps_100\VASC\ISIC_0031996_label-VASC_strategy-random_strength-0.45_gs-5.0_aug-002.png,,,,
ISIC_0031996,VASC,6,random,0.45,5.0,100,3,603778,experiments\260526-0101_res256_sd_lora_uncond_all_seed42\sampling_img2img\random\strength_0.45_gs_5.0_steps_100\VASC\ISIC_0031996_label-VASC_strategy-random_strength-0.45_gs-5.0_aug-003.png,,,,
ISIC_0031996,VASC,6,random,0.45,5.0,100,4,604778,experiments\260526-0101_res256_sd_lora_uncond_all_seed42\sampling_img2img\random\strength_0.45_gs_5.0_steps_100\VASC\ISIC_0031996_label-VASC_strategy-random_strength-0.45_gs-5.0_aug-004.png,,,,
ISIC_0029889,VASC,6,random,0.45,5.0,100,0,600660,experiments\260526-0101_res256_sd_lora_uncond_all_seed42\sampling_img2img\random\strength_0.45_gs_5.0_steps_100\VASC\ISIC_0029889_label-VASC_strategy-random_strength-0.45_gs-5.0_aug-000.png,,,,
ISIC_0029889,VASC,6,random,0.45,5.0,100,1,601660,experiments\260526-0101_res256_sd_lora_uncond_all_seed42\sampling_img2img\random\strength_0.45_gs_5.0_steps_100\VASC\ISIC_0029889_label-VASC_strategy-random_strength-0.45_gs-5.0_aug-001.png,,,,
ISIC_0029889,VASC,6,random,0.45,5.0,100,2,602660,experiments\260526-0101_res256_sd_lora_uncond_all_seed42\sampling_img2img\random\strength_0.45_gs_5.0_steps_100\VASC\ISIC_0029889_label-VASC_strategy-random_strength-0.45_gs-5.0_aug-002.png,,,,
ISIC_0029889,VASC,6,random,0.45,5.0,100,3,603660,experiments\260526-0101_res256_sd_lora_uncond_all_seed42\sampling_img2img\random\strength_0.45_gs_5.0_steps_100\VASC\ISIC_0029889_label-VASC_strategy-random_strength-0.45_gs-5.0_aug-003.png,,,,
ISIC_0029889,VASC,6,random,0.45,5.0,100,4,604660,experiments\260526-0101_res256_sd_lora_uncond_all_seed42\sampling_img2img\random\strength_0.45_gs_5.0_steps_100\VASC\ISIC_0029889_label-VASC_strategy-random_strength-0.45_gs-5.0_aug-004.png,,,,
ISIC_0033749,VASC,6,random,0.45,5.0,100,0,600912,experiments\260526-0101_res256_sd_lora_uncond_all_seed42\sampling_img2img\random\strength_0.45_gs_5.0_steps_100\VASC\ISIC_0033749_label-VASC_strategy-random_strength-0.45_gs-5.0_aug-000.png,,,,
ISIC_0033749,VASC,6,random,0.45,5.0,100,1,601912,experiments\260526-0101_res256_sd_lora_uncond_all_seed42\sampling_img2img\random\strength_0.45_gs_5.0_steps_100\VASC\ISIC_0033749_label-VASC_strategy-random_strength-0.45_gs-5.0_aug-001.png,,,,
ISIC_0033749,VASC,6,random,0.45,5.0,100,2,602912,experiments\260526-0101_res256_sd_lora_uncond_all_seed42\sampling_img2img\random\strength_0.45_gs_5.0_steps_100\VASC\ISIC_0033749_label-VASC_strategy-random_strength-0.45_gs-5.0_aug-002.png,,,,
ISIC_0033749,VASC,6,random,0.45,5.0,100,3,603912,experiments\260526-0101_res256_sd_lora_uncond_all_seed42\sampling_img2img\random\strength_0.45_gs_5.0_steps_100\VASC\ISIC_0033749_label-VASC_strategy-random_strength-0.45_gs-5.0_aug-003.png,,,,
ISIC_0033749,VASC,6,random,0.45,5.0,100,4,604912,experiments\260526-0101_res256_sd_lora_uncond_all_seed42\sampling_img2img\random\strength_0.45_gs_5.0_steps_100\VASC\ISIC_0033749_label-VASC_strategy-random_strength-0.45_gs-5.0_aug-004.png,,,,
ISIC_0031093,VASC,6,random,0.45,5.0,100,0,600284,experiments\260526-0101_res256_sd_lora_uncond_all_seed42\sampling_img2img\random\strength_0.45_gs_5.0_steps_100\VASC\ISIC_0031093_label-VASC_strategy-random_strength-0.45_gs-5.0_aug-000.png,,,,
ISIC_0031093,VASC,6,random,0.45,5.0,100,1,601284,experiments\260526-0101_res256_sd_lora_uncond_all_seed42\sampling_img2img\random\strength_0.45_gs_5.0_steps_100\VASC\ISIC_0031093_label-VASC_strategy-random_strength-0.45_gs-5.0_aug-001.png,,,,
ISIC_0031093,VASC,6,random,0.45,5.0,100,2,602284,experiments\260526-0101_res256_sd_lora_uncond_all_seed42\sampling_img2img\random\strength_0.45_gs_5.0_steps_100\VASC\ISIC_0031093_label-VASC_strategy-random_strength-0.45_gs-5.0_aug-002.png,,,,
ISIC_0031093,VASC,6,random,0.45,5.0,100,3,603284,experiments\260526-0101_res256_sd_lora_uncond_all_seed42\sampling_img2img\random\strength_0.45_gs_5.0_steps_100\VASC\ISIC_0031093_label-VASC_strategy-random_strength-0.45_gs-5.0_aug-003.png,,,,
ISIC_0031093,VASC,6,random,0.45,5.0,100,4,604284,experiments\260526-0101_res256_sd_lora_uncond_all_seed42\sampling_img2img\random\strength_0.45_gs_5.0_steps_100\VASC\ISIC_0031093_label-VASC_strategy-random_strength-0.45_gs-5.0_aug-004.png,,,,
