{
    "overall": {
        "accuracy": 72.53886010362694,
        "balanced_multiclass_accuracy": 0.433068992563766,
        "macro_recall": 0.433068992563766,
        "macro_precision": 0.46328531412565027,
        "macro_f1": 0.4340202493026413,
        "multiclass_macro_auc_ovr": 0.9363636606080512,
        "mean_auc_all_diagnoses": 0.9363636606080512,
        "mean_average_precision_all_diagnoses": 0.6115670562901059,
        "mean_sensitivity": 0.433068992563766,
        "mean_specificity": 0.9300111862559738,
        "mean_accuracy": 0.921539600296077,
        "mean_f1": 0.4340202493026414,
        "mean_ppv": 0.46328531412565027,
        "mean_npv": 0.9424434537717045,
        "melanoma_auc80": 0.7535991140642303,
        "malignant_vs_benign_auc": 0.9093959731543624
    },
    "per_class": {
        "MEL": {
            "sensitivity": 0.2857142857142857,
            "specificity": 0.9825581395348837,
            "accuracy": 0.9067357512953368,
            "auc": 0.9122369878183831,
            "average_precision": 0.6589296560122353,
            "f1_score": 0.4,
            "ppv": 0.6666666666666666,
            "npv": 0.9184782608695652,
            "auc80": 0.7535991140642303
        },
        "NV": {
            "sensitivity": 0.926829268292683,
            "specificity": 0.6857142857142857,
            "accuracy": 0.8393782383419689,
            "auc": 0.9403019744483158,
            "average_precision": 0.9690941501225429,
            "f1_score": 0.8803088803088803,
            "ppv": 0.8382352941176471,
            "npv": 0.8421052631578947,
            "auc80": NaN
        },
        "BCC": {
            "sensitivity": 0.8,
            "specificity": 0.9831460674157303,
            "accuracy": 0.9689119170984456,
            "auc": 0.9902621722846442,
            "average_precision": 0.9108569208569208,
            "f1_score": 0.8000000000000002,
            "ppv": 0.8,
            "npv": 0.9831460674157303,
            "auc80": NaN
        },
        "AKIEC": {
            "sensitivity": 0.125,
            "specificity": 0.9783783783783784,
            "accuracy": 0.9430051813471503,
            "auc": 0.8608108108108108,
            "average_precision": 0.28411791559422467,
            "f1_score": 0.15384615384615385,
            "ppv": 0.2,
            "npv": 0.9627659574468085,
            "auc80": NaN
        },
        "BKL": {
            "sensitivity": 0.22727272727272727,
            "specificity": 0.9064327485380117,
            "accuracy": 0.8290155440414507,
            "auc": 0.8806485911749069,
            "average_precision": 0.3865421800162453,
            "f1_score": 0.23255813953488372,
            "ppv": 0.23809523809523808,
            "npv": 0.9011627906976745,
            "auc80": NaN
        },
        "DF": {
            "sensitivity": 0.0,
            "specificity": 0.984375,
            "accuracy": 0.9792746113989638,
            "auc": 0.9895833333333334,
            "average_precision": 0.3333333333333333,
            "f1_score": 0.0,
            "ppv": 0.0,
            "npv": 0.9947368421052631,
            "auc80": NaN
        },
        "VASC": {
            "sensitivity": 0.6666666666666666,
            "specificity": 0.9894736842105263,
            "accuracy": 0.9844559585492227,
            "auc": 0.980701754385965,
            "average_precision": 0.7380952380952381,
            "f1_score": 0.5714285714285715,
            "ppv": 0.5,
            "npv": 0.9947089947089947,
            "auc80": NaN
        }
    },
    "malignant_definition_used": [
        "MEL",
        "BCC",
        "AKIEC"
    ],
    "val_loss": 0.6814911146238061
}