{
    "overall": {
        "accuracy": 75.64766839378238,
        "balanced_multiclass_accuracy": 0.5551084513628067,
        "macro_recall": 0.5551084513628067,
        "macro_precision": 0.586088461701875,
        "macro_f1": 0.56568233869852,
        "multiclass_macro_auc_ovr": 0.934478009445014,
        "mean_auc_all_diagnoses": 0.934478009445014,
        "mean_average_precision_all_diagnoses": 0.62724213733306,
        "mean_sensitivity": 0.5551084513628067,
        "mean_specificity": 0.9359498435506595,
        "mean_accuracy": 0.930421909696521,
        "mean_f1": 0.56568233869852,
        "mean_ppv": 0.586088461701875,
        "mean_npv": 0.9426845073660094,
        "melanoma_auc80": 0.7931893687707641,
        "malignant_vs_benign_auc": 0.9040573520439292
    },
    "per_class": {
        "MEL": {
            "sensitivity": 0.42857142857142855,
            "specificity": 0.9767441860465116,
            "accuracy": 0.917098445595855,
            "auc": 0.9019933554817275,
            "average_precision": 0.5912728493077373,
            "f1_score": 0.5294117647058824,
            "ppv": 0.6923076923076923,
            "npv": 0.9333333333333333,
            "auc80": 0.7931893687707641
        },
        "NV": {
            "sensitivity": 0.8943089430894309,
            "specificity": 0.7,
            "accuracy": 0.8238341968911918,
            "auc": 0.9200929152148665,
            "average_precision": 0.9585141823221965,
            "f1_score": 0.8661417322834645,
            "ppv": 0.8396946564885496,
            "npv": 0.7903225806451613,
            "auc80": NaN
        },
        "BCC": {
            "sensitivity": 0.7333333333333333,
            "specificity": 0.9719101123595506,
            "accuracy": 0.9533678756476683,
            "auc": 0.9853932584269662,
            "average_precision": 0.8872482921076272,
            "f1_score": 0.7096774193548386,
            "ppv": 0.6875,
            "npv": 0.9774011299435028,
            "auc80": NaN
        },
        "AKIEC": {
            "sensitivity": 0.375,
            "specificity": 0.9783783783783784,
            "accuracy": 0.9533678756476683,
            "auc": 0.8864864864864865,
            "average_precision": 0.39865067910000446,
            "f1_score": 0.39999999999999997,
            "ppv": 0.42857142857142855,
            "npv": 0.9731182795698925,
            "auc80": NaN
        },
        "BKL": {
            "sensitivity": 0.45454545454545453,
            "specificity": 0.9298245614035088,
            "accuracy": 0.8756476683937824,
            "auc": 0.8838383838383839,
            "average_precision": 0.4300089584938541,
            "f1_score": 0.45454545454545453,
            "ppv": 0.45454545454545453,
            "npv": 0.9298245614035088,
            "auc80": NaN
        },
        "DF": {
            "sensitivity": 0.0,
            "specificity": 0.9947916666666666,
            "accuracy": 0.9896373056994818,
            "auc": 0.9635416666666666,
            "average_precision": 0.125,
            "f1_score": 0.0,
            "ppv": 0.0,
            "npv": 0.9947916666666666,
            "auc80": NaN
        },
        "VASC": {
            "sensitivity": 1.0,
            "specificity": 1.0,
            "accuracy": 1.0,
            "auc": 1.0,
            "average_precision": 1.0,
            "f1_score": 1.0,
            "ppv": 1.0,
            "npv": 1.0,
            "auc80": NaN
        }
    },
    "malignant_definition_used": [
        "MEL",
        "BCC",
        "AKIEC"
    ],
    "val_loss": 0.776898759943216
}