{
    "overall": {
        "accuracy": 70.98445595854922,
        "balanced_multiclass_accuracy": 0.2999094981673379,
        "macro_recall": 0.2999094981673379,
        "macro_precision": 0.33762855501985933,
        "macro_f1": 0.30849743406134383,
        "multiclass_macro_auc_ovr": 0.9177485759094365,
        "mean_auc_all_diagnoses": 0.9177485759094365,
        "mean_average_precision_all_diagnoses": 0.4593208494573884,
        "mean_sensitivity": 0.2999094981673379,
        "mean_specificity": 0.9211376731044073,
        "mean_accuracy": 0.9170984455958548,
        "mean_f1": 0.30849743406134383,
        "mean_ppv": 0.33762855501985933,
        "mean_npv": 0.9411708958170701,
        "melanoma_auc80": 0.7735326688815061,
        "malignant_vs_benign_auc": 0.8955155582672362
    },
    "per_class": {
        "MEL": {
            "sensitivity": 0.23809523809523808,
            "specificity": 0.9767441860465116,
            "accuracy": 0.8963730569948186,
            "auc": 0.877906976744186,
            "average_precision": 0.5341861399612695,
            "f1_score": 0.33333333333333326,
            "ppv": 0.5555555555555556,
            "npv": 0.9130434782608695,
            "auc80": 0.7735326688815061
        },
        "NV": {
            "sensitivity": 0.943089430894309,
            "specificity": 0.6142857142857143,
            "accuracy": 0.8238341968911918,
            "auc": 0.9500580720092915,
            "average_precision": 0.9697285727906511,
            "f1_score": 0.8721804511278196,
            "ppv": 0.8111888111888111,
            "npv": 0.86,
            "auc80": NaN
        },
        "BCC": {
            "sensitivity": 0.6,
            "specificity": 0.9775280898876404,
            "accuracy": 0.9481865284974094,
            "auc": 0.9719101123595505,
            "average_precision": 0.751259419592753,
            "f1_score": 0.6428571428571429,
            "ppv": 0.6923076923076923,
            "npv": 0.9666666666666667,
            "auc80": NaN
        },
        "AKIEC": {
            "sensitivity": 0.0,
            "specificity": 0.972972972972973,
            "accuracy": 0.9326424870466321,
            "auc": 0.8506756756756757,
            "average_precision": 0.16479469604469604,
            "f1_score": 0.0,
            "ppv": 0.0,
            "npv": 0.9574468085106383,
            "auc80": NaN
        },
        "BKL": {
            "sensitivity": 0.3181818181818182,
            "specificity": 0.9064327485380117,
            "accuracy": 0.8393782383419689,
            "auc": 0.8787878787878788,
            "average_precision": 0.44256936804577524,
            "f1_score": 0.31111111111111117,
            "ppv": 0.30434782608695654,
            "npv": 0.9117647058823529,
            "auc80": NaN
        },
        "DF": {
            "sensitivity": 0.0,
            "specificity": 1.0,
            "accuracy": 0.9948186528497409,
            "auc": 0.984375,
            "average_precision": 0.25,
            "f1_score": 0.0,
            "ppv": 0.0,
            "npv": 0.9948186528497409,
            "auc80": NaN
        },
        "VASC": {
            "sensitivity": 0.0,
            "specificity": 1.0,
            "accuracy": 0.9844559585492227,
            "auc": 0.9105263157894737,
            "average_precision": 0.10270774976657329,
            "f1_score": 0.0,
            "ppv": 0.0,
            "npv": 0.9844559585492227,
            "auc80": NaN
        }
    },
    "malignant_definition_used": [
        "MEL",
        "BCC",
        "AKIEC"
    ],
    "val_loss": 0.7172551729518515
}