{
    "overall": {
        "accuracy": 62.17616580310881,
        "balanced_multiclass_accuracy": 0.6672428616679488,
        "macro_recall": 0.6672428616679488,
        "macro_precision": 0.4434025257006623,
        "macro_f1": 0.48026472127312464,
        "multiclass_macro_auc_ovr": 0.9145384840322096,
        "mean_auc_all_diagnoses": 0.9145384840322096,
        "mean_average_precision_all_diagnoses": 0.576406320223125,
        "mean_sensitivity": 0.6672428616679488,
        "mean_specificity": 0.9400534858056516,
        "mean_accuracy": 0.8919319022945965,
        "mean_f1": 0.48026472127312464,
        "mean_ppv": 0.4434025257006623,
        "mean_npv": 0.9200039979997289,
        "melanoma_auc80": 0.8086932447397563,
        "malignant_vs_benign_auc": 0.8973459426479561
    },
    "per_class": {
        "MEL": {
            "sensitivity": 0.7619047619047619,
            "specificity": 0.8488372093023255,
            "accuracy": 0.8393782383419689,
            "auc": 0.904485049833887,
            "average_precision": 0.6295782306674989,
            "f1_score": 0.5079365079365079,
            "ppv": 0.38095238095238093,
            "npv": 0.9668874172185431,
            "auc80": 0.8086932447397563
        },
        "NV": {
            "sensitivity": 0.6178861788617886,
            "specificity": 0.9857142857142858,
            "accuracy": 0.7512953367875648,
            "auc": 0.9290360046457607,
            "average_precision": 0.9625652566249855,
            "f1_score": 0.7599999999999999,
            "ppv": 0.987012987012987,
            "npv": 0.5948275862068966,
            "auc80": NaN
        },
        "BCC": {
            "sensitivity": 0.5333333333333333,
            "specificity": 0.9101123595505618,
            "accuracy": 0.8808290155440415,
            "auc": 0.9269662921348314,
            "average_precision": 0.6806629680849443,
            "f1_score": 0.4102564102564102,
            "ppv": 0.3333333333333333,
            "npv": 0.9585798816568047,
            "auc80": NaN
        },
        "AKIEC": {
            "sensitivity": 0.5,
            "specificity": 0.972972972972973,
            "accuracy": 0.9533678756476683,
            "auc": 0.8966216216216216,
            "average_precision": 0.5536477411477412,
            "f1_score": 0.47058823529411764,
            "ppv": 0.4444444444444444,
            "npv": 0.9782608695652174,
            "auc80": NaN
        },
        "BKL": {
            "sensitivity": 0.5909090909090909,
            "specificity": 0.9415204678362573,
            "accuracy": 0.9015544041450777,
            "auc": 0.8936735778841043,
            "average_precision": 0.43349827014493003,
            "f1_score": 0.5777777777777778,
            "ppv": 0.5652173913043478,
            "npv": 0.9470588235294117,
            "auc80": NaN
        },
        "DF": {
            "sensitivity": 1.0,
            "specificity": 0.984375,
            "accuracy": 0.9844559585492227,
            "auc": 0.9895833333333334,
            "average_precision": 0.3333333333333333,
            "f1_score": 0.4,
            "ppv": 0.25,
            "npv": 1.0,
            "auc80": NaN
        },
        "VASC": {
            "sensitivity": 0.6666666666666666,
            "specificity": 0.9368421052631579,
            "accuracy": 0.9326424870466321,
            "auc": 0.8614035087719298,
            "average_precision": 0.44155844155844154,
            "f1_score": 0.23529411764705882,
            "ppv": 0.14285714285714285,
            "npv": 0.994413407821229,
            "auc80": NaN
        }
    },
    "malignant_definition_used": [
        "MEL",
        "BCC",
        "AKIEC"
    ],
    "val_loss": 1.1928647614513654
}