{
    "overall": {
        "accuracy": 70.98445595854922,
        "balanced_multiclass_accuracy": 0.2893264401104122,
        "macro_recall": 0.2893264401104122,
        "macro_precision": 0.37999353587588885,
        "macro_f1": 0.29983251271523104,
        "multiclass_macro_auc_ovr": 0.9241736742297008,
        "mean_auc_all_diagnoses": 0.9241736742297008,
        "mean_average_precision_all_diagnoses": 0.46896933475780284,
        "mean_sensitivity": 0.2893264401104122,
        "mean_specificity": 0.9142271618137597,
        "mean_accuracy": 0.9170984455958548,
        "mean_f1": 0.29983251271523104,
        "mean_ppv": 0.37999353587588885,
        "mean_npv": 0.9482747634779913,
        "melanoma_auc80": 0.9017165005537099,
        "malignant_vs_benign_auc": 0.9129042098840756
    },
    "per_class": {
        "MEL": {
            "sensitivity": 0.14285714285714285,
            "specificity": 0.9941860465116279,
            "accuracy": 0.9015544041450777,
            "auc": 0.9404761904761905,
            "average_precision": 0.7167874903612366,
            "f1_score": 0.24,
            "ppv": 0.75,
            "npv": 0.9047619047619048,
            "auc80": 0.9017165005537099
        },
        "NV": {
            "sensitivity": 0.975609756097561,
            "specificity": 0.5285714285714286,
            "accuracy": 0.8134715025906736,
            "auc": 0.9550522648083625,
            "average_precision": 0.9775223996436443,
            "f1_score": 0.8695652173913043,
            "ppv": 0.7843137254901961,
            "npv": 0.925,
            "auc80": NaN
        },
        "BCC": {
            "sensitivity": 0.6,
            "specificity": 0.9775280898876404,
            "accuracy": 0.9481865284974094,
            "auc": 0.9614232209737827,
            "average_precision": 0.7240262515262514,
            "f1_score": 0.6428571428571429,
            "ppv": 0.6923076923076923,
            "npv": 0.9666666666666667,
            "auc80": NaN
        },
        "AKIEC": {
            "sensitivity": 0.125,
            "specificity": 0.9513513513513514,
            "accuracy": 0.917098445595855,
            "auc": 0.8432432432432433,
            "average_precision": 0.18060084478387423,
            "f1_score": 0.11111111111111112,
            "ppv": 0.1,
            "npv": 0.9617486338797814,
            "auc80": NaN
        },
        "BKL": {
            "sensitivity": 0.18181818181818182,
            "specificity": 0.9532163742690059,
            "accuracy": 0.8652849740932642,
            "auc": 0.8615098351940457,
            "average_precision": 0.3565756297168863,
            "f1_score": 0.23529411764705885,
            "ppv": 0.3333333333333333,
            "npv": 0.9005524861878453,
            "auc80": NaN
        },
        "DF": {
            "sensitivity": 0.0,
            "specificity": 1.0,
            "accuracy": 0.9948186528497409,
            "auc": 0.953125,
            "average_precision": 0.1,
            "f1_score": 0.0,
            "ppv": 0.0,
            "npv": 0.9948186528497409,
            "auc80": NaN
        },
        "VASC": {
            "sensitivity": 0.0,
            "specificity": 0.9947368421052631,
            "accuracy": 0.9792746113989638,
            "auc": 0.9543859649122807,
            "average_precision": 0.22727272727272727,
            "f1_score": 0.0,
            "ppv": 0.0,
            "npv": 0.984375,
            "auc80": NaN
        }
    },
    "malignant_definition_used": [
        "MEL",
        "BCC",
        "AKIEC"
    ],
    "val_loss": 0.7014429692777328
}