{
    "overall": {
        "accuracy": 84.97409326424871,
        "balanced_multiclass_accuracy": 0.8039043998974312,
        "macro_recall": 0.8039043998974312,
        "macro_precision": 0.7308737946561319,
        "macro_f1": 0.7348628457219004,
        "multiclass_macro_auc_ovr": 0.959451836494298,
        "mean_auc_all_diagnoses": 0.959451836494298,
        "mean_average_precision_all_diagnoses": 0.8536331166717178,
        "mean_sensitivity": 0.8039043998974312,
        "mean_specificity": 0.9679993880447204,
        "mean_accuracy": 0.9570688378978535,
        "mean_f1": 0.7348628457219004,
        "mean_ppv": 0.7308737946561319,
        "mean_npv": 0.9632714923086716,
        "melanoma_auc80": 0.8862126245847176,
        "malignant_vs_benign_auc": 0.9121415497254423
    },
    "per_class": {
        "MEL": {
            "sensitivity": 0.7142857142857143,
            "specificity": 0.9651162790697675,
            "accuracy": 0.9378238341968912,
            "auc": 0.9091915836101883,
            "average_precision": 0.7981239870175368,
            "f1_score": 0.7142857142857143,
            "ppv": 0.7142857142857143,
            "npv": 0.9651162790697675,
            "auc80": 0.8862126245847176
        },
        "NV": {
            "sensitivity": 0.9024390243902439,
            "specificity": 0.9,
            "accuracy": 0.9015544041450777,
            "auc": 0.9655052264808363,
            "average_precision": 0.9826259380987719,
            "f1_score": 0.9211618257261411,
            "ppv": 0.940677966101695,
            "npv": 0.84,
            "auc80": NaN
        },
        "BCC": {
            "sensitivity": 0.8666666666666667,
            "specificity": 0.9550561797752809,
            "accuracy": 0.9481865284974094,
            "auc": 0.9543071161048688,
            "average_precision": 0.7185898515065182,
            "f1_score": 0.7222222222222222,
            "ppv": 0.6190476190476191,
            "npv": 0.9883720930232558,
            "auc80": NaN
        },
        "AKIEC": {
            "sensitivity": 0.75,
            "specificity": 0.9837837837837838,
            "accuracy": 0.9740932642487047,
            "auc": 0.9756756756756757,
            "average_precision": 0.765719696969697,
            "f1_score": 0.7058823529411765,
            "ppv": 0.6666666666666666,
            "npv": 0.9891304347826086,
            "auc80": NaN
        },
        "BKL": {
            "sensitivity": 0.7272727272727273,
            "specificity": 0.9824561403508771,
            "accuracy": 0.9533678756476683,
            "auc": 0.9114832535885168,
            "average_precision": 0.7103723431095007,
            "f1_score": 0.7804878048780488,
            "ppv": 0.8421052631578947,
            "npv": 0.9655172413793104,
            "auc80": NaN
        },
        "DF": {
            "sensitivity": 1.0,
            "specificity": 0.9895833333333334,
            "accuracy": 0.9896373056994818,
            "auc": 1.0,
            "average_precision": 1.0,
            "f1_score": 0.5,
            "ppv": 0.3333333333333333,
            "npv": 1.0,
            "auc80": NaN
        },
        "VASC": {
            "sensitivity": 0.6666666666666666,
            "specificity": 1.0,
            "accuracy": 0.9948186528497409,
            "auc": 1.0,
            "average_precision": 1.0,
            "f1_score": 0.8,
            "ppv": 1.0,
            "npv": 0.9947643979057592,
            "auc80": NaN
        }
    },
    "malignant_definition_used": [
        "MEL",
        "BCC",
        "AKIEC"
    ],
    "val_loss": 1.0380225768361067
}