{
    "overall": {
        "accuracy": 78.23834196891191,
        "balanced_multiclass_accuracy": 0.764883780563223,
        "macro_recall": 0.764883780563223,
        "macro_precision": 0.6123299319727892,
        "macro_f1": 0.63531447666786,
        "multiclass_macro_auc_ovr": 0.9624611200787916,
        "mean_auc_all_diagnoses": 0.9624611200787916,
        "mean_average_precision_all_diagnoses": 0.8363487057079979,
        "mean_sensitivity": 0.764883780563223,
        "mean_specificity": 0.9650174916486784,
        "mean_accuracy": 0.9378238341968911,
        "mean_f1": 0.63531447666786,
        "mean_ppv": 0.6123299319727892,
        "mean_npv": 0.9502950330993224,
        "melanoma_auc80": 0.9426910299003322,
        "malignant_vs_benign_auc": 0.8952104942037827
    },
    "per_class": {
        "MEL": {
            "sensitivity": 0.5238095238095238,
            "specificity": 0.9767441860465116,
            "accuracy": 0.927461139896373,
            "auc": 0.9637320044296789,
            "average_precision": 0.7745622872841988,
            "f1_score": 0.611111111111111,
            "ppv": 0.7333333333333333,
            "npv": 0.9438202247191011,
            "auc80": 0.9426910299003322
        },
        "NV": {
            "sensitivity": 0.8455284552845529,
            "specificity": 0.9857142857142858,
            "accuracy": 0.8963730569948186,
            "auc": 0.9743321718931475,
            "average_precision": 0.987225300743341,
            "f1_score": 0.9122807017543859,
            "ppv": 0.9904761904761905,
            "npv": 0.7840909090909091,
            "auc80": NaN
        },
        "BCC": {
            "sensitivity": 0.6666666666666666,
            "specificity": 0.9438202247191011,
            "accuracy": 0.9222797927461139,
            "auc": 0.89812734082397,
            "average_precision": 0.5897999691013329,
            "f1_score": 0.5714285714285715,
            "ppv": 0.5,
            "npv": 0.9710982658959537,
            "auc80": NaN
        },
        "AKIEC": {
            "sensitivity": 0.5,
            "specificity": 0.9567567567567568,
            "accuracy": 0.9378238341968912,
            "auc": 0.970945945945946,
            "average_precision": 0.6912141779788838,
            "f1_score": 0.4,
            "ppv": 0.3333333333333333,
            "npv": 0.9779005524861878,
            "auc80": NaN
        },
        "BKL": {
            "sensitivity": 0.8181818181818182,
            "specificity": 0.9181286549707602,
            "accuracy": 0.9067357512953368,
            "auc": 0.9300903774587985,
            "average_precision": 0.8116392048482286,
            "f1_score": 0.6666666666666666,
            "ppv": 0.5625,
            "npv": 0.9751552795031055,
            "auc80": NaN
        },
        "DF": {
            "sensitivity": 1.0,
            "specificity": 0.9739583333333334,
            "accuracy": 0.9740932642487047,
            "auc": 1.0,
            "average_precision": 1.0,
            "f1_score": 0.2857142857142857,
            "ppv": 0.16666666666666666,
            "npv": 1.0,
            "auc80": NaN
        },
        "VASC": {
            "sensitivity": 1.0,
            "specificity": 1.0,
            "accuracy": 1.0,
            "auc": 1.0,
            "average_precision": 1.0,
            "f1_score": 1.0,
            "ppv": 1.0,
            "npv": 1.0,
            "auc80": NaN
        }
    },
    "malignant_definition_used": [
        "MEL",
        "BCC",
        "AKIEC"
    ],
    "val_loss": 1.1068956339297518
}