{
    "overall": {
        "accuracy": 78.75647668393782,
        "balanced_multiclass_accuracy": 0.4995810519329683,
        "macro_recall": 0.4995810519329683,
        "macro_precision": 0.6186661687575794,
        "macro_f1": 0.5280504586136219,
        "multiclass_macro_auc_ovr": 0.9372034869952854,
        "mean_auc_all_diagnoses": 0.9372034869952854,
        "mean_average_precision_all_diagnoses": 0.6210801660569966,
        "mean_sensitivity": 0.4995810519329683,
        "mean_specificity": 0.9457133881893787,
        "mean_accuracy": 0.9393042190969653,
        "mean_f1": 0.6160588683825589,
        "mean_ppv": 0.6186661687575794,
        "mean_npv": 0.9536090101610867,
        "melanoma_auc80": 0.8219822812846068,
        "malignant_vs_benign_auc": 0.9138194020744357
    },
    "per_class": {
        "MEL": {
            "sensitivity": 0.42857142857142855,
            "specificity": 0.9825581395348837,
            "accuracy": 0.9222797927461139,
            "auc": 0.9166666666666666,
            "mean_average_precision": 0.656348565889423,
            "f1_score": 0.5454545454545454,
            "ppv": 0.75,
            "npv": 0.9337016574585635,
            "auc80": 0.8219822812846068
        },
        "NV": {
            "sensitivity": 0.926829268292683,
            "specificity": 0.7571428571428571,
            "accuracy": 0.8652849740932642,
            "auc": 0.9441347270615563,
            "mean_average_precision": 0.9687445688857209,
            "f1_score": 0.8976377952755905,
            "ppv": 0.8702290076335878,
            "npv": 0.8548387096774194,
            "auc80": NaN
        },
        "BCC": {
            "sensitivity": 0.9333333333333333,
            "specificity": 0.9831460674157303,
            "accuracy": 0.9792746113989638,
            "auc": 0.9932584269662921,
            "mean_average_precision": 0.8977330077330077,
            "f1_score": 0.8749999999999999,
            "ppv": 0.8235294117647058,
            "npv": 0.9943181818181818,
            "auc80": NaN
        },
        "AKIEC": {
            "sensitivity": 0.375,
            "specificity": 0.9783783783783784,
            "accuracy": 0.9533678756476683,
            "auc": 0.8682432432432432,
            "mean_average_precision": 0.30819515306122447,
            "f1_score": 0.39999999999999997,
            "ppv": 0.42857142857142855,
            "npv": 0.9731182795698925,
            "auc80": NaN
        },
        "BKL": {
            "sensitivity": 0.5,
            "specificity": 0.9239766081871345,
            "accuracy": 0.8756476683937824,
            "auc": 0.8801169590643275,
            "mean_average_precision": 0.46892081921055195,
            "f1_score": 0.4782608695652174,
            "ppv": 0.4583333333333333,
            "npv": 0.9349112426035503,
            "auc80": NaN
        },
        "DF": {
            "sensitivity": 0.0,
            "specificity": 0.9947916666666666,
            "accuracy": 0.9896373056994818,
            "auc": 0.9895833333333334,
            "mean_average_precision": 0.3333333333333333,
            "f1_score": NaN,
            "ppv": 0.0,
            "npv": 0.9947916666666666,
            "auc80": NaN
        },
        "VASC": {
            "sensitivity": 0.3333333333333333,
            "specificity": 1.0,
            "accuracy": 0.9896373056994818,
            "auc": 0.968421052631579,
            "mean_average_precision": 0.7142857142857142,
            "f1_score": 0.5,
            "ppv": 1.0,
            "npv": 0.9895833333333334,
            "auc80": NaN
        }
    },
    "malignant_definition_used": [
        "MEL",
        "BCC",
        "AKIEC"
    ],
    "val_loss": 0.6860825570753819
}