{
    "overall": {
        "accuracy": 77.720207253886,
        "balanced_multiclass_accuracy": 0.4888958022233284,
        "macro_recall": 0.4888958022233284,
        "macro_precision": 0.6029519973886054,
        "macro_f1": 0.5173963015059551,
        "multiclass_macro_auc_ovr": 0.9368664866043547,
        "mean_auc_all_diagnoses": 0.9368664866043547,
        "mean_average_precision_all_diagnoses": 0.6004765700385992,
        "mean_sensitivity": 0.4888958022233284,
        "mean_specificity": 0.9429052281946476,
        "mean_accuracy": 0.9363434492968172,
        "mean_f1": 0.6036290184236143,
        "mean_ppv": 0.6029519973886054,
        "mean_npv": 0.9504836666206388,
        "melanoma_auc80": 0.833610188261351,
        "malignant_vs_benign_auc": 0.9161073825503355
    },
    "per_class": {
        "MEL": {
            "sensitivity": 0.42857142857142855,
            "specificity": 0.9767441860465116,
            "accuracy": 0.917098445595855,
            "auc": 0.9213732004429679,
            "mean_average_precision": 0.6553784889268612,
            "f1_score": 0.5294117647058824,
            "ppv": 0.6923076923076923,
            "npv": 0.9333333333333333,
            "auc80": 0.833610188261351
        },
        "NV": {
            "sensitivity": 0.9186991869918699,
            "specificity": 0.7428571428571429,
            "accuracy": 0.8549222797927462,
            "auc": 0.9442508710801394,
            "mean_average_precision": 0.970334590286479,
            "f1_score": 0.8897637795275591,
            "ppv": 0.8625954198473282,
            "npv": 0.8387096774193549,
            "auc80": NaN
        },
        "BCC": {
            "sensitivity": 0.8666666666666667,
            "specificity": 0.9831460674157303,
            "accuracy": 0.9740932642487047,
            "auc": 0.9906367041198503,
            "mean_average_precision": 0.8715864544811914,
            "f1_score": 0.8387096774193549,
            "ppv": 0.8125,
            "npv": 0.9887005649717514,
            "auc80": NaN
        },
        "AKIEC": {
            "sensitivity": 0.375,
            "specificity": 0.972972972972973,
            "accuracy": 0.9481865284974094,
            "auc": 0.8608108108108109,
            "mean_average_precision": 0.2702702702702703,
            "f1_score": 0.375,
            "ppv": 0.375,
            "npv": 0.972972972972973,
            "auc80": NaN
        },
        "BKL": {
            "sensitivity": 0.5,
            "specificity": 0.9298245614035088,
            "accuracy": 0.8808290155440415,
            "auc": 0.8899521531100478,
            "mean_average_precision": 0.4736449741841812,
            "f1_score": 0.4888888888888889,
            "ppv": 0.4782608695652174,
            "npv": 0.9352941176470588,
            "auc80": NaN
        },
        "DF": {
            "sensitivity": 0.0,
            "specificity": 0.9947916666666666,
            "accuracy": 0.9896373056994818,
            "auc": 0.984375,
            "mean_average_precision": 0.25,
            "f1_score": NaN,
            "ppv": 0.0,
            "npv": 0.9947916666666666,
            "auc80": NaN
        },
        "VASC": {
            "sensitivity": 0.3333333333333333,
            "specificity": 1.0,
            "accuracy": 0.9896373056994818,
            "auc": 0.9666666666666667,
            "mean_average_precision": 0.7121212121212122,
            "f1_score": 0.5,
            "ppv": 1.0,
            "npv": 0.9895833333333334,
            "auc80": NaN
        }
    },
    "malignant_definition_used": [
        "MEL",
        "BCC",
        "AKIEC"
    ],
    "val_loss": 0.6837046328603913
}