{
    "epoch": 35,
    "num_classes": 7,
    "class_names": [
        "MEL",
        "NV",
        "BCC",
        "AKIEC",
        "BKL",
        "DF",
        "VASC"
    ],
    "per_class": {
        "MEL": {
            "fpr": [
                0.0,
                0.0,
                0.0,
                0.005813953488372093,
                0.005813953488372093,
                0.011627906976744186,
                0.011627906976744186,
                0.01744186046511628,
                0.01744186046511628,
                0.023255813953488372,
                0.023255813953488372,
                0.05813953488372093,
                0.05813953488372093,
                0.06395348837209303,
                0.06395348837209303,
                0.06976744186046512,
                0.06976744186046512,
                0.0872093023255814,
                0.0872093023255814,
                0.09302325581395349,
                0.09302325581395349,
                0.12790697674418605,
                0.12790697674418605,
                0.13953488372093023,
                0.13953488372093023,
                0.14534883720930233,
                0.14534883720930233,
                0.23837209302325582,
                0.23837209302325582,
                1.0
            ],
            "tpr": [
                0.0,
                0.047619047619047616,
                0.2857142857142857,
                0.2857142857142857,
                0.42857142857142855,
                0.42857142857142855,
                0.47619047619047616,
                0.47619047619047616,
                0.5238095238095238,
                0.5238095238095238,
                0.5714285714285714,
                0.5714285714285714,
                0.6190476190476191,
                0.6190476190476191,
                0.6666666666666666,
                0.6666666666666666,
                0.7142857142857143,
                0.7142857142857143,
                0.7619047619047619,
                0.7619047619047619,
                0.8095238095238095,
                0.8095238095238095,
                0.8571428571428571,
                0.8571428571428571,
                0.9047619047619048,
                0.9047619047619048,
                0.9523809523809523,
                0.9523809523809523,
                1.0,
                1.0
            ],
            "auc": 0.947951273532669
        },
        "NV": {
            "fpr": [
                0.0,
                0.0,
                0.0,
                0.014285714285714285,
                0.014285714285714285,
                0.02857142857142857,
                0.02857142857142857,
                0.05714285714285714,
                0.05714285714285714,
                0.07142857142857142,
                0.07142857142857142,
                0.08571428571428572,
                0.08571428571428572,
                0.1,
                0.1,
                0.12857142857142856,
                0.12857142857142856,
                0.15714285714285714,
                0.15714285714285714,
                0.22857142857142856,
                0.22857142857142856,
                0.24285714285714285,
                0.24285714285714285,
                0.44285714285714284,
                0.44285714285714284,
                0.45714285714285713,
                0.45714285714285713,
                0.5,
                0.5,
                0.5285714285714286,
                0.5285714285714286,
                0.5714285714285714,
                0.5714285714285714,
                1.0
            ],
            "tpr": [
                0.0,
                0.008130081300813009,
                0.6422764227642277,
                0.6422764227642277,
                0.7398373983739838,
                0.7398373983739838,
                0.7560975609756098,
                0.7560975609756098,
                0.7967479674796748,
                0.7967479674796748,
                0.8536585365853658,
                0.8536585365853658,
                0.8861788617886179,
                0.8861788617886179,
                0.8943089430894309,
                0.8943089430894309,
                0.926829268292683,
                0.926829268292683,
                0.943089430894309,
                0.943089430894309,
                0.9512195121951219,
                0.9512195121951219,
                0.959349593495935,
                0.959349593495935,
                0.967479674796748,
                0.967479674796748,
                0.975609756097561,
                0.975609756097561,
                0.983739837398374,
                0.983739837398374,
                0.991869918699187,
                0.991869918699187,
                1.0,
                1.0
            ],
            "auc": 0.9572590011614401
        },
        "BCC": {
            "fpr": [
                0.0,
                0.0,
                0.0,
                0.0056179775280898875,
                0.0056179775280898875,
                0.028089887640449437,
                0.028089887640449437,
                0.05056179775280899,
                0.05056179775280899,
                0.10674157303370786,
                0.10674157303370786,
                0.19662921348314608,
                0.19662921348314608,
                1.0
            ],
            "tpr": [
                0.0,
                0.06666666666666667,
                0.13333333333333333,
                0.13333333333333333,
                0.6666666666666666,
                0.6666666666666666,
                0.8,
                0.8,
                0.8666666666666667,
                0.8666666666666667,
                0.9333333333333333,
                0.9333333333333333,
                1.0,
                1.0
            ],
            "auc": 0.9696629213483146
        },
        "AKIEC": {
            "fpr": [
                0.0,
                0.005405405405405406,
                0.005405405405405406,
                0.032432432432432434,
                0.032432432432432434,
                0.04864864864864865,
                0.04864864864864865,
                0.0972972972972973,
                0.0972972972972973,
                0.11351351351351352,
                0.11351351351351352,
                0.1783783783783784,
                0.1783783783783784,
                0.1837837837837838,
                0.1837837837837838,
                0.42702702702702705,
                0.42702702702702705,
                1.0
            ],
            "tpr": [
                0.0,
                0.0,
                0.125,
                0.125,
                0.25,
                0.25,
                0.375,
                0.375,
                0.5,
                0.5,
                0.625,
                0.625,
                0.75,
                0.75,
                0.875,
                0.875,
                1.0,
                1.0
            ],
            "auc": 0.8641891891891891
        },