{
    "epoch": 30,
    "num_classes": 7,
    "class_names": [
        "MEL",
        "NV",
        "BCC",
        "AKIEC",
        "BKL",
        "DF",
        "VASC"
    ],
    "per_class": {
        "MEL": {
            "fpr": [
                0.0,
                0.0,
                0.005813953488372093,
                0.005813953488372093,
                0.023255813953488372,
                0.023255813953488372,
                0.029069767441860465,
                0.029069767441860465,
                0.046511627906976744,
                0.046511627906976744,
                0.06395348837209303,
                0.06395348837209303,
                0.10465116279069768,
                0.10465116279069768,
                0.11046511627906977,
                0.11046511627906977,
                0.18023255813953487,
                0.18023255813953487,
                0.18604651162790697,
                0.18604651162790697,
                0.20930232558139536,
                0.20930232558139536,
                1.0
            ],
            "tpr": [
                0.0,
                0.047619047619047616,
                0.047619047619047616,
                0.42857142857142855,
                0.42857142857142855,
                0.5238095238095238,
                0.5238095238095238,
                0.5714285714285714,
                0.5714285714285714,
                0.6666666666666666,
                0.6666666666666666,
                0.7619047619047619,
                0.7619047619047619,
                0.8095238095238095,
                0.8095238095238095,
                0.8571428571428571,
                0.8571428571428571,
                0.9047619047619048,
                0.9047619047619048,
                0.9523809523809523,
                0.9523809523809523,
                1.0,
                1.0
            ],
            "auc": 0.9460132890365448
        },
        "NV": {
            "fpr": [
                0.0,
                0.0,
                0.0,
                0.014285714285714285,
                0.014285714285714285,
                0.02857142857142857,
                0.02857142857142857,
                0.04285714285714286,
                0.04285714285714286,
                0.05714285714285714,
                0.05714285714285714,
                0.1,
                0.1,
                0.12857142857142856,
                0.12857142857142856,
                0.14285714285714285,
                0.14285714285714285,
                0.15714285714285714,
                0.15714285714285714,
                0.32857142857142857,
                0.32857142857142857,
                0.38571428571428573,
                0.38571428571428573,
                0.4,
                0.4,
                0.4714285714285714,
                0.4714285714285714,
                0.4857142857142857,
                0.4857142857142857,
                0.5142857142857142,
                0.5142857142857142,
                0.5428571428571428,
                0.5428571428571428,
                0.6142857142857143,
                0.6142857142857143,
                1.0
            ],
            "tpr": [
                0.0,
                0.008130081300813009,
                0.6747967479674797,
                0.6747967479674797,
                0.7235772357723578,
                0.7235772357723578,
                0.7967479674796748,
                0.7967479674796748,
                0.8373983739837398,
                0.8373983739837398,
                0.8617886178861789,
                0.8617886178861789,
                0.8699186991869918,
                0.8699186991869918,
                0.8780487804878049,
                0.8780487804878049,
                0.9105691056910569,
                0.9105691056910569,
                0.926829268292683,
                0.926829268292683,
                0.9349593495934959,
                0.9349593495934959,
                0.943089430894309,
                0.943089430894309,
                0.9512195121951219,
                0.9512195121951219,
                0.959349593495935,
                0.959349593495935,
                0.967479674796748,
                0.967479674796748,
                0.975609756097561,
                0.975609756097561,
                0.983739837398374,
                0.983739837398374,
                1.0,
                1.0
            ],
            "auc": 0.9495934959349593
        },
        "BCC": {
            "fpr": [
                0.0,
                0.0,
                0.0,
                0.0056179775280898875,
                0.0056179775280898875,
                0.011235955056179775,
                0.011235955056179775,
                0.016853932584269662,
                0.016853932584269662,
                0.03932584269662921,
                0.03932584269662921,
                0.05056179775280899,
                0.05056179775280899,
                0.056179775280898875,
                0.056179775280898875,
                0.12359550561797752,
                0.12359550561797752,
                0.34831460674157305,
                0.34831460674157305,
                1.0
            ],
            "tpr": [
                0.0,
                0.06666666666666667,
                0.13333333333333333,
                0.13333333333333333,
                0.5333333333333333,
                0.5333333333333333,
                0.6,
                0.6,
                0.6666666666666666,
                0.6666666666666666,
                0.7333333333333333,
                0.7333333333333333,
                0.8,
                0.8,
                0.8666666666666667,
                0.8666666666666667,
                0.9333333333333333,
                0.9333333333333333,
                1.0,
                1.0
            ],
            "auc": 0.9546816479400749
        },
        "AKIEC": {
            "fpr": [
                0.0,
                0.005405405405405406,
                0.010810810810810811,
                0.010810810810810811,
                0.05405405405405406,
                0.05405405405405406,
                0.07027027027027027,
                0.07027027027027027,
                0.07567567567567568,
                0.07567567567567568,
                0.11891891891891893,
                0.11891891891891893,
                0.12972972972972974,
                0.12972972972972974,
                0.1891891891891892,
                0.1891891891891892,
                0.35135135135135137,
                0.35135135135135137,
                1.0
            ],
            "tpr": [
                0.0,
                0.0,
                0.0,
                0.125,
                0.125,
                0.25,
                0.25,
                0.375,
                0.375,
                0.5,
                0.5,
                0.625,
                0.625,
                0.75,
                0.75,
                0.875,
                0.875,
                1.0,
                1.0
            ],
            "auc": 0.875
        },