{
    "overall": {
        "accuracy": 78.23834196891191,
        "balanced_multiclass_accuracy": 0.464889059836795,
        "macro_recall": 0.464889059836795,
        "macro_precision": 0.5805097680097681,
        "macro_f1": 0.4964292094361514,
        "multiclass_macro_auc_ovr": 0.9386180926885512,
        "mean_auc_all_diagnoses": 0.9386180926885512,
        "mean_average_precision_all_diagnoses": 0.5657579477726323,
        "mean_sensitivity": 0.464889059836795,
        "mean_specificity": 0.9473967584648324,
        "mean_accuracy": 0.9378238341968912,
        "mean_f1": 0.5791674110088432,
        "mean_ppv": 0.6772613960113961,
        "mean_npv": 0.9544803732849452,
        "melanoma_auc80": 0.789313399778516,
        "malignant_vs_benign_auc": 0.923123856009762
    },
    "per_class": {
        "MEL": {
            "sensitivity": 0.5238095238095238,
            "specificity": 0.9709302325581395,
            "accuracy": 0.9222797927461139,
            "auc": 0.913344407530454,
            "mean_average_precision": 0.6494980797194354,
            "f1_score": 0.5945945945945946,
            "ppv": 0.6875,
            "npv": 0.943502824858757,
            "auc80": 0.789313399778516
        },
        "NV": {
            "sensitivity": 0.9349593495934959,
            "specificity": 0.7857142857142857,
            "accuracy": 0.8808290155440415,
            "auc": 0.9543554006968641,
            "mean_average_precision": 0.9757410205946757,
            "f1_score": 0.909090909090909,
            "ppv": 0.8846153846153846,
            "npv": 0.873015873015873,
            "auc80": NaN
        },
        "BCC": {
            "sensitivity": 0.6666666666666666,
            "specificity": 0.9831460674157303,
            "accuracy": 0.9585492227979274,
            "auc": 0.9797752808988764,
            "mean_average_precision": 0.8671552358317064,
            "f1_score": 0.7142857142857142,
            "ppv": 0.7692307692307693,
            "npv": 0.9722222222222222,
            "auc80": NaN
        },
        "AKIEC": {
            "sensitivity": 0.25,
            "specificity": 0.9621621621621622,
            "accuracy": 0.9326424870466321,
            "auc": 0.8777027027027027,
            "mean_average_precision": 0.24427902778575974,
            "f1_score": 0.23529411764705882,
            "ppv": 0.2222222222222222,
            "npv": 0.967391304347826,
            "auc80": NaN
        },
        "BKL": {
            "sensitivity": 0.5454545454545454,
            "specificity": 0.9298245614035088,
            "accuracy": 0.8860103626943006,
            "auc": 0.9096225412014886,
            "mean_average_precision": 0.49029893714351575,
            "f1_score": 0.5217391304347826,
            "ppv": 0.5,
            "npv": 0.9408284023668639,
            "auc80": NaN
        },
        "DF": {
            "sensitivity": 0.0,
            "specificity": 1.0,
            "accuracy": 0.9948186528497409,
            "auc": 0.9583333333333334,
            "mean_average_precision": 0.1111111111111111,
            "f1_score": NaN,
            "ppv": NaN,
            "npv": 0.9948186528497409,
            "auc80": NaN
        },
        "VASC": {
            "sensitivity": 0.3333333333333333,
            "specificity": 1.0,
            "accuracy": 0.9896373056994818,
            "auc": 0.9771929824561404,
            "mean_average_precision": 0.6222222222222222,
            "f1_score": 0.5,
            "ppv": 1.0,
            "npv": 0.9895833333333334,
            "auc80": NaN
        }
    },
    "malignant_definition_used": [
        "MEL",
        "BCC",
        "AKIEC"
    ],
    "val_loss": 0.6240587117140775
}