{
    "epoch": 90,
    "num_classes": 7,
    "class_names": [
        "MEL",
        "NV",
        "BCC",
        "AKIEC",
        "BKL",
        "DF",
        "VASC"
    ],
    "per_class": {
        "MEL": {
            "fpr": [
                0.0,
                0.0,
                0.0,
                0.023255813953488372,
                0.023255813953488372,
                0.040697674418604654,
                0.040697674418604654,
                0.05232558139534884,
                0.05232558139534884,
                0.06395348837209303,
                0.06395348837209303,
                0.0872093023255814,
                0.0872093023255814,
                0.09302325581395349,
                0.09302325581395349,
                0.13953488372093023,
                0.13953488372093023,
                0.21511627906976744,
                0.21511627906976744,
                0.27906976744186046,
                0.27906976744186046,
                0.45348837209302323,
                0.45348837209302323,
                1.0
            ],
            "tpr": [
                0.0,
                0.047619047619047616,
                0.23809523809523808,
                0.23809523809523808,
                0.2857142857142857,
                0.2857142857142857,
                0.38095238095238093,
                0.38095238095238093,
                0.42857142857142855,
                0.42857142857142855,
                0.5238095238095238,
                0.5238095238095238,
                0.5714285714285714,
                0.5714285714285714,
                0.7142857142857143,
                0.7142857142857143,
                0.7619047619047619,
                0.7619047619047619,
                0.8571428571428571,
                0.8571428571428571,
                0.9523809523809523,
                0.9523809523809523,
                1.0,
                1.0
            ],
            "auc": 0.8936877076411961
        },
        "NV": {
            "fpr": [
                0.0,
                0.0,
                0.0,
                0.0,
                0.0,
                0.014285714285714285,
                0.014285714285714285,
                0.02857142857142857,
                0.02857142857142857,
                0.04285714285714286,
                0.04285714285714286,
                0.05714285714285714,
                0.05714285714285714,
                0.08571428571428572,
                0.08571428571428572,
                0.15714285714285714,
                0.15714285714285714,
                0.2,
                0.2,
                0.3,
                0.3,
                0.32857142857142857,
                0.32857142857142857,
                0.38571428571428573,
                0.38571428571428573,
                0.42857142857142855,
                0.42857142857142855,
                0.44285714285714284,
                0.44285714285714284,
                0.5285714285714286,
                0.5285714285714286,
                0.6,
                0.6,
                1.0
            ],
            "tpr": [
                0.0,
                0.008130081300813009,
                0.08943089430894309,
                0.10569105691056911,
                0.6097560975609756,
                0.6097560975609756,
                0.6504065040650406,
                0.6504065040650406,
                0.7560975609756098,
                0.7560975609756098,
                0.8373983739837398,
                0.8373983739837398,
                0.8617886178861789,
                0.8617886178861789,
                0.8943089430894309,
                0.8943089430894309,
                0.9186991869918699,
                0.9186991869918699,
                0.926829268292683,
                0.926829268292683,
                0.9349593495934959,
                0.9349593495934959,
                0.943089430894309,
                0.943089430894309,
                0.959349593495935,
                0.959349593495935,
                0.967479674796748,
                0.967479674796748,
                0.975609756097561,
                0.975609756097561,
                0.991869918699187,
                0.991869918699187,
                1.0,
                1.0
            ],
            "auc": 0.951335656213705
        },
        "BCC": {
            "fpr": [
                0.0,
                0.0,
                0.0,
                0.0056179775280898875,
                0.0056179775280898875,
                0.011235955056179775,
                0.011235955056179775,
                0.016853932584269662,
                0.016853932584269662,
                0.02247191011235955,
                0.02247191011235955,
                0.056179775280898875,
                0.056179775280898875,
                0.07865168539325842,
                0.07865168539325842,
                0.12359550561797752,
                0.12359550561797752,
                1.0
            ],
            "tpr": [
                0.0,
                0.06666666666666667,
                0.4,
                0.4,
                0.6,
                0.6,
                0.6666666666666666,
                0.6666666666666666,
                0.7333333333333333,
                0.7333333333333333,
                0.8,
                0.8,
                0.8666666666666667,
                0.8666666666666667,
                0.9333333333333333,
                0.9333333333333333,
                1.0,
                1.0
            ],
            "auc": 0.9782771535580524
        },
        "AKIEC": {
            "fpr": [
                0.0,
                0.005405405405405406,
                0.016216216216216217,
                0.016216216216216217,
                0.032432432432432434,
                0.032432432432432434,
                0.03783783783783784,
                0.03783783783783784,
                0.04864864864864865,
                0.04864864864864865,
                0.05405405405405406,
                0.05405405405405406,
                0.16756756756756758,
                0.16756756756756758,
                0.1783783783783784,
                0.1783783783783784,
                0.41081081081081083,
                0.41081081081081083,
                1.0
            ],
            "tpr": [
                0.0,
                0.0,
                0.0,
                0.125,
                0.125,
                0.25,
                0.25,
                0.375,
                0.375,
                0.5,
                0.5,
                0.625,
                0.625,
                0.75,
                0.75,
                0.875,
                0.875,
                1.0,
                1.0
            ],
            "auc": 0.8817567567567568
        },
        "BKL": {
            "fpr": [
                0.0,
                0.0,
                0.011695906432748537,
                0.011695906432748537,
                0.029239766081871343,
                0.029239766081871343,
                0.03508771929824561,
                0.03508771929824561,
                0.04093567251461988,
                0.04093567251461988,
                0.04678362573099415,
                0.04678362573099415,
                0.08771929824561403,
                0.08771929824561403,
                0.09941520467836257,
                0.09941520467836257,
                0.10526315789473684,
                0.10526315789473684,
                0.15204678362573099,
                0.15204678362573099,
                0.15789473684210525,
                0.15789473684210525,
                0.18128654970760233,
                0.18128654970760233,
                0.3742690058479532,
                0.3742690058479532,
                1.0
            ],