image,label,label_idx,confidence,pred,pred_idx,pred_confidence,correct
ISIC_0025592,MEL,0,0.030279874801635742,NV,1,0.9391879439353943,0
ISIC_0027793,MEL,0,0.03205417841672897,NV,1,0.9490575790405273,0
ISIC_0032603,MEL,0,0.036373965442180634,NV,1,0.917326033115387,0
ISIC_0027350,MEL,0,0.0393301360309124,NV,1,0.9188771843910217,0
ISIC_0032812,MEL,0,0.05098293349146843,NV,1,0.9190722703933716,0
ISIC_0029843,MEL,0,0.059496063739061356,NV,1,0.9270121455192566,0
ISIC_0028109,MEL,0,0.07125605642795563,NV,1,0.8754085898399353,0
ISIC_0031741,MEL,0,0.08491826802492142,NV,1,0.860729992389679,0
ISIC_0028065,MEL,0,0.08816836029291153,NV,1,0.8886550664901733,0
ISIC_0029859,MEL,0,0.09887626022100449,NV,1,0.8279648423194885,0
ISIC_0025155,MEL,0,0.09984885901212692,NV,1,0.5876564979553223,0
ISIC_0031565,MEL,0,0.10508479923009872,NV,1,0.7188525199890137,0
ISIC_0030089,MEL,0,0.10553427785634995,NV,1,0.7816084623336792,0
ISIC_0025451,MEL,0,0.11130113154649734,NV,1,0.7951715588569641,0
ISIC_0028878,MEL,0,0.11851093173027039,NV,1,0.7532513737678528,0
ISIC_0030255,MEL,0,0.11897347867488861,NV,1,0.857452929019928,0
ISIC_0031406,MEL,0,0.13972407579421997,NV,1,0.8449758291244507,0
ISIC_0027420,MEL,0,0.1432410031557083,NV,1,0.7649251818656921,0
ISIC_0033042,MEL,0,0.16227659583091736,NV,1,0.7463691234588623,0
ISIC_0031529,MEL,0,0.16676510870456696,NV,1,0.7110946178436279,0
ISIC_0025081,MEL,0,0.1766659915447235,NV,1,0.6175001859664917,0
ISIC_0033704,MEL,0,0.18078488111495972,NV,1,0.6905081868171692,0
ISIC_0029819,MEL,0,0.18452619016170502,NV,1,0.6472687721252441,0
ISIC_0031417,MEL,0,0.18845048546791077,NV,1,0.717870831489563,0
ISIC_0034087,MEL,0,0.19019897282123566,NV,1,0.741319477558136,0
ISIC_0025603,MEL,0,0.19586892426013947,NV,1,0.782374918460846,0
ISIC_0027561,MEL,0,0.21623145043849945,BKL,4,0.743156909942627,0
ISIC_0032981,MEL,0,0.2173299938440323,NV,1,0.6205834746360779,0
ISIC_0034205,MEL,0,0.21762065589427948,NV,1,0.758053719997406,0
ISIC_0024323,MEL,0,0.21953560411930084,NV,1,0.5563799738883972,0
ISIC_0033812,MEL,0,0.22077852487564087,NV,1,0.7254687547683716,0
ISIC_0027021,MEL,0,0.22101052105426788,NV,1,0.4284038841724396,0
ISIC_0026690,MEL,0,0.22381103038787842,NV,1,0.6366145610809326,0
ISIC_0027742,MEL,0,0.24726879596710205,NV,1,0.6493824124336243,0
ISIC_0025791,MEL,0,0.2489372193813324,NV,1,0.7176721692085266,0
ISIC_0033117,MEL,0,0.24923941493034363,NV,1,0.7152112722396851,0
ISIC_0032870,MEL,0,0.2557332217693329,BKL,4,0.7030090093612671,0
ISIC_0033300,MEL,0,0.25661471486091614,NV,1,0.6309921145439148,0
ISIC_0024459,MEL,0,0.2583445608615875,BKL,4,0.36534976959228516,0
ISIC_0027956,MEL,0,0.2588706612586975,NV,1,0.7177046537399292,0
ISIC_0033871,MEL,0,0.2647213935852051,NV,1,0.586959183216095,0
ISIC_0027663,MEL,0,0.26627814769744873,NV,1,0.6631078124046326,0
ISIC_0031554,MEL,0,0.27345380187034607,NV,1,0.6384506225585938,0
ISIC_0032046,MEL,0,0.2813396155834198,NV,1,0.6200728416442871,0
ISIC_0030034,MEL,0,0.28348883986473083,MEL,0,0.28348883986473083,1
ISIC_0027480,MEL,0,0.2851162552833557,NV,1,0.6559607982635498,0
ISIC_0027076,MEL,0,0.2890113890171051,NV,1,0.6441673636436462,0
ISIC_0030795,MEL,0,0.2965986430644989,NV,1,0.6492246985435486,0
ISIC_0030391,MEL,0,0.29919955134391785,NV,1,0.642641007900238,0
ISIC_0027797,MEL,0,0.29967257380485535,NV,1,0.6441136002540588,0
ISIC_0032533,MEL,0,0.30448922514915466,NV,1,0.6812376976013184,0
ISIC_0031545,MEL,0,0.3049848973751068,NV,1,0.6221648454666138,0
ISIC_0025800,MEL,0,0.30607113242149353,AKIEC,3,0.5255707502365112,0
ISIC_0033717,MEL,0,0.31110507249832153,NV,1,0.6674605011940002,0
ISIC_0033804,MEL,0,0.32355785369873047,NV,1,0.6193355917930603,0
ISIC_0030047,MEL,0,0.32547426223754883,NV,1,0.5452961325645447,0
ISIC_0032662,MEL,0,0.3274722695350647,NV,1,0.6218743920326233,0
ISIC_0025489,MEL,0,0.3397563397884369,NV,1,0.5847695469856262,0
ISIC_0033485,MEL,0,0.3399462401866913,NV,1,0.543871283531189,0
ISIC_0033752,MEL,0,0.34788861870765686,MEL,0,0.34788861870765686,1
ISIC_0030192,MEL,0,0.3518420159816742,NV,1,0.36310452222824097,0
ISIC_0033653,MEL,0,0.35431843996047974,NV,1,0.6187511086463928,0
ISIC_0030360,MEL,0,0.3564700782299042,BKL,4,0.4935758113861084,0
ISIC_0033120,MEL,0,0.35788270831108093,NV,1,0.5872363448143005,0
ISIC_0026150,MEL,0,0.35926690697669983,NV,1,0.6236639618873596,0
ISIC_0026094,MEL,0,0.37092289328575134,NV,1,0.5741329789161682,0
ISIC_0030759,MEL,0,0.376863032579422,MEL,0,0.376863032579422,1
ISIC_0026996,MEL,0,0.39179325103759766,NV,1,0.5619946718215942,0
ISIC_0033424,MEL,0,0.39808017015457153,MEL,0,0.39808017015457153,1
ISIC_0028087,MEL,0,0.39856934547424316,NV,1,0.5767908096313477,0
ISIC_0031025,MEL,0,0.4036044180393219,NV,1,0.5115423798561096,0
ISIC_0029502,MEL,0,0.4047853946685791,NV,1,0.5069506168365479,0
ISIC_0025708,MEL,0,0.40677303075790405,NV,1,0.5459384918212891,0
ISIC_0025941,MEL,0,0.4162027835845947,NV,1,0.5369657278060913,0
ISIC_0033831,MEL,0,0.41979268193244934,NV,1,0.48889482021331787,0
ISIC_0031915,MEL,0,0.42105963826179504,NV,1,0.50953209400177,0
ISIC_0032509,MEL,0,0.42836901545524597,NV,1,0.4982931613922119,0
ISIC_0033813,MEL,0,0.43296149373054504,NV,1,0.4721554219722748,0
ISIC_0029909,MEL,0,0.43781107664108276,MEL,0,0.43781107664108276,1
ISIC_0028148,MEL,0,0.44171881675720215,MEL,0,0.44171881675720215,1
ISIC_0031233,MEL,0,0.44292083382606506,NV,1,0.48606449365615845,0
ISIC_0031146,MEL,0,0.4430989623069763,NV,1,0.4954703450202942,0
ISIC_0029272,MEL,0,0.4444862902164459,NV,1,0.476642906665802,0
ISIC_0028685,MEL,0,0.45288020372390747,AKIEC,3,0.5129551887512207,0
ISIC_0031208,MEL,0,0.45294448733329773,NV,1,0.5146850347518921,0
ISIC_0033175,MEL,0,0.4544279873371124,MEL,0,0.4544279873371124,1
ISIC_0033905,MEL,0,0.4556657075881958,MEL,0,0.4556657075881958,1
ISIC_0025313,MEL,0,0.4561805725097656,MEL,0,0.4561805725097656,1
ISIC_0031778,MEL,0,0.4640357494354248,NV,1,0.47667139768600464,0
ISIC_0033526,MEL,0,0.4660361707210541,MEL,0,0.4660361707210541,1
ISIC_0027487,MEL,0,0.47356632351875305,MEL,0,0.47356632351875305,1
ISIC_0026892,MEL,0,0.47418051958084106,MEL,0,0.47418051958084106,1
ISIC_0031931,MEL,0,0.4750889241695404,MEL,0,0.4750889241695404,1
ISIC_0025472,MEL,0,0.48213765025138855,MEL,0,0.48213765025138855,1
ISIC_0026296,MEL,0,0.4837673008441925,MEL,0,0.4837673008441925,1
ISIC_0032645,MEL,0,0.4947540760040283,MEL,0,0.4947540760040283,1
ISIC_0032532,MEL,0,0.5021083950996399,MEL,0,0.5021083950996399,1
ISIC_0029028,MEL,0,0.5053638219833374,MEL,0,0.5053638219833374,1
ISIC_0025105,MEL,0,0.5072187781333923,MEL,0,0.5072187781333923,1
ISIC_0032968,MEL,0,0.5098826885223389,MEL,0,0.5098826885223389,1
ISIC_0025783,MEL,0,0.5117737054824829,MEL,0,0.5117737054824829,1
ISIC_0030501,MEL,0,0.5179120302200317,MEL,0,0.5179120302200317,1
ISIC_0033687,MEL,0,0.5241252779960632,MEL,0,0.5241252779960632,1
ISIC_0033679,MEL,0,0.5328425168991089,MEL,0,0.5328425168991089,1
ISIC_0030818,MEL,0,0.5336264967918396,MEL,0,0.5336264967918396,1
ISIC_0026604,MEL,0,0.5338321328163147,MEL,0,0.5338321328163147,1
ISIC_0032630,MEL,0,0.5340697169303894,MEL,0,0.5340697169303894,1
ISIC_0027900,MEL,0,0.5342089533805847,MEL,0,0.5342089533805847,1
ISIC_0028173,MEL,0,0.5412886738777161,MEL,0,0.5412886738777161,1
ISIC_0034289,MEL,0,0.5422394275665283,MEL,0,0.5422394275665283,1
ISIC_0027402,MEL,0,0.5431325435638428,MEL,0,0.5431325435638428,1
ISIC_0031908,MEL,0,0.5474206805229187,MEL,0,0.5474206805229187,1
ISIC_0029651,MEL,0,0.5502585768699646,MEL,0,0.5502585768699646,1
ISIC_0029547,MEL,0,0.554742157459259,MEL,0,0.554742157459259,1
ISIC_0024552,MEL,0,0.5592365860939026,MEL,0,0.5592365860939026,1
ISIC_0032597,MEL,0,0.5617138147354126,MEL,0,0.5617138147354126,1
ISIC_0034173,MEL,0,0.5641774535179138,MEL,0,0.5641774535179138,1
ISIC_0031957,MEL,0,0.5648171901702881,MEL,0,0.5648171901702881,1
ISIC_0029913,MEL,0,0.5674309134483337,MEL,0,0.5674309134483337,1
ISIC_0032875,MEL,0,0.5677447319030762,MEL,0,0.5677447319030762,1
ISIC_0033644,MEL,0,0.5735111236572266,MEL,0,0.5735111236572266,1
ISIC_0033387,MEL,0,0.5772899389266968,MEL,0,0.5772899389266968,1
ISIC_0024930,MEL,0,0.5786118507385254,MEL,0,0.5786118507385254,1
ISIC_0028225,MEL,0,0.5844371914863586,MEL,0,0.5844371914863586,1
ISIC_0032847,MEL,0,0.5855319499969482,MEL,0,0.5855319499969482,1
ISIC_0024525,MEL,0,0.5856841206550598,MEL,0,0.5856841206550598,1
ISIC_0029538,MEL,0,0.5858451724052429,MEL,0,0.5858451724052429,1
ISIC_0028897,MEL,0,0.5883625149726868,MEL,0,0.5883625149726868,1
ISIC_0031745,MEL,0,0.5901206135749817,MEL,0,0.5901206135749817,1
ISIC_0025035,MEL,0,0.5927304625511169,MEL,0,0.5927304625511169,1
ISIC_0033152,MEL,0,0.5947083830833435,MEL,0,0.5947083830833435,1
ISIC_0028306,MEL,0,0.5965183973312378,MEL,0,0.5965183973312378,1
ISIC_0025520,MEL,0,0.5983298420906067,MEL,0,0.5983298420906067,1
ISIC_0031844,MEL,0,0.5996525287628174,MEL,0,0.5996525287628174,1
ISIC_0028929,MEL,0,0.6016725897789001,MEL,0,0.6016725897789001,1
ISIC_0031821,MEL,0,0.6028047800064087,MEL,0,0.6028047800064087,1
ISIC_0034107,MEL,0,0.6030880212783813,MEL,0,0.6030880212783813,1
ISIC_0029933,MEL,0,0.6037431955337524,MEL,0,0.6037431955337524,1
ISIC_0031550,MEL,0,0.6040334105491638,MEL,0,0.6040334105491638,1
ISIC_0033368,MEL,0,0.608401358127594,MEL,0,0.608401358127594,1
ISIC_0032806,MEL,0,0.6096266508102417,MEL,0,0.6096266508102417,1
ISIC_0024806,MEL,0,0.6111212372779846,MEL,0,0.6111212372779846,1
ISIC_0033593,MEL,0,0.6131992936134338,MEL,0,0.6131992936134338,1
ISIC_0026438,MEL,0,0.6152807474136353,MEL,0,0.6152807474136353,1
ISIC_0026258,MEL,0,0.616131067276001,MEL,0,0.616131067276001,1
ISIC_0028291,MEL,0,0.6162785291671753,MEL,0,0.6162785291671753,1
ISIC_0028764,MEL,0,0.6173131465911865,MEL,0,0.6173131465911865,1
ISIC_0033275,MEL,0,0.6180764436721802,MEL,0,0.6180764436721802,1
ISIC_0034132,MEL,0,0.6221163272857666,MEL,0,0.6221163272857666,1
ISIC_0032936,MEL,0,0.622268795967102,MEL,0,0.622268795967102,1
ISIC_0026089,MEL,0,0.6228466033935547,MEL,0,0.6228466033935547,1
ISIC_0027260,MEL,0,0.6237640976905823,MEL,0,0.6237640976905823,1
ISIC_0028029,MEL,0,0.6245613098144531,MEL,0,0.6245613098144531,1
ISIC_0029319,MEL,0,0.6266518831253052,MEL,0,0.6266518831253052,1
ISIC_0031377,MEL,0,0.6284751892089844,MEL,0,0.6284751892089844,1
ISIC_0030277,MEL,0,0.6288224458694458,MEL,0,0.6288224458694458,1
ISIC_0029397,MEL,0,0.6297842860221863,MEL,0,0.6297842860221863,1
ISIC_0027502,MEL,0,0.6307768821716309,MEL,0,0.6307768821716309,1
ISIC_0034246,MEL,0,0.6324753761291504,MEL,0,0.6324753761291504,1
ISIC_0025248,MEL,0,0.6327658295631409,MEL,0,0.6327658295631409,1
ISIC_0030575,MEL,0,0.6350236535072327,MEL,0,0.6350236535072327,1
ISIC_0024958,MEL,0,0.6365633010864258,MEL,0,0.6365633010864258,1
ISIC_0026774,MEL,0,0.641318142414093,MEL,0,0.641318142414093,1
ISIC_0032985,MEL,0,0.6424722671508789,MEL,0,0.6424722671508789,1
ISIC_0026586,MEL,0,0.6429457068443298,MEL,0,0.6429457068443298,1
ISIC_0024864,MEL,0,0.6433205008506775,MEL,0,0.6433205008506775,1
ISIC_0027190,MEL,0,0.6452252864837646,MEL,0,0.6452252864837646,1
ISIC_0032245,MEL,0,0.646074652671814,MEL,0,0.646074652671814,1
ISIC_0028567,MEL,0,0.6500589847564697,MEL,0,0.6500589847564697,1
ISIC_0033216,MEL,0,0.6556012630462646,MEL,0,0.6556012630462646,1
ISIC_0032987,MEL,0,0.6556711196899414,MEL,0,0.6556711196899414,1
ISIC_0027125,MEL,0,0.6618521809577942,MEL,0,0.6618521809577942,1
ISIC_0025500,MEL,0,0.6639083027839661,MEL,0,0.6639083027839661,1
ISIC_0032152,MEL,0,0.6643025279045105,MEL,0,0.6643025279045105,1
ISIC_0029163,MEL,0,0.6675241589546204,MEL,0,0.6675241589546204,1
ISIC_0025145,MEL,0,0.6689847707748413,MEL,0,0.6689847707748413,1
ISIC_0029094,MEL,0,0.6692387461662292,MEL,0,0.6692387461662292,1
ISIC_0032869,MEL,0,0.6700913906097412,MEL,0,0.6700913906097412,1
ISIC_0025128,MEL,0,0.6726744771003723,MEL,0,0.6726744771003723,1
ISIC_0029343,MEL,0,0.6734397411346436,MEL,0,0.6734397411346436,1
ISIC_0031779,MEL,0,0.6751670837402344,MEL,0,0.6751670837402344,1
ISIC_0029698,MEL,0,0.6775650382041931,MEL,0,0.6775650382041931,1
ISIC_0025955,MEL,0,0.6786844730377197,MEL,0,0.6786844730377197,1
ISIC_0031709,MEL,0,0.6790443658828735,MEL,0,0.6790443658828735,1
ISIC_0024586,MEL,0,0.6797076463699341,MEL,0,0.6797076463699341,1
ISIC_0033416,MEL,0,0.6804317831993103,MEL,0,0.6804317831993103,1
ISIC_0027721,MEL,0,0.6843048930168152,MEL,0,0.6843048930168152,1
ISIC_0033178,MEL,0,0.6844738721847534,MEL,0,0.6844738721847534,1
ISIC_0028463,MEL,0,0.6894835233688354,MEL,0,0.6894835233688354,1
ISIC_0024315,MEL,0,0.6908912658691406,MEL,0,0.6908912658691406,1
ISIC_0025832,MEL,0,0.6931552886962891,MEL,0,0.6931552886962891,1
ISIC_0027060,MEL,0,0.6933922171592712,MEL,0,0.6933922171592712,1
ISIC_0033226,MEL,0,0.6937949061393738,MEL,0,0.6937949061393738,1
ISIC_0028666,MEL,0,0.695682168006897,MEL,0,0.695682168006897,1
ISIC_0025550,MEL,0,0.6966649293899536,MEL,0,0.6966649293899536,1
ISIC_0027387,MEL,0,0.6982813477516174,MEL,0,0.6982813477516174,1
ISIC_0026989,MEL,0,0.7002306580543518,MEL,0,0.7002306580543518,1
ISIC_0024898,MEL,0,0.7029119729995728,MEL,0,0.7029119729995728,1
ISIC_0026236,MEL,0,0.7033029198646545,MEL,0,0.7033029198646545,1
ISIC_0033469,MEL,0,0.706351637840271,MEL,0,0.706351637840271,1
ISIC_0033369,MEL,0,0.7072703242301941,MEL,0,0.7072703242301941,1
ISIC_0029353,MEL,0,0.7085187435150146,MEL,0,0.7085187435150146,1
ISIC_0033192,MEL,0,0.7085819840431213,MEL,0,0.7085819840431213,1
ISIC_0026823,MEL,0,0.708587646484375,MEL,0,0.708587646484375,1
ISIC_0030183,MEL,0,0.709654688835144,MEL,0,0.709654688835144,1
ISIC_0034211,MEL,0,0.7115793228149414,MEL,0,0.7115793228149414,1
ISIC_0033573,MEL,0,0.7128399014472961,MEL,0,0.7128399014472961,1
ISIC_0028537,MEL,0,0.7132247090339661,MEL,0,0.7132247090339661,1
ISIC_0024516,MEL,0,0.7144097685813904,MEL,0,0.7144097685813904,1
ISIC_0028543,MEL,0,0.7167685627937317,MEL,0,0.7167685627937317,1
ISIC_0034262,MEL,0,0.7176346778869629,MEL,0,0.7176346778869629,1
ISIC_0032836,MEL,0,0.7180750966072083,MEL,0,0.7180750966072083,1
ISIC_0032598,MEL,0,0.7185319662094116,MEL,0,0.7185319662094116,1
ISIC_0027030,MEL,0,0.7198391556739807,MEL,0,0.7198391556739807,1
ISIC_0033454,MEL,0,0.7218130230903625,MEL,0,0.7218130230903625,1
ISIC_0033654,MEL,0,0.7221817970275879,MEL,0,0.7221817970275879,1
ISIC_0027620,MEL,0,0.7229399681091309,MEL,0,0.7229399681091309,1
ISIC_0033154,MEL,0,0.7236398458480835,MEL,0,0.7236398458480835,1
ISIC_0024313,MEL,0,0.7257820963859558,MEL,0,0.7257820963859558,1
ISIC_0033166,MEL,0,0.7277581691741943,MEL,0,0.7277581691741943,1
ISIC_0027604,MEL,0,0.7301819920539856,MEL,0,0.7301819920539856,1
ISIC_0034188,MEL,0,0.7310843467712402,MEL,0,0.7310843467712402,1
ISIC_0031913,NV,1,0.03603070229291916,MEL,0,0.9571078419685364,0
ISIC_0030151,NV,1,0.14775100350379944,BKL,4,0.6514089703559875,0
ISIC_0026491,NV,1,0.2069837898015976,MEL,0,0.7111973762512207,0
ISIC_0030592,NV,1,0.3374376595020294,MEL,0,0.6330617070198059,0
ISIC_0025400,NV,1,0.3447541296482086,BCC,2,0.37783321738243103,0
ISIC_0031317,NV,1,0.36818236112594604,BKL,4,0.6141009330749512,0
ISIC_0026866,NV,1,0.37139812111854553,NV,1,0.37139812111854553,1
ISIC_0029633,NV,1,0.37331607937812805,BKL,4,0.5460507273674011,0
ISIC_0029728,NV,1,0.3817729353904724,BCC,2,0.5970449447631836,0
ISIC_0034045,NV,1,0.3832004964351654,BCC,2,0.5339553952217102,0
ISIC_0032253,NV,1,0.41884008049964905,BCC,2,0.4712953269481659,0
ISIC_0032560,NV,1,0.42508313059806824,MEL,0,0.5560848712921143,0
ISIC_0025027,NV,1,0.4448387026786804,BCC,2,0.4779711663722992,0
ISIC_0025778,NV,1,0.44883477687835693,MEL,0,0.46742910146713257,0
ISIC_0026414,NV,1,0.4655361771583557,MEL,0,0.48170632123947144,0
ISIC_0033244,NV,1,0.4680568277835846,NV,1,0.4680568277835846,1
ISIC_0025734,NV,1,0.48328283429145813,NV,1,0.48328283429145813,1
ISIC_0033757,NV,1,0.4867907464504242,NV,1,0.4867907464504242,1
ISIC_0031202,NV,1,0.49006620049476624,NV,1,0.49006620049476624,1
ISIC_0026209,NV,1,0.505232572555542,NV,1,0.505232572555542,1
ISIC_0032646,NV,1,0.518059492111206,NV,1,0.518059492111206,1
ISIC_0031290,NV,1,0.5411428213119507,NV,1,0.5411428213119507,1
ISIC_0033253,NV,1,0.5427073240280151,NV,1,0.5427073240280151,1
ISIC_0031833,NV,1,0.5748552083969116,NV,1,0.5748552083969116,1
ISIC_0034204,NV,1,0.5748711824417114,NV,1,0.5748711824417114,1
ISIC_0025499,NV,1,0.5751409530639648,NV,1,0.5751409530639648,1
ISIC_0034237,NV,1,0.6129957437515259,NV,1,0.6129957437515259,1
ISIC_0025620,NV,1,0.6137847304344177,NV,1,0.6137847304344177,1
ISIC_0028010,NV,1,0.6207261681556702,NV,1,0.6207261681556702,1
ISIC_0027244,NV,1,0.6242939233779907,NV,1,0.6242939233779907,1
ISIC_0031216,NV,1,0.627318799495697,NV,1,0.627318799495697,1
ISIC_0028999,NV,1,0.6419602036476135,NV,1,0.6419602036476135,1
ISIC_0031942,NV,1,0.6560032963752747,NV,1,0.6560032963752747,1
ISIC_0026267,NV,1,0.6569914817810059,NV,1,0.6569914817810059,1
ISIC_0025947,NV,1,0.6645247340202332,NV,1,0.6645247340202332,1
ISIC_0034027,NV,1,0.6649325489997864,NV,1,0.6649325489997864,1
ISIC_0028417,NV,1,0.6704133749008179,NV,1,0.6704133749008179,1
ISIC_0025701,NV,1,0.6792623996734619,NV,1,0.6792623996734619,1
ISIC_0033552,NV,1,0.6793392300605774,NV,1,0.6793392300605774,1
ISIC_0028621,NV,1,0.6807107329368591,NV,1,0.6807107329368591,1
ISIC_0025461,NV,1,0.6820443272590637,NV,1,0.6820443272590637,1
ISIC_0032090,NV,1,0.6829216480255127,NV,1,0.6829216480255127,1
ISIC_0030645,NV,1,0.6831245422363281,NV,1,0.6831245422363281,1
ISIC_0032565,NV,1,0.6831731200218201,NV,1,0.6831731200218201,1
ISIC_0027073,NV,1,0.6861664652824402,NV,1,0.6861664652824402,1
ISIC_0032186,NV,1,0.6869171261787415,NV,1,0.6869171261787415,1
ISIC_0031510,NV,1,0.6869914531707764,NV,1,0.6869914531707764,1
ISIC_0030447,NV,1,0.6876834034919739,NV,1,0.6876834034919739,1
ISIC_0033589,NV,1,0.6877426505088806,NV,1,0.6877426505088806,1
ISIC_0030588,NV,1,0.6879304051399231,NV,1,0.6879304051399231,1
ISIC_0025756,NV,1,0.6913443803787231,NV,1,0.6913443803787231,1
ISIC_0033221,NV,1,0.6913865208625793,NV,1,0.6913865208625793,1
ISIC_0028967,NV,1,0.6970744132995605,NV,1,0.6970744132995605,1
ISIC_0024697,NV,1,0.7006069421768188,NV,1,0.7006069421768188,1
ISIC_0029300,NV,1,0.7009550333023071,NV,1,0.7009550333023071,1
ISIC_0028261,NV,1,0.703787088394165,NV,1,0.703787088394165,1
ISIC_0034039,NV,1,0.7052670121192932,NV,1,0.7052670121192932,1
ISIC_0033464,NV,1,0.708152711391449,NV,1,0.708152711391449,1
ISIC_0031131,NV,1,0.7103285789489746,NV,1,0.7103285789489746,1
ISIC_0026218,NV,1,0.7106167078018188,NV,1,0.7106167078018188,1
ISIC_0030053,NV,1,0.7110422253608704,NV,1,0.7110422253608704,1
ISIC_0030858,NV,1,0.7115874290466309,NV,1,0.7115874290466309,1
ISIC_0026584,NV,1,0.7154366374015808,NV,1,0.7154366374015808,1
ISIC_0031422,NV,1,0.7156356573104858,NV,1,0.7156356573104858,1
ISIC_0028557,NV,1,0.7173279523849487,NV,1,0.7173279523849487,1
ISIC_0025179,NV,1,0.7187380194664001,NV,1,0.7187380194664001,1
ISIC_0027031,NV,1,0.7192285060882568,NV,1,0.7192285060882568,1
ISIC_0026722,NV,1,0.7213075757026672,NV,1,0.7213075757026672,1
ISIC_0032096,NV,1,0.7279701232910156,NV,1,0.7279701232910156,1
ISIC_0026340,NV,1,0.7329168319702148,NV,1,0.7329168319702148,1
ISIC_0032855,NV,1,0.735278844833374,NV,1,0.735278844833374,1
ISIC_0030039,NV,1,0.7374480962753296,NV,1,0.7374480962753296,1
ISIC_0025553,NV,1,0.7376306653022766,NV,1,0.7376306653022766,1
ISIC_0032470,NV,1,0.7379850149154663,NV,1,0.7379850149154663,1
ISIC_0029479,NV,1,0.741113007068634,NV,1,0.741113007068634,1
ISIC_0033016,NV,1,0.7432906031608582,NV,1,0.7432906031608582,1
ISIC_0026123,NV,1,0.7448654770851135,NV,1,0.7448654770851135,1
ISIC_0027931,NV,1,0.7454124689102173,NV,1,0.7454124689102173,1
ISIC_0033964,NV,1,0.7463440895080566,NV,1,0.7463440895080566,1
ISIC_0024935,NV,1,0.7477653622627258,NV,1,0.7477653622627258,1
ISIC_0028932,NV,1,0.7482974529266357,NV,1,0.7482974529266357,1
ISIC_0031205,NV,1,0.7500026226043701,NV,1,0.7500026226043701,1
ISIC_0031926,NV,1,0.7513283491134644,NV,1,0.7513283491134644,1
ISIC_0032851,NV,1,0.7550959587097168,NV,1,0.7550959587097168,1
ISIC_0030922,NV,1,0.7555515766143799,NV,1,0.7555515766143799,1
ISIC_0030202,NV,1,0.7555906176567078,NV,1,0.7555906176567078,1
ISIC_0025352,NV,1,0.7560117840766907,NV,1,0.7560117840766907,1
ISIC_0029441,NV,1,0.7578394412994385,NV,1,0.7578394412994385,1
ISIC_0027097,NV,1,0.759567141532898,NV,1,0.759567141532898,1
ISIC_0032969,NV,1,0.7608064413070679,NV,1,0.7608064413070679,1
ISIC_0028478,NV,1,0.7630888819694519,NV,1,0.7630888819694519,1
ISIC_0025792,NV,1,0.7633092403411865,NV,1,0.7633092403411865,1
ISIC_0028581,NV,1,0.7633693218231201,NV,1,0.7633693218231201,1
ISIC_0032974,NV,1,0.7676048278808594,NV,1,0.7676048278808594,1
ISIC_0031595,NV,1,0.7707521319389343,NV,1,0.7707521319389343,1
ISIC_0028637,NV,1,0.772111177444458,NV,1,0.772111177444458,1
ISIC_0024827,NV,1,0.7746570706367493,NV,1,0.7746570706367493,1
ISIC_0025284,NV,1,0.7764238715171814,NV,1,0.7764238715171814,1
ISIC_0026711,NV,1,0.7772514820098877,NV,1,0.7772514820098877,1
ISIC_0030535,NV,1,0.7785210609436035,NV,1,0.7785210609436035,1
ISIC_0032608,NV,1,0.7826942801475525,NV,1,0.7826942801475525,1
ISIC_0026401,NV,1,0.7827710509300232,NV,1,0.7827710509300232,1
ISIC_0030839,NV,1,0.7842879295349121,NV,1,0.7842879295349121,1
ISIC_0029452,NV,1,0.7843459248542786,NV,1,0.7843459248542786,1
ISIC_0033072,NV,1,0.7852382063865662,NV,1,0.7852382063865662,1
ISIC_0024618,NV,1,0.7857345342636108,NV,1,0.7857345342636108,1
ISIC_0030308,NV,1,0.7881418466567993,NV,1,0.7881418466567993,1
ISIC_0033493,NV,1,0.7886233329772949,NV,1,0.7886233329772949,1
ISIC_0027639,NV,1,0.7889528870582581,NV,1,0.7889528870582581,1
ISIC_0025043,NV,1,0.7907032370567322,NV,1,0.7907032370567322,1
ISIC_0025946,NV,1,0.7907739281654358,NV,1,0.7907739281654358,1
ISIC_0033225,NV,1,0.7920334339141846,NV,1,0.7920334339141846,1
ISIC_0025892,NV,1,0.7922248840332031,NV,1,0.7922248840332031,1
ISIC_0033916,NV,1,0.7923868298530579,NV,1,0.7923868298530579,1
ISIC_0026124,NV,1,0.7924831509590149,NV,1,0.7924831509590149,1
ISIC_0031255,NV,1,0.7932619452476501,NV,1,0.7932619452476501,1
ISIC_0027568,NV,1,0.7933494448661804,NV,1,0.7933494448661804,1
ISIC_0030809,NV,1,0.7946799993515015,NV,1,0.7946799993515015,1
ISIC_0028117,NV,1,0.7949324250221252,NV,1,0.7949324250221252,1
ISIC_0031678,NV,1,0.7959370017051697,NV,1,0.7959370017051697,1
ISIC_0026295,NV,1,0.7995635271072388,NV,1,0.7995635271072388,1
ISIC_0027005,NV,1,0.8003230094909668,NV,1,0.8003230094909668,1
ISIC_0033850,NV,1,0.8015915155410767,NV,1,0.8015915155410767,1
ISIC_0027784,NV,1,0.8018681406974792,NV,1,0.8018681406974792,1
ISIC_0033596,NV,1,0.8026172518730164,NV,1,0.8026172518730164,1
ISIC_0032961,NV,1,0.8029555082321167,NV,1,0.8029555082321167,1
ISIC_0025742,NV,1,0.8040145635604858,NV,1,0.8040145635604858,1
ISIC_0031594,NV,1,0.8074927926063538,NV,1,0.8074927926063538,1
ISIC_0029222,NV,1,0.8081557154655457,NV,1,0.8081557154655457,1
ISIC_0027987,NV,1,0.8089693784713745,NV,1,0.8089693784713745,1
ISIC_0024818,NV,1,0.8095529079437256,NV,1,0.8095529079437256,1
ISIC_0028754,NV,1,0.8099972009658813,NV,1,0.8099972009658813,1
ISIC_0026427,NV,1,0.8105396628379822,NV,1,0.8105396628379822,1
ISIC_0033389,NV,1,0.8107814788818359,NV,1,0.8107814788818359,1
ISIC_0026569,NV,1,0.8122467994689941,NV,1,0.8122467994689941,1
ISIC_0031596,NV,1,0.813837468624115,NV,1,0.813837468624115,1
ISIC_0024798,NV,1,0.8140226006507874,NV,1,0.8140226006507874,1
ISIC_0031081,NV,1,0.8149009943008423,NV,1,0.8149009943008423,1
ISIC_0024791,NV,1,0.8152948021888733,NV,1,0.8152948021888733,1
ISIC_0025243,NV,1,0.8153311610221863,NV,1,0.8153311610221863,1
ISIC_0027358,NV,1,0.8166999220848083,NV,1,0.8166999220848083,1
ISIC_0032412,NV,1,0.8172025084495544,NV,1,0.8172025084495544,1
ISIC_0028036,NV,1,0.8184866905212402,NV,1,0.8184866905212402,1
ISIC_0034054,NV,1,0.8190516829490662,NV,1,0.8190516829490662,1
ISIC_0029385,NV,1,0.8190886378288269,NV,1,0.8190886378288269,1
ISIC_0027397,NV,1,0.8197696805000305,NV,1,0.8197696805000305,1
ISIC_0031111,NV,1,0.8201773762702942,NV,1,0.8201773762702942,1
ISIC_0026559,NV,1,0.8217915296554565,NV,1,0.8217915296554565,1
ISIC_0029390,NV,1,0.8224591016769409,NV,1,0.8224591016769409,1
ISIC_0025112,NV,1,0.8235424160957336,NV,1,0.8235424160957336,1
ISIC_0034090,NV,1,0.8249784111976624,NV,1,0.8249784111976624,1
ISIC_0033857,NV,1,0.8250396251678467,NV,1,0.8250396251678467,1
ISIC_0029978,NV,1,0.825731098651886,NV,1,0.825731098651886,1
ISIC_0030052,NV,1,0.8266139626502991,NV,1,0.8266139626502991,1
ISIC_0033162,NV,1,0.8275373578071594,NV,1,0.8275373578071594,1
ISIC_0031380,NV,1,0.828253448009491,NV,1,0.828253448009491,1
ISIC_0030569,NV,1,0.8284388780593872,NV,1,0.8284388780593872,1
ISIC_0030456,NV,1,0.828696072101593,NV,1,0.828696072101593,1
ISIC_0027585,NV,1,0.8289765119552612,NV,1,0.8289765119552612,1
ISIC_0031857,NV,1,0.8293951749801636,NV,1,0.8293951749801636,1
ISIC_0034010,NV,1,0.8301496505737305,NV,1,0.8301496505737305,1
ISIC_0030745,NV,1,0.8309938907623291,NV,1,0.8309938907623291,1
ISIC_0026326,NV,1,0.8326115608215332,NV,1,0.8326115608215332,1
ISIC_0026080,NV,1,0.8326241374015808,NV,1,0.8326241374015808,1
ISIC_0031991,NV,1,0.8331202864646912,NV,1,0.8331202864646912,1
ISIC_0025014,NV,1,0.8333228826522827,NV,1,0.8333228826522827,1
ISIC_0030064,NV,1,0.8350089192390442,NV,1,0.8350089192390442,1
ISIC_0034257,NV,1,0.8354607224464417,NV,1,0.8354607224464417,1
ISIC_0025967,NV,1,0.8354763984680176,NV,1,0.8354763984680176,1
ISIC_0025847,NV,1,0.8355448842048645,NV,1,0.8355448842048645,1
ISIC_0030358,NV,1,0.8355867862701416,NV,1,0.8355867862701416,1
ISIC_0033231,NV,1,0.8357831239700317,NV,1,0.8357831239700317,1
ISIC_0031105,NV,1,0.83675217628479,NV,1,0.83675217628479,1
ISIC_0034209,NV,1,0.8387623429298401,NV,1,0.8387623429298401,1
ISIC_0033903,NV,1,0.838943600654602,NV,1,0.838943600654602,1
ISIC_0028307,NV,1,0.8393483757972717,NV,1,0.8393483757972717,1
ISIC_0031938,NV,1,0.839495062828064,NV,1,0.839495062828064,1
ISIC_0028185,NV,1,0.8400189280509949,NV,1,0.8400189280509949,1
ISIC_0033364,NV,1,0.8403175473213196,NV,1,0.8403175473213196,1
ISIC_0031710,NV,1,0.8407723903656006,NV,1,0.8407723903656006,1
ISIC_0027670,NV,1,0.8413051962852478,NV,1,0.8413051962852478,1
ISIC_0029055,NV,1,0.8418840765953064,NV,1,0.8418840765953064,1
ISIC_0030890,NV,1,0.8421921133995056,NV,1,0.8421921133995056,1
ISIC_0029572,NV,1,0.8432195782661438,NV,1,0.8432195782661438,1
ISIC_0031331,NV,1,0.8432630300521851,NV,1,0.8432630300521851,1
ISIC_0025239,NV,1,0.8435153365135193,NV,1,0.8435153365135193,1
ISIC_0033772,NV,1,0.8453541994094849,NV,1,0.8453541994094849,1
ISIC_0032831,NV,1,0.8458445072174072,NV,1,0.8458445072174072,1
ISIC_0027213,NV,1,0.846634030342102,NV,1,0.846634030342102,1
ISIC_0027932,NV,1,0.8471266627311707,NV,1,0.8471266627311707,1
ISIC_0026402,NV,1,0.8471501469612122,NV,1,0.8471501469612122,1
ISIC_0029993,NV,1,0.8475358486175537,NV,1,0.8475358486175537,1
ISIC_0030209,NV,1,0.847555935382843,NV,1,0.847555935382843,1
ISIC_0030682,NV,1,0.847576916217804,NV,1,0.847576916217804,1
ISIC_0027834,NV,1,0.847584068775177,NV,1,0.847584068775177,1
ISIC_0029945,NV,1,0.8478816747665405,NV,1,0.8478816747665405,1
ISIC_0029306,NV,1,0.8482802510261536,NV,1,0.8482802510261536,1
ISIC_0027523,NV,1,0.8484935164451599,NV,1,0.8484935164451599,1
ISIC_0030566,NV,1,0.8487070798873901,NV,1,0.8487070798873901,1
ISIC_0025492,NV,1,0.849377453327179,NV,1,0.849377453327179,1
ISIC_0033897,NV,1,0.8494294881820679,NV,1,0.8494294881820679,1
ISIC_0024821,NV,1,0.8494918346405029,NV,1,0.8494918346405029,1
ISIC_0025910,NV,1,0.8505998253822327,NV,1,0.8505998253822327,1
ISIC_0033641,NV,1,0.8510484099388123,NV,1,0.8510484099388123,1
ISIC_0026404,NV,1,0.8511587381362915,NV,1,0.8511587381362915,1
ISIC_0029179,NV,1,0.8513181209564209,NV,1,0.8513181209564209,1
ISIC_0031534,NV,1,0.8514580130577087,NV,1,0.8514580130577087,1
ISIC_0026049,NV,1,0.8520413637161255,NV,1,0.8520413637161255,1
ISIC_0028758,NV,1,0.85208660364151,NV,1,0.85208660364151,1
ISIC_0026786,NV,1,0.8523862957954407,NV,1,0.8523862957954407,1
ISIC_0028384,NV,1,0.8525980114936829,NV,1,0.8525980114936829,1
ISIC_0028821,NV,1,0.8527172803878784,NV,1,0.8527172803878784,1
ISIC_0024838,NV,1,0.8529022336006165,NV,1,0.8529022336006165,1
ISIC_0033220,NV,1,0.8546170592308044,NV,1,0.8546170592308044,1
ISIC_0029994,NV,1,0.8556022047996521,NV,1,0.8556022047996521,1
ISIC_0032423,NV,1,0.8563416600227356,NV,1,0.8563416600227356,1
ISIC_0029765,NV,1,0.8568239212036133,NV,1,0.8568239212036133,1
ISIC_0032859,NV,1,0.8573728799819946,NV,1,0.8573728799819946,1
ISIC_0027429,NV,1,0.8574515581130981,NV,1,0.8574515581130981,1
ISIC_0026032,NV,1,0.8575037121772766,NV,1,0.8575037121772766,1
ISIC_0024762,NV,1,0.8578482270240784,NV,1,0.8578482270240784,1
ISIC_0030734,NV,1,0.8578877449035645,NV,1,0.8578877449035645,1
ISIC_0029393,NV,1,0.8582308888435364,NV,1,0.8582308888435364,1
ISIC_0033658,NV,1,0.8586105704307556,NV,1,0.8586105704307556,1
ISIC_0027467,NV,1,0.8594760894775391,NV,1,0.8594760894775391,1
ISIC_0031488,NV,1,0.8596229553222656,NV,1,0.8596229553222656,1
ISIC_0032525,NV,1,0.8596344590187073,NV,1,0.8596344590187073,1
ISIC_0032801,NV,1,0.8603677749633789,NV,1,0.8603677749633789,1
ISIC_0029071,NV,1,0.8603997826576233,NV,1,0.8603997826576233,1
ISIC_0032746,NV,1,0.8607905507087708,NV,1,0.8607905507087708,1
ISIC_0030666,NV,1,0.8613400459289551,NV,1,0.8613400459289551,1
ISIC_0029867,NV,1,0.8619989156723022,NV,1,0.8619989156723022,1
ISIC_0025181,NV,1,0.8623268008232117,NV,1,0.8623268008232117,1
ISIC_0034127,NV,1,0.8629641532897949,NV,1,0.8629641532897949,1
ISIC_0027286,NV,1,0.8633286356925964,NV,1,0.8633286356925964,1
ISIC_0034112,NV,1,0.8633449077606201,NV,1,0.8633449077606201,1
ISIC_0033960,NV,1,0.8634945750236511,NV,1,0.8634945750236511,1
ISIC_0033768,NV,1,0.8640565276145935,NV,1,0.8640565276145935,1
ISIC_0033101,NV,1,0.8644140958786011,NV,1,0.8644140958786011,1
ISIC_0024529,NV,1,0.8650777339935303,NV,1,0.8650777339935303,1
ISIC_0030743,NV,1,0.8651151657104492,NV,1,0.8651151657104492,1
ISIC_0033661,NV,1,0.8656629323959351,NV,1,0.8656629323959351,1
ISIC_0032924,NV,1,0.8659199476242065,NV,1,0.8659199476242065,1
ISIC_0033064,NV,1,0.8659479022026062,NV,1,0.8659479022026062,1
ISIC_0030479,NV,1,0.8660505414009094,NV,1,0.8660505414009094,1
ISIC_0027401,NV,1,0.8665271997451782,NV,1,0.8665271997451782,1
ISIC_0026594,NV,1,0.8670080304145813,NV,1,0.8670080304145813,1
ISIC_0031603,NV,1,0.8672676086425781,NV,1,0.8672676086425781,1
ISIC_0034025,NV,1,0.867668092250824,NV,1,0.867668092250824,1
ISIC_0026088,NV,1,0.868134081363678,NV,1,0.868134081363678,1
ISIC_0025150,NV,1,0.8686051368713379,NV,1,0.8686051368713379,1
ISIC_0028355,NV,1,0.8687663674354553,NV,1,0.8687663674354553,1
ISIC_0031151,NV,1,0.8692538142204285,NV,1,0.8692538142204285,1
ISIC_0031399,NV,1,0.869316816329956,NV,1,0.869316816329956,1
ISIC_0028382,NV,1,0.8695114254951477,NV,1,0.8695114254951477,1
ISIC_0029182,NV,1,0.8695352077484131,NV,1,0.8695352077484131,1
ISIC_0028665,NV,1,0.8698002099990845,NV,1,0.8698002099990845,1
ISIC_0027772,NV,1,0.8707335591316223,NV,1,0.8707335591316223,1
ISIC_0031727,NV,1,0.8709375858306885,NV,1,0.8709375858306885,1
ISIC_0025926,NV,1,0.8711972236633301,NV,1,0.8711972236633301,1
ISIC_0027755,NV,1,0.8713407516479492,NV,1,0.8713407516479492,1
ISIC_0027654,NV,1,0.871483564376831,NV,1,0.871483564376831,1
ISIC_0031814,NV,1,0.8718938827514648,NV,1,0.8718938827514648,1
ISIC_0033887,NV,1,0.8719325661659241,NV,1,0.8719325661659241,1
ISIC_0029645,NV,1,0.8725228309631348,NV,1,0.8725228309631348,1
ISIC_0034078,NV,1,0.8727284073829651,NV,1,0.8727284073829651,1
ISIC_0027278,NV,1,0.8727647662162781,NV,1,0.8727647662162781,1
ISIC_0030193,NV,1,0.8730117082595825,NV,1,0.8730117082595825,1
ISIC_0031682,NV,1,0.873153030872345,NV,1,0.873153030872345,1
ISIC_0026445,NV,1,0.8731580376625061,NV,1,0.8731580376625061,1
ISIC_0030537,NV,1,0.8737632036209106,NV,1,0.8737632036209106,1
ISIC_0027235,NV,1,0.8741210103034973,NV,1,0.8741210103034973,1
ISIC_0032562,NV,1,0.874175488948822,NV,1,0.874175488948822,1
ISIC_0032136,NV,1,0.8744115829467773,NV,1,0.8744115829467773,1
ISIC_0028461,NV,1,0.8744950890541077,NV,1,0.8744950890541077,1
ISIC_0026385,NV,1,0.8747934699058533,NV,1,0.8747934699058533,1
ISIC_0031180,NV,1,0.8749101758003235,NV,1,0.8749101758003235,1
ISIC_0027019,NV,1,0.8749265670776367,NV,1,0.8749265670776367,1
ISIC_0026974,NV,1,0.8751632571220398,NV,1,0.8751632571220398,1
ISIC_0026799,NV,1,0.875284731388092,NV,1,0.875284731388092,1
ISIC_0031613,NV,1,0.8753337860107422,NV,1,0.8753337860107422,1
ISIC_0026874,NV,1,0.8754578232765198,NV,1,0.8754578232765198,1
ISIC_0032601,NV,1,0.8755552172660828,NV,1,0.8755552172660828,1
ISIC_0025424,NV,1,0.8755744099617004,NV,1,0.8755744099617004,1
ISIC_0031523,NV,1,0.8756805658340454,NV,1,0.8756805658340454,1
ISIC_0032519,NV,1,0.8759908080101013,NV,1,0.8759908080101013,1
ISIC_0033463,NV,1,0.8762379288673401,NV,1,0.8762379288673401,1
ISIC_0029749,NV,1,0.8763340711593628,NV,1,0.8763340711593628,1
ISIC_0031533,NV,1,0.8768853545188904,NV,1,0.8768853545188904,1
ISIC_0024314,NV,1,0.8770965337753296,NV,1,0.8770965337753296,1
ISIC_0025026,NV,1,0.8775221705436707,NV,1,0.8775221705436707,1
ISIC_0030787,NV,1,0.8775455355644226,NV,1,0.8775455355644226,1
ISIC_0034217,NV,1,0.8779860734939575,NV,1,0.8779860734939575,1
ISIC_0031645,NV,1,0.8780888319015503,NV,1,0.8780888319015503,1
ISIC_0031742,NV,1,0.8781210780143738,NV,1,0.8781210780143738,1
ISIC_0031387,NV,1,0.8781760334968567,NV,1,0.8781760334968567,1
ISIC_0028353,NV,1,0.8783295154571533,NV,1,0.8783295154571533,1
ISIC_0031392,NV,1,0.8783953785896301,NV,1,0.8783953785896301,1
ISIC_0028430,NV,1,0.8786423802375793,NV,1,0.8786423802375793,1
ISIC_0031685,NV,1,0.8786487579345703,NV,1,0.8786487579345703,1
ISIC_0034190,NV,1,0.8788924217224121,NV,1,0.8788924217224121,1
ISIC_0032327,NV,1,0.878940224647522,NV,1,0.878940224647522,1
ISIC_0029641,NV,1,0.8790934085845947,NV,1,0.8790934085845947,1
ISIC_0027136,NV,1,0.8793911337852478,NV,1,0.8793911337852478,1
ISIC_0029714,NV,1,0.8806080222129822,NV,1,0.8806080222129822,1
ISIC_0031544,NV,1,0.8806766271591187,NV,1,0.8806766271591187,1
ISIC_0032176,NV,1,0.8806807994842529,NV,1,0.8806807994842529,1
ISIC_0031981,NV,1,0.8808045387268066,NV,1,0.8808045387268066,1
ISIC_0029160,NV,1,0.8809334635734558,NV,1,0.8809334635734558,1
ISIC_0032351,NV,1,0.8810078501701355,NV,1,0.8810078501701355,1
ISIC_0030603,NV,1,0.881319522857666,NV,1,0.881319522857666,1
ISIC_0029145,NV,1,0.8817691206932068,NV,1,0.8817691206932068,1
ISIC_0032530,NV,1,0.8820087313652039,NV,1,0.8820087313652039,1
ISIC_0032794,NV,1,0.8824901580810547,NV,1,0.8824901580810547,1
ISIC_0034043,NV,1,0.8829364776611328,NV,1,0.8829364776611328,1
ISIC_0028438,NV,1,0.8832477927207947,NV,1,0.8832477927207947,1
ISIC_0026890,NV,1,0.8838625550270081,NV,1,0.8838625550270081,1
ISIC_0031700,NV,1,0.884112536907196,NV,1,0.884112536907196,1
ISIC_0027072,NV,1,0.8841471076011658,NV,1,0.8841471076011658,1
ISIC_0030580,NV,1,0.8841823935508728,NV,1,0.8841823935508728,1
ISIC_0032874,NV,1,0.8842254281044006,NV,1,0.8842254281044006,1
ISIC_0025559,NV,1,0.884931206703186,NV,1,0.884931206703186,1
ISIC_0025206,NV,1,0.8850149512290955,NV,1,0.8850149512290955,1
ISIC_0028098,NV,1,0.8850828409194946,NV,1,0.8850828409194946,1
ISIC_0028571,NV,1,0.8853112459182739,NV,1,0.8853112459182739,1
ISIC_0033748,NV,1,0.885556161403656,NV,1,0.885556161403656,1
ISIC_0028780,NV,1,0.8857321739196777,NV,1,0.8857321739196777,1
ISIC_0026173,NV,1,0.8857346773147583,NV,1,0.8857346773147583,1
ISIC_0026850,NV,1,0.8858510255813599,NV,1,0.8858510255813599,1
ISIC_0027636,NV,1,0.8859065175056458,NV,1,0.8859065175056458,1
ISIC_0026651,NV,1,0.885931134223938,NV,1,0.885931134223938,1
ISIC_0025251,NV,1,0.8860116600990295,NV,1,0.8860116600990295,1
ISIC_0029476,NV,1,0.8864279389381409,NV,1,0.8864279389381409,1
ISIC_0032272,NV,1,0.8866426944732666,NV,1,0.8866426944732666,1
ISIC_0028428,NV,1,0.8869373202323914,NV,1,0.8869373202323914,1
ISIC_0026234,NV,1,0.8869854211807251,NV,1,0.8869854211807251,1
ISIC_0026537,NV,1,0.8870213627815247,NV,1,0.8870213627815247,1
ISIC_0025134,NV,1,0.8876515626907349,NV,1,0.8876515626907349,1
ISIC_0030416,NV,1,0.887688934803009,NV,1,0.887688934803009,1
ISIC_0032895,NV,1,0.8877249360084534,NV,1,0.8877249360084534,1
ISIC_0031572,NV,1,0.8877763748168945,NV,1,0.8877763748168945,1
ISIC_0026103,NV,1,0.8883183598518372,NV,1,0.8883183598518372,1
ISIC_0033618,NV,1,0.8883463740348816,NV,1,0.8883463740348816,1
ISIC_0032902,NV,1,0.888817310333252,NV,1,0.888817310333252,1
ISIC_0032666,NV,1,0.8889129757881165,NV,1,0.8889129757881165,1
ISIC_0031846,NV,1,0.8889992237091064,NV,1,0.8889992237091064,1
ISIC_0025257,NV,1,0.8893580436706543,NV,1,0.8893580436706543,1
ISIC_0030996,NV,1,0.8893638849258423,NV,1,0.8893638849258423,1
ISIC_0032737,NV,1,0.8895098567008972,NV,1,0.8895098567008972,1
ISIC_0031247,NV,1,0.8900207877159119,NV,1,0.8900207877159119,1
ISIC_0033737,NV,1,0.8903614282608032,NV,1,0.8903614282608032,1
ISIC_0028602,NV,1,0.8907095193862915,NV,1,0.8907095193862915,1
ISIC_0032028,NV,1,0.8907818794250488,NV,1,0.8907818794250488,1
ISIC_0033380,NV,1,0.8909482955932617,NV,1,0.8909482955932617,1
ISIC_0026557,NV,1,0.8910207748413086,NV,1,0.8910207748413086,1
ISIC_0030115,NV,1,0.8911584615707397,NV,1,0.8911584615707397,1
ISIC_0028344,NV,1,0.8912621140480042,NV,1,0.8912621140480042,1
ISIC_0032577,NV,1,0.891316831111908,NV,1,0.891316831111908,1
ISIC_0029149,NV,1,0.8913998007774353,NV,1,0.8913998007774353,1
ISIC_0030790,NV,1,0.8915458917617798,NV,1,0.8915458917617798,1
ISIC_0027975,NV,1,0.8916037082672119,NV,1,0.8916037082672119,1
ISIC_0024615,NV,1,0.8918027877807617,NV,1,0.8918027877807617,1
ISIC_0030892,NV,1,0.8918540477752686,NV,1,0.8918540477752686,1
ISIC_0028608,NV,1,0.8919331431388855,NV,1,0.8919331431388855,1
ISIC_0029359,NV,1,0.8920997977256775,NV,1,0.8920997977256775,1
ISIC_0028675,NV,1,0.892140805721283,NV,1,0.892140805721283,1
ISIC_0025909,NV,1,0.8929386138916016,NV,1,0.8929386138916016,1
ISIC_0025300,NV,1,0.892948567867279,NV,1,0.892948567867279,1
ISIC_0027415,NV,1,0.8929717540740967,NV,1,0.8929717540740967,1
ISIC_0030043,NV,1,0.8930380940437317,NV,1,0.8930380940437317,1
ISIC_0029465,NV,1,0.8930945992469788,NV,1,0.8930945992469788,1
ISIC_0034177,NV,1,0.8932744264602661,NV,1,0.8932744264602661,1
ISIC_0032884,NV,1,0.8934947848320007,NV,1,0.8934947848320007,1
ISIC_0028090,NV,1,0.894064724445343,NV,1,0.894064724445343,1
ISIC_0031863,NV,1,0.8942841291427612,NV,1,0.8942841291427612,1
ISIC_0028008,NV,1,0.8944088816642761,NV,1,0.8944088816642761,1
ISIC_0029858,NV,1,0.8947929739952087,NV,1,0.8947929739952087,1
ISIC_0031705,NV,1,0.8950676321983337,NV,1,0.8950676321983337,1
ISIC_0034230,NV,1,0.8952898383140564,NV,1,0.8952898383140564,1
ISIC_0031553,NV,1,0.8953636884689331,NV,1,0.8953636884689331,1
ISIC_0025815,NV,1,0.8955482244491577,NV,1,0.8955482244491577,1
ISIC_0028779,NV,1,0.8955979943275452,NV,1,0.8955979943275452,1
ISIC_0025402,NV,1,0.8956342339515686,NV,1,0.8956342339515686,1
ISIC_0032228,NV,1,0.8957697749137878,NV,1,0.8957697749137878,1
ISIC_0028767,NV,1,0.8957854509353638,NV,1,0.8957854509353638,1
ISIC_0028066,NV,1,0.8959234356880188,NV,1,0.8959234356880188,1
ISIC_0033623,NV,1,0.8959704041481018,NV,1,0.8959704041481018,1
ISIC_0030525,NV,1,0.8965412974357605,NV,1,0.8965412974357605,1
ISIC_0033009,NV,1,0.8967337608337402,NV,1,0.8967337608337402,1
ISIC_0029252,NV,1,0.896918535232544,NV,1,0.896918535232544,1
ISIC_0026488,NV,1,0.8969840407371521,NV,1,0.8969840407371521,1
ISIC_0029668,NV,1,0.8972305059432983,NV,1,0.8972305059432983,1
ISIC_0030016,NV,1,0.8972948789596558,NV,1,0.8972948789596558,1
ISIC_0024480,NV,1,0.8975048661231995,NV,1,0.8975048661231995,1
ISIC_0031621,NV,1,0.8976404666900635,NV,1,0.8976404666900635,1
ISIC_0031854,NV,1,0.897975504398346,NV,1,0.897975504398346,1
ISIC_0026781,NV,1,0.8981689810752869,NV,1,0.8981689810752869,1
ISIC_0031671,NV,1,0.8984969854354858,NV,1,0.8984969854354858,1
ISIC_0030902,NV,1,0.898780107498169,NV,1,0.898780107498169,1
ISIC_0025871,NV,1,0.8988497853279114,NV,1,0.8988497853279114,1
ISIC_0025090,NV,1,0.8990294337272644,NV,1,0.8990294337272644,1
ISIC_0034270,NV,1,0.8990891575813293,NV,1,0.8990891575813293,1
ISIC_0030949,NV,1,0.8991813659667969,NV,1,0.8991813659667969,1
ISIC_0028981,NV,1,0.8993173241615295,NV,1,0.8993173241615295,1
ISIC_0033839,NV,1,0.8994425535202026,NV,1,0.8994425535202026,1
ISIC_0030099,NV,1,0.8996410965919495,NV,1,0.8996410965919495,1
ISIC_0032281,NV,1,0.8997504115104675,NV,1,0.8997504115104675,1
ISIC_0027406,NV,1,0.89990234375,NV,1,0.89990234375,1
ISIC_0033858,NV,1,0.8999595046043396,NV,1,0.8999595046043396,1
ISIC_0031747,NV,1,0.9000018835067749,NV,1,0.9000018835067749,1
ISIC_0028272,NV,1,0.900105893611908,NV,1,0.900105893611908,1
ISIC_0026632,NV,1,0.9001529216766357,NV,1,0.9001529216766357,1
ISIC_0029553,NV,1,0.900205671787262,NV,1,0.900205671787262,1
ISIC_0027304,NV,1,0.9003964066505432,NV,1,0.9003964066505432,1
ISIC_0027129,NV,1,0.9005170464515686,NV,1,0.9005170464515686,1
ISIC_0030879,NV,1,0.9006070494651794,NV,1,0.9006070494651794,1
ISIC_0030914,NV,1,0.9007089734077454,NV,1,0.9007089734077454,1
ISIC_0033751,NV,1,0.900924026966095,NV,1,0.900924026966095,1
ISIC_0027416,NV,1,0.9011178612709045,NV,1,0.9011178612709045,1
ISIC_0032512,NV,1,0.901174783706665,NV,1,0.901174783706665,1
ISIC_0025151,NV,1,0.9012042880058289,NV,1,0.9012042880058289,1
ISIC_0025897,NV,1,0.9012276530265808,NV,1,0.9012276530265808,1
ISIC_0029624,NV,1,0.9012783765792847,NV,1,0.9012783765792847,1
ISIC_0024559,NV,1,0.9013369679450989,NV,1,0.9013369679450989,1
ISIC_0031460,NV,1,0.9013941884040833,NV,1,0.9013941884040833,1
ISIC_0026592,NV,1,0.9014975428581238,NV,1,0.9014975428581238,1
ISIC_0028027,NV,1,0.9016207456588745,NV,1,0.9016207456588745,1
ISIC_0026251,NV,1,0.9017119407653809,NV,1,0.9017119407653809,1
ISIC_0024874,NV,1,0.9017449021339417,NV,1,0.9017449021339417,1
ISIC_0032266,NV,1,0.9017556309700012,NV,1,0.9017556309700012,1
ISIC_0030299,NV,1,0.9018077850341797,NV,1,0.9018077850341797,1
ISIC_0031015,NV,1,0.901948094367981,NV,1,0.901948094367981,1
ISIC_0025310,NV,1,0.9024728536605835,NV,1,0.9024728536605835,1
ISIC_0031184,NV,1,0.9024950861930847,NV,1,0.9024950861930847,1
ISIC_0028293,NV,1,0.9027072787284851,NV,1,0.9027072787284851,1
ISIC_0026215,NV,1,0.9027456641197205,NV,1,0.9027456641197205,1
ISIC_0026217,NV,1,0.9031583666801453,NV,1,0.9031583666801453,1
ISIC_0026577,NV,1,0.9032106995582581,NV,1,0.9032106995582581,1
ISIC_0024863,NV,1,0.9032895565032959,NV,1,0.9032895565032959,1
ISIC_0029196,NV,1,0.9034185409545898,NV,1,0.9034185409545898,1
ISIC_0029194,NV,1,0.9034633040428162,NV,1,0.9034633040428162,1
ISIC_0030719,NV,1,0.9036632180213928,NV,1,0.9036632180213928,1
ISIC_0032345,NV,1,0.9036892056465149,NV,1,0.9036892056465149,1
ISIC_0031214,NV,1,0.9037485122680664,NV,1,0.9037485122680664,1
ISIC_0033219,NV,1,0.9041197896003723,NV,1,0.9041197896003723,1
ISIC_0025184,NV,1,0.9041230082511902,NV,1,0.9041230082511902,1
ISIC_0026454,NV,1,0.9041593670845032,NV,1,0.9041593670845032,1
ISIC_0025853,NV,1,0.9042249321937561,NV,1,0.9042249321937561,1
ISIC_0030873,NV,1,0.9042336344718933,NV,1,0.9042336344718933,1
ISIC_0033161,NV,1,0.9042595624923706,NV,1,0.9042595624923706,1
ISIC_0024964,NV,1,0.9043338298797607,NV,1,0.9043338298797607,1
ISIC_0032541,NV,1,0.9043897986412048,NV,1,0.9043897986412048,1
ISIC_0025295,NV,1,0.9045119285583496,NV,1,0.9045119285583496,1
ISIC_0026587,NV,1,0.9045360684394836,NV,1,0.9045360684394836,1
ISIC_0033692,NV,1,0.9045575261116028,NV,1,0.9045575261116028,1
ISIC_0027512,NV,1,0.9045599102973938,NV,1,0.9045599102973938,1
ISIC_0029355,NV,1,0.9046057462692261,NV,1,0.9046057462692261,1
ISIC_0025478,NV,1,0.9048207998275757,NV,1,0.9048207998275757,1
ISIC_0026055,NV,1,0.9048266410827637,NV,1,0.9048266410827637,1
ISIC_0032322,NV,1,0.904842734336853,NV,1,0.904842734336853,1
ISIC_0027448,NV,1,0.9048494100570679,NV,1,0.9048494100570679,1
ISIC_0028903,NV,1,0.9048633575439453,NV,1,0.9048633575439453,1
ISIC_0031455,NV,1,0.9051522612571716,NV,1,0.9051522612571716,1
ISIC_0028167,NV,1,0.905203640460968,NV,1,0.905203640460968,1
ISIC_0024870,NV,1,0.9055750370025635,NV,1,0.9055750370025635,1
ISIC_0033610,NV,1,0.9056519269943237,NV,1,0.9056519269943237,1
ISIC_0032966,NV,1,0.9056783318519592,NV,1,0.9056783318519592,1
ISIC_0025426,NV,1,0.9057074189186096,NV,1,0.9057074189186096,1
ISIC_0029685,NV,1,0.9058843851089478,NV,1,0.9058843851089478,1
ISIC_0025538,NV,1,0.905889630317688,NV,1,0.905889630317688,1
ISIC_0031663,NV,1,0.906846821308136,NV,1,0.906846821308136,1
ISIC_0032060,NV,1,0.9068506360054016,NV,1,0.9068506360054016,1
ISIC_0030820,NV,1,0.9069244861602783,NV,1,0.9069244861602783,1
ISIC_0030872,NV,1,0.9069296717643738,NV,1,0.9069296717643738,1
ISIC_0027623,NV,1,0.9069830179214478,NV,1,0.9069830179214478,1
ISIC_0030085,NV,1,0.9070395827293396,NV,1,0.9070395827293396,1
ISIC_0027578,NV,1,0.9070872664451599,NV,1,0.9070872664451599,1
ISIC_0030404,NV,1,0.9071434736251831,NV,1,0.9071434736251831,1
ISIC_0028447,NV,1,0.9072286486625671,NV,1,0.9072286486625671,1
ISIC_0024815,NV,1,0.9073475003242493,NV,1,0.9073475003242493,1
ISIC_0033445,NV,1,0.9075457453727722,NV,1,0.9075457453727722,1
ISIC_0031230,NV,1,0.9076125621795654,NV,1,0.9076125621795654,1
ISIC_0026166,NV,1,0.9076616168022156,NV,1,0.9076616168022156,1
ISIC_0033888,NV,1,0.9079954028129578,NV,1,0.9079954028129578,1
ISIC_0032791,NV,1,0.908009946346283,NV,1,0.908009946346283,1
ISIC_0033527,NV,1,0.9084018468856812,NV,1,0.9084018468856812,1
ISIC_0026054,NV,1,0.908436119556427,NV,1,0.908436119556427,1
ISIC_0030212,NV,1,0.9084634780883789,NV,1,0.9084634780883789,1
ISIC_0033602,NV,1,0.9084880352020264,NV,1,0.9084880352020264,1
ISIC_0029798,NV,1,0.9084882736206055,NV,1,0.9084882736206055,1
ISIC_0029656,NV,1,0.9085524082183838,NV,1,0.9085524082183838,1
ISIC_0030468,NV,1,0.9086481332778931,NV,1,0.9086481332778931,1
ISIC_0027440,NV,1,0.908819854259491,NV,1,0.908819854259491,1
ISIC_0032994,NV,1,0.9089033603668213,NV,1,0.9089033603668213,1
ISIC_0033098,NV,1,0.9089767932891846,NV,1,0.9089767932891846,1
ISIC_0025998,NV,1,0.9090179204940796,NV,1,0.9090179204940796,1
ISIC_0028834,NV,1,0.9090394377708435,NV,1,0.9090394377708435,1
ISIC_0029818,NV,1,0.9090963006019592,NV,1,0.9090963006019592,1
ISIC_0032067,NV,1,0.9091418385505676,NV,1,0.9091418385505676,1
ISIC_0030030,NV,1,0.909734308719635,NV,1,0.909734308719635,1
ISIC_0031696,NV,1,0.9097399115562439,NV,1,0.9097399115562439,1
ISIC_0027114,NV,1,0.9097460508346558,NV,1,0.9097460508346558,1
ISIC_0027003,NV,1,0.9099417924880981,NV,1,0.9099417924880981,1
ISIC_0033331,NV,1,0.9099665880203247,NV,1,0.9099665880203247,1
ISIC_0027458,NV,1,0.9100350141525269,NV,1,0.9100350141525269,1
ISIC_0025437,NV,1,0.9106263518333435,NV,1,0.9106263518333435,1
ISIC_0030351,NV,1,0.9106340408325195,NV,1,0.9106340408325195,1
ISIC_0028279,NV,1,0.9107093214988708,NV,1,0.9107093214988708,1
ISIC_0033404,NV,1,0.9108936190605164,NV,1,0.9108936190605164,1
ISIC_0025527,NV,1,0.9109574556350708,NV,1,0.9109574556350708,1
ISIC_0025705,NV,1,0.9115881323814392,NV,1,0.9115881323814392,1
ISIC_0031219,NV,1,0.9116749167442322,NV,1,0.9116749167442322,1
ISIC_0024718,NV,1,0.9117524027824402,NV,1,0.9117524027824402,1
ISIC_0028787,NV,1,0.9118465185165405,NV,1,0.9118465185165405,1
ISIC_0028715,NV,1,0.9119120836257935,NV,1,0.9119120836257935,1
ISIC_0028544,NV,1,0.9121352434158325,NV,1,0.9121352434158325,1
ISIC_0027198,NV,1,0.9122070670127869,NV,1,0.9122070670127869,1
ISIC_0030771,NV,1,0.912214994430542,NV,1,0.912214994430542,1
ISIC_0034310,NV,1,0.9123036861419678,NV,1,0.9123036861419678,1
ISIC_0029604,NV,1,0.9123532176017761,NV,1,0.9123532176017761,1
ISIC_0028270,NV,1,0.9123639464378357,NV,1,0.9123639464378357,1
ISIC_0028472,NV,1,0.9125774502754211,NV,1,0.9125774502754211,1
ISIC_0024576,NV,1,0.9126871228218079,NV,1,0.9126871228218079,1
ISIC_0033451,NV,1,0.9126988649368286,NV,1,0.9126988649368286,1
ISIC_0032383,NV,1,0.9127222895622253,NV,1,0.9127222895622253,1
ISIC_0033959,NV,1,0.9127252697944641,NV,1,0.9127252697944641,1
ISIC_0026707,NV,1,0.9127915501594543,NV,1,0.9127915501594543,1
ISIC_0025042,NV,1,0.9129806756973267,NV,1,0.9129806756973267,1
ISIC_0029661,NV,1,0.9129855632781982,NV,1,0.9129855632781982,1
ISIC_0030527,NV,1,0.913018524646759,NV,1,0.913018524646759,1
ISIC_0033941,NV,1,0.913032054901123,NV,1,0.913032054901123,1
ISIC_0030856,NV,1,0.9130512475967407,NV,1,0.9130512475967407,1
ISIC_0028912,NV,1,0.9132573008537292,NV,1,0.9132573008537292,1
ISIC_0026615,NV,1,0.913359522819519,NV,1,0.913359522819519,1
ISIC_0027482,NV,1,0.9133656620979309,NV,1,0.9133656620979309,1
ISIC_0032824,NV,1,0.9135903120040894,NV,1,0.9135903120040894,1
ISIC_0027645,NV,1,0.9136566519737244,NV,1,0.9136566519737244,1
ISIC_0031491,NV,1,0.9138590097427368,NV,1,0.9138590097427368,1
ISIC_0032650,NV,1,0.9140649437904358,NV,1,0.9140649437904358,1
ISIC_0029203,NV,1,0.9141334891319275,NV,1,0.9141334891319275,1
ISIC_0024389,NV,1,0.9141427278518677,NV,1,0.9141427278518677,1
ISIC_0028339,NV,1,0.9141496419906616,NV,1,0.9141496419906616,1
ISIC_0032151,NV,1,0.9143226742744446,NV,1,0.9143226742744446,1
ISIC_0031771,NV,1,0.9143633246421814,NV,1,0.9143633246421814,1
ISIC_0026497,NV,1,0.9144030213356018,NV,1,0.9144030213356018,1
ISIC_0032042,NV,1,0.914458155632019,NV,1,0.914458155632019,1
ISIC_0027271,NV,1,0.9145063161849976,NV,1,0.9145063161849976,1
ISIC_0026339,NV,1,0.9145703911781311,NV,1,0.9145703911781311,1
ISIC_0030940,NV,1,0.9146037101745605,NV,1,0.9146037101745605,1
ISIC_0033492,NV,1,0.9146847128868103,NV,1,0.9146847128868103,1
ISIC_0031837,NV,1,0.9146898984909058,NV,1,0.9146898984909058,1
ISIC_0033974,NV,1,0.9146970510482788,NV,1,0.9146970510482788,1
ISIC_0029826,NV,1,0.9148637652397156,NV,1,0.9148637652397156,1
ISIC_0025287,NV,1,0.914894700050354,NV,1,0.914894700050354,1
ISIC_0032385,NV,1,0.9150050282478333,NV,1,0.9150050282478333,1
ISIC_0032668,NV,1,0.9150495529174805,NV,1,0.9150495529174805,1
ISIC_0026616,NV,1,0.9151134490966797,NV,1,0.9151134490966797,1
ISIC_0024321,NV,1,0.9151363968849182,NV,1,0.9151363968849182,1
ISIC_0032706,NV,1,0.9151610732078552,NV,1,0.9151610732078552,1
ISIC_0028297,NV,1,0.9152543544769287,NV,1,0.9152543544769287,1
ISIC_0028546,NV,1,0.915255606174469,NV,1,0.915255606174469,1
ISIC_0026303,NV,1,0.9154536724090576,NV,1,0.9154536724090576,1
ISIC_0032027,NV,1,0.9154978394508362,NV,1,0.9154978394508362,1
ISIC_0028371,NV,1,0.9155054688453674,NV,1,0.9155054688453674,1
ISIC_0033765,NV,1,0.9156383872032166,NV,1,0.9156383872032166,1
ISIC_0030131,NV,1,0.9156661629676819,NV,1,0.9156661629676819,1
ISIC_0031563,NV,1,0.9158384799957275,NV,1,0.9158384799957275,1
ISIC_0027311,NV,1,0.9159902930259705,NV,1,0.9159902930259705,1
ISIC_0032720,NV,1,0.9159948229789734,NV,1,0.9159948229789734,1
ISIC_0025972,NV,1,0.9162368178367615,NV,1,0.9162368178367615,1
ISIC_0025633,NV,1,0.916239321231842,NV,1,0.916239321231842,1
ISIC_0026109,NV,1,0.9163596034049988,NV,1,0.9163596034049988,1
ISIC_0030680,NV,1,0.9164212942123413,NV,1,0.9164212942123413,1
ISIC_0027195,NV,1,0.9165624976158142,NV,1,0.9165624976158142,1
ISIC_0024820,NV,1,0.9165678024291992,NV,1,0.9165678024291992,1
ISIC_0025225,NV,1,0.916678249835968,NV,1,0.916678249835968,1
ISIC_0031935,NV,1,0.9167373776435852,NV,1,0.9167373776435852,1
ISIC_0025259,NV,1,0.9167904853820801,NV,1,0.9167904853820801,1
ISIC_0026508,NV,1,0.9168755412101746,NV,1,0.9168755412101746,1
ISIC_0026670,NV,1,0.9169789552688599,NV,1,0.9169789552688599,1
ISIC_0025959,NV,1,0.9170578718185425,NV,1,0.9170578718185425,1
ISIC_0027002,NV,1,0.9170734882354736,NV,1,0.9170734882354736,1
ISIC_0026191,NV,1,0.91713547706604,NV,1,0.91713547706604,1
ISIC_0030553,NV,1,0.9171518087387085,NV,1,0.9171518087387085,1
ISIC_0030944,NV,1,0.9171813130378723,NV,1,0.9171813130378723,1
ISIC_0034081,NV,1,0.9172897338867188,NV,1,0.9172897338867188,1
ISIC_0033574,NV,1,0.9173059463500977,NV,1,0.9173059463500977,1
ISIC_0029027,NV,1,0.9174577593803406,NV,1,0.9174577593803406,1
ISIC_0032181,NV,1,0.9175474643707275,NV,1,0.9175474643707275,1
ISIC_0033933,NV,1,0.9175816178321838,NV,1,0.9175816178321838,1
ISIC_0031053,NV,1,0.9175914525985718,NV,1,0.9175914525985718,1
ISIC_0025912,NV,1,0.9176728129386902,NV,1,0.9176728129386902,1
ISIC_0025173,NV,1,0.9177297353744507,NV,1,0.9177297353744507,1
ISIC_0025125,NV,1,0.9177899956703186,NV,1,0.9177899956703186,1
ISIC_0031769,NV,1,0.9179176688194275,NV,1,0.9179176688194275,1
ISIC_0030239,NV,1,0.9179298281669617,NV,1,0.9179298281669617,1
ISIC_0031467,NV,1,0.9179683923721313,NV,1,0.9179683923721313,1
ISIC_0025482,NV,1,0.9180735349655151,NV,1,0.9180735349655151,1
ISIC_0027181,NV,1,0.9181236028671265,NV,1,0.9181236028671265,1
ISIC_0033640,NV,1,0.918171763420105,NV,1,0.918171763420105,1
ISIC_0030886,NV,1,0.9182182550430298,NV,1,0.9182182550430298,1
ISIC_0033433,NV,1,0.9185789227485657,NV,1,0.9185789227485657,1
ISIC_0030598,NV,1,0.9186893105506897,NV,1,0.9186893105506897,1
ISIC_0030919,NV,1,0.9187023043632507,NV,1,0.9187023043632507,1
ISIC_0025695,NV,1,0.9187456369400024,NV,1,0.9187456369400024,1
ISIC_0033314,NV,1,0.9187489748001099,NV,1,0.9187489748001099,1
ISIC_0032346,NV,1,0.9187586307525635,NV,1,0.9187586307525635,1
ISIC_0027535,NV,1,0.9187750220298767,NV,1,0.9187750220298767,1
ISIC_0027728,NV,1,0.9188041090965271,NV,1,0.9188041090965271,1
ISIC_0027349,NV,1,0.9188789129257202,NV,1,0.9188789129257202,1
ISIC_0029959,NV,1,0.9189401865005493,NV,1,0.9189401865005493,1
ISIC_0026788,NV,1,0.9189589023590088,NV,1,0.9189589023590088,1
ISIC_0025318,NV,1,0.918968677520752,NV,1,0.918968677520752,1
ISIC_0024319,NV,1,0.9189730882644653,NV,1,0.9189730882644653,1
ISIC_0025270,NV,1,0.9191079139709473,NV,1,0.9191079139709473,1
ISIC_0032779,NV,1,0.9191676378250122,NV,1,0.9191676378250122,1
ISIC_0027259,NV,1,0.9192356467247009,NV,1,0.9192356467247009,1
ISIC_0032679,NV,1,0.9194359183311462,NV,1,0.9194359183311462,1
ISIC_0028385,NV,1,0.9195012450218201,NV,1,0.9195012450218201,1
ISIC_0033343,NV,1,0.9195563793182373,NV,1,0.9195563793182373,1
ISIC_0028985,NV,1,0.9196041822433472,NV,1,0.9196041822433472,1
ISIC_0032227,NV,1,0.9196218252182007,NV,1,0.9196218252182007,1
ISIC_0033978,NV,1,0.9196473360061646,NV,1,0.9196473360061646,1
ISIC_0026611,NV,1,0.9196856021881104,NV,1,0.9196856021881104,1
ISIC_0028966,NV,1,0.9197153449058533,NV,1,0.9197153449058533,1
ISIC_0025171,NV,1,0.9197787046432495,NV,1,0.9197787046432495,1
ISIC_0033625,NV,1,0.9198212623596191,NV,1,0.9198212623596191,1
ISIC_0028192,NV,1,0.9198432564735413,NV,1,0.9198432564735413,1
ISIC_0026534,NV,1,0.9198697805404663,NV,1,0.9198697805404663,1
ISIC_0027986,NV,1,0.9198861122131348,NV,1,0.9198861122131348,1
ISIC_0032542,NV,1,0.9199097156524658,NV,1,0.9199097156524658,1
ISIC_0032747,NV,1,0.9199464321136475,NV,1,0.9199464321136475,1
ISIC_0028516,NV,1,0.9200264811515808,NV,1,0.9200264811515808,1
ISIC_0026098,NV,1,0.9200655817985535,NV,1,0.9200655817985535,1
ISIC_0034179,NV,1,0.9202114343643188,NV,1,0.9202114343643188,1
ISIC_0027434,NV,1,0.9202329516410828,NV,1,0.9202329516410828,1
ISIC_0031018,NV,1,0.9203336834907532,NV,1,0.9203336834907532,1
ISIC_0030450,NV,1,0.920377254486084,NV,1,0.920377254486084,1
ISIC_0029804,NV,1,0.920400857925415,NV,1,0.920400857925415,1
ISIC_0027714,NV,1,0.9205500483512878,NV,1,0.9205500483512878,1
ISIC_0025993,NV,1,0.9207519292831421,NV,1,0.9207519292831421,1
ISIC_0030100,NV,1,0.9207558631896973,NV,1,0.9207558631896973,1
ISIC_0025687,NV,1,0.9208527207374573,NV,1,0.9208527207374573,1
ISIC_0027251,NV,1,0.9209170937538147,NV,1,0.9209170937538147,1
ISIC_0033290,NV,1,0.920989990234375,NV,1,0.920989990234375,1
ISIC_0029569,NV,1,0.920991837978363,NV,1,0.920991837978363,1
ISIC_0033144,NV,1,0.920997679233551,NV,1,0.920997679233551,1
ISIC_0024512,NV,1,0.9210333824157715,NV,1,0.9210333824157715,1
ISIC_0026136,NV,1,0.9211788177490234,NV,1,0.9211788177490234,1
ISIC_0032793,NV,1,0.9213033318519592,NV,1,0.9213033318519592,1
ISIC_0032320,NV,1,0.9213383793830872,NV,1,0.9213383793830872,1
ISIC_0029938,NV,1,0.9214600920677185,NV,1,0.9214600920677185,1
ISIC_0024777,NV,1,0.9215376377105713,NV,1,0.9215376377105713,1
ISIC_0029054,NV,1,0.9215645790100098,NV,1,0.9215645790100098,1
ISIC_0028424,NV,1,0.9215696454048157,NV,1,0.9215696454048157,1
ISIC_0032548,NV,1,0.921613872051239,NV,1,0.921613872051239,1
ISIC_0031474,NV,1,0.9217094779014587,NV,1,0.9217094779014587,1
ISIC_0026168,NV,1,0.9217209219932556,NV,1,0.9217209219932556,1
ISIC_0025487,NV,1,0.9217283129692078,NV,1,0.9217283129692078,1
ISIC_0025444,NV,1,0.9217533469200134,NV,1,0.9217533469200134,1
ISIC_0032195,NV,1,0.9219410419464111,NV,1,0.9219410419464111,1
ISIC_0031342,NV,1,0.9219995141029358,NV,1,0.9219995141029358,1
ISIC_0027249,NV,1,0.9220300316810608,NV,1,0.9220300316810608,1
ISIC_0033585,NV,1,0.9221566319465637,NV,1,0.9221566319465637,1
ISIC_0030477,NV,1,0.9221906065940857,NV,1,0.9221906065940857,1
ISIC_0024703,NV,1,0.9223409295082092,NV,1,0.9223409295082092,1
ISIC_0027862,NV,1,0.9223753213882446,NV,1,0.9223753213882446,1
ISIC_0027898,NV,1,0.9224017262458801,NV,1,0.9224017262458801,1
ISIC_0024335,NV,1,0.9224199652671814,NV,1,0.9224199652671814,1
ISIC_0029365,NV,1,0.9224374890327454,NV,1,0.9224374890327454,1
ISIC_0028942,NV,1,0.9224585890769958,NV,1,0.9224585890769958,1
ISIC_0025683,NV,1,0.9224984049797058,NV,1,0.9224984049797058,1
ISIC_0026727,NV,1,0.9225091338157654,NV,1,0.9225091338157654,1
ISIC_0030664,NV,1,0.9225454330444336,NV,1,0.9225454330444336,1
ISIC_0025256,NV,1,0.9226232767105103,NV,1,0.9226232767105103,1
ISIC_0029016,NV,1,0.9226313829421997,NV,1,0.9226313829421997,1
ISIC_0033327,NV,1,0.9227120876312256,NV,1,0.9227120876312256,1
ISIC_0031220,NV,1,0.9227193593978882,NV,1,0.9227193593978882,1
ISIC_0024588,NV,1,0.9227657914161682,NV,1,0.9227657914161682,1
ISIC_0032032,NV,1,0.9228444695472717,NV,1,0.9228444695472717,1
ISIC_0028244,NV,1,0.922881007194519,NV,1,0.922881007194519,1
ISIC_0031426,NV,1,0.9229605197906494,NV,1,0.9229605197906494,1
ISIC_0034279,NV,1,0.9230307936668396,NV,1,0.9230307936668396,1
ISIC_0024899,NV,1,0.9231717586517334,NV,1,0.9231717586517334,1
ISIC_0027161,NV,1,0.9232480525970459,NV,1,0.9232480525970459,1
ISIC_0027384,NV,1,0.923262894153595,NV,1,0.923262894153595,1
ISIC_0032484,NV,1,0.9233541488647461,NV,1,0.9233541488647461,1
ISIC_0028271,NV,1,0.9233606457710266,NV,1,0.9233606457710266,1
ISIC_0033822,NV,1,0.9234143495559692,NV,1,0.9234143495559692,1
ISIC_0030945,NV,1,0.9234609007835388,NV,1,0.9234609007835388,1
ISIC_0026830,NV,1,0.9234845638275146,NV,1,0.9234845638275146,1
ISIC_0026195,NV,1,0.923493504524231,NV,1,0.923493504524231,1
ISIC_0033826,NV,1,0.9235260486602783,NV,1,0.9235260486602783,1
ISIC_0028950,NV,1,0.9235303401947021,NV,1,0.9235303401947021,1
ISIC_0027329,NV,1,0.9236366152763367,NV,1,0.9236366152763367,1
ISIC_0027682,NV,1,0.9236582517623901,NV,1,0.9236582517623901,1
ISIC_0029191,NV,1,0.923693060874939,NV,1,0.923693060874939,1
ISIC_0026550,NV,1,0.9237422943115234,NV,1,0.9237422943115234,1
ISIC_0024499,NV,1,0.9237428903579712,NV,1,0.9237428903579712,1
ISIC_0026036,NV,1,0.9237490892410278,NV,1,0.9237490892410278,1
ISIC_0024416,NV,1,0.9238739013671875,NV,1,0.9238739013671875,1
ISIC_0025958,NV,1,0.9239073991775513,NV,1,0.9239073991775513,1
ISIC_0031482,NV,1,0.9239112734794617,NV,1,0.9239112734794617,1
ISIC_0033511,NV,1,0.9239164590835571,NV,1,0.9239164590835571,1
ISIC_0029189,NV,1,0.9239229559898376,NV,1,0.9239229559898376,1
ISIC_0033832,NV,1,0.9239896535873413,NV,1,0.9239896535873413,1
ISIC_0033113,NV,1,0.9239938855171204,NV,1,0.9239938855171204,1
ISIC_0026619,NV,1,0.9240115880966187,NV,1,0.9240115880966187,1
ISIC_0028768,NV,1,0.9240559935569763,NV,1,0.9240559935569763,1
ISIC_0029273,NV,1,0.9241266250610352,NV,1,0.9241266250610352,1
ISIC_0029520,NV,1,0.9241411685943604,NV,1,0.9241411685943604,1
ISIC_0026666,NV,1,0.9241952896118164,NV,1,0.9241952896118164,1
ISIC_0028867,NV,1,0.9242156147956848,NV,1,0.9242156147956848,1
ISIC_0030407,NV,1,0.9242444634437561,NV,1,0.9242444634437561,1
ISIC_0033107,NV,1,0.9242508411407471,NV,1,0.9242508411407471,1
ISIC_0025193,NV,1,0.9242867827415466,NV,1,0.9242867827415466,1
ISIC_0027783,NV,1,0.924322783946991,NV,1,0.924322783946991,1
ISIC_0027621,NV,1,0.9243956804275513,NV,1,0.9243956804275513,1
ISIC_0024549,NV,1,0.9244329929351807,NV,1,0.9244329929351807,1
ISIC_0025475,NV,1,0.9245154857635498,NV,1,0.9245154857635498,1
ISIC_0033090,NV,1,0.9245348572731018,NV,1,0.9245348572731018,1
ISIC_0028488,NV,1,0.9245743155479431,NV,1,0.9245743155479431,1
ISIC_0032025,NV,1,0.9245829582214355,NV,1,0.9245829582214355,1
ISIC_0028839,NV,1,0.9246312379837036,NV,1,0.9246312379837036,1
ISIC_0029011,NV,1,0.924633800983429,NV,1,0.924633800983429,1
ISIC_0029469,NV,1,0.9246833324432373,NV,1,0.9246833324432373,1
ISIC_0033119,NV,1,0.924688458442688,NV,1,0.924688458442688,1
ISIC_0032427,NV,1,0.9247362613677979,NV,1,0.9247362613677979,1
ISIC_0031892,NV,1,0.9247793555259705,NV,1,0.9247793555259705,1
ISIC_0028551,NV,1,0.9249054193496704,NV,1,0.9249054193496704,1
ISIC_0031395,NV,1,0.9249303936958313,NV,1,0.9249303936958313,1
ISIC_0028392,NV,1,0.9249750375747681,NV,1,0.9249750375747681,1
ISIC_0025468,NV,1,0.924990177154541,NV,1,0.924990177154541,1
ISIC_0031254,NV,1,0.9250180721282959,NV,1,0.9250180721282959,1
ISIC_0033936,NV,1,0.9250754117965698,NV,1,0.9250754117965698,1
ISIC_0027165,NV,1,0.9251106381416321,NV,1,0.9251106381416321,1
ISIC_0030092,NV,1,0.9251341819763184,NV,1,0.9251341819763184,1
ISIC_0032405,NV,1,0.9251812100410461,NV,1,0.9251812100410461,1
ISIC_0027861,NV,1,0.9252261519432068,NV,1,0.9252261519432068,1
ISIC_0026426,NV,1,0.9253587126731873,NV,1,0.9253587126731873,1
ISIC_0027257,NV,1,0.9253643155097961,NV,1,0.9253643155097961,1
ISIC_0026703,NV,1,0.9254021048545837,NV,1,0.9254021048545837,1
ISIC_0028620,NV,1,0.9254043102264404,NV,1,0.9254043102264404,1
ISIC_0026390,NV,1,0.9254167079925537,NV,1,0.9254167079925537,1
ISIC_0025271,NV,1,0.9254276156425476,NV,1,0.9254276156425476,1
ISIC_0027661,NV,1,0.9254366159439087,NV,1,0.9254366159439087,1
ISIC_0024466,NV,1,0.9254615902900696,NV,1,0.9254615902900696,1
ISIC_0029935,NV,1,0.9254944920539856,NV,1,0.9254944920539856,1
ISIC_0027230,NV,1,0.925544023513794,NV,1,0.925544023513794,1
ISIC_0029104,NV,1,0.9257088899612427,NV,1,0.9257088899612427,1
ISIC_0027020,NV,1,0.9257863759994507,NV,1,0.9257863759994507,1
ISIC_0029704,NV,1,0.9257903695106506,NV,1,0.9257903695106506,1
ISIC_0034320,NV,1,0.9258308410644531,NV,1,0.9258308410644531,1
ISIC_0028039,NV,1,0.9258764982223511,NV,1,0.9258764982223511,1
ISIC_0024322,NV,1,0.9259013533592224,NV,1,0.9259013533592224,1
ISIC_0032910,NV,1,0.9259063601493835,NV,1,0.9259063601493835,1
ISIC_0034292,NV,1,0.9259376525878906,NV,1,0.9259376525878906,1
ISIC_0029560,NV,1,0.9259728193283081,NV,1,0.9259728193283081,1
ISIC_0025328,NV,1,0.9260926842689514,NV,1,0.9260926842689514,1
ISIC_0028281,NV,1,0.926129937171936,NV,1,0.926129937171936,1
ISIC_0027839,NV,1,0.9262778162956238,NV,1,0.9262778162956238,1
ISIC_0031288,NV,1,0.926339864730835,NV,1,0.926339864730835,1
ISIC_0026179,NV,1,0.9263496994972229,NV,1,0.9263496994972229,1
ISIC_0032524,NV,1,0.9263724088668823,NV,1,0.9263724088668823,1
ISIC_0028751,NV,1,0.9263935089111328,NV,1,0.9263935089111328,1
ISIC_0028827,NV,1,0.9263962507247925,NV,1,0.9263962507247925,1
ISIC_0031573,NV,1,0.9264212250709534,NV,1,0.9264212250709534,1
ISIC_0032734,NV,1,0.9264606237411499,NV,1,0.9264606237411499,1
ISIC_0025722,NV,1,0.9265378713607788,NV,1,0.9265378713607788,1
ISIC_0032432,NV,1,0.9265434145927429,NV,1,0.9265434145927429,1
ISIC_0030693,NV,1,0.9265562891960144,NV,1,0.9265562891960144,1
ISIC_0033970,NV,1,0.9265745878219604,NV,1,0.9265745878219604,1
ISIC_0033688,NV,1,0.9265772700309753,NV,1,0.9265772700309753,1
ISIC_0034129,NV,1,0.9265878200531006,NV,1,0.9265878200531006,1
ISIC_0024840,NV,1,0.9266106486320496,NV,1,0.9266106486320496,1
ISIC_0031332,NV,1,0.9266393780708313,NV,1,0.9266393780708313,1
ISIC_0033781,NV,1,0.9266687035560608,NV,1,0.9266687035560608,1
ISIC_0024638,NV,1,0.9267242550849915,NV,1,0.9267242550849915,1
ISIC_0027804,NV,1,0.9267557263374329,NV,1,0.9267557263374329,1
ISIC_0029537,NV,1,0.9267860054969788,NV,1,0.9267860054969788,1
ISIC_0031367,NV,1,0.9268016815185547,NV,1,0.9268016815185547,1
ISIC_0032832,NV,1,0.9268551468849182,NV,1,0.9268551468849182,1
ISIC_0028062,NV,1,0.9268762469291687,NV,1,0.9268762469291687,1
ISIC_0025311,NV,1,0.9270764589309692,NV,1,0.9270764589309692,1
ISIC_0031462,NV,1,0.9270852208137512,NV,1,0.9270852208137512,1
ISIC_0032239,NV,1,0.9271033406257629,NV,1,0.9271033406257629,1
ISIC_0027049,NV,1,0.9271140098571777,NV,1,0.9271140098571777,1
ISIC_0031737,NV,1,0.9271650910377502,NV,1,0.9271650910377502,1
ISIC_0032648,NV,1,0.9271665811538696,NV,1,0.9271665811538696,1
ISIC_0026146,NV,1,0.9271705746650696,NV,1,0.9271705746650696,1
ISIC_0028585,NV,1,0.9272536635398865,NV,1,0.9272536635398865,1
ISIC_0025901,NV,1,0.9273053407669067,NV,1,0.9273053407669067,1
ISIC_0027551,NV,1,0.9273402690887451,NV,1,0.9273402690887451,1
ISIC_0032041,NV,1,0.9273970723152161,NV,1,0.9273970723152161,1
ISIC_0026638,NV,1,0.927430272102356,NV,1,0.927430272102356,1
ISIC_0033572,NV,1,0.9276056885719299,NV,1,0.9276056885719299,1
ISIC_0030855,NV,1,0.9276371598243713,NV,1,0.9276371598243713,1
ISIC_0034146,NV,1,0.927725613117218,NV,1,0.927725613117218,1
ISIC_0029236,NV,1,0.9278281927108765,NV,1,0.9278281927108765,1
ISIC_0031412,NV,1,0.927828848361969,NV,1,0.927828848361969,1
ISIC_0033100,NV,1,0.927863597869873,NV,1,0.927863597869873,1
ISIC_0032065,NV,1,0.9279004335403442,NV,1,0.9279004335403442,1
ISIC_0029724,NV,1,0.9279390573501587,NV,1,0.9279390573501587,1
ISIC_0032451,NV,1,0.9279643297195435,NV,1,0.9279643297195435,1
ISIC_0032518,NV,1,0.9279826879501343,NV,1,0.9279826879501343,1
ISIC_0024524,NV,1,0.9280012845993042,NV,1,0.9280012845993042,1
ISIC_0031625,NV,1,0.9280014634132385,NV,1,0.9280014634132385,1
ISIC_0029723,NV,1,0.9280146956443787,NV,1,0.9280146956443787,1
ISIC_0032818,NV,1,0.9280190467834473,NV,1,0.9280190467834473,1
ISIC_0032686,NV,1,0.9280730485916138,NV,1,0.9280730485916138,1
ISIC_0032082,NV,1,0.9280816316604614,NV,1,0.9280816316604614,1
ISIC_0024783,NV,1,0.9281162619590759,NV,1,0.9281162619590759,1
ISIC_0030650,NV,1,0.9281197190284729,NV,1,0.9281197190284729,1
ISIC_0032743,NV,1,0.9281421303749084,NV,1,0.9281421303749084,1
ISIC_0024392,NV,1,0.9281586408615112,NV,1,0.9281586408615112,1
ISIC_0029866,NV,1,0.9282005429267883,NV,1,0.9282005429267883,1
ISIC_0032435,NV,1,0.9282039403915405,NV,1,0.9282039403915405,1
ISIC_0030704,NV,1,0.9282276630401611,NV,1,0.9282276630401611,1
ISIC_0027062,NV,1,0.9282984733581543,NV,1,0.9282984733581543,1
ISIC_0033365,NV,1,0.928305447101593,NV,1,0.928305447101593,1
ISIC_0028694,NV,1,0.928327739238739,NV,1,0.928327739238739,1
ISIC_0026839,NV,1,0.9283479452133179,NV,1,0.9283479452133179,1
ISIC_0026725,NV,1,0.9283963441848755,NV,1,0.9283963441848755,1
ISIC_0027185,NV,1,0.928431510925293,NV,1,0.928431510925293,1
ISIC_0026642,NV,1,0.9284666776657104,NV,1,0.9284666776657104,1
ISIC_0027439,NV,1,0.9285014867782593,NV,1,0.9285014867782593,1
ISIC_0030983,NV,1,0.9285110235214233,NV,1,0.9285110235214233,1
ISIC_0030764,NV,1,0.9285508394241333,NV,1,0.9285508394241333,1
ISIC_0031813,NV,1,0.9285650849342346,NV,1,0.9285650849342346,1
ISIC_0032142,NV,1,0.9286161065101624,NV,1,0.9286161065101624,1
ISIC_0029908,NV,1,0.9286595582962036,NV,1,0.9286595582962036,1
ISIC_0024349,NV,1,0.9287071824073792,NV,1,0.9287071824073792,1
ISIC_0032900,NV,1,0.9287460446357727,NV,1,0.9287460446357727,1
ISIC_0033227,NV,1,0.9287828803062439,NV,1,0.9287828803062439,1
ISIC_0025905,NV,1,0.9289013147354126,NV,1,0.9289013147354126,1
ISIC_0028364,NV,1,0.9289075136184692,NV,1,0.9289075136184692,1
ISIC_0027662,NV,1,0.9289722442626953,NV,1,0.9289722442626953,1
ISIC_0031869,NV,1,0.9289764165878296,NV,1,0.9289764165878296,1
ISIC_0029882,NV,1,0.9289810657501221,NV,1,0.9289810657501221,1
ISIC_0030763,NV,1,0.9289868474006653,NV,1,0.9289868474006653,1
ISIC_0025390,NV,1,0.9289965033531189,NV,1,0.9289965033531189,1
ISIC_0025138,NV,1,0.9290428757667542,NV,1,0.9290428757667542,1
ISIC_0025614,NV,1,0.9290534853935242,NV,1,0.9290534853935242,1
ISIC_0031199,NV,1,0.929115355014801,NV,1,0.929115355014801,1
ISIC_0028083,NV,1,0.9291555881500244,NV,1,0.9291555881500244,1
ISIC_0031665,NV,1,0.9291917085647583,NV,1,0.9291917085647583,1
ISIC_0025152,NV,1,0.9292864203453064,NV,1,0.9292864203453064,1
ISIC_0028884,NV,1,0.9292950630187988,NV,1,0.9292950630187988,1
ISIC_0026274,NV,1,0.9293597340583801,NV,1,0.9293597340583801,1
ISIC_0027936,NV,1,0.9294264316558838,NV,1,0.9294264316558838,1
ISIC_0028742,NV,1,0.9294344782829285,NV,1,0.9294344782829285,1
ISIC_0032406,NV,1,0.9294383525848389,NV,1,0.9294383525848389,1
ISIC_0031293,NV,1,0.9294452667236328,NV,1,0.9294452667236328,1
ISIC_0025552,NV,1,0.9295114874839783,NV,1,0.9295114874839783,1
ISIC_0028599,NV,1,0.9296554327011108,NV,1,0.9296554327011108,1
ISIC_0031880,NV,1,0.9296611547470093,NV,1,0.9296611547470093,1
ISIC_0027209,NV,1,0.9296714663505554,NV,1,0.9296714663505554,1
ISIC_0028923,NV,1,0.9297110438346863,NV,1,0.9297110438346863,1
ISIC_0024347,NV,1,0.9297637939453125,NV,1,0.9297637939453125,1
ISIC_0033703,NV,1,0.9297640919685364,NV,1,0.9297640919685364,1
ISIC_0029007,NV,1,0.9297847151756287,NV,1,0.9297847151756287,1
ISIC_0025141,NV,1,0.9298118352890015,NV,1,0.9298118352890015,1
ISIC_0033282,NV,1,0.9298338890075684,NV,1,0.9298338890075684,1
ISIC_0026318,NV,1,0.9299241900444031,NV,1,0.9299241900444031,1
ISIC_0033148,NV,1,0.9299252033233643,NV,1,0.9299252033233643,1
ISIC_0029746,NV,1,0.9299415946006775,NV,1,0.9299415946006775,1
ISIC_0034075,NV,1,0.9299497604370117,NV,1,0.9299497604370117,1
ISIC_0026348,NV,1,0.9299677014350891,NV,1,0.9299677014350891,1
ISIC_0031832,NV,1,0.9300413131713867,NV,1,0.9300413131713867,1
ISIC_0025293,NV,1,0.930046021938324,NV,1,0.930046021938324,1
ISIC_0031909,NV,1,0.9300478100776672,NV,1,0.9300478100776672,1
ISIC_0030038,NV,1,0.9300490617752075,NV,1,0.9300490617752075,1
ISIC_0034035,NV,1,0.9300790429115295,NV,1,0.9300790429115295,1
ISIC_0027842,NV,1,0.9301266670227051,NV,1,0.9301266670227051,1
ISIC_0028956,NV,1,0.9301794767379761,NV,1,0.9301794767379761,1
ISIC_0024316,NV,1,0.9302037358283997,NV,1,0.9302037358283997,1
ISIC_0033566,NV,1,0.9302308559417725,NV,1,0.9302308559417725,1
ISIC_0027949,NV,1,0.9302606582641602,NV,1,0.9302606582641602,1
ISIC_0028179,NV,1,0.9302871823310852,NV,1,0.9302871823310852,1
ISIC_0025021,NV,1,0.9303292632102966,NV,1,0.9303292632102966,1
ISIC_0033330,NV,1,0.9303698539733887,NV,1,0.9303698539733887,1
ISIC_0025749,NV,1,0.9303852319717407,NV,1,0.9303852319717407,1
ISIC_0027088,NV,1,0.9303944706916809,NV,1,0.9303944706916809,1
ISIC_0032705,NV,1,0.9304050207138062,NV,1,0.9304050207138062,1
ISIC_0031782,NV,1,0.9304341077804565,NV,1,0.9304341077804565,1
ISIC_0027572,NV,1,0.9304375052452087,NV,1,0.9304375052452087,1
ISIC_0029875,NV,1,0.9304537177085876,NV,1,0.9304537177085876,1
ISIC_0029256,NV,1,0.9305728673934937,NV,1,0.9305728673934937,1
ISIC_0034207,NV,1,0.9306249618530273,NV,1,0.9306249618530273,1
ISIC_0028248,NV,1,0.9306668043136597,NV,1,0.9306668043136597,1
ISIC_0028616,NV,1,0.9306690692901611,NV,1,0.9306690692901611,1
ISIC_0029132,NV,1,0.9306917786598206,NV,1,0.9306917786598206,1
ISIC_0030086,NV,1,0.9307010769844055,NV,1,0.9307010769844055,1
ISIC_0026914,NV,1,0.9307542443275452,NV,1,0.9307542443275452,1
ISIC_0025380,NV,1,0.9307764768600464,NV,1,0.9307764768600464,1
ISIC_0025619,NV,1,0.930812418460846,NV,1,0.930812418460846,1
ISIC_0031160,NV,1,0.9308276772499084,NV,1,0.9308276772499084,1
ISIC_0034273,NV,1,0.9308790564537048,NV,1,0.9308790564537048,1
ISIC_0030519,NV,1,0.9309189319610596,NV,1,0.9309189319610596,1
ISIC_0025839,NV,1,0.9309653043746948,NV,1,0.9309653043746948,1
ISIC_0030697,NV,1,0.9309743642807007,NV,1,0.9309743642807007,1
ISIC_0025220,NV,1,0.9309911131858826,NV,1,0.9309911131858826,1
ISIC_0028390,NV,1,0.9310095310211182,NV,1,0.9310095310211182,1
ISIC_0029383,NV,1,0.9310126304626465,NV,1,0.9310126304626465,1
ISIC_0031066,NV,1,0.9310139417648315,NV,1,0.9310139417648315,1
ISIC_0031726,NV,1,0.9310522675514221,NV,1,0.9310522675514221,1
ISIC_0030136,NV,1,0.9310891032218933,NV,1,0.9310891032218933,1
ISIC_0030874,NV,1,0.9310894012451172,NV,1,0.9310894012451172,1
ISIC_0026581,NV,1,0.931205153465271,NV,1,0.931205153465271,1
ISIC_0032035,NV,1,0.9312363862991333,NV,1,0.9312363862991333,1
ISIC_0025346,NV,1,0.9312721490859985,NV,1,0.9312721490859985,1
ISIC_0028721,NV,1,0.9312921762466431,NV,1,0.9312921762466431,1
ISIC_0031985,NV,1,0.9313522577285767,NV,1,0.9313522577285767,1
ISIC_0034220,NV,1,0.9313667416572571,NV,1,0.9313667416572571,1
ISIC_0027641,NV,1,0.9313774108886719,NV,1,0.9313774108886719,1
ISIC_0028112,NV,1,0.9313775300979614,NV,1,0.9313775300979614,1
ISIC_0025523,NV,1,0.9313844442367554,NV,1,0.9313844442367554,1
ISIC_0025922,NV,1,0.9314061403274536,NV,1,0.9314061403274536,1
ISIC_0024533,NV,1,0.9314166903495789,NV,1,0.9314166903495789,1
ISIC_0033627,NV,1,0.9314243793487549,NV,1,0.9314243793487549,1
ISIC_0027707,NV,1,0.931429922580719,NV,1,0.931429922580719,1
ISIC_0031617,NV,1,0.9314380288124084,NV,1,0.9314380288124084,1
ISIC_0024531,NV,1,0.9314494729042053,NV,1,0.9314494729042053,1
ISIC_0029237,NV,1,0.931465208530426,NV,1,0.931465208530426,1
ISIC_0028067,NV,1,0.9314752221107483,NV,1,0.9314752221107483,1
ISIC_0024605,NV,1,0.9314815402030945,NV,1,0.9314815402030945,1
ISIC_0031911,NV,1,0.9315100908279419,NV,1,0.9315100908279419,1
ISIC_0032109,NV,1,0.9315207600593567,NV,1,0.9315207600593567,1
ISIC_0027836,NV,1,0.9315375089645386,NV,1,0.9315375089645386,1
ISIC_0025657,NV,1,0.9315791726112366,NV,1,0.9315791726112366,1
ISIC_0029409,NV,1,0.9315854907035828,NV,1,0.9315854907035828,1
ISIC_0026102,NV,1,0.9316582679748535,NV,1,0.9316582679748535,1
ISIC_0026334,NV,1,0.9317343235015869,NV,1,0.9317343235015869,1
ISIC_0025336,NV,1,0.9317474365234375,NV,1,0.9317474365234375,1
ISIC_0026034,NV,1,0.9317779541015625,NV,1,0.9317779541015625,1
ISIC_0031135,NV,1,0.9318541884422302,NV,1,0.9318541884422302,1
ISIC_0029153,NV,1,0.9318903684616089,NV,1,0.9318903684616089,1
ISIC_0027963,NV,1,0.9319633841514587,NV,1,0.9319633841514587,1
ISIC_0030838,NV,1,0.9319663643836975,NV,1,0.9319663643836975,1
ISIC_0030857,NV,1,0.9320010542869568,NV,1,0.9320010542869568,1
ISIC_0025713,NV,1,0.9320086240768433,NV,1,0.9320086240768433,1
ISIC_0031509,NV,1,0.9320618510246277,NV,1,0.9320618510246277,1
ISIC_0024659,NV,1,0.9320960640907288,NV,1,0.9320960640907288,1
ISIC_0028953,NV,1,0.9321167469024658,NV,1,0.9321167469024658,1
ISIC_0025023,NV,1,0.9321588277816772,NV,1,0.9321588277816772,1
ISIC_0033614,NV,1,0.9321640729904175,NV,1,0.9321640729904175,1
ISIC_0024723,NV,1,0.9321654438972473,NV,1,0.9321654438972473,1
ISIC_0033182,NV,1,0.9321894645690918,NV,1,0.9321894645690918,1
ISIC_0026347,NV,1,0.9322071671485901,NV,1,0.9322071671485901,1
ISIC_0026259,NV,1,0.9322258234024048,NV,1,0.9322258234024048,1
ISIC_0031855,NV,1,0.9322687387466431,NV,1,0.9322687387466431,1
ISIC_0026944,NV,1,0.9322957396507263,NV,1,0.9322957396507263,1
ISIC_0032436,NV,1,0.9323046803474426,NV,1,0.9323046803474426,1
ISIC_0025096,NV,1,0.9323114156723022,NV,1,0.9323114156723022,1
ISIC_0029351,NV,1,0.9323431253433228,NV,1,0.9323431253433228,1
ISIC_0028251,NV,1,0.9323564767837524,NV,1,0.9323564767837524,1
ISIC_0028766,NV,1,0.9323564767837524,NV,1,0.9323564767837524,1
ISIC_0029666,NV,1,0.9324633479118347,NV,1,0.9324633479118347,1
ISIC_0025049,NV,1,0.9324751496315002,NV,1,0.9324751496315002,1
ISIC_0025052,NV,1,0.9325597286224365,NV,1,0.9325597286224365,1
ISIC_0029361,NV,1,0.9325647354125977,NV,1,0.9325647354125977,1
ISIC_0029787,NV,1,0.9325898289680481,NV,1,0.9325898289680481,1
ISIC_0031826,NV,1,0.9326177835464478,NV,1,0.9326177835464478,1
ISIC_0028705,NV,1,0.93263840675354,NV,1,0.93263840675354,1
ISIC_0026112,NV,1,0.9326410293579102,NV,1,0.9326410293579102,1
ISIC_0032527,NV,1,0.9326815605163574,NV,1,0.9326815605163574,1
ISIC_0033150,NV,1,0.9326826333999634,NV,1,0.9326826333999634,1
ISIC_0026598,NV,1,0.9326913952827454,NV,1,0.9326913952827454,1
ISIC_0025738,NV,1,0.9326995015144348,NV,1,0.9326995015144348,1
ISIC_0030516,NV,1,0.9327183961868286,NV,1,0.9327183961868286,1
ISIC_0029982,NV,1,0.9327278137207031,NV,1,0.9327278137207031,1
ISIC_0030164,NV,1,0.9327293634414673,NV,1,0.9327293634414673,1
ISIC_0026627,NV,1,0.9327635765075684,NV,1,0.9327635765075684,1
ISIC_0032413,NV,1,0.9327796697616577,NV,1,0.9327796697616577,1
ISIC_0033011,NV,1,0.9327999949455261,NV,1,0.9327999949455261,1
ISIC_0029975,NV,1,0.9328330755233765,NV,1,0.9328330755233765,1
ISIC_0024387,NV,1,0.9328378438949585,NV,1,0.9328378438949585,1
ISIC_0031858,NV,1,0.9328484535217285,NV,1,0.9328484535217285,1
ISIC_0026582,NV,1,0.9328610301017761,NV,1,0.9328610301017761,1
ISIC_0031179,NV,1,0.9328910708427429,NV,1,0.9328910708427429,1
ISIC_0026512,NV,1,0.9329023957252502,NV,1,0.9329023957252502,1
ISIC_0028883,NV,1,0.9329296946525574,NV,1,0.9329296946525574,1
ISIC_0032342,NV,1,0.9329413175582886,NV,1,0.9329413175582886,1
ISIC_0028639,NV,1,0.932988703250885,NV,1,0.932988703250885,1
ISIC_0027910,NV,1,0.9330376982688904,NV,1,0.9330376982688904,1
ISIC_0028397,NV,1,0.9330872893333435,NV,1,0.9330872893333435,1
ISIC_0028998,NV,1,0.9331015348434448,NV,1,0.9331015348434448,1
ISIC_0030900,NV,1,0.9331041574478149,NV,1,0.9331041574478149,1
ISIC_0030162,NV,1,0.9331169724464417,NV,1,0.9331169724464417,1
ISIC_0030981,NV,1,0.9331381916999817,NV,1,0.9331381916999817,1
ISIC_0029295,NV,1,0.9331482648849487,NV,1,0.9331482648849487,1
ISIC_0032480,NV,1,0.933163583278656,NV,1,0.933163583278656,1
ISIC_0032939,NV,1,0.9331779479980469,NV,1,0.9331779479980469,1
ISIC_0030455,NV,1,0.9331805109977722,NV,1,0.9331805109977722,1
ISIC_0027028,NV,1,0.9332137703895569,NV,1,0.9332137703895569,1
ISIC_0029292,NV,1,0.9332321286201477,NV,1,0.9332321286201477,1
ISIC_0029775,NV,1,0.9332485198974609,NV,1,0.9332485198974609,1
ISIC_0032188,NV,1,0.9333111643791199,NV,1,0.9333111643791199,1
ISIC_0026701,NV,1,0.9333505034446716,NV,1,0.9333505034446716,1
ISIC_0029508,NV,1,0.9333534836769104,NV,1,0.9333534836769104,1
ISIC_0026353,NV,1,0.9333699941635132,NV,1,0.9333699941635132,1
ISIC_0027638,NV,1,0.9333711862564087,NV,1,0.9333711862564087,1
ISIC_0030166,NV,1,0.9334074854850769,NV,1,0.9334074854850769,1
ISIC_0029865,NV,1,0.9334355592727661,NV,1,0.9334355592727661,1
ISIC_0033210,NV,1,0.9334574937820435,NV,1,0.9334574937820435,1
ISIC_0030777,NV,1,0.933493435382843,NV,1,0.933493435382843,1
ISIC_0027024,NV,1,0.9334973692893982,NV,1,0.9334973692893982,1
ISIC_0030184,NV,1,0.9335407614707947,NV,1,0.9335407614707947,1
ISIC_0029607,NV,1,0.9335463047027588,NV,1,0.9335463047027588,1
ISIC_0025855,NV,1,0.93356853723526,NV,1,0.93356853723526,1
ISIC_0031256,NV,1,0.9336041808128357,NV,1,0.9336041808128357,1
ISIC_0024492,NV,1,0.9336278438568115,NV,1,0.9336278438568115,1
ISIC_0030304,NV,1,0.9337257742881775,NV,1,0.9337257742881775,1
ISIC_0027061,NV,1,0.9337483048439026,NV,1,0.9337483048439026,1
ISIC_0028024,NV,1,0.9337621331214905,NV,1,0.9337621331214905,1
ISIC_0029807,NV,1,0.9338040947914124,NV,1,0.9338040947914124,1
ISIC_0033673,NV,1,0.9338164925575256,NV,1,0.9338164925575256,1
ISIC_0030524,NV,1,0.9338175058364868,NV,1,0.9338175058364868,1
ISIC_0027683,NV,1,0.9338374733924866,NV,1,0.9338374733924866,1
ISIC_0028240,NV,1,0.9339398741722107,NV,1,0.9339398741722107,1
ISIC_0026164,NV,1,0.9339718222618103,NV,1,0.9339718222618103,1
ISIC_0026501,NV,1,0.9340004324913025,NV,1,0.9340004324913025,1
ISIC_0027013,NV,1,0.9341698288917542,NV,1,0.9341698288917542,1
ISIC_0030253,NV,1,0.9341971278190613,NV,1,0.9341971278190613,1
ISIC_0026502,NV,1,0.9342056512832642,NV,1,0.9342056512832642,1
ISIC_0032127,NV,1,0.9342292547225952,NV,1,0.9342292547225952,1
ISIC_0033149,NV,1,0.9342305064201355,NV,1,0.9342305064201355,1
ISIC_0025365,NV,1,0.9342306852340698,NV,1,0.9342306852340698,1
ISIC_0028785,NV,1,0.9342429041862488,NV,1,0.9342429041862488,1
ISIC_0033948,NV,1,0.9342683553695679,NV,1,0.9342683553695679,1
ISIC_0026618,NV,1,0.9342953562736511,NV,1,0.9342953562736511,1
ISIC_0025116,NV,1,0.9343432188034058,NV,1,0.9343432188034058,1
ISIC_0031155,NV,1,0.9344146251678467,NV,1,0.9344146251678467,1
ISIC_0031149,NV,1,0.9344314336776733,NV,1,0.9344314336776733,1
ISIC_0033932,NV,1,0.9344375133514404,NV,1,0.9344375133514404,1
ISIC_0029923,NV,1,0.934441864490509,NV,1,0.934441864490509,1
ISIC_0027630,NV,1,0.9344683289527893,NV,1,0.9344683289527893,1
ISIC_0033542,NV,1,0.9344749450683594,NV,1,0.9344749450683594,1
ISIC_0028221,NV,1,0.9344763159751892,NV,1,0.9344763159751892,1
ISIC_0027566,NV,1,0.9344959855079651,NV,1,0.9344959855079651,1
ISIC_0024979,NV,1,0.9345276355743408,NV,1,0.9345276355743408,1
ISIC_0030473,NV,1,0.9345612525939941,NV,1,0.9345612525939941,1
ISIC_0027557,NV,1,0.9345691800117493,NV,1,0.9345691800117493,1
ISIC_0027106,NV,1,0.9345775246620178,NV,1,0.9345775246620178,1
ISIC_0025082,NV,1,0.9345824122428894,NV,1,0.9345824122428894,1
ISIC_0024514,NV,1,0.9345887899398804,NV,1,0.9345887899398804,1
ISIC_0028604,NV,1,0.9345913529396057,NV,1,0.9345913529396057,1
ISIC_0027283,NV,1,0.9345993995666504,NV,1,0.9345993995666504,1
ISIC_0025205,NV,1,0.9346097707748413,NV,1,0.9346097707748413,1
ISIC_0028070,NV,1,0.9346703886985779,NV,1,0.9346703886985779,1
ISIC_0025015,NV,1,0.9346781969070435,NV,1,0.9346781969070435,1
ISIC_0026039,NV,1,0.9347038269042969,NV,1,0.9347038269042969,1
ISIC_0034055,NV,1,0.9347586035728455,NV,1,0.9347586035728455,1
ISIC_0029110,NV,1,0.934787392616272,NV,1,0.934787392616272,1
ISIC_0028553,NV,1,0.9347959160804749,NV,1,0.9347959160804749,1
ISIC_0024633,NV,1,0.9348534941673279,NV,1,0.9348534941673279,1
ISIC_0024699,NV,1,0.9348577857017517,NV,1,0.9348577857017517,1
ISIC_0027085,NV,1,0.934890627861023,NV,1,0.934890627861023,1
ISIC_0030357,NV,1,0.9348956346511841,NV,1,0.9348956346511841,1
ISIC_0025395,NV,1,0.9349545836448669,NV,1,0.9349545836448669,1
ISIC_0025864,NV,1,0.9350050091743469,NV,1,0.9350050091743469,1
ISIC_0028895,NV,1,0.9350067973136902,NV,1,0.9350067973136902,1
ISIC_0027867,NV,1,0.9350219964981079,NV,1,0.9350219964981079,1
ISIC_0028697,NV,1,0.9350370168685913,NV,1,0.9350370168685913,1
ISIC_0030775,NV,1,0.9350691437721252,NV,1,0.9350691437721252,1
ISIC_0029988,NV,1,0.9350758194923401,NV,1,0.9350758194923401,1
ISIC_0024693,NV,1,0.9351322054862976,NV,1,0.9351322054862976,1
ISIC_0029753,NV,1,0.9351551532745361,NV,1,0.9351551532745361,1
ISIC_0033229,NV,1,0.9351592063903809,NV,1,0.9351592063903809,1
ISIC_0030236,NV,1,0.9352169632911682,NV,1,0.9352169632911682,1
ISIC_0033996,NV,1,0.9352221488952637,NV,1,0.9352221488952637,1
ISIC_0028944,NV,1,0.9352645874023438,NV,1,0.9352645874023438,1
ISIC_0031070,NV,1,0.9352852702140808,NV,1,0.9352852702140808,1
ISIC_0030217,NV,1,0.9353014230728149,NV,1,0.9353014230728149,1
ISIC_0028013,NV,1,0.9353016018867493,NV,1,0.9353016018867493,1
ISIC_0027446,NV,1,0.9353199601173401,NV,1,0.9353199601173401,1
ISIC_0025039,NV,1,0.9353377819061279,NV,1,0.9353377819061279,1
ISIC_0033008,NV,1,0.9353609681129456,NV,1,0.9353609681129456,1
ISIC_0031829,NV,1,0.9353635907173157,NV,1,0.9353635907173157,1
ISIC_0027413,NV,1,0.9354086518287659,NV,1,0.9354086518287659,1
ISIC_0032485,NV,1,0.935412585735321,NV,1,0.935412585735321,1
ISIC_0027810,NV,1,0.935428261756897,NV,1,0.935428261756897,1
ISIC_0029136,NV,1,0.9354422092437744,NV,1,0.9354422092437744,1
ISIC_0028296,NV,1,0.9354507923126221,NV,1,0.9354507923126221,1
ISIC_0031975,NV,1,0.9354879260063171,NV,1,0.9354879260063171,1
ISIC_0029226,NV,1,0.9354977011680603,NV,1,0.9354977011680603,1
ISIC_0029117,NV,1,0.9355425834655762,NV,1,0.9355425834655762,1
ISIC_0025773,NV,1,0.935578465461731,NV,1,0.935578465461731,1
ISIC_0030749,NV,1,0.9356322884559631,NV,1,0.9356322884559631,1
ISIC_0027871,NV,1,0.9356708526611328,NV,1,0.9356708526611328,1
ISIC_0029788,NV,1,0.935678243637085,NV,1,0.935678243637085,1
ISIC_0027501,NV,1,0.9356911778450012,NV,1,0.9356911778450012,1
ISIC_0026918,NV,1,0.9357044100761414,NV,1,0.9357044100761414,1
ISIC_0025768,NV,1,0.9357060194015503,NV,1,0.9357060194015503,1
ISIC_0032078,NV,1,0.9357107877731323,NV,1,0.9357107877731323,1
ISIC_0025806,NV,1,0.9357145428657532,NV,1,0.9357145428657532,1
ISIC_0029470,NV,1,0.935717761516571,NV,1,0.935717761516571,1
ISIC_0025877,NV,1,0.9357315897941589,NV,1,0.9357315897941589,1
ISIC_0024766,NV,1,0.9357976317405701,NV,1,0.9357976317405701,1
ISIC_0028007,NV,1,0.9358344078063965,NV,1,0.9358344078063965,1
ISIC_0031320,NV,1,0.9358487725257874,NV,1,0.9358487725257874,1
ISIC_0031440,NV,1,0.9358676075935364,NV,1,0.9358676075935364,1
ISIC_0028277,NV,1,0.9358870387077332,NV,1,0.9358870387077332,1
ISIC_0025608,NV,1,0.9359428882598877,NV,1,0.9359428882598877,1
ISIC_0024326,NV,1,0.9359594583511353,NV,1,0.9359594583511353,1
ISIC_0032911,NV,1,0.9359681606292725,NV,1,0.9359681606292725,1
ISIC_0027186,NV,1,0.935991108417511,NV,1,0.935991108417511,1
ISIC_0031006,NV,1,0.9360462427139282,NV,1,0.9360462427139282,1
ISIC_0026828,NV,1,0.9360695481300354,NV,1,0.9360695481300354,1
ISIC_0029743,NV,1,0.9361243844032288,NV,1,0.9361243844032288,1
ISIC_0030451,NV,1,0.9361270070075989,NV,1,0.9361270070075989,1
ISIC_0025981,NV,1,0.9361358880996704,NV,1,0.9361358880996704,1
ISIC_0032001,NV,1,0.9361809492111206,NV,1,0.9361809492111206,1
ISIC_0027074,NV,1,0.9361816644668579,NV,1,0.9361816644668579,1
ISIC_0033467,NV,1,0.9362034797668457,NV,1,0.9362034797668457,1
ISIC_0033214,NV,1,0.9362137317657471,NV,1,0.9362137317657471,1
ISIC_0031793,NV,1,0.9362338781356812,NV,1,0.9362338781356812,1
ISIC_0030906,NV,1,0.9362865686416626,NV,1,0.9362865686416626,1
ISIC_0024641,NV,1,0.9362937808036804,NV,1,0.9362937808036804,1
ISIC_0030611,NV,1,0.9363564848899841,NV,1,0.9363564848899841,1
ISIC_0034042,NV,1,0.9363921284675598,NV,1,0.9363921284675598,1
ISIC_0029077,NV,1,0.9364023804664612,NV,1,0.9364023804664612,1
ISIC_0032590,NV,1,0.9364076256752014,NV,1,0.9364076256752014,1
ISIC_0033351,NV,1,0.9364169239997864,NV,1,0.9364169239997864,1
ISIC_0030182,NV,1,0.9364234805107117,NV,1,0.9364234805107117,1
ISIC_0025255,NV,1,0.9364258050918579,NV,1,0.9364258050918579,1
ISIC_0028359,NV,1,0.9364460706710815,NV,1,0.9364460706710815,1
ISIC_0030573,NV,1,0.93647700548172,NV,1,0.93647700548172,1
ISIC_0032786,NV,1,0.936489999294281,NV,1,0.936489999294281,1
ISIC_0028518,NV,1,0.9364993572235107,NV,1,0.9364993572235107,1
ISIC_0033615,NV,1,0.9365289807319641,NV,1,0.9365289807319641,1
ISIC_0029205,NV,1,0.9365309476852417,NV,1,0.9365309476852417,1
ISIC_0031456,NV,1,0.9365482330322266,NV,1,0.9365482330322266,1
ISIC_0031054,NV,1,0.9365840554237366,NV,1,0.9365840554237366,1
ISIC_0030776,NV,1,0.9365926384925842,NV,1,0.9365926384925842,1
ISIC_0027565,NV,1,0.9365996718406677,NV,1,0.9365996718406677,1
ISIC_0025403,NV,1,0.9366939067840576,NV,1,0.9366939067840576,1
ISIC_0025675,NV,1,0.9367991089820862,NV,1,0.9367991089820862,1
ISIC_0030609,NV,1,0.9368081092834473,NV,1,0.9368081092834473,1
ISIC_0028771,NV,1,0.9368830323219299,NV,1,0.9368830323219299,1
ISIC_0031234,NV,1,0.9368916153907776,NV,1,0.9368916153907776,1
ISIC_0026541,NV,1,0.9369629621505737,NV,1,0.9369629621505737,1
ISIC_0028134,NV,1,0.9369824528694153,NV,1,0.9369824528694153,1
ISIC_0031764,NV,1,0.9370094537734985,NV,1,0.9370094537734985,1
ISIC_0025218,NV,1,0.9370709657669067,NV,1,0.9370709657669067,1
ISIC_0033809,NV,1,0.9371635317802429,NV,1,0.9371635317802429,1
ISIC_0030750,NV,1,0.937172532081604,NV,1,0.937172532081604,1
ISIC_0029997,NV,1,0.9372172355651855,NV,1,0.9372172355651855,1
ISIC_0026726,NV,1,0.937227725982666,NV,1,0.937227725982666,1
ISIC_0024606,NV,1,0.9372844696044922,NV,1,0.9372844696044922,1
ISIC_0026812,NV,1,0.9373270869255066,NV,1,0.9373270869255066,1
ISIC_0028534,NV,1,0.9373589754104614,NV,1,0.9373589754104614,1
ISIC_0033039,NV,1,0.937364935874939,NV,1,0.937364935874939,1
ISIC_0032049,NV,1,0.9373885989189148,NV,1,0.9373885989189148,1
ISIC_0025914,NV,1,0.9374241232872009,NV,1,0.9374241232872009,1
ISIC_0027824,NV,1,0.937449038028717,NV,1,0.937449038028717,1
ISIC_0024464,NV,1,0.9374924302101135,NV,1,0.9374924302101135,1
ISIC_0029821,NV,1,0.9375015497207642,NV,1,0.9375015497207642,1
ISIC_0033355,NV,1,0.9375344514846802,NV,1,0.9375344514846802,1
ISIC_0026304,NV,1,0.9375798106193542,NV,1,0.9375798106193542,1
ISIC_0031725,NV,1,0.9375808238983154,NV,1,0.9375808238983154,1
ISIC_0033266,NV,1,0.9376527070999146,NV,1,0.9376527070999146,1
ISIC_0028269,NV,1,0.9376690983772278,NV,1,0.9376690983772278,1
ISIC_0030791,NV,1,0.9377231597900391,NV,1,0.9377231597900391,1
ISIC_0025497,NV,1,0.9377272725105286,NV,1,0.9377272725105286,1
ISIC_0027696,NV,1,0.9377292394638062,NV,1,0.9377292394638062,1
ISIC_0024674,NV,1,0.9378114342689514,NV,1,0.9378114342689514,1
ISIC_0034072,NV,1,0.9378495216369629,NV,1,0.9378495216369629,1
ISIC_0033376,NV,1,0.9378517866134644,NV,1,0.9378517866134644,1
ISIC_0028731,NV,1,0.9378542304039001,NV,1,0.9378542304039001,1
ISIC_0029044,NV,1,0.9378768801689148,NV,1,0.9378768801689148,1
ISIC_0030078,NV,1,0.9378808736801147,NV,1,0.9378808736801147,1
ISIC_0027456,NV,1,0.9378835558891296,NV,1,0.9378835558891296,1
ISIC_0033033,NV,1,0.9379010796546936,NV,1,0.9379010796546936,1
ISIC_0024722,NV,1,0.9379099011421204,NV,1,0.9379099011421204,1
ISIC_0030267,NV,1,0.9379177689552307,NV,1,0.9379177689552307,1
ISIC_0028099,NV,1,0.937942385673523,NV,1,0.937942385673523,1
ISIC_0030370,NV,1,0.9379463195800781,NV,1,0.9379463195800781,1
ISIC_0031504,NV,1,0.9379467964172363,NV,1,0.9379467964172363,1
ISIC_0032800,NV,1,0.9380018711090088,NV,1,0.9380018711090088,1
ISIC_0026640,NV,1,0.9380037784576416,NV,1,0.9380037784576416,1
ISIC_0029307,NV,1,0.9380134344100952,NV,1,0.9380134344100952,1
ISIC_0027605,NV,1,0.938031792640686,NV,1,0.938031792640686,1
ISIC_0026677,NV,1,0.9380334615707397,NV,1,0.9380334615707397,1
ISIC_0029862,NV,1,0.938045084476471,NV,1,0.938045084476471,1
ISIC_0031385,NV,1,0.9380515813827515,NV,1,0.9380515813827515,1
ISIC_0027001,NV,1,0.9380820393562317,NV,1,0.9380820393562317,1
ISIC_0029436,NV,1,0.9381100535392761,NV,1,0.9381100535392761,1
ISIC_0024720,NV,1,0.9381248354911804,NV,1,0.9381248354911804,1
ISIC_0026196,NV,1,0.9381381273269653,NV,1,0.9381381273269653,1
ISIC_0027499,NV,1,0.9381720423698425,NV,1,0.9381720423698425,1
ISIC_0029950,NV,1,0.9382402300834656,NV,1,0.9382402300834656,1
ISIC_0030379,NV,1,0.9382849335670471,NV,1,0.9382849335670471,1
ISIC_0032502,NV,1,0.9382861852645874,NV,1,0.9382861852645874,1
ISIC_0027123,NV,1,0.9382883310317993,NV,1,0.9382883310317993,1
ISIC_0030558,NV,1,0.9383483529090881,NV,1,0.9383483529090881,1
ISIC_0032140,NV,1,0.9384000897407532,NV,1,0.9384000897407532,1
ISIC_0032106,NV,1,0.9384109973907471,NV,1,0.9384109973907471,1
ISIC_0034258,NV,1,0.9384351372718811,NV,1,0.9384351372718811,1
ISIC_0024945,NV,1,0.9384385943412781,NV,1,0.9384385943412781,1
ISIC_0027813,NV,1,0.9384733438491821,NV,1,0.9384733438491821,1
ISIC_0028654,NV,1,0.9385132789611816,NV,1,0.9385132789611816,1
ISIC_0030578,NV,1,0.9385159015655518,NV,1,0.9385159015655518,1
ISIC_0028857,NV,1,0.9385243654251099,NV,1,0.9385243654251099,1
ISIC_0029673,NV,1,0.9385799169540405,NV,1,0.9385799169540405,1
ISIC_0028342,NV,1,0.9385826587677002,NV,1,0.9385826587677002,1
ISIC_0030543,NV,1,0.9385878443717957,NV,1,0.9385878443717957,1
ISIC_0024479,NV,1,0.9385946393013,NV,1,0.9385946393013,1
ISIC_0030071,NV,1,0.938595712184906,NV,1,0.938595712184906,1
ISIC_0030373,NV,1,0.938688337802887,NV,1,0.938688337802887,1
ISIC_0031849,NV,1,0.9386946558952332,NV,1,0.9386946558952332,1
ISIC_0032453,NV,1,0.938719630241394,NV,1,0.938719630241394,1
ISIC_0030899,NV,1,0.938746452331543,NV,1,0.938746452331543,1
ISIC_0025142,NV,1,0.9387475848197937,NV,1,0.9387475848197937,1
ISIC_0024677,NV,1,0.9387565851211548,NV,1,0.9387565851211548,1
ISIC_0031842,NV,1,0.9387619495391846,NV,1,0.9387619495391846,1
ISIC_0029936,NV,1,0.9387764930725098,NV,1,0.9387764930725098,1
ISIC_0029247,NV,1,0.9387791156768799,NV,1,0.9387791156768799,1
ISIC_0028047,NV,1,0.93879234790802,NV,1,0.93879234790802,1
ISIC_0029640,NV,1,0.9388447403907776,NV,1,0.9388447403907776,1
ISIC_0032578,NV,1,0.9388696551322937,NV,1,0.9388696551322937,1
ISIC_0028781,NV,1,0.9388810396194458,NV,1,0.9388810396194458,1
ISIC_0025110,NV,1,0.9389157891273499,NV,1,0.9389157891273499,1
ISIC_0032691,NV,1,0.9389578104019165,NV,1,0.9389578104019165,1
ISIC_0026705,NV,1,0.9389715194702148,NV,1,0.9389715194702148,1
ISIC_0026180,NV,1,0.9389949440956116,NV,1,0.9389949440956116,1
ISIC_0034251,NV,1,0.9390248656272888,NV,1,0.9390248656272888,1
ISIC_0025226,NV,1,0.9390431046485901,NV,1,0.9390431046485901,1
ISIC_0027391,NV,1,0.9391076564788818,NV,1,0.9391076564788818,1
ISIC_0025827,NV,1,0.939127504825592,NV,1,0.939127504825592,1
ISIC_0024778,NV,1,0.9391308426856995,NV,1,0.9391308426856995,1
ISIC_0026860,NV,1,0.9391425251960754,NV,1,0.9391425251960754,1
ISIC_0025551,NV,1,0.9391967058181763,NV,1,0.9391967058181763,1
ISIC_0029293,NV,1,0.9392345547676086,NV,1,0.9392345547676086,1
ISIC_0024308,NV,1,0.9392462372779846,NV,1,0.9392462372779846,1
ISIC_0028318,NV,1,0.939264714717865,NV,1,0.939264714717865,1
ISIC_0024631,NV,1,0.9392747282981873,NV,1,0.9392747282981873,1
ISIC_0024483,NV,1,0.9392872452735901,NV,1,0.9392872452735901,1
ISIC_0029259,NV,1,0.9392992258071899,NV,1,0.9392992258071899,1
ISIC_0025072,NV,1,0.9393411874771118,NV,1,0.9393411874771118,1
ISIC_0028535,NV,1,0.9393450617790222,NV,1,0.9393450617790222,1
ISIC_0029280,NV,1,0.9393688440322876,NV,1,0.9393688440322876,1
ISIC_0024563,NV,1,0.939376711845398,NV,1,0.939376711845398,1
ISIC_0031781,NV,1,0.9394117593765259,NV,1,0.9394117593765259,1
ISIC_0026076,NV,1,0.939423143863678,NV,1,0.939423143863678,1
ISIC_0025393,NV,1,0.9394463896751404,NV,1,0.9394463896751404,1
ISIC_0033082,NV,1,0.9394711256027222,NV,1,0.9394711256027222,1
ISIC_0031649,NV,1,0.9394792914390564,NV,1,0.9394792914390564,1
ISIC_0030337,NV,1,0.9394869208335876,NV,1,0.9394869208335876,1
ISIC_0026332,NV,1,0.9394891858100891,NV,1,0.9394891858100891,1
ISIC_0029483,NV,1,0.939493715763092,NV,1,0.939493715763092,1
ISIC_0030550,NV,1,0.939497709274292,NV,1,0.939497709274292,1
ISIC_0032180,NV,1,0.9395202398300171,NV,1,0.9395202398300171,1
ISIC_0029758,NV,1,0.939521074295044,NV,1,0.939521074295044,1
ISIC_0029896,NV,1,0.9395315051078796,NV,1,0.9395315051078796,1
ISIC_0026776,NV,1,0.9395455121994019,NV,1,0.9395455121994019,1
ISIC_0030807,NV,1,0.939551055431366,NV,1,0.939551055431366,1
ISIC_0031973,NV,1,0.9395525455474854,NV,1,0.9395525455474854,1
ISIC_0025930,NV,1,0.9395650625228882,NV,1,0.9395650625228882,1
ISIC_0028576,NV,1,0.939565896987915,NV,1,0.939565896987915,1
ISIC_0033036,NV,1,0.9395752549171448,NV,1,0.9395752549171448,1
ISIC_0030837,NV,1,0.9395771026611328,NV,1,0.9395771026611328,1
ISIC_0032112,NV,1,0.939594030380249,NV,1,0.939594030380249,1
ISIC_0025865,NV,1,0.9396132826805115,NV,1,0.9396132826805115,1
ISIC_0028171,NV,1,0.9396196007728577,NV,1,0.9396196007728577,1
ISIC_0028934,NV,1,0.9396560192108154,NV,1,0.9396560192108154,1
ISIC_0026869,NV,1,0.9396799802780151,NV,1,0.9396799802780151,1
ISIC_0032717,NV,1,0.9397009611129761,NV,1,0.9397009611129761,1
ISIC_0030942,NV,1,0.9397478103637695,NV,1,0.9397478103637695,1
ISIC_0033242,NV,1,0.9397526383399963,NV,1,0.9397526383399963,1
ISIC_0030845,NV,1,0.9398123621940613,NV,1,0.9398123621940613,1
ISIC_0033955,NV,1,0.9398482441902161,NV,1,0.9398482441902161,1
ISIC_0032600,NV,1,0.9398523569107056,NV,1,0.9398523569107056,1
ISIC_0031559,NV,1,0.9399123787879944,NV,1,0.9399123787879944,1
ISIC_0028175,NV,1,0.9399853944778442,NV,1,0.9399853944778442,1
ISIC_0030614,NV,1,0.9399985074996948,NV,1,0.9399985074996948,1
ISIC_0027345,NV,1,0.9400041103363037,NV,1,0.9400041103363037,1
ISIC_0031353,NV,1,0.9400088787078857,NV,1,0.9400088787078857,1
ISIC_0029244,NV,1,0.9400731325149536,NV,1,0.9400731325149536,1
ISIC_0027518,NV,1,0.9400759339332581,NV,1,0.9400759339332581,1
ISIC_0024374,NV,1,0.9401062726974487,NV,1,0.9401062726974487,1
ISIC_0025000,NV,1,0.9401106238365173,NV,1,0.9401106238365173,1
ISIC_0033170,NV,1,0.9401135444641113,NV,1,0.9401135444641113,1
ISIC_0033827,NV,1,0.9401734471321106,NV,1,0.9401734471321106,1
ISIC_0026157,NV,1,0.9401743412017822,NV,1,0.9401743412017822,1
ISIC_0024730,NV,1,0.9402027130126953,NV,1,0.9402027130126953,1
ISIC_0028178,NV,1,0.9402065277099609,NV,1,0.9402065277099609,1
ISIC_0029611,NV,1,0.9402081966400146,NV,1,0.9402081966400146,1
ISIC_0030834,NV,1,0.9402556419372559,NV,1,0.9402556419372559,1
ISIC_0030235,NV,1,0.9402588605880737,NV,1,0.9402588605880737,1
ISIC_0030912,NV,1,0.9402630925178528,NV,1,0.9402630925178528,1
ISIC_0030466,NV,1,0.9402669072151184,NV,1,0.9402669072151184,1
ISIC_0027869,NV,1,0.9402766823768616,NV,1,0.9402766823768616,1
ISIC_0027980,NV,1,0.9403032660484314,NV,1,0.9403032660484314,1
ISIC_0030028,NV,1,0.9403038024902344,NV,1,0.9403038024902344,1
ISIC_0029983,NV,1,0.9403042197227478,NV,1,0.9403042197227478,1
ISIC_0028345,NV,1,0.9403266310691833,NV,1,0.9403266310691833,1
ISIC_0028638,NV,1,0.9403522610664368,NV,1,0.9403522610664368,1
ISIC_0025870,NV,1,0.940375030040741,NV,1,0.940375030040741,1
ISIC_0033294,NV,1,0.9403854608535767,NV,1,0.9403854608535767,1
ISIC_0030190,NV,1,0.9403921961784363,NV,1,0.9403921961784363,1
ISIC_0028312,NV,1,0.9403936862945557,NV,1,0.9403936862945557,1
ISIC_0027660,NV,1,0.9404600262641907,NV,1,0.9404600262641907,1
ISIC_0027109,NV,1,0.9404615759849548,NV,1,0.9404615759849548,1
ISIC_0027664,NV,1,0.9404641389846802,NV,1,0.9404641389846802,1
ISIC_0030860,NV,1,0.9404656887054443,NV,1,0.9404656887054443,1
ISIC_0030254,NV,1,0.9404667615890503,NV,1,0.9404667615890503,1
ISIC_0029954,NV,1,0.9405345320701599,NV,1,0.9405345320701599,1
ISIC_0028891,NV,1,0.940535306930542,NV,1,0.940535306930542,1
ISIC_0032670,NV,1,0.9405474066734314,NV,1,0.9405474066734314,1
ISIC_0032701,NV,1,0.9405931830406189,NV,1,0.9405931830406189,1
ISIC_0029468,NV,1,0.9406031966209412,NV,1,0.9406031966209412,1
ISIC_0025343,NV,1,0.9406043887138367,NV,1,0.9406043887138367,1
ISIC_0032979,NV,1,0.9406052231788635,NV,1,0.9406052231788635,1
ISIC_0024651,NV,1,0.940626859664917,NV,1,0.940626859664917,1
ISIC_0031655,NV,1,0.940639078617096,NV,1,0.940639078617096,1
ISIC_0027971,NV,1,0.9406498074531555,NV,1,0.9406498074531555,1
ISIC_0028216,NV,1,0.9406524896621704,NV,1,0.9406524896621704,1
ISIC_0033059,NV,1,0.940712571144104,NV,1,0.940712571144104,1
ISIC_0030418,NV,1,0.9407181143760681,NV,1,0.9407181143760681,1
ISIC_0032853,NV,1,0.940746545791626,NV,1,0.940746545791626,1
ISIC_0031137,NV,1,0.9408125281333923,NV,1,0.9408125281333923,1
ISIC_0029324,NV,1,0.9408210515975952,NV,1,0.9408210515975952,1
ISIC_0024692,NV,1,0.9408220052719116,NV,1,0.9408220052719116,1
ISIC_0029769,NV,1,0.9408441781997681,NV,1,0.9408441781997681,1
ISIC_0024921,NV,1,0.9408708810806274,NV,1,0.9408708810806274,1
ISIC_0032259,NV,1,0.9408755302429199,NV,1,0.9408755302429199,1
ISIC_0025227,NV,1,0.9408811926841736,NV,1,0.9408811926841736,1
ISIC_0025565,NV,1,0.9408837556838989,NV,1,0.9408837556838989,1
ISIC_0030685,NV,1,0.9408847093582153,NV,1,0.9408847093582153,1
ISIC_0031740,NV,1,0.9409201741218567,NV,1,0.9409201741218567,1
ISIC_0031548,NV,1,0.9409544467926025,NV,1,0.9409544467926025,1
ISIC_0032612,NV,1,0.9409733414649963,NV,1,0.9409733414649963,1
ISIC_0032209,NV,1,0.941005527973175,NV,1,0.941005527973175,1
ISIC_0030332,NV,1,0.9410702586174011,NV,1,0.9410702586174011,1
ISIC_0027899,NV,1,0.941071093082428,NV,1,0.941071093082428,1
ISIC_0025375,NV,1,0.9410861134529114,NV,1,0.9410861134529114,1
ISIC_0025455,NV,1,0.9410890340805054,NV,1,0.9410890340805054,1
ISIC_0024861,NV,1,0.9411060214042664,NV,1,0.9411060214042664,1
ISIC_0030715,NV,1,0.9411293864250183,NV,1,0.9411293864250183,1
ISIC_0028753,NV,1,0.9411377310752869,NV,1,0.9411377310752869,1
ISIC_0028688,BCC,2,0.059854328632354736,NV,1,0.8835260272026062,0
ISIC_0034299,BCC,2,0.43107616901397705,BCC,2,0.43107616901397705,1
ISIC_0029083,BCC,2,0.4340467154979706,BCC,2,0.4340467154979706,1
ISIC_0024345,BCC,2,0.44986918568611145,BCC,2,0.44986918568611145,1
ISIC_0032132,BCC,2,0.4692417085170746,BCC,2,0.4692417085170746,1
ISIC_0031266,BCC,2,0.518936038017273,BCC,2,0.518936038017273,1
ISIC_0028570,BCC,2,0.5207480192184448,BCC,2,0.5207480192184448,1
ISIC_0028050,BCC,2,0.5298700332641602,BCC,2,0.5298700332641602,1
ISIC_0031527,BCC,2,0.5324702262878418,BCC,2,0.5324702262878418,1
ISIC_0030737,BCC,2,0.5405992865562439,BCC,2,0.5405992865562439,1
ISIC_0029035,BCC,2,0.5412550568580627,BCC,2,0.5412550568580627,1
ISIC_0028964,BCC,2,0.5477243065834045,BCC,2,0.5477243065834045,1
ISIC_0032991,BCC,2,0.5529205203056335,BCC,2,0.5529205203056335,1
ISIC_0034015,BCC,2,0.5672100782394409,BCC,2,0.5672100782394409,1
ISIC_0029337,BCC,2,0.574213445186615,BCC,2,0.574213445186615,1
ISIC_0028978,BCC,2,0.5828127264976501,BCC,2,0.5828127264976501,1
ISIC_0030233,BCC,2,0.5962345004081726,BCC,2,0.5962345004081726,1
ISIC_0031154,BCC,2,0.611373245716095,BCC,2,0.611373245716095,1
ISIC_0026275,BCC,2,0.6212225556373596,BCC,2,0.6212225556373596,1
ISIC_0024431,BCC,2,0.6306169629096985,BCC,2,0.6306169629096985,1
ISIC_0032318,BCC,2,0.6322689652442932,BCC,2,0.6322689652442932,1
ISIC_0028168,BCC,2,0.6335622072219849,BCC,2,0.6335622072219849,1
ISIC_0034047,BCC,2,0.6337218880653381,BCC,2,0.6337218880653381,1
ISIC_0029857,BCC,2,0.6349377036094666,BCC,2,0.6349377036094666,1
ISIC_0028084,BCC,2,0.6431522369384766,BCC,2,0.6431522369384766,1
ISIC_0029412,BCC,2,0.6462792754173279,BCC,2,0.6462792754173279,1
ISIC_0025260,BCC,2,0.6477339267730713,BCC,2,0.6477339267730713,1
ISIC_0025691,BCC,2,0.6595891118049622,BCC,2,0.6595891118049622,1
ISIC_0025557,BCC,2,0.6659482717514038,BCC,2,0.6659482717514038,1
ISIC_0026395,BCC,2,0.6699336171150208,BCC,2,0.6699336171150208,1
ISIC_0030114,BCC,2,0.6738179922103882,BCC,2,0.6738179922103882,1
ISIC_0029779,BCC,2,0.6849497556686401,BCC,2,0.6849497556686401,1
ISIC_0028877,BCC,2,0.6879757642745972,BCC,2,0.6879757642745972,1
ISIC_0031450,BCC,2,0.6893306970596313,BCC,2,0.6893306970596313,1
ISIC_0028677,BCC,2,0.6988099217414856,BCC,2,0.6988099217414856,1
ISIC_0030514,BCC,2,0.7099350094795227,BCC,2,0.7099350094795227,1
ISIC_0026056,BCC,2,0.724606454372406,BCC,2,0.724606454372406,1
ISIC_0032092,BCC,2,0.7319526672363281,BCC,2,0.7319526672363281,1
ISIC_0027473,BCC,2,0.7321357727050781,BCC,2,0.7321357727050781,1
ISIC_0033747,BCC,2,0.7408761978149414,BCC,2,0.7408761978149414,1
ISIC_0031986,BCC,2,0.7445908188819885,BCC,2,0.7445908188819885,1
ISIC_0025564,BCC,2,0.7472768425941467,BCC,2,0.7472768425941467,1
ISIC_0029820,BCC,2,0.7528179287910461,BCC,2,0.7528179287910461,1
ISIC_0028147,BCC,2,0.7538180351257324,BCC,2,0.7538180351257324,1
ISIC_0024665,BCC,2,0.7605141401290894,BCC,2,0.7605141401290894,1
ISIC_0031651,BCC,2,0.7624643445014954,BCC,2,0.7624643445014954,1
ISIC_0027788,BCC,2,0.7761227488517761,BCC,2,0.7761227488517761,1
ISIC_0032497,BCC,2,0.7775945067405701,BCC,2,0.7775945067405701,1
ISIC_0034026,BCC,2,0.7800536751747131,BCC,2,0.7800536751747131,1
ISIC_0030766,BCC,2,0.7841514348983765,BCC,2,0.7841514348983765,1
ISIC_0031597,BCC,2,0.7869132161140442,BCC,2,0.7869132161140442,1
ISIC_0025144,BCC,2,0.7877984046936035,BCC,2,0.7877984046936035,1
ISIC_0029323,BCC,2,0.7885289192199707,BCC,2,0.7885289192199707,1
ISIC_0026957,BCC,2,0.7895293235778809,BCC,2,0.7895293235778809,1
ISIC_0024595,BCC,2,0.7906496524810791,BCC,2,0.7906496524810791,1
ISIC_0031836,BCC,2,0.7975667715072632,BCC,2,0.7975667715072632,1
ISIC_0030249,BCC,2,0.7997025847434998,BCC,2,0.7997025847434998,1
ISIC_0027851,BCC,2,0.8020759224891663,BCC,2,0.8020759224891663,1
ISIC_0027774,BCC,2,0.8078958988189697,BCC,2,0.8078958988189697,1
ISIC_0025509,BCC,2,0.8090632557868958,BCC,2,0.8090632557868958,1
ISIC_0031489,BCC,2,0.8094034790992737,BCC,2,0.8094034790992737,1
ISIC_0027189,BCC,2,0.8131575584411621,BCC,2,0.8131575584411621,1
ISIC_0031614,BCC,2,0.8133085370063782,BCC,2,0.8133085370063782,1
ISIC_0025940,BCC,2,0.8140813708305359,BCC,2,0.8140813708305359,1
ISIC_0031721,BCC,2,0.817463755607605,BCC,2,0.817463755607605,1
ISIC_0028283,BCC,2,0.818287193775177,BCC,2,0.818287193775177,1
ISIC_0028457,BCC,2,0.819378137588501,BCC,2,0.819378137588501,1
ISIC_0031513,BCC,2,0.8198634386062622,BCC,2,0.8198634386062622,1
ISIC_0027759,BCC,2,0.8213924169540405,BCC,2,0.8213924169540405,1
ISIC_0028059,BCC,2,0.8220059275627136,BCC,2,0.8220059275627136,1
ISIC_0027337,BCC,2,0.8231922388076782,BCC,2,0.8231922388076782,1
ISIC_0028687,BCC,2,0.8240039348602295,BCC,2,0.8240039348602295,1
ISIC_0033609,BCC,2,0.8245282173156738,BCC,2,0.8245282173156738,1
ISIC_0025019,BCC,2,0.8251843452453613,BCC,2,0.8251843452453613,1
ISIC_0031789,BCC,2,0.8262191414833069,BCC,2,0.8262191414833069,1
ISIC_0024403,BCC,2,0.8274699449539185,BCC,2,0.8274699449539185,1
ISIC_0027297,BCC,2,0.8332036137580872,BCC,2,0.8332036137580872,1
ISIC_0031057,BCC,2,0.8339427709579468,BCC,2,0.8339427709579468,1
ISIC_0030230,BCC,2,0.8370271921157837,BCC,2,0.8370271921157837,1
ISIC_0026156,BCC,2,0.8371707201004028,BCC,2,0.8371707201004028,1
ISIC_0031225,BCC,2,0.8394627571105957,BCC,2,0.8394627571105957,1
ISIC_0024432,BCC,2,0.8417758941650391,BCC,2,0.8417758941650391,1
ISIC_0027915,BCC,2,0.8435584306716919,BCC,2,0.8435584306716919,1
ISIC_0027046,BCC,2,0.8467475771903992,BCC,2,0.8467475771903992,1
ISIC_0024515,BCC,2,0.8471463322639465,BCC,2,0.8471463322639465,1
ISIC_0025630,BCC,2,0.847511351108551,BCC,2,0.847511351108551,1
ISIC_0030964,BCC,2,0.8506308197975159,BCC,2,0.8506308197975159,1
ISIC_0030177,BCC,2,0.8508269786834717,BCC,2,0.8508269786834717,1
ISIC_0031351,BCC,2,0.8544560074806213,BCC,2,0.8544560074806213,1
ISIC_0031925,BCC,2,0.854580819606781,BCC,2,0.854580819606781,1
ISIC_0029129,BCC,2,0.8568964004516602,BCC,2,0.8568964004516602,1
ISIC_0025285,BCC,2,0.857509195804596,BCC,2,0.857509195804596,1
ISIC_0031824,BCC,2,0.8608658909797668,BCC,2,0.8608658909797668,1
ISIC_0031062,BCC,2,0.8613778948783875,BCC,2,0.8613778948783875,1
ISIC_0024787,BCC,2,0.861479640007019,BCC,2,0.861479640007019,1
ISIC_0032799,BCC,2,0.8622891902923584,BCC,2,0.8622891902923584,1
ISIC_0032959,BCC,2,0.8633504509925842,BCC,2,0.8633504509925842,1
ISIC_0024332,BCC,2,0.8663101196289062,BCC,2,0.8663101196289062,1
ISIC_0030526,BCC,2,0.8691287040710449,BCC,2,0.8691287040710449,1
ISIC_0028542,BCC,2,0.8705289959907532,BCC,2,0.8705289959907532,1
ISIC_0032414,BCC,2,0.8718600869178772,BCC,2,0.8718600869178772,1
ISIC_0027609,BCC,2,0.8725056648254395,BCC,2,0.8725056648254395,1
ISIC_0024562,AKIEC,3,0.09407015889883041,BKL,4,0.7858149409294128,0
ISIC_0027562,AKIEC,3,0.14630089700222015,BKL,4,0.7623557448387146,0
ISIC_0027767,AKIEC,3,0.18310487270355225,BKL,4,0.3652282953262329,0
ISIC_0026492,AKIEC,3,0.20991617441177368,DF,5,0.31794798374176025,0
ISIC_0026014,AKIEC,3,0.22122429311275482,NV,1,0.4279172420501709,0
ISIC_0029362,AKIEC,3,0.22443898022174835,BCC,2,0.5708538293838501,0
ISIC_0026362,AKIEC,3,0.23723088204860687,NV,1,0.5783491730690002,0
ISIC_0029582,AKIEC,3,0.2539329528808594,BCC,2,0.3449353575706482,0
ISIC_0030143,AKIEC,3,0.2543441355228424,NV,1,0.7002862691879272,0
ISIC_0029598,AKIEC,3,0.2989571690559387,MEL,0,0.5320556163787842,0
ISIC_0033811,AKIEC,3,0.30021756887435913,BKL,4,0.35367563366889954,0
ISIC_0028619,AKIEC,3,0.30620667338371277,BKL,4,0.6244611144065857,0
ISIC_0030586,AKIEC,3,0.30701377987861633,BKL,4,0.4903399348258972,0
ISIC_0032422,AKIEC,3,0.31446319818496704,BKL,4,0.45195937156677246,0
ISIC_0031609,AKIEC,3,0.32092079520225525,AKIEC,3,0.32092079520225525,1
ISIC_0024517,AKIEC,3,0.3488929569721222,BCC,2,0.4068991243839264,0
ISIC_0028644,AKIEC,3,0.3719663918018341,MEL,0,0.3828836977481842,0
ISIC_0029141,AKIEC,3,0.3886759579181671,AKIEC,3,0.3886759579181671,1
ISIC_0029360,AKIEC,3,0.40235018730163574,BCC,2,0.42666423320770264,0
ISIC_0031659,AKIEC,3,0.40609705448150635,BCC,2,0.42994073033332825,0
ISIC_0027700,AKIEC,3,0.4098255932331085,BKL,4,0.48010584712028503,0
ISIC_0031043,AKIEC,3,0.41737714409828186,AKIEC,3,0.41737714409828186,1
ISIC_0033869,AKIEC,3,0.4323074221611023,AKIEC,3,0.4323074221611023,1
ISIC_0032897,AKIEC,3,0.43413588404655457,AKIEC,3,0.43413588404655457,1
ISIC_0030549,AKIEC,3,0.4540053606033325,AKIEC,3,0.4540053606033325,1
ISIC_0029915,AKIEC,3,0.46832817792892456,AKIEC,3,0.46832817792892456,1
ISIC_0026327,AKIEC,3,0.4720917046070099,BCC,2,0.47294124960899353,0
ISIC_0030344,AKIEC,3,0.48300373554229736,AKIEC,3,0.48300373554229736,1
ISIC_0025605,AKIEC,3,0.48347190022468567,AKIEC,3,0.48347190022468567,1
ISIC_0027343,AKIEC,3,0.4929218888282776,AKIEC,3,0.4929218888282776,1
ISIC_0030602,AKIEC,3,0.5099044442176819,AKIEC,3,0.5099044442176819,1
ISIC_0027047,AKIEC,3,0.5110412240028381,AKIEC,3,0.5110412240028381,1
ISIC_0029715,AKIEC,3,0.5146751999855042,AKIEC,3,0.5146751999855042,1
ISIC_0026468,AKIEC,3,0.522147536277771,AKIEC,3,0.522147536277771,1
ISIC_0024843,AKIEC,3,0.5292422771453857,AKIEC,3,0.5292422771453857,1
ISIC_0031743,AKIEC,3,0.5368509888648987,AKIEC,3,0.5368509888648987,1
ISIC_0025319,AKIEC,3,0.538805365562439,AKIEC,3,0.538805365562439,1
ISIC_0029315,AKIEC,3,0.5418721437454224,AKIEC,3,0.5418721437454224,1
ISIC_0029634,AKIEC,3,0.5507014393806458,AKIEC,3,0.5507014393806458,1
ISIC_0030387,AKIEC,3,0.5597416162490845,AKIEC,3,0.5597416162490845,1
ISIC_0031578,AKIEC,3,0.5623559355735779,AKIEC,3,0.5623559355735779,1
ISIC_0025808,AKIEC,3,0.5694311261177063,AKIEC,3,0.5694311261177063,1
ISIC_0030785,AKIEC,3,0.5764378905296326,AKIEC,3,0.5764378905296326,1
ISIC_0024800,AKIEC,3,0.5874856114387512,AKIEC,3,0.5874856114387512,1
ISIC_0025471,AKIEC,3,0.5935613512992859,AKIEC,3,0.5935613512992859,1
ISIC_0024463,AKIEC,3,0.5986726880073547,AKIEC,3,0.5986726880073547,1
ISIC_0025182,AKIEC,3,0.6028591990470886,AKIEC,3,0.6028591990470886,1
ISIC_0025790,AKIEC,3,0.603442370891571,AKIEC,3,0.603442370891571,1
ISIC_0028730,AKIEC,3,0.6062934994697571,AKIEC,3,0.6062934994697571,1
ISIC_0024329,AKIEC,3,0.6115647554397583,AKIEC,3,0.6115647554397583,1
ISIC_0028372,AKIEC,3,0.6169036626815796,AKIEC,3,0.6169036626815796,1
ISIC_0025957,AKIEC,3,0.6174008250236511,AKIEC,3,0.6174008250236511,1
ISIC_0030730,AKIEC,3,0.6319395899772644,AKIEC,3,0.6319395899772644,1
ISIC_0026083,AKIEC,3,0.6396040320396423,AKIEC,3,0.6396040320396423,1
ISIC_0024710,AKIEC,3,0.6455786824226379,AKIEC,3,0.6455786824226379,1
ISIC_0031506,AKIEC,3,0.6496078968048096,AKIEC,3,0.6496078968048096,1
ISIC_0029830,AKIEC,3,0.6564121842384338,AKIEC,3,0.6564121842384338,1
ISIC_0027580,AKIEC,3,0.6654865145683289,AKIEC,3,0.6654865145683289,1
ISIC_0031292,AKIEC,3,0.668730616569519,AKIEC,3,0.668730616569519,1
ISIC_0026645,AKIEC,3,0.670600950717926,AKIEC,3,0.670600950717926,1
ISIC_0027084,AKIEC,3,0.6716817617416382,AKIEC,3,0.6716817617416382,1
ISIC_0029067,AKIEC,3,0.6741779446601868,AKIEC,3,0.6741779446601868,1
ISIC_0030175,AKIEC,3,0.676439642906189,AKIEC,3,0.676439642906189,1
ISIC_0028335,AKIEC,3,0.6849614381790161,AKIEC,3,0.6849614381790161,1
ISIC_0026626,AKIEC,3,0.687422513961792,AKIEC,3,0.687422513961792,1
ISIC_0026301,BKL,4,0.006161686964333057,MEL,0,0.9583277702331543,0
ISIC_0028308,BKL,4,0.06867772340774536,NV,1,0.6986046433448792,0
ISIC_0025419,BKL,4,0.09538321942090988,NV,1,0.7831519246101379,0
ISIC_0024708,BKL,4,0.12428513914346695,NV,1,0.726009726524353,0
ISIC_0033716,BKL,4,0.13294319808483124,NV,1,0.5155524611473083,0
ISIC_0027335,BKL,4,0.16199272871017456,MEL,0,0.7263126969337463,0
ISIC_0025830,BKL,4,0.16333691775798798,MEL,0,0.415722519159317,0
ISIC_0032636,BKL,4,0.17115670442581177,MEL,0,0.7691344022750854,0
ISIC_0031593,BKL,4,0.17838425934314728,NV,1,0.6780186295509338,0
ISIC_0031485,BKL,4,0.19660836458206177,NV,1,0.7545614838600159,0
ISIC_0032200,BKL,4,0.2298469990491867,MEL,0,0.39351728558540344,0
ISIC_0028236,BKL,4,0.24147412180900574,NV,1,0.7088866233825684,0
ISIC_0025642,BKL,4,0.28015705943107605,NV,1,0.616442084312439,0
ISIC_0030605,BKL,4,0.28048354387283325,NV,1,0.6253864169120789,0
ISIC_0031459,BKL,4,0.2838630974292755,NV,1,0.5729283094406128,0
ISIC_0029687,BKL,4,0.3008615970611572,NV,1,0.5997580885887146,0
ISIC_0024696,BKL,4,0.3021107316017151,MEL,0,0.6763820052146912,0
ISIC_0033466,BKL,4,0.3060508966445923,NV,1,0.6734572649002075,0
ISIC_0028995,BKL,4,0.3138704299926758,NV,1,0.5801696181297302,0
ISIC_0033701,BKL,4,0.31635889410972595,NV,1,0.5643059015274048,0
ISIC_0024782,BKL,4,0.33223676681518555,BKL,4,0.33223676681518555,1
ISIC_0028611,BKL,4,0.3763761520385742,BKL,4,0.3763761520385742,1
ISIC_0033761,BKL,4,0.3984487056732178,NV,1,0.5580611228942871,0
ISIC_0031686,BKL,4,0.4066014587879181,BKL,4,0.4066014587879181,1
ISIC_0029289,BKL,4,0.40772244334220886,NV,1,0.4134208858013153,0
ISIC_0025874,BKL,4,0.4100632071495056,BKL,4,0.4100632071495056,1
ISIC_0025928,BKL,4,0.4146236777305603,BKL,4,0.4146236777305603,1
ISIC_0026070,BKL,4,0.4166743755340576,NV,1,0.5504492521286011,0
ISIC_0027710,BKL,4,0.4265844225883484,NV,1,0.45087844133377075,0
ISIC_0025842,BKL,4,0.43387913703918457,BKL,4,0.43387913703918457,1
ISIC_0033060,BKL,4,0.43481922149658203,NV,1,0.5256173610687256,0
ISIC_0027332,BKL,4,0.43512269854545593,NV,1,0.5041784048080444,0
ISIC_0027354,BKL,4,0.4463363587856293,BKL,4,0.4463363587856293,1
ISIC_0025548,BKL,4,0.4695897102355957,BKL,4,0.4695897102355957,1
ISIC_0030130,BKL,4,0.47059503197669983,MEL,0,0.48110243678092957,0
ISIC_0026477,BKL,4,0.47466373443603516,BKL,4,0.47466373443603516,1
ISIC_0031819,BKL,4,0.4755929708480835,BKL,4,0.4755929708480835,1
ISIC_0031537,BKL,4,0.48726171255111694,BKL,4,0.48726171255111694,1
ISIC_0033264,BKL,4,0.4934781789779663,BKL,4,0.4934781789779663,1
ISIC_0024711,BKL,4,0.49737492203712463,BKL,4,0.49737492203712463,1
ISIC_0024371,BKL,4,0.49935078620910645,BKL,4,0.49935078620910645,1
ISIC_0031624,BKL,4,0.504664957523346,BKL,4,0.504664957523346,1
ISIC_0030488,BKL,4,0.5051127672195435,BKL,4,0.5051127672195435,1
ISIC_0028710,BKL,4,0.5118749141693115,BKL,4,0.5118749141693115,1
ISIC_0030561,BKL,4,0.5138741731643677,BKL,4,0.5138741731643677,1
ISIC_0026219,BKL,4,0.5175259113311768,BKL,4,0.5175259113311768,1
ISIC_0029301,BKL,4,0.5211519002914429,BKL,4,0.5211519002914429,1
ISIC_0033620,BKL,4,0.5235862731933594,BKL,4,0.5235862731933594,1
ISIC_0031088,BKL,4,0.5243293046951294,BKL,4,0.5243293046951294,1
ISIC_0026245,BKL,4,0.5286688208580017,BKL,4,0.5286688208580017,1
ISIC_0025659,BKL,4,0.5298232436180115,BKL,4,0.5298232436180115,1
ISIC_0025510,BKL,4,0.5392173528671265,BKL,4,0.5392173528671265,1
ISIC_0028707,BKL,4,0.5413711071014404,BKL,4,0.5413711071014404,1
ISIC_0026835,BKL,4,0.54718416929245,BKL,4,0.54718416929245,1
ISIC_0031060,BKL,4,0.5530605316162109,BKL,4,0.5530605316162109,1
ISIC_0028943,BKL,4,0.5587099194526672,BKL,4,0.5587099194526672,1
ISIC_0029394,BKL,4,0.5594924688339233,BKL,4,0.5594924688339233,1
ISIC_0024915,BKL,4,0.5608896017074585,BKL,4,0.5608896017074585,1
ISIC_0032168,BKL,4,0.5629282593727112,BKL,4,0.5629282593727112,1
ISIC_0026637,BKL,4,0.5686187148094177,BKL,4,0.5686187148094177,1
ISIC_0028555,BKL,4,0.5706977248191833,BKL,4,0.5706977248191833,1
ISIC_0031753,BKL,4,0.5716990828514099,BKL,4,0.5716990828514099,1
ISIC_0029683,BKL,4,0.5742162466049194,BKL,4,0.5742162466049194,1
ISIC_0029227,BKL,4,0.5835286378860474,BKL,4,0.5835286378860474,1
ISIC_0031519,BKL,4,0.5854081511497498,BKL,4,0.5854081511497498,1
ISIC_0032694,BKL,4,0.5920001864433289,BKL,4,0.5920001864433289,1
ISIC_0025703,BKL,4,0.5934132933616638,BKL,4,0.5934132933616638,1
ISIC_0026623,BKL,4,0.6048035025596619,BKL,4,0.6048035025596619,1
ISIC_0034252,BKL,4,0.6082599759101868,BKL,4,0.6082599759101868,1
ISIC_0025366,BKL,4,0.6096964478492737,BKL,4,0.6096964478492737,1
ISIC_0025804,BKL,4,0.6132097840309143,BKL,4,0.6132097840309143,1
ISIC_0030706,BKL,4,0.613886833190918,BKL,4,0.613886833190918,1
ISIC_0031000,BKL,4,0.6144055724143982,BKL,4,0.6144055724143982,1
ISIC_0026607,BKL,4,0.6147516965866089,BKL,4,0.6147516965866089,1
ISIC_0032842,BKL,4,0.6162455081939697,BKL,4,0.6162455081939697,1
ISIC_0027455,BKL,4,0.6190471053123474,BKL,4,0.6190471053123474,1
ISIC_0025064,BKL,4,0.6220277547836304,BKL,4,0.6220277547836304,1
ISIC_0026728,BKL,4,0.6232746243476868,BKL,4,0.6232746243476868,1
ISIC_0025113,BKL,4,0.6239422559738159,BKL,4,0.6239422559738159,1
ISIC_0034115,BKL,4,0.6309887170791626,BKL,4,0.6309887170791626,1
ISIC_0030081,BKL,4,0.6353098154067993,BKL,4,0.6353098154067993,1
ISIC_0026794,BKL,4,0.6367953419685364,BKL,4,0.6367953419685364,1
ISIC_0031967,BKL,4,0.6368695497512817,BKL,4,0.6368695497512817,1
ISIC_0028650,BKL,4,0.6446653604507446,BKL,4,0.6446653604507446,1
ISIC_0027139,BKL,4,0.6482606530189514,BKL,4,0.6482606530189514,1
ISIC_0024773,BKL,4,0.6508552432060242,BKL,4,0.6508552432060242,1
ISIC_0031218,BKL,4,0.6543468832969666,BKL,4,0.6543468832969666,1
ISIC_0027652,BKL,4,0.6549317240715027,BKL,4,0.6549317240715027,1
ISIC_0029060,BKL,4,0.6572997570037842,BKL,4,0.6572997570037842,1
ISIC_0030677,BKL,4,0.6581519246101379,BKL,4,0.6581519246101379,1
ISIC_0029849,BKL,4,0.6586389541625977,BKL,4,0.6586389541625977,1
ISIC_0034126,BKL,4,0.6590563654899597,BKL,4,0.6590563654899597,1
ISIC_0033910,BKL,4,0.6620875000953674,BKL,4,0.6620875000953674,1
ISIC_0027973,BKL,4,0.6652620434761047,BKL,4,0.6652620434761047,1
ISIC_0024748,BKL,4,0.6653469800949097,BKL,4,0.6653469800949097,1
ISIC_0028615,BKL,4,0.6664467453956604,BKL,4,0.6664467453956604,1
ISIC_0031212,BKL,4,0.6689609289169312,BKL,4,0.6689609289169312,1
ISIC_0027954,BKL,4,0.6749122142791748,BKL,4,0.6749122142791748,1
ISIC_0026446,BKL,4,0.682755708694458,BKL,4,0.682755708694458,1
ISIC_0032116,BKL,4,0.6868364214897156,BKL,4,0.6868364214897156,1
ISIC_0025063,BKL,4,0.6877539157867432,BKL,4,0.6877539157867432,1
ISIC_0032486,BKL,4,0.688154399394989,BKL,4,0.688154399394989,1
ISIC_0028343,BKL,4,0.6949215531349182,BKL,4,0.6949215531349182,1
ISIC_0030365,BKL,4,0.6964066624641418,BKL,4,0.6964066624641418,1
ISIC_0027747,BKL,4,0.6972431540489197,BKL,4,0.6972431540489197,1
ISIC_0031691,BKL,4,0.7001193761825562,BKL,4,0.7001193761825562,1
ISIC_0033437,BKL,4,0.7040960788726807,BKL,4,0.7040960788726807,1
ISIC_0025326,BKL,4,0.7061706781387329,BKL,4,0.7061706781387329,1
ISIC_0024412,BKL,4,0.7100923657417297,BKL,4,0.7100923657417297,1
ISIC_0027991,BKL,4,0.7145963311195374,BKL,4,0.7145963311195374,1
ISIC_0033124,BKL,4,0.7182238698005676,BKL,4,0.7182238698005676,1
ISIC_0027527,BKL,4,0.7202789187431335,BKL,4,0.7202789187431335,1
ISIC_0030835,BKL,4,0.7213335633277893,BKL,4,0.7213335633277893,1
ISIC_0024358,BKL,4,0.7244855165481567,BKL,4,0.7244855165481567,1
ISIC_0031029,BKL,4,0.7246868014335632,BKL,4,0.7246868014335632,1
ISIC_0031287,BKL,4,0.7263540625572205,BKL,4,0.7263540625572205,1
ISIC_0032983,BKL,4,0.7264965772628784,BKL,4,0.7264965772628784,1
ISIC_0025199,BKL,4,0.7315710186958313,BKL,4,0.7315710186958313,1
ISIC_0027916,BKL,4,0.7349414825439453,BKL,4,0.7349414825439453,1
ISIC_0026961,BKL,4,0.7352660894393921,BKL,4,0.7352660894393921,1
ISIC_0024338,BKL,4,0.7360403537750244,BKL,4,0.7360403537750244,1
ISIC_0024547,BKL,4,0.7381728887557983,BKL,4,0.7381728887557983,1
ISIC_0032235,BKL,4,0.7416406273841858,BKL,4,0.7416406273841858,1
ISIC_0027219,BKL,4,0.7416828870773315,BKL,4,0.7416828870773315,1
ISIC_0025376,BKL,4,0.7419012784957886,BKL,4,0.7419012784957886,1
ISIC_0032249,BKL,4,0.7431733012199402,BKL,4,0.7431733012199402,1
ISIC_0028525,BKL,4,0.7433128952980042,BKL,4,0.7433128952980042,1
ISIC_0032179,BKL,4,0.7469045519828796,BKL,4,0.7469045519828796,1
ISIC_0032963,BKL,4,0.7469684481620789,BKL,4,0.7469684481620789,1
ISIC_0025040,BKL,4,0.7472561001777649,BKL,4,0.7472561001777649,1
ISIC_0025851,BKL,4,0.7520952820777893,BKL,4,0.7520952820777893,1
ISIC_0026959,BKL,4,0.7522554397583008,BKL,4,0.7522554397583008,1
ISIC_0031707,BKL,4,0.7541935443878174,BKL,4,0.7541935443878174,1
ISIC_0029568,BKL,4,0.7555282115936279,BKL,4,0.7555282115936279,1
ISIC_0029924,BKL,4,0.7556249499320984,BKL,4,0.7556249499320984,1
ISIC_0030649,BKL,4,0.7570821046829224,BKL,4,0.7570821046829224,1
ISIC_0029126,BKL,4,0.7602481842041016,BKL,4,0.7602481842041016,1
ISIC_0030783,BKL,4,0.7615974545478821,BKL,4,0.7615974545478821,1
ISIC_0033722,BKL,4,0.7619960904121399,BKL,4,0.7619960904121399,1
ISIC_0027151,BKL,4,0.7638587355613708,BKL,4,0.7638587355613708,1
ISIC_0025466,BKL,4,0.7656503915786743,BKL,4,0.7656503915786743,1
ISIC_0033899,BKL,4,0.7676244378089905,BKL,4,0.7676244378089905,1
ISIC_0033184,BKL,4,0.7678256630897522,BKL,4,0.7678256630897522,1
ISIC_0031766,BKL,4,0.7684128880500793,BKL,4,0.7684128880500793,1
ISIC_0024635,BKL,4,0.7702701687812805,BKL,4,0.7702701687812805,1
ISIC_0025297,BKL,4,0.7715433835983276,BKL,4,0.7715433835983276,1
ISIC_0028104,BKL,4,0.771881103515625,BKL,4,0.771881103515625,1
ISIC_0032757,BKL,4,0.7735570669174194,BKL,4,0.7735570669174194,1
ISIC_0024883,BKL,4,0.773644208908081,BKL,4,0.773644208908081,1
ISIC_0025982,BKL,4,0.7742059230804443,BKL,4,0.7742059230804443,1
ISIC_0030876,BKL,4,0.7751505374908447,BKL,4,0.7751505374908447,1
ISIC_0030630,BKL,4,0.7754038572311401,BKL,4,0.7754038572311401,1
ISIC_0030849,BKL,4,0.7769789099693298,BKL,4,0.7769789099693298,1
ISIC_0034186,BKL,4,0.7770976424217224,BKL,4,0.7770976424217224,1
ISIC_0024312,BKL,4,0.7784010767936707,BKL,4,0.7784010767936707,1
ISIC_0024445,BKL,4,0.7814799547195435,BKL,4,0.7814799547195435,1
ISIC_0034142,BKL,4,0.7826553583145142,BKL,4,0.7826553583145142,1
ISIC_0026842,BKL,4,0.7833241820335388,BKL,4,0.7833241820335388,1
ISIC_0028123,BKL,4,0.7860469222068787,BKL,4,0.7860469222068787,1
ISIC_0031577,BKL,4,0.7874183058738708,BKL,4,0.7874183058738708,1
ISIC_0029603,BKL,4,0.7875257730484009,BKL,4,0.7875257730484009,1
ISIC_0031770,BKL,4,0.789027750492096,BKL,4,0.789027750492096,1
ISIC_0025222,BKL,4,0.7909258008003235,BKL,4,0.7909258008003235,1
ISIC_0031620,BKL,4,0.7915716767311096,BKL,4,0.7915716767311096,1
ISIC_0026947,BKL,4,0.7921218872070312,BKL,4,0.7921218872070312,1
ISIC_0029012,BKL,4,0.7923011183738708,BKL,4,0.7923011183738708,1
ISIC_0026015,BKL,4,0.7930293083190918,BKL,4,0.7930293083190918,1
ISIC_0026018,BKL,4,0.794409453868866,BKL,4,0.794409453868866,1
ISIC_0030965,BKL,4,0.794762909412384,BKL,4,0.794762909412384,1
ISIC_0027394,BKL,4,0.7968116402626038,BKL,4,0.7968116402626038,1
ISIC_0027026,BKL,4,0.7981703877449036,BKL,4,0.7981703877449036,1
ISIC_0024336,BKL,4,0.7984573245048523,BKL,4,0.7984573245048523,1
ISIC_0030822,BKL,4,0.7995644211769104,BKL,4,0.7995644211769104,1
ISIC_0033587,BKL,4,0.7996222972869873,BKL,4,0.7996222972869873,1
ISIC_0029837,BKL,4,0.8004512190818787,BKL,4,0.8004512190818787,1
ISIC_0025937,BKL,4,0.8011155724525452,BKL,4,0.8011155724525452,1
ISIC_0029425,BKL,4,0.8012595176696777,BKL,4,0.8012595176696777,1
ISIC_0027437,BKL,4,0.8012846112251282,BKL,4,0.8012846112251282,1
ISIC_0029519,BKL,4,0.8026519417762756,BKL,4,0.8026519417762756,1
ISIC_0030522,BKL,4,0.8049409985542297,BKL,4,0.8049409985542297,1
ISIC_0028209,BKL,4,0.805504560470581,BKL,4,0.805504560470581,1
ISIC_0026265,BKL,4,0.8085158467292786,BKL,4,0.8085158467292786,1
ISIC_0030319,BKL,4,0.8099064230918884,BKL,4,0.8099064230918884,1
ISIC_0025805,BKL,4,0.810174286365509,BKL,4,0.810174286365509,1
ISIC_0029100,BKL,4,0.8109005689620972,BKL,4,0.8109005689620972,1
ISIC_0026871,BKL,4,0.8119856119155884,BKL,4,0.8119856119155884,1
ISIC_0027960,BKL,4,0.8127877116203308,BKL,4,0.8127877116203308,1
ISIC_0033785,BKL,4,0.81343013048172,BKL,4,0.81343013048172,1
ISIC_0032843,BKL,4,0.8141480088233948,BKL,4,0.8141480088233948,1
ISIC_0029931,BKL,4,0.8141770958900452,BKL,4,0.8141770958900452,1
ISIC_0031580,BKL,4,0.8146771788597107,BKL,4,0.8146771788597107,1
ISIC_0029522,BKL,4,0.8151986598968506,BKL,4,0.8151986598968506,1
ISIC_0028550,BKL,4,0.8158839344978333,BKL,4,0.8158839344978333,1
ISIC_0032063,BKL,4,0.8172187805175781,BKL,4,0.8172187805175781,1
ISIC_0028451,BKL,4,0.8186972141265869,BKL,4,0.8186972141265869,1
ISIC_0029617,BKL,4,0.8193844556808472,BKL,4,0.8193844556808472,1
ISIC_0031261,BKL,4,0.8214990496635437,BKL,4,0.8214990496635437,1
ISIC_0026153,BKL,4,0.82158362865448,BKL,4,0.82158362865448,1
ISIC_0027083,BKL,4,0.8216800689697266,BKL,4,0.8216800689697266,1
ISIC_0032335,BKL,4,0.824866771697998,BKL,4,0.824866771697998,1
ISIC_0025575,BKL,4,0.8250694870948792,BKL,4,0.8250694870948792,1
ISIC_0025529,BKL,4,0.8256000876426697,BKL,4,0.8256000876426697,1
ISIC_0033486,BKL,4,0.8300237059593201,BKL,4,0.8300237059593201,1
ISIC_0034031,BKL,4,0.8314273953437805,BKL,4,0.8314273953437805,1
ISIC_0025286,BKL,4,0.831822395324707,BKL,4,0.831822395324707,1
ISIC_0033262,BKL,4,0.8357342481613159,BKL,4,0.8357342481613159,1
ISIC_0033576,BKL,4,0.8363562226295471,BKL,4,0.8363562226295471,1
ISIC_0030203,BKL,4,0.8377869129180908,BKL,4,0.8377869129180908,1
ISIC_0029107,BKL,4,0.8379072546958923,BKL,4,0.8379072546958923,1
ISIC_0031345,BKL,4,0.8381900191307068,BKL,4,0.8381900191307068,1
ISIC_0028233,BKL,4,0.838699460029602,BKL,4,0.838699460029602,1
ISIC_0028331,BKL,4,0.8390172719955444,BKL,4,0.8390172719955444,1
ISIC_0032978,BKL,4,0.8396834135055542,BKL,4,0.8396834135055542,1
ISIC_0026941,BKL,4,0.8400534391403198,BKL,4,0.8400534391403198,1
ISIC_0026567,BKL,4,0.8409395813941956,BKL,4,0.8409395813941956,1
ISIC_0028607,BKL,4,0.8417648673057556,BKL,4,0.8417648673057556,1
ISIC_0033446,BKL,4,0.8418880701065063,BKL,4,0.8418880701065063,1
ISIC_0027989,BKL,4,0.8420692682266235,BKL,4,0.8420692682266235,1
ISIC_0029678,BKL,4,0.8423466682434082,BKL,4,0.8423466682434082,1
ISIC_0025980,DF,5,0.04460853710770607,NV,1,0.6649651527404785,0
ISIC_0025154,DF,5,0.12409024685621262,AKIEC,3,0.5916556715965271,0
ISIC_0027216,DF,5,0.13575275242328644,NV,1,0.8148111701011658,0
ISIC_0025903,DF,5,0.16986605525016785,NV,1,0.4089633822441101,0
ISIC_0028651,DF,5,0.3364529609680176,NV,1,0.5695528388023376,0
ISIC_0029578,DF,5,0.3933562636375427,DF,5,0.3933562636375427,1
ISIC_0027118,DF,5,0.46023717522621155,NV,1,0.46422454714775085,0
ISIC_0025954,DF,5,0.49135345220565796,DF,5,0.49135345220565796,1
ISIC_0031344,DF,5,0.497766375541687,DF,5,0.497766375541687,1
ISIC_0033891,DF,5,0.5087076425552368,DF,5,0.5087076425552368,1
ISIC_0032247,DF,5,0.5568514466285706,DF,5,0.5568514466285706,1
ISIC_0027598,DF,5,0.5868499279022217,DF,5,0.5868499279022217,1
ISIC_0033256,DF,5,0.6053251624107361,DF,5,0.6053251624107361,1
ISIC_0025668,DF,5,0.6969066262245178,DF,5,0.6969066262245178,1
ISIC_0028926,DF,5,0.7096249461174011,DF,5,0.7096249461174011,1
ISIC_0030321,DF,5,0.7241218686103821,DF,5,0.7241218686103821,1
ISIC_0027188,DF,5,0.7370185256004333,DF,5,0.7370185256004333,1
ISIC_0027876,DF,5,0.7644761204719543,DF,5,0.7644761204719543,1
ISIC_0024973,DF,5,0.7714098691940308,DF,5,0.7714098691940308,1
ISIC_0030665,DF,5,0.7722132802009583,DF,5,0.7722132802009583,1
ISIC_0029783,DF,5,0.7743896842002869,DF,5,0.7743896842002869,1
ISIC_0033860,DF,5,0.7856972813606262,DF,5,0.7856972813606262,1
ISIC_0034135,DF,5,0.7894072532653809,DF,5,0.7894072532653809,1
ISIC_0033230,VASC,6,0.5267572999000549,VASC,6,0.5267572999000549,1
ISIC_0031346,VASC,6,0.5724173188209534,VASC,6,0.5724173188209534,1
ISIC_0029486,VASC,6,0.6058010458946228,VASC,6,0.6058010458946228,1
ISIC_0031901,VASC,6,0.6522544026374817,VASC,6,0.6522544026374817,1
ISIC_0025425,VASC,6,0.7088685631752014,VASC,6,0.7088685631752014,1
ISIC_0030770,VASC,6,0.7204895615577698,VASC,6,0.7204895615577698,1
ISIC_0024475,VASC,6,0.727895200252533,VASC,6,0.727895200252533,1
ISIC_0031090,VASC,6,0.7475600242614746,VASC,6,0.7475600242614746,1
ISIC_0032867,VASC,6,0.7631345987319946,VASC,6,0.7631345987319946,1
ISIC_0029889,VASC,6,0.7799361348152161,VASC,6,0.7799361348152161,1
ISIC_0031955,VASC,6,0.7923588156700134,VASC,6,0.7923588156700134,1
ISIC_0026456,VASC,6,0.8288900256156921,VASC,6,0.8288900256156921,1
ISIC_0025250,VASC,6,0.8298132419586182,VASC,6,0.8298132419586182,1
ISIC_0026713,VASC,6,0.8624321818351746,VASC,6,0.8624321818351746,1
ISIC_0027563,VASC,6,0.8669145703315735,VASC,6,0.8669145703315735,1
ISIC_0031950,VASC,6,0.8695845007896423,VASC,6,0.8695845007896423,1
ISIC_0026068,VASC,6,0.8699862957000732,VASC,6,0.8699862957000732,1
ISIC_0031217,VASC,6,0.8893339037895203,VASC,6,0.8893339037895203,1
ISIC_0030070,VASC,6,0.8948374390602112,VASC,6,0.8948374390602112,1
ISIC_0025807,VASC,6,0.8970648646354675,VASC,6,0.8970648646354675,1
ISIC_0025578,VASC,6,0.902218759059906,VASC,6,0.902218759059906,1
ISIC_0028146,VASC,6,0.9062723517417908,VASC,6,0.9062723517417908,1
ISIC_0032538,VASC,6,0.9070591330528259,VASC,6,0.9070591330528259,1
ISIC_0027856,VASC,6,0.9074876308441162,VASC,6,0.9074876308441162,1
ISIC_0032839,VASC,6,0.9107339382171631,VASC,6,0.9107339382171631,1
ISIC_0026467,VASC,6,0.9113009572029114,VASC,6,0.9113009572029114,1
ISIC_0024747,VASC,6,0.9127646088600159,VASC,6,0.9127646088600159,1
ISIC_0029099,VASC,6,0.9145748019218445,VASC,6,0.9145748019218445,1
