image,label,label_idx,confidence,pred,pred_idx,pred_confidence,correct
ISIC_0032831,NV,1,0.000965853629168123,MEL,0,0.9809924960136414,0
ISIC_0032726,MEL,0,0.0025618551298975945,BKL,4,0.988680362701416,0
ISIC_0025302,DF,5,0.004191609099507332,NV,1,0.9916926622390747,0
ISIC_0027573,MEL,0,0.00463740574195981,BKL,4,0.9694175124168396,0
ISIC_0027350,MEL,0,0.005988419987261295,NV,1,0.932217001914978,0
ISIC_0029843,MEL,0,0.007823972962796688,NV,1,0.9739446640014648,0
ISIC_0031745,MEL,0,0.00832788459956646,NV,1,0.9796905517578125,0
ISIC_0029397,MEL,0,0.010486888699233532,NV,1,0.9451413750648499,0
ISIC_0032420,MEL,0,0.010614123195409775,BKL,4,0.983361542224884,0
ISIC_0029480,MEL,0,0.012233013287186623,NV,1,0.9409470558166504,0
ISIC_0032497,BCC,2,0.013661966659128666,BKL,4,0.501629114151001,0
ISIC_0028069,MEL,0,0.014039353467524052,NV,1,0.9544679522514343,0
ISIC_0026404,NV,1,0.015155257657170296,BKL,4,0.8876469135284424,0
ISIC_0029360,AKIEC,3,0.015539373271167278,VASC,6,0.7633005976676941,0
ISIC_0025891,MEL,0,0.015650371089577675,NV,1,0.940375566482544,0
ISIC_0032232,MEL,0,0.015874091535806656,NV,1,0.9439769983291626,0
ISIC_0025783,MEL,0,0.016380369663238525,NV,1,0.9516682028770447,0
ISIC_0025489,MEL,0,0.017126895487308502,NV,1,0.9343764781951904,0
ISIC_0025313,MEL,0,0.018593812361359596,NV,1,0.9504151940345764,0
ISIC_0029715,AKIEC,3,0.018702318891882896,NV,1,0.913842499256134,0
ISIC_0029859,MEL,0,0.019191645085811615,NV,1,0.9459595084190369,0
ISIC_0033811,AKIEC,3,0.019354544579982758,BKL,4,0.8687193989753723,0
ISIC_0026094,MEL,0,0.019685272127389908,NV,1,0.9733102917671204,0
ISIC_0029937,MEL,0,0.019777478650212288,NV,1,0.8302716612815857,0
ISIC_0027793,MEL,0,0.01986776292324066,NV,1,0.8646191954612732,0
ISIC_0028878,MEL,0,0.020688695833086967,BKL,4,0.5894588232040405,0
ISIC_0030047,MEL,0,0.02081475406885147,NV,1,0.9004157185554504,0
ISIC_0025940,BCC,2,0.02102786861360073,AKIEC,3,0.9211059808731079,0
ISIC_0030700,BKL,4,0.021904459223151207,AKIEC,3,0.4877152144908905,0
ISIC_0032982,MEL,0,0.02401532232761383,NV,1,0.8953924775123596,0
ISIC_0028132,AKIEC,3,0.02582605369389057,BCC,2,0.9162111878395081,0
ISIC_0031593,BKL,4,0.026407774537801743,MEL,0,0.3341444432735443,0
ISIC_0030616,MEL,0,0.027002999559044838,BKL,4,0.6586189866065979,0
ISIC_0029017,MEL,0,0.027254534885287285,NV,1,0.9110318422317505,0
ISIC_0027561,MEL,0,0.02731800451874733,BKL,4,0.8563154935836792,0
ISIC_0025008,NV,1,0.027842335402965546,MEL,0,0.9149685502052307,0
ISIC_0031707,BKL,4,0.02824004553258419,MEL,0,0.5721743702888489,0
ISIC_0024646,AKIEC,3,0.028410425409674644,BKL,4,0.9499489665031433,0
ISIC_0025238,MEL,0,0.029225096106529236,NV,1,0.9415645003318787,0
ISIC_0028335,AKIEC,3,0.029354771599173546,MEL,0,0.4898959994316101,0
ISIC_0030129,MEL,0,0.030599333345890045,NV,1,0.8718327283859253,0
ISIC_0025851,BKL,4,0.031299058347940445,NV,1,0.9007835388183594,0
ISIC_0031565,MEL,0,0.03130890801548958,NV,1,0.6739040017127991,0
ISIC_0024323,MEL,0,0.03217105194926262,NV,1,0.9274225234985352,0
ISIC_0033804,MEL,0,0.03239602968096733,NV,1,0.89649897813797,0
ISIC_0031712,BCC,2,0.03248095512390137,NV,1,0.9284400343894958,0
ISIC_0025791,MEL,0,0.03344522416591644,NV,1,0.8336145281791687,0
ISIC_0030564,MEL,0,0.033545877784490585,BKL,4,0.6746974587440491,0
ISIC_0027767,AKIEC,3,0.033647507429122925,MEL,0,0.4851178824901581,0
ISIC_0025592,MEL,0,0.03444274514913559,NV,1,0.926881730556488,0
ISIC_0027710,BKL,4,0.03461098670959473,NV,1,0.9248701333999634,0
ISIC_0027302,MEL,0,0.03586165979504585,NV,1,0.8527339100837708,0
ISIC_0029281,MEL,0,0.03596986085176468,NV,1,0.902777373790741,0
ISIC_0028847,MEL,0,0.0372837595641613,NV,1,0.946451723575592,0
ISIC_0026395,BCC,2,0.03819919005036354,NV,1,0.8252569437026978,0
ISIC_0030603,NV,1,0.038433562964200974,BKL,4,0.8236850500106812,0
ISIC_0030080,MEL,0,0.03886094316840172,NV,1,0.792772114276886,0
ISIC_0033232,MEL,0,0.03893100097775459,NV,1,0.9428329467773438,0
ISIC_0027190,MEL,0,0.039632827043533325,NV,1,0.8211431503295898,0
ISIC_0026930,MEL,0,0.03968648985028267,NV,1,0.8681650161743164,0
ISIC_0033016,NV,1,0.04062965512275696,MEL,0,0.8250011205673218,0
ISIC_0025450,MEL,0,0.04170956090092659,NV,1,0.9412351846694946,0
ISIC_0024898,MEL,0,0.042148999869823456,NV,1,0.8735089898109436,0
ISIC_0032203,AKIEC,3,0.042469289153814316,BCC,2,0.8146938681602478,0
ISIC_0031550,MEL,0,0.04285923391580582,NV,1,0.713330090045929,0
ISIC_0033496,MEL,0,0.04362143203616142,NV,1,0.9280495047569275,0
ISIC_0032653,MEL,0,0.043840762227773666,NV,1,0.9464859962463379,0
ISIC_0026607,BKL,4,0.04391421377658844,NV,1,0.415399432182312,0
ISIC_0028969,MEL,0,0.04398379474878311,BKL,4,0.7184006571769714,0
ISIC_0026466,AKIEC,3,0.045458655804395676,NV,1,0.9154367446899414,0
ISIC_0024772,BKL,4,0.04547907039523125,NV,1,0.7639930248260498,0
ISIC_0027139,BKL,4,0.04770014062523842,NV,1,0.8550060391426086,0
ISIC_0024459,MEL,0,0.04787885770201683,BKL,4,0.5345086455345154,0
ISIC_0031529,MEL,0,0.04809019714593887,NV,1,0.8569175004959106,0
ISIC_0030382,MEL,0,0.04871341213583946,BKL,4,0.5687025785446167,0
ISIC_0031795,MEL,0,0.04873140901327133,NV,1,0.8858064413070679,0
ISIC_0024313,MEL,0,0.04881713166832924,NV,1,0.8758518695831299,0
ISIC_0024612,BKL,4,0.04912722483277321,NV,1,0.5534416437149048,0
ISIC_0029582,AKIEC,3,0.05060567334294319,NV,1,0.9027284979820251,0
ISIC_0030238,MEL,0,0.05101022124290466,NV,1,0.8591564893722534,0
ISIC_0033368,MEL,0,0.051720235496759415,NV,1,0.9015353322029114,0
ISIC_0032046,MEL,0,0.05183834210038185,BKL,4,0.481034517288208,0
ISIC_0026362,AKIEC,3,0.052381761372089386,MEL,0,0.40384218096733093,0
ISIC_0026206,AKIEC,3,0.0524185448884964,NV,1,0.906964123249054,0
ISIC_0027144,MEL,0,0.05258866772055626,NV,1,0.8700665831565857,0
ISIC_0031597,BCC,2,0.05266660824418068,NV,1,0.8835052251815796,0
ISIC_0028952,BKL,4,0.052687037736177444,BCC,2,0.8336318731307983,0
ISIC_0032718,MEL,0,0.05295558646321297,BKL,4,0.7041219472885132,0
ISIC_0031177,MEL,0,0.05297262594103813,NV,1,0.8929479718208313,0
ISIC_0030951,MEL,0,0.053177107125520706,NV,1,0.4862103760242462,0
ISIC_0025195,MEL,0,0.05406176671385765,NV,1,0.8978278636932373,0
ISIC_0026153,BKL,4,0.05450714752078056,NV,1,0.9134682416915894,0
ISIC_0030175,AKIEC,3,0.05497978627681732,MEL,0,0.7105073928833008,0
ISIC_0033196,MEL,0,0.05524704232811928,NV,1,0.9163051843643188,0
ISIC_0027420,MEL,0,0.0556412898004055,NV,1,0.8381533026695251,0
ISIC_0029915,AKIEC,3,0.056930843740701675,NV,1,0.7640855312347412,0
ISIC_0028065,MEL,0,0.057401206344366074,NV,1,0.8566659092903137,0
ISIC_0027216,DF,5,0.058517664670944214,NV,1,0.8918843865394592,0
ISIC_0027956,MEL,0,0.05892820656299591,NV,1,0.901489794254303,0
ISIC_0033863,MEL,0,0.05922641605138779,NV,1,0.91094970703125,0
ISIC_0028051,MEL,0,0.059233158826828,NV,1,0.9211004972457886,0
ISIC_0031844,MEL,0,0.06032351404428482,BKL,4,0.5280444025993347,0
ISIC_0025543,MEL,0,0.060800738632678986,BKL,4,0.7995623350143433,0
ISIC_0032430,MEL,0,0.06125969812273979,BKL,4,0.643903911113739,0
ISIC_0031770,BKL,4,0.06184796616435051,NV,1,0.8279024958610535,0
ISIC_0032981,MEL,0,0.06189696118235588,NV,1,0.8465025424957275,0
ISIC_0026475,MEL,0,0.06250931322574615,NV,1,0.8161373138427734,0
ISIC_0031586,MEL,0,0.06252460181713104,NV,1,0.8937444090843201,0
ISIC_0034100,MEL,0,0.06291256844997406,BKL,4,0.7611644864082336,0
ISIC_0029779,BCC,2,0.06345953047275543,VASC,6,0.8564826846122742,0
ISIC_0029929,BKL,4,0.06346486508846283,MEL,0,0.6855891942977905,0
ISIC_0026446,BKL,4,0.06374859809875488,NV,1,0.8408190011978149,0
ISIC_0026892,MEL,0,0.0638946071267128,NV,1,0.8060855865478516,0
ISIC_0031118,MEL,0,0.06410305202007294,BKL,4,0.4342139959335327,0
ISIC_0027753,AKIEC,3,0.0643610954284668,BKL,4,0.8982166647911072,0
ISIC_0032645,MEL,0,0.06644755601882935,NV,1,0.7995996475219727,0
ISIC_0030360,MEL,0,0.0664951279759407,BKL,4,0.5576862692832947,0
ISIC_0029974,BCC,2,0.06694117188453674,NV,1,0.8782792091369629,0
ISIC_0026637,BKL,4,0.0671294778585434,NV,1,0.8467346429824829,0
ISIC_0026040,AKIEC,3,0.06741703301668167,BKL,4,0.9005580544471741,0
ISIC_0027118,DF,5,0.06788618117570877,NV,1,0.8409974575042725,0
ISIC_0026468,AKIEC,3,0.06800322234630585,NV,1,0.6579709053039551,0
ISIC_0027620,MEL,0,0.06825681775808334,NV,1,0.8924953937530518,0
ISIC_0033050,MEL,0,0.06862344592809677,BKL,4,0.4626288414001465,0
ISIC_0026203,AKIEC,3,0.06864095479249954,NV,1,0.8786748051643372,0
ISIC_0028511,BKL,4,0.06866156309843063,MEL,0,0.807173490524292,0
ISIC_0028651,DF,5,0.06994597613811493,NV,1,0.8117780685424805,0
ISIC_0025064,BKL,4,0.07003795355558395,NV,1,0.350361704826355,0
ISIC_0031526,BCC,2,0.07028046995401382,NV,1,0.7663911581039429,0
ISIC_0026629,DF,5,0.07083876430988312,BKL,4,0.8591108322143555,0
ISIC_0024975,NV,1,0.07157142460346222,MEL,0,0.8468003869056702,0
ISIC_0027100,MEL,0,0.07261035591363907,BKL,4,0.8486730456352234,0
ISIC_0025642,BKL,4,0.07271916419267654,NV,1,0.8746525645256042,0
ISIC_0028225,MEL,0,0.07297781854867935,NV,1,0.7905726432800293,0
ISIC_0024881,BKL,4,0.07352996617555618,BCC,2,0.7861073613166809,0
ISIC_0026744,BKL,4,0.0743044763803482,NV,1,0.7566430568695068,0
ISIC_0027531,BCC,2,0.07441018521785736,NV,1,0.4291526675224304,0
ISIC_0027155,MEL,0,0.07465530931949615,NV,1,0.7447284460067749,0
ISIC_0026769,BKL,4,0.07529693841934204,MEL,0,0.37306544184684753,0
ISIC_0026690,MEL,0,0.07548178732395172,NV,1,0.525638997554779,0
ISIC_0027776,MEL,0,0.07593999803066254,NV,1,0.4723990857601166,0
ISIC_0028415,MEL,0,0.07659236341714859,NV,1,0.6988036036491394,0
ISIC_0029107,BKL,4,0.07702402770519257,NV,1,0.8680674433708191,0
ISIC_0034169,DF,5,0.07828623056411743,BCC,2,0.4373536705970764,0
ISIC_0029216,MEL,0,0.07846806198358536,NV,1,0.7780591249465942,0
ISIC_0024981,BKL,4,0.07852525264024734,NV,1,0.5200042724609375,0
ISIC_0030281,MEL,0,0.07902415841817856,NV,1,0.8701334595680237,0
ISIC_0027577,AKIEC,3,0.0793345645070076,BKL,4,0.8329347968101501,0
ISIC_0028567,MEL,0,0.07989715784788132,NV,1,0.8260520100593567,0
ISIC_0030387,AKIEC,3,0.08064266294240952,BCC,2,0.457789808511734,0
ISIC_0025954,DF,5,0.08241813629865646,NV,1,0.8513040542602539,0
ISIC_0033637,NV,1,0.08276180177927017,BKL,4,0.8431850671768188,0
ISIC_0031651,BCC,2,0.08305998146533966,AKIEC,3,0.8239352703094482,0
ISIC_0025980,DF,5,0.08362166583538055,NV,1,0.783823549747467,0
ISIC_0029713,AKIEC,3,0.08365974575281143,BCC,2,0.7075057625770569,0
ISIC_0029227,BKL,4,0.08506476879119873,NV,1,0.7834479212760925,0
ISIC_0028308,BKL,4,0.08584311604499817,NV,1,0.41094866394996643,0
ISIC_0025317,MEL,0,0.08637884259223938,VASC,6,0.42420706152915955,0
ISIC_0024733,MEL,0,0.08643186837434769,NV,1,0.5986438989639282,0
ISIC_0029141,AKIEC,3,0.08681029826402664,BKL,4,0.8076533675193787,0
ISIC_0030822,BKL,4,0.08712182193994522,MEL,0,0.30641233921051025,0
ISIC_0029013,MEL,0,0.08755096048116684,NV,1,0.7725551128387451,0
ISIC_0032636,BKL,4,0.08755983412265778,MEL,0,0.6445252299308777,0
ISIC_0030151,NV,1,0.08863835036754608,BKL,4,0.8035568594932556,0
ISIC_0024312,BKL,4,0.08935903012752533,BCC,2,0.8444157242774963,0
ISIC_0026545,MEL,0,0.08986435830593109,NV,1,0.7801040410995483,0
ISIC_0024930,MEL,0,0.08993367850780487,NV,1,0.8387770652770996,0
ISIC_0025903,DF,5,0.09084677696228027,NV,1,0.7318775653839111,0
ISIC_0030277,MEL,0,0.09103437513113022,BKL,4,0.7080170512199402,0
ISIC_0025324,MEL,0,0.09164024889469147,NV,1,0.8488771319389343,0
ISIC_0030391,MEL,0,0.09181986004114151,NV,1,0.8187371492385864,0
ISIC_0025904,MEL,0,0.09258286654949188,BKL,4,0.8178563714027405,0
ISIC_0026549,AKIEC,3,0.09399612993001938,NV,1,0.6703166365623474,0
ISIC_0024522,AKIEC,3,0.0949007123708725,DF,5,0.4020153284072876,0
ISIC_0031602,NV,1,0.09556064754724503,BKL,4,0.6157910823822021,0
ISIC_0030070,VASC,6,0.09568732231855392,NV,1,0.8442866802215576,0
ISIC_0031428,BKL,4,0.09607786685228348,NV,1,0.7572965621948242,0
ISIC_0024721,NV,1,0.09715903550386429,DF,5,0.7139635682106018,0
ISIC_0031738,AKIEC,3,0.09759067744016647,BCC,2,0.525786280632019,0
ISIC_0033653,MEL,0,0.09874347597360611,NV,1,0.8279249668121338,0
ISIC_0028198,MEL,0,0.10040917992591858,NV,1,0.7980872988700867,0
ISIC_0032918,MEL,0,0.1004171296954155,BKL,4,0.3986031413078308,0
ISIC_0028543,MEL,0,0.1013510674238205,NV,1,0.8271840214729309,0
ISIC_0031991,NV,1,0.10154031217098236,BKL,4,0.7924178242683411,0
ISIC_0025766,MEL,0,0.10154405981302261,NV,1,0.8318977355957031,0
ISIC_0028168,BCC,2,0.10163784772157669,BKL,4,0.6904492974281311,0
ISIC_0032534,BKL,4,0.10180015116930008,BCC,2,0.5018086433410645,0
ISIC_0026687,BCC,2,0.10243967920541763,MEL,0,0.5009563565254211,0
ISIC_0028465,MEL,0,0.10299684852361679,NV,1,0.7217114567756653,0
ISIC_0032597,MEL,0,0.1030406653881073,NV,1,0.754709005355835,0
ISIC_0029417,AKIEC,3,0.10359804332256317,MEL,0,0.3213527202606201,0
ISIC_0027064,BKL,4,0.10444217920303345,DF,5,0.39086949825286865,0
ISIC_0029538,MEL,0,0.10474701970815659,NV,1,0.7879763841629028,0
ISIC_0031344,DF,5,0.10493520647287369,BCC,2,0.34735384583473206,0
ISIC_0028346,DF,5,0.10514058917760849,AKIEC,3,0.4128304719924927,0
ISIC_0033526,MEL,0,0.106120765209198,NV,1,0.8200393319129944,0
ISIC_0030561,BKL,4,0.1066659614443779,NV,1,0.747813880443573,0
ISIC_0024958,MEL,0,0.10671530663967133,BKL,4,0.5762231945991516,0
ISIC_0028463,MEL,0,0.10746067762374878,NV,1,0.7183482646942139,0
ISIC_0033938,MEL,0,0.10751640051603317,NV,1,0.7451354265213013,0
ISIC_0029092,MEL,0,0.10769565403461456,NV,1,0.8206413984298706,0
ISIC_0027851,BCC,2,0.10774755477905273,DF,5,0.403829962015152,0
ISIC_0024547,BKL,4,0.10918494313955307,NV,1,0.6918895840644836,0
ISIC_0027105,MEL,0,0.10941633582115173,NV,1,0.411512166261673,0
ISIC_0026081,MEL,0,0.10962056368589401,NV,1,0.8311375975608826,0
ISIC_0029209,MEL,0,0.10968274623155594,NV,1,0.5790243148803711,0
ISIC_0024431,BCC,2,0.10969842970371246,NV,1,0.478299081325531,0
ISIC_0027244,NV,1,0.11018931120634079,BKL,4,0.7086343765258789,0
ISIC_0033708,MEL,0,0.11045919358730316,AKIEC,3,0.7063753008842468,0
ISIC_0033152,MEL,0,0.11111072450876236,NV,1,0.7913409471511841,0
ISIC_0034205,MEL,0,0.1122865229845047,NV,1,0.8622788190841675,0
ISIC_0024418,AKIEC,3,0.11259757727384567,MEL,0,0.7683640718460083,0
ISIC_0025531,MEL,0,0.11668119579553604,BKL,4,0.31906619668006897,0
ISIC_0029563,AKIEC,3,0.11755932867527008,MEL,0,0.6763635277748108,0
ISIC_0033416,MEL,0,0.11847499012947083,NV,1,0.8378058075904846,0
ISIC_0031346,VASC,6,0.11866767704486847,NV,1,0.773726224899292,0
ISIC_0034134,MEL,0,0.11878225952386856,BCC,2,0.7569672465324402,0
ISIC_0025955,MEL,0,0.11895745247602463,NV,1,0.8155575394630432,0
ISIC_0027068,BKL,4,0.11945972591638565,NV,1,0.7524851560592651,0
ISIC_0032583,MEL,0,0.11948017030954361,AKIEC,3,0.28991732001304626,0
ISIC_0031659,AKIEC,3,0.12156492471694946,BCC,2,0.2729342579841614,0
ISIC_0025755,MEL,0,0.12207686901092529,NV,1,0.7816073298454285,0
ISIC_0028029,MEL,0,0.12208845466375351,NV,1,0.8401622772216797,0
ISIC_0025504,DF,5,0.12247933447360992,NV,1,0.7311482429504395,0
ISIC_0030835,BKL,4,0.12394477427005768,NV,1,0.5533211827278137,0
ISIC_0025928,BKL,4,0.12397009134292603,NV,1,0.44471070170402527,0
ISIC_0029747,BCC,2,0.12412663549184799,DF,5,0.4027051031589508,0
ISIC_0033947,MEL,0,0.12412671744823456,BKL,4,0.7848503589630127,0
ISIC_0030081,BKL,4,0.12432055175304413,BCC,2,0.44224053621292114,0
ISIC_0033654,MEL,0,0.12475188821554184,NV,1,0.7999366521835327,0
ISIC_0027568,NV,1,0.1249140128493309,AKIEC,3,0.42998358607292175,0
ISIC_0028052,BKL,4,0.12545913457870483,NV,1,0.708487868309021,0
ISIC_0028103,MEL,0,0.12550616264343262,BKL,4,0.5281068086624146,0
ISIC_0033728,MEL,0,0.12555989623069763,NV,1,0.5398844480514526,0
ISIC_0034107,MEL,0,0.12609201669692993,NV,1,0.777908980846405,0
ISIC_0028730,AKIEC,3,0.12791913747787476,MEL,0,0.5509405732154846,0
ISIC_0024525,MEL,0,0.12856009602546692,BKL,4,0.46755385398864746,0
ISIC_0030143,AKIEC,3,0.1290670484304428,NV,1,0.57355135679245,0
ISIC_0031186,MEL,0,0.12941446900367737,AKIEC,3,0.4856716990470886,0
ISIC_0028159,NV,1,0.1294931024312973,BCC,2,0.40213853120803833,0
ISIC_0027359,MEL,0,0.12970797717571259,BKL,4,0.7437512874603271,0
ISIC_0028493,MEL,0,0.12998877465724945,BKL,4,0.6833747029304504,0
ISIC_0029958,MEL,0,0.1306087225675583,BKL,4,0.7534621953964233,0
ISIC_0026843,BKL,4,0.13096176087856293,NV,1,0.7762117385864258,0
ISIC_0024932,MEL,0,0.13119223713874817,NV,1,0.6236343383789062,0
ISIC_0024708,BKL,4,0.13127227127552032,MEL,0,0.7123324871063232,0
ISIC_0024511,AKIEC,3,0.13132718205451965,NV,1,0.5204771161079407,0
ISIC_0031301,NV,1,0.1318519115447998,AKIEC,3,0.3162412941455841,0
ISIC_0031146,MEL,0,0.13199184834957123,NV,1,0.8189519047737122,0
ISIC_0027580,AKIEC,3,0.13400521874427795,BCC,2,0.6091579794883728,0
ISIC_0029126,BKL,4,0.13432925939559937,AKIEC,3,0.5751550197601318,0
ISIC_0032186,NV,1,0.1349722445011139,MEL,0,0.7994399666786194,0
ISIC_0029502,MEL,0,0.1350020170211792,NV,1,0.5852934122085571,0
ISIC_0032662,MEL,0,0.1356840282678604,NV,1,0.8220534324645996,0
ISIC_0026989,MEL,0,0.13581804931163788,NV,1,0.8231140375137329,0
ISIC_0031872,BKL,4,0.13594231009483337,MEL,0,0.43416517972946167,0
ISIC_0029967,DF,5,0.1362304538488388,BCC,2,0.48661425709724426,0
ISIC_0031609,AKIEC,3,0.13730894029140472,NV,1,0.4673190116882324,0
ISIC_0032603,MEL,0,0.13765908777713776,NV,1,0.8122930526733398,0
ISIC_0025835,MEL,0,0.13794738054275513,NV,1,0.766902506351471,0
ISIC_0025553,NV,1,0.13805235922336578,BKL,4,0.7632439136505127,0
ISIC_0029035,BCC,2,0.13816912472248077,MEL,0,0.2522304356098175,0
ISIC_0028890,BCC,2,0.1388550102710724,MEL,0,0.8111445307731628,0
ISIC_0031303,MEL,0,0.1393381506204605,BKL,4,0.5733521580696106,0
ISIC_0026835,BKL,4,0.14016692340373993,NV,1,0.8087801337242126,0
ISIC_0024760,BKL,4,0.14022916555404663,BCC,2,0.7429876327514648,0
ISIC_0031901,VASC,6,0.1417378932237625,NV,1,0.5756731033325195,0
ISIC_0026981,AKIEC,3,0.14235737919807434,BCC,2,0.7769540548324585,0
ISIC_0029498,NV,1,0.1427001804113388,MEL,0,0.7379734516143799,0
ISIC_0033364,NV,1,0.1430632770061493,BKL,4,0.6542151570320129,0
ISIC_0030346,BKL,4,0.14366984367370605,MEL,0,0.6319907307624817,0
ISIC_0028666,MEL,0,0.14382894337177277,BKL,4,0.36752042174339294,0
ISIC_0029909,MEL,0,0.14512166380882263,NV,1,0.3319537341594696,0
ISIC_0029289,BKL,4,0.1453830450773239,NV,1,0.7209229469299316,0
ISIC_0026489,MEL,0,0.1456490159034729,NV,1,0.7085486054420471,0
ISIC_0025700,BCC,2,0.14568908512592316,AKIEC,3,0.3839554190635681,0
ISIC_0031208,MEL,0,0.1458674669265747,NV,1,0.5663498044013977,0
ISIC_0033668,MEL,0,0.14639411866664886,AKIEC,3,0.6857427358627319,0
ISIC_0026296,MEL,0,0.1465466320514679,NV,1,0.7503508925437927,0
ISIC_0026774,MEL,0,0.1467311531305313,NV,1,0.8100985884666443,0
ISIC_0027700,AKIEC,3,0.14693932235240936,NV,1,0.5720798969268799,0
ISIC_0027616,MEL,0,0.14733192324638367,BKL,4,0.41513583064079285,0
ISIC_0032807,MEL,0,0.1483132392168045,NV,1,0.4197540581226349,0
ISIC_0025744,MEL,0,0.1494985818862915,BKL,4,0.5580604076385498,0
ISIC_0033725,MEL,0,0.14968012273311615,NV,1,0.7949098944664001,0
ISIC_0031401,MEL,0,0.15003162622451782,BKL,4,0.7792755961418152,0
ISIC_0027174,MEL,0,0.1502491980791092,NV,1,0.6555351614952087,0
ISIC_0024999,MEL,0,0.1505715698003769,NV,1,0.6739679574966431,0
ISIC_0031140,BCC,2,0.1506972759962082,NV,1,0.7689481377601624,0
ISIC_0031496,BKL,4,0.15070654451847076,NV,1,0.3992081880569458,0
ISIC_0024700,MEL,0,0.1510465145111084,NV,1,0.7835181951522827,0
ISIC_0030522,BKL,4,0.1532762497663498,NV,1,0.4513958990573883,0
ISIC_0030978,NV,1,0.15335476398468018,BKL,4,0.2992786169052124,0
ISIC_0033594,MEL,0,0.153488427400589,NV,1,0.7002373337745667,0
ISIC_0034173,MEL,0,0.15417419373989105,NV,1,0.6759563088417053,0
ISIC_0031077,MEL,0,0.15522485971450806,NV,1,0.7811629176139832,0
ISIC_0027480,MEL,0,0.15531310439109802,NV,1,0.7399805188179016,0
ISIC_0028764,MEL,0,0.1555415242910385,NV,1,0.3967486023902893,0
ISIC_0031554,MEL,0,0.15710878372192383,NV,1,0.7250301241874695,0
ISIC_0030539,MEL,0,0.1575884073972702,BKL,4,0.8184447884559631,0
ISIC_0032245,MEL,0,0.1576327681541443,NV,1,0.737399697303772,0
ISIC_0024517,AKIEC,3,0.1579235941171646,NV,1,0.5811322331428528,0
ISIC_0031057,BCC,2,0.15906141698360443,NV,1,0.2638404667377472,0
ISIC_0030366,MEL,0,0.15977813303470612,DF,5,0.3291620910167694,0
ISIC_0027021,MEL,0,0.16161668300628662,AKIEC,3,0.34821271896362305,0
ISIC_0027507,MEL,0,0.16176077723503113,NV,1,0.7630411982536316,0
ISIC_0028087,MEL,0,0.1648082435131073,NV,1,0.702332079410553,0
ISIC_0029448,VASC,6,0.16484692692756653,NV,1,0.7315720915794373,0
ISIC_0033626,DF,5,0.16496840119361877,NV,1,0.7831341028213501,0
ISIC_0028607,BKL,4,0.16633497178554535,NV,1,0.6938048005104065,0
ISIC_0028261,NV,1,0.16639408469200134,BKL,4,0.5048254728317261,0
ISIC_0032218,NV,1,0.16695371270179749,BCC,2,0.3463769555091858,0
ISIC_0031957,MEL,0,0.16720835864543915,NV,1,0.6347733736038208,0
ISIC_0026811,MEL,0,0.16761764883995056,NV,1,0.6760023236274719,0
ISIC_0025724,MEL,0,0.16763387620449066,NV,1,0.631192147731781,0
ISIC_0034188,MEL,0,0.16766457259655,NV,1,0.7236533164978027,0
ISIC_0032318,BCC,2,0.1681489199399948,MEL,0,0.7392224073410034,0
ISIC_0024554,MEL,0,0.1681889444589615,AKIEC,3,0.44098421931266785,0
ISIC_0032125,NV,1,0.16922420263290405,BCC,2,0.7877985239028931,0
ISIC_0027005,NV,1,0.16941384971141815,BKL,4,0.7603386640548706,0
ISIC_0033272,MEL,0,0.1694430410861969,DF,5,0.2860378623008728,0
ISIC_0030280,AKIEC,3,0.17015251517295837,MEL,0,0.3210718035697937,0
ISIC_0030586,AKIEC,3,0.17026911675930023,BKL,4,0.44295597076416016,0
ISIC_0025790,AKIEC,3,0.17054525017738342,NV,1,0.41074076294898987,0
ISIC_0028146,VASC,6,0.17107166349887848,NV,1,0.6919469237327576,0
ISIC_0030552,MEL,0,0.17300638556480408,NV,1,0.5706783533096313,0
ISIC_0027287,BKL,4,0.17445304989814758,MEL,0,0.4030386507511139,0
ISIC_0024367,MEL,0,0.17472641170024872,NV,1,0.4132614731788635,0
ISIC_0026258,MEL,0,0.17486566305160522,NV,1,0.6410464644432068,0
ISIC_0031852,AKIEC,3,0.17643122375011444,BKL,4,0.4275475740432739,0
ISIC_0033808,DF,5,0.17720834910869598,NV,1,0.8009137511253357,0
ISIC_0032214,MEL,0,0.17753702402114868,NV,1,0.4841804802417755,0
ISIC_0028968,MEL,0,0.17815838754177094,NV,1,0.40205317735671997,0
ISIC_0034183,MEL,0,0.17952099442481995,NV,1,0.7570855617523193,0
ISIC_0025235,MEL,0,0.180794820189476,NV,1,0.6285630464553833,0
ISIC_0033716,BKL,4,0.18096978962421417,MEL,0,0.45969969034194946,0
ISIC_0028611,BKL,4,0.18128636479377747,BCC,2,0.23782338201999664,0
ISIC_0030608,BKL,4,0.18263234198093414,MEL,0,0.7138174772262573,0
ISIC_0028003,MEL,0,0.18268679082393646,NV,1,0.6656423807144165,0
ISIC_0029039,DF,5,0.18461404740810394,NV,1,0.5835570693016052,0
ISIC_0027560,MEL,0,0.18486851453781128,BKL,4,0.3497580885887146,0
ISIC_0029885,MEL,0,0.18651071190834045,NV,1,0.39490601420402527,0
ISIC_0033986,MEL,0,0.18655037879943848,NV,1,0.6499872803688049,0
ISIC_0029319,MEL,0,0.18667592108249664,NV,1,0.6427945494651794,0
ISIC_0031369,MEL,0,0.18839171528816223,BKL,4,0.5287113189697266,0
ISIC_0029783,DF,5,0.18845674395561218,AKIEC,3,0.4122016131877899,0
ISIC_0026351,BKL,4,0.18950209021568298,MEL,0,0.7446327209472656,0
ISIC_0025778,NV,1,0.18977077305316925,BKL,4,0.766250729560852,0
ISIC_0027838,MEL,0,0.19004778563976288,NV,1,0.7083737254142761,0
ISIC_0033520,MEL,0,0.1900600641965866,NV,1,0.6768664121627808,0
ISIC_0025948,AKIEC,3,0.19050857424736023,BCC,2,0.4291825294494629,0
ISIC_0034208,MEL,0,0.19186381995677948,BCC,2,0.3850998282432556,0
ISIC_0026254,DF,5,0.19193387031555176,BKL,4,0.4718039333820343,0
ISIC_0024857,NV,1,0.19193492829799652,BKL,4,0.6760948896408081,0
ISIC_0025069,AKIEC,3,0.19224417209625244,BKL,4,0.232895165681839,0
ISIC_0032722,MEL,0,0.19226831197738647,NV,1,0.6892312169075012,0
ISIC_0032509,MEL,0,0.19271685183048248,NV,1,0.504144549369812,0
ISIC_0026084,NV,1,0.19294580817222595,MEL,0,0.3031919002532959,0
ISIC_0028677,BCC,2,0.19361713528633118,NV,1,0.6554489731788635,0
ISIC_0024973,DF,5,0.19479487836360931,MEL,0,0.550691545009613,0
ISIC_0027861,NV,1,0.1948578953742981,BKL,4,0.2729921340942383,0
ISIC_0033485,MEL,0,0.19491291046142578,NV,1,0.6353984475135803,0
ISIC_0034170,MEL,0,0.19540125131607056,NV,1,0.45377877354621887,0
ISIC_0030575,MEL,0,0.19606222212314606,NV,1,0.7448386549949646,0
ISIC_0031395,NV,1,0.19703330099582672,MEL,0,0.7368441820144653,0
ISIC_0030818,MEL,0,0.19776420295238495,NV,1,0.750420093536377,0
ISIC_0029549,AKIEC,3,0.19782230257987976,BKL,4,0.35222673416137695,0
ISIC_0025182,AKIEC,3,0.1990230828523636,BCC,2,0.34181249141693115,0
ISIC_0030188,BKL,4,0.19958236813545227,MEL,0,0.5507951974868774,0
ISIC_0029634,AKIEC,3,0.2001735419034958,BKL,4,0.4496299624443054,0
ISIC_0030514,BCC,2,0.20035257935523987,AKIEC,3,0.46491384506225586,0
ISIC_0028632,NV,1,0.2008490264415741,BKL,4,0.5417801737785339,0
ISIC_0025196,AKIEC,3,0.20098517835140228,MEL,0,0.29387176036834717,0
ISIC_0029978,NV,1,0.20135769248008728,BKL,4,0.5174197554588318,0
ISIC_0026070,BKL,4,0.20137527585029602,NV,1,0.5984864234924316,0
ISIC_0028926,DF,5,0.2017393261194229,NV,1,0.4200809895992279,0
ISIC_0032269,MEL,0,0.20218516886234283,BKL,4,0.4707162082195282,0
ISIC_0032036,MEL,0,0.20244066417217255,NV,1,0.6399046182632446,0
ISIC_0030693,NV,1,0.20253241062164307,BKL,4,0.6483348608016968,0
ISIC_0026890,NV,1,0.2037062644958496,MEL,0,0.40443506836891174,0
ISIC_0032694,BKL,4,0.20405016839504242,NV,1,0.524323582649231,0
ISIC_0027107,DF,5,0.20459741353988647,BKL,4,0.4970542788505554,0
ISIC_0031468,BKL,4,0.20478661358356476,MEL,0,0.6659916043281555,0
ISIC_0029412,BCC,2,0.20498013496398926,AKIEC,3,0.4580470621585846,0
ISIC_0032870,MEL,0,0.20661748945713043,BKL,4,0.586544394493103,0
ISIC_0030785,AKIEC,3,0.20666687190532684,BCC,2,0.7417526245117188,0
ISIC_0033287,MEL,0,0.2067464143037796,NV,1,0.7218719720840454,0
ISIC_0027044,DF,5,0.20907749235630035,BKL,4,0.41158679127693176,0
ISIC_0030580,NV,1,0.2094144970178604,BCC,2,0.3857581913471222,0
ISIC_0028858,BCC,2,0.21019506454467773,MEL,0,0.3566973805427551,0
ISIC_0030821,AKIEC,3,0.21110661327838898,BKL,4,0.6472058892250061,0
ISIC_0025512,MEL,0,0.211154967546463,NV,1,0.6446875929832458,0
ISIC_0025265,MEL,0,0.21168911457061768,NV,1,0.7205570936203003,0
ISIC_0031263,BCC,2,0.21194148063659668,VASC,6,0.43993881344795227,0
ISIC_0033325,MEL,0,0.21203814446926117,BCC,2,0.48683565855026245,0
ISIC_0024400,MEL,0,0.21247214078903198,BKL,4,0.3223615884780884,0
ISIC_0029002,AKIEC,3,0.21250271797180176,BKL,4,0.4354061484336853,0
ISIC_0029089,MEL,0,0.21299435198307037,AKIEC,3,0.3701106011867523,0
ISIC_0030784,MEL,0,0.21300482749938965,BKL,4,0.664840579032898,0
ISIC_0031350,MEL,0,0.21341460943222046,NV,1,0.650608241558075,0
ISIC_0029647,BCC,2,0.21349823474884033,BKL,4,0.38782164454460144,0
ISIC_0026453,BCC,2,0.21408092975616455,NV,1,0.6557989716529846,0
ISIC_0025366,BKL,4,0.21415887773036957,NV,1,0.5923059582710266,0
ISIC_0032845,MEL,0,0.21429619193077087,NV,1,0.7336288094520569,0
ISIC_0027187,MEL,0,0.2150586098432541,BKL,4,0.5358456373214722,0
ISIC_0026290,BKL,4,0.21507009863853455,NV,1,0.6860820055007935,0
ISIC_0024915,BKL,4,0.21513119339942932,NV,1,0.534943163394928,0
ISIC_0026215,NV,1,0.21553809940814972,MEL,0,0.29572150111198425,0
ISIC_0029705,MEL,0,0.21560890972614288,NV,1,0.5215170979499817,0
ISIC_0027437,BKL,4,0.21603205800056458,NV,1,0.5361768007278442,0
ISIC_0032987,MEL,0,0.21613985300064087,NV,1,0.38519418239593506,0
ISIC_0032936,MEL,0,0.21619576215744019,NV,1,0.6981842517852783,0
ISIC_0025659,BKL,4,0.2167578637599945,NV,1,0.3383573591709137,0
ISIC_0031494,MEL,0,0.21702589094638824,NV,1,0.42501768469810486,0
ISIC_0026626,AKIEC,3,0.2175966203212738,BKL,4,0.4627664387226105,0
ISIC_0029460,AKIEC,3,0.21874454617500305,NV,1,0.32305625081062317,0
ISIC_0033820,MEL,0,0.2188226580619812,NV,1,0.5229147672653198,0
ISIC_0028400,NV,1,0.21918390691280365,BCC,2,0.2449776530265808,0
ISIC_0032450,MEL,0,0.219814732670784,NV,1,0.5595541000366211,0
ISIC_0034062,MEL,0,0.21996712684631348,NV,1,0.5016610026359558,0
ISIC_0028644,AKIEC,3,0.22016435861587524,NV,1,0.42414146661758423,0
ISIC_0033562,MEL,0,0.22025972604751587,BKL,4,0.5598301291465759,0
ISIC_0029014,BKL,4,0.22129681706428528,NV,1,0.6261520981788635,0
ISIC_0026516,MEL,0,0.22153452038764954,NV,1,0.7200023531913757,0
ISIC_0024495,BKL,4,0.22170865535736084,NV,1,0.6223909854888916,0
ISIC_0026360,MEL,0,0.2218477427959442,NV,1,0.7144954800605774,0
ISIC_0032596,MEL,0,0.2222457081079483,NV,1,0.6165282726287842,0
ISIC_0027058,BCC,2,0.22237516939640045,NV,1,0.29600897431373596,0
ISIC_0028214,NV,1,0.22296634316444397,BCC,2,0.37129995226860046,0
ISIC_0027239,BKL,4,0.2240694910287857,AKIEC,3,0.43392354249954224,0
ISIC_0033089,MEL,0,0.2260560244321823,NV,1,0.38245469331741333,0
ISIC_0033612,MEL,0,0.2264610379934311,NV,1,0.7139672636985779,0
ISIC_0025712,AKIEC,3,0.22650398313999176,BCC,2,0.2634565532207489,0
ISIC_0031192,NV,1,0.22682660818099976,BKL,4,0.4961451590061188,0
ISIC_0030932,MEL,0,0.22689028084278107,BKL,4,0.6417649388313293,0
ISIC_0032960,MEL,0,0.22769872844219208,MEL,0,0.22769872844219208,1
ISIC_0030767,BCC,2,0.22797012329101562,NV,1,0.49225494265556335,0
ISIC_0031709,MEL,0,0.22844184935092926,NV,1,0.5990151166915894,0
ISIC_0034026,BCC,2,0.22871319949626923,MEL,0,0.29345616698265076,0
ISIC_0032433,MEL,0,0.22875213623046875,NV,1,0.5103309750556946,0
ISIC_0031915,MEL,0,0.22886858880519867,BKL,4,0.5281388163566589,0
ISIC_0026959,BKL,4,0.22910751402378082,NV,1,0.6786646246910095,0
ISIC_0032247,DF,5,0.23027747869491577,BKL,4,0.24284937977790833,0
ISIC_0025081,MEL,0,0.23089681565761566,VASC,6,0.30399736762046814,0
ISIC_0026941,BKL,4,0.23115651309490204,NV,1,0.7118470668792725,0
ISIC_0027876,DF,5,0.2312212437391281,AKIEC,3,0.7161438465118408,0
ISIC_0030107,MEL,0,0.2313041239976883,NV,1,0.6552428007125854,0
ISIC_0029455,BKL,4,0.23173411190509796,NV,1,0.6102334260940552,0
ISIC_0030089,MEL,0,0.23188497126102448,NV,1,0.6121196150779724,0
ISIC_0029278,BCC,2,0.23204314708709717,AKIEC,3,0.6417261958122253,0
ISIC_0028347,BKL,4,0.23232747614383698,NV,1,0.605726420879364,0
ISIC_0031545,MEL,0,0.2323402762413025,NV,1,0.7147101759910583,0
ISIC_0032277,AKIEC,3,0.23277828097343445,MEL,0,0.4648301899433136,0
ISIC_0026569,NV,1,0.23406380414962769,BCC,2,0.6071900725364685,0
ISIC_0025708,MEL,0,0.2343059778213501,NV,1,0.5851304531097412,0
ISIC_0030321,DF,5,0.235701322555542,DF,5,0.235701322555542,1
ISIC_0031718,MEL,0,0.23584914207458496,NV,1,0.5676048994064331,0
ISIC_0027769,MEL,0,0.23586784303188324,NV,1,0.659325122833252,0
ISIC_0030730,AKIEC,3,0.23629727959632874,BKL,4,0.6739819049835205,0
ISIC_0029472,BKL,4,0.23719091713428497,MEL,0,0.5203229188919067,0
ISIC_0026115,MEL,0,0.23791882395744324,NV,1,0.46494507789611816,0
ISIC_0026167,MEL,0,0.23886869847774506,NV,1,0.6876903176307678,0
ISIC_0033802,MEL,0,0.239294171333313,BKL,4,0.4149987995624542,0
ISIC_0028306,MEL,0,0.2394157350063324,NV,1,0.5336475372314453,0
ISIC_0028707,BKL,4,0.2395315170288086,MEL,0,0.5184775590896606,0
ISIC_0024329,AKIEC,3,0.2395884096622467,BCC,2,0.6369362473487854,0
ISIC_0025946,NV,1,0.24001255631446838,BKL,4,0.6073141694068909,0
ISIC_0033814,MEL,0,0.24063675105571747,BKL,4,0.49855294823646545,0
ISIC_0029837,BKL,4,0.24110622704029083,DF,5,0.5609062910079956,0
ISIC_0025661,BKL,4,0.2423214614391327,BKL,4,0.2423214614391327,1
ISIC_0024358,BKL,4,0.2430959939956665,NV,1,0.2830236554145813,0
ISIC_0028550,BKL,4,0.243236243724823,MEL,0,0.6718173027038574,0
ISIC_0031233,MEL,0,0.24376501142978668,NV,1,0.48124071955680847,0
ISIC_0033245,MEL,0,0.24393849074840546,NV,1,0.3292389214038849,0
ISIC_0026324,BCC,2,0.2440940886735916,AKIEC,3,0.6869937181472778,0
ISIC_0026105,MEL,0,0.24415934085845947,NV,1,0.671630859375,0
ISIC_0033943,NV,1,0.24433168768882751,BKL,4,0.7099477052688599,0
ISIC_0028467,MEL,0,0.24471744894981384,NV,1,0.5501400828361511,0
ISIC_0032841,MEL,0,0.24481335282325745,NV,1,0.6804614663124084,0
ISIC_0030801,BKL,4,0.24669747054576874,AKIEC,3,0.2806628346443176,0
ISIC_0028964,BCC,2,0.24676410853862762,NV,1,0.45515206456184387,0
ISIC_0031766,BKL,4,0.2472856342792511,NV,1,0.500664234161377,0
ISIC_0029591,MEL,0,0.24832768738269806,AKIEC,3,0.3597208559513092,0
ISIC_0025277,MEL,0,0.24868348240852356,NV,1,0.473239004611969,0
ISIC_0033238,MEL,0,0.2487158477306366,NV,1,0.5363002419471741,0
ISIC_0024883,BKL,4,0.2489176243543625,NV,1,0.5591539740562439,0
ISIC_0032863,BKL,4,0.24894675612449646,MEL,0,0.4863084554672241,0
ISIC_0034085,MEL,0,0.24952004849910736,NV,1,0.6101199984550476,0
ISIC_0031292,AKIEC,3,0.25015419721603394,MEL,0,0.43161332607269287,0
ISIC_0024345,BCC,2,0.251231849193573,BKL,4,0.3269299566745758,0
ISIC_0032308,MEL,0,0.251663476228714,NV,1,0.3511551320552826,0
ISIC_0033378,BKL,4,0.25184300541877747,MEL,0,0.32072773575782776,0
ISIC_0031888,BKL,4,0.25225016474723816,DF,5,0.44974419474601746,0
ISIC_0026142,BKL,4,0.2528282403945923,NV,1,0.5849549174308777,0
ISIC_0031189,MEL,0,0.25291502475738525,NV,1,0.528509259223938,0
ISIC_0033670,MEL,0,0.25360730290412903,NV,1,0.6218883395195007,0
ISIC_0026230,BCC,2,0.2539006471633911,NV,1,0.6751660704612732,0
ISIC_0029362,AKIEC,3,0.25398901104927063,NV,1,0.35744377970695496,0
ISIC_0029617,BKL,4,0.2540218234062195,NV,1,0.6230876445770264,0
ISIC_0031975,NV,1,0.254440575838089,BKL,4,0.6736233234405518,0
ISIC_0031537,BKL,4,0.25475141406059265,AKIEC,3,0.5269114375114441,0
ISIC_0031506,AKIEC,3,0.25484389066696167,BCC,2,0.2657511234283447,0
ISIC_0025633,NV,1,0.25494006276130676,MEL,0,0.39229196310043335,0
ISIC_0026954,MEL,0,0.25532400608062744,NV,1,0.5098617672920227,0
ISIC_0030034,MEL,0,0.2560082674026489,NV,1,0.45142433047294617,0
ISIC_0024710,AKIEC,3,0.25626248121261597,BCC,2,0.6641206741333008,0
ISIC_0026500,MEL,0,0.25637227296829224,NV,1,0.6816124320030212,0
ISIC_0028219,MEL,0,0.25637757778167725,NV,1,0.6596092581748962,0
ISIC_0029578,DF,5,0.25690174102783203,NV,1,0.4693460166454315,0
ISIC_0032555,NV,1,0.2569967210292816,MEL,0,0.44425341486930847,0
ISIC_0033812,MEL,0,0.2571946680545807,NV,1,0.5325508117675781,0
ISIC_0025471,AKIEC,3,0.25764983892440796,BKL,4,0.286439448595047,0
ISIC_0033081,MEL,0,0.257858008146286,NV,1,0.5321327447891235,0
ISIC_0029263,BCC,2,0.25786036252975464,AKIEC,3,0.55633145570755,0
ISIC_0032702,NV,1,0.2579726278781891,MEL,0,0.7021775245666504,0
ISIC_0032514,BKL,4,0.25841987133026123,MEL,0,0.32312139868736267,0
ISIC_0030549,AKIEC,3,0.25900331139564514,NV,1,0.5181444883346558,0
ISIC_0029522,BKL,4,0.25924593210220337,NV,1,0.48447439074516296,0
ISIC_0027310,BKL,4,0.25950539112091064,NV,1,0.44384437799453735,0
ISIC_0032968,MEL,0,0.2602766752243042,NV,1,0.3127893805503845,0
ISIC_0031191,AKIEC,3,0.26160383224487305,BKL,4,0.427235871553421,0
ISIC_0027213,NV,1,0.26207539439201355,MEL,0,0.39545515179634094,0
ISIC_0032220,MEL,0,0.2621195912361145,NV,1,0.45330944657325745,0
ISIC_0034028,MEL,0,0.2621731460094452,NV,1,0.523472785949707,0
ISIC_0024333,MEL,0,0.26218533515930176,NV,1,0.397079735994339,0
ISIC_0032423,NV,1,0.2622862160205841,MEL,0,0.6680168509483337,0
ISIC_0028473,BKL,4,0.26238980889320374,NV,1,0.33212199807167053,0
ISIC_0024481,MEL,0,0.2624949514865875,BKL,4,0.37473276257514954,0
ISIC_0026429,NV,1,0.26372137665748596,BCC,2,0.5027179718017578,0
ISIC_0032533,MEL,0,0.2638065218925476,NV,1,0.7208084464073181,0
ISIC_0024900,MEL,0,0.2641240656375885,NV,1,0.6090155243873596,0
ISIC_0033968,MEL,0,0.26479020714759827,NV,1,0.6603015065193176,0
ISIC_0028075,MEL,0,0.26555269956588745,NV,1,0.47104761004447937,0
ISIC_0030341,AKIEC,3,0.2657940089702606,BCC,2,0.507544994354248,0
ISIC_0029393,NV,1,0.2668699324131012,MEL,0,0.6412257552146912,0
ISIC_0031394,BKL,4,0.2682584524154663,AKIEC,3,0.5658414363861084,0
ISIC_0031672,AKIEC,3,0.26834774017333984,NV,1,0.2963000237941742,0
ISIC_0025576,BCC,2,0.26909321546554565,NV,1,0.40883368253707886,0
ISIC_0030249,BCC,2,0.2693352699279785,AKIEC,3,0.3063657581806183,0
ISIC_0034087,MEL,0,0.26956820487976074,NV,1,0.652793824672699,0
ISIC_0033806,MEL,0,0.26959821581840515,BKL,4,0.6136636734008789,0
ISIC_0030689,MEL,0,0.2698095142841339,NV,1,0.38913694024086,0
ISIC_0030666,NV,1,0.2711240351200104,BKL,4,0.42513149976730347,0
ISIC_0033192,MEL,0,0.27137821912765503,NV,1,0.46952754259109497,0
ISIC_0025409,MEL,0,0.2720275819301605,BCC,2,0.6459239721298218,0
ISIC_0031836,BCC,2,0.27206411957740784,BKL,4,0.43440529704093933,0
ISIC_0026420,MEL,0,0.2735953629016876,MEL,0,0.2735953629016876,1
ISIC_0033120,MEL,0,0.27453526854515076,NV,1,0.6678200960159302,0
ISIC_0031691,BKL,4,0.2746318578720093,BKL,4,0.2746318578720093,1
ISIC_0030191,AKIEC,3,0.27597013115882874,NV,1,0.3296489119529724,0
ISIC_0031429,DF,5,0.27604153752326965,BKL,4,0.48907747864723206,0
ISIC_0031287,BKL,4,0.27673783898353577,DF,5,0.308043897151947,0
ISIC_0031160,NV,1,0.2770370841026306,MEL,0,0.6024377346038818,0
ISIC_0027819,BCC,2,0.2774062156677246,VASC,6,0.34908607602119446,0
ISIC_0030898,MEL,0,0.27870863676071167,NV,1,0.5771405696868896,0
ISIC_0032138,DF,5,0.27874717116355896,AKIEC,3,0.6734060645103455,0
ISIC_0026909,MEL,0,0.2789151668548584,NV,1,0.5138800144195557,0
ISIC_0026596,MEL,0,0.27991124987602234,NV,1,0.43972504138946533,0
ISIC_0028937,BCC,2,0.2806906998157501,MEL,0,0.5161759257316589,0
ISIC_0024562,AKIEC,3,0.2817254960536957,BKL,4,0.31067153811454773,0
ISIC_0027402,MEL,0,0.2818782925605774,NV,1,0.38148680329322815,0
ISIC_0033366,BCC,2,0.2823251187801361,MEL,0,0.6316751837730408,0
ISIC_0028755,NV,1,0.2826344966888428,BKL,4,0.5690367817878723,0
ISIC_0025957,AKIEC,3,0.28265973925590515,BCC,2,0.427365779876709,0
ISIC_0030356,MEL,0,0.2830550968647003,NV,1,0.5447994470596313,0
ISIC_0031702,BKL,4,0.2831285893917084,NV,1,0.5147166848182678,0
ISIC_0028619,AKIEC,3,0.28343039751052856,BKL,4,0.5436631441116333,0
ISIC_0033981,MEL,0,0.28392648696899414,NV,1,0.4902697205543518,0
ISIC_0030015,DF,5,0.2839319407939911,NV,1,0.453637957572937,0
ISIC_0024951,MEL,0,0.2841384708881378,MEL,0,0.2841384708881378,1
ISIC_0026089,MEL,0,0.28431156277656555,NV,1,0.38668376207351685,0
ISIC_0025524,MEL,0,0.28437748551368713,VASC,6,0.43218472599983215,0
ISIC_0033393,MEL,0,0.28464820981025696,NV,1,0.6342504620552063,0
ISIC_0025990,NV,1,0.28474506735801697,BKL,4,0.5805425643920898,0
ISIC_0031927,AKIEC,3,0.2859995365142822,BKL,4,0.6139450669288635,0
ISIC_0030230,BCC,2,0.28681227564811707,NV,1,0.5296065807342529,0
ISIC_0033278,MEL,0,0.28760984539985657,DF,5,0.5210748910903931,0
ISIC_0031955,VASC,6,0.28931063413619995,VASC,6,0.28931063413619995,1
ISIC_0025753,BKL,4,0.28942206501960754,NV,1,0.5983286499977112,0
ISIC_0024332,BCC,2,0.28984302282333374,BCC,2,0.28984302282333374,1
ISIC_0033512,NV,1,0.2898554503917694,BCC,2,0.624946117401123,0
ISIC_0030142,AKIEC,3,0.28996607661247253,BKL,4,0.3761201500892639,0
ISIC_0024839,BKL,4,0.29013144969940186,NV,1,0.3212326169013977,0
ISIC_0034141,MEL,0,0.2902083396911621,NV,1,0.638567328453064,0
ISIC_0025411,AKIEC,3,0.2902432978153229,NV,1,0.4466639459133148,0
ISIC_0026842,BKL,4,0.29029348492622375,NV,1,0.323203980922699,0
ISIC_0032278,NV,1,0.29051581025123596,MEL,0,0.5045617818832397,0
ISIC_0027436,MEL,0,0.29073795676231384,MEL,0,0.29073795676231384,1
ISIC_0029933,MEL,0,0.2912452816963196,NV,1,0.3041323721408844,0
ISIC_0032287,MEL,0,0.29171323776245117,BKL,4,0.34594306349754333,0
ISIC_0031025,MEL,0,0.29199063777923584,NV,1,0.6648409366607666,0
ISIC_0031943,BCC,2,0.29227545857429504,NV,1,0.47233888506889343,0
ISIC_0025257,NV,1,0.2931655943393707,MEL,0,0.5226427316665649,0
ISIC_0033226,MEL,0,0.2935428321361542,NV,1,0.6005217432975769,0
ISIC_0033336,MEL,0,0.293565571308136,NV,1,0.5299588441848755,0
ISIC_0029731,BKL,4,0.2937968671321869,BCC,2,0.31110507249832153,0
ISIC_0025752,BCC,2,0.2938796877861023,BCC,2,0.2938796877861023,1
ISIC_0026457,AKIEC,3,0.29410889744758606,MEL,0,0.41042840480804443,0
ISIC_0026301,BKL,4,0.294118195772171,BKL,4,0.294118195772171,1
ISIC_0034317,MEL,0,0.29462358355522156,NV,1,0.6123482584953308,0
ISIC_0027295,BKL,4,0.29498058557510376,NV,1,0.46289780735969543,0
ISIC_0024696,BKL,4,0.29535695910453796,MEL,0,0.46183955669403076,0
ISIC_0024994,DF,5,0.295767605304718,NV,1,0.4968242943286896,0
ISIC_0029598,AKIEC,3,0.2960538864135742,BKL,4,0.4264930784702301,0
ISIC_0031043,AKIEC,3,0.29633572697639465,AKIEC,3,0.29633572697639465,1
ISIC_0026132,AKIEC,3,0.2967054843902588,BCC,2,0.3087516129016876,0
ISIC_0033979,BCC,2,0.2971028983592987,BCC,2,0.2971028983592987,1
ISIC_0032316,BCC,2,0.29777243733406067,NV,1,0.48895859718322754,0
ISIC_0030737,BCC,2,0.298012375831604,AKIEC,3,0.5299719572067261,0
ISIC_0033866,AKIEC,3,0.300321102142334,BKL,4,0.396376371383667,0
ISIC_0033186,MEL,0,0.3009305000305176,NV,1,0.5849735140800476,0
ISIC_0029363,MEL,0,0.30113527178764343,NV,1,0.4412961006164551,0
ISIC_0030677,BKL,4,0.302007794380188,BKL,4,0.302007794380188,1
ISIC_0027739,BKL,4,0.3027832806110382,NV,1,0.5593141913414001,0
ISIC_0024806,MEL,0,0.30383768677711487,NV,1,0.34120437502861023,0
ISIC_0028901,MEL,0,0.3053586483001709,AKIEC,3,0.38623711466789246,0
ISIC_0029610,AKIEC,3,0.3056893050670624,NV,1,0.6078841686248779,0
ISIC_0029562,MEL,0,0.30586203932762146,MEL,0,0.30586203932762146,1
ISIC_0033387,MEL,0,0.3058668375015259,NV,1,0.46342208981513977,0
ISIC_0033674,NV,1,0.3059622645378113,MEL,0,0.6013972163200378,0
ISIC_0025350,AKIEC,3,0.3059788942337036,BKL,4,0.46671947836875916,0
ISIC_0025035,MEL,0,0.3060692846775055,NV,1,0.5549466609954834,0
ISIC_0032592,MEL,0,0.3068971633911133,VASC,6,0.4180467426776886,0
ISIC_0033295,AKIEC,3,0.30712220072746277,AKIEC,3,0.30712220072746277,1
ISIC_0025085,MEL,0,0.3071977496147156,NV,1,0.5291687250137329,0
ISIC_0024470,AKIEC,3,0.30737558007240295,MEL,0,0.333269327878952,0
ISIC_0028393,AKIEC,3,0.30834293365478516,BKL,4,0.5560067892074585,0
ISIC_0030253,NV,1,0.3084802031517029,MEL,0,0.4727286100387573,0
ISIC_0027018,BKL,4,0.3091091215610504,BKL,4,0.3091091215610504,1
ISIC_0027858,BCC,2,0.3091968894004822,BKL,4,0.45821505784988403,0
ISIC_0033803,NV,1,0.30946722626686096,VASC,6,0.6302312016487122,0
ISIC_0026586,MEL,0,0.31004413962364197,NV,1,0.6115520596504211,0
ISIC_0034024,BKL,4,0.3110336661338806,NV,1,0.45278725028038025,0
ISIC_0032869,MEL,0,0.3114158511161804,AKIEC,3,0.5171307921409607,0
ISIC_0027323,NV,1,0.3127397298812866,MEL,0,0.43815380334854126,0
ISIC_0031716,BKL,4,0.3132115304470062,BCC,2,0.4007960557937622,0
ISIC_0031838,NV,1,0.3132545053958893,MEL,0,0.3662625551223755,0
ISIC_0033362,MEL,0,0.31362080574035645,NV,1,0.5632076263427734,0
ISIC_0033500,MEL,0,0.3147849142551422,AKIEC,3,0.36073675751686096,0
ISIC_0031779,MEL,0,0.31493791937828064,BKL,4,0.39239442348480225,0
ISIC_0033860,DF,5,0.31518498063087463,NV,1,0.5296415090560913,0
ISIC_0026663,BKL,4,0.3153318464756012,MEL,0,0.5103710889816284,0
ISIC_0031278,NV,1,0.31615376472473145,MEL,0,0.6346031427383423,0
ISIC_0033587,BKL,4,0.316296249628067,MEL,0,0.40558794140815735,0
ISIC_0028685,MEL,0,0.3165203928947449,NV,1,0.34539732336997986,0
ISIC_0026352,MEL,0,0.31693634390830994,NV,1,0.6168010830879211,0
ISIC_0025376,BKL,4,0.3171519339084625,NV,1,0.4793938398361206,0
ISIC_0028900,MEL,0,0.31750527024269104,NV,1,0.3655264973640442,0
ISIC_0028353,NV,1,0.31766581535339355,NV,1,0.31766581535339355,1
ISIC_0029394,BKL,4,0.3176833987236023,NV,1,0.5727633237838745,0
ISIC_0025699,BKL,4,0.3184807300567627,NV,1,0.6260257363319397,0
ISIC_0027407,MEL,0,0.31949108839035034,BKL,4,0.4843486249446869,0
ISIC_0031000,BKL,4,0.31992825865745544,AKIEC,3,0.46294939517974854,0
ISIC_0033262,BKL,4,0.3202335834503174,NV,1,0.5899678468704224,0
ISIC_0031741,MEL,0,0.3209429681301117,NV,1,0.5847020745277405,0
ISIC_0027850,BKL,4,0.3228696584701538,MEL,0,0.4545058310031891,0
ISIC_0029068,BKL,4,0.3233165144920349,NV,1,0.36832791566848755,0
ISIC_0026471,DF,5,0.3238615095615387,BKL,4,0.6556395888328552,0
ISIC_0024497,NV,1,0.3244064152240753,NV,1,0.3244064152240753,1
ISIC_0029028,MEL,0,0.32552671432495117,NV,1,0.40599325299263,0
ISIC_0032152,MEL,0,0.3266480565071106,NV,1,0.5635284781455994,0
ISIC_0032422,AKIEC,3,0.3276832401752472,AKIEC,3,0.3276832401752472,1
ISIC_0034090,NV,1,0.3280186951160431,BCC,2,0.5423057675361633,0
ISIC_0024795,BCC,2,0.3284730911254883,MEL,0,0.4541994631290436,0
ISIC_0026268,MEL,0,0.3291521668434143,NV,1,0.4415092170238495,0
ISIC_0025180,BKL,4,0.32994329929351807,NV,1,0.5396419763565063,0
ISIC_0028696,MEL,0,0.331073135137558,NV,1,0.6044917106628418,0
ISIC_0028735,DF,5,0.3315628468990326,NV,1,0.4668823480606079,0
ISIC_0031002,DF,5,0.3318687379360199,DF,5,0.3318687379360199,1
ISIC_0028758,NV,1,0.3321192264556885,BKL,4,0.5615687966346741,0
ISIC_0031642,MEL,0,0.3321368396282196,NV,1,0.4415952265262604,0
ISIC_0030961,NV,1,0.3326427638530731,NV,1,0.3326427638530731,1
ISIC_0027668,AKIEC,3,0.3338245749473572,NV,1,0.525826096534729,0
ISIC_0025472,MEL,0,0.333901971578598,NV,1,0.5183396935462952,0
ISIC_0031913,NV,1,0.3342495262622833,MEL,0,0.49655431509017944,0
ISIC_0025097,MEL,0,0.33459052443504333,NV,1,0.4137294292449951,0
ISIC_0028481,MEL,0,0.3347528576850891,BKL,4,0.45330360531806946,0
ISIC_0028579,MEL,0,0.3353688418865204,NV,1,0.3438722789287567,0
ISIC_0034186,BKL,4,0.33556362986564636,BKL,4,0.33556362986564636,1
ISIC_0033367,NV,1,0.3357432782649994,BKL,4,0.40683823823928833,0
ISIC_0034299,BCC,2,0.33593377470970154,NV,1,0.42619040608406067,0
ISIC_0028285,MEL,0,0.33657994866371155,MEL,0,0.33657994866371155,1
ISIC_0025803,AKIEC,3,0.33690088987350464,BKL,4,0.4246244430541992,0
ISIC_0024701,MEL,0,0.3369760811328888,NV,1,0.4770530164241791,0
ISIC_0034135,DF,5,0.3378194272518158,NV,1,0.5106557607650757,0
ISIC_0025040,BKL,4,0.3381027281284332,NV,1,0.5069681406021118,0
ISIC_0025500,MEL,0,0.3381572663784027,BKL,4,0.40951186418533325,0
ISIC_0032139,BCC,2,0.33877137303352356,BCC,2,0.33877137303352356,1
ISIC_0027735,BKL,4,0.339145302772522,MEL,0,0.599745512008667,0
ISIC_0024832,BKL,4,0.3396286070346832,BCC,2,0.38540375232696533,0
ISIC_0031485,BKL,4,0.3401346206665039,NV,1,0.5482200980186462,0
ISIC_0031967,BKL,4,0.34051933884620667,MEL,0,0.4470689296722412,0
ISIC_0029678,BKL,4,0.3409312665462494,BKL,4,0.3409312665462494,1
ISIC_0030417,MEL,0,0.34099048376083374,MEL,0,0.34099048376083374,1
ISIC_0033655,MEL,0,0.3412482738494873,NV,1,0.5906622409820557,0
ISIC_0030458,BKL,4,0.34148702025413513,BKL,4,0.34148702025413513,1
ISIC_0027089,MEL,0,0.34149470925331116,NV,1,0.5461475253105164,0
ISIC_0027991,BKL,4,0.34428998827934265,BKL,4,0.34428998827934265,1
ISIC_0029452,NV,1,0.34512248635292053,MEL,0,0.41791969537734985,0
ISIC_0031948,NV,1,0.3457874357700348,BKL,4,0.43427973985671997,0
ISIC_0026247,MEL,0,0.3458828926086426,MEL,0,0.3458828926086426,1
ISIC_0031832,NV,1,0.34645968675613403,MEL,0,0.6055328845977783,0
ISIC_0032397,AKIEC,3,0.346996009349823,AKIEC,3,0.346996009349823,1
ISIC_0031789,BCC,2,0.3474808931350708,NV,1,0.3735899329185486,0
ISIC_0029830,AKIEC,3,0.3475005030632019,BCC,2,0.38700857758522034,0
ISIC_0031459,BKL,4,0.34778451919555664,NV,1,0.5271170139312744,0
ISIC_0033975,MEL,0,0.34837886691093445,MEL,0,0.34837886691093445,1
ISIC_0032618,BKL,4,0.3501889705657959,BKL,4,0.3501889705657959,1
ISIC_0028381,AKIEC,3,0.3503730893135071,MEL,0,0.4695069193840027,0
ISIC_0028615,BKL,4,0.3504754900932312,NV,1,0.5161020755767822,0
ISIC_0028386,BKL,4,0.35211801528930664,NV,1,0.5532044768333435,0
ISIC_0033193,MEL,0,0.35325607657432556,MEL,0,0.35325607657432556,1
ISIC_0029462,AKIEC,3,0.35376396775245667,BKL,4,0.41628849506378174,0
ISIC_0029638,AKIEC,3,0.35442453622817993,AKIEC,3,0.35442453622817993,1
ISIC_0027954,BKL,4,0.3563462197780609,NV,1,0.5066141486167908,0
ISIC_0025144,BCC,2,0.3572286069393158,BCC,2,0.3572286069393158,1
ISIC_0033454,MEL,0,0.3572485148906708,NV,1,0.5116807222366333,0
ISIC_0028994,BCC,2,0.35740217566490173,BCC,2,0.35740217566490173,1
ISIC_0027130,MEL,0,0.35749587416648865,NV,1,0.3833732604980469,0
ISIC_0027253,MEL,0,0.3575569689273834,MEL,0,0.3575569689273834,1
ISIC_0032206,AKIEC,3,0.35769662261009216,AKIEC,3,0.35769662261009216,1
ISIC_0034115,BKL,4,0.3578583598136902,NV,1,0.5186032056808472,0
ISIC_0029819,MEL,0,0.35802799463272095,NV,1,0.47035181522369385,0
ISIC_0031666,MEL,0,0.35802969336509705,NV,1,0.4646940231323242,0
ISIC_0032045,BKL,4,0.35856738686561584,BKL,4,0.35856738686561584,1
ISIC_0030935,BKL,4,0.3591165542602539,NV,1,0.5020565390586853,0
ISIC_0034104,MEL,0,0.35913118720054626,NV,1,0.5145314335823059,0
ISIC_0031040,AKIEC,3,0.35949650406837463,AKIEC,3,0.35949650406837463,1
ISIC_0025389,BKL,4,0.3614066541194916,DF,5,0.5146930813789368,0
ISIC_0029802,BKL,4,0.36269885301589966,BKL,4,0.36269885301589966,1
ISIC_0028231,AKIEC,3,0.3632376790046692,MEL,0,0.51932692527771,0
ISIC_0030115,NV,1,0.36346861720085144,MEL,0,0.4324730932712555,0
ISIC_0032642,DF,5,0.36425918340682983,DF,5,0.36425918340682983,1
ISIC_0033578,MEL,0,0.36431702971458435,MEL,0,0.36431702971458435,1
ISIC_0031746,MEL,0,0.36445683240890503,MEL,0,0.36445683240890503,1
ISIC_0031819,BKL,4,0.36460697650909424,NV,1,0.4005421996116638,0
ISIC_0030233,BCC,2,0.36495327949523926,BCC,2,0.36495327949523926,1
ISIC_0029491,NV,1,0.36592036485671997,MEL,0,0.6154886484146118,0
ISIC_0029177,DF,5,0.36702030897140503,NV,1,0.5107229948043823,0
ISIC_0033422,DF,5,0.367479532957077,DF,5,0.367479532957077,1
ISIC_0031558,BKL,4,0.36772966384887695,NV,1,0.47359219193458557,0
ISIC_0029548,BKL,4,0.3678394854068756,BKL,4,0.3678394854068756,1
ISIC_0024432,BCC,2,0.3682880103588104,BCC,2,0.3682880103588104,1
ISIC_0026245,BKL,4,0.368949830532074,NV,1,0.4485921561717987,0
ISIC_0024688,MEL,0,0.3692242503166199,NV,1,0.563027560710907,0
ISIC_0032532,MEL,0,0.36935779452323914,NV,1,0.556834876537323,0
ISIC_0029568,BKL,4,0.36985939741134644,BKL,4,0.36985939741134644,1
ISIC_0026388,AKIEC,3,0.369911253452301,AKIEC,3,0.369911253452301,1
ISIC_0034089,MEL,0,0.3700023889541626,MEL,0,0.3700023889541626,1
ISIC_0030830,DF,5,0.3700631260871887,NV,1,0.46877941489219666,0
ISIC_0025266,BCC,2,0.37137487530708313,BCC,2,0.37137487530708313,1
ISIC_0024573,BCC,2,0.37165361642837524,NV,1,0.5827716588973999,0
ISIC_0032835,BKL,4,0.37288907170295715,BKL,4,0.37288907170295715,1
ISIC_0028916,MEL,0,0.37290069460868835,NV,1,0.5766432285308838,0
ISIC_0033055,MEL,0,0.3749101161956787,MEL,0,0.3749101161956787,1
ISIC_0028197,BCC,2,0.37543785572052,BCC,2,0.37543785572052,1
ISIC_0025804,BKL,4,0.37565770745277405,NV,1,0.44597917795181274,0
ISIC_0033624,MEL,0,0.37584078311920166,NV,1,0.40443000197410583,0
ISIC_0029570,MEL,0,0.3763618767261505,NV,1,0.38664939999580383,0
ISIC_0033468,BCC,2,0.37667104601860046,BCC,2,0.37667104601860046,1
ISIC_0030645,NV,1,0.3770839273929596,NV,1,0.3770839273929596,1
ISIC_0028211,MEL,0,0.37741175293922424,BKL,4,0.5103236436843872,0
ISIC_0030512,MEL,0,0.37805426120758057,NV,1,0.5604448914527893,0
ISIC_0029600,BKL,4,0.3785436153411865,NV,1,0.4443427324295044,0
ISIC_0028525,BKL,4,0.37883156538009644,BKL,4,0.37883156538009644,1
ISIC_0033429,MEL,0,0.37898772954940796,NV,1,0.5214442610740662,0
ISIC_0032552,MEL,0,0.37941351532936096,MEL,0,0.37941351532936096,1
ISIC_0030192,MEL,0,0.37979066371917725,NV,1,0.5050739049911499,0
ISIC_0033793,NV,1,0.38000163435935974,MEL,0,0.5011563301086426,0
ISIC_0032197,MEL,0,0.3801409900188446,MEL,0,0.3801409900188446,1
ISIC_0033583,BKL,4,0.38033363223075867,MEL,0,0.5010698437690735,0
ISIC_0030929,MEL,0,0.3803517520427704,BKL,4,0.5004884004592896,0
ISIC_0033524,MEL,0,0.38052499294281006,AKIEC,3,0.4536585211753845,0
ISIC_0030659,BCC,2,0.3807934820652008,BCC,2,0.3807934820652008,1
ISIC_0027904,MEL,0,0.3810628354549408,MEL,0,0.3810628354549408,1
ISIC_0026927,AKIEC,3,0.38239985704421997,BCC,2,0.5463151335716248,0
ISIC_0033801,MEL,0,0.38240745663642883,NV,1,0.5119653344154358,0
ISIC_0024792,MEL,0,0.38246577978134155,NV,1,0.4303968548774719,0
ISIC_0028236,BKL,4,0.38277310132980347,NV,1,0.5200002789497375,0
ISIC_0033216,MEL,0,0.3827970325946808,NV,1,0.4267338514328003,0
ISIC_0026014,AKIEC,3,0.38343286514282227,AKIEC,3,0.38343286514282227,1
ISIC_0033042,MEL,0,0.3838241696357727,MEL,0,0.3838241696357727,1
ISIC_0027294,AKIEC,3,0.3840625286102295,AKIEC,3,0.3840625286102295,1
ISIC_0025855,NV,1,0.3842833936214447,NV,1,0.3842833936214447,1
ISIC_0025451,MEL,0,0.3843391537666321,NV,1,0.44752007722854614,0
ISIC_0026848,AKIEC,3,0.3843652904033661,AKIEC,3,0.3843652904033661,1
ISIC_0032629,MEL,0,0.38442671298980713,NV,1,0.43982064723968506,0
ISIC_0025546,MEL,0,0.3845355808734894,MEL,0,0.3845355808734894,1
ISIC_0025154,DF,5,0.38599076867103577,DF,5,0.38599076867103577,1
ISIC_0025782,NV,1,0.3864154517650604,MEL,0,0.47309520840644836,0
ISIC_0027859,BKL,4,0.3874894976615906,BKL,4,0.3874894976615906,1
ISIC_0031778,MEL,0,0.38750940561294556,MEL,0,0.38750940561294556,1
ISIC_0026417,DF,5,0.38763248920440674,NV,1,0.5769676566123962,0
ISIC_0029541,AKIEC,3,0.3886597454547882,AKIEC,3,0.3886597454547882,1
ISIC_0034022,MEL,0,0.38920286297798157,NV,1,0.5320071578025818,0
ISIC_0026481,BKL,4,0.38958072662353516,BKL,4,0.38958072662353516,1
ISIC_0029353,MEL,0,0.3896292746067047,AKIEC,3,0.4040049612522125,0
ISIC_0027680,BKL,4,0.3897588849067688,BKL,4,0.3897588849067688,1
ISIC_0030883,MEL,0,0.3904111981391907,NV,1,0.46699464321136475,0
ISIC_0028558,AKIEC,3,0.39135855436325073,AKIEC,3,0.39135855436325073,1
ISIC_0028499,AKIEC,3,0.39175158739089966,BKL,4,0.5049881339073181,0
ISIC_0029056,MEL,0,0.39180058240890503,NV,1,0.3973197937011719,0
ISIC_0026491,NV,1,0.39180296659469604,NV,1,0.39180296659469604,1
ISIC_0033785,BKL,4,0.39212390780448914,BKL,4,0.39212390780448914,1
ISIC_0028797,BKL,4,0.39242982864379883,BKL,4,0.39242982864379883,1
ISIC_0028718,MEL,0,0.392924040555954,NV,1,0.4784623086452484,0
ISIC_0026765,AKIEC,3,0.393329381942749,BCC,2,0.4435999393463135,0
ISIC_0027663,MEL,0,0.3935801386833191,NV,1,0.4161406457424164,0
ISIC_0028117,NV,1,0.3939911723136902,NV,1,0.3939911723136902,1
ISIC_0033209,MEL,0,0.39482077956199646,BKL,4,0.4460948407649994,0
ISIC_0033261,MEL,0,0.39603376388549805,MEL,0,0.39603376388549805,1
ISIC_0033967,MEL,0,0.3968046009540558,MEL,0,0.3968046009540558,1
ISIC_0029571,MEL,0,0.3970358669757843,NV,1,0.5118635296821594,0
ISIC_0029133,AKIEC,3,0.39762282371520996,AKIEC,3,0.39762282371520996,1
ISIC_0027090,BCC,2,0.39870864152908325,BCC,2,0.39870864152908325,1
ISIC_0025322,BCC,2,0.3988445997238159,BCC,2,0.3988445997238159,1
ISIC_0031498,MEL,0,0.39893510937690735,NV,1,0.5088628530502319,0
ISIC_0028555,BKL,4,0.3991164565086365,NV,1,0.4679030478000641,0
ISIC_0029683,BKL,4,0.40006959438323975,BKL,4,0.40006959438323975,1
ISIC_0030706,BKL,4,0.40008848905563354,BKL,4,0.40008848905563354,1
ISIC_0032656,MEL,0,0.40042486786842346,MEL,0,0.40042486786842346,1
ISIC_0026976,MEL,0,0.40044665336608887,MEL,0,0.40044665336608887,1
ISIC_0033431,MEL,0,0.4008067846298218,MEL,0,0.4008067846298218,1
ISIC_0030501,MEL,0,0.40103331208229065,MEL,0,0.40103331208229065,1
ISIC_0024647,MEL,0,0.40295231342315674,MEL,0,0.40295231342315674,1
ISIC_0024546,MEL,0,0.40338170528411865,MEL,0,0.40338170528411865,1
ISIC_0032126,NV,1,0.40343618392944336,NV,1,0.40343618392944336,1
ISIC_0028856,BKL,4,0.40446457266807556,NV,1,0.4472801983356476,0
ISIC_0025630,BCC,2,0.40462344884872437,BCC,2,0.40462344884872437,1
ISIC_0030365,BKL,4,0.4046492874622345,BKL,4,0.4046492874622345,1
ISIC_0032410,DF,5,0.40542858839035034,DF,5,0.40542858839035034,1
ISIC_0033017,MEL,0,0.4058130085468292,NV,1,0.5148419141769409,0
ISIC_0029268,AKIEC,3,0.4059968590736389,AKIEC,3,0.4059968590736389,1
ISIC_0026337,BCC,2,0.40653494000434875,BCC,2,0.40653494000434875,1
ISIC_0033956,MEL,0,0.4078494608402252,MEL,0,0.4078494608402252,1
ISIC_0030894,NV,1,0.40785425901412964,NV,1,0.40785425901412964,1
ISIC_0032325,BKL,4,0.4080323874950409,NV,1,0.42566463351249695,0
ISIC_0028174,NV,1,0.4080372750759125,NV,1,0.4080372750759125,1
ISIC_0024800,AKIEC,3,0.40830618143081665,AKIEC,3,0.40830618143081665,1
ISIC_0026467,VASC,6,0.40986499190330505,NV,1,0.49147462844848633,0
ISIC_0033666,BCC,2,0.4101741909980774,MEL,0,0.4344181716442108,0
ISIC_0025577,AKIEC,3,0.4101925492286682,AKIEC,3,0.4101925492286682,1
ISIC_0032235,BKL,4,0.41028159856796265,BKL,4,0.41028159856796265,1
ISIC_0025105,MEL,0,0.4104982018470764,MEL,0,0.4104982018470764,1
ISIC_0030011,DF,5,0.41071388125419617,NV,1,0.4998871386051178,0
ISIC_0028418,MEL,0,0.41135889291763306,MEL,0,0.41135889291763306,1
ISIC_0029067,AKIEC,3,0.41191565990448,BKL,4,0.4263594150543213,0
ISIC_0033424,MEL,0,0.4119381010532379,MEL,0,0.4119381010532379,1
ISIC_0031953,MEL,0,0.41246363520622253,NV,1,0.4137724041938782,0
ISIC_0029486,VASC,6,0.41271039843559265,VASC,6,0.41271039843559265,1
ISIC_0034203,NV,1,0.4137101173400879,BCC,2,0.5373904705047607,0
ISIC_0032844,MEL,0,0.41394755244255066,MEL,0,0.41394755244255066,1
ISIC_0032114,DF,5,0.4149152636528015,DF,5,0.4149152636528015,1
ISIC_0026492,AKIEC,3,0.4150637686252594,AKIEC,3,0.4150637686252594,1
ISIC_0031239,MEL,0,0.4151413142681122,NV,1,0.4589477777481079,0
ISIC_0032154,AKIEC,3,0.4153335392475128,AKIEC,3,0.4153335392475128,1
ISIC_0025831,AKIEC,3,0.4154728949069977,AKIEC,3,0.4154728949069977,1
ISIC_0027397,NV,1,0.4160163998603821,NV,1,0.4160163998603821,1
ISIC_0026056,BCC,2,0.4161333441734314,BCC,2,0.4161333441734314,1
ISIC_0025874,BKL,4,0.4164775609970093,BKL,4,0.4164775609970093,1
ISIC_0029924,BKL,4,0.41658303141593933,MEL,0,0.5018498301506042,0
ISIC_0033584,NV,1,0.41688522696495056,NV,1,0.41688522696495056,1
ISIC_0026266,MEL,0,0.41689369082450867,NV,1,0.41728687286376953,0
ISIC_0029919,BCC,2,0.4170893728733063,BCC,2,0.4170893728733063,1
ISIC_0033700,MEL,0,0.4171796441078186,NV,1,0.5094842910766602,0
ISIC_0031986,BCC,2,0.4175851345062256,BCC,2,0.4175851345062256,1
ISIC_0029633,NV,1,0.41776061058044434,BKL,4,0.5185160040855408,0
ISIC_0026704,BKL,4,0.4177955687046051,BKL,4,0.4177955687046051,1
ISIC_0031007,BCC,2,0.4182528555393219,AKIEC,3,0.5351933836936951,0
ISIC_0030002,MEL,0,0.418501079082489,MEL,0,0.418501079082489,1
ISIC_0028582,MEL,0,0.4187048673629761,MEL,0,0.4187048673629761,1
ISIC_0034117,MEL,0,0.4189750850200653,MEL,0,0.4189750850200653,1
ISIC_0030843,MEL,0,0.41952991485595703,NV,1,0.44498056173324585,0
ISIC_0028082,MEL,0,0.4202093780040741,MEL,0,0.4202093780040741,1
ISIC_0025140,BKL,4,0.4204562306404114,BKL,4,0.4204562306404114,1
ISIC_0033275,MEL,0,0.4208967983722687,NV,1,0.5144429206848145,0
ISIC_0031417,MEL,0,0.421025812625885,NV,1,0.5042422413825989,0
ISIC_0032389,MEL,0,0.4213825762271881,MEL,0,0.4213825762271881,1
ISIC_0028173,MEL,0,0.4215584397315979,MEL,0,0.4215584397315979,1
ISIC_0027957,BKL,4,0.4216485619544983,BKL,4,0.4216485619544983,1
ISIC_0027729,NV,1,0.42166340351104736,NV,1,0.42166340351104736,1
ISIC_0032921,MEL,0,0.42198866605758667,MEL,0,0.42198866605758667,1
ISIC_0024913,AKIEC,3,0.42233437299728394,AKIEC,3,0.42233437299728394,1
ISIC_0032462,MEL,0,0.422387957572937,MEL,0,0.422387957572937,1
ISIC_0033644,MEL,0,0.42274266481399536,NV,1,0.5076767802238464,0
ISIC_0033027,MEL,0,0.4235006868839264,NV,1,0.4531693160533905,0
ISIC_0033466,BKL,4,0.4239632785320282,NV,1,0.49981409311294556,0
ISIC_0026437,NV,1,0.424185574054718,NV,1,0.424185574054718,1
ISIC_0027615,AKIEC,3,0.42421624064445496,AKIEC,3,0.42421624064445496,1
ISIC_0028978,BCC,2,0.4247983992099762,BCC,2,0.4247983992099762,1
ISIC_0033487,MEL,0,0.4248494803905487,MEL,0,0.4248494803905487,1
ISIC_0030130,BKL,4,0.42605799436569214,MEL,0,0.48819682002067566,0
ISIC_0024666,BCC,2,0.4264011085033417,BCC,2,0.4264011085033417,1
ISIC_0028254,BKL,4,0.4271091818809509,MEL,0,0.44742944836616516,0
ISIC_0031473,NV,1,0.4271104037761688,BKL,4,0.5090165138244629,0
ISIC_0026044,BKL,4,0.4288850426673889,NV,1,0.4623067080974579,0
ISIC_0033260,BKL,4,0.4291129410266876,BKL,4,0.4291129410266876,1
ISIC_0032253,NV,1,0.4291492700576782,NV,1,0.4291492700576782,1
ISIC_0032929,BKL,4,0.4294787049293518,BKL,4,0.4294787049293518,1
ISIC_0029392,BCC,2,0.4297277331352234,AKIEC,3,0.48053064942359924,0
ISIC_0031989,BKL,4,0.4307158291339874,AKIEC,3,0.5165541768074036,0
ISIC_0029786,NV,1,0.4310644865036011,NV,1,0.4310644865036011,1
ISIC_0028577,BCC,2,0.431155800819397,BCC,2,0.431155800819397,1
ISIC_0029297,DF,5,0.43141502141952515,DF,5,0.43141502141952515,1
ISIC_0025145,MEL,0,0.4315512776374817,NV,1,0.49294042587280273,0
ISIC_0030674,NV,1,0.43162351846694946,NV,1,0.43162351846694946,1
ISIC_0024586,MEL,0,0.43177759647369385,MEL,0,0.43177759647369385,1
ISIC_0027598,DF,5,0.43185171484947205,DF,5,0.43185171484947205,1
ISIC_0033959,NV,1,0.4329737722873688,MEL,0,0.44880571961402893,0
ISIC_0029248,DF,5,0.43379712104797363,DF,5,0.43379712104797363,1
ISIC_0032099,BKL,4,0.43386948108673096,BKL,4,0.43386948108673096,1
ISIC_0030303,NV,1,0.4340343475341797,NV,1,0.4340343475341797,1
ISIC_0024372,AKIEC,3,0.43508026003837585,MEL,0,0.48674115538597107,0
ISIC_0024843,AKIEC,3,0.43696328997612,AKIEC,3,0.43696328997612,1
ISIC_0032537,MEL,0,0.43730977177619934,MEL,0,0.43730977177619934,1
ISIC_0024338,BKL,4,0.4374214708805084,BKL,4,0.4374214708805084,1
ISIC_0030183,MEL,0,0.4388536214828491,MEL,0,0.4388536214828491,1
ISIC_0033985,MEL,0,0.4390105903148651,NV,1,0.4675648510456085,0
ISIC_0026347,NV,1,0.4390907883644104,NV,1,0.4390907883644104,1
ISIC_0028388,BKL,4,0.43950262665748596,BKL,4,0.43950262665748596,1
ISIC_0026107,BKL,4,0.4409700036048889,NV,1,0.48117390275001526,0
ISIC_0032611,BCC,2,0.4417460858821869,BCC,2,0.4417460858821869,1
ISIC_0029687,BKL,4,0.4418836534023285,BKL,4,0.4418836534023285,1
ISIC_0030910,MEL,0,0.442068874835968,MEL,0,0.442068874835968,1
ISIC_0031719,VASC,6,0.4425414502620697,VASC,6,0.4425414502620697,1
ISIC_0027613,DF,5,0.44275832176208496,DF,5,0.44275832176208496,1
ISIC_0032463,BKL,4,0.4433510899543762,BKL,4,0.4433510899543762,1
ISIC_0033024,MEL,0,0.4438548982143402,BCC,2,0.4458068907260895,0
ISIC_0031951,BKL,4,0.444161593914032,NV,1,0.4736330509185791,0
ISIC_0029115,BKL,4,0.4444785416126251,BKL,4,0.4444785416126251,1
ISIC_0025231,NV,1,0.44534021615982056,NV,1,0.44534021615982056,1
ISIC_0026282,BCC,2,0.44540008902549744,BCC,2,0.44540008902549744,1
ISIC_0032182,MEL,0,0.4456278681755066,MEL,0,0.4456278681755066,1
ISIC_0025564,BCC,2,0.4457429051399231,BCC,2,0.4457429051399231,1
ISIC_0032149,MEL,0,0.44594845175743103,MEL,0,0.44594845175743103,1
ISIC_0033893,MEL,0,0.446271687746048,MEL,0,0.446271687746048,1
ISIC_0033211,NV,1,0.44638338685035706,NV,1,0.44638338685035706,1
ISIC_0024845,DF,5,0.44735854864120483,DF,5,0.44735854864120483,1
ISIC_0024748,BKL,4,0.4474795460700989,BKL,4,0.4474795460700989,1
ISIC_0027811,BKL,4,0.4476903975009918,BKL,4,0.4476903975009918,1
ISIC_0027607,NV,1,0.44772017002105713,NV,1,0.44772017002105713,1
ISIC_0029849,BKL,4,0.4489983916282654,BKL,4,0.4489983916282654,1
ISIC_0030344,AKIEC,3,0.4492029547691345,AKIEC,3,0.4492029547691345,1
ISIC_0030756,MEL,0,0.4493260383605957,MEL,0,0.4493260383605957,1
ISIC_0026720,AKIEC,3,0.44943946599960327,AKIEC,3,0.44943946599960327,1
ISIC_0032249,BKL,4,0.4497818350791931,NV,1,0.45353472232818604,0
ISIC_0029265,MEL,0,0.45015695691108704,NV,1,0.4508777856826782,0
ISIC_0032897,AKIEC,3,0.4502388834953308,AKIEC,3,0.4502388834953308,1
ISIC_0033300,MEL,0,0.45071521401405334,MEL,0,0.45071521401405334,1
ISIC_0029606,MEL,0,0.45087069272994995,MEL,0,0.45087069272994995,1
ISIC_0026787,BKL,4,0.4510878324508667,BKL,4,0.4510878324508667,1
ISIC_0028158,AKIEC,3,0.45151519775390625,AKIEC,3,0.45151519775390625,1
ISIC_0030124,BKL,4,0.45153507590293884,BKL,4,0.45153507590293884,1
ISIC_0029576,BKL,4,0.4519396424293518,BKL,4,0.4519396424293518,1
ISIC_0029554,NV,1,0.45263829827308655,NV,1,0.45263829827308655,1
ISIC_0032359,BKL,4,0.4533134996891022,BKL,4,0.4533134996891022,1
ISIC_0031386,MEL,0,0.45345860719680786,MEL,0,0.45345860719680786,1
ISIC_0030451,NV,1,0.4540788531303406,NV,1,0.4540788531303406,1
ISIC_0030914,NV,1,0.45505768060684204,NV,1,0.45505768060684204,1
ISIC_0030223,MEL,0,0.4554153084754944,MEL,0,0.4554153084754944,1
ISIC_0026984,AKIEC,3,0.45561590790748596,AKIEC,3,0.45561590790748596,1
ISIC_0033596,NV,1,0.45572081208229065,NV,1,0.45572081208229065,1
ISIC_0025268,MEL,0,0.4560735821723938,MEL,0,0.4560735821723938,1
ISIC_0028688,BCC,2,0.4575451910495758,BCC,2,0.4575451910495758,1
ISIC_0026477,BKL,4,0.4577586352825165,BKL,4,0.4577586352825165,1
ISIC_0031385,NV,1,0.4578285813331604,BKL,4,0.4580842852592468,0
ISIC_0025627,BKL,4,0.45795804262161255,BKL,4,0.45795804262161255,1
ISIC_0031421,AKIEC,3,0.4582280218601227,AKIEC,3,0.4582280218601227,1
ISIC_0033545,MEL,0,0.45934492349624634,NV,1,0.4861687123775482,0
ISIC_0025352,NV,1,0.45998457074165344,NV,1,0.45998457074165344,1
ISIC_0033704,MEL,0,0.4614987373352051,MEL,0,0.4614987373352051,1
ISIC_0033849,NV,1,0.46185222268104553,NV,1,0.46185222268104553,1
ISIC_0028990,AKIEC,3,0.4622005820274353,AKIEC,3,0.4622005820274353,1
ISIC_0025941,MEL,0,0.4623833894729614,NV,1,0.48776522278785706,0
ISIC_0025836,NV,1,0.4628171920776367,NV,1,0.4628171920776367,1
ISIC_0028551,NV,1,0.4629501700401306,NV,1,0.4629501700401306,1
ISIC_0030665,DF,5,0.4634132385253906,DF,5,0.4634132385253906,1
ISIC_0026158,MEL,0,0.46394211053848267,MEL,0,0.46394211053848267,1
ISIC_0034072,NV,1,0.4645592272281647,NV,1,0.4645592272281647,1
ISIC_0033458,VASC,6,0.46492713689804077,VASC,6,0.46492713689804077,1
ISIC_0029241,MEL,0,0.4650941789150238,MEL,0,0.4650941789150238,1
ISIC_0030245,AKIEC,3,0.46584010124206543,AKIEC,3,0.46584010124206543,1
ISIC_0025453,NV,1,0.46605199575424194,NV,1,0.46605199575424194,1
ISIC_0029316,MEL,0,0.4663079082965851,NV,1,0.4923333525657654,0
ISIC_0029021,MEL,0,0.4678972661495209,MEL,0,0.4678972661495209,1
ISIC_0031424,BKL,4,0.46827343106269836,BKL,4,0.46827343106269836,1
ISIC_0029309,AKIEC,3,0.4692704975605011,AKIEC,3,0.4692704975605011,1
ISIC_0024925,AKIEC,3,0.4694342017173767,AKIEC,3,0.4694342017173767,1
ISIC_0027525,BCC,2,0.4699539244174957,BCC,2,0.4699539244174957,1
ISIC_0029932,AKIEC,3,0.470679372549057,AKIEC,3,0.470679372549057,1
ISIC_0030181,BCC,2,0.470947265625,BCC,2,0.470947265625,1
ISIC_0025386,NV,1,0.4712674617767334,NV,1,0.4712674617767334,1
ISIC_0026783,BKL,4,0.4713554382324219,BKL,4,0.4713554382324219,1
ISIC_0024739,MEL,0,0.47206300497055054,MEL,0,0.47206300497055054,1
ISIC_0034175,BKL,4,0.47310614585876465,BKL,4,0.47310614585876465,1
ISIC_0032983,BKL,4,0.47313836216926575,BKL,4,0.47313836216926575,1
ISIC_0026558,MEL,0,0.4732498824596405,MEL,0,0.4732498824596405,1
ISIC_0027388,BKL,4,0.47347235679626465,BKL,4,0.47347235679626465,1
ISIC_0027328,MEL,0,0.4739859998226166,MEL,0,0.4739859998226166,1
ISIC_0026995,BCC,2,0.4739983081817627,BCC,2,0.4739983081817627,1
ISIC_0033270,BKL,4,0.4746253490447998,BKL,4,0.4746253490447998,1
ISIC_0026608,NV,1,0.4748620390892029,NV,1,0.4748620390892029,1
ISIC_0032988,MEL,0,0.4750521183013916,MEL,0,0.4750521183013916,1
ISIC_0032915,MEL,0,0.4750537872314453,MEL,0,0.4750537872314453,1
ISIC_0026090,BCC,2,0.47509506344795227,BCC,2,0.47509506344795227,1
ISIC_0032109,NV,1,0.4753412902355194,NV,1,0.4753412902355194,1
ISIC_0033151,AKIEC,3,0.47561025619506836,AKIEC,3,0.47561025619506836,1
ISIC_0033758,BKL,4,0.4759928286075592,BKL,4,0.4759928286075592,1
ISIC_0026871,BKL,4,0.4761976897716522,BKL,4,0.4761976897716522,1
ISIC_0024579,AKIEC,3,0.47707194089889526,AKIEC,3,0.47707194089889526,1
ISIC_0033573,MEL,0,0.47799208760261536,MEL,0,0.47799208760261536,1
ISIC_0032812,MEL,0,0.47889548540115356,MEL,0,0.47889548540115356,1
ISIC_0025260,BCC,2,0.47936251759529114,BCC,2,0.47936251759529114,1
ISIC_0031601,BKL,4,0.47964027523994446,BKL,4,0.47964027523994446,1
ISIC_0032630,MEL,0,0.47964558005332947,MEL,0,0.47964558005332947,1
ISIC_0024539,AKIEC,3,0.47966742515563965,AKIEC,3,0.47966742515563965,1
ISIC_0031594,NV,1,0.4798677861690521,NV,1,0.4798677861690521,1
ISIC_0027678,AKIEC,3,0.48017141222953796,AKIEC,3,0.48017141222953796,1
ISIC_0030031,MEL,0,0.4803132116794586,MEL,0,0.4803132116794586,1
ISIC_0025703,BKL,4,0.48097869753837585,BKL,4,0.48097869753837585,1
ISIC_0024814,BKL,4,0.4821798503398895,BKL,4,0.4821798503398895,1
ISIC_0032877,BKL,4,0.4826250970363617,BKL,4,0.4826250970363617,1
ISIC_0031678,NV,1,0.48292917013168335,NV,1,0.48292917013168335,1
ISIC_0025414,MEL,0,0.4832594394683838,MEL,0,0.4832594394683838,1
ISIC_0032752,NV,1,0.48356181383132935,NV,1,0.48356181383132935,1
ISIC_0029820,BCC,2,0.48394981026649475,BCC,2,0.48394981026649475,1
ISIC_0032553,BKL,4,0.48398175835609436,BKL,4,0.48398175835609436,1
ISIC_0025800,MEL,0,0.48440226912498474,MEL,0,0.48440226912498474,1
ISIC_0025132,MEL,0,0.4846041798591614,MEL,0,0.4846041798591614,1
ISIC_0029041,AKIEC,3,0.4847707152366638,AKIEC,3,0.4847707152366638,1
ISIC_0032065,NV,1,0.48477932810783386,NV,1,0.48477932810783386,1
ISIC_0033174,MEL,0,0.48526206612586975,MEL,0,0.48526206612586975,1
ISIC_0026823,MEL,0,0.48537206649780273,MEL,0,0.48537206649780273,1
ISIC_0030925,MEL,0,0.4860919713973999,MEL,0,0.4860919713973999,1
ISIC_0027953,BKL,4,0.48660925030708313,BKL,4,0.48660925030708313,1
ISIC_0027756,NV,1,0.487369567155838,NV,1,0.487369567155838,1
ISIC_0033883,MEL,0,0.48751476407051086,MEL,0,0.48751476407051086,1
ISIC_0031221,NV,1,0.48765119910240173,NV,1,0.48765119910240173,1
ISIC_0033490,BKL,4,0.48799803853034973,BKL,4,0.48799803853034973,1
ISIC_0030065,NV,1,0.4896230697631836,NV,1,0.4896230697631836,1
ISIC_0027218,BKL,4,0.49027296900749207,BKL,4,0.49027296900749207,1
ISIC_0027714,NV,1,0.49038946628570557,NV,1,0.49038946628570557,1
ISIC_0028350,BCC,2,0.49103936553001404,BCC,2,0.49103936553001404,1
ISIC_0033627,NV,1,0.49136021733283997,NV,1,0.49136021733283997,1
ISIC_0024729,MEL,0,0.49154743552207947,MEL,0,0.49154743552207947,1
ISIC_0025178,AKIEC,3,0.4916733503341675,AKIEC,3,0.4916733503341675,1
ISIC_0032790,MEL,0,0.4917501211166382,MEL,0,0.4917501211166382,1
ISIC_0029512,MEL,0,0.4918074905872345,MEL,0,0.4918074905872345,1
ISIC_0030893,BCC,2,0.49194449186325073,BCC,2,0.49194449186325073,1
ISIC_0024476,NV,1,0.49232017993927,NV,1,0.49232017993927,1
ISIC_0032283,BKL,4,0.49277088046073914,BKL,4,0.49277088046073914,1
ISIC_0031900,MEL,0,0.4928884208202362,MEL,0,0.4928884208202362,1
ISIC_0025419,BKL,4,0.49481192231178284,BKL,4,0.49481192231178284,1
ISIC_0027238,MEL,0,0.4949239194393158,MEL,0,0.4949239194393158,1
ISIC_0030991,AKIEC,3,0.4949297606945038,AKIEC,3,0.4949297606945038,1
ISIC_0030488,BKL,4,0.4958905875682831,BKL,4,0.4958905875682831,1
ISIC_0032985,MEL,0,0.49674704670906067,MEL,0,0.49674704670906067,1
ISIC_0032315,BKL,4,0.49749550223350525,BKL,4,0.49749550223350525,1
ISIC_0028109,MEL,0,0.4978151321411133,MEL,0,0.4978151321411133,1
ISIC_0030187,MEL,0,0.49785783886909485,MEL,0,0.49785783886909485,1
ISIC_0030067,BKL,4,0.49788397550582886,BKL,4,0.49788397550582886,1
ISIC_0026071,NV,1,0.49805939197540283,NV,1,0.49805939197540283,1
ISIC_0032652,BCC,2,0.4981388747692108,BCC,2,0.4981388747692108,1
ISIC_0026625,AKIEC,3,0.4982239007949829,AKIEC,3,0.4982239007949829,1
ISIC_0032030,BCC,2,0.4985293745994568,BCC,2,0.4985293745994568,1
ISIC_0029182,NV,1,0.49924319982528687,NV,1,0.49924319982528687,1
ISIC_0026276,BKL,4,0.4992671012878418,BKL,4,0.4992671012878418,1
ISIC_0025716,BKL,4,0.4995688796043396,BKL,4,0.4995688796043396,1
ISIC_0029418,BKL,4,0.499612033367157,BKL,4,0.499612033367157,1
ISIC_0026857,AKIEC,3,0.49990221858024597,AKIEC,3,0.49990221858024597,1
ISIC_0030825,AKIEC,3,0.4999215602874756,AKIEC,3,0.4999215602874756,1
ISIC_0028041,MEL,0,0.5000673532485962,MEL,0,0.5000673532485962,1
ISIC_0025068,BKL,4,0.5001022815704346,BKL,4,0.5001022815704346,1
ISIC_0026554,NV,1,0.5003715753555298,NV,1,0.5003715753555298,1
ISIC_0033185,BKL,4,0.5004720687866211,BKL,4,0.5004720687866211,1
ISIC_0025264,AKIEC,3,0.5005159378051758,AKIEC,3,0.5005159378051758,1
ISIC_0030429,NV,1,0.5008242726325989,NV,1,0.5008242726325989,1
ISIC_0033301,BCC,2,0.5009908676147461,BCC,2,0.5009908676147461,1
ISIC_0034049,MEL,0,0.500999391078949,MEL,0,0.500999391078949,1
ISIC_0033029,MEL,0,0.5010526776313782,MEL,0,0.5010526776313782,1
ISIC_0031633,BKL,4,0.5011580586433411,BKL,4,0.5011580586433411,1
ISIC_0029746,NV,1,0.5012744069099426,NV,1,0.5012744069099426,1
ISIC_0032526,MEL,0,0.5016129612922668,MEL,0,0.5016129612922668,1
ISIC_0031556,BKL,4,0.5018352270126343,BKL,4,0.5018352270126343,1
ISIC_0032129,BKL,4,0.5025306940078735,BKL,4,0.5025306940078735,1
ISIC_0030443,MEL,0,0.5026848316192627,MEL,0,0.5026848316192627,1
ISIC_0028156,MEL,0,0.5030327439308167,MEL,0,0.5030327439308167,1
ISIC_0027659,MEL,0,0.5030747652053833,MEL,0,0.5030747652053833,1
ISIC_0024552,MEL,0,0.5030822157859802,MEL,0,0.5030822157859802,1
ISIC_0030533,BKL,4,0.5035127401351929,BKL,4,0.5035127401351929,1
ISIC_0034003,BKL,4,0.5037728548049927,BKL,4,0.5037728548049927,1
ISIC_0027648,DF,5,0.5040920376777649,DF,5,0.5040920376777649,1
ISIC_0030687,BCC,2,0.5048128962516785,BCC,2,0.5048128962516785,1
ISIC_0032204,MEL,0,0.505303680896759,MEL,0,0.505303680896759,1
ISIC_0028804,NV,1,0.5055583119392395,NV,1,0.5055583119392395,1
ISIC_0027796,BKL,4,0.5056877136230469,BKL,4,0.5056877136230469,1
ISIC_0027254,AKIEC,3,0.5057888031005859,AKIEC,3,0.5057888031005859,1
ISIC_0032547,MEL,0,0.5064362287521362,MEL,0,0.5064362287521362,1
ISIC_0034269,MEL,0,0.5070662498474121,MEL,0,0.5070662498474121,1
ISIC_0029301,BKL,4,0.507693886756897,BKL,4,0.507693886756897,1
ISIC_0026313,DF,5,0.5078535079956055,DF,5,0.5078535079956055,1
ISIC_0027275,BKL,4,0.5085411667823792,BKL,4,0.5085411667823792,1
ISIC_0024449,MEL,0,0.5085548758506775,MEL,0,0.5085548758506775,1
ISIC_0029358,BKL,4,0.5095579028129578,BKL,4,0.5095579028129578,1
ISIC_0033871,MEL,0,0.5097034573554993,MEL,0,0.5097034573554993,1
ISIC_0024707,AKIEC,3,0.5098863840103149,AKIEC,3,0.5098863840103149,1
ISIC_0034051,MEL,0,0.5100299715995789,MEL,0,0.5100299715995789,1
ISIC_0027989,BKL,4,0.5102028846740723,BKL,4,0.5102028846740723,1
ISIC_0032456,BKL,4,0.5104155540466309,BKL,4,0.5104155540466309,1
ISIC_0029341,BCC,2,0.5104507207870483,BCC,2,0.5104507207870483,1
ISIC_0025275,BKL,4,0.5106713771820068,BKL,4,0.5106713771820068,1
ISIC_0030375,AKIEC,3,0.5112486481666565,AKIEC,3,0.5112486481666565,1
ISIC_0031218,BKL,4,0.5114666223526001,BKL,4,0.5114666223526001,1
ISIC_0033307,BKL,4,0.5117560625076294,BKL,4,0.5117560625076294,1
ISIC_0033999,MEL,0,0.5121040940284729,MEL,0,0.5121040940284729,1
ISIC_0029201,BCC,2,0.5123056769371033,BCC,2,0.5123056769371033,1
ISIC_0033643,MEL,0,0.513077974319458,MEL,0,0.513077974319458,1
ISIC_0024410,MEL,0,0.5138043165206909,MEL,0,0.5138043165206909,1
ISIC_0024480,NV,1,0.5141947269439697,NV,1,0.5141947269439697,1
ISIC_0025567,BKL,4,0.5147038102149963,BKL,4,0.5147038102149963,1
ISIC_0027884,AKIEC,3,0.5156798362731934,AKIEC,3,0.5156798362731934,1
ISIC_0033523,BKL,4,0.5158524513244629,BKL,4,0.5158524513244629,1
ISIC_0034010,NV,1,0.5164051055908203,NV,1,0.5164051055908203,1
ISIC_0027550,AKIEC,3,0.5174246430397034,AKIEC,3,0.5174246430397034,1
ISIC_0026316,BKL,4,0.5178600549697876,BKL,4,0.5178600549697876,1
ISIC_0026512,NV,1,0.5178601145744324,NV,1,0.5178601145744324,1
ISIC_0031821,MEL,0,0.5179294347763062,MEL,0,0.5179294347763062,1
ISIC_0024943,BKL,4,0.5183357000350952,BKL,4,0.5183357000350952,1
ISIC_0026855,BCC,2,0.5184310078620911,BCC,2,0.5184310078620911,1
ISIC_0027043,MEL,0,0.5186434984207153,MEL,0,0.5186434984207153,1
ISIC_0027452,AKIEC,3,0.5189070105552673,AKIEC,3,0.5189070105552673,1
ISIC_0034145,MEL,0,0.5201161503791809,MEL,0,0.5201161503791809,1
ISIC_0029724,NV,1,0.5201281309127808,NV,1,0.5201281309127808,1
ISIC_0032246,BCC,2,0.5206384062767029,BCC,2,0.5206384062767029,1
ISIC_0028497,BKL,4,0.5207118988037109,BKL,4,0.5207118988037109,1
ISIC_0031727,NV,1,0.5212714076042175,NV,1,0.5212714076042175,1
ISIC_0025963,MEL,0,0.5217715501785278,MEL,0,0.5217715501785278,1
ISIC_0032862,MEL,0,0.5225102305412292,MEL,0,0.5225102305412292,1
ISIC_0025066,BKL,4,0.523478627204895,BKL,4,0.523478627204895,1
ISIC_0031029,BKL,4,0.5239274501800537,BKL,4,0.5239274501800537,1
ISIC_0029726,MEL,0,0.5243216156959534,MEL,0,0.5243216156959534,1
ISIC_0033117,MEL,0,0.5243405699729919,MEL,0,0.5243405699729919,1
ISIC_0027708,AKIEC,3,0.5249067544937134,AKIEC,3,0.5249067544937134,1
ISIC_0027069,MEL,0,0.5251688957214355,MEL,0,0.5251688957214355,1
ISIC_0033616,MEL,0,0.5258923172950745,MEL,0,0.5258923172950745,1
ISIC_0027297,BCC,2,0.5261190533638,BCC,2,0.5261190533638,1
ISIC_0030995,MEL,0,0.5261622667312622,MEL,0,0.5261622667312622,1
ISIC_0032116,BKL,4,0.5267913937568665,BKL,4,0.5267913937568665,1
ISIC_0026544,NV,1,0.5268844962120056,NV,1,0.5268844962120056,1
ISIC_0024761,BKL,4,0.5269856452941895,BKL,4,0.5269856452941895,1
ISIC_0033620,BKL,4,0.5270887613296509,BKL,4,0.5270887613296509,1
ISIC_0030271,BCC,2,0.5290541648864746,BCC,2,0.5290541648864746,1
ISIC_0026286,BKL,4,0.5296099781990051,BKL,4,0.5296099781990051,1
ISIC_0028517,AKIEC,3,0.5298300385475159,AKIEC,3,0.5298300385475159,1
ISIC_0032135,AKIEC,3,0.5299782156944275,AKIEC,3,0.5299782156944275,1
ISIC_0026802,MEL,0,0.5302996039390564,MEL,0,0.5302996039390564,1
ISIC_0026870,MEL,0,0.5305944681167603,MEL,0,0.5305944681167603,1
ISIC_0031009,BCC,2,0.5313368439674377,BCC,2,0.5313368439674377,1
ISIC_0031577,BKL,4,0.531353771686554,BKL,4,0.531353771686554,1
ISIC_0030297,AKIEC,3,0.5318217873573303,AKIEC,3,0.5318217873573303,1
ISIC_0033264,BKL,4,0.5318506360054016,BKL,4,0.5318506360054016,1
ISIC_0027470,BKL,4,0.5321784019470215,BKL,4,0.5321784019470215,1
ISIC_0026599,NV,1,0.5323311686515808,NV,1,0.5323311686515808,1
ISIC_0024494,BKL,4,0.5327255725860596,BKL,4,0.5327255725860596,1
ISIC_0031643,BCC,2,0.5327416658401489,BCC,2,0.5327416658401489,1
ISIC_0026845,BCC,2,0.5327975153923035,BCC,2,0.5327975153923035,1
ISIC_0030698,BKL,4,0.5331060290336609,BKL,4,0.5331060290336609,1
ISIC_0030630,BKL,4,0.5334692597389221,BKL,4,0.5334692597389221,1
ISIC_0031309,DF,5,0.5349092483520508,DF,5,0.5349092483520508,1
ISIC_0034015,BCC,2,0.535726010799408,BCC,2,0.535726010799408,1
ISIC_0028148,MEL,0,0.5361169576644897,MEL,0,0.5361169576644897,1
ISIC_0032168,BKL,4,0.5365413427352905,BKL,4,0.5365413427352905,1
ISIC_0034012,MEL,0,0.536643922328949,MEL,0,0.536643922328949,1
ISIC_0025617,BCC,2,0.5374060273170471,BCC,2,0.5374060273170471,1
ISIC_0028670,BCC,2,0.5378842949867249,BCC,2,0.5378842949867249,1
ISIC_0030160,BKL,4,0.5385051369667053,BKL,4,0.5385051369667053,1
ISIC_0026789,DF,5,0.5389797687530518,DF,5,0.5389797687530518,1
ISIC_0029146,MEL,0,0.5396600365638733,MEL,0,0.5396600365638733,1
ISIC_0025793,BCC,2,0.5403348207473755,BCC,2,0.5403348207473755,1
ISIC_0025402,NV,1,0.540499210357666,NV,1,0.540499210357666,1
ISIC_0028085,BCC,2,0.5419193506240845,BCC,2,0.5419193506240845,1
ISIC_0032176,NV,1,0.5422414541244507,NV,1,0.5422414541244507,1
ISIC_0025892,NV,1,0.5426068902015686,NV,1,0.5426068902015686,1
ISIC_0024972,MEL,0,0.5432381629943848,MEL,0,0.5432381629943848,1
ISIC_0025466,BKL,4,0.5439700484275818,BKL,4,0.5439700484275818,1
ISIC_0029682,BKL,4,0.5445137619972229,BKL,4,0.5445137619972229,1
ISIC_0029567,AKIEC,3,0.544877827167511,AKIEC,3,0.544877827167511,1
ISIC_0032610,MEL,0,0.5451193451881409,MEL,0,0.5451193451881409,1
ISIC_0033957,MEL,0,0.5456188917160034,MEL,0,0.5456188917160034,1
ISIC_0027649,BKL,4,0.5459861755371094,BKL,4,0.5459861755371094,1
ISIC_0029242,MEL,0,0.5463865399360657,MEL,0,0.5463865399360657,1
ISIC_0032222,BCC,2,0.5473832488059998,BCC,2,0.5473832488059998,1
ISIC_0032095,MEL,0,0.5477597713470459,MEL,0,0.5477597713470459,1
ISIC_0025547,NV,1,0.5478904843330383,NV,1,0.5478904843330383,1
ISIC_0030076,AKIEC,3,0.5479552149772644,AKIEC,3,0.5479552149772644,1
ISIC_0024635,BKL,4,0.5485267043113708,BKL,4,0.5485267043113708,1
ISIC_0028650,BKL,4,0.5488910675048828,BKL,4,0.5488910675048828,1
ISIC_0025709,MEL,0,0.5490675568580627,MEL,0,0.5490675568580627,1
ISIC_0032031,BKL,4,0.5494669079780579,BKL,4,0.5494669079780579,1
ISIC_0026049,NV,1,0.5498819351196289,NV,1,0.5498819351196289,1
ISIC_0027639,NV,1,0.5505814552307129,NV,1,0.5505814552307129,1
ISIC_0032763,BKL,4,0.5509713888168335,BKL,4,0.5509713888168335,1
ISIC_0030778,BCC,2,0.5511954426765442,BCC,2,0.5511954426765442,1
ISIC_0034093,BCC,2,0.5512068867683411,BCC,2,0.5512068867683411,1
ISIC_0026652,MEL,0,0.5517987012863159,MEL,0,0.5517987012863159,1
ISIC_0027401,NV,1,0.5519086718559265,NV,1,0.5519086718559265,1
ISIC_0027320,BKL,4,0.5522834658622742,BKL,4,0.5522834658622742,1
ISIC_0031321,BKL,4,0.5528101921081543,BKL,4,0.5528101921081543,1
ISIC_0031735,DF,5,0.5529887080192566,DF,5,0.5529887080192566,1
ISIC_0033440,MEL,0,0.553120493888855,MEL,0,0.553120493888855,1
ISIC_0026717,BKL,4,0.5531663298606873,BKL,4,0.5531663298606873,1
ISIC_0025598,NV,1,0.5532269477844238,NV,1,0.5532269477844238,1
ISIC_0033534,MEL,0,0.5541764497756958,MEL,0,0.5541764497756958,1
ISIC_0024344,NV,1,0.5544893145561218,NV,1,0.5544893145561218,1
ISIC_0029642,MEL,0,0.5546073317527771,MEL,0,0.5546073317527771,1
ISIC_0027832,MEL,0,0.5549783706665039,MEL,0,0.5549783706665039,1
ISIC_0033617,NV,1,0.5550241470336914,NV,1,0.5550241470336914,1
ISIC_0026229,MEL,0,0.555176317691803,MEL,0,0.555176317691803,1
ISIC_0026275,BCC,2,0.5553635954856873,BCC,2,0.5553635954856873,1
ISIC_0026389,NV,1,0.5556362867355347,NV,1,0.5556362867355347,1
ISIC_0033813,MEL,0,0.5556705594062805,MEL,0,0.5556705594062805,1
ISIC_0033323,MEL,0,0.5562024712562561,MEL,0,0.5562024712562561,1
ISIC_0028126,MEL,0,0.5562872886657715,MEL,0,0.5562872886657715,1
ISIC_0033166,MEL,0,0.5568714737892151,MEL,0,0.5568714737892151,1
ISIC_0033752,MEL,0,0.5577800869941711,MEL,0,0.5577800869941711,1
ISIC_0030602,AKIEC,3,0.5579445362091064,AKIEC,3,0.5579445362091064,1
ISIC_0028220,MEL,0,0.5581010580062866,MEL,0,0.5581010580062866,1
ISIC_0031557,MEL,0,0.5590085983276367,MEL,0,0.5590085983276367,1
ISIC_0028790,DF,5,0.5592780709266663,DF,5,0.5592780709266663,1
ISIC_0032092,BCC,2,0.5598071813583374,BCC,2,0.5598071813583374,1
ISIC_0027517,MEL,0,0.5605724453926086,MEL,0,0.5605724453926086,1
ISIC_0030592,NV,1,0.5612150430679321,NV,1,0.5612150430679321,1
ISIC_0031123,DF,5,0.5612969994544983,DF,5,0.5612969994544983,1
ISIC_0034315,BKL,4,0.5613835453987122,BKL,4,0.5613835453987122,1
ISIC_0025814,MEL,0,0.5617095232009888,MEL,0,0.5617095232009888,1
ISIC_0031001,NV,1,0.5620999336242676,NV,1,0.5620999336242676,1
ISIC_0030122,MEL,0,0.5621252059936523,MEL,0,0.5621252059936523,1
ISIC_0031430,AKIEC,3,0.5621973276138306,AKIEC,3,0.5621973276138306,1
ISIC_0032959,BCC,2,0.5622227191925049,BCC,2,0.5622227191925049,1
ISIC_0034303,BKL,4,0.5627102851867676,BKL,4,0.5627102851867676,1
ISIC_0033344,MEL,0,0.5636404752731323,MEL,0,0.5636404752731323,1
ISIC_0034165,BKL,4,0.5638659000396729,BKL,4,0.5638659000396729,1
ISIC_0025548,BKL,4,0.5644330978393555,BKL,4,0.5644330978393555,1
ISIC_0028681,BKL,4,0.5655646920204163,BKL,4,0.5655646920204163,1
ISIC_0024403,BCC,2,0.5656436085700989,BCC,2,0.5656436085700989,1
ISIC_0027536,AKIEC,3,0.5666059851646423,AKIEC,3,0.5666059851646423,1
ISIC_0027721,MEL,0,0.5668208599090576,MEL,0,0.5668208599090576,1
ISIC_0025075,BKL,4,0.5670702457427979,BKL,4,0.5670702457427979,1
ISIC_0027814,BCC,2,0.5681155920028687,BCC,2,0.5681155920028687,1
ISIC_0033546,MEL,0,0.5690566897392273,MEL,0,0.5690566897392273,1
ISIC_0024340,NV,1,0.5698301792144775,NV,1,0.5698301792144775,1
ISIC_0026645,AKIEC,3,0.5700500011444092,AKIEC,3,0.5700500011444092,1
ISIC_0029945,NV,1,0.5713161826133728,NV,1,0.5713161826133728,1
ISIC_0033257,BCC,2,0.5716525316238403,BCC,2,0.5716525316238403,1
ISIC_0032698,MEL,0,0.5716596841812134,MEL,0,0.5716596841812134,1
ISIC_0029441,NV,1,0.5717617273330688,NV,1,0.5717617273330688,1
ISIC_0028309,BKL,4,0.5718609094619751,BKL,4,0.5718609094619751,1
ISIC_0029070,BKL,4,0.5720168948173523,BKL,4,0.5720168948173523,1
ISIC_0030204,NV,1,0.5721368193626404,NV,1,0.5721368193626404,1
ISIC_0027745,DF,5,0.5724624395370483,DF,5,0.5724624395370483,1
ISIC_0024757,NV,1,0.5725277066230774,NV,1,0.5725277066230774,1
ISIC_0031085,NV,1,0.5728736519813538,NV,1,0.5728736519813538,1
ISIC_0026883,NV,1,0.573114812374115,NV,1,0.573114812374115,1
ISIC_0033358,AKIEC,3,0.5733522772789001,AKIEC,3,0.5733522772789001,1
ISIC_0030839,NV,1,0.5734732747077942,NV,1,0.5734732747077942,1
ISIC_0029947,BKL,4,0.5736905932426453,BKL,4,0.5736905932426453,1
ISIC_0031929,AKIEC,3,0.57379549741745,AKIEC,3,0.57379549741745,1
ISIC_0024496,MEL,0,0.5743761658668518,MEL,0,0.5743761658668518,1
ISIC_0025121,MEL,0,0.5757181644439697,MEL,0,0.5757181644439697,1
ISIC_0032736,MEL,0,0.5758187174797058,MEL,0,0.5758187174797058,1
ISIC_0027820,BKL,4,0.5758533477783203,BKL,4,0.5758533477783203,1
ISIC_0030876,BKL,4,0.5758922100067139,BKL,4,0.5758922100067139,1
ISIC_0024702,MEL,0,0.5766454935073853,MEL,0,0.5766454935073853,1
ISIC_0034275,MEL,0,0.5769383311271667,MEL,0,0.5769383311271667,1
ISIC_0029059,AKIEC,3,0.5777303576469421,AKIEC,3,0.5777303576469421,1
ISIC_0027455,BKL,4,0.5778804421424866,BKL,4,0.5778804421424866,1
ISIC_0026571,MEL,0,0.5780691504478455,MEL,0,0.5780691504478455,1
ISIC_0027084,AKIEC,3,0.5782445073127747,AKIEC,3,0.5782445073127747,1
ISIC_0030574,BCC,2,0.5782917737960815,BCC,2,0.5782917737960815,1
ISIC_0024632,BCC,2,0.5793237686157227,BCC,2,0.5793237686157227,1
ISIC_0034037,BKL,4,0.5796477794647217,BKL,4,0.5796477794647217,1
ISIC_0027031,NV,1,0.5799375772476196,NV,1,0.5799375772476196,1
ISIC_0028834,NV,1,0.5799517035484314,NV,1,0.5799517035484314,1
ISIC_0032757,BKL,4,0.5800382494926453,BKL,4,0.5800382494926453,1
ISIC_0028131,NV,1,0.5801069736480713,NV,1,0.5801069736480713,1
ISIC_0031650,BKL,4,0.5801368951797485,BKL,4,0.5801368951797485,1
ISIC_0031257,DF,5,0.5803572535514832,DF,5,0.5803572535514832,1
ISIC_0027930,AKIEC,3,0.5806901454925537,AKIEC,3,0.5806901454925537,1
ISIC_0025368,AKIEC,3,0.5808053612709045,AKIEC,3,0.5808053612709045,1
ISIC_0025838,BKL,4,0.580844521522522,BKL,4,0.580844521522522,1
ISIC_0031784,MEL,0,0.5814841985702515,MEL,0,0.5814841985702515,1
ISIC_0027759,BCC,2,0.5815340876579285,BCC,2,0.5815340876579285,1
ISIC_0025286,BKL,4,0.5820273756980896,BKL,4,0.5820273756980896,1
ISIC_0028760,MEL,0,0.582472562789917,MEL,0,0.582472562789917,1
ISIC_0026340,NV,1,0.5825210809707642,NV,1,0.5825210809707642,1
ISIC_0030639,NV,1,0.5832184553146362,NV,1,0.5832184553146362,1
ISIC_0029501,BCC,2,0.5838170647621155,BCC,2,0.5838170647621155,1
ISIC_0027234,MEL,0,0.5849603414535522,MEL,0,0.5849603414535522,1
ISIC_0032209,NV,1,0.5854272246360779,NV,1,0.5854272246360779,1
ISIC_0024422,BKL,4,0.585623025894165,BKL,4,0.585623025894165,1
ISIC_0029454,MEL,0,0.5857547521591187,MEL,0,0.5857547521591187,1
ISIC_0029238,MEL,0,0.586190938949585,MEL,0,0.586190938949585,1
ISIC_0027332,BKL,4,0.5872493982315063,BKL,4,0.5872493982315063,1
ISIC_0033910,BKL,4,0.5880939960479736,BKL,4,0.5880939960479736,1
ISIC_0031095,BCC,2,0.5892699956893921,BCC,2,0.5892699956893921,1
ISIC_0024911,MEL,0,0.5911811590194702,MEL,0,0.5911811590194702,1
ISIC_0027650,AKIEC,3,0.5913389921188354,AKIEC,3,0.5913389921188354,1
ISIC_0033154,MEL,0,0.5915272831916809,MEL,0,0.5915272831916809,1
ISIC_0027033,MEL,0,0.5916455388069153,MEL,0,0.5916455388069153,1
ISIC_0031697,BCC,2,0.5918185114860535,BCC,2,0.5918185114860535,1
ISIC_0026623,BKL,4,0.5920237302780151,BKL,4,0.5920237302780151,1
ISIC_0031225,BCC,2,0.592038631439209,BCC,2,0.592038631439209,1
ISIC_0033130,BKL,4,0.5927819609642029,BKL,4,0.5927819609642029,1
ISIC_0027229,BCC,2,0.5928642153739929,BCC,2,0.5928642153739929,1
ISIC_0030604,MEL,0,0.593359649181366,MEL,0,0.593359649181366,1
ISIC_0032470,NV,1,0.5933874249458313,NV,1,0.5933874249458313,1
ISIC_0030803,AKIEC,3,0.5934797525405884,AKIEC,3,0.5934797525405884,1
ISIC_0025086,BKL,4,0.5938751101493835,BKL,4,0.5938751101493835,1
ISIC_0033469,MEL,0,0.5943239331245422,MEL,0,0.5943239331245422,1
ISIC_0034103,BKL,4,0.5947386026382446,BKL,4,0.5947386026382446,1
ISIC_0032187,MEL,0,0.5962015986442566,MEL,0,0.5962015986442566,1
ISIC_0025032,BKL,4,0.596508264541626,BKL,4,0.596508264541626,1
ISIC_0034027,NV,1,0.5972324013710022,NV,1,0.5972324013710022,1
ISIC_0028210,NV,1,0.5983738899230957,NV,1,0.5983738899230957,1
ISIC_0032810,MEL,0,0.5985038876533508,MEL,0,0.5985038876533508,1
ISIC_0029163,MEL,0,0.5988762974739075,MEL,0,0.5988762974739075,1
ISIC_0029893,MEL,0,0.598914623260498,MEL,0,0.598914623260498,1
ISIC_0029740,MEL,0,0.5989775061607361,MEL,0,0.5989775061607361,1
ISIC_0033428,MEL,0,0.5991672277450562,MEL,0,0.5991672277450562,1
ISIC_0030158,AKIEC,3,0.5994402170181274,AKIEC,3,0.5994402170181274,1
ISIC_0032949,BKL,4,0.5998209714889526,BKL,4,0.5998209714889526,1
ISIC_0026156,BCC,2,0.5998423099517822,BCC,2,0.5998423099517822,1
ISIC_0029891,DF,5,0.6001611351966858,DF,5,0.6001611351966858,1
ISIC_0026868,MEL,0,0.6001653075218201,MEL,0,0.6001653075218201,1
ISIC_0029824,DF,5,0.6002975702285767,DF,5,0.6002975702285767,1
ISIC_0027958,AKIEC,3,0.6006793975830078,AKIEC,3,0.6006793975830078,1
ISIC_0033980,MEL,0,0.6008248329162598,MEL,0,0.6008248329162598,1
ISIC_0033572,NV,1,0.6011797785758972,NV,1,0.6011797785758972,1
ISIC_0029315,AKIEC,3,0.601381778717041,AKIEC,3,0.601381778717041,1
ISIC_0029254,NV,1,0.601398766040802,NV,1,0.601398766040802,1
ISIC_0029793,BKL,4,0.6018524765968323,BKL,4,0.6018524765968323,1
ISIC_0027797,MEL,0,0.6021659970283508,MEL,0,0.6021659970283508,1
ISIC_0032660,BCC,2,0.6022581458091736,BCC,2,0.6022581458091736,1
ISIC_0033376,NV,1,0.6023755073547363,NV,1,0.6023755073547363,1
ISIC_0032043,BKL,4,0.6031630039215088,BKL,4,0.6031630039215088,1
ISIC_0033722,BKL,4,0.6032182574272156,BKL,4,0.6032182574272156,1
ISIC_0029596,BKL,4,0.6035503149032593,BKL,4,0.6035503149032593,1
ISIC_0025018,MEL,0,0.6036238670349121,MEL,0,0.6036238670349121,1
ISIC_0028281,NV,1,0.6040675640106201,NV,1,0.6040675640106201,1
ISIC_0030155,NV,1,0.6047953367233276,NV,1,0.6047953367233276,1
ISIC_0030339,BCC,2,0.6049481630325317,BCC,2,0.6049481630325317,1
ISIC_0026086,MEL,0,0.6051086783409119,MEL,0,0.6051086783409119,1
ISIC_0028995,BKL,4,0.60524582862854,BKL,4,0.60524582862854,1
ISIC_0034223,BCC,2,0.6053484082221985,BCC,2,0.6053484082221985,1
ISIC_0027240,NV,1,0.6055837869644165,NV,1,0.6055837869644165,1
ISIC_0033636,MEL,0,0.6057884693145752,MEL,0,0.6057884693145752,1
ISIC_0027747,BKL,4,0.6058071255683899,BKL,4,0.6058071255683899,1
ISIC_0034268,NV,1,0.6061777472496033,NV,1,0.6061777472496033,1
ISIC_0024885,BCC,2,0.6063179969787598,BCC,2,0.6063179969787598,1
ISIC_0025316,MEL,0,0.6074782013893127,MEL,0,0.6074782013893127,1
ISIC_0026798,BCC,2,0.6075608134269714,BCC,2,0.6075608134269714,1
ISIC_0027612,BKL,4,0.6079899668693542,BKL,4,0.6079899668693542,1
ISIC_0030106,MEL,0,0.608108401298523,MEL,0,0.608108401298523,1
ISIC_0028873,NV,1,0.6083524823188782,NV,1,0.6083524823188782,1
ISIC_0031372,DF,5,0.6085003018379211,DF,5,0.6085003018379211,1
ISIC_0029405,NV,1,0.6093845367431641,NV,1,0.6093845367431641,1
ISIC_0032913,MEL,0,0.6094644069671631,MEL,0,0.6094644069671631,1
ISIC_0026327,AKIEC,3,0.6095869541168213,AKIEC,3,0.6095869541168213,1
ISIC_0026737,BKL,4,0.6101314425468445,BKL,4,0.6101314425468445,1
ISIC_0028419,BCC,2,0.610365629196167,BCC,2,0.610365629196167,1
ISIC_0029749,NV,1,0.6106129288673401,NV,1,0.6106129288673401,1
ISIC_0031377,MEL,0,0.6116862893104553,MEL,0,0.6116862893104553,1
ISIC_0032559,MEL,0,0.6120414733886719,MEL,0,0.6120414733886719,1
ISIC_0029913,MEL,0,0.6120811104774475,MEL,0,0.6120811104774475,1
ISIC_0024982,BKL,4,0.6125098466873169,BKL,4,0.6125098466873169,1
ISIC_0031705,NV,1,0.6133484840393066,NV,1,0.6133484840393066,1
ISIC_0031431,AKIEC,3,0.6142718195915222,AKIEC,3,0.6142718195915222,1
ISIC_0026614,BKL,4,0.6162150502204895,BKL,4,0.6162150502204895,1
ISIC_0034289,MEL,0,0.6166588664054871,MEL,0,0.6166588664054871,1
ISIC_0029401,NV,1,0.6173590421676636,NV,1,0.6173590421676636,1
ISIC_0027462,NV,1,0.6184827089309692,NV,1,0.6184827089309692,1
ISIC_0030655,AKIEC,3,0.6185397505760193,AKIEC,3,0.6185397505760193,1
ISIC_0032072,MEL,0,0.6187358498573303,MEL,0,0.6187358498573303,1
ISIC_0033041,BKL,4,0.6188598275184631,BKL,4,0.6188598275184631,1
ISIC_0032329,AKIEC,3,0.619153618812561,AKIEC,3,0.619153618812561,1
ISIC_0033099,MEL,0,0.6193740367889404,MEL,0,0.6193740367889404,1
ISIC_0029580,BKL,4,0.6201561093330383,BKL,4,0.6201561093330383,1
ISIC_0029533,AKIEC,3,0.6202633380889893,AKIEC,3,0.6202633380889893,1
ISIC_0025674,MEL,0,0.6203112602233887,MEL,0,0.6203112602233887,1
ISIC_0033079,BKL,4,0.6206271052360535,BKL,4,0.6206271052360535,1
ISIC_0026947,BKL,4,0.6213893294334412,BKL,4,0.6213893294334412,1
ISIC_0033004,MEL,0,0.6216064691543579,MEL,0,0.6216064691543579,1
ISIC_0026654,NV,1,0.6227612495422363,NV,1,0.6227612495422363,1
ISIC_0033483,BCC,2,0.6228007674217224,BCC,2,0.6228007674217224,1
ISIC_0033460,BKL,4,0.6230615377426147,BKL,4,0.6230615377426147,1
ISIC_0027387,MEL,0,0.6231020092964172,MEL,0,0.6231020092964172,1
ISIC_0033843,MEL,0,0.6231884360313416,MEL,0,0.6231884360313416,1
ISIC_0025136,BKL,4,0.623698890209198,BKL,4,0.623698890209198,1
ISIC_0029130,DF,5,0.6238308548927307,DF,5,0.6238308548927307,1
ISIC_0030901,MEL,0,0.6256756782531738,MEL,0,0.6256756782531738,1
ISIC_0032215,BKL,4,0.6259464621543884,BKL,4,0.6259464621543884,1
ISIC_0033476,MEL,0,0.6261695623397827,MEL,0,0.6261695623397827,1
ISIC_0026713,VASC,6,0.6264103651046753,VASC,6,0.6264103651046753,1
ISIC_0034047,BCC,2,0.626412034034729,BCC,2,0.626412034034729,1
ISIC_0028498,NV,1,0.6269581317901611,NV,1,0.6269581317901611,1
ISIC_0033736,BKL,4,0.6271191835403442,BKL,4,0.6271191835403442,1
ISIC_0028489,MEL,0,0.6272306442260742,MEL,0,0.6272306442260742,1
ISIC_0027849,NV,1,0.6285739541053772,NV,1,0.6285739541053772,1
ISIC_0026867,BKL,4,0.6286783218383789,BKL,4,0.6286783218383789,1
ISIC_0027562,AKIEC,3,0.6287088394165039,AKIEC,3,0.6287088394165039,1
ISIC_0032026,NV,1,0.6287404894828796,NV,1,0.6287404894828796,1
ISIC_0032681,BKL,4,0.6301276087760925,BKL,4,0.6301276087760925,1
ISIC_0027774,BCC,2,0.6303820013999939,BCC,2,0.6303820013999939,1
ISIC_0027800,NV,1,0.6305638551712036,NV,1,0.6305638551712036,1
ISIC_0027588,AKIEC,3,0.6315258145332336,AKIEC,3,0.6315258145332336,1
ISIC_0033675,DF,5,0.6326148509979248,DF,5,0.6326148509979248,1
ISIC_0027046,BCC,2,0.6331186294555664,BCC,2,0.6331186294555664,1
ISIC_0032192,MEL,0,0.6333169937133789,MEL,0,0.6333169937133789,1
ISIC_0033790,DF,5,0.6337879300117493,DF,5,0.6337879300117493,1
ISIC_0032941,DF,5,0.6341715455055237,DF,5,0.6341715455055237,1
ISIC_0031519,BKL,4,0.6347954273223877,BKL,4,0.6347954273223877,1
ISIC_0028056,MEL,0,0.6349248290061951,MEL,0,0.6349248290061951,1
ISIC_0026054,NV,1,0.6360548138618469,NV,1,0.6360548138618469,1
ISIC_0029012,BKL,4,0.6364579796791077,BKL,4,0.6364579796791077,1
ISIC_0026846,BKL,4,0.6364583373069763,BKL,4,0.6364583373069763,1
ISIC_0027423,NV,1,0.6365088224411011,NV,1,0.6365088224411011,1
ISIC_0028115,NV,1,0.6365436911582947,NV,1,0.6365436911582947,1
ISIC_0029473,MEL,0,0.636676549911499,MEL,0,0.636676549911499,1
ISIC_0026702,AKIEC,3,0.6371696591377258,AKIEC,3,0.6371696591377258,1
ISIC_0033886,MEL,0,0.6372685432434082,MEL,0,0.6372685432434082,1
ISIC_0027872,MEL,0,0.6373682022094727,MEL,0,0.6373682022094727,1
ISIC_0033061,MEL,0,0.637412965297699,MEL,0,0.637412965297699,1
ISIC_0024420,BKL,4,0.6375841498374939,BKL,4,0.6375841498374939,1
ISIC_0034053,NV,1,0.6379114389419556,NV,1,0.6379114389419556,1
ISIC_0026083,AKIEC,3,0.6381645202636719,AKIEC,3,0.6381645202636719,1
ISIC_0028625,NV,1,0.6407591700553894,NV,1,0.6407591700553894,1
ISIC_0034222,MEL,0,0.6407977342605591,MEL,0,0.6407977342605591,1
ISIC_0032970,MEL,0,0.6409733891487122,MEL,0,0.6409733891487122,1
ISIC_0030747,MEL,0,0.6413418650627136,MEL,0,0.6413418650627136,1
ISIC_0028930,MEL,0,0.6415879130363464,MEL,0,0.6415879130363464,1
ISIC_0030795,MEL,0,0.6419298052787781,MEL,0,0.6419298052787781,1
ISIC_0028923,NV,1,0.6419380903244019,NV,1,0.6419380903244019,1
ISIC_0026321,BCC,2,0.6421458721160889,BCC,2,0.6421458721160889,1
ISIC_0024545,MEL,0,0.6427780389785767,MEL,0,0.6427780389785767,1
ISIC_0030877,AKIEC,3,0.6431718468666077,AKIEC,3,0.6431718468666077,1
ISIC_0030998,BKL,4,0.6431933641433716,BKL,4,0.6431933641433716,1
ISIC_0032675,BKL,4,0.6433820128440857,BKL,4,0.6433820128440857,1
ISIC_0025351,BKL,4,0.6434849500656128,BKL,4,0.6434849500656128,1
ISIC_0034167,BKL,4,0.6443631649017334,BKL,4,0.6443631649017334,1
ISIC_0025029,AKIEC,3,0.6454247236251831,AKIEC,3,0.6454247236251831,1
ISIC_0033337,MEL,0,0.6454984545707703,MEL,0,0.6454984545707703,1
ISIC_0028807,BCC,2,0.6456989049911499,BCC,2,0.6456989049911499,1
ISIC_0028591,NV,1,0.6458976864814758,NV,1,0.6458976864814758,1
ISIC_0029603,BKL,4,0.6460006833076477,BKL,4,0.6460006833076477,1
ISIC_0025465,BKL,4,0.6465756297111511,BKL,4,0.6465756297111511,1
ISIC_0027982,BKL,4,0.6471392512321472,BKL,4,0.6471392512321472,1
ISIC_0031266,BCC,2,0.6472177505493164,BCC,2,0.6472177505493164,1
ISIC_0033869,AKIEC,3,0.647310733795166,AKIEC,3,0.647310733795166,1
ISIC_0028882,NV,1,0.6474940180778503,NV,1,0.6474940180778503,1
ISIC_0033593,MEL,0,0.6483752727508545,MEL,0,0.6483752727508545,1
ISIC_0032856,MEL,0,0.6486842036247253,MEL,0,0.6486842036247253,1
ISIC_0027358,NV,1,0.6487005949020386,NV,1,0.6487005949020386,1
ISIC_0030607,BKL,4,0.6488133668899536,BKL,4,0.6488133668899536,1
ISIC_0033195,BKL,4,0.6488395929336548,BKL,4,0.6488395929336548,1
ISIC_0026606,BKL,4,0.6489127278327942,BKL,4,0.6489127278327942,1
ISIC_0033183,MEL,0,0.6489228010177612,MEL,0,0.6489228010177612,1
ISIC_0028123,BKL,4,0.6491473317146301,BKL,4,0.6491473317146301,1
ISIC_0028880,DF,5,0.6496850252151489,DF,5,0.6496850252151489,1
ISIC_0028984,MEL,0,0.6499443650245667,MEL,0,0.6499443650245667,1
ISIC_0029660,MEL,0,0.6499577760696411,MEL,0,0.6499577760696411,1
ISIC_0033114,MEL,0,0.6499872207641602,MEL,0,0.6499872207641602,1
ISIC_0031825,BKL,4,0.6500930786132812,BKL,4,0.6500930786132812,1
ISIC_0034180,MEL,0,0.6501059532165527,MEL,0,0.6501059532165527,1
ISIC_0029272,MEL,0,0.6503646969795227,MEL,0,0.6503646969795227,1
ISIC_0033740,NV,1,0.6504191160202026,NV,1,0.6504191160202026,1
ISIC_0028633,NV,1,0.6506467461585999,NV,1,0.6506467461585999,1
ISIC_0030806,BKL,4,0.6509508490562439,BKL,4,0.6509508490562439,1
ISIC_0031286,AKIEC,3,0.6509674191474915,AKIEC,3,0.6509674191474915,1
ISIC_0027026,BKL,4,0.6521960496902466,BKL,4,0.6521960496902466,1
ISIC_0033486,BKL,4,0.6524672508239746,BKL,4,0.6524672508239746,1
ISIC_0027343,AKIEC,3,0.65248703956604,AKIEC,3,0.65248703956604,1
ISIC_0031584,BKL,4,0.6526694893836975,BKL,4,0.6526694893836975,1
ISIC_0026009,MEL,0,0.6528947949409485,MEL,0,0.6528947949409485,1
ISIC_0031578,AKIEC,3,0.6532741785049438,AKIEC,3,0.6532741785049438,1
ISIC_0027184,AKIEC,3,0.6536259651184082,AKIEC,3,0.6536259651184082,1
ISIC_0027802,AKIEC,3,0.6538475751876831,AKIEC,3,0.6538475751876831,1
ISIC_0025834,NV,1,0.654209315776825,NV,1,0.654209315776825,1
ISIC_0032842,BKL,4,0.6548366546630859,BKL,4,0.6548366546630859,1
ISIC_0028925,BKL,4,0.6549171805381775,BKL,4,0.6549171805381775,1
ISIC_0026443,BKL,4,0.6556340456008911,BKL,4,0.6556340456008911,1
ISIC_0026118,BCC,2,0.6572853922843933,BCC,2,0.6572853922843933,1
ISIC_0033112,NV,1,0.657332181930542,NV,1,0.657332181930542,1
ISIC_0026679,BKL,4,0.6576799750328064,BKL,4,0.6576799750328064,1
ISIC_0029049,NV,1,0.6584383249282837,NV,1,0.6584383249282837,1
ISIC_0029488,NV,1,0.6585543751716614,NV,1,0.6585543751716614,1
ISIC_0032519,NV,1,0.6586236357688904,NV,1,0.6586236357688904,1
ISIC_0030653,MEL,0,0.6589041948318481,MEL,0,0.6589041948318481,1
ISIC_0030226,BKL,4,0.6589533090591431,BKL,4,0.6589533090591431,1
ISIC_0026365,BKL,4,0.6590234637260437,BKL,4,0.6590234637260437,1
ISIC_0028166,NV,1,0.6591723561286926,NV,1,0.6591723561286926,1
ISIC_0033609,BCC,2,0.6594228148460388,BCC,2,0.6594228148460388,1
ISIC_0032704,NV,1,0.6598542332649231,NV,1,0.6598542332649231,1
ISIC_0028587,BKL,4,0.6603394746780396,BKL,4,0.6603394746780396,1
ISIC_0029851,AKIEC,3,0.6604718565940857,AKIEC,3,0.6604718565940857,1
ISIC_0025956,NV,1,0.6607891321182251,NV,1,0.6607891321182251,1
ISIC_0028795,AKIEC,3,0.660847008228302,AKIEC,3,0.660847008228302,1
ISIC_0028095,BCC,2,0.6612006425857544,BCC,2,0.6612006425857544,1
ISIC_0030145,BCC,2,0.6612924933433533,BCC,2,0.6612924933433533,1
ISIC_0027361,NV,1,0.6618611216545105,NV,1,0.6618611216545105,1
ISIC_0026786,NV,1,0.6620111465454102,NV,1,0.6620111465454102,1
ISIC_0033696,MEL,0,0.6621167063713074,MEL,0,0.6621167063713074,1
ISIC_0027788,BCC,2,0.6621198058128357,BCC,2,0.6621198058128357,1
ISIC_0033566,NV,1,0.6625175476074219,NV,1,0.6625175476074219,1
ISIC_0033129,MEL,0,0.6625417470932007,MEL,0,0.6625417470932007,1
ISIC_0027606,BKL,4,0.6627163887023926,BKL,4,0.6627163887023926,1
ISIC_0031499,MEL,0,0.6643171310424805,MEL,0,0.6643171310424805,1
ISIC_0032789,NV,1,0.6650089621543884,NV,1,0.6650089621543884,1
ISIC_0032460,BKL,4,0.6651720404624939,BKL,4,0.6651720404624939,1
ISIC_0030771,NV,1,0.6654678583145142,NV,1,0.6654678583145142,1
ISIC_0034276,BCC,2,0.6664442420005798,BCC,2,0.6664442420005798,1
ISIC_0031945,BKL,4,0.6668092012405396,BKL,4,0.6668092012405396,1
ISIC_0030246,MEL,0,0.6675346493721008,MEL,0,0.6675346493721008,1
ISIC_0026872,AKIEC,3,0.6675392389297485,AKIEC,3,0.6675392389297485,1
ISIC_0028361,MEL,0,0.6675905585289001,MEL,0,0.6675905585289001,1
ISIC_0026314,MEL,0,0.6676397919654846,MEL,0,0.6676397919654846,1
ISIC_0028086,MEL,0,0.6684032082557678,MEL,0,0.6684032082557678,1
ISIC_0030694,NV,1,0.6684439182281494,NV,1,0.6684439182281494,1
ISIC_0025605,AKIEC,3,0.6684694290161133,AKIEC,3,0.6684694290161133,1
ISIC_0031408,MEL,0,0.6686617732048035,MEL,0,0.6686617732048035,1
ISIC_0027346,NV,1,0.669247567653656,NV,1,0.669247567653656,1
ISIC_0028687,BCC,2,0.669606626033783,BCC,2,0.669606626033783,1
ISIC_0031290,NV,1,0.6697790622711182,NV,1,0.6697790622711182,1
ISIC_0027352,MEL,0,0.6706247329711914,MEL,0,0.6706247329711914,1
ISIC_0027829,AKIEC,3,0.670732319355011,AKIEC,3,0.670732319355011,1
ISIC_0033251,NV,1,0.6708371639251709,NV,1,0.6708371639251709,1
ISIC_0032018,NV,1,0.6710204482078552,NV,1,0.6710204482078552,1
ISIC_0029288,BKL,4,0.6712004542350769,BKL,4,0.6712004542350769,1
ISIC_0031580,BKL,4,0.6718754768371582,BKL,4,0.6718754768371582,1
ISIC_0033681,NV,1,0.6721693873405457,NV,1,0.6721693873405457,1
ISIC_0025735,NV,1,0.6726593375205994,NV,1,0.6726593375205994,1
ISIC_0031908,MEL,0,0.6727277040481567,MEL,0,0.6727277040481567,1
ISIC_0031776,NV,1,0.6727805137634277,NV,1,0.6727805137634277,1
ISIC_0030436,BKL,4,0.6728445887565613,BKL,4,0.6728445887565613,1
ISIC_0026045,MEL,0,0.673088014125824,MEL,0,0.673088014125824,1
ISIC_0033241,MEL,0,0.6732086539268494,MEL,0,0.6732086539268494,1
ISIC_0031504,NV,1,0.6737864017486572,NV,1,0.6737864017486572,1
ISIC_0028372,AKIEC,3,0.6738172769546509,AKIEC,3,0.6738172769546509,1
ISIC_0024846,NV,1,0.67381751537323,NV,1,0.67381751537323,1
ISIC_0031733,NV,1,0.6742627024650574,NV,1,0.6742627024650574,1
ISIC_0033662,MEL,0,0.6743717789649963,MEL,0,0.6743717789649963,1
ISIC_0026528,BCC,2,0.6744009852409363,BCC,2,0.6744009852409363,1
ISIC_0027856,VASC,6,0.6744863390922546,VASC,6,0.6744863390922546,1
ISIC_0032565,NV,1,0.674569308757782,NV,1,0.674569308757782,1
ISIC_0025123,NV,1,0.6747941970825195,NV,1,0.6747941970825195,1
ISIC_0025885,BKL,4,0.6748121380805969,BKL,4,0.6748121380805969,1
ISIC_0028215,MEL,0,0.6748402118682861,MEL,0,0.6748402118682861,1
ISIC_0029531,NV,1,0.6752819418907166,NV,1,0.6752819418907166,1
ISIC_0032251,NV,1,0.675606906414032,NV,1,0.675606906414032,1
ISIC_0030440,MEL,0,0.675757646560669,MEL,0,0.675757646560669,1
ISIC_0027433,BCC,2,0.6759828329086304,BCC,2,0.6759828329086304,1
ISIC_0029559,BKL,4,0.6761094927787781,BKL,4,0.6761094927787781,1
ISIC_0031890,MEL,0,0.6761789321899414,MEL,0,0.6761789321899414,1
ISIC_0031918,AKIEC,3,0.6763753294944763,AKIEC,3,0.6763753294944763,1
ISIC_0024709,BKL,4,0.6766847968101501,BKL,4,0.6766847968101501,1
ISIC_0028570,BCC,2,0.6776962280273438,BCC,2,0.6776962280273438,1
ISIC_0033701,BKL,4,0.6780021786689758,BKL,4,0.6780021786689758,1
ISIC_0031585,BCC,2,0.6781143546104431,BCC,2,0.6781143546104431,1
ISIC_0029676,BKL,4,0.6783170700073242,BKL,4,0.6783170700073242,1
ISIC_0033691,BKL,4,0.678372323513031,BKL,4,0.678372323513031,1
ISIC_0033757,NV,1,0.678402304649353,NV,1,0.678402304649353,1
ISIC_0028881,BKL,4,0.6788991093635559,BKL,4,0.6788991093635559,1
ISIC_0025668,DF,5,0.6789913773536682,DF,5,0.6789913773536682,1
ISIC_0031489,BCC,2,0.6791104674339294,BCC,2,0.6791104674339294,1
ISIC_0034262,MEL,0,0.6792212128639221,MEL,0,0.6792212128639221,1
ISIC_0031413,BCC,2,0.6793507933616638,BCC,2,0.6793507933616638,1
ISIC_0028332,NV,1,0.6804705262184143,NV,1,0.6804705262184143,1
ISIC_0034046,MEL,0,0.6806579828262329,MEL,0,0.6806579828262329,1
ISIC_0026123,NV,1,0.6808528304100037,NV,1,0.6808528304100037,1
ISIC_0032775,VASC,6,0.6810821294784546,VASC,6,0.6810821294784546,1
ISIC_0028294,BKL,4,0.6812552213668823,BKL,4,0.6812552213668823,1
ISIC_0032963,BKL,4,0.6814498901367188,BKL,4,0.6814498901367188,1
ISIC_0031569,BCC,2,0.6815571784973145,BCC,2,0.6815571784973145,1
ISIC_0029514,VASC,6,0.6815765500068665,VASC,6,0.6815765500068665,1
ISIC_0025454,BKL,4,0.6816070079803467,BKL,4,0.6816070079803467,1
ISIC_0031284,BCC,2,0.6819998621940613,BCC,2,0.6819998621940613,1
ISIC_0027077,NV,1,0.6828244924545288,NV,1,0.6828244924545288,1
ISIC_0032098,MEL,0,0.6829293370246887,MEL,0,0.6829293370246887,1
ISIC_0029839,MEL,0,0.6831220984458923,MEL,0,0.6831220984458923,1
ISIC_0033110,NV,1,0.6832415461540222,NV,1,0.6832415461540222,1
ISIC_0029210,AKIEC,3,0.6832898855209351,AKIEC,3,0.6832898855209351,1
ISIC_0028656,BKL,4,0.6833109259605408,BKL,4,0.6833109259605408,1
ISIC_0024850,BKL,4,0.6835169196128845,BKL,4,0.6835169196128845,1
ISIC_0027394,BKL,4,0.6837539672851562,BKL,4,0.6837539672851562,1
ISIC_0025001,NV,1,0.6843774318695068,NV,1,0.6843774318695068,1
ISIC_0026853,MEL,0,0.6859874129295349,MEL,0,0.6859874129295349,1
ISIC_0030626,NV,1,0.6861574053764343,NV,1,0.6861574053764343,1
ISIC_0029574,MEL,0,0.6866487860679626,MEL,0,0.6866487860679626,1
ISIC_0024630,MEL,0,0.6867059469223022,MEL,0,0.6867059469223022,1
ISIC_0033312,MEL,0,0.6872845888137817,MEL,0,0.6872845888137817,1
ISIC_0028857,NV,1,0.6878438591957092,NV,1,0.6878438591957092,1
ISIC_0033470,MEL,0,0.6883184909820557,MEL,0,0.6883184909820557,1
ISIC_0031381,AKIEC,3,0.6885808706283569,AKIEC,3,0.6885808706283569,1
ISIC_0030968,NV,1,0.6887621283531189,NV,1,0.6887621283531189,1
ISIC_0033415,MEL,0,0.688773512840271,MEL,0,0.688773512840271,1
ISIC_0033054,BCC,2,0.6892058253288269,BCC,2,0.6892058253288269,1
ISIC_0027608,BKL,4,0.6892575621604919,BKL,4,0.6892575621604919,1
ISIC_0032969,NV,1,0.6894890069961548,NV,1,0.6894890069961548,1
ISIC_0030119,MEL,0,0.6895378828048706,MEL,0,0.6895378828048706,1
ISIC_0025188,MEL,0,0.6895603537559509,MEL,0,0.6895603537559509,1
ISIC_0027651,MEL,0,0.689838707447052,MEL,0,0.689838707447052,1
ISIC_0030757,DF,5,0.6907646059989929,DF,5,0.6907646059989929,1
ISIC_0028810,NV,1,0.6908421516418457,NV,1,0.6908421516418457,1
ISIC_0024618,NV,1,0.6912522912025452,NV,1,0.6912522912025452,1
ISIC_0024763,AKIEC,3,0.6912924647331238,AKIEC,3,0.6912924647331238,1
ISIC_0030732,NV,1,0.6918632388114929,NV,1,0.6918632388114929,1
ISIC_0030324,MEL,0,0.6919919848442078,MEL,0,0.6919919848442078,1
ISIC_0024553,DF,5,0.6921177506446838,DF,5,0.6921177506446838,1
ISIC_0024550,BCC,2,0.6921355128288269,BCC,2,0.6921355128288269,1
ISIC_0028063,AKIEC,3,0.6922155618667603,AKIEC,3,0.6922155618667603,1
ISIC_0028943,BKL,4,0.6924604177474976,BKL,4,0.6924604177474976,1
ISIC_0029889,VASC,6,0.692488431930542,VASC,6,0.692488431930542,1
ISIC_0033746,NV,1,0.6928346753120422,NV,1,0.6928346753120422,1
ISIC_0033761,BKL,4,0.6934455037117004,BKL,4,0.6934455037117004,1
ISIC_0033720,BCC,2,0.6936081051826477,BCC,2,0.6936081051826477,1
ISIC_0030721,BKL,4,0.6942387223243713,BKL,4,0.6942387223243713,1
ISIC_0026796,MEL,0,0.6943687796592712,MEL,0,0.6943687796592712,1
ISIC_0034162,MEL,0,0.6944649815559387,MEL,0,0.6944649815559387,1
ISIC_0030123,BKL,4,0.6946713328361511,BKL,4,0.6946713328361511,1
ISIC_0025089,AKIEC,3,0.694706916809082,AKIEC,3,0.694706916809082,1
ISIC_0033405,MEL,0,0.6947943568229675,MEL,0,0.6947943568229675,1
ISIC_0030707,AKIEC,3,0.6952983736991882,AKIEC,3,0.6952983736991882,1
ISIC_0028749,BKL,4,0.6953657865524292,BKL,4,0.6953657865524292,1
ISIC_0026411,AKIEC,3,0.6962840557098389,AKIEC,3,0.6962840557098389,1
ISIC_0031422,NV,1,0.696700394153595,NV,1,0.696700394153595,1
ISIC_0029499,NV,1,0.6968256831169128,NV,1,0.6968256831169128,1
ISIC_0024463,AKIEC,3,0.6972074508666992,AKIEC,3,0.6972074508666992,1
ISIC_0024864,MEL,0,0.6973127126693726,MEL,0,0.6973127126693726,1
ISIC_0032665,BKL,4,0.6973448395729065,BKL,4,0.6973448395729065,1
ISIC_0024475,VASC,6,0.6974871158599854,VASC,6,0.6974871158599854,1
ISIC_0033663,MEL,0,0.69760662317276,MEL,0,0.69760662317276,1
ISIC_0032979,NV,1,0.6977489590644836,NV,1,0.6977489590644836,1
ISIC_0030681,MEL,0,0.6987218856811523,MEL,0,0.6987218856811523,1
ISIC_0024371,BKL,4,0.6993171572685242,BKL,4,0.6993171572685242,1
ISIC_0025982,BKL,4,0.6994158625602722,BKL,4,0.6994158625602722,1
ISIC_0033881,MEL,0,0.699667751789093,MEL,0,0.699667751789093,1
ISIC_0026151,NV,1,0.700518012046814,NV,1,0.700518012046814,1
ISIC_0032466,MEL,0,0.7008654475212097,MEL,0,0.7008654475212097,1
ISIC_0033127,BKL,4,0.7009137868881226,BKL,4,0.7009137868881226,1
ISIC_0025811,AKIEC,3,0.7010679244995117,AKIEC,3,0.7010679244995117,1
ISIC_0033884,BKL,4,0.7011423707008362,BKL,4,0.7011423707008362,1
ISIC_0026444,BKL,4,0.701408863067627,BKL,4,0.701408863067627,1
ISIC_0032546,NV,1,0.701453685760498,NV,1,0.701453685760498,1
ISIC_0028316,BCC,2,0.7015458941459656,BCC,2,0.7015458941459656,1
ISIC_0028050,BCC,2,0.7016763687133789,BCC,2,0.7016763687133789,1
ISIC_0033230,VASC,6,0.701750636100769,VASC,6,0.701750636100769,1
ISIC_0032434,NV,1,0.7018756866455078,NV,1,0.7018756866455078,1
ISIC_0026150,MEL,0,0.7021089196205139,MEL,0,0.7021089196205139,1
ISIC_0028104,BKL,4,0.7021481990814209,BKL,4,0.7021481990814209,1
ISIC_0025615,NV,1,0.7022231817245483,NV,1,0.7022231817245483,1
ISIC_0031203,MEL,0,0.7023181319236755,MEL,0,0.7023181319236755,1
ISIC_0026249,BKL,4,0.7024325728416443,BKL,4,0.7024325728416443,1
ISIC_0030091,NV,1,0.7030743360519409,NV,1,0.7030743360519409,1
ISIC_0025130,AKIEC,3,0.7040236592292786,AKIEC,3,0.7040236592292786,1
ISIC_0028565,MEL,0,0.7040315270423889,MEL,0,0.7040315270423889,1
ISIC_0033404,NV,1,0.7043638229370117,NV,1,0.7043638229370117,1
ISIC_0034005,MEL,0,0.7052057981491089,MEL,0,0.7052057981491089,1
ISIC_0030390,MEL,0,0.7052412033081055,MEL,0,0.7052412033081055,1
ISIC_0032638,MEL,0,0.7054120898246765,MEL,0,0.7054120898246765,1
ISIC_0026124,NV,1,0.7054977416992188,NV,1,0.7054977416992188,1
ISIC_0026100,AKIEC,3,0.7057867050170898,AKIEC,3,0.7057867050170898,1
ISIC_0030358,NV,1,0.7061091065406799,NV,1,0.7061091065406799,1
ISIC_0027334,AKIEC,3,0.706200122833252,AKIEC,3,0.706200122833252,1
ISIC_0029592,NV,1,0.7062455415725708,NV,1,0.7062455415725708,1
ISIC_0026138,AKIEC,3,0.7064827084541321,AKIEC,3,0.7064827084541321,1
ISIC_0030988,BKL,4,0.7069367170333862,BKL,4,0.7069367170333862,1
ISIC_0031063,BCC,2,0.707047700881958,BCC,2,0.707047700881958,1
ISIC_0027828,BKL,4,0.7072857022285461,BKL,4,0.7072857022285461,1
ISIC_0028820,AKIEC,3,0.7073011994361877,AKIEC,3,0.7073011994361877,1
ISIC_0033949,BKL,4,0.7073066234588623,BKL,4,0.7073066234588623,1
ISIC_0029172,MEL,0,0.7078604698181152,MEL,0,0.7078604698181152,1
ISIC_0032504,MEL,0,0.7082788944244385,MEL,0,0.7082788944244385,1
ISIC_0033074,MEL,0,0.708807110786438,MEL,0,0.708807110786438,1
ISIC_0033794,NV,1,0.7091999053955078,NV,1,0.7091999053955078,1
ISIC_0025964,MEL,0,0.7094475626945496,MEL,0,0.7094475626945496,1
ISIC_0033037,MEL,0,0.7094854116439819,MEL,0,0.7094854116439819,1
ISIC_0030605,BKL,4,0.7098070979118347,BKL,4,0.7098070979118347,1
ISIC_0026281,MEL,0,0.7098138928413391,MEL,0,0.7098138928413391,1
ISIC_0026171,AKIEC,3,0.7099927663803101,AKIEC,3,0.7099927663803101,1
ISIC_0031940,AKIEC,3,0.7103871703147888,AKIEC,3,0.7103871703147888,1
ISIC_0029342,BCC,2,0.7110446691513062,BCC,2,0.7110446691513062,1
ISIC_0027490,NV,1,0.7114960551261902,NV,1,0.7114960551261902,1
ISIC_0030105,BKL,4,0.711661159992218,BKL,4,0.711661159992218,1
ISIC_0028200,BKL,4,0.711766242980957,BKL,4,0.711766242980957,1
ISIC_0033868,BKL,4,0.7122011184692383,BKL,4,0.7122011184692383,1
ISIC_0029320,BKL,4,0.7127354145050049,BKL,4,0.7127354145050049,1
ISIC_0029495,MEL,0,0.714137077331543,MEL,0,0.714137077331543,1
ISIC_0026319,AKIEC,3,0.7147684097290039,AKIEC,3,0.7147684097290039,1
ISIC_0026604,MEL,0,0.714823842048645,MEL,0,0.714823842048645,1
ISIC_0025578,VASC,6,0.7148458361625671,VASC,6,0.7148458361625671,1
ISIC_0028987,NV,1,0.7155246734619141,NV,1,0.7155246734619141,1
ISIC_0029991,BKL,4,0.7158149480819702,BKL,4,0.7158149480819702,1
ISIC_0028084,BCC,2,0.7158199548721313,BCC,2,0.7158199548721313,1
ISIC_0034311,NV,1,0.7158520817756653,NV,1,0.7158520817756653,1
ISIC_0029575,MEL,0,0.715892493724823,MEL,0,0.715892493724823,1
ISIC_0032028,NV,1,0.7164615988731384,NV,1,0.7164615988731384,1
ISIC_0033124,BKL,4,0.7170558571815491,BKL,4,0.7170558571815491,1
ISIC_0024516,MEL,0,0.7171019315719604,MEL,0,0.7171019315719604,1
ISIC_0027504,BKL,4,0.7172079086303711,BKL,4,0.7172079086303711,1
ISIC_0027192,BKL,4,0.7175469398498535,BKL,4,0.7175469398498535,1
ISIC_0032455,AKIEC,3,0.7176741361618042,AKIEC,3,0.7176741361618042,1
ISIC_0030585,NV,1,0.7179195284843445,NV,1,0.7179195284843445,1
ISIC_0025319,AKIEC,3,0.7179999351501465,AKIEC,3,0.7179999351501465,1
ISIC_0034040,BKL,4,0.7180295586585999,BKL,4,0.7180295586585999,1
ISIC_0032847,MEL,0,0.7180408835411072,MEL,0,0.7180408835411072,1
ISIC_0028100,BKL,4,0.7181046009063721,BKL,4,0.7181046009063721,1
ISIC_0031125,BKL,4,0.7181901335716248,BKL,4,0.7181901335716248,1
ISIC_0032522,MEL,0,0.7182372808456421,MEL,0,0.7182372808456421,1
ISIC_0028209,BKL,4,0.7183525562286377,BKL,4,0.7183525562286377,1
ISIC_0033280,BKL,4,0.7183776497840881,BKL,4,0.7183776497840881,1
ISIC_0024426,BKL,4,0.7185884714126587,BKL,4,0.7185884714126587,1
ISIC_0030377,BKL,4,0.7187058925628662,BKL,4,0.7187058925628662,1
ISIC_0033805,MEL,0,0.7189857363700867,MEL,0,0.7189857363700867,1
ISIC_0025808,AKIEC,3,0.7195195555686951,AKIEC,3,0.7195195555686951,1
ISIC_0027142,BKL,4,0.7195747494697571,BKL,4,0.7195747494697571,1
ISIC_0034030,NV,1,0.7200469970703125,NV,1,0.7200469970703125,1
ISIC_0027282,MEL,0,0.7202243208885193,MEL,0,0.7202243208885193,1
ISIC_0031919,NV,1,0.7202829718589783,NV,1,0.7202829718589783,1
ISIC_0029872,BKL,4,0.720458984375,BKL,4,0.720458984375,1
ISIC_0026716,BCC,2,0.7207517623901367,BCC,2,0.7207517623901367,1
ISIC_0033023,MEL,0,0.7207931280136108,MEL,0,0.7207931280136108,1
ISIC_0034127,NV,1,0.7209845185279846,NV,1,0.7209845185279846,1
ISIC_0025199,BKL,4,0.7211207151412964,BKL,4,0.7211207151412964,1
ISIC_0028508,MEL,0,0.7212594747543335,MEL,0,0.7212594747543335,1
ISIC_0033638,MEL,0,0.721889078617096,MEL,0,0.721889078617096,1
ISIC_0033859,NV,1,0.7219623327255249,NV,1,0.7219623327255249,1
ISIC_0026905,AKIEC,3,0.7222046852111816,AKIEC,3,0.7222046852111816,1
ISIC_0027041,BKL,4,0.7222594618797302,BKL,4,0.7222594618797302,1
ISIC_0032110,MEL,0,0.7223844528198242,MEL,0,0.7223844528198242,1
ISIC_0024351,MEL,0,0.7224265336990356,MEL,0,0.7224265336990356,1
ISIC_0026722,NV,1,0.7226350903511047,NV,1,0.7226350903511047,1
ISIC_0032874,NV,1,0.7226482629776001,NV,1,0.7226482629776001,1
ISIC_0024412,BKL,4,0.7228789329528809,BKL,4,0.7228789329528809,1
ISIC_0033346,NV,1,0.722944438457489,NV,1,0.722944438457489,1
ISIC_0027905,BKL,4,0.7240198254585266,BKL,4,0.7240198254585266,1
ISIC_0029359,NV,1,0.7242902517318726,NV,1,0.7242902517318726,1
ISIC_0032103,BKL,4,0.7243571281433105,BKL,4,0.7243571281433105,1
ISIC_0026849,BKL,4,0.7243879437446594,BKL,4,0.7243879437446594,1
ISIC_0029298,NV,1,0.7245797514915466,NV,1,0.7245797514915466,1
ISIC_0030173,BKL,4,0.7254372239112854,BKL,4,0.7254372239112854,1
ISIC_0027367,BKL,4,0.725554347038269,BKL,4,0.725554347038269,1
ISIC_0026438,MEL,0,0.7255900502204895,MEL,0,0.7255900502204895,1
ISIC_0033449,BKL,4,0.7257553339004517,BKL,4,0.7257553339004517,1
ISIC_0030021,DF,5,0.7259545922279358,DF,5,0.7259545922279358,1
ISIC_0027303,AKIEC,3,0.7262874245643616,AKIEC,3,0.7262874245643616,1
ISIC_0033461,NV,1,0.7263289093971252,NV,1,0.7263289093971252,1
ISIC_0030731,BKL,4,0.7267860174179077,BKL,4,0.7267860174179077,1
ISIC_0030770,VASC,6,0.7269443869590759,VASC,6,0.7269443869590759,1
ISIC_0026958,BKL,4,0.7270997762680054,BKL,4,0.7270997762680054,1
ISIC_0034202,MEL,0,0.7271198034286499,MEL,0,0.7271198034286499,1
ISIC_0033501,NV,1,0.7272341251373291,NV,1,0.7272341251373291,1
ISIC_0025247,AKIEC,3,0.7272748351097107,AKIEC,3,0.7272748351097107,1
ISIC_0026538,BKL,4,0.727454662322998,BKL,4,0.727454662322998,1
ISIC_0032476,MEL,0,0.7278550863265991,MEL,0,0.7278550863265991,1
ISIC_0025210,NV,1,0.7283967733383179,NV,1,0.7283967733383179,1
ISIC_0031833,NV,1,0.7286900281906128,NV,1,0.7286900281906128,1
ISIC_0024918,MEL,0,0.7290962338447571,MEL,0,0.7290962338447571,1
ISIC_0028929,MEL,0,0.7292054891586304,MEL,0,0.7292054891586304,1
ISIC_0028414,BKL,4,0.7299268841743469,BKL,4,0.7299268841743469,1
ISIC_0025622,DF,5,0.7299750447273254,DF,5,0.7299750447273254,1
ISIC_0031212,BKL,4,0.7302588224411011,BKL,4,0.7302588224411011,1
ISIC_0024675,MEL,0,0.7302884459495544,MEL,0,0.7302884459495544,1
ISIC_0030532,NV,1,0.7304719090461731,NV,1,0.7304719090461731,1
ISIC_0025918,NV,1,0.7305883169174194,NV,1,0.7305883169174194,1
ISIC_0033784,BKL,4,0.7314929962158203,BKL,4,0.7314929962158203,1
ISIC_0028127,MEL,0,0.7320793867111206,MEL,0,0.7320793867111206,1
ISIC_0027502,MEL,0,0.7326956391334534,MEL,0,0.7326956391334534,1
ISIC_0026665,NV,1,0.7330459356307983,NV,1,0.7330459356307983,1
ISIC_0029897,BKL,4,0.7334074378013611,BKL,4,0.7334074378013611,1
ISIC_0033522,MEL,0,0.7334131002426147,MEL,0,0.7334131002426147,1
ISIC_0030589,NV,1,0.7337970733642578,NV,1,0.7337970733642578,1
ISIC_0027915,BCC,2,0.7342605590820312,BCC,2,0.7342605590820312,1
ISIC_0030956,VASC,6,0.7347403168678284,VASC,6,0.7347403168678284,1
ISIC_0026117,BCC,2,0.7353744506835938,BCC,2,0.7353744506835938,1
ISIC_0025907,NV,1,0.7355390787124634,NV,1,0.7355390787124634,1
ISIC_0025168,NV,1,0.7359949350357056,NV,1,0.7359949350357056,1
ISIC_0031081,NV,1,0.7362898588180542,NV,1,0.7362898588180542,1
ISIC_0030255,MEL,0,0.736671507358551,MEL,0,0.736671507358551,1
ISIC_0025033,BKL,4,0.7369219064712524,BKL,4,0.7369219064712524,1
ISIC_0025513,BCC,2,0.7371472120285034,BCC,2,0.7371472120285034,1
ISIC_0031561,MEL,0,0.7374833226203918,MEL,0,0.7374833226203918,1
ISIC_0034236,MEL,0,0.737655520439148,MEL,0,0.737655520439148,1
ISIC_0027693,MEL,0,0.737799346446991,MEL,0,0.737799346446991,1
ISIC_0033592,BKL,4,0.7378010749816895,BKL,4,0.7378010749816895,1
ISIC_0025972,NV,1,0.7379292249679565,NV,1,0.7379292249679565,1
ISIC_0032646,NV,1,0.7383724451065063,NV,1,0.7383724451065063,1
ISIC_0026746,MEL,0,0.7387253642082214,MEL,0,0.7387253642082214,1
ISIC_0033629,BKL,4,0.7389774322509766,BKL,4,0.7389774322509766,1
ISIC_0029612,BKL,4,0.7389799356460571,BKL,4,0.7389799356460571,1
ISIC_0030059,NV,1,0.7389895915985107,NV,1,0.7389895915985107,1
ISIC_0024880,BKL,4,0.7391591668128967,BKL,4,0.7391591668128967,1
ISIC_0034041,NV,1,0.7393256425857544,NV,1,0.7393256425857544,1
ISIC_0032954,NV,1,0.7394090294837952,NV,1,0.7394090294837952,1
ISIC_0029043,AKIEC,3,0.740047037601471,AKIEC,3,0.740047037601471,1
ISIC_0033444,MEL,0,0.7404775023460388,MEL,0,0.7404775023460388,1
ISIC_0032371,AKIEC,3,0.7405641078948975,AKIEC,3,0.7405641078948975,1
ISIC_0027822,MEL,0,0.7409046292304993,MEL,0,0.7409046292304993,1
ISIC_0033687,MEL,0,0.7409104108810425,MEL,0,0.7409104108810425,1
ISIC_0029343,MEL,0,0.7412818074226379,MEL,0,0.7412818074226379,1
ISIC_0030591,AKIEC,3,0.7413015365600586,AKIEC,3,0.7413015365600586,1
ISIC_0029995,MEL,0,0.7415341734886169,MEL,0,0.7415341734886169,1
ISIC_0026770,MEL,0,0.7415362000465393,MEL,0,0.7415362000465393,1
ISIC_0025637,AKIEC,3,0.741959273815155,AKIEC,3,0.741959273815155,1
ISIC_0028894,NV,1,0.7422162890434265,NV,1,0.7422162890434265,1
ISIC_0030408,AKIEC,3,0.7423345446586609,AKIEC,3,0.7423345446586609,1
ISIC_0025638,NV,1,0.742489218711853,NV,1,0.742489218711853,1
ISIC_0030486,MEL,0,0.7427010536193848,MEL,0,0.7427010536193848,1
ISIC_0030203,BKL,4,0.7429068088531494,BKL,4,0.7429068088531494,1
ISIC_0027552,MEL,0,0.7430741190910339,MEL,0,0.7430741190910339,1
ISIC_0028818,BCC,2,0.7438594698905945,BCC,2,0.7438594698905945,1
ISIC_0033494,AKIEC,3,0.7440534830093384,AKIEC,3,0.7440534830093384,1
ISIC_0032414,BCC,2,0.7440895438194275,BCC,2,0.7440895438194275,1
ISIC_0026895,BKL,4,0.7445771098136902,BKL,4,0.7445771098136902,1
ISIC_0031034,MEL,0,0.7452676296234131,MEL,0,0.7452676296234131,1
ISIC_0030384,NV,1,0.7454141974449158,NV,1,0.7454141974449158,1
ISIC_0028128,NV,1,0.7454302310943604,NV,1,0.7454302310943604,1
ISIC_0033125,MEL,0,0.7455443739891052,MEL,0,0.7455443739891052,1
ISIC_0026456,VASC,6,0.7456353306770325,VASC,6,0.7456353306770325,1
ISIC_0031464,BKL,4,0.745641827583313,BKL,4,0.745641827583313,1
ISIC_0027969,BKL,4,0.7458620667457581,BKL,4,0.7458620667457581,1
ISIC_0028036,NV,1,0.7458752989768982,NV,1,0.7458752989768982,1
ISIC_0031132,BKL,4,0.7461671829223633,BKL,4,0.7461671829223633,1
ISIC_0027312,NV,1,0.7465925812721252,NV,1,0.7465925812721252,1
ISIC_0033452,MEL,0,0.7466036081314087,MEL,0,0.7466036081314087,1
ISIC_0032445,BKL,4,0.7466166615486145,BKL,4,0.7466166615486145,1
ISIC_0033678,MEL,0,0.7466176748275757,MEL,0,0.7466176748275757,1
ISIC_0032861,NV,1,0.7469676733016968,NV,1,0.7469676733016968,1
ISIC_0026728,BKL,4,0.7471175789833069,BKL,4,0.7471175789833069,1
ISIC_0031374,NV,1,0.747228741645813,NV,1,0.747228741645813,1
ISIC_0026493,BKL,4,0.747446596622467,BKL,4,0.747446596622467,1
ISIC_0033831,MEL,0,0.7474589347839355,MEL,0,0.7474589347839355,1
ISIC_0033499,BCC,2,0.7475713491439819,BCC,2,0.7475713491439819,1
ISIC_0032270,VASC,6,0.7478572726249695,VASC,6,0.7478572726249695,1
ISIC_0029157,MEL,0,0.7478624582290649,MEL,0,0.7478624582290649,1
ISIC_0028389,BKL,4,0.7479066848754883,BKL,4,0.7479066848754883,1
ISIC_0034196,VASC,6,0.7480457425117493,VASC,6,0.7480457425117493,1
ISIC_0033167,NV,1,0.7480965852737427,NV,1,0.7480965852737427,1
ISIC_0029525,BKL,4,0.7480996251106262,BKL,4,0.7480996251106262,1
ISIC_0033184,BKL,4,0.7481867074966431,BKL,4,0.7481867074966431,1
ISIC_0027657,NV,1,0.7482782602310181,NV,1,0.7482782602310181,1
ISIC_0033141,MEL,0,0.7484273910522461,MEL,0,0.7484273910522461,1
ISIC_0028728,BCC,2,0.7484764456748962,BCC,2,0.7484764456748962,1
ISIC_0032598,MEL,0,0.7491151690483093,MEL,0,0.7491151690483093,1
ISIC_0024575,AKIEC,3,0.7491892576217651,AKIEC,3,0.7491892576217651,1
ISIC_0028562,NV,1,0.7493434548377991,NV,1,0.7493434548377991,1
ISIC_0034168,BKL,4,0.7498859763145447,BKL,4,0.7498859763145447,1
ISIC_0033773,MEL,0,0.750038743019104,MEL,0,0.750038743019104,1
ISIC_0027719,AKIEC,3,0.7502507567405701,AKIEC,3,0.7502507567405701,1
ISIC_0031829,NV,1,0.7506060600280762,NV,1,0.7506060600280762,1
ISIC_0033484,NV,1,0.7507960200309753,NV,1,0.7507960200309753,1
ISIC_0028710,BKL,4,0.7508594989776611,BKL,4,0.7508594989776611,1
ISIC_0027546,BCC,2,0.7509017586708069,BCC,2,0.7509017586708069,1
ISIC_0028537,MEL,0,0.7510626316070557,MEL,0,0.7510626316070557,1
ISIC_0026265,BKL,4,0.7517830729484558,BKL,4,0.7517830729484558,1
ISIC_0026754,MEL,0,0.752495288848877,MEL,0,0.752495288848877,1
ISIC_0025394,MEL,0,0.7525811791419983,MEL,0,0.7525811791419983,1
ISIC_0031573,NV,1,0.7525897026062012,NV,1,0.7525897026062012,1
ISIC_0032024,BKL,4,0.7527607679367065,BKL,4,0.7527607679367065,1
ISIC_0025758,BKL,4,0.753395140171051,BKL,4,0.753395140171051,1
ISIC_0032836,MEL,0,0.7536838054656982,MEL,0,0.7536838054656982,1
ISIC_0033707,NV,1,0.7537155747413635,NV,1,0.7537155747413635,1
ISIC_0027172,AKIEC,3,0.7540034651756287,AKIEC,3,0.7540034651756287,1
ISIC_0027163,MEL,0,0.7542506456375122,MEL,0,0.7542506456375122,1
ISIC_0028033,MEL,0,0.7546640038490295,MEL,0,0.7546640038490295,1
ISIC_0024987,MEL,0,0.7547870874404907,MEL,0,0.7547870874404907,1
ISIC_0032044,MEL,0,0.7548056244850159,MEL,0,0.7548056244850159,1
ISIC_0032191,NV,1,0.7552458047866821,NV,1,0.7552458047866821,1
ISIC_0029305,NV,1,0.7552659511566162,NV,1,0.7552659511566162,1
ISIC_0034140,MEL,0,0.7552741765975952,MEL,0,0.7552741765975952,1
ISIC_0029223,NV,1,0.7563326358795166,NV,1,0.7563326358795166,1
ISIC_0033243,NV,1,0.7568320631980896,NV,1,0.7568320631980896,1
ISIC_0026942,NV,1,0.7570706009864807,NV,1,0.7570706009864807,1
ISIC_0031404,NV,1,0.7571987509727478,NV,1,0.7571987509727478,1
ISIC_0033819,MEL,0,0.7574734091758728,MEL,0,0.7574734091758728,1
ISIC_0027416,NV,1,0.757592499256134,NV,1,0.757592499256134,1
ISIC_0032081,MEL,0,0.7579317688941956,MEL,0,0.7579317688941956,1
ISIC_0028763,AKIEC,3,0.7579653263092041,AKIEC,3,0.7579653263092041,1
ISIC_0032322,NV,1,0.7580139636993408,NV,1,0.7580139636993408,1
ISIC_0034071,MEL,0,0.7580311298370361,MEL,0,0.7580311298370361,1
ISIC_0028329,BCC,2,0.758121132850647,BCC,2,0.758121132850647,1
ISIC_0026237,NV,1,0.7581844925880432,NV,1,0.7581844925880432,1
ISIC_0029329,BKL,4,0.7583010792732239,BKL,4,0.7583010792732239,1
ISIC_0033389,NV,1,0.7585425972938538,NV,1,0.7585425972938538,1
ISIC_0026414,NV,1,0.7586795091629028,NV,1,0.7586795091629028,1
ISIC_0025969,NV,1,0.7592430710792542,NV,1,0.7592430710792542,1
ISIC_0030165,MEL,0,0.7594773173332214,MEL,0,0.7594773173332214,1
ISIC_0025526,BKL,4,0.759645938873291,BKL,4,0.759645938873291,1
ISIC_0032908,NV,1,0.759671688079834,NV,1,0.759671688079834,1
ISIC_0026682,NV,1,0.7600069046020508,NV,1,0.7600069046020508,1
ISIC_0025818,BCC,2,0.7607592344284058,BCC,2,0.7607592344284058,1
ISIC_0032955,MEL,0,0.7609273791313171,MEL,0,0.7609273791313171,1
ISIC_0028822,BKL,4,0.7610387802124023,BKL,4,0.7610387802124023,1
ISIC_0032365,BKL,4,0.761077880859375,BKL,4,0.761077880859375,1
ISIC_0031261,BKL,4,0.7611361145973206,BKL,4,0.7611361145973206,1
ISIC_0033509,BKL,4,0.7611444592475891,BKL,4,0.7611444592475891,1
ISIC_0033038,MEL,0,0.7611818909645081,MEL,0,0.7611818909645081,1
ISIC_0034091,NV,1,0.7618495225906372,NV,1,0.7618495225906372,1
ISIC_0030870,DF,5,0.7619011402130127,DF,5,0.7619011402130127,1
ISIC_0033306,BKL,4,0.7621248960494995,BKL,4,0.7621248960494995,1
ISIC_0031399,NV,1,0.7629445195198059,NV,1,0.7629445195198059,1
ISIC_0029745,BCC,2,0.7629892230033875,BCC,2,0.7629892230033875,1
ISIC_0032733,MEL,0,0.7631338834762573,MEL,0,0.7631338834762573,1
ISIC_0029081,MEL,0,0.7631372213363647,MEL,0,0.7631372213363647,1
ISIC_0032819,NV,1,0.763282060623169,NV,1,0.763282060623169,1
ISIC_0031692,AKIEC,3,0.7634513974189758,AKIEC,3,0.7634513974189758,1
ISIC_0026403,NV,1,0.7638788819313049,NV,1,0.7638788819313049,1
ISIC_0026729,AKIEC,3,0.7639039754867554,AKIEC,3,0.7639039754867554,1
ISIC_0031875,NV,1,0.7640413045883179,NV,1,0.7640413045883179,1
ISIC_0033015,NV,1,0.7641196846961975,NV,1,0.7641196846961975,1
ISIC_0026863,NV,1,0.7644083499908447,NV,1,0.7644083499908447,1
ISIC_0026998,NV,1,0.7647257447242737,NV,1,0.7647257447242737,1
ISIC_0028842,BKL,4,0.7650038003921509,BKL,4,0.7650038003921509,1
ISIC_0031352,BKL,4,0.765857458114624,BKL,4,0.765857458114624,1
ISIC_0028233,BKL,4,0.7659976482391357,BKL,4,0.7659976482391357,1
ISIC_0029573,AKIEC,3,0.7661060690879822,AKIEC,3,0.7661060690879822,1
ISIC_0025303,MEL,0,0.7663628458976746,MEL,0,0.7663628458976746,1
ISIC_0028252,NV,1,0.7664893865585327,NV,1,0.7664893865585327,1
ISIC_0031308,NV,1,0.7666937708854675,NV,1,0.7666937708854675,1
ISIC_0034031,BKL,4,0.766718327999115,BKL,4,0.766718327999115,1
ISIC_0031640,BCC,2,0.7667737007141113,BCC,2,0.7667737007141113,1
ISIC_0031378,BCC,2,0.7674420475959778,BCC,2,0.7674420475959778,1
ISIC_0027744,BCC,2,0.7674868702888489,BCC,2,0.7674868702888489,1
ISIC_0029789,BKL,4,0.76750648021698,BKL,4,0.76750648021698,1
ISIC_0024454,BCC,2,0.7679299712181091,BCC,2,0.7679299712181091,1
ISIC_0027076,MEL,0,0.7681351900100708,MEL,0,0.7681351900100708,1
ISIC_0031304,NV,1,0.7686905860900879,NV,1,0.7686905860900879,1
ISIC_0024505,BKL,4,0.768920361995697,BKL,4,0.768920361995697,1
ISIC_0025780,AKIEC,3,0.7689992785453796,AKIEC,3,0.7689992785453796,1
ISIC_0028022,MEL,0,0.7691708207130432,MEL,0,0.7691708207130432,1
ISIC_0025520,MEL,0,0.769192636013031,MEL,0,0.769192636013031,1
ISIC_0024409,BKL,4,0.7693889141082764,BKL,4,0.7693889141082764,1
ISIC_0028216,NV,1,0.769404411315918,NV,1,0.769404411315918,1
ISIC_0026409,BKL,4,0.7695619463920593,BKL,4,0.7695619463920593,1
ISIC_0026978,BCC,2,0.7697154879570007,BCC,2,0.7697154879570007,1
ISIC_0028223,BKL,4,0.7698394656181335,BKL,4,0.7698394656181335,1
ISIC_0032690,MEL,0,0.7703019976615906,MEL,0,0.7703019976615906,1
ISIC_0031961,BKL,4,0.7703914642333984,BKL,4,0.7703914642333984,1
ISIC_0027706,BKL,4,0.7707959413528442,BKL,4,0.7707959413528442,1
ISIC_0025519,BKL,4,0.7708560824394226,BKL,4,0.7708560824394226,1
ISIC_0026996,MEL,0,0.7711909413337708,MEL,0,0.7711909413337708,1
ISIC_0031154,BCC,2,0.771507203578949,BCC,2,0.771507203578949,1
ISIC_0028490,BKL,4,0.7716735005378723,BKL,4,0.7716735005378723,1
ISIC_0026262,BKL,4,0.7717504501342773,BKL,4,0.7717504501342773,1
ISIC_0030258,BKL,4,0.7721182107925415,BKL,4,0.7721182107925415,1
ISIC_0033834,MEL,0,0.7722334861755371,MEL,0,0.7722334861755371,1
ISIC_0024931,BCC,2,0.7722965478897095,BCC,2,0.7722965478897095,1
ISIC_0026877,MEL,0,0.7723333239555359,MEL,0,0.7723333239555359,1
ISIC_0032956,NV,1,0.7724424004554749,NV,1,0.7724424004554749,1
ISIC_0031851,BKL,4,0.772693932056427,BKL,4,0.772693932056427,1
ISIC_0032029,NV,1,0.7731323838233948,NV,1,0.7731323838233948,1
ISIC_0025326,BKL,4,0.7735082507133484,BKL,4,0.7735082507133484,1
ISIC_0032225,BCC,2,0.7735551595687866,BCC,2,0.7735551595687866,1
ISIC_0033603,MEL,0,0.7735965847969055,MEL,0,0.7735965847969055,1
ISIC_0032872,MEL,0,0.7738166451454163,MEL,0,0.7738166451454163,1
ISIC_0029147,BKL,4,0.7745318412780762,BKL,4,0.7745318412780762,1
ISIC_0034265,NV,1,0.7748035192489624,NV,1,0.7748035192489624,1
ISIC_0033382,NV,1,0.7750245928764343,NV,1,0.7750245928764343,1
ISIC_0034287,MEL,0,0.7752649188041687,MEL,0,0.7752649188041687,1
ISIC_0031613,NV,1,0.7753427624702454,NV,1,0.7753427624702454,1
ISIC_0024672,BKL,4,0.7754743099212646,BKL,4,0.7754743099212646,1
ISIC_0032159,BKL,4,0.7757623791694641,BKL,4,0.7757623791694641,1
ISIC_0025413,MEL,0,0.7759475111961365,MEL,0,0.7759475111961365,1
ISIC_0024468,AKIEC,3,0.7759637832641602,AKIEC,3,0.7759637832641602,1
ISIC_0031368,MEL,0,0.7766007781028748,MEL,0,0.7766007781028748,1
ISIC_0032746,NV,1,0.777258574962616,NV,1,0.777258574962616,1
ISIC_0029271,MEL,0,0.7776719927787781,MEL,0,0.7776719927787781,1
ISIC_0028527,NV,1,0.7778928875923157,NV,1,0.7778928875923157,1
ISIC_0033933,NV,1,0.7780154943466187,NV,1,0.7780154943466187,1
ISIC_0028080,BKL,4,0.7780865430831909,BKL,4,0.7780865430831909,1
ISIC_0031570,AKIEC,3,0.7783594131469727,AKIEC,3,0.7783594131469727,1
ISIC_0034094,MEL,0,0.7785199880599976,MEL,0,0.7785199880599976,1
ISIC_0026522,AKIEC,3,0.7785658836364746,AKIEC,3,0.7785658836364746,1
ISIC_0024471,BKL,4,0.7790009379386902,BKL,4,0.7790009379386902,1
ISIC_0030746,BCC,2,0.7793216109275818,BCC,2,0.7793216109275818,1
ISIC_0031520,BCC,2,0.7794117331504822,BCC,2,0.7794117331504822,1
ISIC_0027673,MEL,0,0.7799091339111328,MEL,0,0.7799091339111328,1
ISIC_0033327,NV,1,0.7804773449897766,NV,1,0.7804773449897766,1
ISIC_0033256,DF,5,0.7806921601295471,DF,5,0.7806921601295471,1
ISIC_0032823,MEL,0,0.7807579636573792,MEL,0,0.7807579636573792,1
ISIC_0030623,MEL,0,0.7808313369750977,MEL,0,0.7808313369750977,1
ISIC_0025153,MEL,0,0.7809290885925293,MEL,0,0.7809290885925293,1
ISIC_0025711,BCC,2,0.7809615731239319,BCC,2,0.7809615731239319,1
ISIC_0026497,NV,1,0.7810256481170654,NV,1,0.7810256481170654,1
ISIC_0032179,BKL,4,0.7811650633811951,BKL,4,0.7811650633811951,1
ISIC_0031317,NV,1,0.7812619209289551,NV,1,0.7812619209289551,1
ISIC_0030227,BKL,4,0.7813695073127747,BKL,4,0.7813695073127747,1
ISIC_0028548,MEL,0,0.7814520597457886,MEL,0,0.7814520597457886,1
ISIC_0027863,MEL,0,0.7816874980926514,MEL,0,0.7816874980926514,1
ISIC_0024756,MEL,0,0.7818655967712402,MEL,0,0.7818655967712402,1
ISIC_0024314,NV,1,0.7821176052093506,NV,1,0.7821176052093506,1
ISIC_0031407,BCC,2,0.7829184532165527,BCC,2,0.7829184532165527,1
ISIC_0033320,MEL,0,0.783100962638855,MEL,0,0.783100962638855,1
ISIC_0031200,BKL,4,0.7834004163742065,BKL,4,0.7834004163742065,1
ISIC_0030705,BKL,4,0.783575177192688,BKL,4,0.783575177192688,1
ISIC_0033227,NV,1,0.78363037109375,NV,1,0.78363037109375,1
ISIC_0029161,BKL,4,0.7837088704109192,BKL,4,0.7837088704109192,1
ISIC_0028593,BKL,4,0.7838102579116821,BKL,4,0.7838102579116821,1
ISIC_0032965,MEL,0,0.7840386033058167,MEL,0,0.7840386033058167,1
ISIC_0032436,NV,1,0.7840933799743652,NV,1,0.7840933799743652,1
ISIC_0032898,BKL,4,0.7844773530960083,BKL,4,0.7844773530960083,1
ISIC_0031476,NV,1,0.7845404744148254,NV,1,0.7845404744148254,1
ISIC_0032132,BCC,2,0.7848001718521118,BCC,2,0.7848001718521118,1
ISIC_0033005,DF,5,0.7848009467124939,DF,5,0.7848009467124939,1
ISIC_0032486,BKL,4,0.7848100662231445,BKL,4,0.7848100662231445,1
ISIC_0030546,NV,1,0.7849709987640381,NV,1,0.7849709987640381,1
ISIC_0025492,NV,1,0.7851513624191284,NV,1,0.7851513624191284,1
ISIC_0026760,BCC,2,0.7854239344596863,BCC,2,0.7854239344596863,1
ISIC_0033044,NV,1,0.7855844497680664,NV,1,0.7855844497680664,1
ISIC_0032860,NV,1,0.7859898805618286,NV,1,0.7859898805618286,1
ISIC_0028771,NV,1,0.7860114574432373,NV,1,0.7860114574432373,1
ISIC_0033730,MEL,0,0.7860909700393677,MEL,0,0.7860909700393677,1
ISIC_0030976,BKL,4,0.7862391471862793,BKL,4,0.7862391471862793,1
ISIC_0032883,BKL,4,0.7862811088562012,BKL,4,0.7862811088562012,1
ISIC_0024331,BCC,2,0.7866657376289368,BCC,2,0.7866657376289368,1
ISIC_0034248,NV,1,0.7868791818618774,NV,1,0.7868791818618774,1
ISIC_0024697,NV,1,0.786888599395752,NV,1,0.786888599395752,1
ISIC_0031769,NV,1,0.7869325876235962,NV,1,0.7869325876235962,1
ISIC_0027567,NV,1,0.7870799899101257,NV,1,0.7870799899101257,1
ISIC_0034050,MEL,0,0.7872401475906372,MEL,0,0.7872401475906372,1
ISIC_0027372,NV,1,0.7872500419616699,NV,1,0.7872500419616699,1
ISIC_0033555,NV,1,0.7872753739356995,NV,1,0.7872753739356995,1
ISIC_0025986,BKL,4,0.7873553037643433,BKL,4,0.7873553037643433,1
ISIC_0033342,NV,1,0.7873897552490234,NV,1,0.7873897552490234,1
ISIC_0025016,BKL,4,0.7875518202781677,BKL,4,0.7875518202781677,1
ISIC_0032549,NV,1,0.7878063321113586,NV,1,0.7878063321113586,1
ISIC_0032984,MEL,0,0.7879361510276794,MEL,0,0.7879361510276794,1
ISIC_0027277,MEL,0,0.7880401611328125,MEL,0,0.7880401611328125,1
ISIC_0032750,MEL,0,0.7881177067756653,MEL,0,0.7881177067756653,1
ISIC_0029884,MEL,0,0.7881190776824951,MEL,0,0.7881190776824951,1
ISIC_0033660,BKL,4,0.7883239984512329,BKL,4,0.7883239984512329,1
ISIC_0026553,BKL,4,0.7886478900909424,BKL,4,0.7886478900909424,1
ISIC_0027125,MEL,0,0.7888364195823669,MEL,0,0.7888364195823669,1
ISIC_0033807,MEL,0,0.7891489863395691,MEL,0,0.7891489863395691,1
ISIC_0027337,BCC,2,0.7892501950263977,BCC,2,0.7892501950263977,1
ISIC_0026422,BKL,4,0.7894091606140137,BKL,4,0.7894091606140137,1
ISIC_0032425,MEL,0,0.7894133925437927,MEL,0,0.7894133925437927,1
ISIC_0031533,NV,1,0.7894174456596375,NV,1,0.7894174456596375,1
ISIC_0032701,NV,1,0.789467990398407,NV,1,0.789467990398407,1
ISIC_0032374,NV,1,0.789484441280365,NV,1,0.789484441280365,1
ISIC_0030827,AKIEC,3,0.7896354794502258,AKIEC,3,0.7896354794502258,1
ISIC_0029166,BKL,4,0.7898061871528625,BKL,4,0.7898061871528625,1
ISIC_0027006,BKL,4,0.7899388670921326,BKL,4,0.7899388670921326,1
ISIC_0026697,MEL,0,0.7900152802467346,MEL,0,0.7900152802467346,1
ISIC_0033258,MEL,0,0.7901304364204407,MEL,0,0.7901304364204407,1
ISIC_0028114,MEL,0,0.7901908159255981,MEL,0,0.7901908159255981,1
ISIC_0028928,BCC,2,0.7906680107116699,BCC,2,0.7906680107116699,1
ISIC_0027179,MEL,0,0.790935218334198,MEL,0,0.790935218334198,1
ISIC_0024640,MEL,0,0.7909726500511169,MEL,0,0.7909726500511169,1
ISIC_0032601,NV,1,0.7913371920585632,NV,1,0.7913371920585632,1
ISIC_0029931,BKL,4,0.7914791107177734,BKL,4,0.7914791107177734,1
ISIC_0024684,NV,1,0.7916183471679688,NV,1,0.7916183471679688,1
ISIC_0030171,MEL,0,0.7916784286499023,MEL,0,0.7916784286499023,1
ISIC_0032696,BCC,2,0.7921156287193298,BCC,2,0.7921156287193298,1
ISIC_0029780,MEL,0,0.7922069430351257,MEL,0,0.7922069430351257,1
ISIC_0027338,NV,1,0.7924942374229431,NV,1,0.7924942374229431,1
ISIC_0033504,BCC,2,0.7926268577575684,BCC,2,0.7926268577575684,1
ISIC_0031013,MEL,0,0.7926547527313232,MEL,0,0.7926547527313232,1
ISIC_0034035,NV,1,0.7931170463562012,NV,1,0.7931170463562012,1
ISIC_0025603,MEL,0,0.7931303381919861,MEL,0,0.7931303381919861,1
ISIC_0032498,BKL,4,0.7932573556900024,BKL,4,0.7932573556900024,1
ISIC_0032396,MEL,0,0.7934830188751221,MEL,0,0.7934830188751221,1
ISIC_0027893,BKL,4,0.7935235500335693,BKL,4,0.7935235500335693,1
ISIC_0026730,NV,1,0.7936732769012451,NV,1,0.7936732769012451,1
ISIC_0026559,NV,1,0.7937688827514648,NV,1,0.7937688827514648,1
ISIC_0031999,MEL,0,0.7939544916152954,MEL,0,0.7939544916152954,1
ISIC_0024865,MEL,0,0.7941378951072693,MEL,0,0.7941378951072693,1
ISIC_0032608,NV,1,0.7942971587181091,NV,1,0.7942971587181091,1
ISIC_0034048,MEL,0,0.794525682926178,MEL,0,0.794525682926178,1
ISIC_0031389,MEL,0,0.7946350574493408,MEL,0,0.7946350574493408,1
ISIC_0026530,BKL,4,0.7947049140930176,BKL,4,0.7947049140930176,1
ISIC_0032349,AKIEC,3,0.7949217557907104,AKIEC,3,0.7949217557907104,1
ISIC_0028622,BKL,4,0.7950295209884644,BKL,4,0.7950295209884644,1
ISIC_0030426,NV,1,0.7950363159179688,NV,1,0.7950363159179688,1
ISIC_0029371,AKIEC,3,0.7955932021141052,AKIEC,3,0.7955932021141052,1
ISIC_0030244,DF,5,0.7955933809280396,DF,5,0.7955933809280396,1
ISIC_0033498,MEL,0,0.7956269383430481,MEL,0,0.7956269383430481,1
ISIC_0029212,MEL,0,0.7958118319511414,MEL,0,0.7958118319511414,1
ISIC_0029530,NV,1,0.7958511114120483,NV,1,0.7958511114120483,1
ISIC_0030194,NV,1,0.7959606051445007,NV,1,0.7959606051445007,1
ISIC_0025734,NV,1,0.7959638237953186,NV,1,0.7959638237953186,1
ISIC_0027973,BKL,4,0.7959826588630676,BKL,4,0.7959826588630676,1
ISIC_0029129,BCC,2,0.7959921360015869,BCC,2,0.7959921360015869,1
ISIC_0033633,NV,1,0.7961066961288452,NV,1,0.7961066961288452,1
ISIC_0032782,MEL,0,0.7961843609809875,MEL,0,0.7961843609809875,1
ISIC_0029000,MEL,0,0.7962657809257507,MEL,0,0.7962657809257507,1
ISIC_0025330,BKL,4,0.796291708946228,BKL,4,0.796291708946228,1
ISIC_0033451,NV,1,0.796371579170227,NV,1,0.796371579170227,1
ISIC_0024929,MEL,0,0.7966781258583069,MEL,0,0.7966781258583069,1
ISIC_0025909,NV,1,0.7968647480010986,NV,1,0.7968647480010986,1
ISIC_0028931,BKL,4,0.7970473170280457,BKL,4,0.7970473170280457,1
ISIC_0032577,NV,1,0.797169029712677,NV,1,0.797169029712677,1
ISIC_0032441,MEL,0,0.7971787452697754,MEL,0,0.7971787452697754,1
ISIC_0031012,AKIEC,3,0.7972246408462524,AKIEC,3,0.7972246408462524,1
ISIC_0030445,MEL,0,0.7972621321678162,MEL,0,0.7972621321678162,1
ISIC_0025113,BKL,4,0.7972872257232666,BKL,4,0.7972872257232666,1
ISIC_0032063,BKL,4,0.7973542809486389,BKL,4,0.7973542809486389,1
ISIC_0025805,BKL,4,0.797583281993866,BKL,4,0.797583281993866,1
ISIC_0032059,NV,1,0.7977609038352966,NV,1,0.7977609038352966,1
ISIC_0031598,MEL,0,0.7979921698570251,MEL,0,0.7979921698570251,1
ISIC_0028586,NV,1,0.7984214425086975,NV,1,0.7984214425086975,1
ISIC_0024461,BCC,2,0.7984670400619507,BCC,2,0.7984670400619507,1
ISIC_0033713,MEL,0,0.7986316680908203,MEL,0,0.7986316680908203,1
ISIC_0030754,MEL,0,0.7987233400344849,MEL,0,0.7987233400344849,1
ISIC_0027675,BCC,2,0.7987499833106995,BCC,2,0.7987499833106995,1
ISIC_0032556,BKL,4,0.7988594174385071,BKL,4,0.7988594174385071,1
ISIC_0026742,NV,1,0.7991117238998413,NV,1,0.7991117238998413,1
ISIC_0031686,BKL,4,0.7991475462913513,BKL,4,0.7991475462913513,1
ISIC_0025155,MEL,0,0.7991973757743835,MEL,0,0.7991973757743835,1
ISIC_0031119,AKIEC,3,0.7992975115776062,AKIEC,3,0.7992975115776062,1
ISIC_0032940,MEL,0,0.7993186116218567,MEL,0,0.7993186116218567,1
ISIC_0029170,MEL,0,0.7994508147239685,MEL,0,0.7994508147239685,1
ISIC_0026621,NV,1,0.799588680267334,NV,1,0.799588680267334,1
ISIC_0030902,NV,1,0.8000839948654175,NV,1,0.8000839948654175,1
ISIC_0033031,VASC,6,0.8001802563667297,VASC,6,0.8001802563667297,1
ISIC_0033132,NV,1,0.8004190921783447,NV,1,0.8004190921783447,1
ISIC_0025939,BKL,4,0.8009843826293945,BKL,4,0.8009843826293945,1
ISIC_0024644,MEL,0,0.8010545969009399,MEL,0,0.8010545969009399,1
ISIC_0027149,MEL,0,0.8013834357261658,MEL,0,0.8013834357261658,1
ISIC_0030714,AKIEC,3,0.8014001250267029,AKIEC,3,0.8014001250267029,1
ISIC_0033203,BCC,2,0.8019614219665527,BCC,2,0.8019614219665527,1
ISIC_0030964,BCC,2,0.8019779920578003,BCC,2,0.8019779920578003,1
ISIC_0029176,BKL,4,0.8021217584609985,BKL,4,0.8021217584609985,1
ISIC_0028079,BCC,2,0.8023447394371033,BCC,2,0.8023447394371033,1
ISIC_0024654,AKIEC,3,0.8024499416351318,AKIEC,3,0.8024499416351318,1
ISIC_0026029,NV,1,0.8025223612785339,NV,1,0.8025223612785339,1
ISIC_0034034,MEL,0,0.8027244210243225,MEL,0,0.8027244210243225,1
ISIC_0026584,NV,1,0.8031138181686401,NV,1,0.8031138181686401,1
ISIC_0027535,NV,1,0.8031600713729858,NV,1,0.8031600713729858,1
ISIC_0025436,NV,1,0.8032140731811523,NV,1,0.8032140731811523,1
ISIC_0026555,NV,1,0.803301990032196,NV,1,0.803301990032196,1
ISIC_0026069,BKL,4,0.8035588264465332,BKL,4,0.8035588264465332,1
ISIC_0027806,BKL,4,0.8036088943481445,BKL,4,0.8036088943481445,1
ISIC_0033198,MEL,0,0.803974449634552,MEL,0,0.803974449634552,1
ISIC_0028583,BCC,2,0.8041507601737976,BCC,2,0.8041507601737976,1
ISIC_0030211,MEL,0,0.8043993711471558,MEL,0,0.8043993711471558,1
ISIC_0034125,BKL,4,0.8049314618110657,BKL,4,0.8049314618110657,1
ISIC_0033100,NV,1,0.8049561381340027,NV,1,0.8049561381340027,1
ISIC_0032025,NV,1,0.8051071763038635,NV,1,0.8051071763038635,1
ISIC_0025392,BKL,4,0.8051093816757202,BKL,4,0.8051093816757202,1
ISIC_0033586,MEL,0,0.8057263493537903,MEL,0,0.8057263493537903,1
ISIC_0033507,BKL,4,0.8057751059532166,BKL,4,0.8057751059532166,1
ISIC_0034099,NV,1,0.8058122396469116,NV,1,0.8058122396469116,1
ISIC_0027392,BKL,4,0.8062607645988464,BKL,4,0.8062607645988464,1
ISIC_0031277,BKL,4,0.8064108490943909,BKL,4,0.8064108490943909,1
ISIC_0029614,NV,1,0.8064957857131958,NV,1,0.8064957857131958,1
ISIC_0028944,NV,1,0.8065500855445862,NV,1,0.8065500855445862,1
ISIC_0031674,NV,1,0.806577742099762,NV,1,0.806577742099762,1
ISIC_0030447,NV,1,0.8065817952156067,NV,1,0.8065817952156067,1
ISIC_0026311,BKL,4,0.8066620230674744,BKL,4,0.8066620230674744,1
ISIC_0025937,BKL,4,0.8069469928741455,BKL,4,0.8069469928741455,1
ISIC_0028373,NV,1,0.8069920539855957,NV,1,0.8069920539855957,1
ISIC_0028412,MEL,0,0.8071237802505493,MEL,0,0.8071237802505493,1
ISIC_0031517,MEL,0,0.8072025775909424,MEL,0,0.8072025775909424,1
ISIC_0027790,VASC,6,0.8074092864990234,VASC,6,0.8074092864990234,1
ISIC_0029231,NV,1,0.8074386119842529,NV,1,0.8074386119842529,1
ISIC_0025197,VASC,6,0.8074781894683838,VASC,6,0.8074781894683838,1
ISIC_0029651,MEL,0,0.8075945377349854,MEL,0,0.8075945377349854,1
ISIC_0027987,NV,1,0.8076125979423523,NV,1,0.8076125979423523,1
ISIC_0025295,NV,1,0.8077897429466248,NV,1,0.8077897429466248,1
ISIC_0026154,BCC,2,0.8080908060073853,BCC,2,0.8080908060073853,1
ISIC_0024875,MEL,0,0.808199942111969,MEL,0,0.808199942111969,1
ISIC_0027781,BKL,4,0.8084080815315247,BKL,4,0.8084080815315247,1
ISIC_0031624,BKL,4,0.8086585402488708,BKL,4,0.8086585402488708,1
ISIC_0025777,BKL,4,0.8088617324829102,BKL,4,0.8088617324829102,1
ISIC_0027047,AKIEC,3,0.8090381026268005,AKIEC,3,0.8090381026268005,1
ISIC_0029060,BKL,4,0.8095985054969788,BKL,4,0.8095985054969788,1
ISIC_0025484,BKL,4,0.8098250031471252,BKL,4,0.8098250031471252,1
ISIC_0028767,NV,1,0.8100739121437073,NV,1,0.8100739121437073,1
ISIC_0026178,AKIEC,3,0.8101188540458679,AKIEC,3,0.8101188540458679,1
ISIC_0027365,BCC,2,0.8104802370071411,BCC,2,0.8104802370071411,1
ISIC_0031977,MEL,0,0.810542106628418,MEL,0,0.810542106628418,1
ISIC_0025228,NV,1,0.8108025193214417,NV,1,0.8108025193214417,1
ISIC_0031515,NV,1,0.811042308807373,NV,1,0.811042308807373,1
ISIC_0027349,NV,1,0.8110686540603638,NV,1,0.8110686540603638,1
ISIC_0028042,NV,1,0.8111600875854492,NV,1,0.8111600875854492,1
ISIC_0026827,BKL,4,0.8111640810966492,BKL,4,0.8111640810966492,1
ISIC_0024518,NV,1,0.8112924098968506,NV,1,0.8112924098968506,1
ISIC_0030082,NV,1,0.811385452747345,NV,1,0.811385452747345,1
ISIC_0024851,BKL,4,0.8116361498832703,BKL,4,0.8116361498832703,1
ISIC_0026251,NV,1,0.8116726279258728,NV,1,0.8116726279258728,1
ISIC_0025932,BCC,2,0.8118872046470642,BCC,2,0.8118872046470642,1
ISIC_0026577,NV,1,0.8120166659355164,NV,1,0.8120166659355164,1
ISIC_0027466,NV,1,0.8120438456535339,NV,1,0.8120438456535339,1
ISIC_0031396,BKL,4,0.8123294115066528,BKL,4,0.8123294115066528,1
ISIC_0030812,BKL,4,0.8123521208763123,BKL,4,0.8123521208763123,1
ISIC_0024624,MEL,0,0.8124198913574219,MEL,0,0.8124198913574219,1
ISIC_0028879,NV,1,0.8126204609870911,NV,1,0.8126204609870911,1
ISIC_0033425,NV,1,0.8128593564033508,NV,1,0.8128593564033508,1
ISIC_0031412,NV,1,0.8130379915237427,NV,1,0.8130379915237427,1
ISIC_0034079,NV,1,0.813127875328064,NV,1,0.813127875328064,1
ISIC_0028701,BKL,4,0.8132531642913818,BKL,4,0.8132531642913818,1
ISIC_0025616,MEL,0,0.813469409942627,MEL,0,0.813469409942627,1
ISIC_0031111,NV,1,0.8135077357292175,NV,1,0.8135077357292175,1
ISIC_0024435,BKL,4,0.8135212659835815,BKL,4,0.8135212659835815,1
ISIC_0030007,BKL,4,0.8135663866996765,BKL,4,0.8135663866996765,1
ISIC_0029833,NV,1,0.8136458396911621,NV,1,0.8136458396911621,1
ISIC_0026809,NV,1,0.8142071962356567,NV,1,0.8142071962356567,1
ISIC_0032879,MEL,0,0.8143786191940308,MEL,0,0.8143786191940308,1
ISIC_0032090,NV,1,0.8144592046737671,NV,1,0.8144592046737671,1
ISIC_0028232,AKIEC,3,0.8147469758987427,AKIEC,3,0.8147469758987427,1
ISIC_0032806,MEL,0,0.8148522973060608,MEL,0,0.8148522973060608,1
ISIC_0027261,MEL,0,0.8148595094680786,MEL,0,0.8148595094680786,1
ISIC_0028988,NV,1,0.8152797818183899,NV,1,0.8152797818183899,1
ISIC_0026406,NV,1,0.815394937992096,NV,1,0.815394937992096,1
ISIC_0033712,NV,1,0.8160325884819031,NV,1,0.8160325884819031,1
ISIC_0032705,NV,1,0.816109299659729,NV,1,0.816109299659729,1
ISIC_0034308,NV,1,0.8167542815208435,NV,1,0.8167542815208435,1
ISIC_0028528,NV,1,0.8167757391929626,NV,1,0.8167757391929626,1
ISIC_0029661,NV,1,0.8169065713882446,NV,1,0.8169065713882446,1
ISIC_0030202,NV,1,0.8171318173408508,NV,1,0.8171318173408508,1
ISIC_0033212,BKL,4,0.8173032999038696,BKL,4,0.8173032999038696,1
ISIC_0028186,NV,1,0.8173578977584839,NV,1,0.8173578977584839,1
ISIC_0034318,BKL,4,0.8176361322402954,BKL,4,0.8176361322402954,1
ISIC_0031462,NV,1,0.8176520466804504,NV,1,0.8176520466804504,1
ISIC_0027815,BKL,4,0.8177016973495483,BKL,4,0.8177016973495483,1
ISIC_0026072,BKL,4,0.8177940845489502,BKL,4,0.8177940845489502,1
ISIC_0033178,MEL,0,0.8179329037666321,MEL,0,0.8179329037666321,1
ISIC_0030844,AKIEC,3,0.8181554079055786,AKIEC,3,0.8181554079055786,1
ISIC_0030036,AKIEC,3,0.8182036876678467,AKIEC,3,0.8182036876678467,1
ISIC_0028958,BKL,4,0.8182705640792847,BKL,4,0.8182705640792847,1
ISIC_0031353,NV,1,0.818376898765564,NV,1,0.818376898765564,1
ISIC_0025337,BKL,4,0.8184079527854919,BKL,4,0.8184079527854919,1
ISIC_0031905,NV,1,0.8186041116714478,NV,1,0.8186041116714478,1
ISIC_0029432,NV,1,0.8186172246932983,NV,1,0.8186172246932983,1
ISIC_0029252,NV,1,0.8193537592887878,NV,1,0.8193537592887878,1
ISIC_0031934,NV,1,0.8193888664245605,NV,1,0.8193888664245605,1
ISIC_0027626,DF,5,0.8194482326507568,DF,5,0.8194482326507568,1
ISIC_0030442,DF,5,0.8194649815559387,DF,5,0.8194649815559387,1
ISIC_0033686,NV,1,0.8195092082023621,NV,1,0.8195092082023621,1
ISIC_0025927,MEL,0,0.8195775151252747,MEL,0,0.8195775151252747,1
ISIC_0028488,NV,1,0.8197047114372253,NV,1,0.8197047114372253,1
ISIC_0032890,VASC,6,0.8197629451751709,VASC,6,0.8197629451751709,1
ISIC_0025076,BKL,4,0.8197692036628723,BKL,4,0.8197692036628723,1
ISIC_0033333,MEL,0,0.8198705315589905,MEL,0,0.8198705315589905,1
ISIC_0030168,NV,1,0.8202769160270691,NV,1,0.8202769160270691,1
ISIC_0033782,NV,1,0.8203821778297424,NV,1,0.8203821778297424,1
ISIC_0025557,BCC,2,0.8210098147392273,BCC,2,0.8210098147392273,1
ISIC_0024566,NV,1,0.8212161660194397,NV,1,0.8212161660194397,1
ISIC_0032424,MEL,0,0.8215498924255371,MEL,0,0.8215498924255371,1
ISIC_0033845,NV,1,0.8217443823814392,NV,1,0.8217443823814392,1
ISIC_0024375,VASC,6,0.8217669129371643,VASC,6,0.8217669129371643,1
ISIC_0029188,NV,1,0.8217796087265015,NV,1,0.8217796087265015,1
ISIC_0027582,NV,1,0.8218072056770325,NV,1,0.8218072056770325,1
ISIC_0031976,BCC,2,0.8218761682510376,BCC,2,0.8218761682510376,1
ISIC_0030945,NV,1,0.8219723105430603,NV,1,0.8219723105430603,1
ISIC_0032967,BKL,4,0.8221326470375061,BKL,4,0.8221326470375061,1
ISIC_0030672,NV,1,0.8221961855888367,NV,1,0.8221961855888367,1
ISIC_0032354,NV,1,0.8222145438194275,NV,1,0.8222145438194275,1
ISIC_0028076,AKIEC,3,0.8223252892494202,AKIEC,3,0.8223252892494202,1
ISIC_0033856,MEL,0,0.8223691582679749,MEL,0,0.8223691582679749,1
ISIC_0029331,BCC,2,0.8224490880966187,BCC,2,0.8224490880966187,1
ISIC_0031326,BKL,4,0.8227968215942383,BKL,4,0.8227968215942383,1
ISIC_0033810,DF,5,0.8230505585670471,DF,5,0.8230505585670471,1
ISIC_0028165,BKL,4,0.8234355449676514,BKL,4,0.8234355449676514,1
ISIC_0030487,AKIEC,3,0.8234512209892273,AKIEC,3,0.8234512209892273,1
ISIC_0028702,BKL,4,0.8235353827476501,BKL,4,0.8235353827476501,1
ISIC_0029346,NV,1,0.8237231373786926,NV,1,0.8237231373786926,1
ISIC_0024564,BCC,2,0.823794424533844,BCC,2,0.823794424533844,1
ISIC_0032745,VASC,6,0.8239285945892334,VASC,6,0.8239285945892334,1
ISIC_0032331,MEL,0,0.8239609599113464,MEL,0,0.8239609599113464,1
ISIC_0025539,AKIEC,3,0.8241520524024963,AKIEC,3,0.8241520524024963,1
ISIC_0024740,BKL,4,0.824154257774353,BKL,4,0.824154257774353,1
ISIC_0031620,BKL,4,0.8241842985153198,BKL,4,0.8241842985153198,1
ISIC_0026574,BCC,2,0.8242271542549133,BCC,2,0.8242271542549133,1
ISIC_0032832,NV,1,0.8242852091789246,NV,1,0.8242852091789246,1
ISIC_0030225,NV,1,0.8245631456375122,NV,1,0.8245631456375122,1
ISIC_0028010,NV,1,0.8246236443519592,NV,1,0.8246236443519592,1
ISIC_0029982,NV,1,0.824890673160553,NV,1,0.824890673160553,1
ISIC_0027285,NV,1,0.8254291415214539,NV,1,0.8254291415214539,1
ISIC_0027642,NV,1,0.8255278468132019,NV,1,0.8255278468132019,1
ISIC_0030899,NV,1,0.825567364692688,NV,1,0.825567364692688,1
ISIC_0024882,NV,1,0.825577437877655,NV,1,0.825577437877655,1
ISIC_0027780,BKL,4,0.8256480097770691,BKL,4,0.8256480097770691,1
ISIC_0028179,NV,1,0.8257091641426086,NV,1,0.8257091641426086,1
ISIC_0025584,BCC,2,0.8259070515632629,BCC,2,0.8259070515632629,1
ISIC_0033268,MEL,0,0.8261631727218628,MEL,0,0.8261631727218628,1
ISIC_0032887,MEL,0,0.8262698650360107,MEL,0,0.8262698650360107,1
ISIC_0031039,NV,1,0.8263220191001892,NV,1,0.8263220191001892,1
ISIC_0025045,NV,1,0.8265828490257263,NV,1,0.8265828490257263,1
ISIC_0031970,NV,1,0.8267083764076233,NV,1,0.8267083764076233,1
ISIC_0027094,BKL,4,0.8268411755561829,BKL,4,0.8268411755561829,1
ISIC_0031268,NV,1,0.8268617987632751,NV,1,0.8268617987632751,1
ISIC_0027795,AKIEC,3,0.8269450068473816,AKIEC,3,0.8269450068473816,1
ISIC_0027415,NV,1,0.8270912766456604,NV,1,0.8270912766456604,1
ISIC_0033118,NV,1,0.8272480368614197,NV,1,0.8272480368614197,1
ISIC_0024770,BKL,4,0.8272599577903748,BKL,4,0.8272599577903748,1
ISIC_0026488,NV,1,0.8272777795791626,NV,1,0.8272777795791626,1
ISIC_0032560,NV,1,0.8276558518409729,NV,1,0.8276558518409729,1
ISIC_0031848,NV,1,0.8277027010917664,NV,1,0.8277027010917664,1
ISIC_0033326,NV,1,0.8277204036712646,NV,1,0.8277204036712646,1
ISIC_0024310,MEL,0,0.8278515338897705,MEL,0,0.8278515338897705,1
ISIC_0032548,NV,1,0.8278641700744629,NV,1,0.8278641700744629,1
ISIC_0025525,NV,1,0.8280037045478821,NV,1,0.8280037045478821,1
ISIC_0030953,AKIEC,3,0.828008234500885,AKIEC,3,0.828008234500885,1
ISIC_0033540,NV,1,0.8283365368843079,NV,1,0.8283365368843079,1
ISIC_0026277,BKL,4,0.8283763527870178,BKL,4,0.8283763527870178,1
ISIC_0028154,NV,1,0.8283883929252625,NV,1,0.8283883929252625,1
ISIC_0026248,BKL,4,0.8285168409347534,BKL,4,0.8285168409347534,1
ISIC_0033162,NV,1,0.8287232518196106,NV,1,0.8287232518196106,1
ISIC_0030150,MEL,0,0.8288888335227966,MEL,0,0.8288888335227966,1
ISIC_0030285,NV,1,0.8290640711784363,NV,1,0.8290640711784363,1
ISIC_0033310,MEL,0,0.8292579054832458,MEL,0,0.8292579054832458,1
ISIC_0031090,VASC,6,0.8293017148971558,VASC,6,0.8293017148971558,1
ISIC_0032732,BKL,4,0.829468309879303,BKL,4,0.829468309879303,1
ISIC_0030134,MEL,0,0.8295387029647827,MEL,0,0.8295387029647827,1
ISIC_0034263,MEL,0,0.8296536207199097,MEL,0,0.8296536207199097,1
ISIC_0026371,NV,1,0.8298245072364807,NV,1,0.8298245072364807,1
ISIC_0027017,BKL,4,0.8299954533576965,BKL,4,0.8299954533576965,1
ISIC_0030849,BKL,4,0.8300865292549133,BKL,4,0.8300865292549133,1
ISIC_0033905,MEL,0,0.8301118612289429,MEL,0,0.8301118612289429,1
ISIC_0028323,BCC,2,0.8303992748260498,BCC,2,0.8303992748260498,1
ISIC_0024336,BKL,4,0.8304651975631714,BKL,4,0.8304651975631714,1
ISIC_0026297,NV,1,0.8305505514144897,NV,1,0.8305505514144897,1
ISIC_0030372,BKL,4,0.8307335376739502,BKL,4,0.8307335376739502,1
ISIC_0033606,BKL,4,0.8307806849479675,BKL,4,0.8307806849479675,1
ISIC_0034108,NV,1,0.8308355808258057,NV,1,0.8308355808258057,1
ISIC_0031379,NV,1,0.8308617472648621,NV,1,0.8308617472648621,1
ISIC_0032699,MEL,0,0.8309025764465332,MEL,0,0.8309025764465332,1
ISIC_0031236,BCC,2,0.8309688568115234,BCC,2,0.8309688568115234,1
ISIC_0026566,BKL,4,0.8316372632980347,BKL,4,0.8316372632980347,1
ISIC_0031253,BKL,4,0.8316665291786194,BKL,4,0.8316665291786194,1
ISIC_0028111,NV,1,0.8318076729774475,NV,1,0.8318076729774475,1
ISIC_0029644,BCC,2,0.8319565057754517,BCC,2,0.8319565057754517,1
ISIC_0033613,BKL,4,0.8319616913795471,BKL,4,0.8319616913795471,1
ISIC_0031138,BKL,4,0.8322010040283203,BKL,4,0.8322010040283203,1
ISIC_0030826,AKIEC,3,0.8325111269950867,AKIEC,3,0.8325111269950867,1
ISIC_0026817,NV,1,0.8325479030609131,NV,1,0.8325479030609131,1
ISIC_0030569,NV,1,0.8326795101165771,NV,1,0.8326795101165771,1
ISIC_0026350,BCC,2,0.8326938152313232,BCC,2,0.8326938152313232,1
ISIC_0033706,NV,1,0.8327690958976746,NV,1,0.8327690958976746,1
ISIC_0027725,NV,1,0.8327797651290894,NV,1,0.8327797651290894,1
ISIC_0033391,BKL,4,0.8328734636306763,BKL,4,0.8328734636306763,1
ISIC_0031773,NV,1,0.832876443862915,NV,1,0.832876443862915,1
ISIC_0032415,BCC,2,0.833185613155365,BCC,2,0.833185613155365,1
ISIC_0028023,NV,1,0.8334293365478516,NV,1,0.8334293365478516,1
ISIC_0027151,BKL,4,0.8336213827133179,BKL,4,0.8336213827133179,1
ISIC_0024664,NV,1,0.8337664008140564,NV,1,0.8337664008140564,1
ISIC_0027865,BCC,2,0.8337961435317993,BCC,2,0.8337961435317993,1
ISIC_0029113,BKL,4,0.8338419198989868,BKL,4,0.8338419198989868,1
ISIC_0033047,MEL,0,0.8338559865951538,MEL,0,0.8338559865951538,1
ISIC_0033611,MEL,0,0.8339616656303406,MEL,0,0.8339616656303406,1
ISIC_0027141,DF,5,0.8341146111488342,DF,5,0.8341146111488342,1
ISIC_0027263,MEL,0,0.834119439125061,MEL,0,0.834119439125061,1
ISIC_0027042,BKL,4,0.8341432213783264,BKL,4,0.8341432213783264,1
ISIC_0033900,BKL,4,0.8341870307922363,BKL,4,0.8341870307922363,1
ISIC_0031470,BCC,2,0.8342305421829224,BCC,2,0.8342305421829224,1
ISIC_0030840,NV,1,0.8343523740768433,NV,1,0.8343523740768433,1
ISIC_0026473,DF,5,0.8343935608863831,DF,5,0.8343935608863831,1
ISIC_0028098,NV,1,0.8344733715057373,NV,1,0.8344733715057373,1
ISIC_0031318,BCC,2,0.8349239826202393,BCC,2,0.8349239826202393,1
ISIC_0026865,BCC,2,0.8349674940109253,BCC,2,0.8349674940109253,1
ISIC_0026037,NV,1,0.8350005745887756,NV,1,0.8350005745887756,1
ISIC_0026818,NV,1,0.8350513577461243,NV,1,0.8350513577461243,1
ISIC_0033560,MEL,0,0.8353812098503113,MEL,0,0.8353812098503113,1
ISIC_0026398,NV,1,0.8354088068008423,NV,1,0.8354088068008423,1
ISIC_0034106,MEL,0,0.8356320858001709,MEL,0,0.8356320858001709,1
ISIC_0033478,NV,1,0.8356387615203857,NV,1,0.8356387615203857,1
ISIC_0027167,BKL,4,0.835706353187561,BKL,4,0.835706353187561,1
ISIC_0030536,NV,1,0.8359315395355225,NV,1,0.8359315395355225,1
ISIC_0027898,NV,1,0.8366357088088989,NV,1,0.8366357088088989,1
ISIC_0025573,MEL,0,0.836708128452301,MEL,0,0.836708128452301,1
ISIC_0031817,NV,1,0.8367851376533508,NV,1,0.8367851376533508,1
ISIC_0029962,DF,5,0.8369172215461731,DF,5,0.8369172215461731,1
ISIC_0029519,BKL,4,0.8369476795196533,BKL,4,0.8369476795196533,1
ISIC_0030741,NV,1,0.8370947241783142,NV,1,0.8370947241783142,1
ISIC_0032219,MEL,0,0.8374519348144531,MEL,0,0.8374519348144531,1
ISIC_0028258,BKL,4,0.8375048041343689,BKL,4,0.8375048041343689,1
ISIC_0027702,MEL,0,0.8375118970870972,MEL,0,0.8375118970870972,1
ISIC_0025262,NV,1,0.8375243544578552,NV,1,0.8375243544578552,1
ISIC_0027558,NV,1,0.8376504778862,NV,1,0.8376504778862,1
ISIC_0027469,NV,1,0.8376569151878357,NV,1,0.8376569151878357,1
ISIC_0032198,NV,1,0.8377580046653748,NV,1,0.8377580046653748,1
ISIC_0025362,BCC,2,0.8377922177314758,BCC,2,0.8377922177314758,1
ISIC_0027186,NV,1,0.837851881980896,NV,1,0.837851881980896,1
ISIC_0024592,BKL,4,0.8381664752960205,BKL,4,0.8381664752960205,1
ISIC_0025427,AKIEC,3,0.8384076952934265,AKIEC,3,0.8384076952934265,1
ISIC_0030156,NV,1,0.8386031985282898,NV,1,0.8386031985282898,1
ISIC_0031982,NV,1,0.8386457562446594,NV,1,0.8386457562446594,1
ISIC_0026885,NV,1,0.8388252258300781,NV,1,0.8388252258300781,1
ISIC_0032773,BKL,4,0.838897705078125,BKL,4,0.838897705078125,1
ISIC_0025581,NV,1,0.8390406966209412,NV,1,0.8390406966209412,1
ISIC_0028816,AKIEC,3,0.8391293287277222,AKIEC,3,0.8391293287277222,1
ISIC_0028709,MEL,0,0.8391472697257996,MEL,0,0.8391472697257996,1
ISIC_0024961,MEL,0,0.8395205140113831,MEL,0,0.8395205140113831,1
ISIC_0027258,NV,1,0.8397315144538879,NV,1,0.8397315144538879,1
ISIC_0029914,MEL,0,0.8398310542106628,MEL,0,0.8398310542106628,1
ISIC_0034255,BCC,2,0.8400908708572388,BCC,2,0.8400908708572388,1
ISIC_0032769,NV,1,0.8403394818305969,NV,1,0.8403394818305969,1
ISIC_0026524,BKL,4,0.8403501510620117,BKL,4,0.8403501510620117,1
ISIC_0026916,MEL,0,0.8404221534729004,MEL,0,0.8404221534729004,1
ISIC_0024782,BKL,4,0.8404790759086609,BKL,4,0.8404790759086609,1
ISIC_0033724,NV,1,0.8405137658119202,NV,1,0.8405137658119202,1
ISIC_0032524,NV,1,0.8406034708023071,NV,1,0.8406034708023071,1
ISIC_0032833,MEL,0,0.8406208157539368,MEL,0,0.8406208157539368,1
ISIC_0033286,MEL,0,0.8406526446342468,MEL,0,0.8406526446342468,1
ISIC_0031710,NV,1,0.8406835794448853,NV,1,0.8406835794448853,1
ISIC_0025439,MEL,0,0.8407062888145447,MEL,0,0.8407062888145447,1
ISIC_0033525,NV,1,0.8411436080932617,NV,1,0.8411436080932617,1
ISIC_0025865,NV,1,0.8411731123924255,NV,1,0.8411731123924255,1
ISIC_0026439,BCC,2,0.8412783741950989,BCC,2,0.8412783741950989,1
ISIC_0029195,BKL,4,0.8415524363517761,BKL,4,0.8415524363517761,1
ISIC_0026957,BCC,2,0.8416286706924438,BCC,2,0.8416286706924438,1
ISIC_0034017,NV,1,0.8416381478309631,NV,1,0.8416381478309631,1
ISIC_0032014,AKIEC,3,0.8417170643806458,AKIEC,3,0.8417170643806458,1
ISIC_0027030,MEL,0,0.8421581983566284,MEL,0,0.8421581983566284,1
ISIC_0029407,NV,1,0.842470109462738,NV,1,0.842470109462738,1
ISIC_0024787,BCC,2,0.8424984812736511,BCC,2,0.8424984812736511,1
ISIC_0030644,BCC,2,0.8426244854927063,BCC,2,0.8426244854927063,1
ISIC_0031823,AKIEC,3,0.8427017331123352,AKIEC,3,0.8427017331123352,1
ISIC_0029303,NV,1,0.8427459597587585,NV,1,0.8427459597587585,1
ISIC_0029100,BKL,4,0.8427832722663879,BKL,4,0.8427832722663879,1
ISIC_0026152,AKIEC,3,0.84293532371521,AKIEC,3,0.84293532371521,1
ISIC_0024595,BCC,2,0.8430321216583252,BCC,2,0.8430321216583252,1
ISIC_0032343,BKL,4,0.843176543712616,BKL,4,0.843176543712616,1
ISIC_0024441,NV,1,0.8433063626289368,NV,1,0.8433063626289368,1
ISIC_0031600,BKL,4,0.8434522151947021,BKL,4,0.8434522151947021,1
ISIC_0030759,MEL,0,0.8435574769973755,MEL,0,0.8435574769973755,1
ISIC_0025245,NV,1,0.8436753153800964,NV,1,0.8436753153800964,1
ISIC_0027734,NV,1,0.8441324234008789,NV,1,0.8441324234008789,1
ISIC_0034033,NV,1,0.8443503379821777,NV,1,0.8443503379821777,1
ISIC_0024659,NV,1,0.8443563580513,NV,1,0.8443563580513,1
ISIC_0033554,DF,5,0.8443606495857239,DF,5,0.8443606495857239,1
ISIC_0029389,NV,1,0.8443634510040283,NV,1,0.8443634510040283,1
ISIC_0032613,DF,5,0.8444029688835144,DF,5,0.8444029688835144,1
ISIC_0031639,BKL,4,0.8444317579269409,BKL,4,0.8444317579269409,1
ISIC_0030308,NV,1,0.8444666862487793,NV,1,0.8444666862487793,1
ISIC_0027826,BKL,4,0.8447185754776001,BKL,4,0.8447185754776001,1
ISIC_0033891,DF,5,0.844858705997467,DF,5,0.844858705997467,1
ISIC_0024935,NV,1,0.8450287580490112,NV,1,0.8450287580490112,1
ISIC_0025842,BKL,4,0.8453638553619385,BKL,4,0.8453638553619385,1
ISIC_0033008,NV,1,0.8458617329597473,NV,1,0.8458617329597473,1
ISIC_0029500,AKIEC,3,0.845914363861084,AKIEC,3,0.845914363861084,1
ISIC_0027964,MEL,0,0.845983624458313,MEL,0,0.845983624458313,1
ISIC_0031937,BKL,4,0.8463098406791687,BKL,4,0.8463098406791687,1
ISIC_0029469,NV,1,0.8463778495788574,NV,1,0.8463778495788574,1
ISIC_0030836,NV,1,0.8464019894599915,NV,1,0.8464019894599915,1
ISIC_0027900,MEL,0,0.8464887738227844,MEL,0,0.8464887738227844,1
ISIC_0024698,NV,1,0.8465629816055298,NV,1,0.8465629816055298,1
ISIC_0029083,BCC,2,0.8467115759849548,BCC,2,0.8467115759849548,1
ISIC_0027786,BCC,2,0.8467351198196411,BCC,2,0.8467351198196411,1
ISIC_0030310,BKL,4,0.8467378616333008,BKL,4,0.8467378616333008,1
ISIC_0032924,NV,1,0.8468910455703735,NV,1,0.8468910455703735,1
ISIC_0034163,NV,1,0.8474326729774475,NV,1,0.8474326729774475,1
ISIC_0030125,NV,1,0.8475262522697449,NV,1,0.8475262522697449,1
ISIC_0027023,BKL,4,0.8475307822227478,BKL,4,0.8475307822227478,1
ISIC_0030334,NV,1,0.8476772308349609,NV,1,0.8476772308349609,1
ISIC_0031168,BKL,4,0.8476876020431519,BKL,4,0.8476876020431519,1
ISIC_0024767,MEL,0,0.8477028608322144,MEL,0,0.8477028608322144,1
ISIC_0027219,BKL,4,0.8477141857147217,BKL,4,0.8477141857147217,1
ISIC_0031406,MEL,0,0.8477180004119873,MEL,0,0.8477180004119873,1
ISIC_0031513,BCC,2,0.8478513956069946,BCC,2,0.8478513956069946,1
ISIC_0026745,MEL,0,0.8479187488555908,MEL,0,0.8479187488555908,1
ISIC_0032791,NV,1,0.8479443788528442,NV,1,0.8479443788528442,1
ISIC_0033945,BKL,4,0.848103940486908,BKL,4,0.848103940486908,1
ISIC_0031151,NV,1,0.8481851816177368,NV,1,0.8481851816177368,1
ISIC_0029831,BCC,2,0.8484374284744263,BCC,2,0.8484374284744263,1
ISIC_0025169,NV,1,0.8487313985824585,NV,1,0.8487313985824585,1
ISIC_0029524,BCC,2,0.8488343358039856,BCC,2,0.8488343358039856,1
ISIC_0030868,BCC,2,0.8489418029785156,BCC,2,0.8489418029785156,1
ISIC_0026166,NV,1,0.8491602540016174,NV,1,0.8491602540016174,1
ISIC_0027348,NV,1,0.8494116067886353,NV,1,0.8494116067886353,1
ISIC_0030636,BKL,4,0.849496603012085,BKL,4,0.849496603012085,1
ISIC_0025554,BKL,4,0.8498491644859314,BKL,4,0.8498491644859314,1
ISIC_0027007,NV,1,0.8499285578727722,NV,1,0.8499285578727722,1
ISIC_0027447,AKIEC,3,0.8500711917877197,AKIEC,3,0.8500711917877197,1
ISIC_0028618,NV,1,0.8502177596092224,NV,1,0.8502177596092224,1
ISIC_0033918,NV,1,0.850315511226654,NV,1,0.850315511226654,1
ISIC_0028447,NV,1,0.8503480553627014,NV,1,0.8503480553627014,1
ISIC_0032655,BKL,4,0.8504166007041931,BKL,4,0.8504166007041931,1
ISIC_0032778,BKL,4,0.8504320979118347,BKL,4,0.8504320979118347,1
ISIC_0031839,NV,1,0.8504770398139954,NV,1,0.8504770398139954,1
ISIC_0032684,MEL,0,0.8505139350891113,MEL,0,0.8505139350891113,1
ISIC_0030008,NV,1,0.850824236869812,NV,1,0.850824236869812,1
ISIC_0031060,BKL,4,0.8510861396789551,BKL,4,0.8510861396789551,1
ISIC_0025373,DF,5,0.8511114716529846,DF,5,0.8511114716529846,1
ISIC_0030817,NV,1,0.8511713147163391,NV,1,0.8511713147163391,1
ISIC_0026348,NV,1,0.8512275218963623,NV,1,0.8512275218963623,1
ISIC_0024374,NV,1,0.851304829120636,NV,1,0.851304829120636,1
ISIC_0030625,NV,1,0.8514770269393921,NV,1,0.8514770269393921,1
ISIC_0029101,BKL,4,0.8515217304229736,BKL,4,0.8515217304229736,1
ISIC_0033201,BKL,4,0.8517485857009888,BKL,4,0.8517485857009888,1
ISIC_0028326,MEL,0,0.8519653677940369,MEL,0,0.8519653677940369,1
ISIC_0026018,BKL,4,0.851980447769165,BKL,4,0.851980447769165,1
ISIC_0027998,BCC,2,0.851986825466156,BCC,2,0.851986825466156,1
ISIC_0033071,NV,1,0.8521466255187988,NV,1,0.8521466255187988,1
ISIC_0027855,NV,1,0.8522883653640747,NV,1,0.8522883653640747,1
ISIC_0033570,MEL,0,0.8523157238960266,MEL,0,0.8523157238960266,1
ISIC_0030783,BKL,4,0.8531844019889832,BKL,4,0.8531844019889832,1
ISIC_0029527,BKL,4,0.8532289862632751,BKL,4,0.8532289862632751,1
ISIC_0031677,BKL,4,0.8532506227493286,BKL,4,0.8532506227493286,1
ISIC_0033242,NV,1,0.8533708453178406,NV,1,0.8533708453178406,1
ISIC_0032173,AKIEC,3,0.8534446954727173,AKIEC,3,0.8534446954727173,1
ISIC_0025128,MEL,0,0.8536474108695984,MEL,0,0.8536474108695984,1
ISIC_0028227,MEL,0,0.8536489605903625,MEL,0,0.8536489605903625,1
ISIC_0025620,NV,1,0.8537673354148865,NV,1,0.8537673354148865,1
ISIC_0033418,NV,1,0.8540983200073242,NV,1,0.8540983200073242,1
ISIC_0026330,NV,1,0.8542306423187256,NV,1,0.8542306423187256,1
ISIC_0031380,NV,1,0.8544088006019592,NV,1,0.8544088006019592,1
ISIC_0024854,NV,1,0.8544161915779114,NV,1,0.8544161915779114,1
ISIC_0034253,MEL,0,0.854602575302124,MEL,0,0.854602575302124,1
ISIC_0034189,BKL,4,0.8549070358276367,BKL,4,0.8549070358276367,1
ISIC_0025208,NV,1,0.8550018668174744,NV,1,0.8550018668174744,1
ISIC_0029827,AKIEC,3,0.8551101088523865,AKIEC,3,0.8551101088523865,1
ISIC_0034068,MEL,0,0.855143129825592,MEL,0,0.855143129825592,1
ISIC_0029221,NV,1,0.8551779985427856,NV,1,0.8551779985427856,1
ISIC_0032943,NV,1,0.8553932309150696,NV,1,0.8553932309150696,1
ISIC_0031449,BKL,4,0.8554500937461853,BKL,4,0.8554500937461853,1
ISIC_0033432,MEL,0,0.8555163145065308,MEL,0,0.8555163145065308,1
ISIC_0032384,BCC,2,0.8555411100387573,BCC,2,0.8555411100387573,1
ISIC_0032946,NV,1,0.8556843996047974,NV,1,0.8556843996047974,1
ISIC_0029857,BCC,2,0.8556917309761047,BCC,2,0.8556917309761047,1
ISIC_0029778,BKL,4,0.8559180498123169,BKL,4,0.8559180498123169,1
ISIC_0033744,BKL,4,0.856109619140625,BKL,4,0.856109619140625,1
ISIC_0033324,MEL,0,0.8562899231910706,MEL,0,0.8562899231910706,1
ISIC_0029214,NV,1,0.8564059734344482,NV,1,0.8564059734344482,1
ISIC_0031019,NV,1,0.8565617203712463,NV,1,0.8565617203712463,1
ISIC_0024683,NV,1,0.8565983772277832,NV,1,0.8565983772277832,1
ISIC_0031963,NV,1,0.8566197156906128,NV,1,0.8566197156906128,1
ISIC_0028457,BCC,2,0.8566295504570007,BCC,2,0.8566295504570007,1
ISIC_0028496,BKL,4,0.8566580414772034,BKL,4,0.8566580414772034,1
ISIC_0031907,NV,1,0.8567580580711365,NV,1,0.8567580580711365,1
ISIC_0026711,NV,1,0.8567599058151245,NV,1,0.8567599058151245,1
ISIC_0028352,MEL,0,0.8568571209907532,MEL,0,0.8568571209907532,1
ISIC_0029029,BKL,4,0.8568866848945618,BKL,4,0.8568866848945618,1
ISIC_0024571,MEL,0,0.8571189045906067,MEL,0,0.8571189045906067,1
ISIC_0031619,BKL,4,0.8571463823318481,BKL,4,0.8571463823318481,1
ISIC_0029534,NV,1,0.8574875593185425,NV,1,0.8574875593185425,1
ISIC_0027242,NV,1,0.8574933409690857,NV,1,0.8574933409690857,1
ISIC_0028520,MEL,0,0.8576714396476746,MEL,0,0.8576714396476746,1
ISIC_0034242,MEL,0,0.8576921820640564,MEL,0,0.8576921820640564,1
ISIC_0030996,NV,1,0.8577689528465271,NV,1,0.8577689528465271,1
ISIC_0030247,NV,1,0.8577950596809387,NV,1,0.8577950596809387,1
ISIC_0033397,BKL,4,0.857831597328186,BKL,4,0.857831597328186,1
ISIC_0032569,MEL,0,0.857836902141571,MEL,0,0.857836902141571,1
ISIC_0027196,NV,1,0.8578842282295227,NV,1,0.8578842282295227,1
ISIC_0029033,MEL,0,0.8579296469688416,MEL,0,0.8579296469688416,1
ISIC_0030526,BCC,2,0.8579521179199219,BCC,2,0.8579521179199219,1
ISIC_0032871,NV,1,0.8580628633499146,NV,1,0.8580628633499146,1
ISIC_0032230,BKL,4,0.8582473993301392,BKL,4,0.8582473993301392,1
ISIC_0025206,NV,1,0.8582934141159058,NV,1,0.8582934141159058,1
ISIC_0024946,AKIEC,3,0.858349084854126,AKIEC,3,0.858349084854126,1
ISIC_0025179,NV,1,0.8584017753601074,NV,1,0.8584017753601074,1
ISIC_0033669,NV,1,0.8584470152854919,NV,1,0.8584470152854919,1
ISIC_0029558,MEL,0,0.8584975600242615,MEL,0,0.8584975600242615,1
ISIC_0033456,AKIEC,3,0.8585982322692871,AKIEC,3,0.8585982322692871,1
ISIC_0034270,NV,1,0.8588677048683167,NV,1,0.8588677048683167,1
ISIC_0031092,NV,1,0.8589590787887573,NV,1,0.8589590787887573,1
ISIC_0025043,NV,1,0.8590449094772339,NV,1,0.8590449094772339,1
ISIC_0030189,BKL,4,0.8590616583824158,BKL,4,0.8590616583824158,1
ISIC_0027071,MEL,0,0.8590902090072632,MEL,0,0.8590902090072632,1
ISIC_0025065,NV,1,0.8595608472824097,NV,1,0.8595608472824097,1
ISIC_0028637,NV,1,0.8595677018165588,NV,1,0.8595677018165588,1
ISIC_0030629,NV,1,0.8598654270172119,NV,1,0.8598654270172119,1
ISIC_0028821,NV,1,0.860023558139801,NV,1,0.860023558139801,1
ISIC_0026163,VASC,6,0.8600695729255676,VASC,6,0.8600695729255676,1
ISIC_0032048,NV,1,0.8601195812225342,NV,1,0.8601195812225342,1
ISIC_0034231,NV,1,0.8601822257041931,NV,1,0.8601822257041931,1
ISIC_0032307,BCC,2,0.8601974844932556,BCC,2,0.8601974844932556,1
ISIC_0030427,DF,5,0.8603100776672363,DF,5,0.8603100776672363,1
ISIC_0033995,MEL,0,0.86045902967453,MEL,0,0.86045902967453,1
ISIC_0024623,BKL,4,0.8607131838798523,BKL,4,0.8607131838798523,1
ISIC_0033582,BKL,4,0.860713541507721,BKL,4,0.860713541507721,1
ISIC_0029794,NV,1,0.8607813715934753,NV,1,0.8607813715934753,1
ISIC_0031243,BCC,2,0.8608220219612122,BCC,2,0.8608220219612122,1
ISIC_0027385,VASC,6,0.8608551025390625,VASC,6,0.8608551025390625,1
ISIC_0030841,NV,1,0.8609569072723389,NV,1,0.8609569072723389,1
ISIC_0034150,MEL,0,0.8612073063850403,MEL,0,0.8612073063850403,1
ISIC_0028596,NV,1,0.8612385392189026,NV,1,0.8612385392189026,1
ISIC_0027406,NV,1,0.8613705635070801,NV,1,0.8613705635070801,1
ISIC_0031762,BCC,2,0.8615719079971313,BCC,2,0.8615719079971313,1
ISIC_0031774,NV,1,0.8615832328796387,NV,1,0.8615832328796387,1
ISIC_0027967,BKL,4,0.8615847826004028,BKL,4,0.8615847826004028,1
ISIC_0025227,NV,1,0.8616759777069092,NV,1,0.8616759777069092,1
ISIC_0032923,NV,1,0.8617166876792908,NV,1,0.8617166876792908,1
ISIC_0028945,NV,1,0.8617587685585022,NV,1,0.8617587685585022,1
ISIC_0033923,NV,1,0.8619176745414734,NV,1,0.8619176745414734,1
ISIC_0028759,NV,1,0.8620159029960632,NV,1,0.8620159029960632,1
ISIC_0029627,BKL,4,0.8621016144752502,BKL,4,0.8621016144752502,1
ISIC_0029413,BKL,4,0.8621138334274292,BKL,4,0.8621138334274292,1
ISIC_0032957,NV,1,0.8622540235519409,NV,1,0.8622540235519409,1
ISIC_0026341,NV,1,0.8623610138893127,NV,1,0.8623610138893127,1
ISIC_0032461,BCC,2,0.8624140024185181,BCC,2,0.8624140024185181,1
ISIC_0031958,MEL,0,0.862565815448761,MEL,0,0.862565815448761,1
ISIC_0027324,NV,1,0.862675666809082,NV,1,0.862675666809082,1
ISIC_0024861,NV,1,0.8627307415008545,NV,1,0.8627307415008545,1
ISIC_0033832,NV,1,0.8627884984016418,NV,1,0.8627884984016418,1
ISIC_0031245,BCC,2,0.862937867641449,BCC,2,0.862937867641449,1
ISIC_0030060,MEL,0,0.8632209897041321,MEL,0,0.8632209897041321,1
ISIC_0033703,NV,1,0.8633370995521545,NV,1,0.8633370995521545,1
ISIC_0031479,MEL,0,0.863582193851471,MEL,0,0.863582193851471,1
ISIC_0028981,NV,1,0.8636533617973328,NV,1,0.8636533617973328,1
ISIC_0027903,VASC,6,0.863710343837738,VASC,6,0.863710343837738,1
ISIC_0029135,BKL,4,0.8637695908546448,BKL,4,0.8637695908546448,1
ISIC_0024565,NV,1,0.8638190627098083,NV,1,0.8638190627098083,1
ISIC_0030892,NV,1,0.863936722278595,NV,1,0.863936722278595,1
ISIC_0027052,NV,1,0.8639712333679199,NV,1,0.8639712333679199,1
ISIC_0033796,NV,1,0.8640052676200867,NV,1,0.8640052676200867,1
ISIC_0032123,BKL,4,0.8640608787536621,BKL,4,0.8640608787536621,1
ISIC_0032579,NV,1,0.8640798330307007,NV,1,0.8640798330307007,1
ISIC_0025623,BKL,4,0.8641802668571472,BKL,4,0.8641802668571472,1
ISIC_0029764,BKL,4,0.864330530166626,BKL,4,0.864330530166626,1
ISIC_0027085,NV,1,0.8643968105316162,NV,1,0.8643968105316162,1
ISIC_0030954,BCC,2,0.8644060492515564,BCC,2,0.8644060492515564,1
ISIC_0024805,MEL,0,0.8646102547645569,MEL,0,0.8646102547645569,1
ISIC_0028358,NV,1,0.864637553691864,NV,1,0.864637553691864,1
ISIC_0027669,MEL,0,0.8647491335868835,MEL,0,0.8647491335868835,1
ISIC_0027889,NV,1,0.8651055693626404,NV,1,0.8651055693626404,1
ISIC_0031457,DF,5,0.8652077317237854,DF,5,0.8652077317237854,1
ISIC_0024988,NV,1,0.8652682900428772,NV,1,0.8652682900428772,1
ISIC_0033607,MEL,0,0.8653097748756409,MEL,0,0.8653097748756409,1
ISIC_0027311,NV,1,0.8653099536895752,NV,1,0.8653099536895752,1
ISIC_0032905,NV,1,0.8654226064682007,NV,1,0.8654226064682007,1
ISIC_0033156,BKL,4,0.8655015230178833,BKL,4,0.8655015230178833,1
ISIC_0028384,NV,1,0.865517795085907,NV,1,0.865517795085907,1
ISIC_0025906,BKL,4,0.8655181527137756,BKL,4,0.8655181527137756,1
ISIC_0032516,NV,1,0.8655896782875061,NV,1,0.8655896782875061,1
ISIC_0026343,BCC,2,0.8655939102172852,BCC,2,0.8655939102172852,1
ISIC_0024604,NV,1,0.8656280040740967,NV,1,0.8656280040740967,1
ISIC_0033445,NV,1,0.8656516671180725,NV,1,0.8656516671180725,1
ISIC_0028445,MEL,0,0.865776777267456,MEL,0,0.865776777267456,1
ISIC_0028887,NV,1,0.8658072352409363,NV,1,0.8658072352409363,1
ISIC_0025049,NV,1,0.8658949136734009,NV,1,0.8658949136734009,1
ISIC_0024938,NV,1,0.8659846782684326,NV,1,0.8659846782684326,1
ISIC_0026631,BKL,4,0.8660245537757874,BKL,4,0.8660245537757874,1
ISIC_0030820,NV,1,0.8660928606987,NV,1,0.8660928606987,1
ISIC_0032731,NV,1,0.8660975694656372,NV,1,0.8660975694656372,1
ISIC_0031170,MEL,0,0.8662199378013611,MEL,0,0.8662199378013611,1
ISIC_0028665,NV,1,0.8662288784980774,NV,1,0.8662288784980774,1
ISIC_0034120,MEL,0,0.8664991855621338,MEL,0,0.8664991855621338,1
ISIC_0031411,NV,1,0.8665316700935364,NV,1,0.8665316700935364,1
ISIC_0030276,BKL,4,0.8666190505027771,BKL,4,0.8666190505027771,1
ISIC_0030423,MEL,0,0.8666632771492004,MEL,0,0.8666632771492004,1
ISIC_0025457,NV,1,0.866682231426239,NV,1,0.866682231426239,1
ISIC_0029883,NV,1,0.8667862415313721,NV,1,0.8667862415313721,1
ISIC_0026735,MEL,0,0.8670306205749512,MEL,0,0.8670306205749512,1
ISIC_0030959,BKL,4,0.8671318888664246,BKL,4,0.8671318888664246,1
ISIC_0025826,BCC,2,0.8673287034034729,BCC,2,0.8673287034034729,1
ISIC_0026897,MEL,0,0.867398738861084,MEL,0,0.867398738861084,1
ISIC_0031670,MEL,0,0.867546558380127,MEL,0,0.867546558380127,1
ISIC_0032190,MEL,0,0.8676897287368774,MEL,0,0.8676897287368774,1
ISIC_0024948,AKIEC,3,0.8677036166191101,AKIEC,3,0.8677036166191101,1
ISIC_0024521,NV,1,0.867722749710083,NV,1,0.867722749710083,1
ISIC_0031950,VASC,6,0.8677916526794434,VASC,6,0.8677916526794434,1
ISIC_0032356,AKIEC,3,0.8678100109100342,AKIEC,3,0.8678100109100342,1
ISIC_0033776,BKL,4,0.8678762316703796,BKL,4,0.8678762316703796,1
ISIC_0027408,NV,1,0.867969274520874,NV,1,0.867969274520874,1
ISIC_0033749,VASC,6,0.8679965138435364,VASC,6,0.8679965138435364,1
ISIC_0029744,MEL,0,0.8680959343910217,MEL,0,0.8680959343910217,1
ISIC_0025988,NV,1,0.8681209087371826,NV,1,0.8681209087371826,1
ISIC_0030127,NV,1,0.8681348562240601,NV,1,0.8681348562240601,1
ISIC_0027171,MEL,0,0.8681561946868896,MEL,0,0.8681561946868896,1
ISIC_0030690,BCC,2,0.8681784272193909,BCC,2,0.8681784272193909,1
ISIC_0034000,MEL,0,0.8681963086128235,MEL,0,0.8681963086128235,1
ISIC_0032931,NV,1,0.8683499693870544,NV,1,0.8683499693870544,1
ISIC_0025425,VASC,6,0.868459939956665,VASC,6,0.868459939956665,1
ISIC_0030980,NV,1,0.8684934377670288,NV,1,0.8684934377670288,1
ISIC_0031113,NV,1,0.86850506067276,NV,1,0.86850506067276,1
ISIC_0033248,BCC,2,0.8685226440429688,BCC,2,0.8685226440429688,1
ISIC_0027410,NV,1,0.868549108505249,NV,1,0.868549108505249,1
ISIC_0025158,NV,1,0.8686703443527222,NV,1,0.8686703443527222,1
ISIC_0032305,NV,1,0.8687286376953125,NV,1,0.8687286376953125,1
ISIC_0034132,MEL,0,0.8688251972198486,MEL,0,0.8688251972198486,1
ISIC_0025345,BKL,4,0.8688775897026062,BKL,4,0.8688775897026062,1
ISIC_0026531,MEL,0,0.869010865688324,MEL,0,0.869010865688324,1
ISIC_0028557,NV,1,0.8691108226776123,NV,1,0.8691108226776123,1
ISIC_0033204,MEL,0,0.8691670894622803,MEL,0,0.8691670894622803,1
ISIC_0026458,MEL,0,0.8691843748092651,MEL,0,0.8691843748092651,1
ISIC_0027665,VASC,6,0.869209349155426,VASC,6,0.869209349155426,1
ISIC_0032478,NV,1,0.8693147301673889,NV,1,0.8693147301673889,1
ISIC_0025726,NV,1,0.8694669008255005,NV,1,0.8694669008255005,1
ISIC_0030313,NV,1,0.8695510029792786,NV,1,0.8695510029792786,1
ISIC_0024902,NV,1,0.8695665001869202,NV,1,0.8695665001869202,1
ISIC_0030566,NV,1,0.8697601556777954,NV,1,0.8697601556777954,1
ISIC_0034009,NV,1,0.8697805404663086,NV,1,0.8697805404663086,1
ISIC_0030260,NV,1,0.86983323097229,NV,1,0.86983323097229,1
ISIC_0034098,NV,1,0.869925856590271,NV,1,0.869925856590271,1
ISIC_0028913,BKL,4,0.8699280023574829,BKL,4,0.8699280023574829,1
ISIC_0030312,NV,1,0.8699324131011963,NV,1,0.8699324131011963,1
ISIC_0032243,NV,1,0.8699327111244202,NV,1,0.8699327111244202,1
ISIC_0032886,NV,1,0.8702395558357239,NV,1,0.8702395558357239,1
ISIC_0031454,NV,1,0.8703974485397339,NV,1,0.8703974485397339,1
ISIC_0029674,BKL,4,0.8704026341438293,BKL,4,0.8704026341438293,1
ISIC_0024863,NV,1,0.8705520033836365,NV,1,0.8705520033836365,1
ISIC_0026698,NV,1,0.8705899119377136,NV,1,0.8705899119377136,1
ISIC_0027563,VASC,6,0.8707589507102966,VASC,6,0.8707589507102966,1
ISIC_0027997,NV,1,0.8708101511001587,NV,1,0.8708101511001587,1
ISIC_0026591,NV,1,0.8709145784378052,NV,1,0.8709145784378052,1
ISIC_0028122,BCC,2,0.8709461092948914,BCC,2,0.8709461092948914,1
ISIC_0032207,MEL,0,0.8710374236106873,MEL,0,0.8710374236106873,1
ISIC_0025099,BKL,4,0.8710511922836304,BKL,4,0.8710511922836304,1
ISIC_0031142,NV,1,0.8710880875587463,NV,1,0.8710880875587463,1
ISIC_0027260,MEL,0,0.871090829372406,MEL,0,0.871090829372406,1
ISIC_0031071,NV,1,0.8712203502655029,NV,1,0.8712203502655029,1
ISIC_0033064,NV,1,0.871269941329956,NV,1,0.871269941329956,1
ISIC_0032588,NV,1,0.8713425993919373,NV,1,0.8713425993919373,1
ISIC_0033058,NV,1,0.8713568449020386,NV,1,0.8713568449020386,1
ISIC_0028870,NV,1,0.8715186715126038,NV,1,0.8715186715126038,1
ISIC_0029051,BKL,4,0.8715285658836365,BKL,4,0.8715285658836365,1
ISIC_0027160,NV,1,0.8715526461601257,NV,1,0.8715526461601257,1
ISIC_0028746,MEL,0,0.8715898990631104,MEL,0,0.8715898990631104,1
ISIC_0025589,MEL,0,0.8717085123062134,MEL,0,0.8717085123062134,1
ISIC_0032151,NV,1,0.8718217611312866,NV,1,0.8718217611312866,1
ISIC_0026618,NV,1,0.8718248605728149,NV,1,0.8718248605728149,1
ISIC_0027468,NV,1,0.8718973398208618,NV,1,0.8718973398208618,1
ISIC_0030521,MEL,0,0.8719941973686218,MEL,0,0.8719941973686218,1
ISIC_0029879,NV,1,0.8720501661300659,NV,1,0.8720501661300659,1
ISIC_0032751,MEL,0,0.8721168637275696,MEL,0,0.8721168637275696,1
ISIC_0024394,NV,1,0.8721286654472351,NV,1,0.8721286654472351,1
ISIC_0025887,NV,1,0.8721373677253723,NV,1,0.8721373677253723,1
ISIC_0027578,NV,1,0.8722701668739319,NV,1,0.8722701668739319,1
ISIC_0033503,NV,1,0.872341513633728,NV,1,0.872341513633728,1
ISIC_0028183,NV,1,0.8723781704902649,NV,1,0.8723781704902649,1
ISIC_0027112,NV,1,0.8724842667579651,NV,1,0.8724842667579651,1
ISIC_0026950,MEL,0,0.8725489377975464,MEL,0,0.8725489377975464,1
ISIC_0032342,NV,1,0.872580885887146,NV,1,0.872580885887146,1
ISIC_0027117,BCC,2,0.8725917339324951,BCC,2,0.8725917339324951,1
ISIC_0029206,BKL,4,0.8726023435592651,BKL,4,0.8726023435592651,1
ISIC_0030551,NV,1,0.8726155161857605,NV,1,0.8726155161857605,1
ISIC_0027120,BCC,2,0.8728561997413635,BCC,2,0.8728561997413635,1
ISIC_0033308,NV,1,0.8728649020195007,NV,1,0.8728649020195007,1
ISIC_0034237,NV,1,0.8728861808776855,NV,1,0.8728861808776855,1
ISIC_0029986,NV,1,0.8729430437088013,NV,1,0.8729430437088013,1
ISIC_0026205,BKL,4,0.8732081055641174,BKL,4,0.8732081055641174,1
ISIC_0033322,BKL,4,0.8732481002807617,BKL,4,0.8732481002807617,1
ISIC_0033726,NV,1,0.873269259929657,NV,1,0.873269259929657,1
ISIC_0028715,NV,1,0.8734444975852966,NV,1,0.8734444975852966,1
ISIC_0031644,NV,1,0.8734915256500244,NV,1,0.8734915256500244,1
ISIC_0028915,MEL,0,0.8736082911491394,MEL,0,0.8736082911491394,1
ISIC_0031867,NV,1,0.8736573457717896,NV,1,0.8736573457717896,1
ISIC_0025214,NV,1,0.8736846446990967,NV,1,0.8736846446990967,1
ISIC_0026174,BKL,4,0.8738287091255188,BKL,4,0.8738287091255188,1
ISIC_0024924,NV,1,0.8738911747932434,NV,1,0.8738911747932434,1
ISIC_0025663,MEL,0,0.8740245699882507,MEL,0,0.8740245699882507,1
ISIC_0026120,MEL,0,0.8740543127059937,MEL,0,0.8740543127059937,1
ISIC_0033772,NV,1,0.874087393283844,NV,1,0.874087393283844,1
ISIC_0028217,NV,1,0.8741175532341003,NV,1,0.8741175532341003,1
ISIC_0028999,NV,1,0.8741558194160461,NV,1,0.8741558194160461,1
ISIC_0033699,NV,1,0.8743270635604858,NV,1,0.8743270635604858,1
ISIC_0033163,NV,1,0.8743298053741455,NV,1,0.8743298053741455,1
ISIC_0032795,NV,1,0.8744391798973083,NV,1,0.8744391798973083,1
ISIC_0030507,MEL,0,0.8746040463447571,MEL,0,0.8746040463447571,1
ISIC_0026643,BCC,2,0.8746048212051392,BCC,2,0.8746048212051392,1
ISIC_0031005,MEL,0,0.8746389746665955,MEL,0,0.8746389746665955,1
ISIC_0033709,BKL,4,0.874714195728302,BKL,4,0.874714195728302,1
ISIC_0024962,MEL,0,0.8748109936714172,MEL,0,0.8748109936714172,1
ISIC_0033218,BCC,2,0.8749746084213257,BCC,2,0.8749746084213257,1
ISIC_0032530,NV,1,0.8749904632568359,NV,1,0.8749904632568359,1
ISIC_0028404,BKL,4,0.8750165700912476,BKL,4,0.8750165700912476,1
ISIC_0030085,NV,1,0.8752976059913635,NV,1,0.8752976059913635,1
ISIC_0033128,NV,1,0.8754182457923889,NV,1,0.8754182457923889,1
ISIC_0025550,MEL,0,0.8755131959915161,MEL,0,0.8755131959915161,1
ISIC_0028282,NV,1,0.8755825757980347,NV,1,0.8755825757980347,1
ISIC_0033977,MEL,0,0.8757848739624023,MEL,0,0.8757848739624023,1
ISIC_0027709,NV,1,0.8758953809738159,NV,1,0.8758953809738159,1
ISIC_0033745,NV,1,0.8758956789970398,NV,1,0.8758956789970398,1
ISIC_0030649,BKL,4,0.8759928345680237,BKL,4,0.8759928345680237,1
ISIC_0027506,AKIEC,3,0.8761044144630432,AKIEC,3,0.8761044144630432,1
ISIC_0027126,MEL,0,0.8761059045791626,MEL,0,0.8761059045791626,1
ISIC_0032894,BCC,2,0.8761158585548401,BCC,2,0.8761158585548401,1
ISIC_0031799,DF,5,0.8761475086212158,DF,5,0.8761475086212158,1
ISIC_0033153,NV,1,0.8762633204460144,NV,1,0.8762633204460144,1
ISIC_0032376,NV,1,0.8763503432273865,NV,1,0.8763503432273865,1
ISIC_0033369,MEL,0,0.8764376044273376,MEL,0,0.8764376044273376,1
ISIC_0031358,DF,5,0.8764565587043762,DF,5,0.8764565587043762,1
ISIC_0030399,NV,1,0.8765630722045898,NV,1,0.8765630722045898,1
ISIC_0027691,NV,1,0.8766373991966248,NV,1,0.8766373991966248,1
ISIC_0032400,MEL,0,0.8767682313919067,MEL,0,0.8767682313919067,1
ISIC_0033533,MEL,0,0.876863420009613,MEL,0,0.876863420009613,1
ISIC_0032355,NV,1,0.8768770098686218,NV,1,0.8768770098686218,1
ISIC_0024318,DF,5,0.8770027160644531,DF,5,0.8770027160644531,1
ISIC_0033829,BKL,4,0.8770259618759155,BKL,4,0.8770259618759155,1
ISIC_0028185,NV,1,0.8770647048950195,NV,1,0.8770647048950195,1
ISIC_0032079,MEL,0,0.8772043585777283,MEL,0,0.8772043585777283,1
ISIC_0026633,NV,1,0.8772402405738831,NV,1,0.8772402405738831,1
ISIC_0024910,BKL,4,0.8773147463798523,BKL,4,0.8773147463798523,1
ISIC_0029230,BCC,2,0.87757408618927,BCC,2,0.87757408618927,1
ISIC_0032096,NV,1,0.8779140114784241,NV,1,0.8779140114784241,1
ISIC_0027127,NV,1,0.8779370784759521,NV,1,0.8779370784759521,1
ISIC_0032557,VASC,6,0.8781848549842834,VASC,6,0.8781848549842834,1
ISIC_0033289,NV,1,0.8782144784927368,NV,1,0.8782144784927368,1
ISIC_0026575,AKIEC,3,0.8783462643623352,AKIEC,3,0.8783462643623352,1
ISIC_0032563,NV,1,0.8784165978431702,NV,1,0.8784165978431702,1
ISIC_0028989,BCC,2,0.8785025477409363,BCC,2,0.8785025477409363,1
ISIC_0033899,BKL,4,0.8785474896430969,BKL,4,0.8785474896430969,1
ISIC_0032035,NV,1,0.8786101937294006,NV,1,0.8786101937294006,1
ISIC_0033401,BKL,4,0.8786389827728271,BKL,4,0.8786389827728271,1
ISIC_0027178,AKIEC,3,0.8786917924880981,AKIEC,3,0.8786917924880981,1
ISIC_0030207,BKL,4,0.8787656426429749,BKL,4,0.8787656426429749,1
ISIC_0033240,MEL,0,0.8788661956787109,MEL,0,0.8788661956787109,1
ISIC_0027707,NV,1,0.8789381980895996,NV,1,0.8789381980895996,1
ISIC_0029912,BKL,4,0.878938615322113,BKL,4,0.878938615322113,1
ISIC_0027571,NV,1,0.879176676273346,NV,1,0.879176676273346,1
ISIC_0033299,MEL,0,0.8792931437492371,MEL,0,0.8792931437492371,1
ISIC_0031059,NV,1,0.8793089985847473,NV,1,0.8793089985847473,1
ISIC_0033651,MEL,0,0.8794204592704773,MEL,0,0.8794204592704773,1
ISIC_0031543,MEL,0,0.8795053958892822,MEL,0,0.8795053958892822,1
ISIC_0031582,NV,1,0.879583477973938,NV,1,0.879583477973938,1
ISIC_0028228,MEL,0,0.879673957824707,MEL,0,0.879673957824707,1
ISIC_0028512,MEL,0,0.8797218799591064,MEL,0,0.8797218799591064,1
ISIC_0028970,BKL,4,0.879793107509613,BKL,4,0.879793107509613,1
ISIC_0032815,NV,1,0.8798834085464478,NV,1,0.8798834085464478,1
ISIC_0031542,BKL,4,0.8799275755882263,BKL,4,0.8799275755882263,1
ISIC_0030102,NV,1,0.8799575567245483,NV,1,0.8799575567245483,1
ISIC_0027667,NV,1,0.8799582123756409,NV,1,0.8799582123756409,1
ISIC_0030057,NV,1,0.87997967004776,NV,1,0.87997967004776,1
ISIC_0029384,BKL,4,0.8800779581069946,BKL,4,0.8800779581069946,1
ISIC_0029860,AKIEC,3,0.8801027536392212,AKIEC,3,0.8801027536392212,1
ISIC_0032900,NV,1,0.8801143765449524,NV,1,0.8801143765449524,1
ISIC_0026551,NV,1,0.8801277875900269,NV,1,0.8801277875900269,1
ISIC_0031126,NV,1,0.8801284432411194,NV,1,0.8801284432411194,1
ISIC_0025691,BCC,2,0.8801627159118652,BCC,2,0.8801627159118652,1
ISIC_0026030,NV,1,0.8802242875099182,NV,1,0.8802242875099182,1
ISIC_0028135,NV,1,0.880298912525177,NV,1,0.880298912525177,1
ISIC_0029276,NV,1,0.8804067373275757,NV,1,0.8804067373275757,1
ISIC_0032767,NV,1,0.8804655075073242,NV,1,0.8804655075073242,1
ISIC_0028472,NV,1,0.8806053400039673,NV,1,0.8806053400039673,1
ISIC_0025879,BKL,4,0.8807351589202881,BKL,4,0.8807351589202881,1
ISIC_0029684,NV,1,0.8809203505516052,NV,1,0.8809203505516052,1
ISIC_0024789,NV,1,0.880986213684082,NV,1,0.880986213684082,1
ISIC_0027374,BKL,4,0.8810356259346008,BKL,4,0.8810356259346008,1
ISIC_0024652,MEL,0,0.8810853958129883,MEL,0,0.8810853958129883,1
ISIC_0030845,NV,1,0.881096601486206,NV,1,0.881096601486206,1
ISIC_0025781,BKL,4,0.8813523650169373,BKL,4,0.8813523650169373,1
ISIC_0024396,DF,5,0.881436288356781,DF,5,0.881436288356781,1
ISIC_0033465,BKL,4,0.8814387917518616,BKL,4,0.8814387917518616,1
ISIC_0025611,MEL,0,0.8816207051277161,MEL,0,0.8816207051277161,1
ISIC_0029896,NV,1,0.88175368309021,NV,1,0.88175368309021,1
ISIC_0028662,BKL,4,0.8817674517631531,BKL,4,0.8817674517631531,1
ISIC_0028130,NV,1,0.8817943930625916,NV,1,0.8817943930625916,1
ISIC_0024730,NV,1,0.8818337917327881,NV,1,0.8818337917327881,1
ISIC_0027722,BCC,2,0.8819709420204163,BCC,2,0.8819709420204163,1
ISIC_0027742,MEL,0,0.8819823265075684,MEL,0,0.8819823265075684,1
ISIC_0030343,NV,1,0.8821347951889038,NV,1,0.8821347951889038,1
ISIC_0030337,NV,1,0.882191002368927,NV,1,0.882191002368927,1
ISIC_0031681,NV,1,0.8821920156478882,NV,1,0.8821920156478882,1
ISIC_0027471,NV,1,0.8822264671325684,NV,1,0.8822264671325684,1
ISIC_0025830,BKL,4,0.8822344541549683,BKL,4,0.8822344541549683,1
ISIC_0030809,NV,1,0.8822500109672546,NV,1,0.8822500109672546,1
ISIC_0027159,VASC,6,0.882256269454956,VASC,6,0.882256269454956,1
ISIC_0033101,NV,1,0.8822752833366394,NV,1,0.8822752833366394,1
ISIC_0031649,NV,1,0.8822770118713379,NV,1,0.8822770118713379,1
ISIC_0028374,NV,1,0.8824064135551453,NV,1,0.8824064135551453,1
ISIC_0028967,NV,1,0.8825936913490295,NV,1,0.8825936913490295,1
ISIC_0025127,MEL,0,0.882858395576477,MEL,0,0.882858395576477,1
ISIC_0024947,BKL,4,0.8828675150871277,BKL,4,0.8828675150871277,1
ISIC_0033455,NV,1,0.882908046245575,NV,1,0.882908046245575,1
ISIC_0025534,NV,1,0.8829110860824585,NV,1,0.8829110860824585,1
ISIC_0024890,BKL,4,0.8830272555351257,BKL,4,0.8830272555351257,1
ISIC_0033051,MEL,0,0.8830596208572388,MEL,0,0.8830596208572388,1
ISIC_0024922,NV,1,0.8830991983413696,NV,1,0.8830991983413696,1
ISIC_0034211,MEL,0,0.8831452131271362,MEL,0,0.8831452131271362,1
ISIC_0026099,NV,1,0.8832640647888184,NV,1,0.8832640647888184,1
ISIC_0028291,MEL,0,0.8832772970199585,MEL,0,0.8832772970199585,1
ISIC_0030380,NV,1,0.883314311504364,NV,1,0.883314311504364,1
ISIC_0027523,NV,1,0.8833823800086975,NV,1,0.8833823800086975,1
ISIC_0033279,MEL,0,0.8834990859031677,MEL,0,0.8834990859031677,1
ISIC_0032314,BCC,2,0.88357013463974,BCC,2,0.88357013463974,1
ISIC_0026419,NV,1,0.8835738897323608,NV,1,0.8835738897323608,1
ISIC_0032700,NV,1,0.8836404085159302,NV,1,0.8836404085159302,1
ISIC_0029878,BKL,4,0.8836444020271301,BKL,4,0.8836444020271301,1
ISIC_0029279,AKIEC,3,0.8836567401885986,AKIEC,3,0.8836567401885986,1
ISIC_0028243,NV,1,0.8836985230445862,NV,1,0.8836985230445862,1
ISIC_0028599,NV,1,0.8837596774101257,NV,1,0.8837596774101257,1
ISIC_0032512,NV,1,0.8837798833847046,NV,1,0.8837798833847046,1
ISIC_0025984,BKL,4,0.8837993741035461,BKL,4,0.8837993741035461,1
ISIC_0032363,NV,1,0.8838217854499817,NV,1,0.8838217854499817,1
ISIC_0030340,NV,1,0.8838428258895874,NV,1,0.8838428258895874,1
ISIC_0032622,MEL,0,0.8838996291160583,MEL,0,0.8838996291160583,1
ISIC_0029257,NV,1,0.8839567303657532,NV,1,0.8839567303657532,1
ISIC_0030396,BKL,4,0.8840453028678894,BKL,4,0.8840453028678894,1
ISIC_0028704,NV,1,0.8841272592544556,NV,1,0.8841272592544556,1
ISIC_0028897,MEL,0,0.8841415643692017,MEL,0,0.8841415643692017,1
ISIC_0026506,MEL,0,0.8841514587402344,MEL,0,0.8841514587402344,1
ISIC_0025507,BKL,4,0.8841542601585388,BKL,4,0.8841542601585388,1
ISIC_0032312,NV,1,0.8841810822486877,NV,1,0.8841810822486877,1
ISIC_0031093,VASC,6,0.8842039108276367,VASC,6,0.8842039108276367,1
ISIC_0024809,NV,1,0.8842791318893433,NV,1,0.8842791318893433,1
ISIC_0032327,NV,1,0.8844014406204224,NV,1,0.8844014406204224,1
ISIC_0033305,BKL,4,0.8847177624702454,BKL,4,0.8847177624702454,1
ISIC_0027996,BKL,4,0.8847870826721191,BKL,4,0.8847870826721191,1
ISIC_0025606,VASC,6,0.8848912715911865,VASC,6,0.8848912715911865,1
ISIC_0032948,NV,1,0.8848914504051208,NV,1,0.8848914504051208,1
ISIC_0027256,VASC,6,0.8850299715995789,VASC,6,0.8850299715995789,1
ISIC_0026222,NV,1,0.8855342268943787,NV,1,0.8855342268943787,1
ISIC_0027210,VASC,6,0.8855372071266174,VASC,6,0.8855372071266174,1
ISIC_0029409,NV,1,0.8857302069664001,NV,1,0.8857302069664001,1
ISIC_0028265,NV,1,0.8859025835990906,NV,1,0.8859025835990906,1
ISIC_0027684,NV,1,0.8860510587692261,NV,1,0.8860510587692261,1
ISIC_0033168,NV,1,0.8861081600189209,NV,1,0.8861081600189209,1
ISIC_0026211,NV,1,0.886185884475708,NV,1,0.886185884475708,1
ISIC_0032947,AKIEC,3,0.8862540125846863,AKIEC,3,0.8862540125846863,1
ISIC_0028354,BKL,4,0.8862671256065369,BKL,4,0.8862671256065369,1
ISIC_0026126,NV,1,0.8862720131874084,NV,1,0.8862720131874084,1
ISIC_0031635,NV,1,0.8862946033477783,NV,1,0.8862946033477783,1
ISIC_0029179,NV,1,0.886347234249115,NV,1,0.886347234249115,1
ISIC_0030093,NV,1,0.8863773345947266,NV,1,0.8863773345947266,1
ISIC_0027548,NV,1,0.8864031434059143,NV,1,0.8864031434059143,1
ISIC_0030548,NV,1,0.8864728212356567,NV,1,0.8864728212356567,1
ISIC_0032148,NV,1,0.8866578936576843,NV,1,0.8866578936576843,1
ISIC_0031359,NV,1,0.8867389559745789,NV,1,0.8867389559745789,1
ISIC_0028503,BKL,4,0.8867483139038086,BKL,4,0.8867483139038086,1
ISIC_0031926,NV,1,0.8868276476860046,NV,1,0.8868276476860046,1
ISIC_0030378,NV,1,0.886829674243927,NV,1,0.886829674243927,1
ISIC_0024870,NV,1,0.886898398399353,NV,1,0.886898398399353,1
ISIC_0029340,BKL,4,0.8869053721427917,BKL,4,0.8869053721427917,1
ISIC_0027431,NV,1,0.887061595916748,NV,1,0.887061595916748,1
ISIC_0024791,NV,1,0.887165904045105,NV,1,0.887165904045105,1
ISIC_0029728,NV,1,0.8872093558311462,NV,1,0.8872093558311462,1
ISIC_0034074,MEL,0,0.8872266411781311,MEL,0,0.8872266411781311,1
ISIC_0028655,MEL,0,0.8873313665390015,MEL,0,0.8873313665390015,1
ISIC_0033399,MEL,0,0.8874005675315857,MEL,0,0.8874005675315857,1
ISIC_0024386,DF,5,0.8874508738517761,DF,5,0.8874508738517761,1
ISIC_0031159,BKL,4,0.8874768018722534,BKL,4,0.8874768018722534,1
ISIC_0029840,AKIEC,3,0.887611985206604,AKIEC,3,0.887611985206604,1
ISIC_0024679,MEL,0,0.8876166939735413,MEL,0,0.8876166939735413,1
ISIC_0033313,NV,1,0.8877972364425659,NV,1,0.8877972364425659,1
ISIC_0024608,NV,1,0.8880325555801392,NV,1,0.8880325555801392,1
ISIC_0026028,NV,1,0.8880932927131653,NV,1,0.8880932927131653,1
ISIC_0027097,NV,1,0.88814777135849,NV,1,0.88814777135849,1
ISIC_0029877,VASC,6,0.8881872296333313,VASC,6,0.8881872296333313,1
ISIC_0024452,BCC,2,0.8881990313529968,BCC,2,0.8881990313529968,1
ISIC_0032697,NV,1,0.8882244229316711,NV,1,0.8882244229316711,1
ISIC_0027960,BKL,4,0.8883731961250305,BKL,4,0.8883731961250305,1
ISIC_0024682,NV,1,0.8884142637252808,NV,1,0.8884142637252808,1
ISIC_0031883,NV,1,0.8884317278862,NV,1,0.8884317278862,1
ISIC_0034172,MEL,0,0.888502299785614,MEL,0,0.888502299785614,1
ISIC_0033097,NV,1,0.8885279893875122,NV,1,0.8885279893875122,1
ISIC_0027545,BCC,2,0.8886241912841797,BCC,2,0.8886241912841797,1
ISIC_0024923,AKIEC,3,0.8886480331420898,AKIEC,3,0.8886480331420898,1
ISIC_0033463,NV,1,0.8886597752571106,NV,1,0.8886597752571106,1
ISIC_0033925,MEL,0,0.8887351751327515,MEL,0,0.8887351751327515,1
ISIC_0033105,NV,1,0.8887432813644409,NV,1,0.8887432813644409,1
ISIC_0033060,BKL,4,0.8888450860977173,BKL,4,0.8888450860977173,1
ISIC_0024425,NV,1,0.8888576030731201,NV,1,0.8888576030731201,1
ISIC_0028938,NV,1,0.8888823986053467,NV,1,0.8888823986053467,1
ISIC_0033847,DF,5,0.8888861536979675,DF,5,0.8888861536979675,1
ISIC_0033363,NV,1,0.8889091610908508,NV,1,0.8889091610908508,1
ISIC_0027544,BCC,2,0.8889331817626953,BCC,2,0.8889331817626953,1
ISIC_0032620,NV,1,0.8889921307563782,NV,1,0.8889921307563782,1
ISIC_0027911,NV,1,0.8890109658241272,NV,1,0.8890109658241272,1
ISIC_0024793,NV,1,0.8890347480773926,NV,1,0.8890347480773926,1
ISIC_0032934,NV,1,0.8891586661338806,NV,1,0.8891586661338806,1
ISIC_0029430,NV,1,0.8891961574554443,NV,1,0.8891961574554443,1
ISIC_0025612,VASC,6,0.8893078565597534,VASC,6,0.8893078565597534,1
ISIC_0024926,NV,1,0.889355480670929,NV,1,0.889355480670929,1
ISIC_0024823,MEL,0,0.8893605470657349,MEL,0,0.8893605470657349,1
ISIC_0027945,NV,1,0.8893925547599792,NV,1,0.8893925547599792,1
ISIC_0025812,NV,1,0.8894588351249695,NV,1,0.8894588351249695,1
ISIC_0026085,BKL,4,0.8894795775413513,BKL,4,0.8894795775413513,1
ISIC_0031314,NV,1,0.889491856098175,NV,1,0.889491856098175,1
ISIC_0034277,NV,1,0.8895260691642761,NV,1,0.8895260691642761,1
ISIC_0029038,NV,1,0.8895912766456604,NV,1,0.8895912766456604,1
ISIC_0033976,NV,1,0.8895919322967529,NV,1,0.8895919322967529,1
ISIC_0025707,VASC,6,0.8896391987800598,VASC,6,0.8896391987800598,1
ISIC_0031669,NV,1,0.8896484971046448,NV,1,0.8896484971046448,1
ISIC_0028581,NV,1,0.8897523880004883,NV,1,0.8897523880004883,1
ISIC_0029382,NV,1,0.8897759318351746,NV,1,0.8897759318351746,1
ISIC_0030506,NV,1,0.8899096846580505,NV,1,0.8899096846580505,1
ISIC_0032017,MEL,0,0.8900689482688904,MEL,0,0.8900689482688904,1
ISIC_0027207,NV,1,0.890198826789856,NV,1,0.890198826789856,1
ISIC_0031302,NV,1,0.8902745246887207,NV,1,0.8902745246887207,1
ISIC_0030635,NV,1,0.8903023600578308,NV,1,0.8903023600578308,1
ISIC_0024956,NV,1,0.8903751373291016,NV,1,0.8903751373291016,1
ISIC_0031764,NV,1,0.8904285430908203,NV,1,0.8904285430908203,1
ISIC_0028364,NV,1,0.8904309868812561,NV,1,0.8904309868812561,1
ISIC_0031042,NV,1,0.8904356360435486,NV,1,0.8904356360435486,1
ISIC_0025510,BKL,4,0.8904516100883484,BKL,4,0.8904516100883484,1
ISIC_0033625,NV,1,0.8905142545700073,NV,1,0.8905142545700073,1
ISIC_0033729,NV,1,0.8906393647193909,NV,1,0.8906393647193909,1
ISIC_0028015,NV,1,0.8907333612442017,NV,1,0.8907333612442017,1
ISIC_0032291,NV,1,0.8907753825187683,NV,1,0.8907753825187683,1
ISIC_0028872,AKIEC,3,0.8908179998397827,AKIEC,3,0.8908179998397827,1
ISIC_0031742,NV,1,0.890895426273346,NV,1,0.890895426273346,1
ISIC_0028773,MEL,0,0.8909696936607361,MEL,0,0.8909696936607361,1
ISIC_0032805,NV,1,0.8909799456596375,NV,1,0.8909799456596375,1
ISIC_0027232,NV,1,0.890981912612915,NV,1,0.890981912612915,1
ISIC_0025926,NV,1,0.891139566898346,NV,1,0.891139566898346,1
ISIC_0029404,VASC,6,0.8911426067352295,VASC,6,0.8911426067352295,1
ISIC_0033317,MEL,0,0.8912861347198486,MEL,0,0.8912861347198486,1
ISIC_0029094,MEL,0,0.8913415670394897,MEL,0,0.8913415670394897,1
ISIC_0026372,NV,1,0.8914108276367188,NV,1,0.8914108276367188,1
ISIC_0025662,NV,1,0.8915829658508301,NV,1,0.8915829658508301,1
ISIC_0033934,NV,1,0.8916028738021851,NV,1,0.8916028738021851,1
ISIC_0028909,NV,1,0.8916517496109009,NV,1,0.8916517496109009,1
ISIC_0034310,NV,1,0.8916857838630676,NV,1,0.8916857838630676,1
ISIC_0026805,NV,1,0.8916933536529541,NV,1,0.8916933536529541,1
ISIC_0026218,NV,1,0.8917134404182434,NV,1,0.8917134404182434,1
ISIC_0025118,NV,1,0.8917545080184937,NV,1,0.8917545080184937,1
ISIC_0029994,NV,1,0.8918941617012024,NV,1,0.8918941617012024,1
ISIC_0030828,MEL,0,0.8920139670372009,MEL,0,0.8920139670372009,1
ISIC_0026537,NV,1,0.8921151757240295,NV,1,0.8921151757240295,1
ISIC_0033846,NV,1,0.8921562433242798,NV,1,0.8921562433242798,1
ISIC_0033481,NV,1,0.8921629786491394,NV,1,0.8921629786491394,1
ISIC_0030543,NV,1,0.8922168016433716,NV,1,0.8922168016433716,1
ISIC_0033413,AKIEC,3,0.8922227025032043,AKIEC,3,0.8922227025032043,1
ISIC_0027010,NV,1,0.8922418355941772,NV,1,0.8922418355941772,1
ISIC_0032901,NV,1,0.8923120498657227,NV,1,0.8923120498657227,1
ISIC_0033692,NV,1,0.8923957943916321,NV,1,0.8923957943916321,1
ISIC_0033343,NV,1,0.8924623727798462,NV,1,0.8924623727798462,1
ISIC_0026109,NV,1,0.8926810026168823,NV,1,0.8926810026168823,1
ISIC_0033882,NV,1,0.8927336931228638,NV,1,0.8927336931228638,1
ISIC_0031711,MEL,0,0.8927541375160217,MEL,0,0.8927541375160217,1
ISIC_0031035,NV,1,0.8928183913230896,NV,1,0.8928183913230896,1
ISIC_0030873,NV,1,0.892829954624176,NV,1,0.892829954624176,1
ISIC_0033774,NV,1,0.8928678035736084,NV,1,0.8928678035736084,1
ISIC_0032669,NV,1,0.8928744196891785,NV,1,0.8928744196891785,1
ISIC_0031859,NV,1,0.8928849697113037,NV,1,0.8928849697113037,1
ISIC_0029755,BCC,2,0.8928966522216797,BCC,2,0.8928966522216797,1
ISIC_0030118,BKL,4,0.8930329084396362,BKL,4,0.8930329084396362,1
ISIC_0033115,NV,1,0.8931412100791931,NV,1,0.8931412100791931,1
ISIC_0024519,NV,1,0.8932675719261169,NV,1,0.8932675719261169,1
ISIC_0027004,BCC,2,0.8933928608894348,BCC,2,0.8933928608894348,1
ISIC_0027907,NV,1,0.893422544002533,NV,1,0.893422544002533,1
ISIC_0033219,NV,1,0.89348965883255,NV,1,0.89348965883255,1
ISIC_0033385,NV,1,0.8935209512710571,NV,1,0.8935209512710571,1
ISIC_0024945,NV,1,0.893775999546051,NV,1,0.893775999546051,1
ISIC_0033335,NV,1,0.8938632607460022,NV,1,0.8938632607460022,1
ISIC_0031591,BKL,4,0.8938731551170349,BKL,4,0.8938731551170349,1
ISIC_0032723,MEL,0,0.8939152359962463,MEL,0,0.8939152359962463,1
ISIC_0026836,NV,1,0.8939788937568665,NV,1,0.8939788937568665,1
ISIC_0028194,NV,1,0.8939849138259888,NV,1,0.8939849138259888,1
ISIC_0033844,VASC,6,0.8941066861152649,VASC,6,0.8941066861152649,1
ISIC_0024726,BKL,4,0.8942781686782837,BKL,4,0.8942781686782837,1
ISIC_0033895,NV,1,0.8943305015563965,NV,1,0.8943305015563965,1
ISIC_0028359,NV,1,0.8943681716918945,NV,1,0.8943681716918945,1
ISIC_0031131,NV,1,0.8943991661071777,NV,1,0.8943991661071777,1
ISIC_0033122,MEL,0,0.8944228887557983,MEL,0,0.8944228887557983,1
ISIC_0026323,NV,1,0.8948488235473633,NV,1,0.8948488235473633,1
ISIC_0032320,NV,1,0.8948586583137512,NV,1,0.8948586583137512,1
ISIC_0025193,NV,1,0.8949018716812134,NV,1,0.8949018716812134,1
ISIC_0030763,NV,1,0.8949365615844727,NV,1,0.8949365615844727,1
ISIC_0030537,NV,1,0.8949432373046875,NV,1,0.8949432373046875,1
ISIC_0032469,NV,1,0.8949917554855347,NV,1,0.8949917554855347,1
ISIC_0024786,BKL,4,0.8950278162956238,BKL,4,0.8950278162956238,1
ISIC_0028025,NV,1,0.8950292468070984,NV,1,0.8950292468070984,1
ISIC_0028836,NV,1,0.8951656222343445,NV,1,0.8951656222343445,1
ISIC_0029208,NV,1,0.8952023983001709,NV,1,0.8952023983001709,1
ISIC_0031636,NV,1,0.8952071070671082,NV,1,0.8952071070671082,1
ISIC_0030296,NV,1,0.8952305316925049,NV,1,0.8952305316925049,1
ISIC_0034069,NV,1,0.8952586054801941,NV,1,0.8952586054801941,1
ISIC_0029723,NV,1,0.8952773213386536,NV,1,0.8952773213386536,1
ISIC_0026053,NV,1,0.8952885866165161,NV,1,0.8952885866165161,1
ISIC_0033172,NV,1,0.8953598141670227,NV,1,0.8953598141670227,1
ISIC_0029965,NV,1,0.8953842520713806,NV,1,0.8953842520713806,1
ISIC_0028299,NV,1,0.895439624786377,NV,1,0.895439624786377,1
ISIC_0026603,NV,1,0.8954533338546753,NV,1,0.8954533338546753,1
ISIC_0031971,BCC,2,0.8954570889472961,BCC,2,0.8954570889472961,1
ISIC_0025284,NV,1,0.8955177664756775,NV,1,0.8955177664756775,1
ISIC_0031662,NV,1,0.8956089019775391,NV,1,0.8956089019775391,1
ISIC_0033131,NV,1,0.8956195116043091,NV,1,0.8956195116043091,1
ISIC_0033679,MEL,0,0.8956586122512817,MEL,0,0.8956586122512817,1
ISIC_0026455,NV,1,0.8957708477973938,NV,1,0.8957708477973938,1
ISIC_0029479,NV,1,0.8959398865699768,NV,1,0.8959398865699768,1
ISIC_0025447,NV,1,0.8960335850715637,NV,1,0.8960335850715637,1
ISIC_0025675,NV,1,0.8960633277893066,NV,1,0.8960633277893066,1
ISIC_0025300,NV,1,0.8960666656494141,NV,1,0.8960666656494141,1
ISIC_0030268,NV,1,0.8960860371589661,NV,1,0.8960860371589661,1
ISIC_0030986,AKIEC,3,0.8961464166641235,AKIEC,3,0.8961464166641235,1
ISIC_0033571,BCC,2,0.8961545825004578,BCC,2,0.8961545825004578,1
ISIC_0032818,NV,1,0.8962070345878601,NV,1,0.8962070345878601,1
ISIC_0030874,NV,1,0.8962105512619019,NV,1,0.8962105512619019,1
ISIC_0030133,AKIEC,3,0.8963303565979004,AKIEC,3,0.8963303565979004,1
ISIC_0031972,MEL,0,0.8963592052459717,MEL,0,0.8963592052459717,1
ISIC_0030810,NV,1,0.8963768482208252,NV,1,0.8963768482208252,1
ISIC_0025014,NV,1,0.896431028842926,NV,1,0.896431028842926,1
ISIC_0026666,NV,1,0.8965047001838684,NV,1,0.8965047001838684,1
ISIC_0031474,NV,1,0.8965322971343994,NV,1,0.8965322971343994,1
ISIC_0028062,NV,1,0.8965456485748291,NV,1,0.8965456485748291,1
ISIC_0032617,MEL,0,0.8965969681739807,MEL,0,0.8965969681739807,1
ISIC_0027351,NV,1,0.896607518196106,NV,1,0.896607518196106,1
ISIC_0032058,NV,1,0.8967282772064209,NV,1,0.8967282772064209,1
ISIC_0027487,MEL,0,0.8967520594596863,MEL,0,0.8967520594596863,1
ISIC_0031062,BCC,2,0.8967543840408325,BCC,2,0.8967543840408325,1
ISIC_0034123,BCC,2,0.8967693448066711,BCC,2,0.8967693448066711,1
ISIC_0030096,BCC,2,0.8967810869216919,BCC,2,0.8967810869216919,1
ISIC_0024897,BCC,2,0.8968053460121155,BCC,2,0.8968053460121155,1
ISIC_0028017,MEL,0,0.8968368172645569,MEL,0,0.8968368172645569,1
ISIC_0032378,NV,1,0.8968420624732971,NV,1,0.8968420624732971,1
ISIC_0033108,NV,1,0.8968467712402344,NV,1,0.8968467712402344,1
ISIC_0033388,NV,1,0.8968533277511597,NV,1,0.8968533277511597,1
ISIC_0024665,BCC,2,0.8969491124153137,BCC,2,0.8969491124153137,1
ISIC_0026038,NV,1,0.8970156908035278,NV,1,0.8970156908035278,1
ISIC_0033738,NV,1,0.8970346450805664,NV,1,0.8970346450805664,1
ISIC_0029900,AKIEC,3,0.8970492482185364,AKIEC,3,0.8970492482185364,1
ISIC_0033550,AKIEC,3,0.8971244692802429,AKIEC,3,0.8971244692802429,1
ISIC_0026824,NV,1,0.8972783088684082,NV,1,0.8972783088684082,1
ISIC_0032765,NV,1,0.8973543047904968,NV,1,0.8973543047904968,1
ISIC_0031226,BKL,4,0.8973654508590698,BKL,4,0.8973654508590698,1
ISIC_0031599,NV,1,0.897369384765625,NV,1,0.897369384765625,1
ISIC_0027479,NV,1,0.8973835110664368,NV,1,0.8973835110664368,1
ISIC_0024916,NV,1,0.8973931670188904,NV,1,0.8973931670188904,1
ISIC_0025477,NV,1,0.8975033760070801,NV,1,0.8975033760070801,1
ISIC_0030802,NV,1,0.8975443840026855,NV,1,0.8975443840026855,1
ISIC_0030177,BCC,2,0.8976155519485474,BCC,2,0.8976155519485474,1
ISIC_0033412,NV,1,0.8976894617080688,NV,1,0.8976894617080688,1
ISIC_0029440,NV,1,0.8976967334747314,NV,1,0.8976967334747314,1
ISIC_0034241,NV,1,0.8977655172348022,NV,1,0.8977655172348022,1
ISIC_0033862,NV,1,0.8977957963943481,NV,1,0.8977957963943481,1
ISIC_0025679,NV,1,0.8978320360183716,NV,1,0.8978320360183716,1
ISIC_0028636,NV,1,0.89788419008255,NV,1,0.89788419008255,1
ISIC_0027281,BCC,2,0.8980817198753357,BCC,2,0.8980817198753357,1
ISIC_0031450,BCC,2,0.8981050848960876,BCC,2,0.8981050848960876,1
ISIC_0026315,NV,1,0.8981227874755859,NV,1,0.8981227874755859,1
ISIC_0034114,NV,1,0.8982142806053162,NV,1,0.8982142806053162,1
ISIC_0026963,MEL,0,0.8983193039894104,MEL,0,0.8983193039894104,1
ISIC_0029040,BKL,4,0.8983439207077026,BKL,4,0.8983439207077026,1
ISIC_0029118,NV,1,0.8983879089355469,NV,1,0.8983879089355469,1
ISIC_0032737,NV,1,0.8984313011169434,NV,1,0.8984313011169434,1
ISIC_0033589,NV,1,0.8984350562095642,NV,1,0.8984350562095642,1
ISIC_0030755,BCC,2,0.8984580636024475,BCC,2,0.8984580636024475,1
ISIC_0033084,AKIEC,3,0.8985277414321899,AKIEC,3,0.8985277414321899,1
ISIC_0030535,NV,1,0.8985425233840942,NV,1,0.8985425233840942,1
ISIC_0024860,NV,1,0.8986068367958069,NV,1,0.8986068367958069,1
ISIC_0025807,VASC,6,0.8987001180648804,VASC,6,0.8987001180648804,1
ISIC_0027629,BCC,2,0.8987258076667786,BCC,2,0.8987258076667786,1
ISIC_0034313,MEL,0,0.8987533450126648,MEL,0,0.8987533450126648,1
ISIC_0030856,NV,1,0.898757815361023,NV,1,0.898757815361023,1
ISIC_0029474,BKL,4,0.8988443613052368,BKL,4,0.8988443613052368,1
ISIC_0034201,BKL,4,0.898855447769165,BKL,4,0.898855447769165,1
ISIC_0026712,NV,1,0.8988966941833496,NV,1,0.8988966941833496,1
ISIC_0033330,NV,1,0.8989171981811523,NV,1,0.8989171981811523,1
ISIC_0031171,BCC,2,0.8989452123641968,BCC,2,0.8989452123641968,1
ISIC_0025254,NV,1,0.8990583419799805,NV,1,0.8990583419799805,1
ISIC_0033825,NV,1,0.8990705609321594,NV,1,0.8990705609321594,1
ISIC_0033962,MEL,0,0.8990840315818787,MEL,0,0.8990840315818787,1
ISIC_0026766,BCC,2,0.8990991115570068,BCC,2,0.8990991115570068,1
ISIC_0029406,BKL,4,0.8991296291351318,BKL,4,0.8991296291351318,1
ISIC_0025594,DF,5,0.8991978764533997,DF,5,0.8991978764533997,1
ISIC_0033680,NV,1,0.8992759585380554,NV,1,0.8992759585380554,1
ISIC_0032133,NV,1,0.8994041681289673,NV,1,0.8994041681289673,1
ISIC_0029269,NV,1,0.8994099497795105,NV,1,0.8994099497795105,1
ISIC_0032978,BKL,4,0.8994116187095642,BKL,4,0.8994116187095642,1
ISIC_0025677,VASC,6,0.8994244337081909,VASC,6,0.8994244337081909,1
ISIC_0028680,VASC,6,0.8994523882865906,VASC,6,0.8994523882865906,1
ISIC_0025819,BKL,4,0.8995003700256348,BKL,4,0.8995003700256348,1
ISIC_0027291,BCC,2,0.8995158672332764,BCC,2,0.8995158672332764,1
ISIC_0027299,NV,1,0.8995864987373352,NV,1,0.8995864987373352,1
ISIC_0033848,MEL,0,0.8995960354804993,MEL,0,0.8995960354804993,1
ISIC_0024711,BKL,4,0.8996002674102783,BKL,4,0.8996002674102783,1
ISIC_0029323,BCC,2,0.899668276309967,BCC,2,0.899668276309967,1
ISIC_0025832,MEL,0,0.8996813297271729,MEL,0,0.8996813297271729,1
ISIC_0034061,MEL,0,0.8997195363044739,MEL,0,0.8997195363044739,1
ISIC_0025824,BCC,2,0.8997266888618469,BCC,2,0.8997266888618469,1
ISIC_0027389,NV,1,0.8997485041618347,NV,1,0.8997485041618347,1
ISIC_0025873,VASC,6,0.8997832536697388,VASC,6,0.8997832536697388,1
ISIC_0030349,BCC,2,0.8998976945877075,BCC,2,0.8998976945877075,1
ISIC_0030050,NV,1,0.8999013900756836,NV,1,0.8999013900756836,1
ISIC_0026131,MEL,0,0.8999453186988831,MEL,0,0.8999453186988831,1
ISIC_0031959,NV,1,0.9000031352043152,NV,1,0.9000031352043152,1
ISIC_0033889,NV,1,0.9000920653343201,NV,1,0.9000920653343201,1
ISIC_0027072,NV,1,0.90025395154953,NV,1,0.90025395154953,1
ISIC_0025942,NV,1,0.9002599716186523,NV,1,0.9002599716186523,1
ISIC_0025827,NV,1,0.9002609252929688,NV,1,0.9002609252929688,1
ISIC_0029025,AKIEC,3,0.9002699255943298,AKIEC,3,0.9002699255943298,1
ISIC_0027327,MEL,0,0.9003170728683472,MEL,0,0.9003170728683472,1
ISIC_0034219,NV,1,0.9004310369491577,NV,1,0.9004310369491577,1
ISIC_0024321,NV,1,0.9004912376403809,NV,1,0.9004912376403809,1
ISIC_0033136,NV,1,0.9006553888320923,NV,1,0.9006553888320923,1
ISIC_0027403,NV,1,0.900785505771637,NV,1,0.900785505771637,1
ISIC_0028120,BKL,4,0.9008588790893555,BKL,4,0.9008588790893555,1
ISIC_0030144,NV,1,0.900886595249176,NV,1,0.900886595249176,1
ISIC_0031023,MEL,0,0.9009634256362915,MEL,0,0.9009634256362915,1
ISIC_0024382,BKL,4,0.9010503888130188,BKL,4,0.9010503888130188,1
ISIC_0024662,VASC,6,0.9011898636817932,VASC,6,0.9011898636817932,1
ISIC_0027429,NV,1,0.9012320041656494,NV,1,0.9012320041656494,1
ISIC_0024689,NV,1,0.9012333750724792,NV,1,0.9012333750724792,1
ISIC_0026209,NV,1,0.9012791514396667,NV,1,0.9012791514396667,1
ISIC_0025417,BCC,2,0.9013099670410156,BCC,2,0.9013099670410156,1
ISIC_0027102,MEL,0,0.9013158679008484,MEL,0,0.9013158679008484,1
ISIC_0033659,BKL,4,0.9014003872871399,BKL,4,0.9014003872871399,1
ISIC_0034136,NV,1,0.9014776349067688,NV,1,0.9014776349067688,1
ISIC_0032348,BKL,4,0.9015170335769653,BKL,4,0.9015170335769653,1
ISIC_0032490,NV,1,0.9015324711799622,NV,1,0.9015324711799622,1
ISIC_0028679,NV,1,0.9015371799468994,NV,1,0.9015371799468994,1
ISIC_0028175,NV,1,0.9015450477600098,NV,1,0.9015450477600098,1
ISIC_0027269,VASC,6,0.901574432849884,VASC,6,0.901574432849884,1
ISIC_0032551,NV,1,0.9016650915145874,NV,1,0.9016650915145874,1
ISIC_0032816,BCC,2,0.9017230868339539,BCC,2,0.9017230868339539,1
ISIC_0032437,AKIEC,3,0.9017903208732605,AKIEC,3,0.9017903208732605,1
ISIC_0032199,AKIEC,3,0.9018557071685791,AKIEC,3,0.9018557071685791,1
ISIC_0033911,MEL,0,0.9019797444343567,MEL,0,0.9019797444343567,1
ISIC_0034295,NV,1,0.9019860029220581,NV,1,0.9019860029220581,1
ISIC_0033972,NV,1,0.9021150469779968,NV,1,0.9021150469779968,1
ISIC_0032780,NV,1,0.9022331237792969,NV,1,0.9022331237792969,1
ISIC_0033304,MEL,0,0.9022976756095886,MEL,0,0.9022976756095886,1
ISIC_0033656,NV,1,0.9023119211196899,NV,1,0.9023119211196899,1
ISIC_0025305,NV,1,0.902388334274292,NV,1,0.902388334274292,1
ISIC_0024538,NV,1,0.9023945331573486,NV,1,0.9023945331573486,1
ISIC_0027458,NV,1,0.9024356007575989,NV,1,0.9024356007575989,1
ISIC_0026263,BKL,4,0.9024943113327026,BKL,4,0.9024943113327026,1
ISIC_0024869,NV,1,0.9026519060134888,NV,1,0.9026519060134888,1
ISIC_0027654,NV,1,0.9026632308959961,NV,1,0.9026632308959961,1
ISIC_0025078,NV,1,0.9027389883995056,NV,1,0.9027389883995056,1
ISIC_0026136,NV,1,0.9028765559196472,NV,1,0.9028765559196472,1
ISIC_0031931,MEL,0,0.9029665589332581,MEL,0,0.9029665589332581,1
ISIC_0025681,NV,1,0.9030661582946777,NV,1,0.9030661582946777,1
ISIC_0033915,NV,1,0.9032937288284302,NV,1,0.9032937288284302,1
ISIC_0032385,NV,1,0.9033620953559875,NV,1,0.9033620953559875,1
ISIC_0031469,NV,1,0.9033774137496948,NV,1,0.9033774137496948,1
ISIC_0028714,VASC,6,0.9033788442611694,VASC,6,0.9033788442611694,1
ISIC_0032693,NV,1,0.9033938646316528,NV,1,0.9033938646316528,1
ISIC_0029370,MEL,0,0.9034074544906616,MEL,0,0.9034074544906616,1
ISIC_0032952,NV,1,0.9034581184387207,NV,1,0.9034581184387207,1
ISIC_0025261,NV,1,0.9034764170646667,NV,1,0.9034764170646667,1
ISIC_0032657,NV,1,0.9034857749938965,NV,1,0.9034857749938965,1
ISIC_0026668,BCC,2,0.90350341796875,BCC,2,0.90350341796875,1
ISIC_0031592,NV,1,0.9035386443138123,NV,1,0.9035386443138123,1
ISIC_0031440,NV,1,0.903566837310791,NV,1,0.903566837310791,1
ISIC_0033630,MEL,0,0.9036001563072205,MEL,0,0.9036001563072205,1
ISIC_0029876,NV,1,0.903640627861023,NV,1,0.903640627861023,1
ISIC_0033170,NV,1,0.9036473631858826,NV,1,0.9036473631858826,1
ISIC_0029867,NV,1,0.9037145376205444,NV,1,0.9037145376205444,1
ISIC_0033595,MEL,0,0.9037306904792786,MEL,0,0.9037306904792786,1
ISIC_0031491,NV,1,0.9037705063819885,NV,1,0.9037705063819885,1
ISIC_0030022,NV,1,0.9037837386131287,NV,1,0.9037837386131287,1
ISIC_0029984,NV,1,0.9038121700286865,NV,1,0.9038121700286865,1
ISIC_0028476,NV,1,0.9039114117622375,NV,1,0.9039114117622375,1
ISIC_0032664,NV,1,0.9039173722267151,NV,1,0.9039173722267151,1
ISIC_0025476,NV,1,0.9039218425750732,NV,1,0.9039218425750732,1
ISIC_0026496,BCC,2,0.9039390087127686,BCC,2,0.9039390087127686,1
ISIC_0032787,NV,1,0.9040588140487671,NV,1,0.9040588140487671,1
ISIC_0032922,MEL,0,0.9041170477867126,MEL,0,0.9041170477867126,1
ISIC_0029555,BKL,4,0.9041972756385803,BKL,4,0.9041972756385803,1
ISIC_0024599,NV,1,0.9042627811431885,NV,1,0.9042627811431885,1
ISIC_0034070,BKL,4,0.9042948484420776,BKL,4,0.9042948484420776,1
ISIC_0032882,NV,1,0.9043622016906738,NV,1,0.9043622016906738,1
ISIC_0033676,BKL,4,0.9044650197029114,BKL,4,0.9044650197029114,1
ISIC_0025129,NV,1,0.9045267105102539,NV,1,0.9045267105102539,1
ISIC_0032086,NV,1,0.9046114087104797,NV,1,0.9046114087104797,1
ISIC_0028107,BCC,2,0.9046331644058228,BCC,2,0.9046331644058228,1
ISIC_0029953,NV,1,0.9046845436096191,NV,1,0.9046845436096191,1
ISIC_0025328,NV,1,0.9047026038169861,NV,1,0.9047026038169861,1
ISIC_0029143,NV,1,0.904845118522644,NV,1,0.904845118522644,1
ISIC_0030774,NV,1,0.9048774838447571,NV,1,0.9048774838447571,1
ISIC_0030261,BCC,2,0.9048941135406494,BCC,2,0.9048941135406494,1
ISIC_0029203,NV,1,0.9049555659294128,NV,1,0.9049555659294128,1
ISIC_0025799,BKL,4,0.9050000309944153,BKL,4,0.9050000309944153,1
ISIC_0024433,NV,1,0.9050512909889221,NV,1,0.9050512909889221,1
ISIC_0025237,NV,1,0.9050688743591309,NV,1,0.9050688743591309,1
ISIC_0032435,NV,1,0.9051074981689453,NV,1,0.9051074981689453,1
ISIC_0029444,NV,1,0.9051110148429871,NV,1,0.9051110148429871,1
ISIC_0025248,MEL,0,0.9051815271377563,MEL,0,0.9051815271377563,1
ISIC_0033610,NV,1,0.9051908254623413,NV,1,0.9051908254623413,1
ISIC_0025725,NV,1,0.9051920175552368,NV,1,0.9051920175552368,1
ISIC_0027335,BKL,4,0.9051939845085144,BKL,4,0.9051939845085144,1
ISIC_0032364,NV,1,0.9053065180778503,NV,1,0.9053065180778503,1
ISIC_0028791,NV,1,0.905343234539032,NV,1,0.905343234539032,1
ISIC_0033361,BKL,4,0.9054330587387085,BKL,4,0.9054330587387085,1
ISIC_0028719,BCC,2,0.9055293798446655,BCC,2,0.9055293798446655,1
ISIC_0025054,NV,1,0.9055771827697754,NV,1,0.9055771827697754,1
ISIC_0031157,NV,1,0.9057003259658813,NV,1,0.9057003259658813,1
ISIC_0028519,MEL,0,0.9057061672210693,MEL,0,0.9057061672210693,1
ISIC_0028941,AKIEC,3,0.905714213848114,AKIEC,3,0.905714213848114,1
ISIC_0025285,BCC,2,0.9057374596595764,BCC,2,0.9057374596595764,1
ISIC_0028840,BKL,4,0.9057700037956238,BKL,4,0.9057700037956238,1
ISIC_0028338,NV,1,0.9058151245117188,NV,1,0.9058151245117188,1
ISIC_0031942,NV,1,0.9058396816253662,NV,1,0.9058396816253662,1
ISIC_0032760,NV,1,0.9058668613433838,NV,1,0.9058668613433838,1
ISIC_0027067,MEL,0,0.9058821201324463,MEL,0,0.9058821201324463,1
ISIC_0034018,NV,1,0.9059024453163147,NV,1,0.9059024453163147,1
ISIC_0027421,NV,1,0.9059994220733643,NV,1,0.9059994220733643,1
ISIC_0031295,MEL,0,0.9061028957366943,MEL,0,0.9061028957366943,1
ISIC_0031016,BKL,4,0.9061225652694702,BKL,4,0.9061225652694702,1
ISIC_0032793,NV,1,0.9061408638954163,NV,1,0.9061408638954163,1
ISIC_0029515,BCC,2,0.9062609672546387,BCC,2,0.9062609672546387,1
ISIC_0024878,NV,1,0.9064010977745056,NV,1,0.9064010977745056,1
ISIC_0033955,NV,1,0.9064114093780518,NV,1,0.9064114093780518,1
ISIC_0029273,NV,1,0.9064494967460632,NV,1,0.9064494967460632,1
ISIC_0028568,BCC,2,0.9065300226211548,BCC,2,0.9065300226211548,1
ISIC_0026048,NV,1,0.9065303206443787,NV,1,0.9065303206443787,1
ISIC_0026076,NV,1,0.906591534614563,NV,1,0.906591534614563,1
ISIC_0024827,NV,1,0.9066126942634583,NV,1,0.9066126942634583,1
ISIC_0033085,NV,1,0.906637966632843,NV,1,0.906637966632843,1
ISIC_0029847,BCC,2,0.9066573977470398,BCC,2,0.9066573977470398,1
ISIC_0028155,BCC,2,0.906802237033844,BCC,2,0.906802237033844,1
ISIC_0026226,NV,1,0.9068037271499634,NV,1,0.9068037271499634,1
ISIC_0031981,NV,1,0.9068499803543091,NV,1,0.9068499803543091,1
ISIC_0032061,BCC,2,0.9069027900695801,BCC,2,0.9069027900695801,1
ISIC_0027378,NV,1,0.9069163203239441,NV,1,0.9069163203239441,1
ISIC_0031933,NV,1,0.9069508910179138,NV,1,0.9069508910179138,1
ISIC_0029609,NV,1,0.9069749116897583,NV,1,0.9069749116897583,1
ISIC_0030743,NV,1,0.9070191383361816,NV,1,0.9070191383361816,1
ISIC_0028827,NV,1,0.9070373773574829,NV,1,0.9070373773574829,1
ISIC_0031783,BKL,4,0.9070636630058289,BKL,4,0.9070636630058289,1
ISIC_0024638,NV,1,0.9070799946784973,NV,1,0.9070799946784973,1
ISIC_0025667,NV,1,0.9071247577667236,NV,1,0.9071247577667236,1
ISIC_0032972,BKL,4,0.9072278738021851,BKL,4,0.9072278738021851,1
ISIC_0031384,BCC,2,0.9072391390800476,BCC,2,0.9072391390800476,1
ISIC_0026812,NV,1,0.9072456359863281,NV,1,0.9072456359863281,1
ISIC_0031337,NV,1,0.9073143005371094,NV,1,0.9073143005371094,1
ISIC_0028401,NV,1,0.9073277711868286,NV,1,0.9073277711868286,1
ISIC_0026238,NV,1,0.9073511362075806,NV,1,0.9073511362075806,1
ISIC_0027500,NV,1,0.9073582887649536,NV,1,0.9073582887649536,1
ISIC_0032536,BCC,2,0.9073836803436279,BCC,2,0.9073836803436279,1
ISIC_0027870,NV,1,0.9074358344078064,NV,1,0.9074358344078064,1
ISIC_0024853,MEL,0,0.9074698090553284,MEL,0,0.9074698090553284,1
ISIC_0027053,BKL,4,0.9074894189834595,BKL,4,0.9074894189834595,1
ISIC_0027188,DF,5,0.9077137112617493,DF,5,0.9077137112617493,1
ISIC_0029411,NV,1,0.9077454209327698,NV,1,0.9077454209327698,1
ISIC_0033576,BKL,4,0.907805323600769,BKL,4,0.907805323600769,1
ISIC_0025973,BKL,4,0.9078502655029297,BKL,4,0.9078502655029297,1
ISIC_0028752,NV,1,0.9080382585525513,NV,1,0.9080382585525513,1
ISIC_0026207,MEL,0,0.9081432223320007,MEL,0,0.9081432223320007,1
ISIC_0025080,NV,1,0.9081448912620544,NV,1,0.9081448912620544,1
ISIC_0030043,NV,1,0.9082170724868774,NV,1,0.9082170724868774,1
ISIC_0032444,NV,1,0.9083088040351868,NV,1,0.9083088040351868,1
ISIC_0033909,NV,1,0.9083328247070312,NV,1,0.9083328247070312,1
ISIC_0033821,NV,1,0.9084159135818481,NV,1,0.9084159135818481,1
ISIC_0031108,AKIEC,3,0.9084834456443787,AKIEC,3,0.9084834456443787,1
ISIC_0028218,MEL,0,0.9084934592247009,MEL,0,0.9084934592247009,1
ISIC_0032643,BKL,4,0.9084988832473755,BKL,4,0.9084988832473755,1
ISIC_0031511,BKL,4,0.9085404872894287,BKL,4,0.9085404872894287,1
ISIC_0025312,BKL,4,0.9086231589317322,BKL,4,0.9086231589317322,1
ISIC_0028190,AKIEC,3,0.9086790680885315,AKIEC,3,0.9086790680885315,1
ISIC_0033902,MEL,0,0.9086922407150269,MEL,0,0.9086922407150269,1
ISIC_0024985,NV,1,0.9087656736373901,NV,1,0.9087656736373901,1
ISIC_0024955,NV,1,0.9087709188461304,NV,1,0.9087709188461304,1
ISIC_0027371,BCC,2,0.9087972044944763,BCC,2,0.9087972044944763,1
ISIC_0031622,NV,1,0.9088015556335449,NV,1,0.9088015556335449,1
ISIC_0031743,AKIEC,3,0.9088196754455566,AKIEC,3,0.9088196754455566,1
ISIC_0033537,NV,1,0.9088550209999084,NV,1,0.9088550209999084,1
ISIC_0025270,NV,1,0.9089687466621399,NV,1,0.9089687466621399,1
ISIC_0027333,NV,1,0.9089741706848145,NV,1,0.9089741706848145,1
ISIC_0027138,NV,1,0.9090229868888855,NV,1,0.9090229868888855,1
ISIC_0025183,NV,1,0.9091590642929077,NV,1,0.9091590642929077,1
ISIC_0032990,NV,1,0.9091744422912598,NV,1,0.9091744422912598,1
ISIC_0024514,NV,1,0.909201443195343,NV,1,0.909201443195343,1
ISIC_0027113,NV,1,0.9092439413070679,NV,1,0.9092439413070679,1
ISIC_0031775,NV,1,0.9092565178871155,NV,1,0.9092565178871155,1
ISIC_0027098,NV,1,0.9092581868171692,NV,1,0.9092581868171692,1
ISIC_0033331,NV,1,0.9092604517936707,NV,1,0.9092604517936707,1
ISIC_0025122,NV,1,0.9092636108398438,NV,1,0.9092636108398438,1
ISIC_0030766,BCC,2,0.909300684928894,BCC,2,0.909300684928894,1
ISIC_0027983,VASC,6,0.9093359708786011,VASC,6,0.9093359708786011,1
ISIC_0030553,NV,1,0.9093668460845947,NV,1,0.9093668460845947,1
ISIC_0032111,BKL,4,0.9094240069389343,BKL,4,0.9094240069389343,1
ISIC_0030609,NV,1,0.9094549417495728,NV,1,0.9094549417495728,1
ISIC_0032169,NV,1,0.9096284508705139,NV,1,0.9096284508705139,1
ISIC_0029149,NV,1,0.9096682071685791,NV,1,0.9096682071685791,1
ISIC_0030886,NV,1,0.9096870422363281,NV,1,0.9096870422363281,1
ISIC_0025689,NV,1,0.909759521484375,NV,1,0.909759521484375,1
ISIC_0034266,NV,1,0.9097859859466553,NV,1,0.9097859859466553,1
ISIC_0033942,MEL,0,0.9097870588302612,MEL,0,0.9097870588302612,1
ISIC_0024582,BCC,2,0.9098016619682312,BCC,2,0.9098016619682312,1
ISIC_0028883,NV,1,0.909814178943634,NV,1,0.909814178943634,1
ISIC_0032734,NV,1,0.9098345637321472,NV,1,0.9098345637321472,1
ISIC_0026825,NV,1,0.9098779559135437,NV,1,0.9098779559135437,1
ISIC_0031510,NV,1,0.9099089503288269,NV,1,0.9099089503288269,1
ISIC_0024436,BCC,2,0.9099363088607788,BCC,2,0.9099363088607788,1
ISIC_0028671,BCC,2,0.9099888801574707,BCC,2,0.9099888801574707,1
ISIC_0024849,NV,1,0.9100149869918823,NV,1,0.9100149869918823,1
ISIC_0030037,NV,1,0.9100494980812073,NV,1,0.9100494980812073,1
ISIC_0030794,AKIEC,3,0.9100713133811951,AKIEC,3,0.9100713133811951,1
ISIC_0027093,BCC,2,0.9100727438926697,BCC,2,0.9100727438926697,1
ISIC_0033710,MEL,0,0.9101013541221619,MEL,0,0.9101013541221619,1
ISIC_0025571,NV,1,0.9101072549819946,NV,1,0.9101072549819946,1
ISIC_0028212,NV,1,0.9101585149765015,NV,1,0.9101585149765015,1
ISIC_0032471,NV,1,0.9101875424385071,NV,1,0.9101875424385071,1
ISIC_0026891,NV,1,0.9102267622947693,NV,1,0.9102267622947693,1
ISIC_0030744,BKL,4,0.9102398157119751,BKL,4,0.9102398157119751,1
ISIC_0025342,NV,1,0.9102703332901001,NV,1,0.9102703332901001,1
ISIC_0024626,BKL,4,0.9103554487228394,BKL,4,0.9103554487228394,1
ISIC_0033359,NV,1,0.9104310870170593,NV,1,0.9104310870170593,1
ISIC_0030941,NV,1,0.9105181097984314,NV,1,0.9105181097984314,1
ISIC_0030728,NV,1,0.9105347990989685,NV,1,0.9105347990989685,1
ISIC_0026647,MEL,0,0.9105412364006042,MEL,0,0.9105412364006042,1
ISIC_0032335,BKL,4,0.9105492830276489,BKL,4,0.9105492830276489,1
ISIC_0025119,NV,1,0.9105862379074097,NV,1,0.9105862379074097,1
ISIC_0026474,NV,1,0.9106420874595642,NV,1,0.9106420874595642,1
ISIC_0031335,AKIEC,3,0.9106509685516357,AKIEC,3,0.9106509685516357,1
ISIC_0033446,BKL,4,0.910737156867981,BKL,4,0.910737156867981,1
ISIC_0025944,NV,1,0.9107651710510254,NV,1,0.9107651710510254,1
ISIC_0029899,BCC,2,0.9107824563980103,BCC,2,0.9107824563980103,1
ISIC_0030859,NV,1,0.9108238816261292,NV,1,0.9108238816261292,1
ISIC_0024428,NV,1,0.9108564257621765,NV,1,0.9108564257621765,1
ISIC_0032612,NV,1,0.9108734726905823,NV,1,0.9108734726905823,1
ISIC_0029588,BKL,4,0.9109138250350952,BKL,4,0.9109138250350952,1
ISIC_0033518,MEL,0,0.9109598994255066,MEL,0,0.9109598994255066,1
ISIC_0030220,NV,1,0.9109830260276794,NV,1,0.9109830260276794,1
ISIC_0031539,BCC,2,0.9110668301582336,BCC,2,0.9110668301582336,1
ISIC_0031965,NV,1,0.9110941886901855,NV,1,0.9110941886901855,1
ISIC_0029310,NV,1,0.9111278057098389,NV,1,0.9111278057098389,1
ISIC_0033754,MEL,0,0.9111477136611938,MEL,0,0.9111477136611938,1
ISIC_0024446,BKL,4,0.9113547801971436,BKL,4,0.9113547801971436,1
ISIC_0033695,DF,5,0.9113566875457764,DF,5,0.9113566875457764,1
ISIC_0028367,NV,1,0.9113740921020508,NV,1,0.9113740921020508,1
ISIC_0026902,BCC,2,0.9114152789115906,BCC,2,0.9114152789115906,1
ISIC_0033649,NV,1,0.9114198684692383,NV,1,0.9114198684692383,1
ISIC_0033510,NV,1,0.9115332365036011,NV,1,0.9115332365036011,1
ISIC_0028441,NV,1,0.911548376083374,NV,1,0.911548376083374,1
ISIC_0024549,NV,1,0.911616325378418,NV,1,0.911616325378418,1
ISIC_0030219,NV,1,0.9116589426994324,NV,1,0.9116589426994324,1
ISIC_0031482,NV,1,0.9116605520248413,NV,1,0.9116605520248413,1
ISIC_0028573,NV,1,0.9116730093955994,NV,1,0.9116730093955994,1
ISIC_0030977,NV,1,0.9117664694786072,NV,1,0.9117664694786072,1
ISIC_0024570,NV,1,0.911780834197998,NV,1,0.911780834197998,1
ISIC_0030620,NV,1,0.9117939472198486,NV,1,0.9117939472198486,1
ISIC_0026024,NV,1,0.9118556380271912,NV,1,0.9118556380271912,1
ISIC_0034078,NV,1,0.9118660688400269,NV,1,0.9118660688400269,1
ISIC_0029026,NV,1,0.9119548797607422,NV,1,0.9119548797607422,1
ISIC_0031813,NV,1,0.9120219349861145,NV,1,0.9120219349861145,1
ISIC_0033756,NV,1,0.9120314121246338,NV,1,0.9120314121246338,1
ISIC_0029640,NV,1,0.9120355248451233,NV,1,0.9120355248451233,1
ISIC_0032057,VASC,6,0.912056028842926,VASC,6,0.912056028842926,1
ISIC_0028423,NV,1,0.9120594263076782,NV,1,0.9120594263076782,1
ISIC_0027686,NV,1,0.9120854735374451,NV,1,0.9120854735374451,1
ISIC_0024548,NV,1,0.9122134447097778,NV,1,0.9122134447097778,1
ISIC_0027963,NV,1,0.9122238755226135,NV,1,0.9122238755226135,1
ISIC_0024970,BKL,4,0.9124189019203186,BKL,4,0.9124189019203186,1
ISIC_0025041,NV,1,0.9124318957328796,NV,1,0.9124318957328796,1
ISIC_0025202,NV,1,0.9124775528907776,NV,1,0.9124775528907776,1
ISIC_0028675,NV,1,0.912543773651123,NV,1,0.912543773651123,1
ISIC_0032128,BKL,4,0.9125622510910034,BKL,4,0.9125622510910034,1
ISIC_0025115,NV,1,0.9125715494155884,NV,1,0.9125715494155884,1
ISIC_0027533,BKL,4,0.9125921130180359,BKL,4,0.9125921130180359,1
ISIC_0024507,NV,1,0.9126383066177368,NV,1,0.9126383066177368,1
ISIC_0029826,NV,1,0.9127267599105835,NV,1,0.9127267599105835,1
ISIC_0030094,BCC,2,0.9127596616744995,BCC,2,0.9127596616744995,1
ISIC_0027204,MEL,0,0.9127627015113831,MEL,0,0.9127627015113831,1
ISIC_0027551,NV,1,0.912784993648529,NV,1,0.912784993648529,1
ISIC_0031668,NV,1,0.9128513336181641,NV,1,0.9128513336181641,1
ISIC_0026661,BKL,4,0.9128764867782593,BKL,4,0.9128764867782593,1
ISIC_0030242,AKIEC,3,0.913061797618866,AKIEC,3,0.913061797618866,1
ISIC_0029557,BKL,4,0.9131496548652649,BKL,4,0.9131496548652649,1
ISIC_0032808,BCC,2,0.9131587743759155,BCC,2,0.9131587743759155,1
ISIC_0025209,BKL,4,0.9131631255149841,BKL,4,0.9131631255149841,1
ISIC_0033433,NV,1,0.9131758809089661,NV,1,0.9131758809089661,1
ISIC_0034239,MEL,0,0.913179874420166,MEL,0,0.913179874420166,1
ISIC_0024680,NV,1,0.9131975173950195,NV,1,0.9131975173950195,1
ISIC_0030538,NV,1,0.9132315516471863,NV,1,0.9132315516471863,1
ISIC_0028464,NV,1,0.9132622480392456,NV,1,0.9132622480392456,1
ISIC_0031862,NV,1,0.9133320450782776,NV,1,0.9133320450782776,1
ISIC_0027306,MEL,0,0.9133415222167969,MEL,0,0.9133415222167969,1
ISIC_0027170,NV,1,0.9133611917495728,NV,1,0.9133611917495728,1
ISIC_0030456,NV,1,0.9134628772735596,NV,1,0.9134628772735596,1
ISIC_0025249,VASC,6,0.9135631322860718,VASC,6,0.9135631322860718,1
ISIC_0032505,NV,1,0.913568913936615,NV,1,0.913568913936615,1
ISIC_0030128,NV,1,0.9135894179344177,NV,1,0.9135894179344177,1
ISIC_0034320,NV,1,0.9136089086532593,NV,1,0.9136089086532593,1
ISIC_0028398,NV,1,0.9136346578598022,NV,1,0.9136346578598022,1
ISIC_0034088,NV,1,0.9136500954627991,NV,1,0.9136500954627991,1
ISIC_0027248,NV,1,0.9136649966239929,NV,1,0.9136649966239929,1
ISIC_0027326,BKL,4,0.9136807322502136,BKL,4,0.9136807322502136,1
ISIC_0031988,NV,1,0.9137330651283264,NV,1,0.9137330651283264,1
ISIC_0026293,NV,1,0.913749098777771,NV,1,0.913749098777771,1
ISIC_0034076,MEL,0,0.9138045907020569,MEL,0,0.9138045907020569,1
ISIC_0025702,NV,1,0.9138233661651611,NV,1,0.9138233661651611,1
ISIC_0025760,NV,1,0.9138365387916565,NV,1,0.9138365387916565,1
ISIC_0031088,BKL,4,0.9138419032096863,BKL,4,0.9138419032096863,1
ISIC_0025640,NV,1,0.9139150977134705,NV,1,0.9139150977134705,1
ISIC_0033000,AKIEC,3,0.9139975905418396,AKIEC,3,0.9139975905418396,1
ISIC_0028430,NV,1,0.9140084981918335,NV,1,0.9140084981918335,1
ISIC_0027662,NV,1,0.914029061794281,NV,1,0.914029061794281,1
ISIC_0034110,NV,1,0.9140303730964661,NV,1,0.9140303730964661,1
ISIC_0031100,NV,1,0.9140458106994629,NV,1,0.9140458106994629,1
ISIC_0026546,NV,1,0.9141103625297546,NV,1,0.9141103625297546,1
ISIC_0033107,NV,1,0.9141483306884766,NV,1,0.9141483306884766,1
ISIC_0025470,BKL,4,0.9142516255378723,BKL,4,0.9142516255378723,1
ISIC_0026829,BCC,2,0.914253830909729,BCC,2,0.914253830909729,1
ISIC_0028002,NV,1,0.9142588376998901,NV,1,0.9142588376998901,1
ISIC_0028172,NV,1,0.9143528938293457,NV,1,0.9143528938293457,1
ISIC_0025382,NV,1,0.9143784046173096,NV,1,0.9143784046173096,1
ISIC_0029064,NV,1,0.9143806099891663,NV,1,0.9143806099891663,1
ISIC_0033014,NV,1,0.9143991470336914,NV,1,0.9143991470336914,1
ISIC_0032600,NV,1,0.914449155330658,NV,1,0.914449155330658,1
ISIC_0028491,NV,1,0.9145215749740601,NV,1,0.9145215749740601,1
ISIC_0031731,NV,1,0.9145324230194092,NV,1,0.9145324230194092,1
ISIC_0025869,NV,1,0.9145349264144897,NV,1,0.9145349264144897,1
ISIC_0025575,BKL,4,0.9145520329475403,BKL,4,0.9145520329475403,1
ISIC_0032226,NV,1,0.9146634340286255,NV,1,0.9146634340286255,1
ISIC_0032564,MEL,0,0.9146857857704163,MEL,0,0.9146857857704163,1
ISIC_0026694,MEL,0,0.9146992564201355,MEL,0,0.9146992564201355,1
ISIC_0026234,NV,1,0.9147295951843262,NV,1,0.9147295951843262,1
ISIC_0031180,NV,1,0.9147454500198364,NV,1,0.9147454500198364,1
ISIC_0026326,NV,1,0.9147524833679199,NV,1,0.9147524833679199,1
ISIC_0033826,NV,1,0.9148033857345581,NV,1,0.9148033857345581,1
ISIC_0029799,NV,1,0.914879322052002,NV,1,0.914879322052002,1
ISIC_0025276,BKL,4,0.9148809909820557,BKL,4,0.9148809909820557,1
ISIC_0033285,NV,1,0.914940357208252,NV,1,0.914940357208252,1
ISIC_0027290,NV,1,0.9149525761604309,NV,1,0.9149525761604309,1
ISIC_0031638,NV,1,0.9149609208106995,NV,1,0.9149609208106995,1
ISIC_0028094,BKL,4,0.9149682521820068,BKL,4,0.9149682521820068,1
ISIC_0034082,NV,1,0.9149886965751648,NV,1,0.9149886965751648,1
ISIC_0033777,NV,1,0.9150587320327759,NV,1,0.9150587320327759,1
ISIC_0033311,NV,1,0.9151440262794495,NV,1,0.9151440262794495,1
ISIC_0025898,NV,1,0.915198028087616,NV,1,0.915198028087616,1
ISIC_0027066,NV,1,0.9152451753616333,NV,1,0.9152451753616333,1
ISIC_0024993,NV,1,0.9152714014053345,NV,1,0.9152714014053345,1
ISIC_0030909,NV,1,0.9152891635894775,NV,1,0.9152891635894775,1
ISIC_0027772,NV,1,0.9153405427932739,NV,1,0.9153405427932739,1
ISIC_0027816,NV,1,0.9153786897659302,NV,1,0.9153786897659302,1
ISIC_0032562,NV,1,0.9153910875320435,NV,1,0.9153910875320435,1
ISIC_0033646,BKL,4,0.9153916835784912,BKL,4,0.9153916835784912,1
ISIC_0027166,NV,1,0.9154073596000671,NV,1,0.9154073596000671,1
ISIC_0032571,NV,1,0.9154425859451294,NV,1,0.9154425859451294,1
ISIC_0034113,BKL,4,0.9154679775238037,BKL,4,0.9154679775238037,1
ISIC_0027897,NV,1,0.9154874682426453,NV,1,0.9154874682426453,1
ISIC_0028766,NV,1,0.9155423045158386,NV,1,0.9155423045158386,1
ISIC_0030071,NV,1,0.9155582189559937,NV,1,0.9155582189559937,1
ISIC_0033090,NV,1,0.9155945777893066,NV,1,0.9155945777893066,1
ISIC_0030970,MEL,0,0.915618896484375,MEL,0,0.915618896484375,1
ISIC_0029020,BCC,2,0.9156886339187622,BCC,2,0.9156886339187622,1
ISIC_0033816,NV,1,0.9157369136810303,NV,1,0.9157369136810303,1
ISIC_0027538,NV,1,0.9158501029014587,NV,1,0.9158501029014587,1
ISIC_0026176,NV,1,0.915864109992981,NV,1,0.915864109992981,1
ISIC_0029604,NV,1,0.9158670902252197,NV,1,0.9158670902252197,1
ISIC_0026113,MEL,0,0.9158982634544373,MEL,0,0.9158982634544373,1
ISIC_0025756,NV,1,0.9159013628959656,NV,1,0.9159013628959656,1
ISIC_0025106,NV,1,0.9159073829650879,NV,1,0.9159073829650879,1
ISIC_0028678,NV,1,0.9159184098243713,NV,1,0.9159184098243713,1
ISIC_0032345,NV,1,0.9159359931945801,NV,1,0.9159359931945801,1
ISIC_0031803,NV,1,0.9159862995147705,NV,1,0.9159862995147705,1
ISIC_0031490,NV,1,0.91599041223526,NV,1,0.91599041223526,1
ISIC_0027087,NV,1,0.9160075187683105,NV,1,0.9160075187683105,1
ISIC_0031861,NV,1,0.9160290360450745,NV,1,0.9160290360450745,1
ISIC_0031614,BCC,2,0.9160299897193909,BCC,2,0.9160299897193909,1
ISIC_0026168,NV,1,0.9160550236701965,NV,1,0.9160550236701965,1
ISIC_0027846,BCC,2,0.9160991311073303,BCC,2,0.9160991311073303,1
ISIC_0025871,NV,1,0.916182279586792,NV,1,0.916182279586792,1
ISIC_0029985,NV,1,0.9162434339523315,NV,1,0.9162434339523315,1
ISIC_0027441,NV,1,0.9163333177566528,NV,1,0.9163333177566528,1
ISIC_0025494,NV,1,0.9163735508918762,NV,1,0.9163735508918762,1
ISIC_0025176,NV,1,0.9164080023765564,NV,1,0.9164080023765564,1
ISIC_0033597,NV,1,0.916435182094574,NV,1,0.916435182094574,1
ISIC_0031047,NV,1,0.9164556264877319,NV,1,0.9164556264877319,1
ISIC_0031846,NV,1,0.9164766669273376,NV,1,0.9164766669273376,1
ISIC_0029760,DF,5,0.9164930582046509,DF,5,0.9164930582046509,1
ISIC_0025346,NV,1,0.9165266156196594,NV,1,0.9165266156196594,1
ISIC_0024768,NV,1,0.9165482521057129,NV,1,0.9165482521057129,1
ISIC_0030328,NV,1,0.9165641665458679,NV,1,0.9165641665458679,1
ISIC_0025482,NV,1,0.9165694117546082,NV,1,0.9165694117546082,1
ISIC_0032639,NV,1,0.9165787100791931,NV,1,0.9165787100791931,1
ISIC_0033964,NV,1,0.9165967106819153,NV,1,0.9165967106819153,1
ISIC_0028249,NV,1,0.9165967106819153,NV,1,0.9165967106819153,1
ISIC_0032421,NV,1,0.9166551232337952,NV,1,0.9166551232337952,1
ISIC_0027485,NV,1,0.9166742563247681,NV,1,0.9166742563247681,1
ISIC_0029283,NV,1,0.9166847467422485,NV,1,0.9166847467422485,1
ISIC_0031122,BCC,2,0.9166929721832275,BCC,2,0.9166929721832275,1
ISIC_0033748,NV,1,0.9167690277099609,NV,1,0.9167690277099609,1
ISIC_0024464,NV,1,0.9167954921722412,NV,1,0.9167954921722412,1
ISIC_0026441,BKL,4,0.9168031811714172,BKL,4,0.9168031811714172,1
ISIC_0033538,MEL,0,0.9168926477432251,MEL,0,0.9168926477432251,1
ISIC_0029226,NV,1,0.9170018434524536,NV,1,0.9170018434524536,1
ISIC_0031037,BKL,4,0.9170421361923218,BKL,4,0.9170421361923218,1
ISIC_0034256,MEL,0,0.9170496463775635,MEL,0,0.9170496463775635,1
ISIC_0034065,MEL,0,0.9170694947242737,MEL,0,0.9170694947242737,1
ISIC_0026587,NV,1,0.9171961545944214,NV,1,0.9171961545944214,1
ISIC_0026539,BKL,4,0.9172875285148621,BKL,4,0.9172875285148621,1
ISIC_0028113,BCC,2,0.9173524975776672,BCC,2,0.9173524975776672,1
ISIC_0024462,NV,1,0.9174063801765442,NV,1,0.9174063801765442,1
ISIC_0030923,NV,1,0.9174706935882568,NV,1,0.9174706935882568,1
ISIC_0033689,NV,1,0.9175413250923157,NV,1,0.9175413250923157,1
ISIC_0033608,VASC,6,0.9176626205444336,VASC,6,0.9176626205444336,1
ISIC_0025042,NV,1,0.9177244305610657,NV,1,0.9177244305610657,1
ISIC_0026384,NV,1,0.9177542328834534,NV,1,0.9177542328834534,1
ISIC_0031102,NV,1,0.9177926182746887,NV,1,0.9177926182746887,1
ISIC_0026748,NV,1,0.9178068041801453,NV,1,0.9178068041801453,1
ISIC_0027165,NV,1,0.9178339838981628,NV,1,0.9178339838981628,1
ISIC_0031078,BKL,4,0.9178621172904968,BKL,4,0.9178621172904968,1
ISIC_0033683,NV,1,0.917875349521637,NV,1,0.917875349521637,1
ISIC_0027892,NV,1,0.917899489402771,NV,1,0.917899489402771,1
ISIC_0032634,NV,1,0.9179589152336121,NV,1,0.9179589152336121,1
ISIC_0031911,NV,1,0.9179754257202148,NV,1,0.9179754257202148,1
ISIC_0032628,NV,1,0.9180445075035095,NV,1,0.9180445075035095,1
ISIC_0026726,NV,1,0.9181105494499207,NV,1,0.9181105494499207,1
ISIC_0033072,NV,1,0.9181448817253113,NV,1,0.9181448817253113,1
ISIC_0026322,NV,1,0.9181826114654541,NV,1,0.9181826114654541,1
ISIC_0027278,NV,1,0.9181907176971436,NV,1,0.9181907176971436,1
ISIC_0025117,NV,1,0.918214738368988,NV,1,0.918214738368988,1
ISIC_0033138,NV,1,0.9182443022727966,NV,1,0.9182443022727966,1
ISIC_0029906,NV,1,0.9182652235031128,NV,1,0.9182652235031128,1
ISIC_0028370,AKIEC,3,0.91826993227005,AKIEC,3,0.91826993227005,1
ISIC_0034042,NV,1,0.9183233380317688,NV,1,0.9183233380317688,1
ISIC_0027257,NV,1,0.9183460474014282,NV,1,0.9183460474014282,1
ISIC_0030460,NV,1,0.9183722734451294,NV,1,0.9183722734451294,1
ISIC_0029905,NV,1,0.9183804988861084,NV,1,0.9183804988861084,1
ISIC_0026190,NV,1,0.9184293150901794,NV,1,0.9184293150901794,1
ISIC_0027867,NV,1,0.9184877872467041,NV,1,0.9184877872467041,1
ISIC_0028706,NV,1,0.9185212850570679,NV,1,0.9185212850570679,1
ISIC_0024906,NV,1,0.9185503721237183,NV,1,0.9185503721237183,1
ISIC_0024330,DF,5,0.9185547232627869,DF,5,0.9185547232627869,1
ISIC_0025693,BKL,4,0.9186525940895081,BKL,4,0.9186525940895081,1
ISIC_0025304,NV,1,0.9186546802520752,NV,1,0.9186546802520752,1
ISIC_0030179,NV,1,0.9186846613883972,NV,1,0.9186846613883972,1
ISIC_0026232,NV,1,0.9187153577804565,NV,1,0.9187153577804565,1
ISIC_0029730,NV,1,0.9187987446784973,NV,1,0.9187987446784973,1
ISIC_0025993,NV,1,0.9188111424446106,NV,1,0.9188111424446106,1
ISIC_0033210,NV,1,0.9188284873962402,NV,1,0.9188284873962402,1
ISIC_0028545,NV,1,0.9188293814659119,NV,1,0.9188293814659119,1
ISIC_0024613,NV,1,0.9188375473022461,NV,1,0.9188375473022461,1
ISIC_0029825,NV,1,0.9188734292984009,NV,1,0.9188734292984009,1
ISIC_0031363,NV,1,0.9188846349716187,NV,1,0.9188846349716187,1
ISIC_0032561,NV,1,0.9188859462738037,NV,1,0.9188859462738037,1
ISIC_0029681,NV,1,0.9189767241477966,NV,1,0.9189767241477966,1
ISIC_0026887,NV,1,0.9189955592155457,NV,1,0.9189955592155457,1
ISIC_0032724,MEL,0,0.9190089702606201,MEL,0,0.9190089702606201,1
ISIC_0025530,BCC,2,0.9190434813499451,BCC,2,0.9190434813499451,1
ISIC_0033532,NV,1,0.9191043972969055,NV,1,0.9191043972969055,1
ISIC_0034153,NV,1,0.9191225171089172,NV,1,0.9191225171089172,1
ISIC_0032674,NV,1,0.9191365242004395,NV,1,0.9191365242004395,1
ISIC_0028426,NV,1,0.9191431999206543,NV,1,0.9191431999206543,1
ISIC_0033092,VASC,6,0.9191623330116272,VASC,6,0.9191623330116272,1
ISIC_0033239,MEL,0,0.9192028045654297,MEL,0,0.9192028045654297,1
ISIC_0026988,BCC,2,0.9192754030227661,BCC,2,0.9192754030227661,1
ISIC_0028729,NV,1,0.9192793369293213,NV,1,0.9192793369293213,1
ISIC_0031167,NV,1,0.9193693399429321,NV,1,0.9193693399429321,1
ISIC_0024719,NV,1,0.919419527053833,NV,1,0.919419527053833,1
ISIC_0034021,NV,1,0.919419527053833,NV,1,0.919419527053833,1
ISIC_0031217,VASC,6,0.9194267392158508,VASC,6,0.9194267392158508,1
ISIC_0030231,BKL,4,0.9194884300231934,BKL,4,0.9194884300231934,1
ISIC_0032692,VASC,6,0.9194985032081604,VASC,6,0.9194985032081604,1
ISIC_0029804,NV,1,0.9194992184638977,NV,1,0.9194992184638977,1
ISIC_0027836,NV,1,0.9195025563240051,NV,1,0.9195025563240051,1
ISIC_0027755,NV,1,0.9195072650909424,NV,1,0.9195072650909424,1
ISIC_0032416,NV,1,0.9195287823677063,NV,1,0.9195287823677063,1
ISIC_0031251,NV,1,0.9196324944496155,NV,1,0.9196324944496155,1
ISIC_0024784,NV,1,0.9196361899375916,NV,1,0.9196361899375916,1
ISIC_0033479,MEL,0,0.919649600982666,MEL,0,0.919649600982666,1
ISIC_0032501,NV,1,0.9196804761886597,NV,1,0.9196804761886597,1
ISIC_0024559,NV,1,0.9196819067001343,NV,1,0.9196819067001343,1
ISIC_0026242,NV,1,0.9197058081626892,NV,1,0.9197058081626892,1
ISIC_0029164,NV,1,0.9197546243667603,NV,1,0.9197546243667603,1
ISIC_0029121,NV,1,0.9197694063186646,NV,1,0.9197694063186646,1
ISIC_0031690,NV,1,0.9197779893875122,NV,1,0.9197779893875122,1
ISIC_0024597,NV,1,0.9197797179222107,NV,1,0.9197797179222107,1
ISIC_0028903,NV,1,0.9197933077812195,NV,1,0.9197933077812195,1
ISIC_0026967,BKL,4,0.9198225736618042,BKL,4,0.9198225736618042,1
ISIC_0032525,NV,1,0.9198543429374695,NV,1,0.9198543429374695,1
ISIC_0026148,NV,1,0.9198546409606934,NV,1,0.9198546409606934,1
ISIC_0030182,NV,1,0.9198949933052063,NV,1,0.9198949933052063,1
ISIC_0027910,NV,1,0.9199009537696838,NV,1,0.9199009537696838,1
ISIC_0025910,NV,1,0.9199355244636536,NV,1,0.9199355244636536,1
ISIC_0028202,NV,1,0.919976532459259,NV,1,0.919976532459259,1
ISIC_0026133,NV,1,0.9199836850166321,NV,1,0.9199836850166321,1
ISIC_0028325,MEL,0,0.920021116733551,MEL,0,0.920021116733551,1
ISIC_0028779,NV,1,0.9200665354728699,NV,1,0.9200665354728699,1
ISIC_0028014,NV,1,0.9200698733329773,NV,1,0.9200698733329773,1
ISIC_0032759,NV,1,0.9201415777206421,NV,1,0.9201415777206421,1
ISIC_0031091,NV,1,0.9201629757881165,NV,1,0.9201629757881165,1
ISIC_0030120,NV,1,0.9201927781105042,NV,1,0.9201927781105042,1
ISIC_0029291,BKL,4,0.9202130436897278,BKL,4,0.9202130436897278,1
ISIC_0032994,NV,1,0.9202792048454285,NV,1,0.9202792048454285,1
ISIC_0033854,BKL,4,0.9203373193740845,BKL,4,0.9203373193740845,1
ISIC_0025223,DF,5,0.9203640222549438,DF,5,0.9203640222549438,1
ISIC_0034052,MEL,0,0.9203653931617737,MEL,0,0.9203653931617737,1
ISIC_0027509,BKL,4,0.9203829765319824,BKL,4,0.9203829765319824,1
ISIC_0031021,NV,1,0.9203841090202332,NV,1,0.9203841090202332,1
ISIC_0032989,NV,1,0.9204340577125549,NV,1,0.9204340577125549,1
ISIC_0031632,NV,1,0.9204691052436829,NV,1,0.9204691052436829,1
ISIC_0027314,NV,1,0.9204763770103455,NV,1,0.9204763770103455,1
ISIC_0029120,NV,1,0.9205077886581421,NV,1,0.9205077886581421,1
ISIC_0031596,NV,1,0.9205123782157898,NV,1,0.9205123782157898,1
ISIC_0024818,NV,1,0.9206027984619141,NV,1,0.9206027984619141,1
ISIC_0030871,NV,1,0.9206181168556213,NV,1,0.9206181168556213,1
ISIC_0025634,NV,1,0.9206468462944031,NV,1,0.9206468462944031,1
ISIC_0031796,NV,1,0.9206538200378418,NV,1,0.9206538200378418,1
ISIC_0031056,BCC,2,0.9207062721252441,BCC,2,0.9207062721252441,1
ISIC_0033780,DF,5,0.9207105040550232,DF,5,0.9207105040550232,1
ISIC_0029224,NV,1,0.9207895994186401,NV,1,0.9207895994186401,1
ISIC_0028899,MEL,0,0.9208357930183411,MEL,0,0.9208357930183411,1
ISIC_0032711,NV,1,0.9208437204360962,NV,1,0.9208437204360962,1
ISIC_0028608,NV,1,0.9208676815032959,NV,1,0.9208676815032959,1
ISIC_0026612,NV,1,0.9209197163581848,NV,1,0.9209197163581848,1
ISIC_0025296,NV,1,0.9209232330322266,NV,1,0.9209232330322266,1
ISIC_0030861,NV,1,0.9209352135658264,NV,1,0.9209352135658264,1
ISIC_0033034,MEL,0,0.9209548234939575,MEL,0,0.9209548234939575,1
ISIC_0032104,NV,1,0.9209635853767395,NV,1,0.9209635853767395,1
ISIC_0029542,NV,1,0.9209728240966797,NV,1,0.9209728240966797,1
ISIC_0033180,MEL,0,0.9209864735603333,MEL,0,0.9209864735603333,1
ISIC_0029256,NV,1,0.921025812625885,NV,1,0.921025812625885,1
ISIC_0030272,BKL,4,0.9211638569831848,BKL,4,0.9211638569831848,1
ISIC_0027922,NV,1,0.9212039113044739,NV,1,0.9212039113044739,1
ISIC_0026613,NV,1,0.9212407469749451,NV,1,0.9212407469749451,1
ISIC_0025779,NV,1,0.9212794899940491,NV,1,0.9212794899940491,1
ISIC_0032492,NV,1,0.9214128255844116,NV,1,0.9214128255844116,1
ISIC_0029245,NV,1,0.921453058719635,NV,1,0.921453058719635,1
ISIC_0025733,NV,1,0.921463131904602,NV,1,0.921463131904602,1
ISIC_0033693,BKL,4,0.921481192111969,BKL,4,0.921481192111969,1
ISIC_0024747,VASC,6,0.9215363264083862,VASC,6,0.9215363264083862,1
ISIC_0031806,NV,1,0.9215434193611145,NV,1,0.9215434193611145,1
ISIC_0034064,MEL,0,0.9215630888938904,MEL,0,0.9215630888938904,1
ISIC_0029564,BCC,2,0.921563982963562,BCC,2,0.921563982963562,1
ISIC_0034002,MEL,0,0.9215778708457947,MEL,0,0.9215778708457947,1
ISIC_0026374,NV,1,0.9215967059135437,NV,1,0.9215967059135437,1
ISIC_0030680,NV,1,0.9216156005859375,NV,1,0.9216156005859375,1
ISIC_0030005,BKL,4,0.9216452836990356,BKL,4,0.9216452836990356,1
ISIC_0028934,NV,1,0.921708881855011,NV,1,0.921708881855011,1
ISIC_0026501,NV,1,0.9217305779457092,NV,1,0.9217305779457092,1
ISIC_0027701,NV,1,0.9217619299888611,NV,1,0.9217619299888611,1
ISIC_0027289,NV,1,0.921770453453064,NV,1,0.921770453453064,1
ISIC_0024886,MEL,0,0.9218847155570984,MEL,0,0.9218847155570984,1
ISIC_0030791,NV,1,0.9219586849212646,NV,1,0.9219586849212646,1
ISIC_0033567,NV,1,0.9219906330108643,NV,1,0.9219906330108643,1
ISIC_0030742,NV,1,0.9220286011695862,NV,1,0.9220286011695862,1
ISIC_0033890,NV,1,0.9220388531684875,NV,1,0.9220388531684875,1
ISIC_0028717,NV,1,0.9220438003540039,NV,1,0.9220438003540039,1
ISIC_0028652,BCC,2,0.9220499992370605,BCC,2,0.9220499992370605,1
ISIC_0031595,NV,1,0.9220660328865051,NV,1,0.9220660328865051,1
ISIC_0032676,NV,1,0.9221083521842957,NV,1,0.9221083521842957,1
ISIC_0029327,NV,1,0.9221132397651672,NV,1,0.9221132397651672,1
ISIC_0030367,NV,1,0.9221174716949463,NV,1,0.9221174716949463,1
ISIC_0029022,BKL,4,0.92214435338974,BKL,4,0.92214435338974,1
ISIC_0028640,BKL,4,0.9221641421318054,BKL,4,0.9221641421318054,1
ISIC_0025234,MEL,0,0.9222164154052734,MEL,0,0.9222164154052734,1
ISIC_0032576,BKL,4,0.9222484827041626,BKL,4,0.9222484827041626,1
ISIC_0026680,NV,1,0.9222847819328308,NV,1,0.9222847819328308,1
ISIC_0026966,NV,1,0.9223605394363403,NV,1,0.9223605394363403,1
ISIC_0029395,NV,1,0.9223790168762207,NV,1,0.9223790168762207,1
ISIC_0034055,NV,1,0.9224075675010681,NV,1,0.9224075675010681,1
ISIC_0034119,BCC,2,0.9225443601608276,BCC,2,0.9225443601608276,1
ISIC_0025542,NV,1,0.9225646257400513,NV,1,0.9225646257400513,1
ISIC_0027498,NV,1,0.9225784540176392,NV,1,0.9225784540176392,1
ISIC_0024649,NV,1,0.9225978255271912,NV,1,0.9225978255271912,1
ISIC_0028068,NV,1,0.9226359724998474,NV,1,0.9226359724998474,1
ISIC_0030682,NV,1,0.9226531386375427,NV,1,0.9226531386375427,1
ISIC_0030696,NV,1,0.9226689338684082,NV,1,0.9226689338684082,1
ISIC_0028448,BKL,4,0.9226740002632141,BKL,4,0.9226740002632141,1
ISIC_0025102,BCC,2,0.9226946234703064,BCC,2,0.9226946234703064,1
ISIC_0027298,NV,1,0.9227678775787354,NV,1,0.9227678775787354,1
ISIC_0024397,NV,1,0.9227770566940308,NV,1,0.9227770566940308,1
ISIC_0030066,NV,1,0.9228131771087646,NV,1,0.9228131771087646,1
ISIC_0029516,NV,1,0.9228374361991882,NV,1,0.9228374361991882,1
ISIC_0033565,VASC,6,0.9228541851043701,VASC,6,0.9228541851043701,1
ISIC_0024660,NV,1,0.9228557348251343,NV,1,0.9228557348251343,1
ISIC_0027950,AKIEC,3,0.9229199886322021,AKIEC,3,0.9229199886322021,1
ISIC_0031874,AKIEC,3,0.9229279160499573,AKIEC,3,0.9229279160499573,1
ISIC_0031254,NV,1,0.9230291247367859,NV,1,0.9230291247367859,1
ISIC_0028547,NV,1,0.9230416417121887,NV,1,0.9230416417121887,1
ISIC_0025309,NV,1,0.9230485558509827,NV,1,0.9230485558509827,1
ISIC_0031008,BKL,4,0.9230735301971436,BKL,4,0.9230735301971436,1
ISIC_0031050,BKL,4,0.9231118559837341,BKL,4,0.9231118559837341,1
ISIC_0032817,NV,1,0.9231225848197937,NV,1,0.9231225848197937,1
ISIC_0027839,NV,1,0.9231383204460144,NV,1,0.9231383204460144,1
ISIC_0028478,NV,1,0.9231506586074829,NV,1,0.9231506586074829,1
ISIC_0028690,NV,1,0.9231671094894409,NV,1,0.9231671094894409,1
ISIC_0027875,BKL,4,0.923193097114563,BKL,4,0.923193097114563,1
ISIC_0025742,NV,1,0.9232103824615479,NV,1,0.9232103824615479,1
ISIC_0024887,NV,1,0.9232164621353149,NV,1,0.9232164621353149,1
ISIC_0030717,NV,1,0.9232452511787415,NV,1,0.9232452511787415,1
ISIC_0027529,AKIEC,3,0.9232598543167114,AKIEC,3,0.9232598543167114,1
ISIC_0027929,NV,1,0.9233188033103943,NV,1,0.9233188033103943,1
ISIC_0026376,NV,1,0.9233400225639343,NV,1,0.9233400225639343,1
ISIC_0026063,NV,1,0.9233585596084595,NV,1,0.9233585596084595,1
ISIC_0032257,NV,1,0.9234043955802917,NV,1,0.9234043955802917,1
ISIC_0025019,BCC,2,0.9234213829040527,BCC,2,0.9234213829040527,1
ISIC_0025307,NV,1,0.9234462380409241,NV,1,0.9234462380409241,1
ISIC_0027095,NV,1,0.9234725832939148,NV,1,0.9234725832939148,1
ISIC_0024829,BCC,2,0.9234768748283386,BCC,2,0.9234768748283386,1
ISIC_0034274,NV,1,0.9234773516654968,NV,1,0.9234773516654968,1
ISIC_0030216,NV,1,0.9235045313835144,NV,1,0.9235045313835144,1
ISIC_0030979,NV,1,0.9235079884529114,NV,1,0.9235079884529114,1
ISIC_0025443,NV,1,0.9235095977783203,NV,1,0.9235095977783203,1
ISIC_0025853,NV,1,0.9236112833023071,NV,1,0.9236112833023071,1
ISIC_0026550,NV,1,0.9236419796943665,NV,1,0.9236419796943665,1
ISIC_0024590,BCC,2,0.9236552119255066,BCC,2,0.9236552119255066,1
ISIC_0031451,NV,1,0.9236584901809692,NV,1,0.9236584901809692,1
ISIC_0033564,NV,1,0.9236592650413513,NV,1,0.9236592650413513,1
ISIC_0032727,BCC,2,0.9236923456192017,BCC,2,0.9236923456192017,1
ISIC_0032256,NV,1,0.9236969351768494,NV,1,0.9236969351768494,1
ISIC_0029084,NV,1,0.9237135052680969,NV,1,0.9237135052680969,1
ISIC_0033619,MEL,0,0.9238498210906982,MEL,0,0.9238498210906982,1
ISIC_0030483,NV,1,0.9238863587379456,NV,1,0.9238863587379456,1
ISIC_0033213,NV,1,0.9239456653594971,NV,1,0.9239456653594971,1
ISIC_0033371,NV,1,0.9239467978477478,NV,1,0.9239467978477478,1
ISIC_0032101,NV,1,0.9241803884506226,NV,1,0.9241803884506226,1
ISIC_0027985,NV,1,0.9242117404937744,NV,1,0.9242117404937744,1
ISIC_0025566,NV,1,0.9242361187934875,NV,1,0.9242361187934875,1
ISIC_0030029,NV,1,0.9242480993270874,NV,1,0.9242480993270874,1
ISIC_0025174,NV,1,0.9243465662002563,NV,1,0.9243465662002563,1
ISIC_0025279,NV,1,0.9243650436401367,NV,1,0.9243650436401367,1
ISIC_0030237,NV,1,0.9244164824485779,NV,1,0.9244164824485779,1
ISIC_0027286,NV,1,0.9244599938392639,NV,1,0.9244599938392639,1
ISIC_0030773,NV,1,0.9244914650917053,NV,1,0.9244914650917053,1
ISIC_0026060,BKL,4,0.9244975447654724,BKL,4,0.9244975447654724,1
ISIC_0024859,NV,1,0.9245008230209351,NV,1,0.9245008230209351,1
ISIC_0027733,NV,1,0.9245054125785828,NV,1,0.9245054125785828,1
ISIC_0033511,NV,1,0.9245116114616394,NV,1,0.9245116114616394,1
ISIC_0024673,BCC,2,0.9245254993438721,BCC,2,0.9245254993438721,1
ISIC_0027056,NV,1,0.9245622754096985,NV,1,0.9245622754096985,1
ISIC_0027477,NV,1,0.9246575832366943,NV,1,0.9246575832366943,1
ISIC_0024874,NV,1,0.9246712923049927,NV,1,0.9246712923049927,1
ISIC_0030999,NV,1,0.9246746897697449,NV,1,0.9246746897697449,1
ISIC_0030900,NV,1,0.9247189164161682,NV,1,0.9247189164161682,1
ISIC_0028147,BCC,2,0.9247238039970398,BCC,2,0.9247238039970398,1
ISIC_0031370,NV,1,0.9247292280197144,NV,1,0.9247292280197144,1
ISIC_0027015,NV,1,0.924767255783081,NV,1,0.924767255783081,1
ISIC_0028149,NV,1,0.9248065948486328,NV,1,0.9248065948486328,1
ISIC_0029031,BKL,4,0.9248180985450745,BKL,4,0.9248180985450745,1
ISIC_0025469,NV,1,0.9248335957527161,NV,1,0.9248335957527161,1
ISIC_0032851,NV,1,0.9248658418655396,NV,1,0.9248658418655396,1
ISIC_0028336,BKL,4,0.9248833656311035,BKL,4,0.9248833656311035,1
ISIC_0033352,NV,1,0.9248929619789124,NV,1,0.9248929619789124,1
ISIC_0032772,NV,1,0.9250063896179199,NV,1,0.9250063896179199,1
ISIC_0026464,NV,1,0.9250097274780273,NV,1,0.9250097274780273,1
ISIC_0029635,NV,1,0.9250417351722717,NV,1,0.9250417351722717,1
ISIC_0027293,NV,1,0.9251272678375244,NV,1,0.9251272678375244,1
ISIC_0029477,NV,1,0.925148069858551,NV,1,0.925148069858551,1
ISIC_0030478,NV,1,0.9251924753189087,NV,1,0.9251924753189087,1
ISIC_0029270,BKL,4,0.9252181649208069,BKL,4,0.9252181649208069,1
ISIC_0030958,NV,1,0.9252224564552307,NV,1,0.9252224564552307,1
ISIC_0024602,BKL,4,0.9252326488494873,BKL,4,0.9252326488494873,1
ISIC_0024773,BKL,4,0.9252683520317078,BKL,4,0.9252683520317078,1
ISIC_0029697,NV,1,0.9252972602844238,NV,1,0.9252972602844238,1
ISIC_0034204,NV,1,0.9252989888191223,NV,1,0.9252989888191223,1
ISIC_0026189,NV,1,0.9253222942352295,NV,1,0.9253222942352295,1
ISIC_0026692,NV,1,0.9253236651420593,NV,1,0.9253236651420593,1
ISIC_0033302,MEL,0,0.9253568649291992,MEL,0,0.9253568649291992,1
ISIC_0029595,NV,1,0.9253907799720764,NV,1,0.9253907799720764,1
ISIC_0034190,NV,1,0.9253913760185242,NV,1,0.9253913760185242,1
ISIC_0024524,NV,1,0.9254410862922668,NV,1,0.9254410862922668,1
ISIC_0025133,NV,1,0.9254498481750488,NV,1,0.9254498481750488,1
ISIC_0033224,NV,1,0.9254531264305115,NV,1,0.9254531264305115,1
ISIC_0028693,BCC,2,0.925484299659729,BCC,2,0.925484299659729,1
ISIC_0024820,NV,1,0.9255380630493164,NV,1,0.9255380630493164,1
ISIC_0033920,NV,1,0.925566554069519,NV,1,0.925566554069519,1
ISIC_0031532,NV,1,0.9255859851837158,NV,1,0.9255859851837158,1
ISIC_0033309,NV,1,0.9255912899971008,NV,1,0.9255912899971008,1
ISIC_0032570,BKL,4,0.9256539940834045,BKL,4,0.9256539940834045,1
ISIC_0033398,NV,1,0.9256552457809448,NV,1,0.9256552457809448,1
ISIC_0033095,NV,1,0.925669252872467,NV,1,0.925669252872467,1
ISIC_0026241,NV,1,0.9256797432899475,NV,1,0.9256797432899475,1
ISIC_0030381,NV,1,0.925688624382019,NV,1,0.925688624382019,1
ISIC_0030217,NV,1,0.9257290959358215,NV,1,0.9257290959358215,1
ISIC_0024634,BCC,2,0.9258220791816711,BCC,2,0.9258220791816711,1
ISIC_0033271,BCC,2,0.9258285164833069,BCC,2,0.9258285164833069,1
ISIC_0030918,NV,1,0.9258401393890381,NV,1,0.9258401393890381,1
ISIC_0032508,BKL,4,0.9258800148963928,BKL,4,0.9258800148963928,1
ISIC_0031409,NV,1,0.925884485244751,NV,1,0.925884485244751,1
ISIC_0027270,BKL,4,0.9258912205696106,BKL,4,0.9258912205696106,1
ISIC_0034209,NV,1,0.9259445071220398,NV,1,0.9259445071220398,1
ISIC_0031603,NV,1,0.9259478449821472,NV,1,0.9259478449821472,1
ISIC_0024892,NV,1,0.9260392189025879,NV,1,0.9260392189025879,1
ISIC_0033751,NV,1,0.9260406494140625,NV,1,0.9260406494140625,1
ISIC_0027778,NV,1,0.926044225692749,NV,1,0.926044225692749,1
ISIC_0029299,NV,1,0.92606520652771,NV,1,0.92606520652771,1
ISIC_0032304,BKL,4,0.9260794520378113,BKL,4,0.9260794520378113,1
ISIC_0033835,NV,1,0.9260861873626709,NV,1,0.9260861873626709,1
ISIC_0026169,NV,1,0.9261099696159363,NV,1,0.9261099696159363,1
ISIC_0032729,NV,1,0.92616206407547,NV,1,0.92616206407547,1
ISIC_0028060,NV,1,0.9261645078659058,NV,1,0.9261645078659058,1
ISIC_0030688,NV,1,0.926183819770813,NV,1,0.926183819770813,1
ISIC_0028906,NV,1,0.926194429397583,NV,1,0.926194429397583,1
ISIC_0031534,NV,1,0.9262241125106812,NV,1,0.9262241125106812,1
ISIC_0032932,VASC,6,0.9262572526931763,VASC,6,0.9262572526931763,1
ISIC_0031443,DF,5,0.9262741208076477,DF,5,0.9262741208076477,1
ISIC_0032395,BKL,4,0.9262868165969849,BKL,4,0.9262868165969849,1
ISIC_0031434,NV,1,0.9263226985931396,NV,1,0.9263226985931396,1
ISIC_0026971,NV,1,0.9263268113136292,NV,1,0.9263268113136292,1
ISIC_0029442,NV,1,0.9263471364974976,NV,1,0.9263471364974976,1
ISIC_0029572,NV,1,0.9263523817062378,NV,1,0.9263523817062378,1
ISIC_0024504,BCC,2,0.926379919052124,BCC,2,0.926379919052124,1
ISIC_0025684,NV,1,0.9263842105865479,NV,1,0.9263842105865479,1
ISIC_0029192,BCC,2,0.9264066815376282,BCC,2,0.9264066815376282,1
ISIC_0028293,NV,1,0.9264222383499146,NV,1,0.9264222383499146,1
ISIC_0033990,NV,1,0.9264644980430603,NV,1,0.9264644980430603,1
ISIC_0032574,NV,1,0.9264914393424988,NV,1,0.9264914393424988,1
ISIC_0033762,VASC,6,0.9264957904815674,VASC,6,0.9264957904815674,1
ISIC_0028602,NV,1,0.926523745059967,NV,1,0.926523745059967,1
ISIC_0026093,NV,1,0.9265303015708923,NV,1,0.9265303015708923,1
ISIC_0031475,NV,1,0.92653888463974,NV,1,0.92653888463974,1
ISIC_0033001,BCC,2,0.9265449643135071,BCC,2,0.9265449643135071,1
ISIC_0028501,NV,1,0.9265651702880859,NV,1,0.9265651702880859,1
ISIC_0030555,DF,5,0.9265680909156799,DF,5,0.9265680909156799,1
ISIC_0025878,NV,1,0.9265713691711426,NV,1,0.9265713691711426,1
ISIC_0034218,MEL,0,0.9265797138214111,MEL,0,0.9265797138214111,1
ISIC_0030323,BKL,4,0.9265886545181274,BKL,4,0.9265886545181274,1
ISIC_0034124,NV,1,0.926657497882843,NV,1,0.926657497882843,1
ISIC_0031173,NV,1,0.9266751408576965,NV,1,0.9266751408576965,1
ISIC_0028061,NV,1,0.9267399311065674,NV,1,0.9267399311065674,1
ISIC_0029836,BKL,4,0.9267887473106384,BKL,4,0.9267887473106384,1
ISIC_0032640,NV,1,0.9268169403076172,NV,1,0.9268169403076172,1
ISIC_0030319,BKL,4,0.9268192052841187,BKL,4,0.9268192052841187,1
ISIC_0033839,NV,1,0.9268192648887634,NV,1,0.9268192648887634,1
ISIC_0028038,NV,1,0.9268303513526917,NV,1,0.9268303513526917,1
ISIC_0032995,NV,1,0.9268658757209778,NV,1,0.9268658757209778,1
ISIC_0027986,NV,1,0.9268922209739685,NV,1,0.9268922209739685,1
ISIC_0028837,NV,1,0.9269425868988037,NV,1,0.9269425868988037,1
ISIC_0024357,NV,1,0.9269545674324036,NV,1,0.9269545674324036,1
ISIC_0026820,NV,1,0.9269697666168213,NV,1,0.9269697666168213,1
ISIC_0029993,NV,1,0.9270010590553284,NV,1,0.9270010590553284,1
ISIC_0029046,NV,1,0.9270068407058716,NV,1,0.9270068407058716,1
ISIC_0026676,NV,1,0.9270503520965576,NV,1,0.9270503520965576,1
ISIC_0030790,NV,1,0.9270533323287964,NV,1,0.9270533323287964,1
ISIC_0026775,BKL,4,0.9270788431167603,BKL,4,0.9270788431167603,1
ISIC_0025216,NV,1,0.9270852208137512,NV,1,0.9270852208137512,1
ISIC_0028646,BKL,4,0.9270961284637451,BKL,4,0.9270961284637451,1
ISIC_0025250,VASC,6,0.9271607995033264,VASC,6,0.9271607995033264,1
ISIC_0028026,MEL,0,0.9273332953453064,MEL,0,0.9273332953453064,1
ISIC_0025870,NV,1,0.9273738265037537,NV,1,0.9273738265037537,1
ISIC_0027738,NV,1,0.9273829460144043,NV,1,0.9273829460144043,1
ISIC_0029207,NV,1,0.9274479150772095,NV,1,0.9274479150772095,1
ISIC_0033531,BKL,4,0.9274856448173523,BKL,4,0.9274856448173523,1
ISIC_0030184,NV,1,0.9274895787239075,NV,1,0.9274895787239075,1
ISIC_0027062,NV,1,0.9275779724121094,NV,1,0.9275779724121094,1
ISIC_0029695,NV,1,0.9275850653648376,NV,1,0.9275850653648376,1
ISIC_0026269,NV,1,0.9275967478752136,NV,1,0.9275967478752136,1
ISIC_0030046,NV,1,0.9276112914085388,NV,1,0.9276112914085388,1
ISIC_0029714,NV,1,0.927615225315094,NV,1,0.927615225315094,1
ISIC_0030936,NV,1,0.9276331663131714,NV,1,0.9276331663131714,1
ISIC_0033623,NV,1,0.9277005791664124,NV,1,0.9277005791664124,1
ISIC_0025310,NV,1,0.9277846813201904,NV,1,0.9277846813201904,1
ISIC_0024771,AKIEC,3,0.9278176426887512,AKIEC,3,0.9278176426887512,1
ISIC_0032538,VASC,6,0.9278548955917358,VASC,6,0.9278548955917358,1
ISIC_0027121,NV,1,0.9278697967529297,NV,1,0.9278697967529297,1
ISIC_0030867,NV,1,0.9278709888458252,NV,1,0.9278709888458252,1
ISIC_0032875,MEL,0,0.9278783798217773,MEL,0,0.9278783798217773,1
ISIC_0031036,NV,1,0.9279537200927734,NV,1,0.9279537200927734,1
ISIC_0027331,NV,1,0.9279623627662659,NV,1,0.9279623627662659,1
ISIC_0026239,MEL,0,0.927973747253418,MEL,0,0.927973747253418,1
ISIC_0031279,NV,1,0.9280122518539429,NV,1,0.9280122518539429,1
ISIC_0027262,NV,1,0.9280199408531189,NV,1,0.9280199408531189,1
ISIC_0029807,NV,1,0.9280659556388855,NV,1,0.9280659556388855,1
ISIC_0024309,NV,1,0.928091824054718,NV,1,0.928091824054718,1
ISIC_0027268,NV,1,0.9280967712402344,NV,1,0.9280967712402344,1
ISIC_0032185,BCC,2,0.9280999302864075,BCC,2,0.9280999302864075,1
ISIC_0029466,BCC,2,0.9281033277511597,BCC,2,0.9281033277511597,1
ISIC_0033787,NV,1,0.9281293153762817,NV,1,0.9281293153762817,1
ISIC_0027661,NV,1,0.9281472563743591,NV,1,0.9281472563743591,1
ISIC_0032680,NV,1,0.9281530976295471,NV,1,0.9281530976295471,1
ISIC_0027873,NV,1,0.9281553626060486,NV,1,0.9281553626060486,1
ISIC_0024512,NV,1,0.9281650185585022,NV,1,0.9281650185585022,1
ISIC_0028440,NV,1,0.9281933903694153,NV,1,0.9281933903694153,1
ISIC_0029376,NV,1,0.9281972646713257,NV,1,0.9281972646713257,1
ISIC_0028286,NV,1,0.9282012581825256,NV,1,0.9282012581825256,1
ISIC_0026977,NV,1,0.928215742111206,NV,1,0.928215742111206,1
ISIC_0030422,NV,1,0.9282174110412598,NV,1,0.9282174110412598,1
ISIC_0033046,NV,1,0.9282891154289246,NV,1,0.9282891154289246,1
ISIC_0030279,NV,1,0.9282929301261902,NV,1,0.9282929301261902,1
ISIC_0024798,NV,1,0.9283105731010437,NV,1,0.9283105731010437,1
ISIC_0033937,NV,1,0.9283202290534973,NV,1,0.9283202290534973,1
ISIC_0034279,NV,1,0.9283273220062256,NV,1,0.9283273220062256,1
ISIC_0025219,MEL,0,0.9283669590950012,MEL,0,0.9283669590950012,1
ISIC_0025559,NV,1,0.928381085395813,NV,1,0.928381085395813,1
ISIC_0030905,NV,1,0.9284002780914307,NV,1,0.9284002780914307,1
ISIC_0033873,NV,1,0.9284121990203857,NV,1,0.9284121990203857,1
ISIC_0028188,VASC,6,0.9284188747406006,VASC,6,0.9284188747406006,1
ISIC_0033373,NV,1,0.9284217357635498,NV,1,0.9284217357635498,1
ISIC_0024523,NV,1,0.9284380078315735,NV,1,0.9284380078315735,1
ISIC_0025653,NV,1,0.9284659624099731,NV,1,0.9284659624099731,1
ISIC_0025335,NV,1,0.9284670352935791,NV,1,0.9284670352935791,1
ISIC_0033901,MEL,0,0.9284953474998474,MEL,0,0.9284953474998474,1
ISIC_0034195,NV,1,0.9285157918930054,NV,1,0.9285157918930054,1
ISIC_0025968,NV,1,0.9285189509391785,NV,1,0.9285189509391785,1
ISIC_0028722,NV,1,0.9285251498222351,NV,1,0.9285251498222351,1
ISIC_0026970,BCC,2,0.928534984588623,BCC,2,0.928534984588623,1
ISIC_0031198,AKIEC,3,0.9285542964935303,AKIEC,3,0.9285542964935303,1
ISIC_0033779,MEL,0,0.9285596609115601,MEL,0,0.9285596609115601,1
ISIC_0030110,MEL,0,0.9286643862724304,MEL,0,0.9286643862724304,1
ISIC_0026386,NV,1,0.9286798238754272,NV,1,0.9286798238754272,1
ISIC_0031045,NV,1,0.9287000894546509,NV,1,0.9287000894546509,1
ISIC_0026589,NV,1,0.9287249445915222,NV,1,0.9287249445915222,1
ISIC_0033721,NV,1,0.9287433624267578,NV,1,0.9287433624267578,1
ISIC_0025090,NV,1,0.9287559390068054,NV,1,0.9287559390068054,1
ISIC_0032707,NV,1,0.9287739396095276,NV,1,0.9287739396095276,1
ISIC_0029131,NV,1,0.9287918210029602,NV,1,0.9287918210029602,1
ISIC_0029445,NV,1,0.9287936687469482,NV,1,0.9287936687469482,1
ISIC_0028453,NV,1,0.9288142323493958,NV,1,0.9288142323493958,1
ISIC_0028744,NV,1,0.9288309812545776,NV,1,0.9288309812545776,1
ISIC_0028328,NV,1,0.9288486838340759,NV,1,0.9288486838340759,1
ISIC_0027652,BKL,4,0.9288694858551025,BKL,4,0.9288694858551025,1
ISIC_0031794,NV,1,0.9288952946662903,NV,1,0.9288952946662903,1
ISIC_0026815,NV,1,0.92891925573349,NV,1,0.92891925573349,1
ISIC_0024677,NV,1,0.9290491938591003,NV,1,0.9290491938591003,1
ISIC_0025256,NV,1,0.9290514588356018,NV,1,0.9290514588356018,1
ISIC_0026345,NV,1,0.9290619492530823,NV,1,0.9290619492530823,1
ISIC_0026541,NV,1,0.9290860891342163,NV,1,0.9290860891342163,1
ISIC_0030240,BKL,4,0.9291068911552429,BKL,4,0.9291068911552429,1
ISIC_0027641,NV,1,0.9291287064552307,NV,1,0.9291287064552307,1
ISIC_0032587,NV,1,0.9291446805000305,NV,1,0.9291446805000305,1
ISIC_0030394,BKL,4,0.9291975498199463,BKL,4,0.9291975498199463,1
ISIC_0032826,BKL,4,0.9292394518852234,BKL,4,0.9292394518852234,1
ISIC_0028429,NV,1,0.9292706847190857,NV,1,0.9292706847190857,1
ISIC_0030971,NV,1,0.9292787909507751,NV,1,0.9292787909507751,1
ISIC_0027377,NV,1,0.9293435215950012,NV,1,0.9293435215950012,1
ISIC_0029295,NV,1,0.9293716549873352,NV,1,0.9293716549873352,1
ISIC_0032951,NV,1,0.9293862581253052,NV,1,0.9293862581253052,1
ISIC_0025789,NV,1,0.9293938875198364,NV,1,0.9293938875198364,1
ISIC_0025843,NV,1,0.929405927658081,NV,1,0.929405927658081,1
ISIC_0029935,NV,1,0.9294481873512268,NV,1,0.9294481873512268,1
ISIC_0030661,BKL,4,0.9295089244842529,BKL,4,0.9295089244842529,1
ISIC_0031184,NV,1,0.9295378923416138,NV,1,0.9295378923416138,1
ISIC_0027951,NV,1,0.9295457005500793,NV,1,0.9295457005500793,1
ISIC_0026182,NV,1,0.9295521974563599,NV,1,0.9295521974563599,1
ISIC_0033123,VASC,6,0.9295560717582703,VASC,6,0.9295560717582703,1
ISIC_0030300,NV,1,0.9296085238456726,NV,1,0.9296085238456726,1
ISIC_0027762,NV,1,0.9296100735664368,NV,1,0.9296100735664368,1
ISIC_0029086,NV,1,0.9296393394470215,NV,1,0.9296393394470215,1
ISIC_0030952,NV,1,0.9296426177024841,NV,1,0.9296426177024841,1
ISIC_0025717,NV,1,0.9296656847000122,NV,1,0.9296656847000122,1
ISIC_0032837,NV,1,0.9296834468841553,NV,1,0.9296834468841553,1
ISIC_0025426,NV,1,0.9297025203704834,NV,1,0.9297025203704834,1
ISIC_0032047,NV,1,0.9297096133232117,NV,1,0.9297096133232117,1
ISIC_0025669,NV,1,0.9297107458114624,NV,1,0.9297107458114624,1
ISIC_0028395,NV,1,0.9297155737876892,NV,1,0.9297155737876892,1
ISIC_0025404,NV,1,0.9297363758087158,NV,1,0.9297363758087158,1
ISIC_0029357,NV,1,0.9297373294830322,NV,1,0.9297373294830322,1
ISIC_0024377,NV,1,0.9297893643379211,NV,1,0.9297893643379211,1
ISIC_0033407,NV,1,0.9297895431518555,NV,1,0.9297895431518555,1
ISIC_0026483,NV,1,0.9297904968261719,NV,1,0.9297904968261719,1
ISIC_0024639,NV,1,0.9298543930053711,NV,1,0.9298543930053711,1
ISIC_0029099,VASC,6,0.929857611656189,VASC,6,0.929857611656189,1
ISIC_0025837,BKL,4,0.9298688173294067,BKL,4,0.9298688173294067,1
ISIC_0025816,NV,1,0.9298809170722961,NV,1,0.9298809170722961,1
ISIC_0030383,BKL,4,0.9298833608627319,BKL,4,0.9298833608627319,1
ISIC_0031932,NV,1,0.9298846125602722,NV,1,0.9298846125602722,1
ISIC_0029369,NV,1,0.9298903942108154,NV,1,0.9298903942108154,1
ISIC_0029136,NV,1,0.9299049973487854,NV,1,0.9299049973487854,1
ISIC_0033012,BCC,2,0.9299058318138123,BCC,2,0.9299058318138123,1
ISIC_0032459,NV,1,0.9299449324607849,NV,1,0.9299449324607849,1
ISIC_0032755,NV,1,0.9299483299255371,NV,1,0.9299483299255371,1
ISIC_0025591,NV,1,0.9299712181091309,NV,1,0.9299712181091309,1
ISIC_0026194,AKIEC,3,0.9299725294113159,AKIEC,3,0.9299725294113159,1
ISIC_0024831,NV,1,0.9299824237823486,NV,1,0.9299824237823486,1
ISIC_0028544,NV,1,0.929983377456665,NV,1,0.929983377456665,1
ISIC_0028993,NV,1,0.9299859404563904,NV,1,0.9299859404563904,1
ISIC_0026674,NV,1,0.9300435781478882,NV,1,0.9300435781478882,1
ISIC_0033403,NV,1,0.9300493597984314,NV,1,0.9300493597984314,1
ISIC_0031721,BCC,2,0.9300702810287476,BCC,2,0.9300702810287476,1
ISIC_0026860,NV,1,0.9300785064697266,NV,1,0.9300785064697266,1
ISIC_0030138,BCC,2,0.9300855398178101,BCC,2,0.9300855398178101,1
ISIC_0032781,NV,1,0.9301191568374634,NV,1,0.9301191568374634,1
ISIC_0027690,NV,1,0.9301242232322693,NV,1,0.9301242232322693,1
ISIC_0026294,NV,1,0.9301583766937256,NV,1,0.9301583766937256,1
ISIC_0034137,NV,1,0.930202305316925,NV,1,0.930202305316925,1
ISIC_0025408,NV,1,0.9302257299423218,NV,1,0.9302257299423218,1
ISIC_0029264,NV,1,0.9302341938018799,NV,1,0.9302341938018799,1
ISIC_0024813,NV,1,0.9302341938018799,NV,1,0.9302341938018799,1
ISIC_0033217,MEL,0,0.930260181427002,MEL,0,0.930260181427002,1
ISIC_0024611,NV,1,0.9302937984466553,NV,1,0.9302937984466553,1
ISIC_0024941,NV,1,0.9303310513496399,NV,1,0.9303310513496399,1
ISIC_0032840,MEL,0,0.9303339123725891,MEL,0,0.9303339123725891,1
ISIC_0027019,NV,1,0.930354654788971,NV,1,0.930354654788971,1
ISIC_0025491,NV,1,0.9303653836250305,NV,1,0.9303653836250305,1
ISIC_0027483,NV,1,0.9303687214851379,NV,1,0.9303687214851379,1
ISIC_0033013,NV,1,0.9303914308547974,NV,1,0.9303914308547974,1
ISIC_0024978,NV,1,0.9303935766220093,NV,1,0.9303935766220093,1
ISIC_0024531,NV,1,0.9304332137107849,NV,1,0.9304332137107849,1
ISIC_0026830,NV,1,0.930448055267334,NV,1,0.930448055267334,1
ISIC_0024891,NV,1,0.9304798245429993,NV,1,0.9304798245429993,1
ISIC_0026518,NV,1,0.930481493473053,NV,1,0.930481493473053,1
ISIC_0025692,NV,1,0.9304854273796082,NV,1,0.9304854273796082,1
ISIC_0032140,NV,1,0.9304985404014587,NV,1,0.9304985404014587,1
ISIC_0032489,NV,1,0.9305111169815063,NV,1,0.9305111169815063,1
ISIC_0024324,BKL,4,0.9305381774902344,BKL,4,0.9305381774902344,1
ISIC_0029193,BCC,2,0.9305676817893982,BCC,2,0.9305676817893982,1
ISIC_0032774,MEL,0,0.9305773973464966,MEL,0,0.9305773973464966,1
ISIC_0029003,BKL,4,0.9305822253227234,BKL,4,0.9305822253227234,1
ISIC_0024939,NV,1,0.9306101202964783,NV,1,0.9306101202964783,1
ISIC_0026888,NV,1,0.9306597709655762,NV,1,0.9306597709655762,1
ISIC_0027532,NV,1,0.9306862354278564,NV,1,0.9306862354278564,1
ISIC_0033547,NV,1,0.9307120442390442,NV,1,0.9307120442390442,1
ISIC_0025050,NV,1,0.9307313561439514,NV,1,0.9307313561439514,1
ISIC_0024699,NV,1,0.9307317733764648,NV,1,0.9307317733764648,1
ISIC_0026926,NV,1,0.9307342171669006,NV,1,0.9307342171669006,1
ISIC_0033953,MEL,0,0.9307582974433899,MEL,0,0.9307582974433899,1
ISIC_0027205,NV,1,0.9307694435119629,NV,1,0.9307694435119629,1
ISIC_0030371,NV,1,0.930777907371521,NV,1,0.930777907371521,1
ISIC_0025924,VASC,6,0.9307945370674133,VASC,6,0.9307945370674133,1
ISIC_0025731,BCC,2,0.9307999014854431,BCC,2,0.9307999014854431,1
ISIC_0028778,NV,1,0.93081134557724,NV,1,0.93081134557724,1
ISIC_0025595,NV,1,0.9308469295501709,NV,1,0.9308469295501709,1
ISIC_0031213,NV,1,0.9308605194091797,NV,1,0.9308605194091797,1
ISIC_0033102,NV,1,0.9309205412864685,NV,1,0.9309205412864685,1
ISIC_0032244,MEL,0,0.9309995174407959,MEL,0,0.9309995174407959,1
ISIC_0031129,NV,1,0.9310218095779419,NV,1,0.9310218095779419,1
ISIC_0032368,NV,1,0.9310392737388611,NV,1,0.9310392737388611,1
ISIC_0027540,NV,1,0.9310413599014282,NV,1,0.9310413599014282,1
ISIC_0029758,NV,1,0.9310423731803894,NV,1,0.9310423731803894,1
ISIC_0028777,MEL,0,0.9311174154281616,MEL,0,0.9311174154281616,1
ISIC_0032177,NV,1,0.9311380982398987,NV,1,0.9311380982398987,1
ISIC_0030413,NV,1,0.9311436414718628,NV,1,0.9311436414718628,1
ISIC_0028835,NV,1,0.9311685562133789,NV,1,0.9311685562133789,1
ISIC_0025431,BKL,4,0.9311838746070862,BKL,4,0.9311838746070862,1
ISIC_0027932,NV,1,0.9312130212783813,NV,1,0.9312130212783813,1
ISIC_0024376,NV,1,0.9312130212783813,NV,1,0.9312130212783813,1
ISIC_0026396,NV,1,0.9312313199043274,NV,1,0.9312313199043274,1
ISIC_0027329,NV,1,0.9312387704849243,NV,1,0.9312387704849243,1
ISIC_0025967,NV,1,0.9312668442726135,NV,1,0.9312668442726135,1
ISIC_0031811,NV,1,0.931286633014679,NV,1,0.931286633014679,1
ISIC_0029917,BCC,2,0.9312987327575684,BCC,2,0.9312987327575684,1
ISIC_0033836,NV,1,0.9312987327575684,NV,1,0.9312987327575684,1
ISIC_0024444,NV,1,0.9312995672225952,NV,1,0.9312995672225952,1
ISIC_0033250,NV,1,0.9313241243362427,NV,1,0.9313241243362427,1
ISIC_0030235,NV,1,0.9313281774520874,NV,1,0.9313281774520874,1
ISIC_0027840,NV,1,0.9313896894454956,NV,1,0.9313896894454956,1
ISIC_0025960,NV,1,0.9313915967941284,NV,1,0.9313915967941284,1
ISIC_0025868,NV,1,0.931416392326355,NV,1,0.931416392326355,1
ISIC_0028884,NV,1,0.9314504265785217,NV,1,0.9314504265785217,1
ISIC_0029973,DF,5,0.9314779043197632,DF,5,0.9314779043197632,1
ISIC_0026469,NV,1,0.9314987063407898,NV,1,0.9314987063407898,1
ISIC_0031873,NV,1,0.9315154552459717,NV,1,0.9315154552459717,1
ISIC_0028888,NV,1,0.9315584897994995,NV,1,0.9315584897994995,1
ISIC_0032390,NV,1,0.9315603971481323,NV,1,0.9315603971481323,1
ISIC_0030291,NV,1,0.9316650629043579,NV,1,0.9316650629043579,1
ISIC_0033386,NV,1,0.9316896796226501,NV,1,0.9316896796226501,1
ISIC_0024754,NV,1,0.9317662715911865,NV,1,0.9317662715911865,1
ISIC_0030924,NV,1,0.9317724108695984,NV,1,0.9317724108695984,1
ISIC_0031387,NV,1,0.931783139705658,NV,1,0.931783139705658,1
ISIC_0029927,BKL,4,0.9317936301231384,BKL,4,0.9317936301231384,1
ISIC_0024720,NV,1,0.9318058490753174,NV,1,0.9318058490753174,1
ISIC_0027330,NV,1,0.9318349957466125,NV,1,0.9318349957466125,1
ISIC_0030943,NV,1,0.931873083114624,NV,1,0.931873083114624,1
ISIC_0030576,NV,1,0.931919276714325,NV,1,0.931919276714325,1
ISIC_0033473,MEL,0,0.9319241642951965,MEL,0,0.9319241642951965,1
ISIC_0026794,BKL,4,0.9319687485694885,BKL,4,0.9319687485694885,1
ISIC_0032067,NV,1,0.9319728016853333,NV,1,0.9319728016853333,1
ISIC_0025888,NV,1,0.93198561668396,NV,1,0.93198561668396,1
ISIC_0033618,NV,1,0.9319918751716614,NV,1,0.9319918751716614,1
ISIC_0029675,NV,1,0.9320060610771179,NV,1,0.9320060610771179,1
ISIC_0024457,BCC,2,0.9320948123931885,BCC,2,0.9320948123931885,1
ISIC_0026831,BCC,2,0.9321339726448059,BCC,2,0.9321339726448059,1
ISIC_0029784,NV,1,0.9321380853652954,NV,1,0.9321380853652954,1
ISIC_0025639,NV,1,0.932174563407898,NV,1,0.932174563407898,1
ISIC_0034224,NV,1,0.9321805834770203,NV,1,0.9321805834770203,1
ISIC_0031161,NV,1,0.9321825504302979,NV,1,0.9321825504302979,1
ISIC_0024361,NV,1,0.9321894645690918,NV,1,0.9321894645690918,1
ISIC_0026494,NV,1,0.9322092533111572,NV,1,0.9322092533111572,1
ISIC_0032294,NV,1,0.9322121739387512,NV,1,0.9322121739387512,1
ISIC_0030882,VASC,6,0.9322951436042786,VASC,6,0.9322951436042786,1
ISIC_0025722,NV,1,0.9323122501373291,NV,1,0.9323122501373291,1
ISIC_0030915,BCC,2,0.9323164820671082,BCC,2,0.9323164820671082,1
ISIC_0026874,NV,1,0.932348370552063,NV,1,0.932348370552063,1
ISIC_0034066,BCC,2,0.9323762655258179,BCC,2,0.9323762655258179,1
ISIC_0026980,NV,1,0.9324067234992981,NV,1,0.9324067234992981,1
ISIC_0030494,NV,1,0.932435154914856,NV,1,0.932435154914856,1
ISIC_0029247,NV,1,0.9324806332588196,NV,1,0.9324806332588196,1
ISIC_0027391,NV,1,0.932486891746521,NV,1,0.932486891746521,1
ISIC_0030907,NV,1,0.9324960112571716,NV,1,0.9324960112571716,1
ISIC_0034043,NV,1,0.932521402835846,NV,1,0.932521402835846,1
ISIC_0033254,VASC,6,0.9325751066207886,VASC,6,0.9325751066207886,1
ISIC_0032021,NV,1,0.9326101541519165,NV,1,0.9326101541519165,1
ISIC_0026564,NV,1,0.9326151013374329,NV,1,0.9326151013374329,1
ISIC_0030527,NV,1,0.9326164722442627,NV,1,0.9326164722442627,1
ISIC_0027152,NV,1,0.9326367974281311,NV,1,0.9326367974281311,1
ISIC_0031590,NV,1,0.9326547980308533,NV,1,0.9326547980308533,1
ISIC_0026180,NV,1,0.9326882362365723,NV,1,0.9326882362365723,1
ISIC_0025030,BKL,4,0.9327189922332764,BKL,4,0.9327189922332764,1
ISIC_0029613,BKL,4,0.932776689529419,BKL,4,0.932776689529419,1
ISIC_0032074,NV,1,0.9327883124351501,NV,1,0.9327883124351501,1
ISIC_0031857,NV,1,0.9327995777130127,NV,1,0.9327995777130127,1
ISIC_0024576,NV,1,0.9328386187553406,NV,1,0.9328386187553406,1
ISIC_0027995,NV,1,0.9328420162200928,NV,1,0.9328420162200928,1
ISIC_0028641,NV,1,0.9328450560569763,NV,1,0.9328450560569763,1
ISIC_0025996,MEL,0,0.9329210519790649,MEL,0,0.9329210519790649,1
ISIC_0030702,NV,1,0.9329242706298828,NV,1,0.9329242706298828,1
ISIC_0032234,NV,1,0.93294358253479,NV,1,0.93294358253479,1
ISIC_0033179,NV,1,0.9329690337181091,NV,1,0.9329690337181091,1
ISIC_0030193,NV,1,0.9329776167869568,NV,1,0.9329776167869568,1
ISIC_0031800,NV,1,0.932986855506897,NV,1,0.932986855506897,1
ISIC_0025705,NV,1,0.9329895377159119,NV,1,0.9329895377159119,1
ISIC_0032380,NV,1,0.9330469369888306,NV,1,0.9330469369888306,1
ISIC_0025005,BKL,4,0.9330858588218689,BKL,4,0.9330858588218689,1
ISIC_0032293,NV,1,0.9330882430076599,NV,1,0.9330882430076599,1
ISIC_0027353,NV,1,0.9331179261207581,NV,1,0.9331179261207581,1
ISIC_0027373,NV,1,0.9331261515617371,NV,1,0.9331261515617371,1
ISIC_0030779,NV,1,0.9331669211387634,NV,1,0.9331669211387634,1
ISIC_0033946,MEL,0,0.9331775307655334,MEL,0,0.9331775307655334,1
ISIC_0030250,NV,1,0.933269202709198,NV,1,0.933269202709198,1
ISIC_0027048,NV,1,0.9332910180091858,NV,1,0.9332910180091858,1
ISIC_0026034,NV,1,0.9333526492118835,NV,1,0.9333526492118835,1
ISIC_0029225,NV,1,0.933355987071991,NV,1,0.933355987071991,1
ISIC_0025430,NV,1,0.9333857297897339,NV,1,0.9333857297897339,1
ISIC_0029410,NV,1,0.93338942527771,NV,1,0.93338942527771,1
ISIC_0028077,NV,1,0.9333974123001099,NV,1,0.9333974123001099,1
ISIC_0029314,NV,1,0.9334027171134949,NV,1,0.9334027171134949,1
ISIC_0027757,NV,1,0.9334322214126587,NV,1,0.9334322214126587,1
ISIC_0029983,NV,1,0.9334338903427124,NV,1,0.9334338903427124,1
ISIC_0032013,BKL,4,0.9334778189659119,BKL,4,0.9334778189659119,1
ISIC_0026932,NV,1,0.9334948658943176,NV,1,0.9334948658943176,1
ISIC_0032309,NV,1,0.9334991574287415,NV,1,0.9334991574287415,1
ISIC_0024353,NV,1,0.9335004687309265,NV,1,0.9335004687309265,1
ISIC_0034292,NV,1,0.9335346817970276,NV,1,0.9335346817970276,1
ISIC_0029666,NV,1,0.933542788028717,NV,1,0.933542788028717,1
ISIC_0033628,NV,1,0.9335687160491943,NV,1,0.9335687160491943,1
ISIC_0031232,NV,1,0.9335723519325256,NV,1,0.9335723519325256,1
ISIC_0026292,NV,1,0.9335773587226868,NV,1,0.9335773587226868,1
ISIC_0029835,NV,1,0.9335951209068298,NV,1,0.9335951209068298,1
ISIC_0027318,NV,1,0.9336323142051697,NV,1,0.9336323142051697,1
ISIC_0034081,NV,1,0.9336325526237488,NV,1,0.9336325526237488,1
ISIC_0029260,BKL,4,0.9336342811584473,BKL,4,0.9336342811584473,1
ISIC_0026139,BKL,4,0.9336686134338379,BKL,4,0.9336686134338379,1
ISIC_0031671,NV,1,0.9336725473403931,NV,1,0.9336725473403931,1
ISIC_0027300,MEL,0,0.9336751103401184,MEL,0,0.9336751103401184,1
ISIC_0026479,NV,1,0.9336848258972168,NV,1,0.9336848258972168,1
ISIC_0031356,NV,1,0.9337303042411804,NV,1,0.9337303042411804,1
ISIC_0025738,NV,1,0.9337455034255981,NV,1,0.9337455034255981,1
ISIC_0033984,NV,1,0.9337558746337891,NV,1,0.9337558746337891,1
ISIC_0030092,NV,1,0.9337632656097412,NV,1,0.9337632656097412,1
ISIC_0030668,NV,1,0.9337766766548157,NV,1,0.9337766766548157,1
ISIC_0031175,BCC,2,0.9337789416313171,BCC,2,0.9337789416313171,1
ISIC_0032865,NV,1,0.9337916374206543,NV,1,0.9337916374206543,1
ISIC_0027924,NV,1,0.9338042140007019,NV,1,0.9338042140007019,1
ISIC_0026356,NV,1,0.9338216781616211,NV,1,0.9338216781616211,1
ISIC_0034213,NV,1,0.9338220953941345,NV,1,0.9338220953941345,1
ISIC_0025626,NV,1,0.9338285326957703,NV,1,0.9338285326957703,1
ISIC_0027698,NV,1,0.9338306188583374,NV,1,0.9338306188583374,1
ISIC_0030016,NV,1,0.9338314533233643,NV,1,0.9338314533233643,1
ISIC_0032728,NV,1,0.9338344931602478,NV,1,0.9338344931602478,1
ISIC_0025369,NV,1,0.9338451623916626,NV,1,0.9338451623916626,1
ISIC_0027526,BCC,2,0.9338515400886536,BCC,2,0.9338515400886536,1
ISIC_0031824,BCC,2,0.9338676333427429,BCC,2,0.9338676333427429,1
ISIC_0028541,NV,1,0.9338793754577637,NV,1,0.9338793754577637,1
ISIC_0031031,NV,1,0.9339298009872437,NV,1,0.9339298009872437,1
ISIC_0025185,NV,1,0.933941662311554,NV,1,0.933941662311554,1
ISIC_0031612,NV,1,0.9339424967765808,NV,1,0.9339424967765808,1
ISIC_0027891,NV,1,0.9339807629585266,NV,1,0.9339807629585266,1
ISIC_0032744,NV,1,0.9339963793754578,NV,1,0.9339963793754578,1
ISIC_0033021,NV,1,0.9340605139732361,NV,1,0.9340605139732361,1
ISIC_0030558,NV,1,0.9340662360191345,NV,1,0.9340662360191345,1
ISIC_0030388,NV,1,0.934066653251648,NV,1,0.934066653251648,1
ISIC_0031856,NV,1,0.9340674877166748,NV,1,0.9340674877166748,1
ISIC_0031827,DF,5,0.9340817332267761,DF,5,0.9340817332267761,1
ISIC_0032850,BCC,2,0.9340897798538208,BCC,2,0.9340897798538208,1
ISIC_0033283,NV,1,0.9340949654579163,NV,1,0.9340949654579163,1
ISIC_0029692,NV,1,0.9341078400611877,NV,1,0.9341078400611877,1
ISIC_0027670,NV,1,0.9341492652893066,NV,1,0.9341492652893066,1
ISIC_0029485,NV,1,0.9341611266136169,NV,1,0.9341611266136169,1
ISIC_0030418,NV,1,0.9341936707496643,NV,1,0.9341936707496643,1
ISIC_0025670,NV,1,0.9342237710952759,NV,1,0.9342237710952759,1
ISIC_0028016,NV,1,0.9342249631881714,NV,1,0.9342249631881714,1
ISIC_0029894,NV,1,0.9342336058616638,NV,1,0.9342336058616638,1
ISIC_0031760,NV,1,0.9342353940010071,NV,1,0.9342353940010071,1
ISIC_0025728,NV,1,0.9343037605285645,NV,1,0.9343037605285645,1
ISIC_0030293,NV,1,0.9343044757843018,NV,1,0.9343044757843018,1
ISIC_0029518,BKL,4,0.9343205094337463,BKL,4,0.9343205094337463,1
ISIC_0028345,NV,1,0.9343496561050415,NV,1,0.9343496561050415,1
ISIC_0032200,BKL,4,0.9343772530555725,BKL,4,0.9343772530555725,1
ISIC_0026270,NV,1,0.9344003200531006,NV,1,0.9344003200531006,1
ISIC_0026267,NV,1,0.9344029426574707,NV,1,0.9344029426574707,1
ISIC_0028799,NV,1,0.934439480304718,NV,1,0.934439480304718,1
ISIC_0033332,NV,1,0.9344403147697449,NV,1,0.9344403147697449,1
ISIC_0033766,NV,1,0.9344497919082642,NV,1,0.9344497919082642,1
ISIC_0030275,VASC,6,0.93446946144104,VASC,6,0.93446946144104,1
ISIC_0026022,NV,1,0.9344922304153442,NV,1,0.9344922304153442,1
ISIC_0028798,NV,1,0.9344953894615173,NV,1,0.9344953894615173,1
ISIC_0024815,NV,1,0.9345155954360962,NV,1,0.9345155954360962,1
ISIC_0026193,NV,1,0.9345353245735168,NV,1,0.9345353245735168,1
ISIC_0030401,NV,1,0.9345638751983643,NV,1,0.9345638751983643,1
ISIC_0029569,NV,1,0.934573233127594,NV,1,0.934573233127594,1
ISIC_0024327,NV,1,0.934582531452179,NV,1,0.934582531452179,1
ISIC_0027672,VASC,6,0.934659481048584,VASC,6,0.934659481048584,1
ISIC_0031216,NV,1,0.9346858263015747,NV,1,0.9346858263015747,1
ISIC_0025112,NV,1,0.934752881526947,NV,1,0.934752881526947,1
ISIC_0033094,NV,1,0.9347936511039734,NV,1,0.9347936511039734,1
ISIC_0029266,NV,1,0.9347960352897644,NV,1,0.9347960352897644,1
ISIC_0032602,MEL,0,0.9348002076148987,MEL,0,0.9348002076148987,1
ISIC_0026012,NV,1,0.9348213076591492,NV,1,0.9348213076591492,1
ISIC_0028536,NV,1,0.9348271489143372,NV,1,0.9348271489143372,1
ISIC_0028269,NV,1,0.9348446726799011,NV,1,0.9348446726799011,1
ISIC_0032077,NV,1,0.9348530769348145,NV,1,0.9348530769348145,1
ISIC_0030846,NV,1,0.9348693490028381,NV,1,0.9348693490028381,1
ISIC_0026197,NV,1,0.9348941445350647,NV,1,0.9348941445350647,1
ISIC_0029671,NV,1,0.9348966479301453,NV,1,0.9348966479301453,1
ISIC_0032911,NV,1,0.9349181056022644,NV,1,0.9349181056022644,1
ISIC_0029463,NV,1,0.9349361658096313,NV,1,0.9349361658096313,1
ISIC_0033069,NV,1,0.9349415898323059,NV,1,0.9349415898323059,1
ISIC_0024379,NV,1,0.9349520802497864,NV,1,0.9349520802497864,1
ISIC_0033502,NV,1,0.9349558353424072,NV,1,0.9349558353424072,1
ISIC_0028740,NV,1,0.9349737763404846,NV,1,0.9349737763404846,1
ISIC_0031493,NV,1,0.935001790523529,NV,1,0.935001790523529,1
ISIC_0033599,NV,1,0.9350128173828125,NV,1,0.9350128173828125,1
ISIC_0029096,NV,1,0.935042679309845,NV,1,0.935042679309845,1
ISIC_0028613,NV,1,0.9350460767745972,NV,1,0.9350460767745972,1
ISIC_0032303,BKL,4,0.935075044631958,BKL,4,0.935075044631958,1
ISIC_0031143,NV,1,0.9351134300231934,NV,1,0.9351134300231934,1
ISIC_0033319,NV,1,0.9351187348365784,NV,1,0.9351187348365784,1
ISIC_0025031,BCC,2,0.9351295828819275,BCC,2,0.9351295828819275,1
ISIC_0029725,NV,1,0.9351431131362915,NV,1,0.9351431131362915,1
ISIC_0028534,NV,1,0.9351544976234436,NV,1,0.9351544976234436,1
ISIC_0025418,NV,1,0.9351725578308105,NV,1,0.9351725578308105,1
ISIC_0032221,NV,1,0.9351958632469177,NV,1,0.9351958632469177,1
ISIC_0031667,NV,1,0.9352076649665833,NV,1,0.9352076649665833,1
ISIC_0025079,NV,1,0.9352307319641113,NV,1,0.9352307319641113,1
ISIC_0032541,NV,1,0.9352378845214844,NV,1,0.9352378845214844,1
ISIC_0028776,NV,1,0.9352480173110962,NV,1,0.9352480173110962,1
ISIC_0031501,NV,1,0.9352672100067139,NV,1,0.9352672100067139,1
ISIC_0025331,AKIEC,3,0.935272216796875,AKIEC,3,0.935272216796875,1
ISIC_0027704,BCC,2,0.9352728128433228,BCC,2,0.9352728128433228,1
ISIC_0031121,NV,1,0.9352858662605286,NV,1,0.9352858662605286,1
ISIC_0031331,NV,1,0.9353293776512146,NV,1,0.9353293776512146,1
ISIC_0025696,AKIEC,3,0.9353296756744385,AKIEC,3,0.9353296756744385,1
ISIC_0032626,MEL,0,0.9353327751159668,MEL,0,0.9353327751159668,1
ISIC_0027131,NV,1,0.9353485703468323,NV,1,0.9353485703468323,1
ISIC_0030147,NV,1,0.9353727698326111,NV,1,0.9353727698326111,1
ISIC_0027396,NV,1,0.9354106187820435,NV,1,0.9354106187820435,1
ISIC_0026329,NV,1,0.9354432821273804,NV,1,0.9354432821273804,1
ISIC_0032623,NV,1,0.935477077960968,NV,1,0.935477077960968,1
ISIC_0024328,NV,1,0.9354821443557739,NV,1,0.9354821443557739,1
ISIC_0031181,BKL,4,0.9354983568191528,BKL,4,0.9354983568191528,1
ISIC_0033052,NV,1,0.935502827167511,NV,1,0.935502827167511,1
ISIC_0024940,MEL,0,0.9355042576789856,MEL,0,0.9355042576789856,1
ISIC_0025574,NV,1,0.9355102181434631,NV,1,0.9355102181434631,1
ISIC_0029770,BKL,4,0.9355295300483704,BKL,4,0.9355295300483704,1
ISIC_0029378,NV,1,0.9355424642562866,NV,1,0.9355424642562866,1
ISIC_0028762,NV,1,0.9355467557907104,NV,1,0.9355467557907104,1
ISIC_0030252,NV,1,0.935555636882782,NV,1,0.935555636882782,1
ISIC_0028118,NV,1,0.9355921149253845,NV,1,0.9355921149253845,1
ISIC_0029577,NV,1,0.9356955885887146,NV,1,0.9356955885887146,1
ISIC_0031968,NV,1,0.9356982707977295,NV,1,0.9356982707977295,1
ISIC_0032367,NV,1,0.9357342720031738,NV,1,0.9357342720031738,1
ISIC_0027931,NV,1,0.9357382655143738,NV,1,0.9357382655143738,1
ISIC_0027581,NV,1,0.9357481598854065,NV,1,0.9357481598854065,1
ISIC_0027909,NV,1,0.9357882738113403,NV,1,0.9357882738113403,1
ISIC_0027595,BCC,2,0.9357962608337402,BCC,2,0.9357962608337402,1
ISIC_0025220,NV,1,0.9358027577400208,NV,1,0.9358027577400208,1
ISIC_0025357,NV,1,0.9358171820640564,NV,1,0.9358171820640564,1
ISIC_0030045,NV,1,0.9358556866645813,NV,1,0.9358556866645813,1
ISIC_0030832,NV,1,0.9358738660812378,NV,1,0.9358738660812378,1
ISIC_0029354,NV,1,0.9358794093132019,NV,1,0.9358794093132019,1
ISIC_0030761,NV,1,0.9359198212623596,NV,1,0.9359198212623596,1
ISIC_0025488,NV,1,0.9359463453292847,NV,1,0.9359463453292847,1
ISIC_0024934,NV,1,0.9359481930732727,NV,1,0.9359481930732727,1
ISIC_0026485,NV,1,0.9359576106071472,NV,1,0.9359576106071472,1
ISIC_0031820,NV,1,0.9359617829322815,NV,1,0.9359617829322815,1
ISIC_0030987,NV,1,0.9359951019287109,NV,1,0.9359951019287109,1
ISIC_0025344,NV,1,0.936021625995636,NV,1,0.936021625995636,1
ISIC_0032903,MEL,0,0.9360281825065613,MEL,0,0.9360281825065613,1
ISIC_0027183,NV,1,0.9360567331314087,NV,1,0.9360567331314087,1
ISIC_0032942,NV,1,0.9360724687576294,NV,1,0.9360724687576294,1
ISIC_0025673,NV,1,0.9360913038253784,NV,1,0.9360913038253784,1
ISIC_0032175,NV,1,0.9360939860343933,NV,1,0.9360939860343933,1
ISIC_0025440,NV,1,0.9361036419868469,NV,1,0.9361036419868469,1
ISIC_0032966,NV,1,0.9361382126808167,NV,1,0.9361382126808167,1
ISIC_0033598,NV,1,0.9361851215362549,NV,1,0.9361851215362549,1
ISIC_0031993,AKIEC,3,0.9362204074859619,AKIEC,3,0.9362204074859619,1
ISIC_0033480,BKL,4,0.9362397789955139,BKL,4,0.9362397789955139,1
ISIC_0033409,NV,1,0.9362413287162781,NV,1,0.9362413287162781,1
ISIC_0029396,BKL,4,0.9362453818321228,BKL,4,0.9362453818321228,1
ISIC_0027180,NV,1,0.9362460970878601,NV,1,0.9362460970878601,1
ISIC_0028366,NV,1,0.9362573027610779,NV,1,0.9362573027610779,1
ISIC_0034257,NV,1,0.9362654685974121,NV,1,0.9362654685974121,1
ISIC_0029686,NV,1,0.9362699389457703,NV,1,0.9362699389457703,1
ISIC_0027727,DF,5,0.9362769722938538,DF,5,0.9362769722938538,1
ISIC_0028303,BCC,2,0.9362859129905701,BCC,2,0.9362859129905701,1
ISIC_0030370,NV,1,0.9363048672676086,NV,1,0.9363048672676086,1
ISIC_0030292,NV,1,0.9363123774528503,NV,1,0.9363123774528503,1
ISIC_0027845,NV,1,0.9363322257995605,NV,1,0.9363322257995605,1
ISIC_0028317,MEL,0,0.9363365173339844,MEL,0,0.9363365173339844,1
ISIC_0027146,BCC,2,0.9363389015197754,BCC,2,0.9363389015197754,1
ISIC_0025565,NV,1,0.9363613724708557,NV,1,0.9363613724708557,1
ISIC_0026718,NV,1,0.9363830089569092,NV,1,0.9363830089569092,1
ISIC_0027439,NV,1,0.9363865852355957,NV,1,0.9363865852355957,1
ISIC_0024465,NV,1,0.9363920092582703,NV,1,0.9363920092582703,1
ISIC_0027050,NV,1,0.9364030957221985,NV,1,0.9364030957221985,1
ISIC_0028059,BCC,2,0.9364216923713684,BCC,2,0.9364216923713684,1
ISIC_0034038,NV,1,0.9364274740219116,NV,1,0.9364274740219116,1
ISIC_0027723,NV,1,0.9364402294158936,NV,1,0.9364402294158936,1
ISIC_0033828,BKL,4,0.9364457726478577,BKL,4,0.9364457726478577,1
ISIC_0033491,BKL,4,0.9365116953849792,BKL,4,0.9365116953849792,1
ISIC_0029077,NV,1,0.9365378618240356,NV,1,0.9365378618240356,1
ISIC_0031127,NV,1,0.93654865026474,NV,1,0.93654865026474,1
ISIC_0028474,NV,1,0.9365559220314026,NV,1,0.9365559220314026,1
ISIC_0024670,NV,1,0.9365560412406921,NV,1,0.9365560412406921,1
ISIC_0029478,NV,1,0.9365854263305664,NV,1,0.9365854263305664,1
ISIC_0028635,NV,1,0.9365921020507812,NV,1,0.9365921020507812,1
ISIC_0032991,BCC,2,0.9366458654403687,BCC,2,0.9366458654403687,1
ISIC_0025857,NV,1,0.9366462230682373,NV,1,0.9366462230682373,1
ISIC_0033350,NV,1,0.9366501569747925,NV,1,0.9366501569747925,1
ISIC_0025006,NV,1,0.9366739988327026,NV,1,0.9366739988327026,1
ISIC_0030663,NV,1,0.9366785287857056,NV,1,0.9366785287857056,1
ISIC_0026837,NV,1,0.9366953372955322,NV,1,0.9366953372955322,1
ISIC_0026567,BKL,4,0.9366982579231262,BKL,4,0.9366982579231262,1
ISIC_0030420,NV,1,0.9366989135742188,NV,1,0.9366989135742188,1
ISIC_0030326,NV,1,0.9367016553878784,NV,1,0.9367016553878784,1
ISIC_0025116,NV,1,0.9367561340332031,NV,1,0.9367561340332031,1
ISIC_0032346,NV,1,0.9368173480033875,NV,1,0.9368173480033875,1
ISIC_0027198,NV,1,0.9368184804916382,NV,1,0.9368184804916382,1
ISIC_0032788,NV,1,0.9368346929550171,NV,1,0.9368346929550171,1
ISIC_0033400,BKL,4,0.9368358254432678,BKL,4,0.9368358254432678,1
ISIC_0026636,NV,1,0.9368431568145752,NV,1,0.9368431568145752,1
ISIC_0033561,NV,1,0.9368749856948853,NV,1,0.9368749856948853,1
ISIC_0025665,NV,1,0.9368769526481628,NV,1,0.9368769526481628,1
ISIC_0025922,NV,1,0.9368783235549927,NV,1,0.9368783235549927,1
ISIC_0026092,VASC,6,0.9368866682052612,VASC,6,0.9368866682052612,1
ISIC_0033426,MEL,0,0.9369109869003296,MEL,0,0.9369109869003296,1
ISIC_0027231,AKIEC,3,0.9369168281555176,AKIEC,3,0.9369168281555176,1
ISIC_0027137,NV,1,0.9369226098060608,NV,1,0.9369226098060608,1
ISIC_0026721,NV,1,0.9369524121284485,NV,1,0.9369524121284485,1
ISIC_0034217,NV,1,0.936959445476532,NV,1,0.936959445476532,1
ISIC_0032591,NV,1,0.93696129322052,NV,1,0.93696129322052,1
ISIC_0033983,NV,1,0.9369697570800781,NV,1,0.9369697570800781,1
ISIC_0029108,BKL,4,0.9369825720787048,BKL,4,0.9369825720787048,1
ISIC_0026447,NV,1,0.9370508193969727,NV,1,0.9370508193969727,1
ISIC_0032834,BCC,2,0.9370598196983337,BCC,2,0.9370598196983337,1
ISIC_0025283,NV,1,0.9370816946029663,NV,1,0.9370816946029663,1
ISIC_0031572,NV,1,0.9370847344398499,NV,1,0.9370847344398499,1
ISIC_0034161,BCC,2,0.9370865821838379,BCC,2,0.9370865821838379,1
ISIC_0031145,NV,1,0.9371341466903687,NV,1,0.9371341466903687,1
ISIC_0024965,NV,1,0.9371578097343445,NV,1,0.9371578097343445,1
ISIC_0028390,NV,1,0.9371628165245056,NV,1,0.9371628165245056,1
ISIC_0025012,NV,1,0.9371819496154785,NV,1,0.9371819496154785,1
ISIC_0028319,NV,1,0.9371845722198486,NV,1,0.9371845722198486,1
ISIC_0029109,NV,1,0.9372106790542603,NV,1,0.9372106790542603,1
ISIC_0031298,BCC,2,0.9372154474258423,BCC,2,0.9372154474258423,1
ISIC_0033116,NV,1,0.9372231960296631,NV,1,0.9372231960296631,1
ISIC_0030671,NV,1,0.9372241497039795,NV,1,0.9372241497039795,1
ISIC_0032015,NV,1,0.9372314810752869,NV,1,0.9372314810752869,1
ISIC_0034025,NV,1,0.9372776746749878,NV,1,0.9372776746749878,1
ISIC_0031541,NV,1,0.9373385310173035,NV,1,0.9373385310173035,1
ISIC_0027579,NV,1,0.9373416900634766,NV,1,0.9373416900634766,1
ISIC_0028027,NV,1,0.9373430013656616,NV,1,0.9373430013656616,1
ISIC_0024567,NV,1,0.9373451471328735,NV,1,0.9373451471328735,1
ISIC_0030132,NV,1,0.9373666048049927,NV,1,0.9373666048049927,1
ISIC_0025671,NV,1,0.9373701810836792,NV,1,0.9373701810836792,1
ISIC_0033822,NV,1,0.9373713135719299,NV,1,0.9373713135719299,1
ISIC_0026736,NV,1,0.937380850315094,NV,1,0.937380850315094,1
ISIC_0030983,NV,1,0.937400758266449,NV,1,0.937400758266449,1
ISIC_0025522,NV,1,0.9374146461486816,NV,1,0.9374146461486816,1
ISIC_0031502,NV,1,0.9374357461929321,NV,1,0.9374357461929321,1
ISIC_0033199,BKL,4,0.9374415874481201,BKL,4,0.9374415874481201,1
ISIC_0026884,NV,1,0.9374584555625916,NV,1,0.9374584555625916,1
ISIC_0032085,NV,1,0.9374958872795105,NV,1,0.9374958872795105,1
ISIC_0027628,NV,1,0.9375168085098267,NV,1,0.9375168085098267,1
ISIC_0033109,NV,1,0.9375180006027222,NV,1,0.9375180006027222,1
ISIC_0034212,NV,1,0.9375292062759399,NV,1,0.9375292062759399,1
ISIC_0031332,NV,1,0.9375369548797607,NV,1,0.9375369548797607,1
ISIC_0028509,NV,1,0.9375709891319275,NV,1,0.9375709891319275,1
ISIC_0026023,NV,1,0.9375824928283691,NV,1,0.9375824928283691,1
ISIC_0029004,NV,1,0.9375956058502197,NV,1,0.9375956058502197,1
ISIC_0030018,NV,1,0.9376289248466492,NV,1,0.9376289248466492,1
ISIC_0028645,NV,1,0.937644362449646,NV,1,0.937644362449646,1
ISIC_0029490,NV,1,0.9376551508903503,NV,1,0.9376551508903503,1
ISIC_0030131,NV,1,0.9376660585403442,NV,1,0.9376660585403442,1
ISIC_0027770,BKL,4,0.9376828074455261,BKL,4,0.9376828074455261,1
ISIC_0031153,NV,1,0.9376934170722961,NV,1,0.9376934170722961,1
ISIC_0029091,NV,1,0.9376975893974304,NV,1,0.9376975893974304,1
ISIC_0032893,NV,1,0.9377169609069824,NV,1,0.9377169609069824,1
ISIC_0025719,BKL,4,0.9377223253250122,BKL,4,0.9377223253250122,1
ISIC_0025259,NV,1,0.9377308487892151,NV,1,0.9377308487892151,1
ISIC_0026288,NV,1,0.937790036201477,NV,1,0.937790036201477,1
ISIC_0025198,NV,1,0.9378089308738708,NV,1,0.9378089308738708,1
ISIC_0033282,NV,1,0.9378142952919006,NV,1,0.9378142952919006,1
ISIC_0033493,NV,1,0.9378217458724976,NV,1,0.9378217458724976,1
ISIC_0024960,NV,1,0.9378291368484497,NV,1,0.9378291368484497,1
ISIC_0028959,NV,1,0.9378563165664673,NV,1,0.9378563165664673,1
ISIC_0027341,NV,1,0.937859058380127,NV,1,0.937859058380127,1
ISIC_0028787,NV,1,0.9378640651702881,NV,1,0.9378640651702881,1
ISIC_0032037,NV,1,0.9378730058670044,NV,1,0.9378730058670044,1
ISIC_0030425,NV,1,0.9379773139953613,NV,1,0.9379773139953613,1
ISIC_0031044,AKIEC,3,0.9379982948303223,AKIEC,3,0.9379982948303223,1
ISIC_0025535,NV,1,0.9380318522453308,NV,1,0.9380318522453308,1
ISIC_0028612,NV,1,0.9380322098731995,NV,1,0.9380322098731995,1
ISIC_0027252,NV,1,0.9380491971969604,NV,1,0.9380491971969604,1
ISIC_0030335,BCC,2,0.9380536079406738,BCC,2,0.9380536079406738,1
ISIC_0029775,NV,1,0.938054621219635,NV,1,0.938054621219635,1
ISIC_0030684,NV,1,0.9380590319633484,NV,1,0.9380590319633484,1
ISIC_0032010,NV,1,0.9380695223808289,NV,1,0.9380695223808289,1
ISIC_0031751,NV,1,0.938076376914978,NV,1,0.938076376914978,1
ISIC_0029607,NV,1,0.9380806684494019,NV,1,0.9380806684494019,1
ISIC_0029063,NV,1,0.9380829334259033,NV,1,0.9380829334259033,1
ISIC_0032032,NV,1,0.9380990266799927,NV,1,0.9380990266799927,1
ISIC_0031072,NV,1,0.9381387829780579,NV,1,0.9381387829780579,1
ISIC_0034229,NV,1,0.9381523132324219,NV,1,0.9381523132324219,1
ISIC_0026601,NV,1,0.9381533861160278,NV,1,0.9381533861160278,1
ISIC_0030400,NV,1,0.9381593465805054,NV,1,0.9381593465805054,1
ISIC_0024337,BKL,4,0.9381730556488037,BKL,4,0.9381730556488037,1
ISIC_0031207,NV,1,0.9382157921791077,NV,1,0.9382157921791077,1
ISIC_0034045,NV,1,0.9382295608520508,NV,1,0.9382295608520508,1
ISIC_0025100,NV,1,0.9382893443107605,NV,1,0.9382893443107605,1
ISIC_0032977,NV,1,0.9382915496826172,NV,1,0.9382915496826172,1
ISIC_0032792,NV,1,0.93830806016922,NV,1,0.93830806016922,1
ISIC_0029286,NV,1,0.9383091926574707,NV,1,0.9383091926574707,1
ISIC_0031348,NV,1,0.9383127689361572,NV,1,0.9383127689361572,1
ISIC_0027395,NV,1,0.9383164048194885,NV,1,0.9383164048194885,1
ISIC_0030069,NV,1,0.9383211731910706,NV,1,0.9383211731910706,1
ISIC_0028422,NV,1,0.9383278489112854,NV,1,0.9383278489112854,1
ISIC_0027585,NV,1,0.9383448958396912,NV,1,0.9383448958396912,1
ISIC_0028253,NV,1,0.9383694529533386,NV,1,0.9383694529533386,1
ISIC_0026903,NV,1,0.9383893013000488,NV,1,0.9383893013000488,1
ISIC_0026875,NV,1,0.9383916854858398,NV,1,0.9383916854858398,1
ISIC_0029246,NV,1,0.938408613204956,NV,1,0.938408613204956,1
ISIC_0032195,NV,1,0.9384129047393799,NV,1,0.9384129047393799,1
ISIC_0026894,NV,1,0.938417911529541,NV,1,0.938417911529541,1
ISIC_0028030,NV,1,0.9384490251541138,NV,1,0.9384490251541138,1
ISIC_0031163,NV,1,0.938468873500824,NV,1,0.938468873500824,1
ISIC_0030041,NV,1,0.9384727478027344,NV,1,0.9384727478027344,1
ISIC_0029492,NV,1,0.9384832382202148,NV,1,0.9384832382202148,1
ISIC_0025900,NV,1,0.9384898543357849,NV,1,0.9384898543357849,1
ISIC_0031562,NV,1,0.9385045766830444,NV,1,0.9385045766830444,1
ISIC_0030611,NV,1,0.9385119080543518,NV,1,0.9385119080543518,1
ISIC_0030748,NV,1,0.9385406970977783,NV,1,0.9385406970977783,1
ISIC_0027974,NV,1,0.9385468363761902,NV,1,0.9385468363761902,1
ISIC_0028184,NV,1,0.9385747909545898,NV,1,0.9385747909545898,1
ISIC_0025714,NV,1,0.9386270046234131,NV,1,0.9386270046234131,1
ISIC_0030152,NV,1,0.9386293292045593,NV,1,0.9386293292045593,1
ISIC_0030772,NV,1,0.938633918762207,NV,1,0.938633918762207,1
ISIC_0027136,NV,1,0.9386399388313293,NV,1,0.9386399388313293,1
ISIC_0028649,NV,1,0.9386491775512695,NV,1,0.9386491775512695,1
ISIC_0029975,NV,1,0.9386496543884277,NV,1,0.9386496543884277,1
ISIC_0031202,NV,1,0.9386546015739441,NV,1,0.9386546015739441,1
ISIC_0034056,NV,1,0.9386590123176575,NV,1,0.9386590123176575,1
ISIC_0033121,NV,1,0.9387272000312805,NV,1,0.9387272000312805,1
ISIC_0031623,NV,1,0.9387299418449402,NV,1,0.9387299418449402,1
ISIC_0027099,NV,1,0.9387794137001038,NV,1,0.9387794137001038,1
ISIC_0025676,NV,1,0.9388051629066467,NV,1,0.9388051629066467,1
ISIC_0027760,BKL,4,0.9388598799705505,BKL,4,0.9388598799705505,1
ISIC_0031525,NV,1,0.9388641119003296,NV,1,0.9388641119003296,1
ISIC_0025552,NV,1,0.9388817548751831,NV,1,0.9388817548751831,1
ISIC_0032578,NV,1,0.9388939142227173,NV,1,0.9388939142227173,1
ISIC_0025569,NV,1,0.93890380859375,NV,1,0.93890380859375,1
ISIC_0034250,NV,1,0.9389084577560425,NV,1,0.9389084577560425,1
ISIC_0032127,NV,1,0.938926100730896,NV,1,0.938926100730896,1
ISIC_0030054,NV,1,0.9389281868934631,NV,1,0.9389281868934631,1
ISIC_0026598,NV,1,0.9389321804046631,NV,1,0.9389321804046631,1
ISIC_0027975,NV,1,0.9389355778694153,NV,1,0.9389355778694153,1
ISIC_0026015,BKL,4,0.9389356374740601,BKL,4,0.9389356374740601,1
ISIC_0028378,NV,1,0.9389358758926392,NV,1,0.9389358758926392,1
ISIC_0033874,MEL,0,0.9389380812644958,MEL,0,0.9389380812644958,1
ISIC_0030764,NV,1,0.9389726519584656,NV,1,0.9389726519584656,1
ISIC_0027751,NV,1,0.9389975666999817,NV,1,0.9389975666999817,1
ISIC_0032580,NV,1,0.9389992356300354,NV,1,0.9389992356300354,1
ISIC_0031696,NV,1,0.9390212297439575,NV,1,0.9390212297439575,1
ISIC_0028195,NV,1,0.9390274286270142,NV,1,0.9390274286270142,1
ISIC_0031544,NV,1,0.939061164855957,NV,1,0.939061164855957,1
ISIC_0033157,NV,1,0.9390670657157898,NV,1,0.9390670657157898,1
ISIC_0029001,NV,1,0.9390720725059509,NV,1,0.9390720725059509,1
ISIC_0032513,BKL,4,0.9390965700149536,BKL,4,0.9390965700149536,1
ISIC_0030879,NV,1,0.9391031861305237,NV,1,0.9391031861305237,1
ISIC_0031693,NV,1,0.9391316771507263,NV,1,0.9391316771507263,1
ISIC_0029529,NV,1,0.9391580820083618,NV,1,0.9391580820083618,1
ISIC_0024862,NV,1,0.9391607046127319,NV,1,0.9391607046127319,1
ISIC_0027315,NV,1,0.9391714334487915,NV,1,0.9391714334487915,1
ISIC_0029540,NV,1,0.9391863942146301,NV,1,0.9391863942146301,1
ISIC_0031654,NV,1,0.939190685749054,NV,1,0.939190685749054,1
ISIC_0033472,NV,1,0.9392367601394653,NV,1,0.9392367601394653,1
ISIC_0026922,NV,1,0.9392507076263428,NV,1,0.9392507076263428,1
ISIC_0025516,NV,1,0.9392545223236084,NV,1,0.9392545223236084,1
ISIC_0026320,NV,1,0.9392930269241333,NV,1,0.9392930269241333,1
ISIC_0030450,NV,1,0.9392939805984497,NV,1,0.9392939805984497,1
ISIC_0028783,NV,1,0.9392995238304138,NV,1,0.9392995238304138,1
ISIC_0028597,NV,1,0.9393064975738525,NV,1,0.9393064975738525,1
ISIC_0029199,NV,1,0.9393260478973389,NV,1,0.9393260478973389,1
ISIC_0028224,AKIEC,3,0.9393271207809448,AKIEC,3,0.9393271207809448,1
ISIC_0029125,NV,1,0.9393542408943176,NV,1,0.9393542408943176,1
ISIC_0032211,NV,1,0.9393616914749146,NV,1,0.9393616914749146,1
ISIC_0029624,NV,1,0.9393700957298279,NV,1,0.9393700957298279,1
ISIC_0025497,NV,1,0.9393938779830933,NV,1,0.9393938779830933,1
ISIC_0026521,NV,1,0.939396321773529,NV,1,0.939396321773529,1
ISIC_0028342,NV,1,0.9394015669822693,NV,1,0.9394015669822693,1
ISIC_0028394,NV,1,0.9394364953041077,NV,1,0.9394364953041077,1
ISIC_0027731,NV,1,0.9394659399986267,NV,1,0.9394659399986267,1
ISIC_0030720,NV,1,0.9394906759262085,NV,1,0.9394906759262085,1
ISIC_0029324,NV,1,0.9395143389701843,NV,1,0.9395143389701843,1
ISIC_0030691,NV,1,0.9395306706428528,NV,1,0.9395306706428528,1
ISIC_0029044,NV,1,0.9395325779914856,NV,1,0.9395325779914856,1
ISIC_0032146,BCC,2,0.9395363330841064,BCC,2,0.9395363330841064,1
ISIC_0032443,NV,1,0.9395456910133362,NV,1,0.9395456910133362,1
ISIC_0034272,NV,1,0.9395665526390076,NV,1,0.9395665526390076,1
ISIC_0028193,NV,1,0.939585268497467,NV,1,0.939585268497467,1
ISIC_0025601,BCC,2,0.9396257996559143,BCC,2,0.9396257996559143,1
ISIC_0032719,BKL,4,0.9396560192108154,BKL,4,0.9396560192108154,1
ISIC_0030556,NV,1,0.9396645426750183,NV,1,0.9396645426750183,1
ISIC_0032825,NV,1,0.9396844506263733,NV,1,0.9396844506263733,1
ISIC_0028420,NV,1,0.9396846294403076,NV,1,0.9396846294403076,1
ISIC_0032717,NV,1,0.9396981000900269,NV,1,0.9396981000900269,1
ISIC_0031880,NV,1,0.9397578835487366,NV,1,0.9397578835487366,1
ISIC_0033354,BCC,2,0.9397646188735962,BCC,2,0.9397646188735962,1
ISIC_0027147,NV,1,0.9397648572921753,NV,1,0.9397648572921753,1
ISIC_0031455,NV,1,0.9397689700126648,NV,1,0.9397689700126648,1
ISIC_0029537,NV,1,0.9397746324539185,NV,1,0.9397746324539185,1
ISIC_0033113,NV,1,0.9398210644721985,NV,1,0.9398210644721985,1
ISIC_0029261,NV,1,0.939849853515625,NV,1,0.939849853515625,1
ISIC_0029882,NV,1,0.9398564696311951,NV,1,0.9398564696311951,1
ISIC_0029679,NV,1,0.9398863911628723,NV,1,0.9398863911628723,1
ISIC_0028034,NV,1,0.9398897290229797,NV,1,0.9398897290229797,1
ISIC_0025786,NV,1,0.9399176239967346,NV,1,0.9399176239967346,1
ISIC_0032902,NV,1,0.9399207830429077,NV,1,0.9399207830429077,1
ISIC_0029629,NV,1,0.9399234652519226,NV,1,0.9399234652519226,1
ISIC_0026010,NV,1,0.9399694800376892,NV,1,0.9399694800376892,1
ISIC_0032171,NV,1,0.9400005340576172,NV,1,0.9400005340576172,1
ISIC_0025267,NV,1,0.9400078058242798,NV,1,0.9400078058242798,1
ISIC_0024614,NV,1,0.9400304555892944,NV,1,0.9400304555892944,1
ISIC_0030385,NV,1,0.9400691390037537,NV,1,0.9400691390037537,1
ISIC_0027621,NV,1,0.9400776624679565,NV,1,0.9400776624679565,1
ISIC_0026430,MEL,0,0.9400912523269653,MEL,0,0.9400912523269653,1
ISIC_0024907,NV,1,0.9401193857192993,NV,1,0.9401193857192993,1
ISIC_0032809,NV,1,0.9401302337646484,NV,1,0.9401302337646484,1
ISIC_0032543,NV,1,0.9401437044143677,NV,1,0.9401437044143677,1
ISIC_0027336,NV,1,0.9401475191116333,NV,1,0.9401475191116333,1
ISIC_0027508,NV,1,0.9401853084564209,NV,1,0.9401853084564209,1
ISIC_0024896,NV,1,0.9401863813400269,NV,1,0.9401863813400269,1
ISIC_0027638,NV,1,0.9401882886886597,NV,1,0.9401882886886597,1
ISIC_0030712,BCC,2,0.9402377009391785,BCC,2,0.9402377009391785,1
ISIC_0030520,NV,1,0.940249502658844,NV,1,0.940249502658844,1
ISIC_0029696,NV,1,0.9402627944946289,NV,1,0.9402627944946289,1
ISIC_0034281,NV,1,0.9402657151222229,NV,1,0.9402657151222229,1
ISIC_0026929,NV,1,0.9402724504470825,NV,1,0.9402724504470825,1
ISIC_0034171,NV,1,0.940281093120575,NV,1,0.940281093120575,1
ISIC_0032783,NV,1,0.9403184056282043,NV,1,0.9403184056282043,1
ISIC_0027434,NV,1,0.9403504729270935,NV,1,0.9403504729270935,1
ISIC_0029158,NV,1,0.9404476881027222,NV,1,0.9404476881027222,1
ISIC_0032281,NV,1,0.9404929876327515,NV,1,0.9404929876327515,1
ISIC_0029167,NV,1,0.9405012130737305,NV,1,0.9405012130737305,1
ISIC_0033635,BKL,4,0.9405025839805603,BKL,4,0.9405025839805603,1
ISIC_0028601,NV,1,0.9405128359794617,NV,1,0.9405128359794617,1
ISIC_0033818,NV,1,0.9405228495597839,NV,1,0.9405228495597839,1
ISIC_0028893,NV,1,0.9405359029769897,NV,1,0.9405359029769897,1
ISIC_0029816,NV,1,0.9405813813209534,NV,1,0.9405813813209534,1
ISIC_0029307,NV,1,0.9405949711799622,NV,1,0.9405949711799622,1
ISIC_0029733,NV,1,0.9405992031097412,NV,1,0.9405992031097412,1
ISIC_0030457,NV,1,0.9406099915504456,NV,1,0.9406099915504456,1
ISIC_0028244,NV,1,0.9406118392944336,NV,1,0.9406118392944336,1
ISIC_0031648,VASC,6,0.9406387805938721,VASC,6,0.9406387805938721,1
ISIC_0032290,BCC,2,0.9406704306602478,BCC,2,0.9406704306602478,1
ISIC_0025649,NV,1,0.9406841397285461,NV,1,0.9406841397285461,1
ISIC_0024633,NV,1,0.9407192468643188,NV,1,0.9407192468643188,1
ISIC_0024712,NV,1,0.9407219886779785,NV,1,0.9407219886779785,1
ISIC_0025371,NV,1,0.9407356977462769,NV,1,0.9407356977462769,1
ISIC_0028898,MEL,0,0.940768837928772,MEL,0,0.940768837928772,1
ISIC_0031199,NV,1,0.9408180117607117,NV,1,0.9408180117607117,1
ISIC_0025233,NV,1,0.9408236742019653,NV,1,0.9408236742019653,1
ISIC_0031339,MEL,0,0.9408408999443054,MEL,0,0.9408408999443054,1
ISIC_0030320,NV,1,0.9408732056617737,NV,1,0.9408732056617737,1
ISIC_0029197,NV,1,0.9409480094909668,NV,1,0.9409480094909668,1
ISIC_0031398,NV,1,0.9409574866294861,NV,1,0.9409574866294861,1
ISIC_0027696,NV,1,0.9409652352333069,NV,1,0.9409652352333069,1
ISIC_0030075,NV,1,0.9409797787666321,NV,1,0.9409797787666321,1
ISIC_0030307,NV,1,0.9409864544868469,NV,1,0.9409864544868469,1
ISIC_0030621,NV,1,0.9409905672073364,NV,1,0.9409905672073364,1
ISIC_0033951,NV,1,0.9410210847854614,NV,1,0.9410210847854614,1
ISIC_0032273,NV,1,0.9410218000411987,NV,1,0.9410218000411987,1
ISIC_0029187,NV,1,0.9410534501075745,NV,1,0.9410534501075745,1
ISIC_0031516,NV,1,0.9410679340362549,NV,1,0.9410679340362549,1
ISIC_0026715,NV,1,0.9410718083381653,NV,1,0.9410718083381653,1
ISIC_0026763,NV,1,0.941087543964386,NV,1,0.941087543964386,1
ISIC_0025311,NV,1,0.9411117434501648,NV,1,0.9411117434501648,1
ISIC_0033145,NV,1,0.9411152005195618,NV,1,0.9411152005195618,1
ISIC_0025858,NV,1,0.9411332011222839,NV,1,0.9411332011222839,1
ISIC_0027908,NV,1,0.9411454200744629,NV,1,0.9411454200744629,1
ISIC_0025959,NV,1,0.9411496520042419,NV,1,0.9411496520042419,1
ISIC_0025483,NV,1,0.9411612749099731,NV,1,0.9411612749099731,1
ISIC_0025395,NV,1,0.9411768913269043,NV,1,0.9411768913269043,1
ISIC_0033236,NV,1,0.9411905407905579,NV,1,0.9411905407905579,1
ISIC_0030453,NV,1,0.9412023425102234,NV,1,0.9412023425102234,1
ISIC_0026002,NV,1,0.9412201642990112,NV,1,0.9412201642990112,1
ISIC_0029372,BCC,2,0.9412349462509155,BCC,2,0.9412349462509155,1
ISIC_0029910,NV,1,0.9412462711334229,NV,1,0.9412462711334229,1
ISIC_0029058,NV,1,0.9412832260131836,NV,1,0.9412832260131836,1
ISIC_0027660,NV,1,0.9412845969200134,NV,1,0.9412845969200134,1
ISIC_0029918,NV,1,0.9412899017333984,NV,1,0.9412899017333984,1
ISIC_0029168,NV,1,0.9412901997566223,NV,1,0.9412901997566223,1
ISIC_0025687,NV,1,0.9412933588027954,NV,1,0.9412933588027954,1
ISIC_0031147,NV,1,0.9412964582443237,NV,1,0.9412964582443237,1
ISIC_0033907,NV,1,0.9413201212882996,NV,1,0.9413201212882996,1
ISIC_0027236,NV,1,0.9413581490516663,NV,1,0.9413581490516663,1
ISIC_0031703,NV,1,0.941365122795105,NV,1,0.941365122795105,1
ISIC_0030270,NV,1,0.9413682818412781,NV,1,0.9413682818412781,1
ISIC_0031845,NV,1,0.9413686990737915,NV,1,0.9413686990737915,1
ISIC_0030768,BKL,4,0.9413884282112122,BKL,4,0.9413884282112122,1
ISIC_0031822,NV,1,0.9414031505584717,NV,1,0.9414031505584717,1
ISIC_0029703,NV,1,0.9414504766464233,NV,1,0.9414504766464233,1
ISIC_0027864,NV,1,0.9414581656455994,NV,1,0.9414581656455994,1
ISIC_0028019,NV,1,0.9414626359939575,NV,1,0.9414626359939575,1
ISIC_0028733,NV,1,0.9414830207824707,NV,1,0.9414830207824707,1
ISIC_0024363,NV,1,0.9414958953857422,NV,1,0.9414958953857422,1
ISIC_0028539,NV,1,0.9415720105171204,NV,1,0.9415720105171204,1
ISIC_0031756,NV,1,0.9415865540504456,NV,1,0.9415865540504456,1
ISIC_0026137,NV,1,0.9416002035140991,NV,1,0.9416002035140991,1
ISIC_0029347,NV,1,0.9416320323944092,NV,1,0.9416320323944092,1
ISIC_0028070,NV,1,0.9416329860687256,NV,1,0.9416329860687256,1
ISIC_0026300,NV,1,0.941634476184845,NV,1,0.941634476184845,1
ISIC_0027080,NV,1,0.9416607618331909,NV,1,0.9416607618331909,1
ISIC_0033989,NV,1,0.9416667222976685,NV,1,0.9416667222976685,1
ISIC_0029280,NV,1,0.9416714310646057,NV,1,0.9416714310646057,1
ISIC_0029465,NV,1,0.9416715502738953,NV,1,0.9416715502738953,1
ISIC_0032853,NV,1,0.9416727423667908,NV,1,0.9416727423667908,1
ISIC_0028433,NV,1,0.9416853785514832,NV,1,0.9416853785514832,1
ISIC_0026514,BKL,4,0.9416866898536682,BKL,4,0.9416866898536682,1
ISIC_0024442,NV,1,0.9416939616203308,NV,1,0.9416939616203308,1
ISIC_0030782,BCC,2,0.9417028427124023,BCC,2,0.9417028427124023,1
ISIC_0028391,NV,1,0.9417032599449158,NV,1,0.9417032599449158,1
ISIC_0028047,NV,1,0.9417082667350769,NV,1,0.9417082667350769,1
ISIC_0025994,NV,1,0.9417327642440796,NV,1,0.9417327642440796,1
ISIC_0031730,NV,1,0.9417401552200317,NV,1,0.9417401552200317,1
ISIC_0027766,NV,1,0.9417853951454163,NV,1,0.9417853951454163,1
ISIC_0027674,NV,1,0.9417909383773804,NV,1,0.9417909383773804,1
ISIC_0026317,NV,1,0.941796600818634,NV,1,0.941796600818634,1
ISIC_0027246,NV,1,0.9418110251426697,NV,1,0.9418110251426697,1
ISIC_0027882,NV,1,0.9418162703514099,NV,1,0.9418162703514099,1
ISIC_0024692,NV,1,0.9418380856513977,NV,1,0.9418380856513977,1
ISIC_0033149,NV,1,0.9418654441833496,NV,1,0.9418654441833496,1
ISIC_0029898,NV,1,0.9418704509735107,NV,1,0.9418704509735107,1
ISIC_0030921,NV,1,0.9418748617172241,NV,1,0.9418748617172241,1
ISIC_0027086,NV,1,0.9418848156929016,NV,1,0.9418848156929016,1
ISIC_0032678,NV,1,0.9418964385986328,NV,1,0.9418964385986328,1
ISIC_0031073,NV,1,0.9419022798538208,NV,1,0.9419022798538208,1
ISIC_0028167,NV,1,0.9419621229171753,NV,1,0.9419621229171753,1
ISIC_0029300,NV,1,0.9419704675674438,NV,1,0.9419704675674438,1
ISIC_0031294,BCC,2,0.941978931427002,BCC,2,0.941978931427002,1
ISIC_0031079,NV,1,0.9420015811920166,NV,1,0.9420015811920166,1
ISIC_0031487,NV,1,0.942008376121521,NV,1,0.942008376121521,1
ISIC_0025242,NV,1,0.9420108199119568,NV,1,0.9420108199119568,1
ISIC_0028904,NV,1,0.942021369934082,NV,1,0.942021369934082,1
ISIC_0026410,NV,1,0.942030668258667,NV,1,0.942030668258667,1
ISIC_0028482,NV,1,0.942035973072052,NV,1,0.942035973072052,1
ISIC_0032178,NV,1,0.9420384168624878,NV,1,0.9420384168624878,1
ISIC_0027340,NV,1,0.9420399069786072,NV,1,0.9420399069786072,1
ISIC_0029589,NV,1,0.9420418739318848,NV,1,0.9420418739318848,1
ISIC_0033235,BKL,4,0.9420587420463562,BKL,4,0.9420587420463562,1
ISIC_0027020,NV,1,0.9420822858810425,NV,1,0.9420822858810425,1
ISIC_0024404,NV,1,0.9420833587646484,NV,1,0.9420833587646484,1
ISIC_0029160,NV,1,0.9420855641365051,NV,1,0.9420855641365051,1
ISIC_0029960,NV,1,0.9421184062957764,NV,1,0.9421184062957764,1
ISIC_0033374,NV,1,0.9421331882476807,NV,1,0.9421331882476807,1
ISIC_0026344,NV,1,0.9421595335006714,NV,1,0.9421595335006714,1
ISIC_0025281,NV,1,0.9421637058258057,NV,1,0.9421637058258057,1
ISIC_0026948,NV,1,0.94217848777771,NV,1,0.94217848777771,1
ISIC_0031983,NV,1,0.9421792030334473,NV,1,0.9421792030334473,1
ISIC_0026819,NV,1,0.9421800971031189,NV,1,0.9421800971031189,1
ISIC_0031869,NV,1,0.9421997666358948,NV,1,0.9421997666358948,1
ISIC_0034054,NV,1,0.9422041773796082,NV,1,0.9422041773796082,1
ISIC_0033158,VASC,6,0.9422250390052795,VASC,6,0.9422250390052795,1
ISIC_0026889,NV,1,0.9422428607940674,NV,1,0.9422428607940674,1
ISIC_0026478,NV,1,0.9422513842582703,NV,1,0.9422513842582703,1
ISIC_0032299,NV,1,0.9422568082809448,NV,1,0.9422568082809448,1
ISIC_0026627,NV,1,0.9422644376754761,NV,1,0.9422644376754761,1
ISIC_0029834,NV,1,0.9422718286514282,NV,1,0.9422718286514282,1
ISIC_0031978,NV,1,0.9422754645347595,NV,1,0.9422754645347595,1
ISIC_0034013,NV,1,0.9422973394393921,NV,1,0.9422973394393921,1
ISIC_0032974,NV,1,0.9423154592514038,NV,1,0.9423154592514038,1
ISIC_0028664,NV,1,0.942331850528717,NV,1,0.942331850528717,1
ISIC_0033641,NV,1,0.9423342943191528,NV,1,0.9423342943191528,1
ISIC_0031579,NV,1,0.9423520565032959,NV,1,0.9423520565032959,1
ISIC_0031255,NV,1,0.9423747062683105,NV,1,0.9423747062683105,1
ISIC_0025377,NV,1,0.9424078464508057,NV,1,0.9424078464508057,1
ISIC_0025028,NV,1,0.9424314498901367,NV,1,0.9424314498901367,1
ISIC_0026202,NV,1,0.9424455761909485,NV,1,0.9424455761909485,1
ISIC_0030432,NV,1,0.9424484372138977,NV,1,0.9424484372138977,1
ISIC_0029053,BCC,2,0.942449688911438,BCC,2,0.942449688911438,1
ISIC_0025859,NV,1,0.9424541592597961,NV,1,0.9424541592597961,1
ISIC_0030033,NV,1,0.9424648284912109,NV,1,0.9424648284912109,1
ISIC_0033585,NV,1,0.9424656629562378,NV,1,0.9424656629562378,1
ISIC_0026994,NV,1,0.942484438419342,NV,1,0.942484438419342,1
ISIC_0030685,NV,1,0.9424957633018494,NV,1,0.9424957633018494,1
ISIC_0034139,NV,1,0.9424967765808105,NV,1,0.9424967765808105,1
ISIC_0029453,MEL,0,0.9425159692764282,MEL,0,0.9425159692764282,1
ISIC_0025833,NV,1,0.9425290822982788,NV,1,0.9425290822982788,1
ISIC_0029047,NV,1,0.9425432085990906,NV,1,0.9425432085990906,1
ISIC_0031480,NV,1,0.942588746547699,NV,1,0.942588746547699,1
ISIC_0030617,NV,1,0.9426060914993286,NV,1,0.9426060914993286,1
ISIC_0028860,MEL,0,0.9426184892654419,MEL,0,0.9426184892654419,1
ISIC_0028492,NV,1,0.9426262378692627,NV,1,0.9426262378692627,1
ISIC_0024593,NV,1,0.9426265358924866,NV,1,0.9426265358924866,1
ISIC_0027844,NV,1,0.942643404006958,NV,1,0.942643404006958,1
ISIC_0030854,NV,1,0.9426504969596863,NV,1,0.9426504969596863,1
ISIC_0027037,BKL,4,0.942663848400116,BKL,4,0.942663848400116,1
ISIC_0028230,NV,1,0.9426859617233276,NV,1,0.9426859617233276,1
ISIC_0027592,NV,1,0.9426881670951843,NV,1,0.9426881670951843,1
ISIC_0028775,NV,1,0.9426987767219543,NV,1,0.9426987767219543,1
ISIC_0024424,NV,1,0.9427151083946228,NV,1,0.9427151083946228,1
ISIC_0031058,NV,1,0.9427344799041748,NV,1,0.9427344799041748,1
ISIC_0026743,NV,1,0.9427701830863953,NV,1,0.9427701830863953,1
ISIC_0027748,NV,1,0.9428017735481262,NV,1,0.9428017735481262,1
ISIC_0031752,NV,1,0.9428069591522217,NV,1,0.9428069591522217,1
ISIC_0030509,NV,1,0.9428126811981201,NV,1,0.9428126811981201,1
ISIC_0024703,NV,1,0.9428438544273376,NV,1,0.9428438544273376,1
ISIC_0033768,NV,1,0.9428548812866211,NV,1,0.9428548812866211,1
ISIC_0029593,NV,1,0.9428726434707642,NV,1,0.9428726434707642,1
ISIC_0030838,NV,1,0.9428766965866089,NV,1,0.9428766965866089,1
ISIC_0025058,NV,1,0.9428951144218445,NV,1,0.9428951144218445,1
ISIC_0031442,BCC,2,0.9429208040237427,BCC,2,0.9429208040237427,1
ISIC_0031453,NV,1,0.9429294466972351,NV,1,0.9429294466972351,1
ISIC_0027583,NV,1,0.9429378509521484,NV,1,0.9429378509521484,1
ISIC_0028248,NV,1,0.9429388046264648,NV,1,0.9429388046264648,1
ISIC_0024650,NV,1,0.9429434537887573,NV,1,0.9429434537887573,1
ISIC_0026513,NV,1,0.9429682493209839,NV,1,0.9429682493209839,1
ISIC_0033717,MEL,0,0.9429730176925659,MEL,0,0.9429730176925659,1
ISIC_0026509,NV,1,0.9429766535758972,NV,1,0.9429766535758972,1
ISIC_0030751,NV,1,0.9430111050605774,NV,1,0.9430111050605774,1
ISIC_0033877,NV,1,0.9430270195007324,NV,1,0.9430270195007324,1
ISIC_0026385,NV,1,0.943034291267395,NV,1,0.943034291267395,1
ISIC_0032106,NV,1,0.9430441856384277,NV,1,0.9430441856384277,1
ISIC_0029815,NV,1,0.9430456757545471,NV,1,0.9430456757545471,1
ISIC_0027283,NV,1,0.9430624842643738,NV,1,0.9430624842643738,1
ISIC_0027101,MEL,0,0.943062961101532,MEL,0,0.943062961101532,1
ISIC_0028480,NV,1,0.9430750012397766,NV,1,0.9430750012397766,1
ISIC_0024979,NV,1,0.9430955648422241,NV,1,0.9430955648422241,1
ISIC_0029795,NV,1,0.9431003332138062,NV,1,0.9431003332138062,1
ISIC_0028737,NV,1,0.9431052207946777,NV,1,0.9431052207946777,1
ISIC_0031137,NV,1,0.9431080222129822,NV,1,0.9431080222129822,1
ISIC_0028170,NV,1,0.9431156516075134,NV,1,0.9431156516075134,1
ISIC_0033434,NV,1,0.9431157112121582,NV,1,0.9431157112121582,1
ISIC_0029259,NV,1,0.9431394934654236,NV,1,0.9431394934654236,1
ISIC_0030126,NV,1,0.9431637525558472,NV,1,0.9431637525558472,1
ISIC_0034164,NV,1,0.9431778788566589,NV,1,0.9431778788566589,1
ISIC_0029429,NV,1,0.9431947469711304,NV,1,0.9431947469711304,1
ISIC_0034160,BCC,2,0.9432064890861511,BCC,2,0.9432064890861511,1
ISIC_0028057,NV,1,0.9432388544082642,NV,1,0.9432388544082642,1
ISIC_0029351,NV,1,0.9432429075241089,NV,1,0.9432429075241089,1
ISIC_0028066,NV,1,0.9432505369186401,NV,1,0.9432505369186401,1
ISIC_0027534,NV,1,0.9432554244995117,NV,1,0.9432554244995117,1
ISIC_0027264,NV,1,0.943257212638855,NV,1,0.943257212638855,1
ISIC_0033876,NV,1,0.9432622194290161,NV,1,0.9432622194290161,1
ISIC_0028505,MEL,0,0.9432803392410278,MEL,0,0.9432803392410278,1
ISIC_0030475,NV,1,0.9432951807975769,NV,1,0.9432951807975769,1
ISIC_0025380,NV,1,0.9433012008666992,NV,1,0.9433012008666992,1
ISIC_0029190,NV,1,0.9433212876319885,NV,1,0.9433212876319885,1
ISIC_0025951,NV,1,0.9433330297470093,NV,1,0.9433330297470093,1
ISIC_0025087,NV,1,0.943337082862854,NV,1,0.943337082862854,1
ISIC_0028385,NV,1,0.9433400630950928,NV,1,0.9433400630950928,1
ISIC_0025150,NV,1,0.9433558583259583,NV,1,0.9433558583259583,1
ISIC_0029711,NV,1,0.9433561563491821,NV,1,0.9433561563491821,1
ISIC_0031810,NV,1,0.9433633685112,NV,1,0.9433633685112,1
ISIC_0025221,NV,1,0.9433835744857788,NV,1,0.9433835744857788,1
ISIC_0031655,NV,1,0.9433838725090027,NV,1,0.9433838725090027,1
ISIC_0026552,NV,1,0.94338458776474,NV,1,0.94338458776474,1
ISIC_0031188,NV,1,0.9434203505516052,NV,1,0.9434203505516052,1
ISIC_0026508,NV,1,0.9434235692024231,NV,1,0.9434235692024231,1
ISIC_0026303,NV,1,0.9434279799461365,NV,1,0.9434279799461365,1
ISIC_0028852,NV,1,0.9434332847595215,NV,1,0.9434332847595215,1
ISIC_0032568,NV,1,0.9434559345245361,NV,1,0.9434559345245361,1
ISIC_0025985,BKL,4,0.9434868097305298,BKL,4,0.9434868097305298,1
ISIC_0031228,AKIEC,3,0.9435182809829712,AKIEC,3,0.9435182809829712,1
ISIC_0026170,NV,1,0.9435631036758423,NV,1,0.9435631036758423,1
ISIC_0034267,NV,1,0.9435811042785645,NV,1,0.9435811042785645,1
ISIC_0033673,NV,1,0.9435935616493225,NV,1,0.9435935616493225,1
ISIC_0030632,NV,1,0.9436272978782654,NV,1,0.9436272978782654,1
ISIC_0031936,NV,1,0.9436297416687012,NV,1,0.9436297416687012,1
ISIC_0031720,NV,1,0.9436577558517456,NV,1,0.9436577558517456,1
ISIC_0032581,NV,1,0.9436962008476257,NV,1,0.9436962008476257,1
ISIC_0026912,BKL,4,0.943698525428772,BKL,4,0.943698525428772,1
ISIC_0024919,NV,1,0.9437182545661926,NV,1,0.9437182545661926,1
ISIC_0025445,NV,1,0.9437240362167358,NV,1,0.9437240362167358,1
ISIC_0034177,NV,1,0.943727970123291,NV,1,0.943727970123291,1
ISIC_0029317,NV,1,0.9437561631202698,NV,1,0.9437561631202698,1
ISIC_0026283,NV,1,0.9437569379806519,NV,1,0.9437569379806519,1
ISIC_0025205,NV,1,0.9437574744224548,NV,1,0.9437574744224548,1
ISIC_0024429,NV,1,0.9437607526779175,NV,1,0.9437607526779175,1
ISIC_0027637,NV,1,0.9437628984451294,NV,1,0.9437628984451294,1
ISIC_0025784,NV,1,0.9437639117240906,NV,1,0.9437639117240906,1
ISIC_0031176,NV,1,0.9437648057937622,NV,1,0.9437648057937622,1
ISIC_0028846,BKL,4,0.9437739253044128,BKL,4,0.9437739253044128,1
ISIC_0032716,MEL,0,0.9437777400016785,MEL,0,0.9437777400016785,1
ISIC_0032926,NV,1,0.9437968730926514,NV,1,0.9437968730926514,1
ISIC_0026175,NV,1,0.9438446164131165,NV,1,0.9438446164131165,1
ISIC_0033887,NV,1,0.9438489675521851,NV,1,0.9438489675521851,1
ISIC_0028341,NV,1,0.9438592791557312,NV,1,0.9438592791557312,1
ISIC_0029946,NV,1,0.9438895583152771,NV,1,0.9438895583152771,1
ISIC_0029219,NV,1,0.9439375996589661,NV,1,0.9439375996589661,1
ISIC_0030881,NV,1,0.9439437389373779,NV,1,0.9439437389373779,1
ISIC_0033569,MEL,0,0.9439544677734375,MEL,0,0.9439544677734375,1
ISIC_0024764,NV,1,0.94395911693573,NV,1,0.94395911693573,1
ISIC_0028932,NV,1,0.9439736008644104,NV,1,0.9439736008644104,1
ISIC_0027682,NV,1,0.9439775943756104,NV,1,0.9439775943756104,1
ISIC_0026968,BCC,2,0.9439842104911804,BCC,2,0.9439842104911804,1
ISIC_0024360,BCC,2,0.9439863562583923,BCC,2,0.9439863562583923,1
ISIC_0026259,NV,1,0.9439904689788818,NV,1,0.9439904689788818,1
ISIC_0028137,NV,1,0.9439999461174011,NV,1,0.9439999461174011,1
ISIC_0030455,NV,1,0.9440004825592041,NV,1,0.9440004825592041,1
ISIC_0031665,NV,1,0.9440063834190369,NV,1,0.9440063834190369,1
ISIC_0028144,NV,1,0.9440507292747498,NV,1,0.9440507292747498,1
ISIC_0028794,NV,1,0.9440615177154541,NV,1,0.9440615177154541,1
ISIC_0027438,NV,1,0.9440782070159912,NV,1,0.9440782070159912,1
ISIC_0030637,NV,1,0.9440926909446716,NV,1,0.9440926909446716,1
ISIC_0025444,NV,1,0.9441089034080505,NV,1,0.9441089034080505,1
ISIC_0028459,NV,1,0.9441105127334595,NV,1,0.9441105127334595,1
ISIC_0027476,NV,1,0.9441229701042175,NV,1,0.9441229701042175,1
ISIC_0033277,NV,1,0.9441677927970886,NV,1,0.9441677927970886,1
ISIC_0031310,MEL,0,0.9441965818405151,MEL,0,0.9441965818405151,1
ISIC_0024437,NV,1,0.9442014694213867,NV,1,0.9442014694213867,1
ISIC_0028616,NV,1,0.9442136287689209,NV,1,0.9442136287689209,1
ISIC_0025020,NV,1,0.9442309141159058,NV,1,0.9442309141159058,1
ISIC_0033715,NV,1,0.9442322254180908,NV,1,0.9442322254180908,1
ISIC_0029220,BCC,2,0.9442444443702698,BCC,2,0.9442444443702698,1
ISIC_0027375,NV,1,0.9442493319511414,NV,1,0.9442493319511414,1
ISIC_0031505,NV,1,0.9442513585090637,NV,1,0.9442513585090637,1
ISIC_0028006,NV,1,0.9442518949508667,NV,1,0.9442518949508667,1
ISIC_0032401,NV,1,0.9442560076713562,NV,1,0.9442560076713562,1
ISIC_0031725,NV,1,0.9442732334136963,NV,1,0.9442732334136963,1
ISIC_0024840,NV,1,0.9442865252494812,NV,1,0.9442865252494812,1
ISIC_0032189,NV,1,0.9442983269691467,NV,1,0.9442983269691467,1
ISIC_0031870,NV,1,0.9443173408508301,NV,1,0.9443173408508301,1
ISIC_0028096,NV,1,0.9443200826644897,NV,1,0.9443200826644897,1
ISIC_0026108,NV,1,0.9443310499191284,NV,1,0.9443310499191284,1
ISIC_0028554,NV,1,0.9443318247795105,NV,1,0.9443318247795105,1
ISIC_0024645,NV,1,0.9443509578704834,NV,1,0.9443509578704834,1
ISIC_0026103,NV,1,0.9443513751029968,NV,1,0.9443513751029968,1
ISIC_0026435,NV,1,0.9443539381027222,NV,1,0.9443539381027222,1
ISIC_0029128,NV,1,0.944402277469635,NV,1,0.944402277469635,1
ISIC_0024609,NV,1,0.9444197416305542,NV,1,0.9444197416305542,1
ISIC_0030243,NV,1,0.9444487690925598,NV,1,0.9444487690925598,1
ISIC_0032124,BKL,4,0.9444493651390076,BKL,4,0.9444493651390076,1
ISIC_0026383,NV,1,0.9444715976715088,NV,1,0.9444715976715088,1
ISIC_0032370,NV,1,0.944474995136261,NV,1,0.944474995136261,1
ISIC_0028713,NV,1,0.9444764852523804,NV,1,0.9444764852523804,1
ISIC_0030228,NV,1,0.9444783329963684,NV,1,0.9444783329963684,1
ISIC_0029787,NV,1,0.9444920420646667,NV,1,0.9444920420646667,1
ISIC_0033437,BKL,4,0.9445257186889648,BKL,4,0.9445257186889648,1
ISIC_0026964,NV,1,0.9445263743400574,NV,1,0.9445263743400574,1
ISIC_0027916,BKL,4,0.9445337057113647,BKL,4,0.9445337057113647,1
ISIC_0033858,NV,1,0.944538950920105,NV,1,0.944538950920105,1
ISIC_0024686,NV,1,0.9445542693138123,NV,1,0.9445542693138123,1
ISIC_0027804,NV,1,0.9445748925209045,NV,1,0.9445748925209045,1
ISIC_0030055,NV,1,0.9445776343345642,NV,1,0.9445776343345642,1
ISIC_0030678,NV,1,0.9445896744728088,NV,1,0.9445896744728088,1
ISIC_0030262,NV,1,0.9445902109146118,NV,1,0.9445902109146118,1
ISIC_0026036,NV,1,0.9445979595184326,NV,1,0.9445979595184326,1
ISIC_0034314,NV,1,0.9445981979370117,NV,1,0.9445981979370117,1
ISIC_0032158,NV,1,0.9446148872375488,NV,1,0.9446148872375488,1
ISIC_0027593,NV,1,0.9446496367454529,NV,1,0.9446496367454529,1
ISIC_0028815,BCC,2,0.9446755051612854,BCC,2,0.9446755051612854,1
ISIC_0025232,NV,1,0.9446905255317688,NV,1,0.9446905255317688,1
ISIC_0024605,NV,1,0.9446962475776672,NV,1,0.9446962475776672,1
ISIC_0027520,NV,1,0.9447093605995178,NV,1,0.9447093605995178,1
ISIC_0031136,NV,1,0.944770336151123,NV,1,0.944770336151123,1
ISIC_0028844,NV,1,0.9447895884513855,NV,1,0.9447895884513855,1
ISIC_0026307,NV,1,0.9448173642158508,NV,1,0.9448173642158508,1
ISIC_0026620,NV,1,0.9448233246803284,NV,1,0.9448233246803284,1
ISIC_0025562,NV,1,0.94483882188797,NV,1,0.94483882188797,1
ISIC_0025817,NV,1,0.9448468089103699,NV,1,0.9448468089103699,1
ISIC_0033427,NV,1,0.9448662996292114,NV,1,0.9448662996292114,1
ISIC_0026616,NV,1,0.944866418838501,NV,1,0.944866418838501,1
ISIC_0027220,NV,1,0.9448813199996948,NV,1,0.9448813199996948,1
ISIC_0024617,NV,1,0.9448836445808411,NV,1,0.9448836445808411,1
ISIC_0032635,NV,1,0.9448899030685425,NV,1,0.9448899030685425,1
ISIC_0031528,BKL,4,0.9449001550674438,BKL,4,0.9449001550674438,1
ISIC_0028256,NV,1,0.9449025988578796,NV,1,0.9449025988578796,1
ISIC_0024838,NV,1,0.9449053406715393,NV,1,0.9449053406715393,1
ISIC_0031910,NV,1,0.9449219703674316,NV,1,0.9449219703674316,1
ISIC_0029649,NV,1,0.9449284672737122,NV,1,0.9449284672737122,1
ISIC_0032854,AKIEC,3,0.9449408054351807,AKIEC,3,0.9449408054351807,1
ISIC_0030726,NV,1,0.9449551701545715,NV,1,0.9449551701545715,1
ISIC_0026781,NV,1,0.9449618458747864,NV,1,0.9449618458747864,1
ISIC_0034306,BCC,2,0.9450036883354187,BCC,2,0.9450036883354187,1
ISIC_0028769,NV,1,0.945007860660553,NV,1,0.945007860660553,1
ISIC_0026714,BKL,4,0.9450317025184631,BKL,4,0.9450317025184631,1
ISIC_0024822,NV,1,0.9450681209564209,NV,1,0.9450681209564209,1
ISIC_0032909,NV,1,0.9451046586036682,NV,1,0.9451046586036682,1
ISIC_0032161,NV,1,0.9451196789741516,NV,1,0.9451196789741516,1
ISIC_0026515,NV,1,0.9451231956481934,NV,1,0.9451231956481934,1
ISIC_0027383,NV,1,0.945125937461853,NV,1,0.945125937461853,1
ISIC_0028434,NV,1,0.9451451301574707,NV,1,0.9451451301574707,1
ISIC_0030647,NV,1,0.9451878070831299,NV,1,0.9451878070831299,1
ISIC_0030664,NV,1,0.945192277431488,NV,1,0.945192277431488,1
ISIC_0026592,NV,1,0.9451948404312134,NV,1,0.9451948404312134,1
ISIC_0028605,NV,1,0.9452117681503296,NV,1,0.9452117681503296,1
ISIC_0030090,NV,1,0.945213258266449,NV,1,0.945213258266449,1
ISIC_0030944,NV,1,0.9452317953109741,NV,1,0.9452317953109741,1
ISIC_0028125,NV,1,0.9452615976333618,NV,1,0.9452615976333618,1
ISIC_0028780,NV,1,0.9452856183052063,NV,1,0.9452856183052063,1
ISIC_0032706,NV,1,0.9453051686286926,NV,1,0.9453051686286926,1
ISIC_0032910,NV,1,0.9453105926513672,NV,1,0.9453105926513672,1
ISIC_0026057,NV,1,0.9453155398368835,NV,1,0.9453155398368835,1
ISIC_0029863,NV,1,0.945320725440979,NV,1,0.945320725440979,1
ISIC_0029213,BKL,4,0.9453208446502686,BKL,4,0.9453208446502686,1
ISIC_0033377,MEL,0,0.9453222155570984,MEL,0,0.9453222155570984,1
ISIC_0029098,NV,1,0.9453235268592834,NV,1,0.9453235268592834,1
ISIC_0025103,BKL,4,0.9453401565551758,BKL,4,0.9453401565551758,1
ISIC_0031914,NV,1,0.9453433156013489,NV,1,0.9453433156013489,1
ISIC_0027124,NV,1,0.9453441500663757,NV,1,0.9453441500663757,1
ISIC_0027633,NV,1,0.9453579187393188,NV,1,0.9453579187393188,1
ISIC_0030793,NV,1,0.945368766784668,NV,1,0.945368766784668,1
ISIC_0028178,NV,1,0.9453861713409424,NV,1,0.9453861713409424,1
ISIC_0025915,BKL,4,0.9453929662704468,BKL,4,0.9453929662704468,1
ISIC_0025172,NV,1,0.9453933835029602,NV,1,0.9453933835029602,1
ISIC_0025222,BKL,4,0.945412814617157,BKL,4,0.945412814617157,1
ISIC_0032779,NV,1,0.9454289078712463,NV,1,0.9454289078712463,1
ISIC_0027405,NV,1,0.9454421997070312,NV,1,0.9454421997070312,1
ISIC_0025991,NV,1,0.945445716381073,NV,1,0.945445716381073,1
ISIC_0034240,NV,1,0.9454718232154846,NV,1,0.9454718232154846,1
ISIC_0029144,NV,1,0.9454784393310547,NV,1,0.9454784393310547,1
ISIC_0034130,NV,1,0.945486307144165,NV,1,0.945486307144165,1
ISIC_0025498,NV,1,0.9454987049102783,NV,1,0.9454987049102783,1
ISIC_0031757,NV,1,0.9455007314682007,NV,1,0.9455007314682007,1
ISIC_0027510,NV,1,0.9455369114875793,NV,1,0.9455369114875793,1
ISIC_0029792,NV,1,0.9455829858779907,NV,1,0.9455829858779907,1
ISIC_0026670,NV,1,0.9455985426902771,NV,1,0.9455985426902771,1
ISIC_0029443,BKL,4,0.945605993270874,BKL,4,0.945605993270874,1
ISIC_0032339,NV,1,0.9456062316894531,NV,1,0.9456062316894531,1
ISIC_0032685,MEL,0,0.9456159472465515,MEL,0,0.9456159472465515,1
ISIC_0025862,NV,1,0.9456179738044739,NV,1,0.9456179738044739,1
ISIC_0025977,NV,1,0.945619523525238,NV,1,0.945619523525238,1
ISIC_0029255,NV,1,0.9456350803375244,NV,1,0.9456350803375244,1
ISIC_0028121,BKL,4,0.9456377625465393,BKL,4,0.9456377625465393,1
ISIC_0030675,NV,1,0.9456406235694885,NV,1,0.9456406235694885,1
ISIC_0031882,NV,1,0.9456471800804138,NV,1,0.9456471800804138,1
ISIC_0029390,NV,1,0.945658802986145,NV,1,0.945658802986145,1
ISIC_0028853,NV,1,0.9456707239151001,NV,1,0.9456707239151001,1
ISIC_0031715,NV,1,0.9456746578216553,NV,1,0.9456746578216553,1
ISIC_0028912,NV,1,0.9456782937049866,NV,1,0.9456782937049866,1
ISIC_0031164,NV,1,0.9456896781921387,NV,1,0.9456896781921387,1
ISIC_0024661,NV,1,0.9456981420516968,NV,1,0.9456981420516968,1
ISIC_0026511,BKL,4,0.9457003474235535,BKL,4,0.9457003474235535,1
ISIC_0032857,BCC,2,0.9457003474235535,BCC,2,0.9457003474235535,1
ISIC_0031994,NV,1,0.9457185864448547,NV,1,0.9457185864448547,1
ISIC_0032604,MEL,0,0.945736289024353,MEL,0,0.945736289024353,1
ISIC_0026985,NV,1,0.945736825466156,NV,1,0.945736825466156,1
ISIC_0028089,NV,1,0.9457456469535828,NV,1,0.9457456469535828,1
ISIC_0029312,NV,1,0.9457526803016663,NV,1,0.9457526803016663,1
ISIC_0025751,MEL,0,0.9457607269287109,MEL,0,0.9457607269287109,1
ISIC_0026098,NV,1,0.9457652568817139,NV,1,0.9457652568817139,1
ISIC_0027630,NV,1,0.9457848072052002,NV,1,0.9457848072052002,1
ISIC_0029817,NV,1,0.9457898139953613,NV,1,0.9457898139953613,1
ISIC_0030088,BKL,4,0.9457964301109314,BKL,4,0.9457964301109314,1
ISIC_0024743,BCC,2,0.9458228945732117,BCC,2,0.9458228945732117,1
ISIC_0030701,NV,1,0.9458683133125305,NV,1,0.9458683133125305,1
ISIC_0024750,NV,1,0.9458699226379395,NV,1,0.9458699226379395,1
ISIC_0032944,NV,1,0.9458745121955872,NV,1,0.9458745121955872,1
ISIC_0025004,NV,1,0.9458814263343811,NV,1,0.9458814263343811,1
ISIC_0029253,NV,1,0.94591224193573,NV,1,0.94591224193573,1
ISIC_0032328,NV,1,0.9459128975868225,NV,1,0.9459128975868225,1
ISIC_0025495,NV,1,0.9459627866744995,NV,1,0.9459627866744995,1
ISIC_0031083,NV,1,0.9459726214408875,NV,1,0.9459726214408875,1
ISIC_0030724,NV,1,0.9459778666496277,NV,1,0.9459778666496277,1
ISIC_0031006,NV,1,0.9459830522537231,NV,1,0.9459830522537231,1
ISIC_0027896,AKIEC,3,0.9459894895553589,AKIEC,3,0.9459894895553589,1
ISIC_0026451,NV,1,0.9459957480430603,NV,1,0.9459957480430603,1
ISIC_0026256,NV,1,0.9459983110427856,NV,1,0.9459983110427856,1
ISIC_0029618,NV,1,0.9460238218307495,NV,1,0.9460238218307495,1
ISIC_0032935,NV,1,0.9460332989692688,NV,1,0.9460332989692688,1
ISIC_0025609,NV,1,0.9460656642913818,NV,1,0.9460656642913818,1
ISIC_0028102,NV,1,0.9460797309875488,NV,1,0.9460797309875488,1
ISIC_0030482,NV,1,0.9460830688476562,NV,1,0.9460830688476562,1
ISIC_0032347,NV,1,0.9460875391960144,NV,1,0.9460875391960144,1
ISIC_0026913,NV,1,0.9461079835891724,NV,1,0.9461079835891724,1
ISIC_0026295,NV,1,0.9461200833320618,NV,1,0.9461200833320618,1
ISIC_0033747,BCC,2,0.9461238980293274,BCC,2,0.9461238980293274,1
ISIC_0032119,NV,1,0.9461371302604675,NV,1,0.9461371302604675,1
ISIC_0034095,BCC,2,0.9461437463760376,BCC,2,0.9461437463760376,1
ISIC_0029110,NV,1,0.9461491107940674,NV,1,0.9461491107940674,1
ISIC_0031492,NV,1,0.9461494088172913,NV,1,0.9461494088172913,1
ISIC_0024622,NV,1,0.9461597800254822,NV,1,0.9461597800254822,1
ISIC_0025768,NV,1,0.946169912815094,NV,1,0.946169912815094,1
ISIC_0027222,NV,1,0.9461721181869507,NV,1,0.9461721181869507,1
ISIC_0026723,NV,1,0.9461725950241089,NV,1,0.9461725950241089,1
ISIC_0028924,NV,1,0.9461735486984253,NV,1,0.9461735486984253,1
ISIC_0029680,BCC,2,0.9461866617202759,BCC,2,0.9461866617202759,1
ISIC_0028402,NV,1,0.9461956024169922,NV,1,0.9461956024169922,1
ISIC_0026223,NV,1,0.9462119340896606,NV,1,0.9462119340896606,1
ISIC_0033661,NV,1,0.9462332725524902,NV,1,0.9462332725524902,1
ISIC_0030100,NV,1,0.9462407827377319,NV,1,0.9462407827377319,1
ISIC_0025802,NV,1,0.9462429881095886,NV,1,0.9462429881095886,1
ISIC_0027918,NV,1,0.9462776780128479,NV,1,0.9462776780128479,1
ISIC_0033267,MEL,0,0.946284294128418,MEL,0,0.946284294128418,1
ISIC_0032485,NV,1,0.9462910294532776,NV,1,0.9462910294532776,1
ISIC_0032550,MEL,0,0.946308970451355,MEL,0,0.946308970451355,1
ISIC_0026939,NV,1,0.9463152885437012,NV,1,0.9463152885437012,1
ISIC_0027321,NV,1,0.9463214874267578,NV,1,0.9463214874267578,1
ISIC_0026427,NV,1,0.9463421702384949,NV,1,0.9463421702384949,1
ISIC_0027008,DF,5,0.9463435411453247,DF,5,0.9463435411453247,1
ISIC_0028456,NV,1,0.9463525414466858,NV,1,0.9463525414466858,1
ISIC_0025059,NV,1,0.946364164352417,NV,1,0.946364164352417,1
ISIC_0032298,NV,1,0.9463752508163452,NV,1,0.9463752508163452,1
ISIC_0026390,NV,1,0.946395993232727,NV,1,0.946395993232727,1
ISIC_0028692,NV,1,0.9464030265808105,NV,1,0.9464030265808105,1
ISIC_0026043,NV,1,0.9464054703712463,NV,1,0.9464054703712463,1
ISIC_0026185,NV,1,0.9464133977890015,NV,1,0.9464133977890015,1
ISIC_0031328,NV,1,0.9464182257652283,NV,1,0.9464182257652283,1
ISIC_0028546,NV,1,0.9464262127876282,NV,1,0.9464262127876282,1
ISIC_0027936,NV,1,0.9464402794837952,NV,1,0.9464402794837952,1
ISIC_0028278,NV,1,0.9464479088783264,NV,1,0.9464479088783264,1
ISIC_0028953,NV,1,0.9464486241340637,NV,1,0.9464486241340637,1
ISIC_0028712,NV,1,0.9464635848999023,NV,1,0.9464635848999023,1
ISIC_0025916,NV,1,0.9464804530143738,NV,1,0.9464804530143738,1
ISIC_0026339,NV,1,0.9464807510375977,NV,1,0.9464807510375977,1
ISIC_0024728,NV,1,0.9464912414550781,NV,1,0.9464912414550781,1
ISIC_0031947,NV,1,0.9464941024780273,NV,1,0.9464941024780273,1
ISIC_0026047,NV,1,0.9464964866638184,NV,1,0.9464964866638184,1
ISIC_0028768,NV,1,0.9465078711509705,NV,1,0.9465078711509705,1
ISIC_0025433,BCC,2,0.9465364217758179,BCC,2,0.9465364217758179,1
ISIC_0031234,NV,1,0.9465365409851074,NV,1,0.9465365409851074,1
ISIC_0024727,NV,1,0.9465566277503967,NV,1,0.9465566277503967,1
ISIC_0029751,NV,1,0.9465706944465637,NV,1,0.9465706944465637,1
ISIC_0025650,BCC,2,0.9465804100036621,BCC,2,0.9465804100036621,1
ISIC_0025151,NV,1,0.9465930461883545,NV,1,0.9465930461883545,1
ISIC_0026638,NV,1,0.9465980529785156,NV,1,0.9465980529785156,1
ISIC_0033642,BKL,4,0.9466063976287842,BKL,4,0.9466063976287842,1
ISIC_0026005,NV,1,0.9466104507446289,NV,1,0.9466104507446289,1
ISIC_0025792,NV,1,0.9466115236282349,NV,1,0.9466115236282349,1
ISIC_0034001,NV,1,0.946651041507721,NV,1,0.946651041507721,1
ISIC_0027206,NV,1,0.9466527104377747,NV,1,0.9466527104377747,1
ISIC_0030622,NV,1,0.9466573596000671,NV,1,0.9466573596000671,1
ISIC_0030890,NV,1,0.9466719627380371,NV,1,0.9466719627380371,1
ISIC_0031879,NV,1,0.946683406829834,NV,1,0.946683406829834,1
ISIC_0031540,NV,1,0.9467058181762695,NV,1,0.9467058181762695,1
ISIC_0028553,NV,1,0.9467201828956604,NV,1,0.9467201828956604,1
ISIC_0031436,BKL,4,0.9467225074768066,BKL,4,0.9467225074768066,1
ISIC_0030588,NV,1,0.9467337131500244,NV,1,0.9467337131500244,1
ISIC_0033462,NV,1,0.9467397928237915,NV,1,0.9467397928237915,1
ISIC_0027868,NV,1,0.9467479586601257,NV,1,0.9467479586601257,1
ISIC_0034235,BKL,4,0.9467512369155884,BKL,4,0.9467512369155884,1
ISIC_0033231,NV,1,0.9467609524726868,NV,1,0.9467609524726868,1
ISIC_0029536,NV,1,0.9467619061470032,NV,1,0.9467619061470032,1
ISIC_0030919,NV,1,0.9467640519142151,NV,1,0.9467640519142151,1
ISIC_0025537,NV,1,0.9467796683311462,NV,1,0.9467796683311462,1
ISIC_0033396,NV,1,0.9467881917953491,NV,1,0.9467881917953491,1
ISIC_0026710,NV,1,0.946792483329773,NV,1,0.946792483329773,1
ISIC_0032830,NV,1,0.9468087553977966,NV,1,0.9468087553977966,1
ISIC_0030614,NV,1,0.9468101263046265,NV,1,0.9468101263046265,1
ISIC_0025126,NV,1,0.9468165636062622,NV,1,0.9468165636062622,1
ISIC_0029546,BCC,2,0.9468289613723755,BCC,2,0.9468289613723755,1
ISIC_0031530,NV,1,0.9468351602554321,NV,1,0.9468351602554321,1
ISIC_0034305,NV,1,0.9468367099761963,NV,1,0.9468367099761963,1
ISIC_0030318,BKL,4,0.9468466639518738,BKL,4,0.9468466639518738,1
ISIC_0025632,NV,1,0.9468536376953125,NV,1,0.9468536376953125,1
ISIC_0025239,NV,1,0.9468756318092346,NV,1,0.9468756318092346,1
ISIC_0030162,NV,1,0.9468874931335449,NV,1,0.9468874931335449,1
ISIC_0029337,BCC,2,0.9469141960144043,BCC,2,0.9469141960144043,1
ISIC_0028770,NV,1,0.9469240307807922,NV,1,0.9469240307807922,1
ISIC_0026418,NV,1,0.9469272494316101,NV,1,0.9469272494316101,1
ISIC_0032392,NV,1,0.9469284415245056,NV,1,0.9469284415245056,1
ISIC_0025452,VASC,6,0.9469334483146667,VASC,6,0.9469334483146667,1
ISIC_0026195,NV,1,0.9469479918479919,NV,1,0.9469479918479919,1
ISIC_0025109,NV,1,0.946956217288971,NV,1,0.946956217288971,1
ISIC_0026370,NV,1,0.946956992149353,NV,1,0.946956992149353,1
ISIC_0027132,NV,1,0.9469698071479797,NV,1,0.9469698071479797,1
ISIC_0024408,BKL,4,0.9469788670539856,BKL,4,0.9469788670539856,1
ISIC_0026394,NV,1,0.9469907879829407,NV,1,0.9469907879829407,1
ISIC_0026102,NV,1,0.9470032453536987,NV,1,0.9470032453536987,1
ISIC_0027879,NV,1,0.9470068216323853,NV,1,0.9470068216323853,1
ISIC_0025263,NV,1,0.9470204710960388,NV,1,0.9470204710960388,1
ISIC_0027251,NV,1,0.9470272064208984,NV,1,0.9470272064208984,1
ISIC_0026055,NV,1,0.9470332860946655,NV,1,0.9470332860946655,1
ISIC_0032868,NV,1,0.9470407962799072,NV,1,0.9470407962799072,1
ISIC_0025765,NV,1,0.9470493793487549,NV,1,0.9470493793487549,1
ISIC_0028264,BKL,4,0.9470665454864502,BKL,4,0.9470665454864502,1
ISIC_0028304,NV,1,0.9470968246459961,NV,1,0.9470968246459961,1
ISIC_0028203,NV,1,0.9471326470375061,NV,1,0.9471326470375061,1
ISIC_0030354,NV,1,0.9471439719200134,NV,1,0.9471439719200134,1
ISIC_0026164,NV,1,0.9471662044525146,NV,1,0.9471662044525146,1
ISIC_0032108,NV,1,0.9471885561943054,NV,1,0.9471885561943054,1
ISIC_0024903,NV,1,0.9472061395645142,NV,1,0.9472061395645142,1
ISIC_0024627,NV,1,0.9472192525863647,NV,1,0.9472192525863647,1
ISIC_0025544,NV,1,0.9472222924232483,NV,1,0.9472222924232483,1
ISIC_0025288,NV,1,0.9472385048866272,NV,1,0.9472385048866272,1
ISIC_0030415,NV,1,0.9472429156303406,NV,1,0.9472429156303406,1
ISIC_0030858,NV,1,0.9472434520721436,NV,1,0.9472434520721436,1
ISIC_0031708,NV,1,0.9472472071647644,NV,1,0.9472472071647644,1
ISIC_0029790,NV,1,0.9472681283950806,NV,1,0.9472681283950806,1
ISIC_0031894,NV,1,0.9472748041152954,NV,1,0.9472748041152954,1
ISIC_0024447,NV,1,0.9472942352294922,NV,1,0.9472942352294922,1
ISIC_0033148,NV,1,0.9473074078559875,NV,1,0.9473074078559875,1
ISIC_0028592,NV,1,0.9473247528076172,NV,1,0.9473247528076172,1
ISIC_0026826,NV,1,0.9473363161087036,NV,1,0.9473363161087036,1
ISIC_0031388,NV,1,0.9473658204078674,NV,1,0.9473658204078674,1
ISIC_0027818,NV,1,0.9473711848258972,NV,1,0.9473711848258972,1
ISIC_0028021,NV,1,0.9473783373832703,NV,1,0.9473783373832703,1
ISIC_0025323,NV,1,0.9473811388015747,NV,1,0.9473811388015747,1
ISIC_0033234,NV,1,0.9473901987075806,NV,1,0.9473901987075806,1
ISIC_0032585,NV,1,0.9473910927772522,NV,1,0.9473910927772522,1
ISIC_0029449,NV,1,0.9474090337753296,NV,1,0.9474090337753296,1
ISIC_0032360,NV,1,0.9474108815193176,NV,1,0.9474108815193176,1
ISIC_0029087,NV,1,0.9474343061447144,NV,1,0.9474343061447144,1
ISIC_0025441,NV,1,0.9474369883537292,NV,1,0.9474369883537292,1
ISIC_0033408,NV,1,0.9474374055862427,NV,1,0.9474374055862427,1
ISIC_0030528,BCC,2,0.947441816329956,BCC,2,0.947441816329956,1
ISIC_0030819,NV,1,0.9474567770957947,NV,1,0.9474567770957947,1
ISIC_0026908,NV,1,0.9474637508392334,NV,1,0.9474637508392334,1
ISIC_0030593,NV,1,0.9474688768386841,NV,1,0.9474688768386841,1
ISIC_0029561,NV,1,0.9474912285804749,NV,1,0.9474912285804749,1
ISIC_0033222,NV,1,0.9474932551383972,NV,1,0.9474932551383972,1
ISIC_0029852,NV,1,0.9475026726722717,NV,1,0.9475026726722717,1
ISIC_0033334,NV,1,0.947506844997406,NV,1,0.947506844997406,1
ISIC_0025002,NV,1,0.9475158452987671,NV,1,0.9475158452987671,1
ISIC_0024450,AKIEC,3,0.9475274085998535,AKIEC,3,0.9475274085998535,1
ISIC_0028369,NV,1,0.9475312829017639,NV,1,0.9475312829017639,1
ISIC_0030472,NV,1,0.9475386738777161,NV,1,0.9475386738777161,1
ISIC_0029771,NV,1,0.9475553631782532,NV,1,0.9475553631782532,1
ISIC_0026907,BKL,4,0.9475719332695007,BKL,4,0.9475719332695007,1
ISIC_0033093,NV,1,0.9475980401039124,NV,1,0.9475980401039124,1
ISIC_0030234,NV,1,0.9476013779640198,NV,1,0.9476013779640198,1
ISIC_0026657,NV,1,0.9476040601730347,NV,1,0.9476040601730347,1
ISIC_0029971,NV,1,0.9476134777069092,NV,1,0.9476134777069092,1
ISIC_0024378,NV,1,0.9476307034492493,NV,1,0.9476307034492493,1
ISIC_0030074,NV,1,0.947634756565094,NV,1,0.947634756565094,1
ISIC_0024799,BCC,2,0.9476383924484253,BCC,2,0.9476383924484253,1
ISIC_0030658,NV,1,0.9476417303085327,NV,1,0.9476417303085327,1
ISIC_0034181,NV,1,0.9476496577262878,NV,1,0.9476496577262878,1
ISIC_0028529,NV,1,0.9476574659347534,NV,1,0.9476574659347534,1
ISIC_0027354,BKL,4,0.9476617574691772,BKL,4,0.9476617574691772,1
ISIC_0032292,NV,1,0.9477126002311707,NV,1,0.9477126002311707,1
ISIC_0031781,NV,1,0.9477137923240662,NV,1,0.9477137923240662,1
ISIC_0025795,NV,1,0.9477158188819885,NV,1,0.9477158188819885,1
ISIC_0034075,NV,1,0.9477189183235168,NV,1,0.9477189183235168,1
ISIC_0025861,NV,1,0.9477346539497375,NV,1,0.9477346539497375,1
ISIC_0031629,NV,1,0.9477471113204956,NV,1,0.9477471113204956,1
ISIC_0028004,NV,1,0.9477515816688538,NV,1,0.9477515816688538,1
ISIC_0024706,VASC,6,0.9477708339691162,VASC,6,0.9477708339691162,1
ISIC_0026833,NV,1,0.9477726817131042,NV,1,0.9477726817131042,1
ISIC_0028461,NV,1,0.9477745890617371,NV,1,0.9477745890617371,1
ISIC_0025958,NV,1,0.947777509689331,NV,1,0.947777509689331,1
ISIC_0028694,NV,1,0.9477865695953369,NV,1,0.9477865695953369,1
ISIC_0031749,BCC,2,0.9477881193161011,BCC,2,0.9477881193161011,1
ISIC_0025230,NV,1,0.9477924704551697,NV,1,0.9477924704551697,1
ISIC_0030374,NV,1,0.9478054642677307,NV,1,0.9478054642677307,1
ISIC_0026502,NV,1,0.9478213787078857,NV,1,0.9478213787078857,1
ISIC_0033083,NV,1,0.947826087474823,NV,1,0.947826087474823,1
ISIC_0026408,NV,1,0.9478418827056885,NV,1,0.9478418827056885,1
ISIC_0030379,NV,1,0.9478447437286377,NV,1,0.9478447437286377,1
ISIC_0032004,NV,1,0.9478775262832642,NV,1,0.9478775262832642,1
ISIC_0028049,NV,1,0.9478855729103088,NV,1,0.9478855729103088,1
ISIC_0031618,NV,1,0.9479109644889832,NV,1,0.9479109644889832,1
ISIC_0030254,NV,1,0.9479126334190369,NV,1,0.9479126334190369,1
ISIC_0028140,NV,1,0.9479165077209473,NV,1,0.9479165077209473,1
ISIC_0027640,NV,1,0.947931170463562,NV,1,0.947931170463562,1
ISIC_0031452,NV,1,0.9479312896728516,NV,1,0.9479312896728516,1
ISIC_0024631,NV,1,0.947941780090332,NV,1,0.947941780090332,1
ISIC_0029062,BKL,4,0.9479486346244812,BKL,4,0.9479486346244812,1
ISIC_0027245,NV,1,0.9479514360427856,NV,1,0.9479514360427856,1
ISIC_0026651,NV,1,0.9479687809944153,NV,1,0.9479687809944153,1
ISIC_0029356,NV,1,0.9479693174362183,NV,1,0.9479693174362183,1
ISIC_0028071,NV,1,0.9479801654815674,NV,1,0.9479801654815674,1
ISIC_0025280,NV,1,0.9480038285255432,NV,1,0.9480038285255432,1
ISIC_0031272,BCC,2,0.9480080008506775,BCC,2,0.9480080008506775,1
ISIC_0027556,NV,1,0.9480167627334595,NV,1,0.9480167627334595,1
ISIC_0029023,NV,1,0.9480261206626892,NV,1,0.9480261206626892,1
ISIC_0026582,NV,1,0.94804847240448,NV,1,0.94804847240448,1
ISIC_0031244,NV,1,0.948069155216217,NV,1,0.948069155216217,1
ISIC_0027703,NV,1,0.948070764541626,NV,1,0.948070764541626,1
ISIC_0032491,NV,1,0.948074221611023,NV,1,0.948074221611023,1
ISIC_0033852,NV,1,0.9480814933776855,NV,1,0.9480814933776855,1
ISIC_0028518,NV,1,0.9480817317962646,NV,1,0.9480817317962646,1
ISIC_0026556,BKL,4,0.9481340050697327,BKL,4,0.9481340050697327,1
ISIC_0032001,NV,1,0.948140025138855,NV,1,0.948140025138855,1
ISIC_0031312,NV,1,0.9481465220451355,NV,1,0.9481465220451355,1
ISIC_0029934,NV,1,0.9481672048568726,NV,1,0.9481672048568726,1
ISIC_0034192,NV,1,0.9481713175773621,NV,1,0.9481713175773621,1
ISIC_0033394,MEL,0,0.9481775164604187,MEL,0,0.9481775164604187,1
ISIC_0028756,NV,1,0.9481798410415649,NV,1,0.9481798410415649,1
ISIC_0032730,MEL,0,0.948182225227356,MEL,0,0.948182225227356,1
ISIC_0031419,NV,1,0.9482126832008362,NV,1,0.9482126832008362,1
ISIC_0030302,NV,1,0.948213517665863,NV,1,0.948213517665863,1
ISIC_0025438,NV,1,0.9482272267341614,NV,1,0.9482272267341614,1
ISIC_0029626,NV,1,0.9482643604278564,NV,1,0.9482643604278564,1
ISIC_0027979,NV,1,0.9482774138450623,NV,1,0.9482774138450623,1
ISIC_0032156,BKL,4,0.9482983350753784,BKL,4,0.9482983350753784,1
ISIC_0026642,NV,1,0.9483048319816589,NV,1,0.9483048319816589,1
ISIC_0028532,NV,1,0.9483096599578857,NV,1,0.9483096599578857,1
ISIC_0033244,NV,1,0.9483112692832947,NV,1,0.9483112692832947,1
ISIC_0029306,NV,1,0.9483116269111633,NV,1,0.9483116269111633,1
ISIC_0025657,NV,1,0.9483281970024109,NV,1,0.9483281970024109,1
ISIC_0033421,NV,1,0.9483316540718079,NV,1,0.9483316540718079,1
ISIC_0034297,NV,1,0.9483463168144226,NV,1,0.9483463168144226,1
ISIC_0024479,NV,1,0.9483509659767151,NV,1,0.9483509659767151,1
ISIC_0026873,NV,1,0.9483548998832703,NV,1,0.9483548998832703,1
ISIC_0034207,NV,1,0.9483657479286194,NV,1,0.9483657479286194,1
ISIC_0030686,NV,1,0.9483838677406311,NV,1,0.9483838677406311,1
ISIC_0024508,NV,1,0.9483863115310669,NV,1,0.9483863115310669,1
ISIC_0030670,NV,1,0.9484206438064575,NV,1,0.9484206438064575,1
ISIC_0025152,NV,1,0.9484241604804993,NV,1,0.9484241604804993,1
ISIC_0029940,NV,1,0.948431134223938,NV,1,0.948431134223938,1
ISIC_0032839,VASC,6,0.9484415650367737,VASC,6,0.9484415650367737,1
ISIC_0027559,BKL,4,0.9484513401985168,BKL,4,0.9484513401985168,1
ISIC_0028432,NV,1,0.9484640955924988,NV,1,0.9484640955924988,1
ISIC_0027683,NV,1,0.9484670758247375,NV,1,0.9484670758247375,1
ISIC_0027111,NV,1,0.9484784603118896,NV,1,0.9484784603118896,1
ISIC_0025023,NV,1,0.9484924077987671,NV,1,0.9484924077987671,1
ISIC_0034198,NV,1,0.948492705821991,NV,1,0.948492705821991,1
ISIC_0030673,NV,1,0.9485167264938354,NV,1,0.9485167264938354,1
ISIC_0027515,NV,1,0.9485408663749695,NV,1,0.9485408663749695,1
ISIC_0030267,NV,1,0.9485612511634827,NV,1,0.9485612511634827,1
ISIC_0032962,NV,1,0.9485624432563782,NV,1,0.9485624432563782,1
ISIC_0026096,NV,1,0.9485644698143005,NV,1,0.9485644698143005,1
ISIC_0033395,NV,1,0.9485663771629333,NV,1,0.9485663771629333,1
ISIC_0032050,NV,1,0.9485718607902527,NV,1,0.9485718607902527,1
ISIC_0031858,NV,1,0.948576807975769,NV,1,0.948576807975769,1
ISIC_0024349,NV,1,0.9485809803009033,NV,1,0.9485809803009033,1
ISIC_0028802,NV,1,0.9486019015312195,NV,1,0.9486019015312195,1
ISIC_0028955,NV,1,0.9486240148544312,NV,1,0.9486240148544312,1
ISIC_0027035,NV,1,0.9486274123191833,NV,1,0.9486274123191833,1
ISIC_0026243,NV,1,0.9486366510391235,NV,1,0.9486366510391235,1
ISIC_0028985,NV,1,0.9486374855041504,NV,1,0.9486374855041504,1
ISIC_0032586,MEL,0,0.9486379623413086,MEL,0,0.9486379623413086,1
ISIC_0030079,NV,1,0.9486436247825623,NV,1,0.9486436247825623,1
ISIC_0032084,NV,1,0.948661208152771,NV,1,0.948661208152771,1
ISIC_0025400,NV,1,0.9486656188964844,NV,1,0.9486656188964844,1
ISIC_0024894,NV,1,0.9486790299415588,NV,1,0.9486790299415588,1
ISIC_0026886,NV,1,0.9486826658248901,NV,1,0.9486826658248901,1
ISIC_0031183,NV,1,0.9486829042434692,NV,1,0.9486829042434692,1
ISIC_0029952,NV,1,0.9486851692199707,NV,1,0.9486851692199707,1
ISIC_0025502,NV,1,0.9486917853355408,NV,1,0.9486917853355408,1
ISIC_0026058,NV,1,0.9486924409866333,NV,1,0.9486924409866333,1
ISIC_0027513,BKL,4,0.9486996531486511,BKL,4,0.9486996531486511,1
ISIC_0026173,NV,1,0.948728621006012,NV,1,0.948728621006012,1
ISIC_0025406,NV,1,0.9487304091453552,NV,1,0.9487304091453552,1
ISIC_0032326,NV,1,0.9487361907958984,NV,1,0.9487361907958984,1
ISIC_0031209,NV,1,0.9487444758415222,NV,1,0.9487444758415222,1
ISIC_0025590,NV,1,0.9487613439559937,NV,1,0.9487613439559937,1
ISIC_0029328,NV,1,0.948763370513916,NV,1,0.948763370513916,1
ISIC_0025736,NV,1,0.9488056302070618,NV,1,0.9488056302070618,1
ISIC_0027777,NV,1,0.9488069415092468,NV,1,0.9488069415092468,1
ISIC_0028703,NV,1,0.948815107345581,NV,1,0.948815107345581,1
ISIC_0026001,NV,1,0.9488324522972107,NV,1,0.9488324522972107,1
ISIC_0031675,NV,1,0.9488411545753479,NV,1,0.9488411545753479,1
ISIC_0028176,NV,1,0.9488439559936523,NV,1,0.9488439559936523,1
ISIC_0030141,NV,1,0.9488699436187744,NV,1,0.9488699436187744,1
ISIC_0025412,NV,1,0.9488739967346191,NV,1,0.9488739967346191,1
ISIC_0024855,NV,1,0.9488852620124817,NV,1,0.9488852620124817,1
ISIC_0027488,DF,5,0.9488986730575562,DF,5,0.9488986730575562,1
ISIC_0024695,NV,1,0.948906421661377,NV,1,0.948906421661377,1
ISIC_0031237,NV,1,0.9489068388938904,NV,1,0.9489068388938904,1
ISIC_0031362,BKL,4,0.9489069581031799,BKL,4,0.9489069581031799,1
ISIC_0033155,NV,1,0.9489197134971619,NV,1,0.9489197134971619,1
ISIC_0028850,NV,1,0.9489238262176514,NV,1,0.9489238262176514,1
ISIC_0030373,NV,1,0.9489357471466064,NV,1,0.9489357471466064,1
ISIC_0026945,NV,1,0.9489454030990601,NV,1,0.9489454030990601,1
ISIC_0032971,NV,1,0.948945939540863,NV,1,0.948945939540863,1
ISIC_0034288,NV,1,0.9489471316337585,NV,1,0.9489471316337585,1
ISIC_0027741,NV,1,0.9489728808403015,NV,1,0.9489728808403015,1
ISIC_0030984,NV,1,0.9489820003509521,NV,1,0.9489820003509521,1
ISIC_0029200,NV,1,0.9489913582801819,NV,1,0.9489913582801819,1
ISIC_0028251,NV,1,0.9489994049072266,NV,1,0.9489994049072266,1
ISIC_0025706,NV,1,0.9490049481391907,NV,1,0.9490049481391907,1
ISIC_0027443,NV,1,0.9490054249763489,NV,1,0.9490054249763489,1
ISIC_0031952,NV,1,0.9490074515342712,NV,1,0.9490074515342712,1
ISIC_0031895,NV,1,0.949012815952301,NV,1,0.949012815952301,1
ISIC_0029293,NV,1,0.9490134716033936,NV,1,0.9490134716033936,1
ISIC_0030236,NV,1,0.9490196704864502,NV,1,0.9490196704864502,1
ISIC_0031082,NV,1,0.9490218162536621,NV,1,0.9490218162536621,1
ISIC_0025895,NV,1,0.9490377306938171,NV,1,0.9490377306938171,1
ISIC_0029928,NV,1,0.9490417838096619,NV,1,0.9490417838096619,1
ISIC_0028064,NV,1,0.949069082736969,NV,1,0.949069082736969,1
ISIC_0026111,NV,1,0.9490704536437988,NV,1,0.9490704536437988,1
ISIC_0026858,NV,1,0.9490751028060913,NV,1,0.9490751028060913,1
ISIC_0032785,NV,1,0.9490890502929688,NV,1,0.9490890502929688,1
ISIC_0030148,NV,1,0.9490965604782104,NV,1,0.9490965604782104,1
ISIC_0031535,NV,1,0.9491076469421387,NV,1,0.9491076469421387,1
ISIC_0029071,NV,1,0.9491114616394043,NV,1,0.9491114616394043,1
ISIC_0033384,NV,1,0.9491233825683594,NV,1,0.9491233825683594,1
ISIC_0025880,NV,1,0.949134886264801,NV,1,0.949134886264801,1
ISIC_0033658,NV,1,0.9491445422172546,NV,1,0.9491445422172546,1
ISIC_0030112,NV,1,0.9491493105888367,NV,1,0.9491493105888367,1
ISIC_0031748,NV,1,0.9491499066352844,NV,1,0.9491499066352844,1
ISIC_0027925,NV,1,0.9491634368896484,NV,1,0.9491634368896484,1
ISIC_0025015,NV,1,0.9491642117500305,NV,1,0.9491642117500305,1
ISIC_0025124,NV,1,0.9491672515869141,NV,1,0.9491672515869141,1
ISIC_0026973,NV,1,0.9491790533065796,NV,1,0.9491790533065796,1
ISIC_0026850,NV,1,0.9491996765136719,NV,1,0.9491996765136719,1
ISIC_0032184,NV,1,0.9492098689079285,NV,1,0.9492098689079285,1
ISIC_0027671,NV,1,0.9492271542549133,NV,1,0.9492271542549133,1
ISIC_0030294,NV,1,0.949235737323761,NV,1,0.949235737323761,1
ISIC_0028672,NV,1,0.9492496252059937,NV,1,0.9492496252059937,1
ISIC_0027813,NV,1,0.94926917552948,NV,1,0.94926917552948,1
ISIC_0029739,NV,1,0.9492812156677246,NV,1,0.9492812156677246,1
ISIC_0028431,VASC,6,0.9492892622947693,VASC,6,0.9492892622947693,1
ISIC_0032786,NV,1,0.9493265151977539,NV,1,0.9493265151977539,1
ISIC_0025610,NV,1,0.9493277072906494,NV,1,0.9493277072906494,1
ISIC_0028199,NV,1,0.9493327736854553,NV,1,0.9493327736854553,1
ISIC_0026035,NV,1,0.9493370652198792,NV,1,0.9493370652198792,1
ISIC_0034251,NV,1,0.949343740940094,NV,1,0.949343740940094,1
ISIC_0024594,NV,1,0.9493438005447388,NV,1,0.9493438005447388,1
ISIC_0031124,NV,1,0.9493457674980164,NV,1,0.9493457674980164,1
ISIC_0028191,NV,1,0.9493594169616699,NV,1,0.9493594169616699,1
ISIC_0025340,NV,1,0.9493653178215027,NV,1,0.9493653178215027,1
ISIC_0028716,NV,1,0.9493714570999146,NV,1,0.9493714570999146,1
ISIC_0028917,NV,1,0.9493740200996399,NV,1,0.9493740200996399,1
ISIC_0030554,NV,1,0.9493815302848816,NV,1,0.9493815302848816,1
ISIC_0026881,NV,1,0.9493818283081055,NV,1,0.9493818283081055,1
ISIC_0030583,BKL,4,0.9493847489356995,BKL,4,0.9493847489356995,1
ISIC_0028483,NV,1,0.9493903517723083,NV,1,0.9493903517723083,1
ISIC_0030409,NV,1,0.9493958353996277,NV,1,0.9493958353996277,1
ISIC_0034294,MEL,0,0.9494112730026245,MEL,0,0.9494112730026245,1
ISIC_0025381,NV,1,0.949417233467102,NV,1,0.949417233467102,1
ISIC_0025825,AKIEC,3,0.9494204521179199,AKIEC,3,0.9494204521179199,1
ISIC_0030322,NV,1,0.9494277238845825,NV,1,0.9494277238845825,1
ISIC_0031227,NV,1,0.949429988861084,NV,1,0.949429988861084,1
ISIC_0029620,NV,1,0.9494320154190063,NV,1,0.9494320154190063,1
ISIC_0030273,NV,1,0.9494417309761047,NV,1,0.9494417309761047,1
ISIC_0027643,NV,1,0.949449896812439,NV,1,0.949449896812439,1
ISIC_0026703,NV,1,0.9494697451591492,NV,1,0.9494697451591492,1
ISIC_0026257,NV,1,0.9494811296463013,NV,1,0.9494811296463013,1
ISIC_0025479,NV,1,0.9494891166687012,NV,1,0.9494891166687012,1
ISIC_0030642,NV,1,0.9494962692260742,NV,1,0.9494962692260742,1
ISIC_0025757,NV,1,0.9494995474815369,NV,1,0.9494995474815369,1
ISIC_0029673,NV,1,0.9495012164115906,NV,1,0.9495012164115906,1
ISIC_0025161,NV,1,0.9495088458061218,NV,1,0.9495088458061218,1
ISIC_0024653,NV,1,0.9495307207107544,NV,1,0.9495307207107544,1
ISIC_0027847,NV,1,0.9495320916175842,NV,1,0.9495320916175842,1
ISIC_0025189,NV,1,0.9495500326156616,NV,1,0.9495500326156616,1
ISIC_0034146,NV,1,0.949567437171936,NV,1,0.949567437171936,1
ISIC_0024513,NV,1,0.9495776891708374,NV,1,0.9495776891708374,1
ISIC_0032113,BKL,4,0.9495900273323059,BKL,4,0.9495900273323059,1
ISIC_0033588,NV,1,0.9495924711227417,NV,1,0.9495924711227417,1
ISIC_0026116,NV,1,0.9496082067489624,NV,1,0.9496082067489624,1
ISIC_0027143,NV,1,0.9496120810508728,NV,1,0.9496120810508728,1
ISIC_0024510,NV,1,0.9496225714683533,NV,1,0.9496225714683533,1
ISIC_0029628,NV,1,0.9496233463287354,NV,1,0.9496233463287354,1
ISIC_0030314,BCC,2,0.9496256113052368,BCC,2,0.9496256113052368,1
ISIC_0028939,NV,1,0.9496296644210815,NV,1,0.9496296644210815,1
ISIC_0031347,NV,1,0.9496344327926636,NV,1,0.9496344327926636,1
ISIC_0028392,NV,1,0.9496657848358154,NV,1,0.9496657848358154,1
ISIC_0026305,NV,1,0.9496806263923645,NV,1,0.9496806263923645,1
ISIC_0031785,NV,1,0.9496821761131287,NV,1,0.9496821761131287,1
ISIC_0033098,NV,1,0.9496894478797913,NV,1,0.9496894478797913,1
ISIC_0033639,NV,1,0.9496947526931763,NV,1,0.9496947526931763,1
ISIC_0031656,NV,1,0.949694812297821,NV,1,0.949694812297821,1
ISIC_0025503,NV,1,0.9497026801109314,NV,1,0.9497026801109314,1
ISIC_0033916,NV,1,0.9497056007385254,NV,1,0.9497056007385254,1
ISIC_0028417,NV,1,0.9497249722480774,NV,1,0.9497249722480774,1
ISIC_0032078,NV,1,0.9497362375259399,NV,1,0.9497362375259399,1
ISIC_0029433,NV,1,0.9497409462928772,NV,1,0.9497409462928772,1
ISIC_0028162,NV,1,0.9497524499893188,NV,1,0.9497524499893188,1
ISIC_0028674,NV,1,0.9497870206832886,NV,1,0.9497870206832886,1
ISIC_0032691,NV,1,0.949822187423706,NV,1,0.949822187423706,1
ISIC_0025243,NV,1,0.9498280882835388,NV,1,0.9498280882835388,1
ISIC_0027948,NV,1,0.9498287439346313,NV,1,0.9498287439346313,1
ISIC_0030077,NV,1,0.9498440027236938,NV,1,0.9498440027236938,1
ISIC_0026660,NV,1,0.9498530030250549,NV,1,0.9498530030250549,1
ISIC_0033294,NV,1,0.9498562812805176,NV,1,0.9498562812805176,1
ISIC_0030933,NV,1,0.9498624801635742,NV,1,0.9498624801635742,1
ISIC_0028112,NV,1,0.9498643279075623,NV,1,0.9498643279075623,1
ISIC_0028634,NV,1,0.9498759508132935,NV,1,0.9498759508132935,1
ISIC_0032493,NV,1,0.9498811960220337,NV,1,0.9498811960220337,1
ISIC_0030579,DF,5,0.949884295463562,DF,5,0.949884295463562,1
ISIC_0030288,NV,1,0.9498905539512634,NV,1,0.9498905539512634,1
ISIC_0028382,NV,1,0.9498952031135559,NV,1,0.9498952031135559,1
ISIC_0028658,NV,1,0.9498984217643738,NV,1,0.9498984217643738,1
ISIC_0028435,NV,1,0.9499008059501648,NV,1,0.9499008059501648,1
ISIC_0024601,NV,1,0.9499080777168274,NV,1,0.9499080777168274,1
ISIC_0028099,NV,1,0.9499139189720154,NV,1,0.9499139189720154,1
ISIC_0025415,NV,1,0.9499148726463318,NV,1,0.9499148726463318,1
ISIC_0030109,NV,1,0.9499168992042542,NV,1,0.9499168992042542,1
ISIC_0029142,NV,1,0.9499630928039551,NV,1,0.9499630928039551,1
ISIC_0031027,NV,1,0.9499675631523132,NV,1,0.9499675631523132,1
ISIC_0030393,NV,1,0.9499692916870117,NV,1,0.9499692916870117,1
ISIC_0031341,NV,1,0.9500025510787964,NV,1,0.9500025510787964,1
ISIC_0026119,NV,1,0.9500027894973755,NV,1,0.9500027894973755,1
ISIC_0029637,NV,1,0.950012743473053,NV,1,0.950012743473053,1
ISIC_0027771,BKL,4,0.9500257968902588,BKL,4,0.9500257968902588,1
ISIC_0028552,NV,1,0.9500274062156677,NV,1,0.9500274062156677,1
ISIC_0030278,NV,1,0.9500299692153931,NV,1,0.9500299692153931,1
ISIC_0031289,BKL,4,0.950031042098999,BKL,4,0.950031042098999,1
ISIC_0026006,NV,1,0.9500337243080139,NV,1,0.9500337243080139,1
ISIC_0032859,NV,1,0.9500481486320496,NV,1,0.9500481486320496,1
ISIC_0030348,NV,1,0.9500502943992615,NV,1,0.9500502943992615,1
ISIC_0028561,NV,1,0.9500607848167419,NV,1,0.9500607848167419,1
ISIC_0031909,NV,1,0.9500662684440613,NV,1,0.9500662684440613,1
ISIC_0030864,NV,1,0.9500672221183777,NV,1,0.9500672221183777,1
ISIC_0029080,BKL,4,0.9500688314437866,BKL,4,0.9500688314437866,1
ISIC_0027794,NV,1,0.950072705745697,NV,1,0.950072705745697,1
ISIC_0033702,NV,1,0.9500880837440491,NV,1,0.9500880837440491,1
ISIC_0026611,NV,1,0.9500887393951416,NV,1,0.9500887393951416,1
ISIC_0030169,NV,1,0.9500913023948669,NV,1,0.9500913023948669,1
ISIC_0028639,NV,1,0.9500945210456848,NV,1,0.9500945210456848,1
ISIC_0031722,NV,1,0.9501051902770996,NV,1,0.9501051902770996,1
ISIC_0033996,NV,1,0.9501071572303772,NV,1,0.9501071572303772,1
ISIC_0026990,NV,1,0.9501117467880249,NV,1,0.9501117467880249,1
ISIC_0030098,NV,1,0.9501121640205383,NV,1,0.9501121640205383,1
ISIC_0029494,NV,1,0.9501137137413025,NV,1,0.9501137137413025,1
ISIC_0031868,NV,1,0.950114369392395,NV,1,0.950114369392395,1
ISIC_0028371,NV,1,0.9501187801361084,NV,1,0.9501187801361084,1
ISIC_0027758,NV,1,0.9501328468322754,NV,1,0.9501328468322754,1
ISIC_0026632,NV,1,0.9501351118087769,NV,1,0.9501351118087769,1
ISIC_0031327,NV,1,0.9501387476921082,NV,1,0.9501387476921082,1
ISIC_0025844,NV,1,0.9501485824584961,NV,1,0.9501485824584961,1
ISIC_0027345,NV,1,0.9501519203186035,NV,1,0.9501519203186035,1
ISIC_0028331,BKL,4,0.9501793384552002,BKL,4,0.9501793384552002,1
ISIC_0027927,NV,1,0.9501818418502808,NV,1,0.9501818418502808,1
ISIC_0034307,NV,1,0.9501838684082031,NV,1,0.9501838684082031,1
ISIC_0026007,NV,1,0.950191855430603,NV,1,0.950191855430603,1
ISIC_0030530,NV,1,0.9501989483833313,NV,1,0.9501989483833313,1
ISIC_0025107,NV,1,0.9502165913581848,NV,1,0.9502165913581848,1
ISIC_0032241,NV,1,0.9502188563346863,NV,1,0.9502188563346863,1
ISIC_0025886,NV,1,0.9502219557762146,NV,1,0.9502219557762146,1
ISIC_0031581,NV,1,0.9502306580543518,NV,1,0.9502306580543518,1
ISIC_0030044,NV,1,0.950249969959259,NV,1,0.950249969959259,1
ISIC_0025139,NV,1,0.9502697587013245,NV,1,0.9502697587013245,1
ISIC_0024578,NV,1,0.9502725601196289,NV,1,0.9502725601196289,1
ISIC_0024788,NV,1,0.9502761363983154,NV,1,0.9502761363983154,1
ISIC_0025478,NV,1,0.9502800703048706,NV,1,0.9502800703048706,1
ISIC_0031051,NV,1,0.9503042101860046,NV,1,0.9503042101860046,1
ISIC_0027926,NV,1,0.9503092765808105,NV,1,0.9503092765808105,1
ISIC_0027227,NV,1,0.9503100514411926,NV,1,0.9503100514411926,1
ISIC_0028831,NV,1,0.9503101110458374,NV,1,0.9503101110458374,1
ISIC_0028851,NV,1,0.9503219723701477,NV,1,0.9503219723701477,1
ISIC_0028920,BKL,4,0.9503232836723328,BKL,4,0.9503232836723328,1
ISIC_0032761,NV,1,0.9503259658813477,NV,1,0.9503259658813477,1
ISIC_0033007,NV,1,0.9503307938575745,NV,1,0.9503307938575745,1
ISIC_0028169,NV,1,0.950347900390625,NV,1,0.950347900390625,1
ISIC_0031185,NV,1,0.9503804445266724,NV,1,0.9503804445266724,1
ISIC_0028774,BKL,4,0.950438916683197,BKL,4,0.950438916683197,1
ISIC_0033527,NV,1,0.9504672288894653,NV,1,0.9504672288894653,1
ISIC_0024413,NV,1,0.9504864811897278,NV,1,0.9504864811897278,1
ISIC_0026021,NV,1,0.9504887461662292,NV,1,0.9504887461662292,1
ISIC_0027200,NV,1,0.9504958987236023,NV,1,0.9504958987236023,1
ISIC_0025975,BCC,2,0.9504976868629456,BCC,2,0.9504976868629456,1
ISIC_0025923,NV,1,0.9504992365837097,NV,1,0.9504992365837097,1
ISIC_0028973,BCC,2,0.95052570104599,BCC,2,0.95052570104599,1
ISIC_0025170,NV,1,0.9505374431610107,NV,1,0.9505374431610107,1
ISIC_0025186,NV,1,0.9505488872528076,NV,1,0.9505488872528076,1
ISIC_0030139,NV,1,0.9505590796470642,NV,1,0.9505590796470642,1
ISIC_0025383,BCC,2,0.950574517250061,BCC,2,0.950574517250061,1
ISIC_0026355,NV,1,0.9505769610404968,NV,1,0.9505769610404968,1
ISIC_0026358,NV,1,0.9506003260612488,NV,1,0.9506003260612488,1
ISIC_0028571,NV,1,0.9506170749664307,NV,1,0.9506170749664307,1
ISIC_0027933,NV,1,0.950618326663971,NV,1,0.950618326663971,1
ISIC_0026762,NV,1,0.9506311416625977,NV,1,0.9506311416625977,1
ISIC_0027679,NV,1,0.9506320357322693,NV,1,0.9506320357322693,1
ISIC_0030135,NV,1,0.9506337642669678,NV,1,0.9506337642669678,1
ISIC_0026073,NV,1,0.9506350159645081,NV,1,0.9506350159645081,1
ISIC_0029090,NV,1,0.950639009475708,NV,1,0.950639009475708,1
ISIC_0027063,MEL,0,0.9506402015686035,MEL,0,0.9506402015686035,1
ISIC_0029701,NV,1,0.9506558179855347,NV,1,0.9506558179855347,1
ISIC_0032136,NV,1,0.9506574273109436,NV,1,0.9506574273109436,1
ISIC_0026235,NV,1,0.9506683349609375,NV,1,0.9506683349609375,1
ISIC_0033438,BKL,4,0.9506846070289612,BKL,4,0.9506846070289612,1
ISIC_0030030,NV,1,0.9506851434707642,NV,1,0.9506851434707642,1
ISIC_0031567,NV,1,0.9506922364234924,NV,1,0.9506922364234924,1
ISIC_0027720,NV,1,0.9506946206092834,NV,1,0.9506946206092834,1
ISIC_0028344,NV,1,0.9506956934928894,NV,1,0.9506956934928894,1
ISIC_0028090,NV,1,0.9507085084915161,NV,1,0.9507085084915161,1
ISIC_0025549,NV,1,0.950711190700531,NV,1,0.950711190700531,1
ISIC_0031190,NV,1,0.9507328867912292,NV,1,0.9507328867912292,1
ISIC_0030967,NV,1,0.9507535696029663,NV,1,0.9507535696029663,1
ISIC_0025463,NV,1,0.9507570266723633,NV,1,0.9507570266723633,1
ISIC_0026017,NV,1,0.9507592916488647,NV,1,0.9507592916488647,1
ISIC_0029718,NV,1,0.9507603645324707,NV,1,0.9507603645324707,1
ISIC_0029007,NV,1,0.950760543346405,NV,1,0.950760543346405,1
ISIC_0033950,NV,1,0.9507715702056885,NV,1,0.9507715702056885,1
ISIC_0029434,MEL,0,0.9507873058319092,MEL,0,0.9507873058319092,1
ISIC_0026260,NV,1,0.9507896900177002,NV,1,0.9507896900177002,1
ISIC_0026312,NV,1,0.9507942795753479,NV,1,0.9507942795753479,1
ISIC_0034254,NV,1,0.9508131742477417,NV,1,0.9508131742477417,1
ISIC_0028427,NV,1,0.9508141279220581,NV,1,0.9508141279220581,1
ISIC_0028814,BCC,2,0.9508158564567566,BCC,2,0.9508158564567566,1
ISIC_0031162,NV,1,0.9508269429206848,NV,1,0.9508269429206848,1
ISIC_0028907,NV,1,0.9508277177810669,NV,1,0.9508277177810669,1
ISIC_0034158,NV,1,0.9508395791053772,NV,1,0.9508395791053772,1
ISIC_0030474,NV,1,0.9508426785469055,NV,1,0.9508426785469055,1
ISIC_0033775,NV,1,0.950850784778595,NV,1,0.950850784778595,1
ISIC_0024876,NV,1,0.9508531093597412,NV,1,0.9508531093597412,1
ISIC_0030421,NV,1,0.9508649706840515,NV,1,0.9508649706840515,1
ISIC_0030833,NV,1,0.95087730884552,NV,1,0.95087730884552,1
ISIC_0031158,NV,1,0.9508787989616394,NV,1,0.9508787989616394,1
ISIC_0026240,NV,1,0.9509138464927673,NV,1,0.9509138464927673,1
ISIC_0030086,NV,1,0.9509180188179016,NV,1,0.9509180188179016,1
ISIC_0026066,NV,1,0.950925350189209,NV,1,0.950925350189209,1
ISIC_0029073,NV,1,0.9509358406066895,NV,1,0.9509358406066895,1
ISIC_0028663,NV,1,0.9509375095367432,NV,1,0.9509375095367432,1
ISIC_0033539,BKL,4,0.950952410697937,BKL,4,0.950952410697937,1
ISIC_0033190,NV,1,0.9509539008140564,NV,1,0.9509539008140564,1
ISIC_0032205,NV,1,0.9509608149528503,NV,1,0.9509608149528503,1
ISIC_0033274,MEL,0,0.9509710669517517,MEL,0,0.9509710669517517,1
ISIC_0026064,NV,1,0.9509938359260559,NV,1,0.9509938359260559,1
ISIC_0024828,NV,1,0.9510106444358826,NV,1,0.9510106444358826,1
ISIC_0027481,NV,1,0.9510195851325989,NV,1,0.9510195851325989,1
ISIC_0030496,NV,1,0.9510276913642883,NV,1,0.9510276913642883,1
ISIC_0027276,NV,1,0.9510499835014343,NV,1,0.9510499835014343,1
ISIC_0024478,NV,1,0.951063871383667,NV,1,0.951063871383667,1
ISIC_0028972,BKL,4,0.9510706663131714,BKL,4,0.9510706663131714,1
ISIC_0025740,NV,1,0.9510911703109741,NV,1,0.9510911703109741,1
ISIC_0029066,NV,1,0.9510959386825562,NV,1,0.9510959386825562,1
ISIC_0027799,NV,1,0.9510974287986755,NV,1,0.9510974287986755,1
ISIC_0026656,BCC,2,0.9511148929595947,BCC,2,0.9511148929595947,1
ISIC_0026144,NV,1,0.9511294364929199,NV,1,0.9511294364929199,1
ISIC_0032838,NV,1,0.9511414170265198,NV,1,0.9511414170265198,1
ISIC_0032419,NV,1,0.9511616230010986,NV,1,0.9511616230010986,1
ISIC_0033002,NV,1,0.9511639475822449,NV,1,0.9511639475822449,1
ISIC_0025308,NV,1,0.9511721730232239,NV,1,0.9511721730232239,1
ISIC_0024415,NV,1,0.9511728286743164,NV,1,0.9511728286743164,1
ISIC_0025387,BKL,4,0.9511747360229492,BKL,4,0.9511747360229492,1
ISIC_0030939,NV,1,0.9511768817901611,NV,1,0.9511768817901611,1
ISIC_0025034,NV,1,0.9511945843696594,NV,1,0.9511945843696594,1
ISIC_0030813,BCC,2,0.9511953592300415,BCC,2,0.9511953592300415,1
ISIC_0028741,NV,1,0.951200008392334,NV,1,0.951200008392334,1
ISIC_0027279,BKL,4,0.951202392578125,BKL,4,0.951202392578125,1
ISIC_0030596,NV,1,0.9512130618095398,NV,1,0.9512130618095398,1
ISIC_0025108,NV,1,0.9512261748313904,NV,1,0.9512261748313904,1
ISIC_0030248,NV,1,0.9512379765510559,NV,1,0.9512379765510559,1
ISIC_0032147,NV,1,0.9512459635734558,NV,1,0.9512459635734558,1
ISIC_0029656,NV,1,0.951266884803772,NV,1,0.951266884803772,1
ISIC_0026141,NV,1,0.9513013958930969,NV,1,0.9513013958930969,1
ISIC_0024555,NV,1,0.9513317942619324,NV,1,0.9513317942619324,1
ISIC_0026159,BKL,4,0.9513317942619324,BKL,4,0.9513317942619324,1
ISIC_0032052,NV,1,0.9513335227966309,NV,1,0.9513335227966309,1
ISIC_0033329,NV,1,0.9513415098190308,NV,1,0.9513415098190308,1
ISIC_0031400,BCC,2,0.9513502717018127,BCC,2,0.9513502717018127,1
ISIC_0027398,NV,1,0.9513697624206543,NV,1,0.9513697624206543,1
ISIC_0026426,NV,1,0.951371967792511,NV,1,0.951371967792511,1
ISIC_0027465,NV,1,0.9513781070709229,NV,1,0.9513781070709229,1
ISIC_0028892,NV,1,0.9513801336288452,NV,1,0.9513801336288452,1
ISIC_0033940,NV,1,0.9513821005821228,NV,1,0.9513821005821228,1
ISIC_0033103,MEL,0,0.9513843655586243,MEL,0,0.9513843655586243,1
ISIC_0026278,NV,1,0.9513911604881287,NV,1,0.9513911604881287,1
ISIC_0031904,NV,1,0.9513987898826599,NV,1,0.9513987898826599,1
ISIC_0028124,BKL,4,0.9514044523239136,BKL,4,0.9514044523239136,1
ISIC_0033783,BKL,4,0.9514058232307434,BKL,4,0.9514058232307434,1
ISIC_0026683,NV,1,0.9514104723930359,NV,1,0.9514104723930359,1
ISIC_0032259,NV,1,0.9514227509498596,NV,1,0.9514227509498596,1
ISIC_0033922,NV,1,0.9514303207397461,NV,1,0.9514303207397461,1
ISIC_0031110,NV,1,0.95144122838974,NV,1,0.95144122838974,1
ISIC_0032091,NV,1,0.951441764831543,NV,1,0.951441764831543,1
ISIC_0028375,NV,1,0.9514473676681519,NV,1,0.9514473676681519,1
ISIC_0028603,NV,1,0.9514722228050232,NV,1,0.9514722228050232,1
ISIC_0032194,BCC,2,0.9514867663383484,BCC,2,0.9514867663383484,1
ISIC_0032517,MEL,0,0.9515012502670288,MEL,0,0.9515012502670288,1
ISIC_0026761,NV,1,0.9515063166618347,NV,1,0.9515063166618347,1
ISIC_0034309,NV,1,0.9515075087547302,NV,1,0.9515075087547302,1
ISIC_0032572,NV,1,0.9515131115913391,NV,1,0.9515131115913391,1
ISIC_0026162,NV,1,0.951514720916748,NV,1,0.951514720916748,1
ISIC_0031282,NV,1,0.9515206813812256,NV,1,0.9515206813812256,1
ISIC_0033621,NV,1,0.9515281319618225,NV,1,0.9515281319618225,1
ISIC_0031383,NV,1,0.9515448212623596,NV,1,0.9515448212623596,1
ISIC_0031737,NV,1,0.9515618085861206,NV,1,0.9515618085861206,1
ISIC_0029042,NV,1,0.9515742063522339,NV,1,0.9515742063522339,1
ISIC_0031997,NV,1,0.9515750408172607,NV,1,0.9515750408172607,1
ISIC_0033423,NV,1,0.9515752792358398,NV,1,0.9515752792358398,1
ISIC_0031193,NV,1,0.9515768885612488,NV,1,0.9515768885612488,1
ISIC_0032451,NV,1,0.9515776634216309,NV,1,0.9515776634216309,1
ISIC_0024335,NV,1,0.9515953660011292,NV,1,0.9515953660011292,1
ISIC_0027494,NV,1,0.951600193977356,NV,1,0.951600193977356,1
ISIC_0029134,NV,1,0.9516187906265259,NV,1,0.9516187906265259,1
ISIC_0031144,NV,1,0.9516193270683289,NV,1,0.9516193270683289,1
ISIC_0025540,NV,1,0.9516331553459167,NV,1,0.9516331553459167,1
ISIC_0034006,MEL,0,0.951640784740448,MEL,0,0.951640784740448,1
ISIC_0029619,NV,1,0.9516607522964478,NV,1,0.9516607522964478,1
ISIC_0033781,NV,1,0.9516789317131042,NV,1,0.9516789317131042,1
ISIC_0030938,NV,1,0.9516940116882324,NV,1,0.9516940116882324,1
ISIC_0029842,NV,1,0.9517042636871338,NV,1,0.9517042636871338,1
ISIC_0024308,NV,1,0.9517054557800293,NV,1,0.9517054557800293,1
ISIC_0029741,BKL,4,0.9517442584037781,BKL,4,0.9517442584037781,1
ISIC_0030729,NV,1,0.951745331287384,NV,1,0.951745331287384,1
ISIC_0025754,NV,1,0.9517461657524109,NV,1,0.9517461657524109,1
ISIC_0030855,NV,1,0.951758623123169,NV,1,0.951758623123169,1
ISIC_0034185,NV,1,0.9517675638198853,NV,1,0.9517675638198853,1
ISIC_0034116,NV,1,0.9517740607261658,NV,1,0.9517740607261658,1
ISIC_0024483,NV,1,0.9517836570739746,NV,1,0.9517836570739746,1
ISIC_0030108,NV,1,0.9517858028411865,NV,1,0.9517858028411865,1
ISIC_0024499,NV,1,0.9517916440963745,NV,1,0.9517916440963745,1
ISIC_0027752,NV,1,0.9517919421195984,NV,1,0.9517919421195984,1
ISIC_0032573,NV,1,0.9518013596534729,NV,1,0.9518013596534729,1
ISIC_0030376,NV,1,0.9518111944198608,NV,1,0.9518111944198608,1
ISIC_0028723,NV,1,0.9518234729766846,NV,1,0.9518234729766846,1
ISIC_0032097,NV,1,0.9518285989761353,NV,1,0.9518285989761353,1
ISIC_0025536,NV,1,0.9518328905105591,NV,1,0.9518328905105591,1
ISIC_0028245,NV,1,0.9518411159515381,NV,1,0.9518411159515381,1
ISIC_0027221,NV,1,0.9518579244613647,NV,1,0.9518579244613647,1
ISIC_0026125,NV,1,0.9518592357635498,NV,1,0.9518592357635498,1
ISIC_0031325,NV,1,0.9518709182739258,NV,1,0.9518709182739258,1
ISIC_0028207,NV,1,0.9518764019012451,NV,1,0.9518764019012451,1
ISIC_0029848,NV,1,0.9518854022026062,NV,1,0.9518854022026062,1
ISIC_0030359,NV,1,0.9518975019454956,NV,1,0.9518975019454956,1
ISIC_0031699,NV,1,0.9519022107124329,NV,1,0.9519022107124329,1
ISIC_0024460,NV,1,0.9519107937812805,NV,1,0.9519107937812805,1
ISIC_0033795,NV,1,0.9519110918045044,NV,1,0.9519110918045044,1
ISIC_0032535,MEL,0,0.9519142508506775,MEL,0,0.9519142508506775,1
ISIC_0025204,NV,1,0.9519275426864624,NV,1,0.9519275426864624,1
ISIC_0032276,NV,1,0.951970636844635,NV,1,0.951970636844635,1
ISIC_0030823,NV,1,0.951971173286438,NV,1,0.951971173286438,1
ISIC_0032904,NV,1,0.9519955515861511,NV,1,0.9519955515861511,1
ISIC_0026225,NV,1,0.9519963264465332,NV,1,0.9519963264465332,1
ISIC_0033221,NV,1,0.9519990086555481,NV,1,0.9519990086555481,1
ISIC_0026943,NV,1,0.9520024657249451,NV,1,0.9520024657249451,1
ISIC_0026834,NV,1,0.952029824256897,NV,1,0.952029824256897,1
ISIC_0024506,NV,1,0.952046275138855,NV,1,0.952046275138855,1
ISIC_0028911,NV,1,0.9520680904388428,NV,1,0.9520680904388428,1
ISIC_0025258,NV,1,0.9520733952522278,NV,1,0.9520733952522278,1
ISIC_0033063,MEL,0,0.9520992040634155,MEL,0,0.9520992040634155,1
ISIC_0029037,NV,1,0.9521011114120483,NV,1,0.9521011114120483,1
ISIC_0027357,NV,1,0.952109694480896,NV,1,0.952109694480896,1
ISIC_0025071,NV,1,0.9521331191062927,NV,1,0.9521331191062927,1
ISIC_0034020,NV,1,0.9521397352218628,NV,1,0.9521397352218628,1
ISIC_0024325,NV,1,0.9521405696868896,NV,1,0.9521405696868896,1
ISIC_0031086,NV,1,0.9521438479423523,NV,1,0.9521438479423523,1
ISIC_0028145,NV,1,0.9521439075469971,NV,1,0.9521439075469971,1
ISIC_0031816,NV,1,0.9521543979644775,NV,1,0.9521543979644775,1
ISIC_0032285,NV,1,0.9521546363830566,NV,1,0.9521546363830566,1
ISIC_0031605,NV,1,0.9521577954292297,NV,1,0.9521577954292297,1
ISIC_0030884,NV,1,0.9521691203117371,NV,1,0.9521691203117371,1
ISIC_0029018,NV,1,0.952170729637146,NV,1,0.952170729637146,1
ISIC_0030298,NV,1,0.9521735310554504,NV,1,0.9521735310554504,1
ISIC_0025914,NV,1,0.952175498008728,NV,1,0.952175498008728,1
ISIC_0029766,NV,1,0.9521782994270325,NV,1,0.9521782994270325,1
ISIC_0027082,NV,1,0.9521897435188293,NV,1,0.9521897435188293,1
ISIC_0028947,NV,1,0.9522053003311157,NV,1,0.9522053003311157,1
ISIC_0034086,NV,1,0.9522056579589844,NV,1,0.9522056579589844,1
ISIC_0024440,NV,1,0.9522103071212769,NV,1,0.9522103071212769,1
ISIC_0033904,NV,1,0.9522110223770142,NV,1,0.9522110223770142,1
ISIC_0029388,NV,1,0.9522143006324768,NV,1,0.9522143006324768,1
ISIC_0033419,NV,1,0.9522145390510559,NV,1,0.9522145390510559,1
ISIC_0031765,NV,1,0.9522250890731812,NV,1,0.9522250890731812,1
ISIC_0032500,NV,1,0.9522283673286438,NV,1,0.9522283673286438,1
ISIC_0025096,NV,1,0.952242374420166,NV,1,0.952242374420166,1
ISIC_0026585,NV,1,0.9522436857223511,NV,1,0.9522436857223511,1
ISIC_0033647,NV,1,0.9522503018379211,NV,1,0.9522503018379211,1
ISIC_0033542,NV,1,0.9522580504417419,NV,1,0.9522580504417419,1
ISIC_0031105,NV,1,0.9522581696510315,NV,1,0.9522581696510315,1
ISIC_0030798,MEL,0,0.9523239135742188,MEL,0,0.9523239135742188,1
ISIC_0031114,NV,1,0.9523245692253113,NV,1,0.9523245692253113,1
ISIC_0033908,BKL,4,0.9523267149925232,BKL,4,0.9523267149925232,1
ISIC_0031878,NV,1,0.9523341655731201,NV,1,0.9523341655731201,1
ISIC_0030362,NV,1,0.9523435831069946,NV,1,0.9523435831069946,1
ISIC_0029948,NV,1,0.9523462653160095,NV,1,0.9523462653160095,1
ISIC_0029700,NV,1,0.9523503184318542,NV,1,0.9523503184318542,1
ISIC_0026532,BKL,4,0.9523519277572632,BKL,4,0.9523519277572632,1
ISIC_0029436,NV,1,0.9523571133613586,NV,1,0.9523571133613586,1
ISIC_0032666,NV,1,0.9523659944534302,NV,1,0.9523659944534302,1
ISIC_0025629,NV,1,0.9523667097091675,NV,1,0.9523667097091675,1
ISIC_0028460,MEL,0,0.952366828918457,MEL,0,0.952366828918457,1
ISIC_0032271,BKL,4,0.952377438545227,BKL,4,0.952377438545227,1
ISIC_0029275,NV,1,0.9523798227310181,NV,1,0.9523798227310181,1
ISIC_0033798,NV,1,0.9523887634277344,NV,1,0.9523887634277344,1
ISIC_0028736,NV,1,0.952389657497406,NV,1,0.952389657497406,1
ISIC_0031373,NV,1,0.9523953795433044,NV,1,0.9523953795433044,1
ISIC_0026013,NV,1,0.9524012207984924,NV,1,0.9524012207984924,1
ISIC_0030805,NV,1,0.952409565448761,NV,1,0.952409565448761,1
ISIC_0024448,BCC,2,0.9524133205413818,BCC,2,0.9524133205413818,1
ISIC_0026074,BCC,2,0.9524352550506592,BCC,2,0.9524352550506592,1
ISIC_0026803,BKL,4,0.9524430632591248,BKL,4,0.9524430632591248,1
ISIC_0033735,NV,1,0.9524433612823486,NV,1,0.9524433612823486,1
ISIC_0034155,BCC,2,0.95247483253479,BCC,2,0.95247483253479,1
ISIC_0029078,NV,1,0.9524972438812256,NV,1,0.9524972438812256,1
ISIC_0030398,NV,1,0.9524972438812256,NV,1,0.9524972438812256,1
ISIC_0025448,NV,1,0.9525090456008911,NV,1,0.9525090456008911,1
ISIC_0031990,NV,1,0.9525196552276611,NV,1,0.9525196552276611,1
ISIC_0033963,NV,1,0.9525219202041626,NV,1,0.9525219202041626,1
ISIC_0031755,NV,1,0.9525246024131775,NV,1,0.9525246024131775,1
ISIC_0029803,NV,1,0.9525289535522461,NV,1,0.9525289535522461,1
ISIC_0027463,BKL,4,0.9525402784347534,BKL,4,0.9525402784347534,1
ISIC_0027685,NV,1,0.9525415897369385,NV,1,0.9525415897369385,1
ISIC_0031787,NV,1,0.952542245388031,NV,1,0.952542245388031,1
ISIC_0032813,NV,1,0.952543318271637,NV,1,0.952543318271637,1
ISIC_0027576,NV,1,0.9525653719902039,NV,1,0.9525653719902039,1
ISIC_0033293,NV,1,0.9525784850120544,NV,1,0.9525784850120544,1
ISIC_0032210,NV,1,0.9525896310806274,NV,1,0.9525896310806274,1
ISIC_0029339,NV,1,0.9525941610336304,NV,1,0.9525941610336304,1
ISIC_0027482,NV,1,0.9525961875915527,NV,1,0.9525961875915527,1
ISIC_0030786,NV,1,0.9526025056838989,NV,1,0.9526025056838989,1
ISIC_0026573,NV,1,0.9526122212409973,NV,1,0.9526122212409973,1
ISIC_0029547,MEL,0,0.9526428580284119,MEL,0,0.9526428580284119,1
ISIC_0027572,NV,1,0.9526519179344177,NV,1,0.9526519179344177,1
ISIC_0029123,BCC,2,0.9526728987693787,BCC,2,0.9526728987693787,1
ISIC_0033521,NV,1,0.9526933431625366,NV,1,0.9526933431625366,1
ISIC_0031220,NV,1,0.9527004957199097,NV,1,0.9527004957199097,1
ISIC_0026191,NV,1,0.9527072310447693,NV,1,0.9527072310447693,1
ISIC_0027304,NV,1,0.9527074098587036,NV,1,0.9527074098587036,1
ISIC_0026622,MEL,0,0.9527236819267273,MEL,0,0.9527236819267273,1
ISIC_0027623,NV,1,0.9527246356010437,NV,1,0.9527246356010437,1
ISIC_0026610,NV,1,0.9527332782745361,NV,1,0.9527332782745361,1
ISIC_0027442,MEL,0,0.9527407884597778,MEL,0,0.9527407884597778,1
ISIC_0031049,NV,1,0.9527502655982971,NV,1,0.9527502655982971,1
ISIC_0029688,NV,1,0.9527677297592163,NV,1,0.9527677297592163,1
ISIC_0028164,NV,1,0.9527706503868103,NV,1,0.9527706503868103,1
ISIC_0033348,NV,1,0.9527778625488281,NV,1,0.9527778625488281,1
ISIC_0027028,NV,1,0.9527974724769592,NV,1,0.9527974724769592,1
ISIC_0028334,NV,1,0.9528018832206726,NV,1,0.9528018832206726,1
ISIC_0032165,NV,1,0.9528033137321472,NV,1,0.9528033137321472,1
ISIC_0027296,NV,1,0.9528084993362427,NV,1,0.9528084993362427,1
ISIC_0033786,NV,1,0.9528108835220337,NV,1,0.9528108835220337,1
ISIC_0025355,NV,1,0.9528118371963501,NV,1,0.9528118371963501,1
ISIC_0029631,NV,1,0.9528256058692932,NV,1,0.9528256058692932,1
ISIC_0028000,NV,1,0.9528266787528992,NV,1,0.9528266787528992,1
ISIC_0031728,BCC,2,0.9528422951698303,BCC,2,0.9528422951698303,1
ISIC_0032336,NV,1,0.9528431296348572,NV,1,0.9528431296348572,1
ISIC_0033032,NV,1,0.9528504014015198,NV,1,0.9528504014015198,1
ISIC_0029526,NV,1,0.9528585076332092,NV,1,0.9528585076332092,1
ISIC_0028196,NV,1,0.9528833031654358,NV,1,0.9528833031654358,1
ISIC_0029743,NV,1,0.9528869986534119,NV,1,0.9528869986534119,1
ISIC_0026602,NV,1,0.9528993368148804,NV,1,0.9528993368148804,1
ISIC_0024535,NV,1,0.9529011249542236,NV,1,0.9529011249542236,1
ISIC_0033861,NV,1,0.9529092907905579,NV,1,0.9529092907905579,1
ISIC_0028600,NV,1,0.9529140591621399,NV,1,0.9529140591621399,1
ISIC_0028129,NV,1,0.9529176950454712,NV,1,0.9529176950454712,1
ISIC_0024678,NV,1,0.9529190063476562,NV,1,0.9529190063476562,1
ISIC_0031426,NV,1,0.9529405832290649,NV,1,0.9529405832290649,1
ISIC_0029431,NV,1,0.9529411196708679,NV,1,0.9529411196708679,1
ISIC_0032742,NV,1,0.9529447555541992,NV,1,0.9529447555541992,1
ISIC_0025614,NV,1,0.952948808670044,NV,1,0.952948808670044,1
ISIC_0028533,NV,1,0.9529647827148438,NV,1,0.9529647827148438,1
ISIC_0024794,NV,1,0.9529845118522644,NV,1,0.9529845118522644,1
ISIC_0030468,NV,1,0.9529939293861389,NV,1,0.9529939293861389,1
ISIC_0032406,NV,1,0.9529958963394165,NV,1,0.9529958963394165,1
ISIC_0033684,NV,1,0.953001081943512,NV,1,0.953001081943512,1
ISIC_0033467,NV,1,0.9530059695243835,NV,1,0.9530059695243835,1
ISIC_0031797,NV,1,0.9530077576637268,NV,1,0.9530077576637268,1
ISIC_0032311,NV,1,0.9530091881752014,NV,1,0.9530091881752014,1
ISIC_0027154,BKL,4,0.953009843826294,BKL,4,0.953009843826294,1
ISIC_0026847,MEL,0,0.9530115723609924,MEL,0,0.9530115723609924,1
ISIC_0025694,NV,1,0.953018844127655,NV,1,0.953018844127655,1
ISIC_0032267,NV,1,0.9530256390571594,NV,1,0.9530256390571594,1
ISIC_0028962,NV,1,0.9530395269393921,NV,1,0.9530395269393921,1
ISIC_0031732,NV,1,0.953043520450592,NV,1,0.953043520450592,1
ISIC_0029015,NV,1,0.9530718922615051,NV,1,0.9530718922615051,1
ISIC_0029543,NV,1,0.9530788064002991,NV,1,0.9530788064002991,1
ISIC_0030498,NV,1,0.9530801177024841,NV,1,0.9530801177024841,1
ISIC_0028572,NV,1,0.9530868530273438,NV,1,0.9530868530273438,1
ISIC_0032453,NV,1,0.9530892968177795,NV,1,0.9530892968177795,1
ISIC_0027913,NV,1,0.953091561794281,NV,1,0.953091561794281,1
ISIC_0025428,NV,1,0.9531021118164062,NV,1,0.9531021118164062,1
ISIC_0028614,NV,1,0.9531038403511047,NV,1,0.9531038403511047,1
ISIC_0024858,NV,1,0.9531098008155823,NV,1,0.9531098008155823,1
ISIC_0025678,NV,1,0.9531387090682983,NV,1,0.9531387090682983,1
ISIC_0028229,BKL,4,0.9531395435333252,BKL,4,0.9531395435333252,1
ISIC_0028365,NV,1,0.9531484246253967,NV,1,0.9531484246253967,1
ISIC_0024833,BCC,2,0.9531491994857788,BCC,2,0.9531491994857788,1
ISIC_0025686,NV,1,0.9531501531600952,NV,1,0.9531501531600952,1
ISIC_0031097,NV,1,0.9531665444374084,NV,1,0.9531665444374084,1
ISIC_0029119,NV,1,0.9531680345535278,NV,1,0.9531680345535278,1
ISIC_0027518,NV,1,0.953189492225647,NV,1,0.953189492225647,1
ISIC_0031996,VASC,6,0.9531954526901245,VASC,6,0.9531954526901245,1
ISIC_0025203,NV,1,0.9532051086425781,NV,1,0.9532051086425781,1
ISIC_0032391,NV,1,0.9532226324081421,NV,1,0.9532226324081421,1
ISIC_0026285,NV,1,0.9532257914543152,NV,1,0.9532257914543152,1
ISIC_0026953,NV,1,0.9532503485679626,NV,1,0.9532503485679626,1
ISIC_0026462,NV,1,0.9532706141471863,NV,1,0.9532706141471863,1
ISIC_0027917,NV,1,0.9532778859138489,NV,1,0.9532778859138489,1
ISIC_0030269,NV,1,0.9532829523086548,NV,1,0.9532829523086548,1
ISIC_0030257,NV,1,0.9532954096794128,NV,1,0.9532954096794128,1
ISIC_0028862,NV,1,0.9532960653305054,NV,1,0.9532960653305054,1
ISIC_0029383,NV,1,0.9533066749572754,NV,1,0.9533066749572754,1
ISIC_0033958,NV,1,0.9533095955848694,NV,1,0.9533095955848694,1
ISIC_0030540,NV,1,0.9533143043518066,NV,1,0.9533143043518066,1
ISIC_0030982,NV,1,0.9533229470252991,NV,1,0.9533229470252991,1
ISIC_0031564,NV,1,0.9533327221870422,NV,1,0.9533327221870422,1
ISIC_0025953,AKIEC,3,0.953337550163269,AKIEC,3,0.953337550163269,1
ISIC_0030218,NV,1,0.9533470273017883,NV,1,0.9533470273017883,1
ISIC_0027381,NV,1,0.9533591270446777,NV,1,0.9533591270446777,1
ISIC_0025913,NV,1,0.9533608555793762,NV,1,0.9533608555793762,1
ISIC_0029959,NV,1,0.9533658623695374,NV,1,0.9533658623695374,1
ISIC_0027597,NV,1,0.9533743262290955,NV,1,0.9533743262290955,1
ISIC_0029999,NV,1,0.9533983469009399,NV,1,0.9533983469009399,1
ISIC_0032005,NV,1,0.9534125328063965,NV,1,0.9534125328063965,1
ISIC_0024532,NV,1,0.9534220695495605,NV,1,0.9534220695495605,1
ISIC_0028682,NV,1,0.9534333348274231,NV,1,0.9534333348274231,1
ISIC_0028020,BKL,4,0.9534631371498108,BKL,4,0.9534631371498108,1
ISIC_0027009,NV,1,0.9534873366355896,NV,1,0.9534873366355896,1
ISIC_0030641,NV,1,0.9534963369369507,NV,1,0.9534963369369507,1
ISIC_0032122,NV,1,0.9535024762153625,NV,1,0.9535024762153625,1
ISIC_0027988,NV,1,0.9535145163536072,NV,1,0.9535145163536072,1
ISIC_0029870,NV,1,0.9535204768180847,NV,1,0.9535204768180847,1
ISIC_0025840,NV,1,0.9535228610038757,NV,1,0.9535228610038757,1
ISIC_0025541,NV,1,0.9535278677940369,NV,1,0.9535278677940369,1
ISIC_0027074,NV,1,0.9535314440727234,NV,1,0.9535314440727234,1
ISIC_0025088,NV,1,0.9535354375839233,NV,1,0.9535354375839233,1
ISIC_0027001,NV,1,0.9535431265830994,NV,1,0.9535431265830994,1
ISIC_0025508,NV,1,0.9535439014434814,NV,1,0.9535439014434814,1
ISIC_0032333,NV,1,0.9535523653030396,NV,1,0.9535523653030396,1
ISIC_0026025,NV,1,0.953568160533905,NV,1,0.953568160533905,1
ISIC_0027016,NV,1,0.9535712003707886,NV,1,0.9535712003707886,1
ISIC_0031698,BCC,2,0.9535755515098572,BCC,2,0.9535755515098572,1
ISIC_0025353,NV,1,0.9536042809486389,NV,1,0.9536042809486389,1
ISIC_0025487,NV,1,0.9536187052726746,NV,1,0.9536187052726746,1
ISIC_0025527,NV,1,0.953623354434967,NV,1,0.953623354434967,1
ISIC_0031790,NV,1,0.9536237120628357,NV,1,0.9536237120628357,1
ISIC_0026353,NV,1,0.9536237120628357,NV,1,0.9536237120628357,1
ISIC_0031246,NV,1,0.9536256194114685,NV,1,0.9536256194114685,1
ISIC_0033557,NV,1,0.9536322355270386,NV,1,0.9536322355270386,1
ISIC_0025241,NV,1,0.9536440968513489,NV,1,0.9536440968513489,1
ISIC_0026851,NV,1,0.9536496996879578,NV,1,0.9536496996879578,1
ISIC_0029911,NV,1,0.9536512494087219,NV,1,0.9536512494087219,1
ISIC_0030239,NV,1,0.9536545872688293,NV,1,0.9536545872688293,1
ISIC_0030404,NV,1,0.9536596536636353,NV,1,0.9536596536636353,1
ISIC_0031267,NV,1,0.9536663889884949,NV,1,0.9536663889884949,1
ISIC_0033370,NV,1,0.9536691308021545,NV,1,0.9536691308021545,1
ISIC_0032950,NV,1,0.9536716938018799,NV,1,0.9536716938018799,1
ISIC_0031066,NV,1,0.9536784291267395,NV,1,0.9536784291267395,1
ISIC_0028865,NV,1,0.953718364238739,NV,1,0.953718364238739,1
ISIC_0025911,DF,5,0.953719973564148,DF,5,0.953719973564148,1
ISIC_0032447,MEL,0,0.9537274241447449,MEL,0,0.9537274241447449,1
ISIC_0032202,NV,1,0.953728437423706,NV,1,0.953728437423706,1
ISIC_0026325,NV,1,0.9537309408187866,NV,1,0.9537309408187866,1
ISIC_0034039,NV,1,0.9537398219108582,NV,1,0.9537398219108582,1
ISIC_0029237,NV,1,0.9537407755851746,NV,1,0.9537407755851746,1
ISIC_0029702,NV,1,0.9537572860717773,NV,1,0.9537572860717773,1
ISIC_0032062,NV,1,0.9537632465362549,NV,1,0.9537632465362549,1
ISIC_0030597,NV,1,0.9537645578384399,NV,1,0.9537645578384399,1
ISIC_0027292,NV,1,0.9537651538848877,NV,1,0.9537651538848877,1
ISIC_0025881,NV,1,0.9537695050239563,NV,1,0.9537695050239563,1
ISIC_0031067,NV,1,0.9537849426269531,NV,1,0.9537849426269531,1
ISIC_0028133,NV,1,0.9537972807884216,NV,1,0.9537972807884216,1
ISIC_0034154,NV,1,0.9537995457649231,NV,1,0.9537995457649231,1
ISIC_0028805,NV,1,0.9538209438323975,NV,1,0.9538209438323975,1
ISIC_0024942,NV,1,0.9538300633430481,NV,1,0.9538300633430481,1
ISIC_0033347,NV,1,0.9538562893867493,NV,1,0.9538562893867493,1
ISIC_0031283,NV,1,0.9538739919662476,NV,1,0.9538739919662476,1
ISIC_0029156,NV,1,0.9538878202438354,NV,1,0.9538878202438354,1
ISIC_0031390,NV,1,0.953888475894928,NV,1,0.953888475894928,1
ISIC_0030386,NV,1,0.9538929462432861,NV,1,0.9538929462432861,1
ISIC_0030709,NV,1,0.9539014101028442,NV,1,0.9539014101028442,1
ISIC_0024717,NV,1,0.9539084434509277,NV,1,0.9539084434509277,1
ISIC_0026507,NV,1,0.9539174437522888,NV,1,0.9539174437522888,1
ISIC_0032518,NV,1,0.9539211392402649,NV,1,0.9539211392402649,1
ISIC_0028134,NV,1,0.9539245963096619,NV,1,0.9539245963096619,1
ISIC_0031938,NV,1,0.953931450843811,NV,1,0.953931450843811,1
ISIC_0030407,NV,1,0.9539347290992737,NV,1,0.9539347290992737,1
ISIC_0027223,NV,1,0.9539400339126587,NV,1,0.9539400339126587,1
ISIC_0029326,NV,1,0.9539425373077393,NV,1,0.9539425373077393,1
ISIC_0028399,NV,1,0.9539706110954285,NV,1,0.9539706110954285,1
ISIC_0025636,NV,1,0.9539812207221985,NV,1,0.9539812207221985,1
ISIC_0029088,NV,1,0.9539905786514282,NV,1,0.9539905786514282,1
ISIC_0024852,NV,1,0.9540001153945923,NV,1,0.9540001153945923,1
ISIC_0026734,NV,1,0.9540058970451355,NV,1,0.9540058970451355,1
ISIC_0024574,NV,1,0.9540160894393921,NV,1,0.9540160894393921,1
ISIC_0030345,NV,1,0.9540162086486816,NV,1,0.9540162086486816,1
ISIC_0033237,NV,1,0.9540228247642517,NV,1,0.9540228247642517,1
ISIC_0027096,NV,1,0.9540295004844666,NV,1,0.9540295004844666,1
ISIC_0024395,NV,1,0.9540420174598694,NV,1,0.9540420174598694,1
ISIC_0028886,NV,1,0.9540452361106873,NV,1,0.9540452361106873,1
ISIC_0032351,NV,1,0.9540475606918335,NV,1,0.9540475606918335,1
ISIC_0030679,NV,1,0.9540497064590454,NV,1,0.9540497064590454,1
ISIC_0034157,NV,1,0.9540615081787109,NV,1,0.9540615081787109,1
ISIC_0027942,NV,1,0.9540645480155945,NV,1,0.9540645480155945,1
ISIC_0029318,MEL,0,0.954065203666687,MEL,0,0.954065203666687,1
ISIC_0026898,NV,1,0.9540920257568359,NV,1,0.9540920257568359,1
ISIC_0027842,NV,1,0.954095721244812,NV,1,0.954095721244812,1
ISIC_0034105,NV,1,0.9541001915931702,NV,1,0.9541001915931702,1
ISIC_0027203,NV,1,0.9541143774986267,NV,1,0.9541143774986267,1
ISIC_0029828,NV,1,0.9541147947311401,NV,1,0.9541147947311401,1
ISIC_0033672,NV,1,0.9541261196136475,NV,1,0.9541261196136475,1
ISIC_0027635,NV,1,0.954131007194519,NV,1,0.954131007194519,1
ISIC_0029811,AKIEC,3,0.9541341066360474,AKIEC,3,0.9541341066360474,1
ISIC_0029181,NV,1,0.9541504383087158,NV,1,0.9541504383087158,1
ISIC_0030042,NV,1,0.9541513919830322,NV,1,0.9541513919830322,1
ISIC_0028832,NV,1,0.9541836380958557,NV,1,0.9541836380958557,1
ISIC_0025200,NV,1,0.9541884064674377,NV,1,0.9541884064674377,1
ISIC_0028595,NV,1,0.9542002081871033,NV,1,0.9542002081871033,1
ISIC_0031296,NV,1,0.9542136788368225,NV,1,0.9542136788368225,1
ISIC_0025461,NV,1,0.9542186856269836,NV,1,0.9542186856269836,1
ISIC_0027161,NV,1,0.9542269110679626,NV,1,0.9542269110679626,1
ISIC_0031322,NV,1,0.9542332291603088,NV,1,0.9542332291603088,1
ISIC_0027944,NV,1,0.9542485475540161,NV,1,0.9542485475540161,1
ISIC_0025455,NV,1,0.9542554616928101,NV,1,0.9542554616928101,1
ISIC_0031028,NV,1,0.9542566537857056,NV,1,0.9542566537857056,1
ISIC_0025896,NV,1,0.9542660117149353,NV,1,0.9542660117149353,1
ISIC_0028055,NV,1,0.9542683959007263,NV,1,0.9542683959007263,1
ISIC_0024954,NV,1,0.9542708992958069,NV,1,0.9542708992958069,1
ISIC_0030205,NV,1,0.9542858600616455,NV,1,0.9542858600616455,1
ISIC_0027453,NV,1,0.9542939066886902,NV,1,0.9542939066886902,1
ISIC_0025194,NV,1,0.9542940258979797,NV,1,0.9542940258979797,1
ISIC_0032566,NV,1,0.9542953372001648,NV,1,0.9542953372001648,1
ISIC_0024819,NV,1,0.9542967081069946,NV,1,0.9542967081069946,1
ISIC_0027591,NV,1,0.9543176889419556,NV,1,0.9543176889419556,1
ISIC_0027715,NV,1,0.9543233513832092,NV,1,0.9543233513832092,1
ISIC_0031508,NV,1,0.954338550567627,NV,1,0.954338550567627,1
ISIC_0032673,NV,1,0.9543393850326538,NV,1,0.9543393850326538,1
ISIC_0024544,NV,1,0.9543519020080566,NV,1,0.9543519020080566,1
ISIC_0034200,NV,1,0.9543581008911133,NV,1,0.9543581008911133,1
ISIC_0032039,NV,1,0.9543685913085938,NV,1,0.9543685913085938,1
ISIC_0032289,NV,1,0.9543812274932861,NV,1,0.9543812274932861,1
ISIC_0024434,NV,1,0.9543895721435547,NV,1,0.9543895721435547,1
ISIC_0028956,NV,1,0.9543926119804382,NV,1,0.9543926119804382,1
ISIC_0026186,NV,1,0.9543993473052979,NV,1,0.9543993473052979,1
ISIC_0024873,NV,1,0.9544017314910889,NV,1,0.9544017314910889,1
ISIC_0024537,MEL,0,0.9544058442115784,MEL,0,0.9544058442115784,1
ISIC_0030072,NV,1,0.9544103145599365,NV,1,0.9544103145599365,1
ISIC_0029416,NV,1,0.9544191956520081,NV,1,0.9544191956520081,1
ISIC_0028436,NV,1,0.9544272422790527,NV,1,0.9544272422790527,1
ISIC_0033284,BKL,4,0.954450786113739,BKL,4,0.954450786113739,1
ISIC_0032038,NV,1,0.9544509053230286,NV,1,0.9544509053230286,1
ISIC_0032427,NV,1,0.9544522166252136,NV,1,0.9544522166252136,1
ISIC_0031571,NV,1,0.9544613361358643,NV,1,0.9544613361358643,1
ISIC_0029335,NV,1,0.9544821977615356,NV,1,0.9544821977615356,1
ISIC_0028013,NV,1,0.9544853568077087,NV,1,0.9544853568077087,1
ISIC_0029423,NV,1,0.9544910788536072,NV,1,0.9544910788536072,1
ISIC_0031512,NV,1,0.954501748085022,NV,1,0.954501748085022,1
ISIC_0031055,NV,1,0.9545117616653442,NV,1,0.9545117616653442,1
ISIC_0029556,NV,1,0.954535961151123,NV,1,0.954535961151123,1
ISIC_0033622,NV,1,0.954535961151123,NV,1,0.954535961151123,1
ISIC_0028208,NV,1,0.9545366168022156,NV,1,0.9545366168022156,1
ISIC_0027316,NV,1,0.95453941822052,NV,1,0.95453941822052,1
ISIC_0028839,NV,1,0.9545398354530334,NV,1,0.9545398354530334,1
ISIC_0033932,NV,1,0.9545462727546692,NV,1,0.9545462727546692,1
ISIC_0026793,NV,1,0.9545528888702393,NV,1,0.9545528888702393,1
ISIC_0025788,NV,1,0.9545563459396362,NV,1,0.9545563459396362,1
ISIC_0031402,NV,1,0.954565167427063,NV,1,0.954565167427063,1
ISIC_0032606,NV,1,0.9545660614967346,NV,1,0.9545660614967346,1
ISIC_0030481,NV,1,0.9545684456825256,NV,1,0.9545684456825256,1
ISIC_0028910,NV,1,0.9545919895172119,NV,1,0.9545919895172119,1
ISIC_0026106,NV,1,0.9545936584472656,NV,1,0.9545936584472656,1
ISIC_0028986,NV,1,0.9546104669570923,NV,1,0.9546104669570923,1
ISIC_0030084,NV,1,0.9546124339103699,NV,1,0.9546124339103699,1
ISIC_0029636,NV,1,0.9546144008636475,NV,1,0.9546144008636475,1
ISIC_0025890,NV,1,0.954627513885498,NV,1,0.954627513885498,1
ISIC_0031854,NV,1,0.9546443819999695,NV,1,0.9546443819999695,1
ISIC_0028040,NV,1,0.9546489119529724,NV,1,0.9546489119529724,1
ISIC_0030224,NV,1,0.954649031162262,NV,1,0.954649031162262,1
ISIC_0030562,NV,1,0.954671323299408,NV,1,0.954671323299408,1
ISIC_0025142,NV,1,0.9546768665313721,NV,1,0.9546768665313721,1
ISIC_0024488,NV,1,0.9546816349029541,NV,1,0.9546816349029541,1
ISIC_0026725,NV,1,0.9546906352043152,NV,1,0.9546906352043152,1
ISIC_0024816,NV,1,0.9546953439712524,NV,1,0.9546953439712524,1
ISIC_0033171,MEL,0,0.9547039866447449,MEL,0,0.9547039866447449,1
ISIC_0030888,NV,1,0.9547126889228821,NV,1,0.9547126889228821,1
ISIC_0028514,NV,1,0.9547192454338074,NV,1,0.9547192454338074,1
ISIC_0026869,NV,1,0.9547339081764221,NV,1,0.9547339081764221,1
ISIC_0028213,NV,1,0.9547488689422607,NV,1,0.9547488689422607,1
ISIC_0031625,NV,1,0.9547497630119324,NV,1,0.9547497630119324,1
ISIC_0026255,NV,1,0.95475172996521,NV,1,0.95475172996521,1
ISIC_0024489,BKL,4,0.9547522664070129,BKL,4,0.9547522664070129,1
ISIC_0031634,NV,1,0.9547670483589172,NV,1,0.9547670483589172,1
ISIC_0024990,NV,1,0.9547758102416992,NV,1,0.9547758102416992,1
ISIC_0026732,NV,1,0.9547781348228455,NV,1,0.9547781348228455,1
ISIC_0028575,NV,1,0.9547917246818542,NV,1,0.9547917246818542,1
ISIC_0029972,NV,1,0.9548206925392151,NV,1,0.9548206925392151,1
ISIC_0029767,NV,1,0.9548524618148804,NV,1,0.9548524618148804,1
ISIC_0026701,NV,1,0.954858124256134,NV,1,0.954858124256134,1
ISIC_0024384,NV,1,0.9548603892326355,NV,1,0.9548603892326355,1
ISIC_0024392,NV,1,0.9548674821853638,NV,1,0.9548674821853638,1
ISIC_0025347,NV,1,0.9548693895339966,NV,1,0.9548693895339966,1
ISIC_0028018,NV,1,0.9548800587654114,NV,1,0.9548800587654114,1
ISIC_0029648,NV,1,0.9549009203910828,NV,1,0.9549009203910828,1
ISIC_0028324,NV,1,0.9549084305763245,NV,1,0.9549084305763245,1
ISIC_0028624,NV,1,0.9549157023429871,NV,1,0.9549157023429871,1
ISIC_0032768,BCC,2,0.9549189805984497,BCC,2,0.9549189805984497,1
ISIC_0030180,NV,1,0.9549304842948914,NV,1,0.9549304842948914,1
ISIC_0029513,MEL,0,0.954936683177948,MEL,0,0.954936683177948,1
ISIC_0028454,NV,1,0.9549437761306763,NV,1,0.9549437761306763,1
ISIC_0033939,NV,1,0.9549468159675598,NV,1,0.9549468159675598,1
ISIC_0032317,NV,1,0.9549490809440613,NV,1,0.9549490809440613,1
ISIC_0030153,NV,1,0.9549623727798462,NV,1,0.9549623727798462,1
ISIC_0030804,NV,1,0.9549663662910461,NV,1,0.9549663662910461,1
ISIC_0033435,NV,1,0.9549869298934937,NV,1,0.9549869298934937,1
ISIC_0031736,NV,1,0.9549871683120728,NV,1,0.9549871683120728,1
ISIC_0030587,NV,1,0.9549928903579712,NV,1,0.9549928903579712,1
ISIC_0034111,NV,1,0.9550005197525024,NV,1,0.9550005197525024,1
ISIC_0024423,NV,1,0.955000638961792,NV,1,0.955000638961792,1
ISIC_0027681,BKL,4,0.9550065994262695,BKL,4,0.9550065994262695,1
ISIC_0028630,NV,1,0.9550068378448486,NV,1,0.9550068378448486,1
ISIC_0030289,NV,1,0.9550085663795471,NV,1,0.9550085663795471,1
ISIC_0028942,NV,1,0.9550095200538635,NV,1,0.9550095200538635,1
ISIC_0028005,NV,1,0.9550194144248962,NV,1,0.9550194144248962,1
ISIC_0024765,NV,1,0.9550232291221619,NV,1,0.9550232291221619,1
ISIC_0029348,NV,1,0.955024003982544,NV,1,0.955024003982544,1
ISIC_0032083,NV,1,0.9550452828407288,NV,1,0.9550452828407288,1
ISIC_0027110,NV,1,0.9550490975379944,NV,1,0.9550490975379944,1
ISIC_0028092,NV,1,0.9550495743751526,NV,1,0.9550495743751526,1
ISIC_0025141,NV,1,0.9550511837005615,NV,1,0.9550511837005615,1
ISIC_0025651,MEL,0,0.9550742506980896,MEL,0,0.9550742506980896,1
ISIC_0027305,NV,1,0.9550762176513672,NV,1,0.9550762176513672,1
ISIC_0029732,NV,1,0.9550779461860657,NV,1,0.9550779461860657,1
ISIC_0029691,NV,1,0.9550783634185791,NV,1,0.9550783634185791,1
ISIC_0025060,NV,1,0.9550793170928955,NV,1,0.9550793170928955,1
ISIC_0031652,NV,1,0.9550844430923462,NV,1,0.9550844430923462,1
ISIC_0027676,NV,1,0.9551301002502441,NV,1,0.9551301002502441,1
ISIC_0024974,NV,1,0.9551352262496948,NV,1,0.9551352262496948,1
ISIC_0031281,NV,1,0.9551405906677246,NV,1,0.9551405906677246,1
ISIC_0027157,NV,1,0.9551421999931335,NV,1,0.9551421999931335,1
ISIC_0024606,NV,1,0.9551472067832947,NV,1,0.9551472067832947,1
ISIC_0033146,BCC,2,0.9551582932472229,BCC,2,0.9551582932472229,1
ISIC_0029798,NV,1,0.955187201499939,NV,1,0.955187201499939,1
ISIC_0032012,NV,1,0.9551903605461121,NV,1,0.9551903605461121,1
ISIC_0027175,BCC,2,0.9551927447319031,BCC,2,0.9551927447319031,1
ISIC_0026570,NV,1,0.9551945328712463,NV,1,0.9551945328712463,1
ISIC_0030949,NV,1,0.9551987648010254,NV,1,0.9551987648010254,1
ISIC_0026893,BKL,4,0.955207347869873,BKL,4,0.955207347869873,1
ISIC_0024778,NV,1,0.9552202820777893,NV,1,0.9552202820777893,1
ISIC_0034097,NV,1,0.9552227854728699,NV,1,0.9552227854728699,1
ISIC_0027871,NV,1,0.9552314877510071,NV,1,0.9552314877510071,1
ISIC_0026727,NV,1,0.9552316069602966,NV,1,0.9552316069602966,1
ISIC_0030078,NV,1,0.9552319049835205,NV,1,0.9552319049835205,1
ISIC_0025585,NV,1,0.9552412629127502,NV,1,0.9552412629127502,1
ISIC_0030912,NV,1,0.9552640318870544,NV,1,0.9552640318870544,1
ISIC_0032353,NV,1,0.9552702307701111,NV,1,0.9552702307701111,1
ISIC_0031032,NV,1,0.9552814364433289,NV,1,0.9552814364433289,1
ISIC_0025787,NV,1,0.9552983045578003,NV,1,0.9552983045578003,1
ISIC_0025852,NV,1,0.9553089737892151,NV,1,0.9553089737892151,1
ISIC_0028951,NV,1,0.9553179740905762,NV,1,0.9553179740905762,1
ISIC_0026706,NV,1,0.9553205966949463,NV,1,0.9553205966949463,1
ISIC_0027237,NV,1,0.9553287625312805,NV,1,0.9553287625312805,1
ISIC_0033111,NV,1,0.955335795879364,NV,1,0.955335795879364,1
ISIC_0025073,NV,1,0.9553483128547668,NV,1,0.9553483128547668,1
ISIC_0024528,NV,1,0.9553483128547668,NV,1,0.9553483128547668,1
ISIC_0030465,BKL,4,0.9553574919700623,BKL,4,0.9553574919700623,1
ISIC_0033255,NV,1,0.9553660750389099,NV,1,0.9553660750389099,1
ISIC_0027619,NV,1,0.9553834795951843,NV,1,0.9553834795951843,1
ISIC_0025274,NV,1,0.9553870558738708,NV,1,0.9553870558738708,1
ISIC_0032432,NV,1,0.9554099440574646,NV,1,0.9554099440574646,1
ISIC_0033513,NV,1,0.9554111957550049,NV,1,0.9554111957550049,1
ISIC_0025215,NV,1,0.9554225206375122,NV,1,0.9554225206375122,1
ISIC_0030646,NV,1,0.9554388523101807,NV,1,0.9554388523101807,1
ISIC_0029797,NV,1,0.9554484486579895,NV,1,0.9554484486579895,1
ISIC_0032302,BCC,2,0.9554486870765686,BCC,2,0.9554486870765686,1
ISIC_0027614,NV,1,0.9554517269134521,NV,1,0.9554517269134521,1
ISIC_0028902,NV,1,0.9554618000984192,NV,1,0.9554618000984192,1
ISIC_0028139,NV,1,0.9554736018180847,NV,1,0.9554736018180847,1
ISIC_0028754,NV,1,0.9554874300956726,NV,1,0.9554874300956726,1
ISIC_0031288,NV,1,0.9554914236068726,NV,1,0.9554914236068726,1
ISIC_0034206,NV,1,0.9555041790008545,NV,1,0.9555041790008545,1
ISIC_0031274,NV,1,0.9555045962333679,NV,1,0.9555045962333679,1
ISIC_0029709,NV,1,0.9555131793022156,NV,1,0.9555131793022156,1
ISIC_0030149,NV,1,0.9555166959762573,NV,1,0.9555166959762573,1
ISIC_0025847,NV,1,0.9555225372314453,NV,1,0.9555225372314453,1
ISIC_0029345,BKL,4,0.9555466175079346,BKL,4,0.9555466175079346,1
ISIC_0024949,BCC,2,0.955551266670227,BCC,2,0.955551266670227,1
ISIC_0032506,NV,1,0.9555517435073853,NV,1,0.9555517435073853,1
ISIC_0027920,BCC,2,0.9555529356002808,BCC,2,0.9555529356002808,1
ISIC_0027404,NV,1,0.9555683732032776,NV,1,0.9555683732032776,1
ISIC_0025138,NV,1,0.9555727243423462,NV,1,0.9555727243423462,1
ISIC_0029232,BKL,4,0.9555728435516357,BKL,4,0.9555728435516357,1
ISIC_0028009,NV,1,0.9555873274803162,NV,1,0.9555873274803162,1
ISIC_0029763,NV,1,0.9556102752685547,NV,1,0.9556102752685547,1
ISIC_0031753,BKL,4,0.9556123614311218,BKL,4,0.9556123614311218,1
ISIC_0026392,NV,1,0.9556148648262024,NV,1,0.9556148648262024,1
ISIC_0028854,AKIEC,3,0.955623984336853,AKIEC,3,0.955623984336853,1
ISIC_0026179,NV,1,0.9556454420089722,NV,1,0.9556454420089722,1
ISIC_0033182,NV,1,0.9556525349617004,NV,1,0.9556525349617004,1
ISIC_0028097,NV,1,0.9556534886360168,NV,1,0.9556534886360168,1
ISIC_0031260,NV,1,0.9556565284729004,NV,1,0.9556565284729004,1
ISIC_0027880,NV,1,0.9556570053100586,NV,1,0.9556570053100586,1
ISIC_0026619,NV,1,0.9556764960289001,NV,1,0.9556764960289001,1
ISIC_0030178,NV,1,0.9556800723075867,NV,1,0.9556800723075867,1
ISIC_0031247,NV,1,0.955692708492279,NV,1,0.955692708492279,1
ISIC_0028948,NV,1,0.9557011127471924,NV,1,0.9557011127471924,1
ISIC_0025599,VASC,6,0.955707848072052,VASC,6,0.955707848072052,1
ISIC_0024520,NV,1,0.9557138085365295,NV,1,0.9557138085365295,1
ISIC_0031276,VASC,6,0.9557168483734131,VASC,6,0.9557168483734131,1
ISIC_0025750,NV,1,0.9557172060012817,NV,1,0.9557172060012817,1
ISIC_0026832,NV,1,0.9557202458381653,NV,1,0.9557202458381653,1
ISIC_0030869,NV,1,0.9557281136512756,NV,1,0.9557281136512756,1
ISIC_0031886,NV,1,0.9557284116744995,NV,1,0.9557284116744995,1
ISIC_0025643,NV,1,0.9557448625564575,NV,1,0.9557448625564575,1
ISIC_0026147,NV,1,0.9557457566261292,NV,1,0.9557457566261292,1
ISIC_0029869,NV,1,0.9557518362998962,NV,1,0.9557518362998962,1
ISIC_0025580,NV,1,0.955757737159729,NV,1,0.955757737159729,1
ISIC_0027445,NV,1,0.955762505531311,NV,1,0.955762505531311,1
ISIC_0029114,NV,1,0.9557809233665466,NV,1,0.9557809233665466,1
ISIC_0029650,NV,1,0.9557920098304749,NV,1,0.9557920098304749,1
ISIC_0024738,NV,1,0.955793559551239,NV,1,0.955793559551239,1
ISIC_0032499,NV,1,0.9558026790618896,NV,1,0.9558026790618896,1
ISIC_0031107,NV,1,0.9558238387107849,NV,1,0.9558238387107849,1
ISIC_0029813,NV,1,0.955829918384552,NV,1,0.955829918384552,1
ISIC_0029864,NV,1,0.955842137336731,NV,1,0.955842137336731,1
ISIC_0027078,NV,1,0.9558464884757996,NV,1,0.9558464884757996,1
ISIC_0027881,NV,1,0.9558566212654114,NV,1,0.9558566212654114,1
ISIC_0028274,NV,1,0.9558566808700562,NV,1,0.9558566808700562,1
ISIC_0032272,NV,1,0.9558741450309753,NV,1,0.9558741450309753,1
ISIC_0028604,NV,1,0.9558783769607544,NV,1,0.9558783769607544,1
ISIC_0026088,NV,1,0.9558846950531006,NV,1,0.9558846950531006,1
ISIC_0025091,NV,1,0.9558875560760498,NV,1,0.9558875560760498,1
ISIC_0029285,NV,1,0.9558882713317871,NV,1,0.9558882713317871,1
ISIC_0025134,NV,1,0.9558927416801453,NV,1,0.9558927416801453,1
ISIC_0032087,NV,1,0.9559037685394287,NV,1,0.9559037685394287,1
ISIC_0026790,BKL,4,0.9559063911437988,BKL,4,0.9559063911437988,1
ISIC_0030727,NV,1,0.9559270739555359,NV,1,0.9559270739555359,1
ISIC_0029788,NV,1,0.9559282660484314,NV,1,0.9559282660484314,1
ISIC_0024901,NV,1,0.9559365510940552,NV,1,0.9559365510940552,1
ISIC_0028977,BKL,4,0.9559456706047058,BKL,4,0.9559456706047058,1
ISIC_0026944,NV,1,0.9559499621391296,NV,1,0.9559499621391296,1
ISIC_0027895,NV,1,0.9559532999992371,NV,1,0.9559532999992371,1
ISIC_0025055,NV,1,0.9559573531150818,NV,1,0.9559573531150818,1
ISIC_0030441,NV,1,0.9559637904167175,NV,1,0.9559637904167175,1
ISIC_0032377,NV,1,0.9559751152992249,NV,1,0.9559751152992249,1
ISIC_0030725,NV,1,0.9559786915779114,NV,1,0.9559786915779114,1
ISIC_0028397,NV,1,0.9559854865074158,NV,1,0.9559854865074158,1
ISIC_0032558,NV,1,0.9559856653213501,NV,1,0.9559856653213501,1
ISIC_0027941,NV,1,0.9559919834136963,NV,1,0.9559919834136963,1
ISIC_0026252,NV,1,0.9560021162033081,NV,1,0.9560021162033081,1
ISIC_0026644,BKL,4,0.9560049772262573,BKL,4,0.9560049772262573,1
ISIC_0033917,NV,1,0.9560213088989258,NV,1,0.9560213088989258,1
ISIC_0031885,NV,1,0.9560220837593079,NV,1,0.9560220837593079,1
ISIC_0029185,NV,1,0.956030011177063,NV,1,0.956030011177063,1
ISIC_0029055,NV,1,0.9560346007347107,NV,1,0.9560346007347107,1
ISIC_0025405,NV,1,0.9560463428497314,NV,1,0.9560463428497314,1
ISIC_0031881,NV,1,0.9560755491256714,NV,1,0.9560755491256714,1
ISIC_0028425,NV,1,0.9560931324958801,NV,1,0.9560931324958801,1
ISIC_0026624,NV,1,0.9561005234718323,NV,1,0.9561005234718323,1
ISIC_0028310,NV,1,0.9561042189598083,NV,1,0.9561042189598083,1
ISIC_0031518,NV,1,0.9561043381690979,NV,1,0.9561043381690979,1
ISIC_0025213,NV,1,0.9561060667037964,NV,1,0.9561060667037964,1
ISIC_0028731,NV,1,0.9561182856559753,NV,1,0.9561182856559753,1
ISIC_0030229,NV,1,0.9561184048652649,NV,1,0.9561184048652649,1
ISIC_0031791,NV,1,0.9561213254928589,NV,1,0.9561213254928589,1
ISIC_0028081,NV,1,0.9561231732368469,NV,1,0.9561231732368469,1
ISIC_0027549,NV,1,0.9561256766319275,NV,1,0.9561256766319275,1
ISIC_0029420,BKL,4,0.9561327695846558,BKL,4,0.9561327695846558,1
ISIC_0030601,NV,1,0.956140398979187,NV,1,0.956140398979187,1
ISIC_0026377,NV,1,0.9561467170715332,NV,1,0.9561467170715332,1
ISIC_0026914,NV,1,0.9561504125595093,NV,1,0.9561504125595093,1
ISIC_0029336,NV,1,0.9561687707901001,NV,1,0.9561687707901001,1
ISIC_0031458,NV,1,0.9561711549758911,NV,1,0.9561711549758911,1
ISIC_0025934,NV,1,0.9561726450920105,NV,1,0.9561726450920105,1
ISIC_0027940,NV,1,0.9561727643013,NV,1,0.9561727643013,1
ISIC_0031739,NV,1,0.9561752676963806,NV,1,0.9561752676963806,1
ISIC_0030355,NV,1,0.9561847448348999,NV,1,0.9561847448348999,1
ISIC_0027039,NV,1,0.9561923742294312,NV,1,0.9561923742294312,1
ISIC_0025398,NV,1,0.9561977386474609,NV,1,0.9561977386474609,1
ISIC_0032973,NV,1,0.9562163949012756,NV,1,0.9562163949012756,1
ISIC_0032398,NV,1,0.9562224745750427,NV,1,0.9562224745750427,1
ISIC_0026999,NV,1,0.9562287926673889,NV,1,0.9562287926673889,1
ISIC_0032888,MEL,0,0.9562369585037231,MEL,0,0.9562369585037231,1
ISIC_0033792,NV,1,0.9562383890151978,NV,1,0.9562383890151978,1
ISIC_0024365,NV,1,0.9562415480613708,NV,1,0.9562415480613708,1
ISIC_0026838,NV,1,0.9562428593635559,NV,1,0.9562428593635559,1
ISIC_0030654,NV,1,0.9562653303146362,NV,1,0.9562653303146362,1
ISIC_0026391,NV,1,0.956271231174469,NV,1,0.956271231174469,1
ISIC_0024509,NV,1,0.9562727212905884,NV,1,0.9562727212905884,1
ISIC_0028044,NV,1,0.95627361536026,NV,1,0.95627361536026,1
ISIC_0034258,NV,1,0.95627760887146,NV,1,0.95627760887146,1
ISIC_0029662,NV,1,0.956316351890564,NV,1,0.956316351890564,1
ISIC_0025695,NV,1,0.9563171863555908,NV,1,0.9563171863555908,1
ISIC_0029505,BKL,4,0.9563184380531311,BKL,4,0.9563184380531311,1
ISIC_0028626,NV,1,0.9563384652137756,NV,1,0.9563384652137756,1
ISIC_0027195,NV,1,0.956351637840271,NV,1,0.956351637840271,1
ISIC_0032196,NV,1,0.9563741087913513,NV,1,0.9563741087913513,1
ISIC_0029785,NV,1,0.9563857913017273,NV,1,0.9563857913017273,1
ISIC_0024785,NV,1,0.9563860893249512,NV,1,0.9563860893249512,1
ISIC_0026807,NV,1,0.9563880562782288,NV,1,0.9563880562782288,1
ISIC_0030814,NV,1,0.9564070701599121,NV,1,0.9564070701599121,1
ISIC_0032799,BCC,2,0.956420361995697,BCC,2,0.956420361995697,1
ISIC_0026146,NV,1,0.9564247131347656,NV,1,0.9564247131347656,1
ISIC_0029148,NV,1,0.956425130367279,NV,1,0.956425130367279,1
ISIC_0028946,NV,1,0.9564284086227417,NV,1,0.9564284086227417,1
ISIC_0030419,NV,1,0.9564285278320312,NV,1,0.9564285278320312,1
ISIC_0032258,MEL,0,0.9564507603645325,MEL,0,0.9564507603645325,1
ISIC_0025899,NV,1,0.9564568996429443,NV,1,0.9564568996429443,1
ISIC_0025701,NV,1,0.9564849138259888,NV,1,0.9564849138259888,1
ISIC_0027054,NV,1,0.9564940929412842,NV,1,0.9564940929412842,1
ISIC_0033640,NV,1,0.956515908241272,NV,1,0.956515908241272,1
ISIC_0031912,NV,1,0.9565228819847107,NV,1,0.9565228819847107,1
ISIC_0028292,NV,1,0.9565250277519226,NV,1,0.9565250277519226,1
ISIC_0028676,NV,1,0.9565303921699524,NV,1,0.9565303921699524,1
ISIC_0033682,NV,1,0.9565327763557434,NV,1,0.9565327763557434,1
ISIC_0034059,MEL,0,0.9565402269363403,MEL,0,0.9565402269363403,1
ISIC_0033411,NV,1,0.9565466642379761,NV,1,0.9565466642379761,1
ISIC_0032181,NV,1,0.9565466642379761,NV,1,0.9565466642379761,1
ISIC_0031089,NV,1,0.956547737121582,NV,1,0.956547737121582,1
ISIC_0030985,NV,1,0.956560492515564,NV,1,0.956560492515564,1
ISIC_0031815,NV,1,0.9565638899803162,NV,1,0.9565638899803162,1
ISIC_0029521,NV,1,0.9565747976303101,NV,1,0.9565747976303101,1
ISIC_0030213,NV,1,0.9565995335578918,NV,1,0.9565995335578918,1
ISIC_0028073,NV,1,0.9566085934638977,NV,1,0.9566085934638977,1
ISIC_0029949,NV,1,0.9566242098808289,NV,1,0.9566242098808289,1
ISIC_0030493,NV,1,0.9566248655319214,NV,1,0.9566248655319214,1
ISIC_0026536,NV,1,0.9566345810890198,NV,1,0.9566345810890198,1
ISIC_0031141,NV,1,0.9566372036933899,NV,1,0.9566372036933899,1
ISIC_0033750,BKL,4,0.9566646814346313,BKL,4,0.9566646814346313,1
ISIC_0031860,NV,1,0.9566730856895447,NV,1,0.9566730856895447,1
ISIC_0029881,NV,1,0.9566845297813416,NV,1,0.9566845297813416,1
ISIC_0026208,NV,1,0.9566851854324341,NV,1,0.9566851854324341,1
ISIC_0026412,NV,1,0.9566890001296997,NV,1,0.9566890001296997,1
ISIC_0025631,NV,1,0.9566904306411743,NV,1,0.9566904306411743,1
ISIC_0029738,NV,1,0.9566984176635742,NV,1,0.9566984176635742,1
ISIC_0027935,NV,1,0.9567074775695801,NV,1,0.9567074775695801,1
ISIC_0030865,NV,1,0.9567092061042786,NV,1,0.9567092061042786,1
ISIC_0027003,NV,1,0.9567112922668457,NV,1,0.9567112922668457,1
ISIC_0024920,NV,1,0.9567161798477173,NV,1,0.9567161798477173,1
ISIC_0026192,BCC,2,0.9567334055900574,BCC,2,0.9567334055900574,1
ISIC_0024401,NV,1,0.9567341804504395,NV,1,0.9567341804504395,1
ISIC_0032776,BKL,4,0.9567379951477051,BKL,4,0.9567379951477051,1
ISIC_0031627,NV,1,0.9567385315895081,NV,1,0.9567385315895081,1
ISIC_0025053,NV,1,0.9567524194717407,NV,1,0.9567524194717407,1
ISIC_0030471,NV,1,0.9567539095878601,NV,1,0.9567539095878601,1
ISIC_0024596,NV,1,0.9567563533782959,NV,1,0.9567563533782959,1
ISIC_0031275,NV,1,0.9567579627037048,NV,1,0.9567579627037048,1
ISIC_0029258,NV,1,0.9567692279815674,NV,1,0.9567692279815674,1
ISIC_0029180,NV,1,0.9567928910255432,NV,1,0.9567928910255432,1
ISIC_0030853,NV,1,0.9567952752113342,NV,1,0.9567952752113342,1
ISIC_0030837,NV,1,0.9567985534667969,NV,1,0.9567985534667969,1
ISIC_0025875,NV,1,0.9568061232566833,NV,1,0.9568061232566833,1
ISIC_0025421,NV,1,0.9568068385124207,NV,1,0.9568068385124207,1
ISIC_0025981,NV,1,0.9568095803260803,NV,1,0.9568095803260803,1
ISIC_0029655,BCC,2,0.9568132758140564,BCC,2,0.9568132758140564,1
ISIC_0026499,NV,1,0.9568148255348206,NV,1,0.9568148255348206,1
ISIC_0026630,NV,1,0.9568166732788086,NV,1,0.9568166732788086,1
ISIC_0032996,NV,1,0.9568413496017456,NV,1,0.9568413496017456,1
ISIC_0028954,NV,1,0.9568681716918945,NV,1,0.9568681716918945,1
ISIC_0027150,NV,1,0.9568703770637512,NV,1,0.9568703770637512,1
ISIC_0033743,NV,1,0.9568727612495422,NV,1,0.9568727612495422,1
ISIC_0031956,NV,1,0.9568736553192139,NV,1,0.9568736553192139,1
ISIC_0032387,NV,1,0.9568756222724915,NV,1,0.9568756222724915,1
ISIC_0024347,NV,1,0.9568911194801331,NV,1,0.9568911194801331,1
ISIC_0027600,NV,1,0.9568913578987122,NV,1,0.9568913578987122,1
ISIC_0033176,NV,1,0.9568936228752136,NV,1,0.9568936228752136,1
ISIC_0028721,NV,1,0.9569025635719299,NV,1,0.9569025635719299,1
ISIC_0027400,NV,1,0.9569108486175537,NV,1,0.9569108486175537,1
ISIC_0024642,NV,1,0.9569167494773865,NV,1,0.9569167494773865,1
ISIC_0030545,NV,1,0.9569259285926819,NV,1,0.9569259285926819,1
ISIC_0031944,NV,1,0.9569302201271057,NV,1,0.9569302201271057,1
ISIC_0029367,NV,1,0.9569358825683594,NV,1,0.9569358825683594,1
ISIC_0025998,NV,1,0.9569392800331116,NV,1,0.9569392800331116,1
ISIC_0030274,NV,1,0.9569432139396667,NV,1,0.9569432139396667,1
ISIC_0029987,NV,1,0.9569637179374695,NV,1,0.9569637179374695,1
ISIC_0034300,NV,1,0.9569845795631409,NV,1,0.9569845795631409,1
ISIC_0032262,NV,1,0.9569864273071289,NV,1,0.9569864273071289,1
ISIC_0034234,NV,1,0.9569970965385437,NV,1,0.9569970965385437,1
ISIC_0034118,MEL,0,0.9569994211196899,MEL,0,0.9569994211196899,1
ISIC_0027079,NV,1,0.9570236206054688,NV,1,0.9570236206054688,1
ISIC_0032448,NV,1,0.9570249319076538,NV,1,0.9570249319076538,1
ISIC_0028673,NV,1,0.9570284485816956,NV,1,0.9570284485816956,1
ISIC_0025480,NV,1,0.9570372700691223,NV,1,0.9570372700691223,1
ISIC_0026776,NV,1,0.9570583701133728,NV,1,0.9570583701133728,1
ISIC_0032016,NV,1,0.9570594429969788,NV,1,0.9570594429969788,1
ISIC_0033574,NV,1,0.9570612907409668,NV,1,0.9570612907409668,1
ISIC_0025597,NV,1,0.9570719003677368,NV,1,0.9570719003677368,1
ISIC_0024762,NV,1,0.957076370716095,NV,1,0.957076370716095,1
ISIC_0028012,NV,1,0.9570806622505188,NV,1,0.9570806622505188,1
ISIC_0027803,NV,1,0.957091212272644,NV,1,0.957091212272644,1
ISIC_0029690,NV,1,0.9570921063423157,NV,1,0.9570921063423157,1
ISIC_0033838,NV,1,0.9570936560630798,NV,1,0.9570936560630798,1
ISIC_0031925,BCC,2,0.9571120142936707,BCC,2,0.9571120142936707,1
ISIC_0028298,NV,1,0.9571162462234497,NV,1,0.9571162462234497,1
ISIC_0029093,NV,1,0.9571276903152466,NV,1,0.9571276903152466,1
ISIC_0025947,NV,1,0.9571402668952942,NV,1,0.9571402668952942,1
ISIC_0033139,NV,1,0.9571515321731567,NV,1,0.9571515321731567,1
ISIC_0030777,NV,1,0.9571576118469238,NV,1,0.9571576118469238,1
ISIC_0029938,NV,1,0.9571762084960938,NV,1,0.9571762084960938,1
ISIC_0030161,NV,1,0.9571777582168579,NV,1,0.9571777582168579,1
ISIC_0025278,NV,1,0.9571799039840698,NV,1,0.9571799039840698,1
ISIC_0031740,NV,1,0.9571875333786011,NV,1,0.9571875333786011,1
ISIC_0024777,NV,1,0.9571881294250488,NV,1,0.9571881294250488,1
ISIC_0026310,NV,1,0.9571914076805115,NV,1,0.9571914076805115,1
ISIC_0024588,NV,1,0.9571959972381592,NV,1,0.9571959972381592,1
ISIC_0025437,NV,1,0.957205057144165,NV,1,0.957205057144165,1
ISIC_0027602,NV,1,0.957208514213562,NV,1,0.957208514213562,1
ISIC_0029222,NV,1,0.9572112560272217,NV,1,0.9572112560272217,1
ISIC_0033360,NV,1,0.957219660282135,NV,1,0.957219660282135,1
ISIC_0028273,NV,1,0.9572207927703857,NV,1,0.9572207927703857,1
ISIC_0029980,NV,1,0.9572235941886902,NV,1,0.9572235941886902,1
ISIC_0032668,NV,1,0.9572272300720215,NV,1,0.9572272300720215,1
ISIC_0030880,NV,1,0.9572397470474243,NV,1,0.9572397470474243,1
ISIC_0025299,BCC,2,0.957240641117096,BCC,2,0.957240641117096,1
ISIC_0026378,BKL,4,0.9572429656982422,BKL,4,0.9572429656982422,1
ISIC_0024655,NV,1,0.9572491645812988,NV,1,0.9572491645812988,1
ISIC_0028700,NV,1,0.9572523236274719,NV,1,0.9572523236274719,1
ISIC_0027750,NV,1,0.9572563767433167,NV,1,0.9572563767433167,1
ISIC_0033380,NV,1,0.9572848677635193,NV,1,0.9572848677635193,1
ISIC_0034179,NV,1,0.9572928547859192,NV,1,0.9572928547859192,1
ISIC_0026779,NV,1,0.9573169946670532,NV,1,0.9573169946670532,1
ISIC_0028011,NV,1,0.957320511341095,NV,1,0.957320511341095,1
ISIC_0030363,NV,1,0.9573264122009277,NV,1,0.9573264122009277,1
ISIC_0028305,NV,1,0.9573291540145874,NV,1,0.9573291540145874,1
ISIC_0034271,NV,1,0.9573372006416321,NV,1,0.9573372006416321,1
ISIC_0032502,NV,1,0.9573403596878052,NV,1,0.9573403596878052,1
ISIC_0029539,BCC,2,0.9573404788970947,BCC,2,0.9573404788970947,1
ISIC_0032449,NV,1,0.9573729634284973,NV,1,0.9573729634284973,1
ISIC_0031695,NV,1,0.9573768973350525,NV,1,0.9573768973350525,1
ISIC_0028609,NV,1,0.9573779702186584,NV,1,0.9573779702186584,1
ISIC_0031898,NV,1,0.9573782682418823,NV,1,0.9573782682418823,1
ISIC_0025063,BKL,4,0.9573857188224792,BKL,4,0.9573857188224792,1
ISIC_0027430,NV,1,0.9573864936828613,NV,1,0.9573864936828613,1
ISIC_0024625,NV,1,0.9573923945426941,NV,1,0.9573923945426941,1
ISIC_0030389,NV,1,0.9573963284492493,NV,1,0.9573963284492493,1
ISIC_0026896,NV,1,0.9574124813079834,NV,1,0.9574124813079834,1
ISIC_0024569,NV,1,0.9574127197265625,NV,1,0.9574127197265625,1
ISIC_0024811,NV,1,0.957413911819458,NV,1,0.957413911819458,1
ISIC_0029284,NV,1,0.9574424624443054,NV,1,0.9574424624443054,1
ISIC_0030718,NV,1,0.9574432969093323,NV,1,0.9574432969093323,1
ISIC_0028617,NV,1,0.9574582576751709,NV,1,0.9574582576751709,1
ISIC_0026367,NV,1,0.9574639797210693,NV,1,0.9574639797210693,1
ISIC_0027782,NV,1,0.957472026348114,NV,1,0.957472026348114,1
ISIC_0030064,NV,1,0.9574837684631348,NV,1,0.9574837684631348,1
ISIC_0028255,NV,1,0.9574878215789795,NV,1,0.9574878215789795,1
ISIC_0030095,BKL,4,0.9574949145317078,BKL,4,0.9574949145317078,1
ISIC_0025551,NV,1,0.9575074911117554,NV,1,0.9575074911117554,1
ISIC_0029838,NV,1,0.9575093388557434,NV,1,0.9575093388557434,1
ISIC_0024560,NV,1,0.9575165510177612,NV,1,0.9575165510177612,1
ISIC_0032607,NV,1,0.9575215578079224,NV,1,0.9575215578079224,1
ISIC_0027524,NV,1,0.9575282335281372,NV,1,0.9575282335281372,1
ISIC_0029990,NV,1,0.9575291872024536,NV,1,0.9575291872024536,1
ISIC_0025354,NV,1,0.9575383067131042,NV,1,0.9575383067131042,1
ISIC_0027088,NV,1,0.9575392603874207,NV,1,0.9575392603874207,1
ISIC_0028657,NV,1,0.9575484395027161,NV,1,0.9575484395027161,1
ISIC_0032394,NV,1,0.9575599431991577,NV,1,0.9575599431991577,1
ISIC_0024685,NV,1,0.9575645327568054,NV,1,0.9575645327568054,1
ISIC_0025218,NV,1,0.9575772881507874,NV,1,0.9575772881507874,1
ISIC_0026673,NV,1,0.9575801491737366,NV,1,0.9575801491737366,1
ISIC_0024430,NV,1,0.9575871229171753,NV,1,0.9575871229171753,1
ISIC_0029116,NV,1,0.957591712474823,NV,1,0.957591712474823,1
ISIC_0030600,NV,1,0.9576134085655212,NV,1,0.9576134085655212,1
ISIC_0028889,NV,1,0.957622230052948,NV,1,0.957622230052948,1
ISIC_0027622,MEL,0,0.9576321840286255,MEL,0,0.9576321840286255,1
ISIC_0029957,NV,1,0.9576334953308105,NV,1,0.9576334953308105,1
ISIC_0029890,NV,1,0.9576435685157776,NV,1,0.9576435685157776,1
ISIC_0025358,AKIEC,3,0.9576691389083862,AKIEC,3,0.9576691389083862,1
ISIC_0030703,NV,1,0.9576740860939026,NV,1,0.9576740860939026,1
ISIC_0028161,NV,1,0.9576741456985474,NV,1,0.9576741456985474,1
ISIC_0025523,NV,1,0.9576748013496399,NV,1,0.9576748013496399,1
ISIC_0026696,NV,1,0.9576752781867981,NV,1,0.9576752781867981,1
ISIC_0026923,BKL,4,0.9576804041862488,BKL,4,0.9576804041862488,1
ISIC_0028469,NV,1,0.9576834440231323,NV,1,0.9576834440231323,1
ISIC_0031899,NV,1,0.9576840996742249,NV,1,0.9576840996742249,1
ISIC_0027852,NV,1,0.957686722278595,NV,1,0.957686722278595,1
ISIC_0029716,NV,1,0.9576901197433472,NV,1,0.9576901197433472,1
ISIC_0024667,NV,1,0.9576923251152039,NV,1,0.9576923251152039,1
ISIC_0027992,NV,1,0.957696259021759,NV,1,0.957696259021759,1
ISIC_0025737,NV,1,0.9576976895332336,NV,1,0.9576976895332336,1
ISIC_0033133,NV,1,0.9576988816261292,NV,1,0.9576988816261292,1
ISIC_0032321,NV,1,0.9577019214630127,NV,1,0.9577019214630127,1
ISIC_0024346,NV,1,0.9577096104621887,NV,1,0.9577096104621887,1
ISIC_0030283,VASC,6,0.9577114582061768,VASC,6,0.9577114582061768,1
ISIC_0031576,NV,1,0.9577230215072632,NV,1,0.9577230215072632,1
ISIC_0027711,NV,1,0.9577299356460571,NV,1,0.9577299356460571,1
ISIC_0032358,BKL,4,0.9577372670173645,BKL,4,0.9577372670173645,1
ISIC_0024350,NV,1,0.9577393531799316,NV,1,0.9577393531799316,1
ISIC_0024921,NV,1,0.9577599167823792,NV,1,0.9577599167823792,1
ISIC_0029008,NV,1,0.9577679634094238,NV,1,0.9577679634094238,1
ISIC_0027716,NV,1,0.9577704071998596,NV,1,0.9577704071998596,1
ISIC_0031830,NV,1,0.9577721357345581,NV,1,0.9577721357345581,1
ISIC_0028333,NV,1,0.9577764868736267,NV,1,0.9577764868736267,1
ISIC_0029754,NV,1,0.9577789306640625,NV,1,0.9577789306640625,1
ISIC_0028506,NV,1,0.9577820897102356,NV,1,0.9577820897102356,1
ISIC_0028875,NV,1,0.9577972888946533,NV,1,0.9577972888946533,1
ISIC_0025294,NV,1,0.957797646522522,NV,1,0.957797646522522,1
ISIC_0027943,NV,1,0.9578061699867249,NV,1,0.9578061699867249,1
ISIC_0027000,NV,1,0.9578083157539368,NV,1,0.9578083157539368,1
ISIC_0032366,NV,1,0.9578089714050293,NV,1,0.9578089714050293,1
ISIC_0031219,NV,1,0.9578157663345337,NV,1,0.9578157663345337,1
ISIC_0031397,NV,1,0.9578179717063904,NV,1,0.9578179717063904,1
ISIC_0030683,BKL,4,0.9578179717063904,BKL,4,0.9578179717063904,1
ISIC_0031033,NV,1,0.9578271508216858,NV,1,0.9578271508216858,1
ISIC_0029734,NV,1,0.9578421115875244,NV,1,0.9578421115875244,1
ISIC_0024722,NV,1,0.9578475952148438,NV,1,0.9578475952148438,1
ISIC_0032708,NV,1,0.9578545093536377,NV,1,0.9578545093536377,1
ISIC_0027322,NV,1,0.9578554630279541,NV,1,0.9578554630279541,1
ISIC_0028742,NV,1,0.9578567743301392,NV,1,0.9578567743301392,1
ISIC_0029941,NV,1,0.9578694701194763,NV,1,0.9578694701194763,1
ISIC_0024899,NV,1,0.9578819274902344,NV,1,0.9578819274902344,1
ISIC_0032474,NV,1,0.9578856825828552,NV,1,0.9578856825828552,1
ISIC_0030434,NV,1,0.9578866362571716,NV,1,0.9578866362571716,1
ISIC_0032382,BKL,4,0.9578942060470581,BKL,4,0.9578942060470581,1
ISIC_0027617,NV,1,0.9578943252563477,NV,1,0.9578943252563477,1
ISIC_0025370,NV,1,0.9578983783721924,NV,1,0.9578983783721924,1
ISIC_0033206,MEL,0,0.9579057693481445,MEL,0,0.9579057693481445,1
ISIC_0028507,NV,1,0.9579062461853027,NV,1,0.9579062461853027,1
ISIC_0028455,NV,1,0.9579286575317383,NV,1,0.9579286575317383,1
ISIC_0024992,NV,1,0.9579289555549622,NV,1,0.9579289555549622,1
ISIC_0029888,NV,1,0.9579303860664368,NV,1,0.9579303860664368,1
ISIC_0032464,NV,1,0.9579343199729919,NV,1,0.9579343199729919,1
ISIC_0025920,NV,1,0.9579558968544006,NV,1,0.9579558968544006,1
ISIC_0030295,NV,1,0.9579616785049438,NV,1,0.9579616785049438,1
ISIC_0025748,MEL,0,0.9579620957374573,MEL,0,0.9579620957374573,1
ISIC_0027134,NV,1,0.9579645395278931,NV,1,0.9579645395278931,1
ISIC_0025974,NV,1,0.9579688906669617,NV,1,0.9579688906669617,1
ISIC_0028409,NV,1,0.9579707384109497,NV,1,0.9579707384109497,1
ISIC_0028908,NV,1,0.9579716324806213,NV,1,0.9579716324806213,1
ISIC_0030435,NV,1,0.9579728245735168,NV,1,0.9579728245735168,1
ISIC_0031902,NV,1,0.9579938650131226,NV,1,0.9579938650131226,1
ISIC_0025332,NV,1,0.9580045938491821,NV,1,0.9580045938491821,1
ISIC_0032208,NV,1,0.9580050110816956,NV,1,0.9580050110816956,1
ISIC_0030669,NV,1,0.9580100178718567,NV,1,0.9580100178718567,1
ISIC_0029930,AKIEC,3,0.9580119848251343,AKIEC,3,0.9580119848251343,1
ISIC_0031210,NV,1,0.9580200910568237,NV,1,0.9580200910568237,1
ISIC_0026677,NV,1,0.9580300450325012,NV,1,0.9580300450325012,1
ISIC_0033797,NV,1,0.9580305218696594,NV,1,0.9580305218696594,1
ISIC_0031679,NV,1,0.9580438733100891,NV,1,0.9580438733100891,1
ISIC_0030315,NV,1,0.9580508470535278,NV,1,0.9580508470535278,1
ISIC_0032762,NV,1,0.9580572247505188,NV,1,0.9580572247505188,1
ISIC_0024557,NV,1,0.958093523979187,NV,1,0.958093523979187,1
ISIC_0031922,AKIEC,3,0.9581045508384705,AKIEC,3,0.9581045508384705,1
ISIC_0027255,NV,1,0.9581151008605957,NV,1,0.9581151008605957,1
ISIC_0032458,NV,1,0.9581539630889893,NV,1,0.9581539630889893,1
ISIC_0027228,NV,1,0.9581565856933594,NV,1,0.9581565856933594,1
ISIC_0030083,MEL,0,0.9581586122512817,MEL,0,0.9581586122512817,1
ISIC_0027993,NV,1,0.9581596255302429,NV,1,0.9581596255302429,1
ISIC_0028566,NV,1,0.9581730961799622,NV,1,0.9581730961799622,1
ISIC_0029122,NV,1,0.958173394203186,NV,1,0.958173394203186,1
ISIC_0029925,NV,1,0.9581740498542786,NV,1,0.9581740498542786,1
ISIC_0033892,NV,1,0.9581770300865173,NV,1,0.9581770300865173,1
ISIC_0031116,NV,1,0.9581771492958069,NV,1,0.9581771492958069,1
ISIC_0026413,NV,1,0.9581894874572754,NV,1,0.9581894874572754,1
ISIC_0029211,NV,1,0.9581915736198425,NV,1,0.9581915736198425,1
ISIC_0025848,NV,1,0.9582000970840454,NV,1,0.9582000970840454,1
ISIC_0030573,NV,1,0.9582047462463379,NV,1,0.9582047462463379,1
ISIC_0028313,NV,1,0.9582071304321289,NV,1,0.9582071304321289,1
ISIC_0030577,NV,1,0.958209216594696,NV,1,0.958209216594696,1
ISIC_0024989,NV,1,0.9582206010818481,NV,1,0.9582206010818481,1
ISIC_0025191,NV,1,0.9582256078720093,NV,1,0.9582256078720093,1
ISIC_0033436,NV,1,0.9582275748252869,NV,1,0.9582275748252869,1
ISIC_0030753,NV,1,0.9582386612892151,NV,1,0.9582386612892151,1
ISIC_0024844,NV,1,0.9582576751708984,NV,1,0.9582576751708984,1
ISIC_0024841,NV,1,0.9582686424255371,NV,1,0.9582686424255371,1
ISIC_0028817,NV,1,0.9582793712615967,NV,1,0.9582793712615967,1
ISIC_0027631,BCC,2,0.9582939147949219,BCC,2,0.9582939147949219,1
ISIC_0030716,NV,1,0.9583046436309814,NV,1,0.9583046436309814,1
ISIC_0031074,NV,1,0.9583114385604858,NV,1,0.9583114385604858,1
ISIC_0024963,NV,1,0.9583280682563782,NV,1,0.9583280682563782,1
ISIC_0025163,NV,1,0.9583296179771423,NV,1,0.9583296179771423,1
ISIC_0033664,NV,1,0.9583332538604736,NV,1,0.9583332538604736,1
ISIC_0026121,NV,1,0.9583355188369751,NV,1,0.9583355188369751,1
ISIC_0024474,NV,1,0.9583382606506348,NV,1,0.9583382606506348,1
ISIC_0027687,NV,1,0.9583547115325928,NV,1,0.9583547115325928,1
ISIC_0032323,NV,1,0.9583615064620972,NV,1,0.9583615064620972,1
ISIC_0031265,NV,1,0.9584105610847473,NV,1,0.9584105610847473,1
ISIC_0028189,NV,1,0.9584154486656189,NV,1,0.9584154486656189,1
ISIC_0030906,NV,1,0.9584172368049622,NV,1,0.9584172368049622,1
ISIC_0032296,NV,1,0.9584236741065979,NV,1,0.9584236741065979,1
ISIC_0024996,NV,1,0.9584243297576904,NV,1,0.9584243297576904,1
ISIC_0024603,NV,1,0.9584310054779053,NV,1,0.9584310054779053,1
ISIC_0029006,NV,1,0.9584316611289978,NV,1,0.9584316611289978,1
ISIC_0031805,NV,1,0.9584351778030396,NV,1,0.9584351778030396,1
ISIC_0027632,NV,1,0.9584367871284485,NV,1,0.9584367871284485,1
ISIC_0025459,NV,1,0.9584373831748962,NV,1,0.9584373831748962,1
ISIC_0026425,NV,1,0.9584385752677917,NV,1,0.9584385752677917,1
ISIC_0027288,NV,1,0.9584473371505737,NV,1,0.9584473371505737,1
ISIC_0030740,NV,1,0.9584535956382751,NV,1,0.9584535956382751,1
ISIC_0027217,NV,1,0.9584545493125916,NV,1,0.9584545493125916,1
ISIC_0030174,NV,1,0.9584599137306213,NV,1,0.9584599137306213,1
ISIC_0031467,NV,1,0.9584808349609375,NV,1,0.9584808349609375,1
ISIC_0028182,NV,1,0.9584822654724121,NV,1,0.9584822654724121,1
ISIC_0028629,NV,1,0.9584839940071106,NV,1,0.9584839940071106,1
ISIC_0033549,NV,1,0.9584945440292358,NV,1,0.9584945440292358,1
ISIC_0031763,NV,1,0.9584987759590149,NV,1,0.9584987759590149,1
ISIC_0029106,NV,1,0.9585005640983582,NV,1,0.9585005640983582,1
ISIC_0025385,NV,1,0.9585013389587402,NV,1,0.9585013389587402,1
ISIC_0027083,BKL,4,0.9585088491439819,BKL,4,0.9585088491439819,1
ISIC_0033383,NV,1,0.9585098624229431,NV,1,0.9585098624229431,1
ISIC_0030301,NV,1,0.9585323929786682,NV,1,0.9585323929786682,1
ISIC_0025021,NV,1,0.9585341811180115,NV,1,0.9585341811180115,1
ISIC_0031500,NV,1,0.9585371613502502,NV,1,0.9585371613502502,1
ISIC_0030972,NV,1,0.9585397839546204,NV,1,0.9585397839546204,1
ISIC_0027448,NV,1,0.9585400819778442,NV,1,0.9585400819778442,1
ISIC_0033220,NV,1,0.958541214466095,NV,1,0.958541214466095,1
ISIC_0030190,NV,1,0.9585494995117188,NV,1,0.9585494995117188,1
ISIC_0031329,BKL,4,0.9585569500923157,BKL,4,0.9585569500923157,1
ISIC_0029756,NV,1,0.9585607051849365,NV,1,0.9585607051849365,1
ISIC_0029140,NV,1,0.9585669040679932,NV,1,0.9585669040679932,1
ISIC_0030889,NV,1,0.9585736989974976,NV,1,0.9585736989974976,1
ISIC_0030975,NV,1,0.9585770964622498,NV,1,0.9585770964622498,1
ISIC_0028991,NV,1,0.958577573299408,NV,1,0.958577573299408,1
ISIC_0027699,NV,1,0.9585868716239929,NV,1,0.9585868716239929,1
ISIC_0029111,NV,1,0.9585944414138794,NV,1,0.9585944414138794,1
ISIC_0025883,BKL,4,0.9586451649665833,BKL,4,0.9586451649665833,1
ISIC_0031094,NV,1,0.9586487412452698,NV,1,0.9586487412452698,1
ISIC_0027594,NV,1,0.9586548805236816,NV,1,0.9586548805236816,1
ISIC_0026739,NV,1,0.9586567282676697,NV,1,0.9586567282676697,1
ISIC_0030369,BKL,4,0.9586632251739502,BKL,4,0.9586632251739502,1
ISIC_0032399,NV,1,0.9586675763130188,NV,1,0.9586675763130188,1
ISIC_0031038,NV,1,0.9586913585662842,NV,1,0.9586913585662842,1
ISIC_0028684,NV,1,0.9586946368217468,NV,1,0.9586946368217468,1
ISIC_0025490,NV,1,0.9587134122848511,NV,1,0.9587134122848511,1
ISIC_0033207,NV,1,0.9587154984474182,NV,1,0.9587154984474182,1
ISIC_0026861,BKL,4,0.9587347507476807,BKL,4,0.9587347507476807,1
ISIC_0024801,NV,1,0.9587372541427612,NV,1,0.9587372541427612,1
ISIC_0031568,NV,1,0.9587437510490417,NV,1,0.9587437510490417,1
ISIC_0025970,NV,1,0.9587492346763611,NV,1,0.9587492346763611,1
ISIC_0033894,NV,1,0.9587706923484802,NV,1,0.9587706923484802,1
ISIC_0027862,NV,1,0.9587727785110474,NV,1,0.9587727785110474,1
ISIC_0033850,NV,1,0.9587811231613159,NV,1,0.9587811231613159,1
ISIC_0025360,NV,1,0.9587815403938293,NV,1,0.9587815403938293,1
ISIC_0026253,NV,1,0.9587845206260681,NV,1,0.9587845206260681,1
ISIC_0026719,NV,1,0.9587897658348083,NV,1,0.9587897658348083,1
ISIC_0028502,NV,1,0.9587953686714172,NV,1,0.9587953686714172,1
ISIC_0030347,NV,1,0.9587986469268799,NV,1,0.9587986469268799,1
ISIC_0030516,NV,1,0.9588021636009216,NV,1,0.9588021636009216,1
ISIC_0024587,NV,1,0.9588216543197632,NV,1,0.9588216543197632,1
ISIC_0028781,NV,1,0.9588322639465332,NV,1,0.9588322639465332,1
ISIC_0025596,VASC,6,0.9588378667831421,VASC,6,0.9588378667831421,1
ISIC_0026349,VASC,6,0.9588587880134583,VASC,6,0.9588587880134583,1
ISIC_0033066,NV,1,0.9588618874549866,NV,1,0.9588618874549866,1
ISIC_0031960,NV,1,0.9588720798492432,NV,1,0.9588720798492432,1
ISIC_0029599,NV,1,0.9588733911514282,NV,1,0.9588733911514282,1
ISIC_0028270,NV,1,0.9588744640350342,NV,1,0.9588744640350342,1
ISIC_0030866,NV,1,0.958876371383667,NV,1,0.958876371383667,1
ISIC_0024364,NV,1,0.958879292011261,NV,1,0.958879292011261,1
ISIC_0032279,NV,1,0.958884596824646,NV,1,0.958884596824646,1
ISIC_0027970,NV,1,0.9588868618011475,NV,1,0.9588868618011475,1
ISIC_0024342,NV,1,0.9588983654975891,NV,1,0.9588983654975891,1
ISIC_0025635,NV,1,0.9588984847068787,NV,1,0.9588984847068787,1
ISIC_0030136,NV,1,0.9589013457298279,NV,1,0.9589013457298279,1
ISIC_0025604,NV,1,0.9589133858680725,NV,1,0.9589133858680725,1
ISIC_0031076,NV,1,0.9589158296585083,NV,1,0.9589158296585083,1
ISIC_0033351,NV,1,0.9589189887046814,NV,1,0.9589189887046814,1
ISIC_0032914,NV,1,0.9589225053787231,NV,1,0.9589225053787231,1
ISIC_0027417,NV,1,0.9589253664016724,NV,1,0.9589253664016724,1
ISIC_0026547,NV,1,0.9589277505874634,NV,1,0.9589277505874634,1
ISIC_0031871,NV,1,0.9589325785636902,NV,1,0.9589325785636902,1
ISIC_0027736,NV,1,0.9589360952377319,NV,1,0.9589360952377319,1
ISIC_0030875,NV,1,0.9589525461196899,NV,1,0.9589525461196899,1
ISIC_0024485,NV,1,0.9589530825614929,NV,1,0.9589530825614929,1
ISIC_0027467,NV,1,0.9589662551879883,NV,1,0.9589662551879883,1
ISIC_0033349,VASC,6,0.9589807391166687,VASC,6,0.9589807391166687,1
ISIC_0031566,NV,1,0.9590016603469849,NV,1,0.9590016603469849,1
ISIC_0032115,NV,1,0.9590120911598206,NV,1,0.9590120911598206,1
ISIC_0028321,NV,1,0.9590122699737549,NV,1,0.9590122699737549,1
ISIC_0028997,NV,1,0.9590127468109131,NV,1,0.9590127468109131,1
ISIC_0026572,NV,1,0.959036648273468,NV,1,0.959036648273468,1
ISIC_0031979,NV,1,0.9590367078781128,NV,1,0.9590367078781128,1
ISIC_0030103,NV,1,0.9590442180633545,NV,1,0.9590442180633545,1
ISIC_0030775,NV,1,0.9590585827827454,NV,1,0.9590585827827454,1
ISIC_0024998,NV,1,0.9590865969657898,NV,1,0.9590865969657898,1
ISIC_0029178,NV,1,0.9590920209884644,NV,1,0.9590920209884644,1
ISIC_0034029,NV,1,0.9591118693351746,NV,1,0.9591118693351746,1
ISIC_0029511,NV,1,0.9591420292854309,NV,1,0.9591420292854309,1
ISIC_0028259,NV,1,0.9591425657272339,NV,1,0.9591425657272339,1
ISIC_0032324,NV,1,0.9591484665870667,NV,1,0.9591484665870667,1
ISIC_0031011,NV,1,0.9591506719589233,NV,1,0.9591506719589233,1
ISIC_0027779,NV,1,0.9591510891914368,NV,1,0.9591510891914368,1
ISIC_0034063,NV,1,0.9591563940048218,NV,1,0.9591563940048218,1
ISIC_0032041,NV,1,0.9591652750968933,NV,1,0.9591652750968933,1
ISIC_0029496,NV,1,0.9591710567474365,NV,1,0.9591710567474365,1
ISIC_0027955,NV,1,0.9591904878616333,NV,1,0.9591904878616333,1
ISIC_0029162,NV,1,0.9592002630233765,NV,1,0.9592002630233765,1
ISIC_0028654,NV,1,0.9592035412788391,NV,1,0.9592035412788391,1
ISIC_0025901,NV,1,0.9592048525810242,NV,1,0.9592048525810242,1
ISIC_0024526,NV,1,0.9592070579528809,NV,1,0.9592070579528809,1
ISIC_0031723,NV,1,0.9592092037200928,NV,1,0.9592092037200928,1
ISIC_0027984,NV,1,0.9592117667198181,NV,1,0.9592117667198181,1
ISIC_0026272,NV,1,0.9592422246932983,NV,1,0.9592422246932983,1
ISIC_0030948,NV,1,0.959260880947113,NV,1,0.959260880947113,1
ISIC_0028263,NV,1,0.9592638611793518,NV,1,0.9592638611793518,1
ISIC_0025769,NV,1,0.9592733979225159,NV,1,0.9592733979225159,1
ISIC_0027724,NV,1,0.9592753648757935,NV,1,0.9592753648757935,1
ISIC_0028808,NV,1,0.9592799544334412,NV,1,0.9592799544334412,1
ISIC_0024752,NV,1,0.9592813849449158,NV,1,0.9592813849449158,1
ISIC_0028181,NV,1,0.9592849016189575,NV,1,0.9592849016189575,1
ISIC_0032069,NV,1,0.9592890739440918,NV,1,0.9592890739440918,1
ISIC_0031818,NV,1,0.9592908620834351,NV,1,0.9592908620834351,1
ISIC_0024826,NV,1,0.9592972993850708,NV,1,0.9592972993850708,1
ISIC_0025995,NV,1,0.9592975378036499,NV,1,0.9592975378036499,1
ISIC_0030495,NV,1,0.9593000411987305,NV,1,0.9593000411987305,1
ISIC_0029615,NV,1,0.9593005180358887,NV,1,0.9593005180358887,1
ISIC_0031099,NV,1,0.9593034386634827,NV,1,0.9593034386634827,1
ISIC_0030568,NV,1,0.9593035578727722,NV,1,0.9593035578727722,1
ISIC_0024834,NV,1,0.9593042135238647,NV,1,0.9593042135238647,1
ISIC_0034285,NV,1,0.9593076109886169,NV,1,0.9593076109886169,1
ISIC_0030040,NV,1,0.9593085050582886,NV,1,0.9593085050582886,1
ISIC_0033259,NV,1,0.9593095779418945,NV,1,0.9593095779418945,1
ISIC_0032720,NV,1,0.9593163132667542,NV,1,0.9593163132667542,1
ISIC_0026801,NV,1,0.9593223333358765,NV,1,0.9593223333358765,1
ISIC_0028238,BCC,2,0.9593337178230286,BCC,2,0.9593337178230286,1
ISIC_0030829,NV,1,0.9593437314033508,NV,1,0.9593437314033508,1
ISIC_0025061,NV,1,0.9593510627746582,NV,1,0.9593510627746582,1
ISIC_0025160,NV,1,0.9593539237976074,NV,1,0.9593539237976074,1
ISIC_0030502,NV,1,0.9593618512153625,NV,1,0.9593618512153625,1
ISIC_0031514,NV,1,0.9593620300292969,NV,1,0.9593620300292969,1
ISIC_0030776,NV,1,0.9593639969825745,NV,1,0.9593639969825745,1
ISIC_0026472,NV,1,0.959369421005249,NV,1,0.959369421005249,1
ISIC_0026755,NV,1,0.9593700766563416,NV,1,0.9593700766563416,1
ISIC_0031527,BCC,2,0.9593709111213684,BCC,2,0.9593709111213684,1
ISIC_0027250,NV,1,0.9593757390975952,NV,1,0.9593757390975952,1
ISIC_0030438,NV,1,0.9593759775161743,NV,1,0.9593759775161743,1
ISIC_0034112,NV,1,0.9593765139579773,NV,1,0.9593765139579773,1
ISIC_0031432,NV,1,0.9593796133995056,NV,1,0.9593796133995056,1
ISIC_0033253,NV,1,0.9593900442123413,NV,1,0.9593900442123413,1
ISIC_0028312,NV,1,0.9593908190727234,NV,1,0.9593908190727234,1
ISIC_0031921,NV,1,0.9593943953514099,NV,1,0.9593943953514099,1
ISIC_0029964,NV,1,0.9594001173973083,NV,1,0.9594001173973083,1
ISIC_0025229,NV,1,0.9594177007675171,NV,1,0.9594177007675171,1
ISIC_0028204,NV,1,0.9594188928604126,NV,1,0.9594188928604126,1
ISIC_0027809,NV,1,0.9594327211380005,NV,1,0.9594327211380005,1
ISIC_0030467,NV,1,0.9594351053237915,NV,1,0.9594351053237915,1
ISIC_0027038,BCC,2,0.9594554305076599,BCC,2,0.9594554305076599,1
ISIC_0025017,NV,1,0.9594558477401733,NV,1,0.9594558477401733,1
ISIC_0033187,NV,1,0.9594764113426208,NV,1,0.9594764113426208,1
ISIC_0033888,NV,1,0.9594796895980835,NV,1,0.9594796895980835,1
ISIC_0032000,NV,1,0.9594799876213074,NV,1,0.9594799876213074,1
ISIC_0031548,NV,1,0.9594893455505371,NV,1,0.9594893455505371,1
ISIC_0027919,NV,1,0.9594913125038147,NV,1,0.9594913125038147,1
ISIC_0028163,VASC,6,0.9594928622245789,VASC,6,0.9594928622245789,1
ISIC_0030735,NV,1,0.9594966769218445,NV,1,0.9594966769218445,1
ISIC_0026486,NV,1,0.959501326084137,NV,1,0.959501326084137,1
ISIC_0025839,NV,1,0.9595244526863098,NV,1,0.9595244526863098,1
ISIC_0027636,NV,1,0.9595249891281128,NV,1,0.9595249891281128,1
ISIC_0033450,VASC,6,0.95953369140625,VASC,6,0.95953369140625,1
ISIC_0027728,NV,1,0.9595398306846619,NV,1,0.9595398306846619,1
ISIC_0027658,NV,1,0.9595441818237305,NV,1,0.9595441818237305,1
ISIC_0028387,NV,1,0.9595545530319214,NV,1,0.9595545530319214,1
ISIC_0024558,NV,1,0.9595608115196228,NV,1,0.9595608115196228,1
ISIC_0029426,NV,1,0.9595650434494019,NV,1,0.9595650434494019,1
ISIC_0025813,NV,1,0.9595650434494019,NV,1,0.9595650434494019,1
ISIC_0031068,NV,1,0.9595714211463928,NV,1,0.9595714211463928,1
ISIC_0030594,BCC,2,0.9595773816108704,BCC,2,0.9595773816108704,1
ISIC_0030885,NV,1,0.9595895409584045,NV,1,0.9595895409584045,1
ISIC_0032180,NV,1,0.9596115946769714,NV,1,0.9596115946769714,1
ISIC_0026026,NV,1,0.9596121311187744,NV,1,0.9596121311187744,1
ISIC_0033341,NV,1,0.9596124887466431,NV,1,0.9596124887466431,1
ISIC_0027176,NV,1,0.959618330001831,NV,1,0.959618330001831,1
ISIC_0029105,NV,1,0.9596220254898071,NV,1,0.9596220254898071,1
ISIC_0028348,NV,1,0.9596236944198608,NV,1,0.9596236944198608,1
ISIC_0032076,VASC,6,0.9596246480941772,VASC,6,0.9596246480941772,1
ISIC_0026771,NV,1,0.9596295952796936,NV,1,0.9596295952796936,1
ISIC_0034142,BKL,4,0.9596329927444458,BKL,4,0.9596329927444458,1
ISIC_0033181,NV,1,0.9596619009971619,NV,1,0.9596619009971619,1
ISIC_0033960,NV,1,0.959662675857544,NV,1,0.959662675857544,1
ISIC_0026196,NV,1,0.9596768021583557,NV,1,0.9596768021583557,1
ISIC_0029322,NV,1,0.9596869349479675,NV,1,0.9596869349479675,1
ISIC_0029189,NV,1,0.9597198367118835,NV,1,0.9597198367118835,1
ISIC_0025217,NV,1,0.9597206115722656,NV,1,0.9597206115722656,1
ISIC_0027061,NV,1,0.959726870059967,NV,1,0.959726870059967,1
ISIC_0024835,NV,1,0.9597273468971252,NV,1,0.9597273468971252,1
ISIC_0031041,BCC,2,0.9597297310829163,BCC,2,0.9597297310829163,1
ISIC_0024759,NV,1,0.9597322940826416,NV,1,0.9597322940826416,1
ISIC_0032467,NV,1,0.9597366452217102,NV,1,0.9597366452217102,1
ISIC_0028206,NV,1,0.9597445726394653,NV,1,0.9597445726394653,1
ISIC_0034184,NV,1,0.9597507119178772,NV,1,0.9597507119178772,1
ISIC_0026279,NV,1,0.9597508311271667,NV,1,0.9597508311271667,1
ISIC_0029822,NV,1,0.9597697257995605,NV,1,0.9597697257995605,1
ISIC_0025446,NV,1,0.959777295589447,NV,1,0.959777295589447,1
ISIC_0027274,NV,1,0.9597827792167664,NV,1,0.9597827792167664,1
ISIC_0029601,NV,1,0.9597908854484558,NV,1,0.9597908854484558,1
ISIC_0032821,NV,1,0.9598085880279541,NV,1,0.9598085880279541,1
ISIC_0030860,NV,1,0.9598104357719421,NV,1,0.9598104357719421,1
ISIC_0030461,NV,1,0.9598217606544495,NV,1,0.9598217606544495,1
ISIC_0030159,NV,1,0.9598272442817688,NV,1,0.9598272442817688,1
ISIC_0030024,NV,1,0.9598317742347717,NV,1,0.9598317742347717,1
ISIC_0032170,BKL,4,0.9598564505577087,BKL,4,0.9598564505577087,1
ISIC_0029250,NV,1,0.95986008644104,NV,1,0.95986008644104,1
ISIC_0032094,NV,1,0.9598605036735535,NV,1,0.9598605036735535,1
ISIC_0029139,BKL,4,0.959865391254425,BKL,4,0.959865391254425,1
ISIC_0033459,NV,1,0.9598655700683594,NV,1,0.9598655700683594,1
ISIC_0026813,NV,1,0.9598708748817444,NV,1,0.9598708748817444,1
ISIC_0027272,NV,1,0.9598716497421265,NV,1,0.9598716497421265,1
ISIC_0032286,NV,1,0.9598739147186279,NV,1,0.9598739147186279,1
ISIC_0024984,BCC,2,0.9598739147186279,BCC,2,0.9598739147186279,1
ISIC_0029832,NV,1,0.9598762392997742,NV,1,0.9598762392997742,1
ISIC_0031222,NV,1,0.9598770141601562,NV,1,0.9598770141601562,1
ISIC_0030316,BKL,4,0.9598841667175293,BKL,4,0.9598841667175293,1
ISIC_0025449,NV,1,0.9598935842514038,NV,1,0.9598935842514038,1
ISIC_0032033,NV,1,0.959897518157959,NV,1,0.959897518157959,1
ISIC_0033497,NV,1,0.9599020481109619,NV,1,0.9599020481109619,1
ISIC_0027740,NV,1,0.9599030613899231,NV,1,0.9599030613899231,1
ISIC_0032916,NV,1,0.9599050283432007,NV,1,0.9599050283432007,1
ISIC_0028083,NV,1,0.9599109292030334,NV,1,0.9599109292030334,1
ISIC_0032082,NV,1,0.9599146842956543,NV,1,0.9599146842956543,1
ISIC_0028504,NV,1,0.9599394202232361,NV,1,0.9599394202232361,1
ISIC_0034226,NV,1,0.9599472880363464,NV,1,0.9599472880363464,1
ISIC_0029646,NV,1,0.9599573016166687,NV,1,0.9599573016166687,1
ISIC_0024443,BCC,2,0.9599579572677612,BCC,2,0.9599579572677612,1
ISIC_0031657,NV,1,0.9599624872207642,NV,1,0.9599624872207642,1
ISIC_0033535,NV,1,0.9599724411964417,NV,1,0.9599724411964417,1
ISIC_0034128,NV,1,0.9599880576133728,NV,1,0.9599880576133728,1
ISIC_0025685,NV,1,0.9599919319152832,NV,1,0.9599919319152832,1
ISIC_0031559,NV,1,0.9599924683570862,NV,1,0.9599924683570862,1
ISIC_0030351,NV,1,0.9599965214729309,NV,1,0.9599965214729309,1
ISIC_0029069,NV,1,0.9600059986114502,NV,1,0.9600059986114502,1
ISIC_0029750,NV,1,0.9600103497505188,NV,1,0.9600103497505188,1
ISIC_0024723,NV,1,0.9600144028663635,NV,1,0.9600144028663635,1
ISIC_0024598,NV,1,0.9600175023078918,NV,1,0.9600175023078918,1
ISIC_0028257,NV,1,0.9600180387496948,NV,1,0.9600180387496948,1
ISIC_0027627,NV,1,0.9600228071212769,NV,1,0.9600228071212769,1
ISIC_0026986,NV,1,0.9600297808647156,NV,1,0.9600297808647156,1
ISIC_0031676,NV,1,0.9600322246551514,NV,1,0.9600322246551514,1
ISIC_0029752,NV,1,0.9600324630737305,NV,1,0.9600324630737305,1
ISIC_0029689,NV,1,0.9600417613983154,NV,1,0.9600417613983154,1
ISIC_0031106,NV,1,0.9600588083267212,NV,1,0.9600588083267212,1
ISIC_0027393,NV,1,0.960063099861145,NV,1,0.960063099861145,1
ISIC_0024731,NV,1,0.9600693583488464,NV,1,0.9600693583488464,1
ISIC_0030157,NV,1,0.9600703716278076,NV,1,0.9600703716278076,1
ISIC_0027459,NV,1,0.960076093673706,NV,1,0.960076093673706,1
ISIC_0026859,NV,1,0.9600772857666016,NV,1,0.9600772857666016,1
ISIC_0025821,NV,1,0.9600783586502075,NV,1,0.9600783586502075,1
ISIC_0027347,NV,1,0.9601029753684998,NV,1,0.9601029753684998,1
ISIC_0033992,NV,1,0.9601107835769653,NV,1,0.9601107835769653,1
ISIC_0030515,NV,1,0.9601311087608337,NV,1,0.9601311087608337,1
ISIC_0033719,NV,1,0.9601404666900635,NV,1,0.9601404666900635,1
ISIC_0024674,NV,1,0.9601471424102783,NV,1,0.9601471424102783,1
ISIC_0027860,NV,1,0.96014803647995,NV,1,0.96014803647995,1
ISIC_0031250,NV,1,0.9601491689682007,NV,1,0.9601491689682007,1
ISIC_0029643,NV,1,0.9601539969444275,NV,1,0.9601539969444275,1
ISIC_0028627,NV,1,0.960163950920105,NV,1,0.960163950920105,1
ISIC_0024856,NV,1,0.9601662755012512,NV,1,0.9601662755012512,1
ISIC_0033671,NV,1,0.960170328617096,NV,1,0.960170328617096,1
ISIC_0030920,NV,1,0.960175096988678,NV,1,0.960175096988678,1
ISIC_0032130,NV,1,0.9601773023605347,NV,1,0.9601773023605347,1
ISIC_0029903,NV,1,0.9601883888244629,NV,1,0.9601883888244629,1
ISIC_0029481,NV,1,0.9601998925209045,NV,1,0.9601998925209045,1
ISIC_0026051,NV,1,0.9602148532867432,NV,1,0.9602148532867432,1
ISIC_0032867,VASC,6,0.9602360725402832,VASC,6,0.9602360725402832,1
ISIC_0030633,NV,1,0.960239052772522,NV,1,0.960239052772522,1
ISIC_0026951,NV,1,0.9602434635162354,NV,1,0.9602434635162354,1
ISIC_0033011,NV,1,0.9602458477020264,NV,1,0.9602458477020264,1
ISIC_0030222,NV,1,0.960258960723877,NV,1,0.960258960723877,1
ISIC_0031273,NV,1,0.9602605104446411,NV,1,0.9602605104446411,1
ISIC_0024501,NV,1,0.9602647423744202,NV,1,0.9602647423744202,1
ISIC_0025318,NV,1,0.9602790474891663,NV,1,0.9602790474891663,1
ISIC_0026795,NV,1,0.9602795243263245,NV,1,0.9602795243263245,1
ISIC_0034044,NV,1,0.9602909088134766,NV,1,0.9602909088134766,1
ISIC_0026221,NV,1,0.9602920413017273,NV,1,0.9602920413017273,1
ISIC_0033448,NV,1,0.9602977633476257,NV,1,0.9602977633476257,1
ISIC_0027273,NV,1,0.9603055715560913,NV,1,0.9603055715560913,1
ISIC_0024681,NV,1,0.9603131413459778,NV,1,0.9603131413459778,1
ISIC_0026876,VASC,6,0.9603133797645569,VASC,6,0.9603133797645569,1
ISIC_0025110,NV,1,0.9603162407875061,NV,1,0.9603162407875061,1
ISIC_0028732,NV,1,0.9603167772293091,NV,1,0.9603167772293091,1
ISIC_0027712,NV,1,0.9603192806243896,NV,1,0.9603192806243896,1
ISIC_0030263,NV,1,0.9603219628334045,NV,1,0.9603219628334045,1
ISIC_0026020,NV,1,0.9603231549263,NV,1,0.9603231549263,1
ISIC_0027045,NV,1,0.9603342413902283,NV,1,0.9603342413902283,1
ISIC_0027949,NV,1,0.9603381752967834,NV,1,0.9603381752967834,1
ISIC_0029923,NV,1,0.9603429436683655,NV,1,0.9603429436683655,1
ISIC_0026879,NV,1,0.9603492021560669,NV,1,0.9603492021560669,1
ISIC_0029050,NV,1,0.9603534936904907,NV,1,0.9603534936904907,1
ISIC_0024399,NV,1,0.9603686332702637,NV,1,0.9603686332702637,1
ISIC_0033266,NV,1,0.9603714942932129,NV,1,0.9603714942932129,1
ISIC_0024534,NV,1,0.9603725075721741,NV,1,0.9603725075721741,1
ISIC_0025866,NV,1,0.9603744745254517,NV,1,0.9603744745254517,1
ISIC_0032452,NV,1,0.9603928327560425,NV,1,0.9603928327560425,1
ISIC_0025143,NV,1,0.9603940844535828,NV,1,0.9603940844535828,1
ISIC_0024909,BKL,4,0.9603960514068604,BKL,4,0.9603960514068604,1
ISIC_0025137,NV,1,0.9604007601737976,NV,1,0.9604007601737976,1
ISIC_0029251,BKL,4,0.9604137539863586,BKL,4,0.9604137539863586,1
ISIC_0031020,NV,1,0.9604150652885437,NV,1,0.9604150652885437,1
ISIC_0032488,NV,1,0.9604231119155884,NV,1,0.9604231119155884,1
ISIC_0029036,BKL,4,0.9604310989379883,BKL,4,0.9604310989379883,1
ISIC_0024568,NV,1,0.9604334235191345,NV,1,0.9604334235191345,1
ISIC_0027364,NV,1,0.9604387879371643,NV,1,0.9604387879371643,1
ISIC_0026542,NV,1,0.9604400396347046,NV,1,0.9604400396347046,1
ISIC_0028521,NV,1,0.9604418873786926,NV,1,0.9604418873786926,1
ISIC_0034058,BCC,2,0.9604439735412598,BCC,2,0.9604439735412598,1
ISIC_0031574,NV,1,0.9604555368423462,NV,1,0.9604555368423462,1
ISIC_0026449,NV,1,0.9604671597480774,NV,1,0.9604671597480774,1
ISIC_0026561,NV,1,0.9605044722557068,NV,1,0.9605044722557068,1
ISIC_0024905,NV,1,0.9605047702789307,NV,1,0.9605047702789307,1
ISIC_0025435,NV,1,0.9605062007904053,NV,1,0.9605062007904053,1
ISIC_0027384,NV,1,0.9605088829994202,NV,1,0.9605088829994202,1
ISIC_0027115,NV,1,0.9605281949043274,NV,1,0.9605281949043274,1
ISIC_0024343,NV,1,0.9605306386947632,NV,1,0.9605306386947632,1
ISIC_0032188,NV,1,0.9605438113212585,NV,1,0.9605438113212585,1
ISIC_0032567,BKL,4,0.9605441689491272,BKL,4,0.9605441689491272,1
ISIC_0032820,NV,1,0.9605441689491272,NV,1,0.9605441689491272,1
ISIC_0029821,NV,1,0.9605528712272644,NV,1,0.9605528712272644,1
ISIC_0026901,NV,1,0.960574209690094,NV,1,0.960574209690094,1
ISIC_0029594,NV,1,0.9605860710144043,NV,1,0.9605860710144043,1
ISIC_0025496,NV,1,0.9605908989906311,NV,1,0.9605908989906311,1
ISIC_0033039,NV,1,0.9606049060821533,NV,1,0.9606049060821533,1
ISIC_0029988,NV,1,0.9606149792671204,NV,1,0.9606149792671204,1
ISIC_0028383,NV,1,0.9606207013130188,NV,1,0.9606207013130188,1
ISIC_0034227,NV,1,0.9606212973594666,NV,1,0.9606212973594666,1
ISIC_0026424,NV,1,0.9606257677078247,NV,1,0.9606257677078247,1
ISIC_0031333,NV,1,0.9606439471244812,NV,1,0.9606439471244812,1
ISIC_0026470,NV,1,0.9606694579124451,NV,1,0.9606694579124451,1
ISIC_0032899,NV,1,0.9606721997261047,NV,1,0.9606721997261047,1
ISIC_0030305,NV,1,0.9606779217720032,NV,1,0.9606779217720032,1
ISIC_0031104,NV,1,0.9606783986091614,NV,1,0.9606783986091614,1
ISIC_0030068,NV,1,0.9606924653053284,NV,1,0.9606924653053284,1
ISIC_0031075,NV,1,0.9607136845588684,NV,1,0.9607136845588684,1
ISIC_0029509,NV,1,0.9607160091400146,NV,1,0.9607160091400146,1
ISIC_0026082,NV,1,0.9607239365577698,NV,1,0.9607239365577698,1
ISIC_0031551,NV,1,0.9607352614402771,NV,1,0.9607352614402771,1
ISIC_0028475,NV,1,0.9607378840446472,NV,1,0.9607378840446472,1
ISIC_0026946,NV,1,0.960742712020874,NV,1,0.960742712020874,1
ISIC_0028001,NV,1,0.9607453942298889,NV,1,0.9607453942298889,1
ISIC_0027247,NV,1,0.9607455134391785,NV,1,0.9607455134391785,1
ISIC_0028833,NV,1,0.9607754349708557,NV,1,0.9607754349708557,1
ISIC_0029951,BCC,2,0.9607762694358826,BCC,2,0.9607762694358826,1
ISIC_0031835,NV,1,0.9607780575752258,NV,1,0.9607780575752258,1
ISIC_0028241,NV,1,0.9607900381088257,NV,1,0.9607900381088257,1
ISIC_0026498,NV,1,0.9607943296432495,NV,1,0.9607943296432495,1
ISIC_0031896,NV,1,0.9607971906661987,NV,1,0.9607971906661987,1
ISIC_0028171,NV,1,0.960798978805542,NV,1,0.960798978805542,1
ISIC_0028569,NV,1,0.9608055949211121,NV,1,0.9608055949211121,1
ISIC_0029855,NV,1,0.9608089923858643,NV,1,0.9608089923858643,1
ISIC_0029019,NV,1,0.9608096480369568,NV,1,0.9608096480369568,1
ISIC_0026548,NV,1,0.9608122706413269,NV,1,0.9608122706413269,1
ISIC_0029374,NV,1,0.9608190059661865,NV,1,0.9608190059661865,1
ISIC_0029052,DF,5,0.9608545303344727,DF,5,0.9608545303344727,1
ISIC_0030557,NV,1,0.9608585238456726,NV,1,0.9608585238456726,1
ISIC_0027821,NV,1,0.9608615636825562,NV,1,0.9608615636825562,1
ISIC_0026854,NV,1,0.9608768820762634,NV,1,0.9608768820762634,1
ISIC_0029137,NV,1,0.9608809351921082,NV,1,0.9608809351921082,1
ISIC_0024817,NV,1,0.9608823657035828,NV,1,0.9608823657035828,1
ISIC_0026338,NV,1,0.9608906507492065,NV,1,0.9608906507492065,1
ISIC_0027081,NV,1,0.9609002470970154,NV,1,0.9609002470970154,1
ISIC_0033321,BKL,4,0.960904598236084,BKL,4,0.960904598236084,1
ISIC_0030361,NV,1,0.9609203934669495,NV,1,0.9609203934669495,1
ISIC_0030028,NV,1,0.960923433303833,NV,1,0.960923433303833,1
ISIC_0034144,NV,1,0.9609253406524658,NV,1,0.9609253406524658,1
ISIC_0028788,NV,1,0.9609300494194031,NV,1,0.9609300494194031,1
ISIC_0025762,NV,1,0.9609348773956299,NV,1,0.9609348773956299,1
ISIC_0033727,NV,1,0.9609392881393433,NV,1,0.9609392881393433,1
ISIC_0031923,NV,1,0.9609416127204895,NV,1,0.9609416127204895,1
ISIC_0029375,NV,1,0.9609496593475342,NV,1,0.9609496593475342,1
ISIC_0030697,NV,1,0.9609498381614685,NV,1,0.9609498381614685,1
ISIC_0030195,NV,1,0.9609617590904236,NV,1,0.9609617590904236,1
ISIC_0026543,NV,1,0.9609671235084534,NV,1,0.9609671235084534,1
ISIC_0025390,NV,1,0.9609687924385071,NV,1,0.9609687924385071,1
ISIC_0025773,NV,1,0.9609717726707458,NV,1,0.9609717726707458,1
ISIC_0025272,NV,1,0.9609746336936951,NV,1,0.9609746336936951,1
ISIC_0031371,NV,1,0.9609794616699219,NV,1,0.9609794616699219,1
ISIC_0026938,NV,1,0.9610089659690857,NV,1,0.9610089659690857,1
ISIC_0028801,NV,1,0.9610188007354736,NV,1,0.9610188007354736,1
ISIC_0029722,NV,1,0.9610189199447632,NV,1,0.9610189199447632,1
ISIC_0027473,BCC,2,0.961018979549408,BCC,2,0.961018979549408,1
ISIC_0028933,NV,1,0.9610199928283691,NV,1,0.9610199928283691,1
ISIC_0025921,NV,1,0.961025059223175,NV,1,0.961025059223175,1
ISIC_0028526,NV,1,0.9610258340835571,NV,1,0.9610258340835571,1
ISIC_0024385,NV,1,0.9610258340835571,NV,1,0.9610258340835571,1
ISIC_0026382,NV,1,0.9610271453857422,NV,1,0.9610271453857422,1
ISIC_0030411,NV,1,0.9610340595245361,NV,1,0.9610340595245361,1
ISIC_0029748,NV,1,0.9610421061515808,NV,1,0.9610421061515808,1
ISIC_0029175,NV,1,0.9610479474067688,NV,1,0.9610479474067688,1
ISIC_0024540,NV,1,0.9610520601272583,NV,1,0.9610520601272583,1
ISIC_0026039,NV,1,0.9610693454742432,NV,1,0.9610693454742432,1
ISIC_0029721,NV,1,0.9610751271247864,NV,1,0.9610751271247864,1
ISIC_0026068,VASC,6,0.9610793590545654,VASC,6,0.9610793590545654,1
ISIC_0025224,NV,1,0.9610810875892639,NV,1,0.9610810875892639,1
ISIC_0032274,NV,1,0.961081326007843,NV,1,0.961081326007843,1
ISIC_0030808,NV,1,0.9610885977745056,NV,1,0.9610885977745056,1
ISIC_0025723,NV,1,0.9611127972602844,NV,1,0.9611127972602844,1
ISIC_0032670,NV,1,0.9611175656318665,NV,1,0.9611175656318665,1
ISIC_0032615,NV,1,0.961119532585144,NV,1,0.961119532585144,1
ISIC_0028540,NV,1,0.9611321687698364,NV,1,0.9611321687698364,1
ISIC_0025046,BCC,2,0.9611425399780273,BCC,2,0.9611425399780273,1
ISIC_0033175,MEL,0,0.9611467123031616,MEL,0,0.9611467123031616,1
ISIC_0033026,NV,1,0.9611559510231018,NV,1,0.9611559510231018,1
ISIC_0032725,BKL,4,0.9611568450927734,BKL,4,0.9611568450927734,1
ISIC_0033143,NV,1,0.961164116859436,NV,1,0.961164116859436,1
ISIC_0028180,BKL,4,0.9611701965332031,BKL,4,0.9611701965332031,1
ISIC_0027899,NV,1,0.9611704349517822,NV,1,0.9611704349517822,1
ISIC_0033739,NV,1,0.9611895680427551,NV,1,0.9611895680427551,1
ISIC_0033252,BKL,4,0.9611956477165222,BKL,4,0.9611956477165222,1
ISIC_0030395,NV,1,0.9611988067626953,NV,1,0.9611988067626953,1
ISIC_0029812,NV,1,0.961219072341919,NV,1,0.961219072341919,1
ISIC_0024469,NV,1,0.9612383842468262,NV,1,0.9612383842468262,1
ISIC_0027169,NV,1,0.9612499475479126,NV,1,0.9612499475479126,1
ISIC_0030430,NV,1,0.9612528085708618,NV,1,0.9612528085708618,1
ISIC_0029853,NV,1,0.961258053779602,NV,1,0.961258053779602,1
ISIC_0027040,NV,1,0.9612591862678528,NV,1,0.9612591862678528,1
ISIC_0024872,NV,1,0.9612683057785034,NV,1,0.9612683057785034,1
ISIC_0032332,NV,1,0.9612722992897034,NV,1,0.9612722992897034,1
ISIC_0028772,NV,1,0.961273193359375,NV,1,0.961273193359375,1
ISIC_0025697,NV,1,0.9612768888473511,NV,1,0.9612768888473511,1
ISIC_0025775,NV,1,0.9612839818000793,NV,1,0.9612839818000793,1
ISIC_0032945,NV,1,0.961285412311554,NV,1,0.961285412311554,1
ISIC_0031320,NV,1,0.9612955451011658,NV,1,0.9612955451011658,1
ISIC_0034304,NV,1,0.9613020420074463,NV,1,0.9613020420074463,1
ISIC_0026756,NV,1,0.9613097310066223,NV,1,0.9613097310066223,1
ISIC_0029977,NV,1,0.9613348841667175,NV,1,0.9613348841667175,1
ISIC_0032738,NV,1,0.9613532423973083,NV,1,0.9613532423973083,1
ISIC_0031853,BKL,4,0.9613642692565918,BKL,4,0.9613642692565918,1
ISIC_0033019,BCC,2,0.9613668918609619,BCC,2,0.9613668918609619,1
ISIC_0027934,NV,1,0.9613798260688782,NV,1,0.9613798260688782,1
ISIC_0029966,NV,1,0.9613813757896423,NV,1,0.9613813757896423,1
ISIC_0030719,NV,1,0.9613944888114929,NV,1,0.9613944888114929,1
ISIC_0028330,NV,1,0.9613987803459167,NV,1,0.9613987803459167,1
ISIC_0030529,NV,1,0.9614089131355286,NV,1,0.9614089131355286,1
ISIC_0027805,NV,1,0.9614109992980957,NV,1,0.9614109992980957,1
ISIC_0026004,NV,1,0.9614128470420837,NV,1,0.9614128470420837,1
ISIC_0027491,NV,1,0.9614132046699524,NV,1,0.9614132046699524,1
ISIC_0031120,NV,1,0.9614234566688538,NV,1,0.9614234566688538,1
ISIC_0033505,BKL,4,0.9614328145980835,BKL,4,0.9614328145980835,1
ISIC_0030834,NV,1,0.9614527821540833,NV,1,0.9614527821540833,1
ISIC_0031917,NV,1,0.961457371711731,NV,1,0.961457371711731,1
ISIC_0031338,NV,1,0.9614769816398621,NV,1,0.9614769816398621,1
ISIC_0024656,NV,1,0.9614891409873962,NV,1,0.9614891409873962,1
ISIC_0025664,NV,1,0.9614948630332947,NV,1,0.9614948630332947,1
ISIC_0026454,NV,1,0.9614952802658081,NV,1,0.9614952802658081,1
ISIC_0027259,NV,1,0.9615080952644348,NV,1,0.9615080952644348,1
ISIC_0024486,NV,1,0.9615183472633362,NV,1,0.9615183472633362,1
ISIC_0025468,NV,1,0.961523175239563,NV,1,0.961523175239563,1
ISIC_0027492,NV,1,0.9615386128425598,NV,1,0.9615386128425598,1
ISIC_0033760,NV,1,0.9615593552589417,NV,1,0.9615593552589417,1
ISIC_0031758,NV,1,0.9615703225135803,NV,1,0.9615703225135803,1
ISIC_0025336,NV,1,0.9615787267684937,NV,1,0.9615787267684937,1
ISIC_0027309,NV,1,0.9615814685821533,NV,1,0.9615814685821533,1
ISIC_0033059,NV,1,0.961581826210022,NV,1,0.961581826210022,1
ISIC_0025560,NV,1,0.9615911841392517,NV,1,0.9615911841392517,1
ISIC_0025776,NV,1,0.9615985751152039,NV,1,0.9615985751152039,1
ISIC_0031098,NV,1,0.9616163969039917,NV,1,0.9616163969039917,1
ISIC_0030284,NV,1,0.9616270065307617,NV,1,0.9616270065307617,1
ISIC_0031391,NV,1,0.9616326093673706,NV,1,0.9616326093673706,1
ISIC_0027807,NV,1,0.9616419076919556,NV,1,0.9616419076919556,1
ISIC_0025600,BCC,2,0.9616589546203613,BCC,2,0.9616589546203613,1
ISIC_0029267,NV,1,0.9616605043411255,NV,1,0.9616605043411255,1
ISIC_0034261,NV,1,0.9616660475730896,NV,1,0.9616660475730896,1
ISIC_0028450,NV,1,0.9616672396659851,NV,1,0.9616672396659851,1
ISIC_0031575,NV,1,0.9616743922233582,NV,1,0.9616743922233582,1
ISIC_0028789,NV,1,0.9616752862930298,NV,1,0.9616752862930298,1
ISIC_0031891,NV,1,0.9616778492927551,NV,1,0.9616778492927551,1
ISIC_0025338,NV,1,0.9616788029670715,NV,1,0.9616788029670715,1
ISIC_0033375,NV,1,0.9616824388504028,NV,1,0.9616824388504028,1
ISIC_0029818,NV,1,0.9616870880126953,NV,1,0.9616870880126953,1
ISIC_0024889,NV,1,0.9616908431053162,NV,1,0.9616908431053162,1
ISIC_0030333,MEL,0,0.9616992473602295,MEL,0,0.9616992473602295,1
ISIC_0030437,NV,1,0.9617043733596802,NV,1,0.9617043733596802,1
ISIC_0024866,NV,1,0.9617089033126831,NV,1,0.9617089033126831,1
ISIC_0029658,NV,1,0.9617095589637756,NV,1,0.9617095589637756,1
ISIC_0034273,NV,1,0.9617282152175903,NV,1,0.9617282152175903,1
ISIC_0032846,NV,1,0.961728572845459,NV,1,0.961728572845459,1
ISIC_0030017,NV,1,0.9617342948913574,NV,1,0.9617342948913574,1
ISIC_0033930,NV,1,0.9617348313331604,NV,1,0.9617348313331604,1
ISIC_0031589,NV,1,0.961735725402832,NV,1,0.961735725402832,1
ISIC_0028869,NV,1,0.9617379307746887,NV,1,0.9617379307746887,1
ISIC_0024904,VASC,6,0.9617410898208618,VASC,6,0.9617410898208618,1
ISIC_0033025,NV,1,0.9617440700531006,NV,1,0.9617440700531006,1
ISIC_0024500,NV,1,0.9617513418197632,NV,1,0.9617513418197632,1
ISIC_0027168,NV,1,0.9617722034454346,NV,1,0.9617722034454346,1
ISIC_0027032,NV,1,0.9617922902107239,NV,1,0.9617922902107239,1
ISIC_0032480,NV,1,0.9617944955825806,NV,1,0.9617944955825806,1
ISIC_0029584,NV,1,0.9617969393730164,NV,1,0.9617969393730164,1
ISIC_0032224,NV,1,0.96180659532547,NV,1,0.96180659532547,1
ISIC_0029150,NV,1,0.9618076086044312,NV,1,0.9618076086044312,1
ISIC_0028806,NV,1,0.9618082642555237,NV,1,0.9618082642555237,1
ISIC_0025184,NV,1,0.9618094563484192,NV,1,0.9618094563484192,1
ISIC_0031355,NV,1,0.9618223905563354,NV,1,0.9618223905563354,1
ISIC_0028793,NV,1,0.9618327617645264,NV,1,0.9618327617645264,1
ISIC_0029823,BKL,4,0.9618454575538635,BKL,4,0.9618454575538635,1
ISIC_0032649,NV,1,0.9618467688560486,NV,1,0.9618467688560486,1
ISIC_0025806,NV,1,0.9618668556213379,NV,1,0.9618668556213379,1
ISIC_0027356,NV,1,0.9618744254112244,NV,1,0.9618744254112244,1
ISIC_0031340,NV,1,0.9618841409683228,NV,1,0.9618841409683228,1
ISIC_0029657,NV,1,0.9618930816650391,NV,1,0.9618930816650391,1
ISIC_0032338,NV,1,0.9618980288505554,NV,1,0.9618980288505554,1
ISIC_0033292,NV,1,0.9619037508964539,NV,1,0.9619037508964539,1
ISIC_0032066,NV,1,0.9619132876396179,NV,1,0.9619132876396179,1
ISIC_0032468,DF,5,0.9619142413139343,DF,5,0.9619142413139343,1
ISIC_0024402,VASC,6,0.9619162678718567,VASC,6,0.9619162678718567,1
ISIC_0030762,NV,1,0.9619300365447998,NV,1,0.9619300365447998,1
ISIC_0033741,NV,1,0.9619409441947937,NV,1,0.9619409441947937,1
ISIC_0029545,BCC,2,0.9619423747062683,BCC,2,0.9619423747062683,1
ISIC_0031361,NV,1,0.9619508981704712,NV,1,0.9619508981704712,1
ISIC_0030857,NV,1,0.9619517922401428,NV,1,0.9619517922401428,1
ISIC_0025036,NV,1,0.9619544148445129,NV,1,0.9619544148445129,1
ISIC_0029777,NV,1,0.9619566202163696,NV,1,0.9619566202163696,1
ISIC_0028340,NV,1,0.9619570374488831,NV,1,0.9619570374488831,1
ISIC_0031438,NV,1,0.9619770050048828,NV,1,0.9619770050048828,1
ISIC_0025025,NV,1,0.9620088934898376,NV,1,0.9620088934898376,1
ISIC_0032683,NV,1,0.962011456489563,NV,1,0.962011456489563,1
ISIC_0028301,NV,1,0.9620208144187927,NV,1,0.9620208144187927,1
ISIC_0032907,NV,1,0.9620304107666016,NV,1,0.9620304107666016,1
ISIC_0030114,BCC,2,0.9620315432548523,BCC,2,0.9620315432548523,1
ISIC_0027977,NV,1,0.9620384573936462,NV,1,0.9620384573936462,1
ISIC_0025715,NV,1,0.9620386958122253,NV,1,0.9620386958122253,1
ISIC_0028327,NV,1,0.9620410203933716,NV,1,0.9620410203933716,1
ISIC_0026600,NV,1,0.9620417952537537,NV,1,0.9620417952537537,1
ISIC_0026271,NV,1,0.9620451927185059,NV,1,0.9620451927185059,1
ISIC_0027785,NV,1,0.9620799422264099,NV,1,0.9620799422264099,1
ISIC_0031694,NV,1,0.9620874524116516,NV,1,0.9620874524116516,1
ISIC_0028466,NV,1,0.9620935320854187,NV,1,0.9620935320854187,1
ISIC_0028250,NV,1,0.9620956182479858,NV,1,0.9620956182479858,1
ISIC_0032426,NV,1,0.9621047973632812,NV,1,0.9621047973632812,1
ISIC_0032310,NV,1,0.9621084332466125,NV,1,0.9621084332466125,1
ISIC_0029706,NV,1,0.9621196985244751,NV,1,0.9621196985244751,1
ISIC_0027812,NV,1,0.9621198177337646,NV,1,0.9621198177337646,1
ISIC_0025464,NV,1,0.9621216654777527,NV,1,0.9621216654777527,1
ISIC_0027474,NV,1,0.9621239900588989,NV,1,0.9621239900588989,1
ISIC_0028725,NV,1,0.9621275067329407,NV,1,0.9621275067329407,1
ISIC_0032523,NV,1,0.9621373414993286,NV,1,0.9621373414993286,1
ISIC_0031403,NV,1,0.9621382355690002,NV,1,0.9621382355690002,1
ISIC_0030769,NV,1,0.9621466994285583,NV,1,0.9621466994285583,1
ISIC_0024774,BKL,4,0.9621478319168091,BKL,4,0.9621478319168091,1
ISIC_0028439,NV,1,0.9621515870094299,NV,1,0.9621515870094299,1
ISIC_0031974,NV,1,0.9621548056602478,NV,1,0.9621548056602478,1
ISIC_0029468,NV,1,0.9621607065200806,NV,1,0.9621607065200806,1
ISIC_0030480,NV,1,0.9621796011924744,NV,1,0.9621796011924744,1
ISIC_0030025,NV,1,0.9621807336807251,NV,1,0.9621807336807251,1
ISIC_0025931,NV,1,0.9622066617012024,NV,1,0.9622066617012024,1
ISIC_0033372,BCC,2,0.9622111916542053,BCC,2,0.9622111916542053,1
ISIC_0029155,NV,1,0.9622135758399963,NV,1,0.9622135758399963,1
ISIC_0024315,MEL,0,0.9622214436531067,MEL,0,0.9622214436531067,1
ISIC_0025929,NV,1,0.9622229933738708,NV,1,0.9622229933738708,1
ISIC_0024311,NV,1,0.9622231125831604,NV,1,0.9622231125831604,1
ISIC_0030304,NV,1,0.962226927280426,NV,1,0.962226927280426,1
ISIC_0030957,NV,1,0.9622272849082947,NV,1,0.9622272849082947,1
ISIC_0028914,NV,1,0.9622372388839722,NV,1,0.9622372388839722,1
ISIC_0025872,NV,1,0.9622440934181213,NV,1,0.9622440934181213,1
ISIC_0024438,NV,1,0.9622459411621094,NV,1,0.9622459411621094,1
ISIC_0028136,NV,1,0.9622505903244019,NV,1,0.9622505903244019,1
ISIC_0026925,NV,1,0.9622522592544556,NV,1,0.9622522592544556,1
ISIC_0025849,NV,1,0.962252676486969,NV,1,0.962252676486969,1
ISIC_0024663,NV,1,0.962252676486969,NV,1,0.962252676486969,1
ISIC_0033552,NV,1,0.9622529149055481,NV,1,0.9622529149055481,1
ISIC_0031366,NV,1,0.9622870087623596,NV,1,0.9622870087623596,1
ISIC_0027730,NV,1,0.9622872471809387,NV,1,0.9622872471809387,1
ISIC_0028921,NV,1,0.9622896313667297,NV,1,0.9622896313667297,1
ISIC_0032431,NV,1,0.9622951745986938,NV,1,0.9622951745986938,1
ISIC_0033273,NV,1,0.9623039960861206,NV,1,0.9623039960861206,1
ISIC_0033345,NV,1,0.9623068571090698,NV,1,0.9623068571090698,1
ISIC_0032089,NV,1,0.9623144865036011,NV,1,0.9623144865036011,1
ISIC_0032679,NV,1,0.9623183608055115,NV,1,0.9623183608055115,1
ISIC_0033665,NV,1,0.9623201489448547,NV,1,0.9623201489448547,1
ISIC_0028683,NV,1,0.9623211026191711,NV,1,0.9623211026191711,1
ISIC_0030101,NV,1,0.9623222351074219,NV,1,0.9623222351074219,1
ISIC_0028072,NV,1,0.9623305201530457,NV,1,0.9623305201530457,1
ISIC_0026110,NV,1,0.9623450636863708,NV,1,0.9623450636863708,1
ISIC_0028067,NV,1,0.962361752986908,NV,1,0.962361752986908,1
ISIC_0029424,NV,1,0.962363064289093,NV,1,0.962363064289093,1
ISIC_0029287,NV,1,0.9623653888702393,NV,1,0.9623653888702393,1
ISIC_0032796,NV,1,0.9623659253120422,NV,1,0.9623659253120422,1
ISIC_0027624,NV,1,0.9623686075210571,NV,1,0.9623686075210571,1
ISIC_0031726,NV,1,0.9623712301254272,NV,1,0.9623712301254272,1
ISIC_0031939,NV,1,0.9623739123344421,NV,1,0.9623739123344421,1
ISIC_0028300,NV,1,0.9623816013336182,NV,1,0.9623816013336182,1
ISIC_0028711,NV,1,0.9623908996582031,NV,1,0.9623908996582031,1
ISIC_0030513,NV,1,0.9623937606811523,NV,1,0.9623937606811523,1
ISIC_0027938,NV,1,0.9623969793319702,NV,1,0.9623969793319702,1
ISIC_0032672,MEL,0,0.9624002575874329,MEL,0,0.9624002575874329,1
ISIC_0024439,NV,1,0.9624050259590149,NV,1,0.9624050259590149,1
ISIC_0029296,NV,1,0.962405264377594,NV,1,0.962405264377594,1
ISIC_0026628,NV,1,0.9624072313308716,NV,1,0.9624072313308716,1
ISIC_0025125,NV,1,0.9624084234237671,NV,1,0.9624084234237671,1
ISIC_0029408,NV,1,0.9624198079109192,NV,1,0.9624198079109192,1
ISIC_0025688,NV,1,0.9624226689338684,NV,1,0.9624226689338684,1
ISIC_0029282,NV,1,0.9624292850494385,NV,1,0.9624292850494385,1
ISIC_0030491,AKIEC,3,0.962429404258728,AKIEC,3,0.962429404258728,1
ISIC_0027499,NV,1,0.9624317288398743,NV,1,0.9624317288398743,1
ISIC_0027493,NV,1,0.9624558091163635,NV,1,0.9624558091163635,1
ISIC_0033036,NV,1,0.962459921836853,NV,1,0.962459921836853,1
ISIC_0025796,NV,1,0.9624664187431335,NV,1,0.9624664187431335,1
ISIC_0033144,NV,1,0.9624664187431335,NV,1,0.9624664187431335,1
ISIC_0029532,NV,1,0.9624888300895691,NV,1,0.9624888300895691,1
ISIC_0029667,NV,1,0.9624896049499512,NV,1,0.9624896049499512,1
ISIC_0034148,NV,1,0.9624911546707153,NV,1,0.9624911546707153,1
ISIC_0029808,NV,1,0.962508499622345,NV,1,0.962508499622345,1
ISIC_0029895,NV,1,0.9625120162963867,NV,1,0.9625120162963867,1
ISIC_0026000,NV,1,0.9625203013420105,NV,1,0.9625203013420105,1
ISIC_0024341,NV,1,0.9625309109687805,NV,1,0.9625309109687805,1
ISIC_0029425,BKL,4,0.9625327587127686,BKL,4,0.9625327587127686,1
ISIC_0033966,NV,1,0.9625477194786072,NV,1,0.9625477194786072,1
ISIC_0026011,NV,1,0.9625720977783203,NV,1,0.9625720977783203,1
ISIC_0025772,NV,1,0.9625733494758606,NV,1,0.9625733494758606,1
ISIC_0027557,NV,1,0.9625797271728516,NV,1,0.9625797271728516,1
ISIC_0028621,NV,1,0.9626012444496155,NV,1,0.9626012444496155,1
ISIC_0029292,NV,1,0.962601363658905,NV,1,0.962601363658905,1
ISIC_0028843,NV,1,0.962621808052063,NV,1,0.962621808052063,1
ISIC_0024490,BKL,4,0.9626337289810181,BKL,4,0.9626337289810181,1
ISIC_0029943,NV,1,0.9626452326774597,NV,1,0.9626452326774597,1
ISIC_0034286,NV,1,0.9626458883285522,NV,1,0.9626458883285522,1
ISIC_0031842,NV,1,0.9626510739326477,NV,1,0.9626510739326477,1
ISIC_0032849,NV,1,0.9626525044441223,NV,1,0.9626525044441223,1
ISIC_0026364,NV,1,0.9626749753952026,NV,1,0.9626749753952026,1
ISIC_0032223,NV,1,0.9626906514167786,NV,1,0.9626906514167786,1
ISIC_0029665,NV,1,0.9626951813697815,NV,1,0.9626951813697815,1
ISIC_0030927,NV,1,0.9626959562301636,NV,1,0.9626959562301636,1
ISIC_0028446,NV,1,0.9627006649971008,NV,1,0.9627006649971008,1
ISIC_0030026,BKL,4,0.9627063274383545,BKL,4,0.9627063274383545,1
ISIC_0031165,NV,1,0.9627110958099365,NV,1,0.9627110958099365,1
ISIC_0030560,NV,1,0.9627120494842529,NV,1,0.9627120494842529,1
ISIC_0024986,NV,1,0.9627353549003601,NV,1,0.9627353549003601,1
ISIC_0025190,NV,1,0.9627506136894226,NV,1,0.9627506136894226,1
ISIC_0029447,NV,1,0.9627582430839539,NV,1,0.9627582430839539,1
ISIC_0030651,NV,1,0.9627604484558105,NV,1,0.9627604484558105,1
ISIC_0028479,BKL,4,0.9627654552459717,BKL,4,0.9627654552459717,1
ISIC_0031319,NV,1,0.9627689719200134,NV,1,0.9627689719200134,1
ISIC_0024362,NV,1,0.9627727270126343,NV,1,0.9627727270126343,1
ISIC_0030412,NV,1,0.9627769589424133,NV,1,0.9627769589424133,1
ISIC_0029171,NV,1,0.96277916431427,NV,1,0.96277916431427,1
ISIC_0028841,NV,1,0.962788999080658,NV,1,0.962788999080658,1
ISIC_0033420,NV,1,0.9627926349639893,NV,1,0.9627926349639893,1
ISIC_0026799,NV,1,0.9627949595451355,NV,1,0.9627949595451355,1
ISIC_0026416,BKL,4,0.9628108739852905,BKL,4,0.9628108739852905,1
ISIC_0033817,VASC,6,0.9628118276596069,VASC,6,0.9628118276596069,1
ISIC_0033228,NV,1,0.9628171324729919,NV,1,0.9628171324729919,1
ISIC_0030541,NV,1,0.962833046913147,NV,1,0.962833046913147,1
ISIC_0029471,NV,1,0.9628375768661499,NV,1,0.9628375768661499,1
ISIC_0027664,NV,1,0.9628414511680603,NV,1,0.9628414511680603,1
ISIC_0029553,NV,1,0.9628459811210632,NV,1,0.9628459811210632,1
ISIC_0032529,NV,1,0.9628461003303528,NV,1,0.9628461003303528,1
ISIC_0026882,NV,1,0.9628490805625916,NV,1,0.9628490805625916,1
ISIC_0034247,NV,1,0.9628522992134094,NV,1,0.9628522992134094,1
ISIC_0025797,NV,1,0.962854266166687,NV,1,0.962854266166687,1
ISIC_0034252,BKL,4,0.9628560543060303,BKL,4,0.9628560543060303,1
ISIC_0026008,NV,1,0.9628581404685974,NV,1,0.9628581404685974,1
ISIC_0028961,NV,1,0.9628601670265198,NV,1,0.9628601670265198,1
ISIC_0028574,NV,1,0.9628602266311646,NV,1,0.9628602266311646,1
ISIC_0032758,NV,1,0.9628665447235107,NV,1,0.9628665447235107,1
ISIC_0026993,MEL,0,0.9628845453262329,MEL,0,0.9628845453262329,1
ISIC_0030519,NV,1,0.9629070162773132,NV,1,0.9629070162773132,1
ISIC_0026379,NV,1,0.9629113078117371,NV,1,0.9629113078117371,1
ISIC_0034004,NV,1,0.9629175066947937,NV,1,0.9629175066947937,1
ISIC_0024352,NV,1,0.9629186391830444,NV,1,0.9629186391830444,1
ISIC_0031382,NV,1,0.9629326462745667,NV,1,0.9629326462745667,1
ISIC_0028311,NV,1,0.9629348516464233,NV,1,0.9629348516464233,1
ISIC_0028037,NV,1,0.96293705701828,NV,1,0.96293705701828,1
ISIC_0025022,NV,1,0.9629384875297546,NV,1,0.9629384875297546,1
ISIC_0030414,NV,1,0.9629393815994263,NV,1,0.9629393815994263,1
ISIC_0028708,NV,1,0.9629451632499695,NV,1,0.9629451632499695,1
ISIC_0025056,NV,1,0.9629510045051575,NV,1,0.9629510045051575,1
ISIC_0027427,NV,1,0.9629612565040588,NV,1,0.9629612565040588,1
ISIC_0024749,NV,1,0.962992787361145,NV,1,0.962992787361145,1
ISIC_0027376,NV,1,0.9629988670349121,NV,1,0.9629988670349121,1
ISIC_0025114,NV,1,0.9630070328712463,NV,1,0.9630070328712463,1
ISIC_0028919,NV,1,0.9630187749862671,NV,1,0.9630187749862671,1
ISIC_0029844,NV,1,0.9630204439163208,NV,1,0.9630204439163208,1
ISIC_0031101,NV,1,0.9630312323570251,NV,1,0.9630312323570251,1
ISIC_0027798,NV,1,0.9630470871925354,NV,1,0.9630470871925354,1
ISIC_0030544,NV,1,0.9630507230758667,NV,1,0.9630507230758667,1
ISIC_0026635,NV,1,0.9630508422851562,NV,1,0.9630508422851562,1
ISIC_0026183,NV,1,0.9630656242370605,NV,1,0.9630656242370605,1
ISIC_0026510,NV,1,0.9630743861198425,NV,1,0.9630743861198425,1
ISIC_0026662,NV,1,0.9630813598632812,NV,1,0.9630813598632812,1
ISIC_0027014,NV,1,0.9630976915359497,NV,1,0.9630976915359497,1
ISIC_0028177,NV,1,0.9631103277206421,NV,1,0.9631103277206421,1
ISIC_0026181,NV,1,0.9631162881851196,NV,1,0.9631162881851196,1
ISIC_0032393,NV,1,0.9631373882293701,NV,1,0.9631373882293701,1
ISIC_0024884,NV,1,0.9631535410881042,NV,1,0.9631535410881042,1
ISIC_0029981,NV,1,0.9631563425064087,NV,1,0.9631563425064087,1
ISIC_0025410,NV,1,0.9631639719009399,NV,1,0.9631639719009399,1
ISIC_0026233,NV,1,0.9631660580635071,NV,1,0.9631660580635071,1
ISIC_0030969,NV,1,0.9631668329238892,NV,1,0.9631668329238892,1
ISIC_0031117,NV,1,0.9631744623184204,NV,1,0.9631744623184204,1
ISIC_0027717,NV,1,0.963176429271698,NV,1,0.963176429271698,1
ISIC_0029874,NV,1,0.9631876945495605,NV,1,0.9631876945495605,1
ISIC_0033974,NV,1,0.9631885886192322,NV,1,0.9631885886192322,1
ISIC_0030416,NV,1,0.9631929397583008,NV,1,0.9631929397583008,1
ISIC_0030563,NV,1,0.9631955623626709,NV,1,0.9631955623626709,1
ISIC_0027749,NV,1,0.9631982445716858,NV,1,0.9631982445716858,1
ISIC_0024334,NV,1,0.9632097482681274,NV,1,0.9632097482681274,1
ISIC_0029507,NV,1,0.9632112979888916,NV,1,0.9632112979888916,1
ISIC_0026331,NV,1,0.9632282853126526,NV,1,0.9632282853126526,1
ISIC_0030734,NV,1,0.9632447957992554,NV,1,0.9632447957992554,1
ISIC_0024724,NV,1,0.9632485508918762,NV,1,0.9632485508918762,1
ISIC_0031423,NV,1,0.9632502198219299,NV,1,0.9632502198219299,1
ISIC_0032242,NV,1,0.9632547497749329,NV,1,0.9632547497749329,1
ISIC_0028008,NV,1,0.9632567167282104,NV,1,0.9632567167282104,1
ISIC_0025293,NV,1,0.9632581472396851,NV,1,0.9632581472396851,1
ISIC_0028975,NV,1,0.9632581472396851,NV,1,0.9632581472396851,1
ISIC_0029605,NV,1,0.9632695913314819,NV,1,0.9632695913314819,1
ISIC_0032801,NV,1,0.9632723331451416,NV,1,0.9632723331451416,1
ISIC_0029467,NV,1,0.9632734656333923,NV,1,0.9632734656333923,1
ISIC_0031828,NV,1,0.9632768630981445,NV,1,0.9632768630981445,1
ISIC_0030619,NV,1,0.9632825255393982,NV,1,0.9632825255393982,1
ISIC_0029165,NV,1,0.9632837176322937,NV,1,0.9632837176322937,1
ISIC_0028031,NV,1,0.9632844924926758,NV,1,0.9632844924926758,1
ISIC_0026839,NV,1,0.9632942080497742,NV,1,0.9632942080497742,1
ISIC_0029552,NV,1,0.9632949829101562,NV,1,0.9632949829101562,1
ISIC_0032595,NV,1,0.9632994532585144,NV,1,0.9632994532585144,1
ISIC_0029338,NV,1,0.9633059501647949,NV,1,0.9633059501647949,1
ISIC_0033106,NV,1,0.9633103609085083,NV,1,0.9633103609085083,1
ISIC_0031786,NV,1,0.9633161425590515,NV,1,0.9633161425590515,1
ISIC_0024577,NV,1,0.9633193612098694,NV,1,0.9633193612098694,1
ISIC_0030062,NV,1,0.9633324146270752,NV,1,0.9633324146270752,1
ISIC_0032494,NV,1,0.9633349180221558,NV,1,0.9633349180221558,1
ISIC_0026535,NV,1,0.9633382558822632,NV,1,0.9633382558822632,1
ISIC_0026563,NV,1,0.9633393883705139,NV,1,0.9633393883705139,1
ISIC_0027182,NV,1,0.9633530974388123,NV,1,0.9633530974388123,1
ISIC_0031954,NV,1,0.9633582830429077,NV,1,0.9633582830429077,1
ISIC_0024879,NV,1,0.9633610844612122,NV,1,0.9633610844612122,1
ISIC_0033033,NV,1,0.9633660316467285,NV,1,0.9633660316467285,1
ISIC_0024373,NV,1,0.963371217250824,NV,1,0.963371217250824,1
ISIC_0026482,NV,1,0.963385283946991,NV,1,0.963385283946991,1
ISIC_0031768,NV,1,0.963391125202179,NV,1,0.963391125202179,1
ISIC_0026828,NV,1,0.9633939266204834,NV,1,0.9633939266204834,1
ISIC_0030146,NV,1,0.9633967876434326,NV,1,0.9633967876434326,1
ISIC_0030164,NV,1,0.9633991122245789,NV,1,0.9633991122245789,1
ISIC_0032814,NV,1,0.9634022116661072,NV,1,0.9634022116661072,1
ISIC_0031343,NV,1,0.9634173512458801,NV,1,0.9634173512458801,1
ISIC_0025593,NV,1,0.9634174704551697,NV,1,0.9634174704551697,1
ISIC_0033823,NV,1,0.9634196758270264,NV,1,0.9634196758270264,1
ISIC_0025273,NV,1,0.9634356498718262,NV,1,0.9634356498718262,1
ISIC_0027363,NV,1,0.9634390473365784,NV,1,0.9634390473365784,1
ISIC_0027505,NV,1,0.963485836982727,NV,1,0.963485836982727,1
ISIC_0028845,NV,1,0.963489830493927,NV,1,0.963489830493927,1
ISIC_0028825,NV,1,0.9634921550750732,NV,1,0.9634921550750732,1
ISIC_0032457,NV,1,0.963493824005127,NV,1,0.963493824005127,1
ISIC_0028748,NV,1,0.9635028839111328,NV,1,0.9635028839111328,1
ISIC_0032937,NV,1,0.963504433631897,NV,1,0.963504433631897,1
ISIC_0024561,NV,1,0.9635056853294373,NV,1,0.9635056853294373,1
ISIC_0026041,NV,1,0.9635314345359802,NV,1,0.9635314345359802,1
ISIC_0033837,NV,1,0.9635393023490906,NV,1,0.9635393023490906,1
ISIC_0029097,NV,1,0.9635450839996338,NV,1,0.9635450839996338,1
ISIC_0025291,NV,1,0.963551938533783,NV,1,0.963551938533783,1
ISIC_0027604,MEL,0,0.963551938533783,MEL,0,0.963551938533783,1
ISIC_0033579,BCC,2,0.9635525941848755,BCC,2,0.9635525941848755,1
ISIC_0033140,NV,1,0.9635593295097351,NV,1,0.9635593295097351,1
ISIC_0027181,NV,1,0.9635744094848633,NV,1,0.9635744094848633,1
ISIC_0030711,NV,1,0.9635865688323975,NV,1,0.9635865688323975,1
ISIC_0024368,NV,1,0.9635891318321228,NV,1,0.9635891318321228,1
ISIC_0029034,BCC,2,0.9635923504829407,BCC,2,0.9635923504829407,1
ISIC_0025013,NV,1,0.9635923504829407,NV,1,0.9635923504829407,1
ISIC_0027390,NV,1,0.9636149406433105,NV,1,0.9636149406433105,1
ISIC_0030662,NV,1,0.9636219143867493,NV,1,0.9636219143867493,1
ISIC_0031139,NV,1,0.9636232256889343,NV,1,0.9636232256889343,1
ISIC_0032053,NV,1,0.9636255502700806,NV,1,0.9636255502700806,1
ISIC_0027271,NV,1,0.9636264443397522,NV,1,0.9636264443397522,1
ISIC_0032216,NV,1,0.9636328220367432,NV,1,0.9636328220367432,1
ISIC_0026434,NV,1,0.9636338353157043,NV,1,0.9636338353157043,1
ISIC_0031096,NV,1,0.9636340737342834,NV,1,0.9636340737342834,1
ISIC_0031563,NV,1,0.9636401534080505,NV,1,0.9636401534080505,1
ISIC_0031069,NV,1,0.9636450409889221,NV,1,0.9636450409889221,1
ISIC_0027002,NV,1,0.9636470079421997,NV,1,0.9636470079421997,1
ISIC_0028813,NV,1,0.96365886926651,NV,1,0.96365886926651,1
ISIC_0026688,NV,1,0.9636645317077637,NV,1,0.9636645317077637,1
ISIC_0027369,NV,1,0.963683009147644,NV,1,0.963683009147644,1
ISIC_0025251,NV,1,0.9636844396591187,NV,1,0.9636844396591187,1
ISIC_0025658,NV,1,0.9636897444725037,NV,1,0.9636897444725037,1
ISIC_0026165,NV,1,0.9636942744255066,NV,1,0.9636942744255066,1
ISIC_0032798,NV,1,0.9636955261230469,NV,1,0.9636955261230469,1
ISIC_0033018,NV,1,0.9637138843536377,NV,1,0.9637138843536377,1
ISIC_0033809,NV,1,0.9637195467948914,NV,1,0.9637195467948914,1
ISIC_0030170,NV,1,0.9637233018875122,NV,1,0.9637233018875122,1
ISIC_0026646,NV,1,0.9637255072593689,NV,1,0.9637255072593689,1
ISIC_0028811,NV,1,0.9637303948402405,NV,1,0.9637303948402405,1
ISIC_0029772,NV,1,0.9637314677238464,NV,1,0.9637314677238464,1
ISIC_0025997,NV,1,0.9637346863746643,NV,1,0.9637346863746643,1
ISIC_0033290,NV,1,0.9637361168861389,NV,1,0.9637361168861389,1
ISIC_0033879,NV,1,0.9637460112571716,NV,1,0.9637460112571716,1
ISIC_0027055,NV,1,0.9637461304664612,NV,1,0.9637461304664612,1
ISIC_0029587,NV,1,0.9637540578842163,NV,1,0.9637540578842163,1
ISIC_0025092,NV,1,0.9637673497200012,NV,1,0.9637673497200012,1
ISIC_0028686,NV,1,0.9637706875801086,NV,1,0.9637706875801086,1
ISIC_0033631,BKL,4,0.9637776613235474,BKL,4,0.9637776613235474,1
ISIC_0027148,NV,1,0.9637854099273682,NV,1,0.9637854099273682,1
ISIC_0024610,NV,1,0.9637866020202637,NV,1,0.9637866020202637,1
ISIC_0029753,NV,1,0.9637894034385681,NV,1,0.9637894034385681,1
ISIC_0025801,NV,1,0.9637898206710815,NV,1,0.9637898206710815,1
ISIC_0028660,NV,1,0.9638029336929321,NV,1,0.9638029336929321,1
ISIC_0026261,NV,1,0.963815450668335,NV,1,0.963815450668335,1
ISIC_0026059,NV,1,0.9638340473175049,NV,1,0.9638340473175049,1
ISIC_0030733,NV,1,0.9638349413871765,NV,1,0.9638349413871765,1
ISIC_0027877,NV,1,0.9638404250144958,NV,1,0.9638404250144958,1
ISIC_0030428,NV,1,0.9638424515724182,NV,1,0.9638424515724182,1
ISIC_0024383,BKL,4,0.9638473987579346,BKL,4,0.9638473987579346,1
ISIC_0026332,NV,1,0.963862955570221,NV,1,0.963862955570221,1
ISIC_0032408,MEL,0,0.963863730430603,MEL,0,0.963863730430603,1
ISIC_0028594,NV,1,0.9638696908950806,NV,1,0.9638696908950806,1
ISIC_0024307,NV,1,0.9638722538948059,NV,1,0.9638722538948059,1
ISIC_0024693,NV,1,0.963891863822937,NV,1,0.963891863822937,1
ISIC_0029446,NV,1,0.9638939499855042,NV,1,0.9638939499855042,1
ISIC_0030897,NV,1,0.9639008045196533,NV,1,0.9639008045196533,1
ISIC_0026917,NV,1,0.963944137096405,NV,1,0.963944137096405,1
ISIC_0029968,NV,1,0.9639450907707214,NV,1,0.9639450907707214,1
ISIC_0029939,NV,1,0.9639528393745422,NV,1,0.9639528393745422,1
ISIC_0026686,NV,1,0.9639537334442139,NV,1,0.9639537334442139,1
ISIC_0033464,NV,1,0.9639542102813721,NV,1,0.9639542102813721,1
ISIC_0026428,NV,1,0.9639549851417542,NV,1,0.9639549851417542,1
ISIC_0027230,NV,1,0.9639565348625183,NV,1,0.9639565348625183,1
ISIC_0031365,NV,1,0.9639732241630554,NV,1,0.9639732241630554,1
ISIC_0028669,NV,1,0.9639753699302673,NV,1,0.9639753699302673,1
ISIC_0025246,NV,1,0.9639895558357239,NV,1,0.9639895558357239,1
ISIC_0026906,NV,1,0.9639938473701477,NV,1,0.9639938473701477,1
ISIC_0024451,NV,1,0.9639970660209656,NV,1,0.9639970660209656,1
ISIC_0024515,BCC,2,0.9639989733695984,BCC,2,0.9639989733695984,1
ISIC_0024641,NV,1,0.9640028476715088,NV,1,0.9640028476715088,1
ISIC_0029672,NV,1,0.964020311832428,NV,1,0.964020311832428,1
ISIC_0029652,MEL,0,0.9640371799468994,MEL,0,0.9640371799468994,1
ISIC_0031509,NV,1,0.9640419483184814,NV,1,0.9640419483184814,1
ISIC_0033536,AKIEC,3,0.9640463590621948,AKIEC,3,0.9640463590621948,1
ISIC_0034096,NV,1,0.9640499353408813,NV,1,0.9640499353408813,1
ISIC_0033442,NV,1,0.9640503525733948,NV,1,0.9640503525733948,1
ISIC_0026210,NV,1,0.9640623331069946,NV,1,0.9640623331069946,1
ISIC_0026078,NV,1,0.9640637636184692,NV,1,0.9640637636184692,1
ISIC_0030872,NV,1,0.9640793800354004,NV,1,0.9640793800354004,1
ISIC_0034166,NV,1,0.9640797972679138,NV,1,0.9640797972679138,1
ISIC_0025823,NV,1,0.9640833735466003,NV,1,0.9640833735466003,1
ISIC_0028563,NV,1,0.9640845656394958,NV,1,0.9640845656394958,1
ISIC_0025171,NV,1,0.9640877842903137,NV,1,0.9640877842903137,1
ISIC_0029240,NV,1,0.9640918970108032,NV,1,0.9640918970108032,1
ISIC_0029970,NV,1,0.9641202688217163,NV,1,0.9641202688217163,1
ISIC_0024780,NV,1,0.9641300439834595,NV,1,0.9641300439834595,1
ISIC_0026236,MEL,0,0.9641616940498352,MEL,0,0.9641616940498352,1
ISIC_0031538,NV,1,0.9641627073287964,NV,1,0.9641627073287964,1
ISIC_0027980,NV,1,0.9641628265380859,NV,1,0.9641628265380859,1
ISIC_0033875,NV,1,0.9641815423965454,NV,1,0.9641815423965454,1
ISIC_0032404,AKIEC,3,0.964205801486969,AKIEC,3,0.964205801486969,1
ISIC_0032605,NV,1,0.9642158150672913,NV,1,0.9642158150672913,1
ISIC_0027215,NV,1,0.964218020439148,NV,1,0.964218020439148,1
ISIC_0030946,NV,1,0.9642338752746582,NV,1,0.9642338752746582,1
ISIC_0024607,NV,1,0.9642345309257507,NV,1,0.9642345309257507,1
ISIC_0025289,NV,1,0.9642364382743835,NV,1,0.9642364382743835,1
ISIC_0026363,NV,1,0.9642364382743835,NV,1,0.9642364382743835,1
ISIC_0030198,NV,1,0.9642532467842102,NV,1,0.9642532467842102,1
ISIC_0024812,NV,1,0.9642748832702637,NV,1,0.9642748832702637,1
ISIC_0025011,NV,1,0.9642789959907532,NV,1,0.9642789959907532,1
ISIC_0028522,NV,1,0.9642823934555054,NV,1,0.9642823934555054,1
ISIC_0032142,NV,1,0.9642865061759949,NV,1,0.9642865061759949,1
ISIC_0027921,NV,1,0.9642876386642456,NV,1,0.9642876386642456,1
ISIC_0029236,NV,1,0.9643082618713379,NV,1,0.9643082618713379,1
ISIC_0024950,NV,1,0.9643084406852722,NV,1,0.9643084406852722,1
ISIC_0029670,NV,1,0.964333176612854,NV,1,0.964333176612854,1
ISIC_0026476,NV,1,0.9643363952636719,NV,1,0.9643363952636719,1
ISIC_0029154,NV,1,0.9643375277519226,NV,1,0.9643375277519226,1
ISIC_0025057,NV,1,0.9643532633781433,NV,1,0.9643532633781433,1
ISIC_0030913,NV,1,0.9643553495407104,NV,1,0.9643553495407104,1
ISIC_0033632,NV,1,0.9643593430519104,NV,1,0.9643593430519104,1
ISIC_0024694,NV,1,0.9643656611442566,NV,1,0.9643656611442566,1
ISIC_0026062,NV,1,0.9643658995628357,NV,1,0.9643658995628357,1
ISIC_0027837,NV,1,0.964369535446167,NV,1,0.964369535446167,1
ISIC_0029997,NV,1,0.9643710851669312,NV,1,0.9643710851669312,1
ISIC_0026965,NV,1,0.9643725156784058,NV,1,0.9643725156784058,1
ISIC_0028950,NV,1,0.9643800854682922,NV,1,0.9643800854682922,1
ISIC_0026289,NV,1,0.9643853902816772,NV,1,0.9643853902816772,1
ISIC_0027692,NV,1,0.9643924832344055,NV,1,0.9643924832344055,1
ISIC_0031224,NV,1,0.9644116759300232,NV,1,0.9644116759300232,1
ISIC_0031610,NV,1,0.9644168019294739,NV,1,0.9644168019294739,1
ISIC_0026308,NV,1,0.9644294381141663,NV,1,0.9644294381141663,1
ISIC_0032428,NV,1,0.9644342660903931,NV,1,0.9644342660903931,1
ISIC_0033601,BKL,4,0.9644455909729004,BKL,4,0.9644455909729004,1
ISIC_0027666,NV,1,0.9644511342048645,NV,1,0.9644511342048645,1
ISIC_0026991,NV,1,0.9644745588302612,NV,1,0.9644745588302612,1
ISIC_0027342,NV,1,0.9644756317138672,NV,1,0.9644756317138672,1
ISIC_0025356,NV,1,0.9644784331321716,NV,1,0.9644784331321716,1
ISIC_0028786,NV,1,0.9644849896430969,NV,1,0.9644849896430969,1
ISIC_0028093,NV,1,0.9644855260848999,NV,1,0.9644855260848999,1
ISIC_0029508,NV,1,0.9644888639450073,NV,1,0.9644888639450073,1
ISIC_0028283,BCC,2,0.9645072817802429,BCC,2,0.9645072817802429,1
ISIC_0032193,NV,1,0.964508056640625,NV,1,0.964508056640625,1
ISIC_0028643,NV,1,0.9645101428031921,NV,1,0.9645101428031921,1
ISIC_0027123,NV,1,0.9645212292671204,NV,1,0.9645212292671204,1
ISIC_0032715,VASC,6,0.9645230174064636,VASC,6,0.9645230174064636,1
ISIC_0027543,NV,1,0.9645248055458069,NV,1,0.9645248055458069,1
ISIC_0026987,NV,1,0.964530885219574,NV,1,0.964530885219574,1
ISIC_0032334,NV,1,0.9645366668701172,NV,1,0.9645366668701172,1
ISIC_0027243,NV,1,0.9645456075668335,NV,1,0.9645456075668335,1
ISIC_0028318,NV,1,0.9645506143569946,NV,1,0.9645506143569946,1
ISIC_0025561,NV,1,0.9645559191703796,NV,1,0.9645559191703796,1
ISIC_0026368,NV,1,0.9645815491676331,NV,1,0.9645815491676331,1
ISIC_0027586,NV,1,0.9645966291427612,NV,1,0.9645966291427612,1
ISIC_0027399,NV,1,0.9645981788635254,NV,1,0.9645981788635254,1
ISIC_0028296,NV,1,0.9646013975143433,NV,1,0.9646013975143433,1
ISIC_0028971,NV,1,0.9646016359329224,NV,1,0.9646016359329224,1
ISIC_0025856,BKL,4,0.9646064043045044,BKL,4,0.9646064043045044,1
ISIC_0031471,NV,1,0.9646297097206116,NV,1,0.9646297097206116,1
ISIC_0026920,NV,1,0.964634120464325,NV,1,0.964634120464325,1
ISIC_0030648,NV,1,0.964641809463501,NV,1,0.964641809463501,1
ISIC_0027428,BKL,4,0.9646542072296143,BKL,4,0.9646542072296143,1
ISIC_0026432,NV,1,0.9646634459495544,NV,1,0.9646634459495544,1
ISIC_0025774,NV,1,0.964678168296814,NV,1,0.964678168296814,1
ISIC_0030424,NV,1,0.9646879434585571,NV,1,0.9646879434585571,1
ISIC_0025509,BCC,2,0.9646899104118347,BCC,2,0.9646899104118347,1
ISIC_0024944,NV,1,0.9646918177604675,NV,1,0.9646918177604675,1
ISIC_0027999,NV,1,0.9647005796432495,NV,1,0.9647005796432495,1
ISIC_0031809,NV,1,0.9647022485733032,NV,1,0.9647022485733032,1
ISIC_0026731,NV,1,0.964723527431488,NV,1,0.964723527431488,1
ISIC_0030350,NV,1,0.9647240042686462,NV,1,0.9647240042686462,1
ISIC_0026436,NV,1,0.9647271037101746,NV,1,0.9647271037101746,1
ISIC_0025764,NV,1,0.9647429585456848,NV,1,0.9647429585456848,1
ISIC_0025255,NV,1,0.9647572636604309,NV,1,0.9647572636604309,1
ISIC_0025602,NV,1,0.9647587537765503,NV,1,0.9647587537765503,1
ISIC_0025423,NV,1,0.9647608399391174,NV,1,0.9647608399391174,1
ISIC_0030831,NV,1,0.9647638201713562,NV,1,0.9647638201713562,1
ISIC_0026299,NV,1,0.9647680521011353,NV,1,0.9647680521011353,1
ISIC_0026659,NV,1,0.9647855758666992,NV,1,0.9647855758666992,1
ISIC_0030799,NV,1,0.9647918939590454,NV,1,0.9647918939590454,1
ISIC_0030928,NV,1,0.9647985696792603,NV,1,0.9647985696792603,1
ISIC_0032659,NV,1,0.9647992253303528,NV,1,0.9647992253303528,1
ISIC_0030708,NV,1,0.9648019075393677,NV,1,0.9648019075393677,1
ISIC_0033698,NV,1,0.9648117423057556,NV,1,0.9648117423057556,1
ISIC_0030624,NV,1,0.964813232421875,NV,1,0.964813232421875,1
ISIC_0032034,NV,1,0.9648181796073914,NV,1,0.9648181796073914,1
ISIC_0028868,NV,1,0.9648237228393555,NV,1,0.9648237228393555,1
ISIC_0030311,NV,1,0.9648252129554749,NV,1,0.9648252129554749,1
ISIC_0026361,NV,1,0.9648367166519165,NV,1,0.9648367166519165,1
ISIC_0030215,NV,1,0.964857280254364,NV,1,0.964857280254364,1
ISIC_0032843,BKL,4,0.9648681282997131,BKL,4,0.9648681282997131,1
ISIC_0029503,NV,1,0.9648711085319519,NV,1,0.9648711085319519,1
ISIC_0030012,NV,1,0.9648895859718323,NV,1,0.9648895859718323,1
ISIC_0029806,NV,1,0.9649052023887634,NV,1,0.9649052023887634,1
ISIC_0024769,NV,1,0.9649081230163574,NV,1,0.9649081230163574,1
ISIC_0025146,NV,1,0.9649108648300171,NV,1,0.9649108648300171,1
ISIC_0031714,NV,1,0.9649137854576111,NV,1,0.9649137854576111,1
ISIC_0030930,NV,1,0.9649360775947571,NV,1,0.9649360775947571,1
ISIC_0026143,NV,1,0.964948832988739,NV,1,0.964948832988739,1
ISIC_0027824,NV,1,0.964949369430542,NV,1,0.964949369430542,1
ISIC_0026671,NV,1,0.964966356754303,NV,1,0.964966356754303,1
ISIC_0030851,NV,1,0.9649690389633179,NV,1,0.9649690389633179,1
ISIC_0025393,NV,1,0.9649725556373596,NV,1,0.9649725556373596,1
ISIC_0032413,NV,1,0.9649791121482849,NV,1,0.9649791121482849,1
ISIC_0030499,NV,1,0.9649938941001892,NV,1,0.9649938941001892,1
ISIC_0025473,NV,1,0.9649959802627563,NV,1,0.9649959802627563,1
ISIC_0029321,NV,1,0.9649996757507324,NV,1,0.9649996757507324,1
ISIC_0024477,BKL,4,0.9650028944015503,BKL,4,0.9650028944015503,1
ISIC_0028452,NV,1,0.9650064706802368,NV,1,0.9650064706802368,1
ISIC_0033551,BCC,2,0.9650088548660278,BCC,2,0.9650088548660278,1
ISIC_0028379,NV,1,0.9650185704231262,NV,1,0.9650185704231262,1
ISIC_0026733,NV,1,0.9650275111198425,NV,1,0.9650275111198425,1
ISIC_0026397,NV,1,0.965034544467926,NV,1,0.965034544467926,1
ISIC_0025746,BKL,4,0.965038537979126,BKL,4,0.965038537979126,1
ISIC_0024326,NV,1,0.9650388360023499,NV,1,0.9650388360023499,1
ISIC_0032157,NV,1,0.9650457501411438,NV,1,0.9650457501411438,1
ISIC_0033471,NV,1,0.9650516510009766,NV,1,0.9650516510009766,1
ISIC_0026503,NV,1,0.965052604675293,NV,1,0.965052604675293,1
ISIC_0033339,NV,1,0.9650582671165466,NV,1,0.9650582671165466,1
ISIC_0025306,NV,1,0.9650830626487732,NV,1,0.9650830626487732,1
ISIC_0026822,NV,1,0.9650850296020508,NV,1,0.9650850296020508,1
ISIC_0028462,NV,1,0.9650899171829224,NV,1,0.9650899171829224,1
ISIC_0027075,NV,1,0.9650905728340149,NV,1,0.9650905728340149,1
ISIC_0026306,NV,1,0.9650931358337402,NV,1,0.9650931358337402,1
ISIC_0024502,NV,1,0.9650999307632446,NV,1,0.9650999307632446,1
ISIC_0027449,NV,1,0.9651035666465759,NV,1,0.9651035666465759,1
ISIC_0033049,NV,1,0.9651054739952087,NV,1,0.9651054739952087,1
ISIC_0027713,BKL,4,0.9651159048080444,BKL,4,0.9651159048080444,1
ISIC_0026578,NV,1,0.9651252627372742,NV,1,0.9651252627372742,1
ISIC_0026440,NV,1,0.9651299118995667,NV,1,0.9651299118995667,1
ISIC_0034174,NV,1,0.9651362299919128,NV,1,0.9651362299919128,1
ISIC_0029535,NV,1,0.965141236782074,NV,1,0.965141236782074,1
ISIC_0032212,NV,1,0.9651435613632202,NV,1,0.9651435613632202,1
ISIC_0031169,BCC,2,0.9651604294776917,BCC,2,0.9651604294776917,1
ISIC_0033941,NV,1,0.9651743173599243,NV,1,0.9651743173599243,1
ISIC_0029011,NV,1,0.9651777744293213,NV,1,0.9651777744293213,1
ISIC_0030752,NV,1,0.9651825428009033,NV,1,0.9651825428009033,1
ISIC_0031230,NV,1,0.9651840925216675,NV,1,0.9651840925216675,1
ISIC_0026199,NV,1,0.9652165174484253,NV,1,0.9652165174484253,1
ISIC_0029304,NV,1,0.9652211666107178,NV,1,0.9652211666107178,1
ISIC_0024908,NV,1,0.9652279615402222,NV,1,0.9652279615402222,1
ISIC_0025608,NV,1,0.9652422666549683,NV,1,0.9652422666549683,1
ISIC_0025556,NV,1,0.9652446508407593,NV,1,0.9652446508407593,1
ISIC_0026380,NV,1,0.965246856212616,NV,1,0.965246856212616,1
ISIC_0033880,NV,1,0.9652557373046875,NV,1,0.9652557373046875,1
ISIC_0027848,NV,1,0.9652613997459412,NV,1,0.9652613997459412,1
ISIC_0025175,NV,1,0.9652616381645203,NV,1,0.9652616381645203,1
ISIC_0031053,NV,1,0.9652625322341919,NV,1,0.9652625322341919,1
ISIC_0027971,NV,1,0.9652656316757202,NV,1,0.9652656316757202,1
ISIC_0024691,NV,1,0.9652734994888306,NV,1,0.9652734994888306,1
ISIC_0028949,NV,1,0.9652763605117798,NV,1,0.9652763605117798,1
ISIC_0026217,NV,1,0.9652844071388245,NV,1,0.9652844071388245,1
ISIC_0027923,NV,1,0.965290367603302,NV,1,0.965290367603302,1
ISIC_0026228,NV,1,0.9652992486953735,NV,1,0.9652992486953735,1
ISIC_0028054,NV,1,0.9653146266937256,NV,1,0.9653146266937256,1
ISIC_0026609,NV,1,0.9653317928314209,NV,1,0.9653317928314209,1
ISIC_0031030,NV,1,0.9653356075286865,NV,1,0.9653356075286865,1
ISIC_0025652,NV,1,0.9653358459472656,NV,1,0.9653358459472656,1
ISIC_0033998,NV,1,0.9653475880622864,NV,1,0.9653475880622864,1
ISIC_0028320,NV,1,0.9653584957122803,NV,1,0.9653584957122803,1
ISIC_0032590,NV,1,0.9653747081756592,NV,1,0.9653747081756592,1
ISIC_0024808,NV,1,0.9653818011283875,NV,1,0.9653818011283875,1
ISIC_0032483,NV,1,0.965390145778656,NV,1,0.965390145778656,1
ISIC_0030368,NV,1,0.9653903841972351,NV,1,0.9653903841972351,1
ISIC_0027011,NV,1,0.9654450416564941,NV,1,0.9654450416564941,1
ISIC_0032229,NV,1,0.9654492735862732,NV,1,0.9654492735862732,1
ISIC_0026264,NV,1,0.965453565120697,NV,1,0.965453565120697,1
ISIC_0025919,NV,1,0.9654571413993835,NV,1,0.9654571413993835,1
ISIC_0029955,NV,1,0.9654716849327087,NV,1,0.9654716849327087,1
ISIC_0031849,NV,1,0.965477466583252,NV,1,0.965477466583252,1
ISIC_0032794,NV,1,0.9654775857925415,NV,1,0.9654775857925415,1
ISIC_0024407,NV,1,0.9654799103736877,NV,1,0.9654799103736877,1
ISIC_0028074,NV,1,0.9654911160469055,NV,1,0.9654911160469055,1
ISIC_0025582,NV,1,0.9654988050460815,NV,1,0.9654988050460815,1
ISIC_0033969,VASC,6,0.9655025005340576,VASC,6,0.9655025005340576,1
ISIC_0027189,BCC,2,0.9655107855796814,BCC,2,0.9655107855796814,1
ISIC_0024589,NV,1,0.9655135869979858,NV,1,0.9655135869979858,1
ISIC_0031687,NV,1,0.9655184745788574,NV,1,0.9655184745788574,1
ISIC_0034149,NV,1,0.9655192494392395,NV,1,0.9655192494392395,1
ISIC_0033602,NV,1,0.9655409455299377,NV,1,0.9655409455299377,1
ISIC_0031472,NV,1,0.9655501246452332,NV,1,0.9655501246452332,1
ISIC_0027972,NV,1,0.9655517339706421,NV,1,0.9655517339706421,1
ISIC_0030317,NV,1,0.9655624628067017,NV,1,0.9655624628067017,1
ISIC_0033732,BKL,4,0.9655651450157166,BKL,4,0.9655651450157166,1
ISIC_0031531,BCC,2,0.9655651450157166,BCC,2,0.9655651450157166,1
ISIC_0029800,NV,1,0.965571403503418,NV,1,0.965571403503418,1
ISIC_0025166,NV,1,0.9655747413635254,NV,1,0.9655747413635254,1
ISIC_0030722,VASC,6,0.9655860662460327,VASC,6,0.9655860662460327,1
ISIC_0026067,NV,1,0.9655872583389282,NV,1,0.9655872583389282,1
ISIC_0033177,NV,1,0.9655909538269043,NV,1,0.9655909538269043,1
ISIC_0032060,NV,1,0.9655941724777222,NV,1,0.9655941724777222,1
ISIC_0026900,NV,1,0.9655949473381042,NV,1,0.9655949473381042,1
ISIC_0024745,NV,1,0.9656023979187012,NV,1,0.9656023979187012,1
ISIC_0029936,NV,1,0.9656107425689697,NV,1,0.9656107425689697,1
ISIC_0025949,NV,1,0.9656156301498413,NV,1,0.9656156301498413,1
ISIC_0024620,NV,1,0.9656238555908203,NV,1,0.9656238555908203,1
ISIC_0025072,NV,1,0.9656242728233337,NV,1,0.9656242728233337,1
ISIC_0028046,NV,1,0.9656293988227844,NV,1,0.9656293988227844,1
ISIC_0029325,NV,1,0.9656338691711426,NV,1,0.9656338691711426,1
ISIC_0031807,NV,1,0.9656369686126709,NV,1,0.9656369686126709,1
ISIC_0026318,NV,1,0.965650200843811,NV,1,0.965650200843811,1
ISIC_0032250,NV,1,0.9656519889831543,NV,1,0.9656519889831543,1
ISIC_0026533,NV,1,0.9656529426574707,NV,1,0.9656529426574707,1
ISIC_0032297,NV,1,0.965657651424408,NV,1,0.965657651424408,1
ISIC_0027514,NV,1,0.9656721949577332,NV,1,0.9656721949577332,1
ISIC_0031367,NV,1,0.9656736254692078,NV,1,0.9656736254692078,1
ISIC_0026597,NV,1,0.9656814336776733,NV,1,0.9656814336776733,1
ISIC_0032803,NV,1,0.965686559677124,NV,1,0.965686559677124,1
ISIC_0027235,NV,1,0.9656897783279419,NV,1,0.9656897783279419,1
ISIC_0031935,NV,1,0.9656915664672852,NV,1,0.9656915664672852,1
ISIC_0028891,NV,1,0.9657019972801208,NV,1,0.9657019972801208,1
ISIC_0027108,NV,1,0.9657134413719177,NV,1,0.9657134413719177,1
ISIC_0031080,NV,1,0.9657237529754639,NV,1,0.9657237529754639,1
ISIC_0027792,NV,1,0.9657243490219116,NV,1,0.9657243490219116,1
ISIC_0030186,NV,1,0.9657279849052429,NV,1,0.9657279849052429,1
ISIC_0027413,NV,1,0.9657289981842041,NV,1,0.9657289981842041,1
ISIC_0024735,NV,1,0.9657324552536011,NV,1,0.9657324552536011,1
ISIC_0030994,NV,1,0.9657392501831055,NV,1,0.9657392501831055,1
ISIC_0027885,NV,1,0.9657474756240845,NV,1,0.9657474756240845,1
ISIC_0029330,NV,1,0.9657622575759888,NV,1,0.9657622575759888,1
ISIC_0024320,NV,1,0.9657899141311646,NV,1,0.9657899141311646,1
ISIC_0029768,NV,1,0.9658033847808838,NV,1,0.9658033847808838,1
ISIC_0026960,NV,1,0.9658095240592957,NV,1,0.9658095240592957,1
ISIC_0033988,NV,1,0.9658113718032837,NV,1,0.9658113718032837,1
ISIC_0032407,NV,1,0.9658239483833313,NV,1,0.9658239483833313,1
ISIC_0027966,BCC,2,0.9658241868019104,BCC,2,0.9658241868019104,1
ISIC_0031375,NV,1,0.9658274054527283,NV,1,0.9658274054527283,1
ISIC_0028222,NV,1,0.9658274054527283,NV,1,0.9658274054527283,1
ISIC_0031307,NV,1,0.965844452381134,NV,1,0.965844452381134,1
ISIC_0027765,NV,1,0.965850293636322,NV,1,0.965850293636322,1
ISIC_0033303,NV,1,0.9658554196357727,NV,1,0.9658554196357727,1
ISIC_0027380,NV,1,0.9658560156822205,NV,1,0.9658560156822205,1
ISIC_0025785,NV,1,0.9658561944961548,NV,1,0.9658561944961548,1
ISIC_0032477,NV,1,0.9658712148666382,NV,1,0.9658712148666382,1
ISIC_0032938,MEL,0,0.9658786654472351,MEL,0,0.9658786654472351,1
ISIC_0032710,NV,1,0.9658817052841187,NV,1,0.9658817052841187,1
ISIC_0026899,NV,1,0.9658911228179932,NV,1,0.9658911228179932,1
ISIC_0028765,BCC,2,0.965901792049408,BCC,2,0.965901792049408,1
ISIC_0025976,NV,1,0.9659020304679871,NV,1,0.9659020304679871,1
ISIC_0030197,BCC,2,0.9659051299095154,BCC,2,0.9659051299095154,1
ISIC_0024414,NV,1,0.9659131765365601,NV,1,0.9659131765365601,1
ISIC_0031252,NV,1,0.9659161567687988,NV,1,0.9659161567687988,1
ISIC_0030199,NV,1,0.9659193754196167,NV,1,0.9659193754196167,1
ISIC_0027460,NV,1,0.9659267067909241,NV,1,0.9659267067909241,1
ISIC_0025646,NV,1,0.9659345149993896,NV,1,0.9659345149993896,1
ISIC_0031315,NV,1,0.9659350514411926,NV,1,0.9659350514411926,1
ISIC_0029510,NV,1,0.9659359455108643,NV,1,0.9659359455108643,1
ISIC_0026504,NV,1,0.965961754322052,NV,1,0.965961754322052,1
ISIC_0025211,NV,1,0.965962290763855,NV,1,0.965962290763855,1
ISIC_0029708,NV,1,0.9659671187400818,NV,1,0.9659671187400818,1
ISIC_0027894,NV,1,0.9659683108329773,NV,1,0.9659683108329773,1
ISIC_0028351,NV,1,0.9659724235534668,NV,1,0.9659724235534668,1
ISIC_0029550,NV,1,0.9659795761108398,NV,1,0.9659795761108398,1
ISIC_0029969,NV,1,0.9659830331802368,NV,1,0.9659830331802368,1
ISIC_0027128,NV,1,0.9659838676452637,NV,1,0.9659838676452637,1
ISIC_0032465,NV,1,0.9659870266914368,NV,1,0.9659870266914368,1
ISIC_0029698,MEL,0,0.965989887714386,MEL,0,0.965989887714386,1
ISIC_0032381,NV,1,0.966001570224762,NV,1,0.966001570224762,1
ISIC_0031628,NV,1,0.9660033583641052,NV,1,0.9660033583641052,1
ISIC_0032651,NV,1,0.9660142660140991,NV,1,0.9660142660140991,1
ISIC_0025010,NV,1,0.9660243988037109,NV,1,0.9660243988037109,1
ISIC_0027013,NV,1,0.9660295248031616,NV,1,0.9660295248031616,1
ISIC_0031416,NV,1,0.966033935546875,NV,1,0.966033935546875,1
ISIC_0030048,NV,1,0.9660350680351257,NV,1,0.9660350680351257,1
ISIC_0028288,MEL,0,0.9660354256629944,MEL,0,0.9660354256629944,1
ISIC_0030518,NV,1,0.9660392999649048,NV,1,0.9660392999649048,1
ISIC_0024628,NV,1,0.9660426378250122,NV,1,0.9660426378250122,1
ISIC_0031793,NV,1,0.9660432934761047,NV,1,0.9660432934761047,1
ISIC_0031930,NV,1,0.9660512208938599,NV,1,0.9660512208938599,1
ISIC_0034121,NV,1,0.9660512208938599,NV,1,0.9660512208938599,1
ISIC_0032118,NV,1,0.9660621881484985,NV,1,0.9660621881484985,1
ISIC_0031608,NV,1,0.9660625457763672,NV,1,0.9660625457763672,1
ISIC_0026042,BKL,4,0.9660851359367371,BKL,4,0.9660851359367371,1
ISIC_0027457,NV,1,0.9660887122154236,NV,1,0.9660887122154236,1
ISIC_0025971,BCC,2,0.966093122959137,BCC,2,0.966093122959137,1
ISIC_0030448,NV,1,0.9660946130752563,NV,1,0.9660946130752563,1
ISIC_0024976,NV,1,0.9661018252372742,NV,1,0.9661018252372742,1
ISIC_0032388,NV,1,0.9661076068878174,NV,1,0.9661076068878174,1
ISIC_0027787,NV,1,0.9661110639572144,NV,1,0.9661110639572144,1
ISIC_0028589,NV,1,0.9661146998405457,NV,1,0.9661146998405457,1
ISIC_0029138,NV,1,0.9661220908164978,NV,1,0.9661220908164978,1
ISIC_0026681,NV,1,0.9661223888397217,NV,1,0.9661223888397217,1
ISIC_0032134,MEL,0,0.966127872467041,MEL,0,0.966127872467041,1
ISIC_0027426,NV,1,0.9661340713500977,NV,1,0.9661340713500977,1
ISIC_0029361,NV,1,0.9661354422569275,NV,1,0.9661354422569275,1
ISIC_0034232,NV,1,0.9661411046981812,NV,1,0.9661411046981812,1
ISIC_0027961,NV,1,0.9661493301391602,NV,1,0.9661493301391602,1
ISIC_0031324,NV,1,0.966152012348175,NV,1,0.966152012348175,1
ISIC_0027521,NV,1,0.9661548733711243,NV,1,0.9661548733711243,1
ISIC_0030745,NV,1,0.9661558866500854,NV,1,0.9661558866500854,1
ISIC_0025850,NV,1,0.9661563634872437,NV,1,0.9661563634872437,1
ISIC_0027887,NV,1,0.9661585688591003,NV,1,0.9661585688591003,1
ISIC_0032714,NV,1,0.9661597013473511,NV,1,0.9661597013473511,1
ISIC_0025682,NV,1,0.9661722779273987,NV,1,0.9661722779273987,1
ISIC_0024637,NV,1,0.9661765694618225,NV,1,0.9661765694618225,1
ISIC_0026342,NV,1,0.9661871790885925,NV,1,0.9661871790885925,1
ISIC_0029581,NV,1,0.9661920666694641,NV,1,0.9661920666694641,1
ISIC_0025048,NV,1,0.9662020802497864,NV,1,0.9662020802497864,1
ISIC_0029391,BCC,2,0.9662123322486877,BCC,2,0.9662123322486877,1
ISIC_0028648,NV,1,0.966214120388031,NV,1,0.966214120388031,1
ISIC_0028240,NV,1,0.9662142395973206,NV,1,0.9662142395973206,1
ISIC_0031782,NV,1,0.9662190079689026,NV,1,0.9662190079689026,1
ISIC_0029458,NV,1,0.9662261009216309,NV,1,0.9662261009216309,1
ISIC_0027456,NV,1,0.9662400484085083,NV,1,0.9662400484085083,1
ISIC_0027618,NV,1,0.9662518501281738,NV,1,0.9662518501281738,1
ISIC_0025177,NV,1,0.9662627577781677,NV,1,0.9662627577781677,1
ISIC_0025253,NV,1,0.9662644267082214,NV,1,0.9662644267082214,1
ISIC_0025644,BCC,2,0.9662687182426453,BCC,2,0.9662687182426453,1
ISIC_0025889,NV,1,0.9662691950798035,NV,1,0.9662691950798035,1
ISIC_0026767,NV,1,0.9662722945213318,NV,1,0.9662722945213318,1
ISIC_0027241,NV,1,0.9662801027297974,NV,1,0.9662801027297974,1
ISIC_0033062,NV,1,0.9662812352180481,NV,1,0.9662812352180481,1
ISIC_0027366,NV,1,0.9662993550300598,NV,1,0.9662993550300598,1
ISIC_0026463,NV,1,0.9663150310516357,NV,1,0.9663150310516357,1
ISIC_0032150,NV,1,0.9663199186325073,NV,1,0.9663199186325073,1
ISIC_0028667,NV,1,0.9663335084915161,NV,1,0.9663335084915161,1
ISIC_0031115,NV,1,0.9663401246070862,NV,1,0.9663401246070862,1
ISIC_0031658,NV,1,0.9663403034210205,NV,1,0.9663403034210205,1
ISIC_0032373,BKL,4,0.9663405418395996,BKL,4,0.9663405418395996,1
ISIC_0026773,NV,1,0.9663423299789429,NV,1,0.9663423299789429,1
ISIC_0030497,NV,1,0.9663479924201965,NV,1,0.9663479924201965,1
ISIC_0031446,NV,1,0.9663495421409607,NV,1,0.9663495421409607,1
ISIC_0032482,BCC,2,0.96639084815979,BCC,2,0.96639084815979,1
ISIC_0028424,NV,1,0.9664120078086853,NV,1,0.9664120078086853,1
ISIC_0024928,NV,1,0.9664227962493896,NV,1,0.9664227962493896,1
ISIC_0033159,NV,1,0.9664301872253418,NV,1,0.9664301872253418,1
ISIC_0031456,NV,1,0.9664313793182373,NV,1,0.9664313793182373,1
ISIC_0026667,NV,1,0.966435968875885,NV,1,0.966435968875885,1
ISIC_0027301,NV,1,0.9664373993873596,NV,1,0.9664373993873596,1
ISIC_0030166,NV,1,0.9664470553398132,NV,1,0.9664470553398132,1
ISIC_0025167,NV,1,0.9664517641067505,NV,1,0.9664517641067505,1
ISIC_0030104,VASC,6,0.9664599895477295,VASC,6,0.9664599895477295,1
ISIC_0024744,NV,1,0.9664649963378906,NV,1,0.9664649963378906,1
ISIC_0032073,NV,1,0.9664726853370667,NV,1,0.9664726853370667,1
ISIC_0027976,BCC,2,0.9664770364761353,BCC,2,0.9664770364761353,1
ISIC_0026940,BCC,2,0.9664812684059143,BCC,2,0.9664812684059143,1
ISIC_0025359,NV,1,0.9664815068244934,NV,1,0.9664815068244934,1
ISIC_0032383,NV,1,0.9664939641952515,NV,1,0.9664939641952515,1
ISIC_0025348,NV,1,0.9665018916130066,NV,1,0.9665018916130066,1
ISIC_0025607,NV,1,0.9665470719337463,NV,1,0.9665470719337463,1
ISIC_0026381,NV,1,0.966547429561615,NV,1,0.966547429561615,1
ISIC_0029996,NV,1,0.9665542244911194,NV,1,0.9665542244911194,1
ISIC_0026155,NV,1,0.9665575623512268,NV,1,0.9665575623512268,1
ISIC_0032144,NV,1,0.9665588736534119,NV,1,0.9665588736534119,1
ISIC_0026415,NV,1,0.966559648513794,NV,1,0.966559648513794,1
ISIC_0028726,NV,1,0.9665639996528625,NV,1,0.9665639996528625,1
ISIC_0028138,NV,1,0.9665641188621521,NV,1,0.9665641188621521,1
ISIC_0025290,NV,1,0.9665645956993103,NV,1,0.9665645956993103,1
ISIC_0024492,NV,1,0.9665789604187012,NV,1,0.9665789604187012,1
ISIC_0030787,NV,1,0.9665845036506653,NV,1,0.9665845036506653,1
ISIC_0028620,NV,1,0.966585636138916,NV,1,0.966585636138916,1
ISIC_0027718,NV,1,0.9665880799293518,NV,1,0.9665880799293518,1
ISIC_0030013,NV,1,0.966590404510498,NV,1,0.966590404510498,1
ISIC_0030342,NV,1,0.9665915369987488,NV,1,0.9665915369987488,1
ISIC_0027024,NV,1,0.9665928483009338,NV,1,0.9665928483009338,1
ISIC_0032703,NV,1,0.9665936231613159,NV,1,0.9665936231613159,1
ISIC_0033581,BKL,4,0.966593861579895,BKL,4,0.966593861579895,1
ISIC_0030595,NV,1,0.9666091203689575,NV,1,0.9666091203689575,1
ISIC_0026724,NV,1,0.9666220545768738,NV,1,0.9666220545768738,1
ISIC_0028734,NV,1,0.9666223526000977,NV,1,0.9666223526000977,1
ISIC_0028576,NV,1,0.9666352868080139,NV,1,0.9666352868080139,1
ISIC_0028339,NV,1,0.9666374325752258,NV,1,0.9666374325752258,1
ISIC_0032183,NV,1,0.9666574597358704,NV,1,0.9666574597358704,1
ISIC_0027106,NV,1,0.966670036315918,NV,1,0.966670036315918,1
ISIC_0025403,NV,1,0.9666739702224731,NV,1,0.9666739702224731,1
ISIC_0034319,NV,1,0.9666755199432373,NV,1,0.9666755199432373,1
ISIC_0030286,NV,1,0.966681718826294,NV,1,0.966681718826294,1
ISIC_0024895,NV,1,0.9666837453842163,NV,1,0.9666837453842163,1
ISIC_0027503,NV,1,0.9667049050331116,NV,1,0.9667049050331116,1
ISIC_0029377,NV,1,0.9667204022407532,NV,1,0.9667204022407532,1
ISIC_0026529,NV,1,0.9667237401008606,NV,1,0.9667237401008606,1
ISIC_0030631,NV,1,0.9667292833328247,NV,1,0.9667292833328247,1
ISIC_0031521,NV,1,0.9667324423789978,NV,1,0.9667324423789978,1
ISIC_0030792,NV,1,0.9667540192604065,NV,1,0.9667540192604065,1
ISIC_0030965,BKL,4,0.9667707681655884,BKL,4,0.9667707681655884,1
ISIC_0028695,NV,1,0.966772735118866,NV,1,0.966772735118866,1
ISIC_0032542,NV,1,0.9667772054672241,NV,1,0.9667772054672241,1
ISIC_0028152,NV,1,0.9667784571647644,NV,1,0.9667784571647644,1
ISIC_0025538,NV,1,0.9667812585830688,NV,1,0.9667812585830688,1
ISIC_0029229,NV,1,0.9667876958847046,NV,1,0.9667876958847046,1
ISIC_0025320,NV,1,0.9667937159538269,NV,1,0.9667937159538269,1
ISIC_0028315,NV,1,0.966806948184967,NV,1,0.966806948184967,1
ISIC_0032301,NV,1,0.9668115377426147,NV,1,0.9668115377426147,1
ISIC_0030331,NV,1,0.9668128490447998,NV,1,0.9668128490447998,1
ISIC_0028538,NV,1,0.9668285846710205,NV,1,0.9668285846710205,1
ISIC_0032475,NV,1,0.9668332934379578,NV,1,0.9668332934379578,1
ISIC_0027539,NV,1,0.9668495655059814,NV,1,0.9668495655059814,1
ISIC_0024807,NV,1,0.9668530821800232,NV,1,0.9668530821800232,1
ISIC_0028535,NV,1,0.9668577909469604,NV,1,0.9668577909469604,1
ISIC_0029961,NV,1,0.9668603539466858,NV,1,0.9668603539466858,1
ISIC_0025655,NV,1,0.9668662548065186,NV,1,0.9668662548065186,1
ISIC_0030531,NV,1,0.9668906331062317,NV,1,0.9668906331062317,1
ISIC_0028743,NV,1,0.9668954610824585,NV,1,0.9668954610824585,1
ISIC_0033020,BCC,2,0.966895580291748,BCC,2,0.966895580291748,1
ISIC_0025917,NV,1,0.9669004678726196,NV,1,0.9669004678726196,1
ISIC_0032735,NV,1,0.9669032692909241,NV,1,0.9669032692909241,1
ISIC_0028444,NV,1,0.9669075012207031,NV,1,0.9669075012207031,1
ISIC_0028268,NV,1,0.9669140577316284,NV,1,0.9669140577316284,1
ISIC_0028653,BCC,2,0.9669166207313538,BCC,2,0.9669166207313538,1
ISIC_0026983,NV,1,0.9669175148010254,NV,1,0.9669175148010254,1
ISIC_0031772,NV,1,0.9669264554977417,NV,1,0.9669264554977417,1
ISIC_0031724,NV,1,0.9669382572174072,NV,1,0.9669382572174072,1
ISIC_0031998,NV,1,0.9669413566589355,NV,1,0.9669413566589355,1
ISIC_0027773,NV,1,0.9669423699378967,NV,1,0.9669423699378967,1
ISIC_0027158,NV,1,0.9669480323791504,NV,1,0.9669480323791504,1
ISIC_0032709,MEL,0,0.9669486284255981,MEL,0,0.9669486284255981,1
ISIC_0026287,NV,1,0.9669488668441772,NV,1,0.9669488668441772,1
ISIC_0030934,NV,1,0.9669597744941711,NV,1,0.9669597744941711,1
ISIC_0030210,NV,1,0.9669722318649292,NV,1,0.9669722318649292,1
ISIC_0025384,NV,1,0.9669763445854187,NV,1,0.9669763445854187,1
ISIC_0029992,NV,1,0.966993510723114,NV,1,0.966993510723114,1
ISIC_0030657,NV,1,0.9670148491859436,NV,1,0.9670148491859436,1
ISIC_0033885,MEL,0,0.9670155048370361,MEL,0,0.9670155048370361,1
ISIC_0029769,NV,1,0.967036247253418,NV,1,0.967036247253418,1
ISIC_0034109,NV,1,0.967041552066803,NV,1,0.967041552066803,1
ISIC_0025721,NV,1,0.967047393321991,NV,1,0.967047393321991,1
ISIC_0024421,NV,1,0.9670490622520447,NV,1,0.9670490622520447,1
ISIC_0030000,NV,1,0.9670512676239014,NV,1,0.9670512676239014,1
ISIC_0030476,NV,1,0.967055082321167,NV,1,0.967055082321167,1
ISIC_0032319,NV,1,0.9670558571815491,NV,1,0.9670558571815491,1
ISIC_0027432,NV,1,0.9670618772506714,NV,1,0.9670618772506714,1
ISIC_0027280,NV,1,0.9670639038085938,NV,1,0.9670639038085938,1
ISIC_0032689,NV,1,0.9670658707618713,NV,1,0.9670658707618713,1
ISIC_0031664,NV,1,0.9670701026916504,NV,1,0.9670701026916504,1
ISIC_0028753,NV,1,0.967073380947113,NV,1,0.967073380947113,1
ISIC_0025645,NV,1,0.9670735597610474,NV,1,0.9670735597610474,1
ISIC_0033356,NV,1,0.9670749306678772,NV,1,0.9670749306678772,1
ISIC_0029506,NV,1,0.9670877456665039,NV,1,0.9670877456665039,1
ISIC_0025511,NV,1,0.967091977596283,NV,1,0.967091977596283,1
ISIC_0031300,NV,1,0.9670949578285217,NV,1,0.9670949578285217,1
ISIC_0025624,NV,1,0.9671046733856201,NV,1,0.9671046733856201,1
ISIC_0025815,NV,1,0.967107355594635,NV,1,0.967107355594635,1
ISIC_0026433,BCC,2,0.9671146273612976,BCC,2,0.9671146273612976,1
ISIC_0030406,NV,1,0.9671288728713989,NV,1,0.9671288728713989,1
ISIC_0031018,NV,1,0.9671310186386108,NV,1,0.9671310186386108,1
ISIC_0032884,NV,1,0.9671784043312073,NV,1,0.9671784043312073,1
ISIC_0032337,NV,1,0.9671798348426819,NV,1,0.9671798348426819,1
ISIC_0028407,NV,1,0.9671820402145386,NV,1,0.9671820402145386,1
ISIC_0025983,NV,1,0.9671844244003296,NV,1,0.9671844244003296,1
ISIC_0034264,NV,1,0.967191219329834,NV,1,0.967191219329834,1
ISIC_0024503,NV,1,0.9671964645385742,NV,1,0.9671964645385742,1
ISIC_0030209,NV,1,0.9672107100486755,NV,1,0.9672107100486755,1
ISIC_0030997,NV,1,0.9672217965126038,NV,1,0.9672217965126038,1
ISIC_0029862,NV,1,0.9672234654426575,NV,1,0.9672234654426575,1
ISIC_0029379,NV,1,0.9672315716743469,NV,1,0.9672315716743469,1
ISIC_0025713,NV,1,0.9672329425811768,NV,1,0.9672329425811768,1
ISIC_0030500,NV,1,0.9672350287437439,NV,1,0.9672350287437439,1
ISIC_0026080,NV,1,0.9672467708587646,NV,1,0.9672467708587646,1
ISIC_0024322,NV,1,0.9672478437423706,NV,1,0.9672478437423706,1
ISIC_0028110,NV,1,0.9672490954399109,NV,1,0.9672490954399109,1
ISIC_0024755,NV,1,0.9672560095787048,NV,1,0.9672560095787048,1
ISIC_0025187,NV,1,0.9672607183456421,NV,1,0.9672607183456421,1
ISIC_0025532,NV,1,0.9672672748565674,NV,1,0.9672672748565674,1
ISIC_0026910,NV,1,0.9672704935073853,NV,1,0.9672704935073853,1
ISIC_0029112,NV,1,0.9672712683677673,NV,1,0.9672712683677673,1
ISIC_0029921,NV,1,0.9672737121582031,NV,1,0.9672737121582031,1
ISIC_0028963,NV,1,0.967278778553009,NV,1,0.967278778553009,1
ISIC_0031351,BCC,2,0.9672819972038269,BCC,2,0.9672819972038269,1
ISIC_0031048,NV,1,0.9672831296920776,NV,1,0.9672831296920776,1
ISIC_0031481,NV,1,0.9672936797142029,NV,1,0.9672936797142029,1
ISIC_0031761,BKL,4,0.967315673828125,BKL,4,0.967315673828125,1
ISIC_0030715,NV,1,0.9673399925231934,NV,1,0.9673399925231934,1
ISIC_0029419,NV,1,0.9673610925674438,NV,1,0.9673610925674438,1
ISIC_0025925,NV,1,0.9673656821250916,NV,1,0.9673656821250916,1
ISIC_0032895,NV,1,0.9673700928688049,NV,1,0.9673700928688049,1
ISIC_0030765,NV,1,0.9673752188682556,NV,1,0.9673752188682556,1
ISIC_0031645,NV,1,0.9673774838447571,NV,1,0.9673774838447571,1
ISIC_0026593,BCC,2,0.9673904180526733,BCC,2,0.9673904180526733,1
ISIC_0024556,NV,1,0.967406153678894,NV,1,0.967406153678894,1
ISIC_0029475,NV,1,0.9674139618873596,NV,1,0.9674139618873596,1
ISIC_0025044,NV,1,0.967416524887085,NV,1,0.967416524887085,1
ISIC_0028828,NV,1,0.9674262404441833,NV,1,0.9674262404441833,1
ISIC_0029998,NV,1,0.9674298167228699,NV,1,0.9674298167228699,1
ISIC_0026387,NV,1,0.9674603939056396,NV,1,0.9674603939056396,1
ISIC_0031808,BKL,4,0.9674744606018066,BKL,4,0.9674744606018066,1
ISIC_0030309,NV,1,0.9674816727638245,NV,1,0.9674816727638245,1
ISIC_0027553,NV,1,0.9674850106239319,NV,1,0.9674850106239319,1
ISIC_0024527,NV,1,0.9674863815307617,NV,1,0.9674863815307617,1
ISIC_0024868,NV,1,0.9674884080886841,NV,1,0.9674884080886841,1
ISIC_0029908,NV,1,0.9674934148788452,NV,1,0.9674934148788452,1
ISIC_0029866,NV,1,0.9674939513206482,NV,1,0.9674939513206482,1
ISIC_0029854,NV,1,0.9674957394599915,NV,1,0.9674957394599915,1
ISIC_0028024,NV,1,0.9674980640411377,NV,1,0.9674980640411377,1
ISIC_0030444,NV,1,0.9675019979476929,NV,1,0.9675019979476929,1
ISIC_0031133,BKL,4,0.9675340056419373,BKL,4,0.9675340056419373,1
ISIC_0033688,NV,1,0.9675391316413879,NV,1,0.9675391316413879,1
ISIC_0030087,NV,1,0.9675427079200745,NV,1,0.9675427079200745,1
ISIC_0029907,NV,1,0.9675456285476685,NV,1,0.9675456285476685,1
ISIC_0026401,NV,1,0.9675464034080505,NV,1,0.9675464034080505,1
ISIC_0030200,NV,1,0.9675545692443848,NV,1,0.9675545692443848,1
ISIC_0029663,NV,1,0.967555582523346,NV,1,0.967555582523346,1
ISIC_0027486,NV,1,0.9675588011741638,NV,1,0.9675588011741638,1
ISIC_0031150,BKL,4,0.9675657153129578,BKL,4,0.9675657153129578,1
ISIC_0033770,BKL,4,0.9675790071487427,BKL,4,0.9675790071487427,1
ISIC_0032160,NV,1,0.9675827622413635,NV,1,0.9675827622413635,1
ISIC_0030504,NV,1,0.9675940871238708,NV,1,0.9675940871238708,1
ISIC_0025475,NV,1,0.9676005244255066,NV,1,0.9676005244255066,1
ISIC_0029704,NV,1,0.9676249623298645,NV,1,0.9676249623298645,1
ISIC_0029244,NV,1,0.9676708579063416,NV,1,0.9676708579063416,1
ISIC_0026864,NV,1,0.9676799178123474,NV,1,0.9676799178123474,1
ISIC_0030863,NV,1,0.9676923155784607,NV,1,0.9676923155784607,1
ISIC_0033648,NV,1,0.9677151441574097,NV,1,0.9677151441574097,1
ISIC_0024405,NV,1,0.9677282571792603,NV,1,0.9677282571792603,1
ISIC_0027981,NV,1,0.9677311182022095,NV,1,0.9677311182022095,1
ISIC_0027645,NV,1,0.9677387475967407,NV,1,0.9677387475967407,1
ISIC_0029079,NV,1,0.9677507877349854,NV,1,0.9677507877349854,1
ISIC_0031682,NV,1,0.9677544832229614,NV,1,0.9677544832229614,1
ISIC_0025407,NV,1,0.9677661657333374,NV,1,0.9677661657333374,1
ISIC_0028531,NV,1,0.9677679538726807,NV,1,0.9677679538726807,1
ISIC_0029191,NV,1,0.9677704572677612,NV,1,0.9677704572677612,1
ISIC_0031242,NV,1,0.9677779078483582,NV,1,0.9677779078483582,1
ISIC_0026841,NV,1,0.9677983522415161,NV,1,0.9677983522415161,1
ISIC_0027435,BKL,4,0.9678078293800354,BKL,4,0.9678078293800354,1
ISIC_0028936,NV,1,0.9678103923797607,NV,1,0.9678103923797607,1
ISIC_0026366,NV,1,0.9678110480308533,NV,1,0.9678110480308533,1
ISIC_0031357,NV,1,0.9678173065185547,NV,1,0.9678173065185547,1
ISIC_0024912,NV,1,0.9678192138671875,NV,1,0.9678192138671875,1
ISIC_0026334,NV,1,0.9678286910057068,NV,1,0.9678286910057068,1
ISIC_0027834,NV,1,0.9678295850753784,NV,1,0.9678295850753784,1
ISIC_0027191,NV,1,0.9678341746330261,NV,1,0.9678341746330261,1
ISIC_0033548,NV,1,0.9678421020507812,NV,1,0.9678421020507812,1
ISIC_0028267,NV,1,0.9678515195846558,NV,1,0.9678515195846558,1
ISIC_0028362,NV,1,0.967860758304596,NV,1,0.967860758304596,1
ISIC_0025486,NV,1,0.9678927063941956,NV,1,0.9678927063941956,1
ISIC_0024636,NV,1,0.9678928256034851,NV,1,0.9678928256034851,1
ISIC_0026810,NV,1,0.9678949117660522,NV,1,0.9678949117660522,1
ISIC_0028307,NV,1,0.9678955078125,NV,1,0.9678955078125,1
ISIC_0032023,NV,1,0.9679079055786133,NV,1,0.9679079055786133,1
ISIC_0034298,NV,1,0.9679213166236877,NV,1,0.9679213166236877,1
ISIC_0029850,NV,1,0.967923104763031,NV,1,0.967923104763031,1
ISIC_0028262,NV,1,0.9679304361343384,NV,1,0.9679304361343384,1
ISIC_0030981,NV,1,0.9679402709007263,NV,1,0.9679402709007263,1
ISIC_0031804,NV,1,0.9679408669471741,NV,1,0.9679408669471741,1
ISIC_0026590,BKL,4,0.9679450988769531,BKL,4,0.9679450988769531,1
ISIC_0032933,NV,1,0.9679892063140869,NV,1,0.9679892063140869,1
ISIC_0025399,NV,1,0.9679909944534302,NV,1,0.9679909944534302,1
ISIC_0026605,NV,1,0.9679952263832092,NV,1,0.9679952263832092,1
ISIC_0028838,NV,1,0.9680031538009644,NV,1,0.9680031538009644,1
ISIC_0031946,NV,1,0.9680289626121521,NV,1,0.9680289626121521,1
ISIC_0027764,NV,1,0.9680381417274475,NV,1,0.9680381417274475,1
ISIC_0033690,NV,1,0.9680404663085938,NV,1,0.9680404663085938,1
ISIC_0027308,NV,1,0.968041718006134,NV,1,0.968041718006134,1
ISIC_0034011,BKL,4,0.9680519700050354,BKL,4,0.9680519700050354,1
ISIC_0033667,NV,1,0.9680578112602234,NV,1,0.9680578112602234,1
ISIC_0025854,NV,1,0.9680607914924622,NV,1,0.9680607914924622,1
ISIC_0032609,NV,1,0.9680678248405457,NV,1,0.9680678248405457,1
ISIC_0033457,NV,1,0.9680836200714111,NV,1,0.9680836200714111,1
ISIC_0024959,NV,1,0.9680857062339783,NV,1,0.9680857062339783,1
ISIC_0030099,NV,1,0.9680983424186707,NV,1,0.9680983424186707,1
ISIC_0030811,NV,1,0.9681006073951721,NV,1,0.9681006073951721,1
ISIC_0026952,BCC,2,0.9681010246276855,BCC,2,0.9681010246276855,1
ISIC_0033057,NV,1,0.9681162238121033,NV,1,0.9681162238121033,1
ISIC_0025619,NV,1,0.9681190252304077,NV,1,0.9681190252304077,1
ISIC_0031156,NV,1,0.9681259393692017,NV,1,0.9681259393692017,1
ISIC_0030852,NV,1,0.9681274890899658,NV,1,0.9681274890899658,1
ISIC_0027267,NV,1,0.9681304097175598,NV,1,0.9681304097175598,1
ISIC_0030020,NV,1,0.9681435823440552,NV,1,0.9681435823440552,1
ISIC_0032688,BKL,4,0.9681493043899536,BKL,4,0.9681493043899536,1
ISIC_0029438,NV,1,0.9681516289710999,NV,1,0.9681516289710999,1
ISIC_0031439,NV,1,0.9681550860404968,NV,1,0.9681550860404968,1
ISIC_0030736,NV,1,0.9681620597839355,NV,1,0.9681620597839355,1
ISIC_0031884,NV,1,0.9681674242019653,NV,1,0.9681674242019653,1
ISIC_0030111,NV,1,0.9681781530380249,NV,1,0.9681781530380249,1
ISIC_0027193,NV,1,0.9681803584098816,NV,1,0.9681803584098816,1
ISIC_0026354,NV,1,0.9681821465492249,NV,1,0.9681821465492249,1
ISIC_0027059,NV,1,0.9681853652000427,NV,1,0.9681853652000427,1
ISIC_0025845,NV,1,0.9681880474090576,NV,1,0.9681880474090576,1
ISIC_0024580,NV,1,0.9681881666183472,NV,1,0.9681881666183472,1
ISIC_0032756,BKL,4,0.9681968092918396,BKL,4,0.9681968092918396,1
ISIC_0024914,NV,1,0.968200147151947,NV,1,0.968200147151947,1
ISIC_0029294,NV,1,0.9682051539421082,NV,1,0.9682051539421082,1
ISIC_0033763,NV,1,0.9682127833366394,NV,1,0.9682127833366394,1
ISIC_0024713,NV,1,0.9682140946388245,NV,1,0.9682140946388245,1
ISIC_0029186,NV,1,0.9682170152664185,NV,1,0.9682170152664185,1
ISIC_0029846,NV,1,0.9682170152664185,NV,1,0.9682170152664185,1
ISIC_0025349,NV,1,0.9682203531265259,NV,1,0.9682203531265259,1
ISIC_0029355,NV,1,0.9682253003120422,NV,1,0.9682253003120422,1
ISIC_0030612,NV,1,0.9682278633117676,NV,1,0.9682278633117676,1
ISIC_0026956,NV,1,0.9682307839393616,NV,1,0.9682307839393616,1
ISIC_0029904,NV,1,0.9682345390319824,NV,1,0.9682345390319824,1
ISIC_0033296,NV,1,0.9682567119598389,NV,1,0.9682567119598389,1
ISIC_0030963,NV,1,0.9682570099830627,NV,1,0.9682570099830627,1
ISIC_0026708,NV,1,0.9682780504226685,NV,1,0.9682780504226685,1
ISIC_0031801,NV,1,0.9682852029800415,NV,1,0.9682852029800415,1
ISIC_0030039,NV,1,0.9682953357696533,NV,1,0.9682953357696533,1
ISIC_0032822,NV,1,0.9683008193969727,NV,1,0.9683008193969727,1
ISIC_0032080,NV,1,0.9683336019515991,NV,1,0.9683336019515991,1
ISIC_0024591,NV,1,0.9683430790901184,NV,1,0.9683430790901184,1
ISIC_0026972,NV,1,0.9683507084846497,NV,1,0.9683507084846497,1
ISIC_0026095,NV,1,0.9683672189712524,NV,1,0.9683672189712524,1
ISIC_0027705,NV,1,0.9683828949928284,NV,1,0.9683828949928284,1
ISIC_0027360,NV,1,0.9684008955955505,NV,1,0.9684008955955505,1
ISIC_0027022,NV,1,0.9684056043624878,NV,1,0.9684056043624878,1
ISIC_0029428,NV,1,0.9684138298034668,NV,1,0.9684138298034668,1
ISIC_0033475,NV,1,0.968421459197998,NV,1,0.968421459197998,1
ISIC_0028302,NV,1,0.9684241414070129,NV,1,0.9684241414070129,1
ISIC_0024824,NV,1,0.9684247970581055,NV,1,0.9684247970581055,1
ISIC_0032007,NV,1,0.9684309363365173,NV,1,0.9684309363365173,1
ISIC_0033096,NV,1,0.9684606790542603,NV,1,0.9684606790542603,1
ISIC_0032217,NV,1,0.9684985876083374,NV,1,0.9684985876083374,1
ISIC_0029450,NV,1,0.968498945236206,NV,1,0.968498945236206,1
ISIC_0027478,BCC,2,0.9685183763504028,BCC,2,0.9685183763504028,1
ISIC_0030256,NV,1,0.9685282111167908,NV,1,0.9685282111167908,1
ISIC_0030800,BCC,2,0.9685307741165161,BCC,2,0.9685307741165161,1
ISIC_0028996,NV,1,0.9685450196266174,NV,1,0.9685450196266174,1
ISIC_0030713,NV,1,0.9685568809509277,NV,1,0.9685568809509277,1
ISIC_0031969,NV,1,0.9685616493225098,NV,1,0.9685616493225098,1
ISIC_0032167,NV,1,0.9685670137405396,NV,1,0.9685670137405396,1
ISIC_0028058,NV,1,0.9685796499252319,NV,1,0.9685796499252319,1
ISIC_0027886,NV,1,0.9685876965522766,NV,1,0.9685876965522766,1
ISIC_0027362,NV,1,0.9685937762260437,NV,1,0.9685937762260437,1
ISIC_0029470,NV,1,0.9685954451560974,NV,1,0.9685954451560974,1
ISIC_0030749,NV,1,0.9686198234558105,NV,1,0.9686198234558105,1
ISIC_0024416,NV,1,0.9686200618743896,NV,1,0.9686200618743896,1
ISIC_0025084,NV,1,0.9686204791069031,NV,1,0.9686204791069031,1
ISIC_0032227,NV,1,0.9686245322227478,NV,1,0.9686245322227478,1
ISIC_0029621,NV,1,0.9686321020126343,NV,1,0.9686321020126343,1
ISIC_0026046,BKL,4,0.9686342477798462,BKL,4,0.9686342477798462,1
ISIC_0024585,NV,1,0.9686393141746521,NV,1,0.9686393141746521,1
ISIC_0025727,NV,1,0.9686452150344849,NV,1,0.9686452150344849,1
ISIC_0030206,NV,1,0.9686905145645142,NV,1,0.9686905145645142,1
ISIC_0025770,NV,1,0.9686914086341858,NV,1,0.9686914086341858,1
ISIC_0026461,NV,1,0.9687009453773499,NV,1,0.9687009453773499,1
ISIC_0025201,NV,1,0.9687018990516663,NV,1,0.9687018990516663,1
ISIC_0024927,NV,1,0.9687064290046692,NV,1,0.9687064290046692,1
ISIC_0031166,BCC,2,0.9687076210975647,BCC,2,0.9687076210975647,1
ISIC_0028406,VASC,6,0.9687080979347229,VASC,6,0.9687080979347229,1
ISIC_0028246,NV,1,0.9687193632125854,NV,1,0.9687193632125854,1
ISIC_0029858,NV,1,0.9687250852584839,NV,1,0.9687250852584839,1
ISIC_0024348,NV,1,0.9687322378158569,NV,1,0.9687322378158569,1
ISIC_0026640,NV,1,0.9687391519546509,NV,1,0.9687391519546509,1
ISIC_0029677,NV,1,0.9687433242797852,NV,1,0.9687433242797852,1
ISIC_0026852,NV,1,0.9687437415122986,NV,1,0.9687437415122986,1
ISIC_0032100,NV,1,0.9687479138374329,NV,1,0.9687479138374329,1
ISIC_0024953,NV,1,0.9687486886978149,NV,1,0.9687486886978149,1
ISIC_0028142,NV,1,0.9687551856040955,NV,1,0.9687551856040955,1
ISIC_0028234,NV,1,0.9687638878822327,NV,1,0.9687638878822327,1
ISIC_0034102,NV,1,0.9687638878822327,NV,1,0.9687638878822327,1
ISIC_0027599,NV,1,0.9687694907188416,NV,1,0.9687694907188416,1
ISIC_0025683,NV,1,0.9687700271606445,NV,1,0.9687700271606445,1
ISIC_0025613,NV,1,0.9687726497650146,NV,1,0.9687726497650146,1
ISIC_0034077,NV,1,0.9687804579734802,NV,1,0.9687804579734802,1
ISIC_0032593,NV,1,0.9687932133674622,NV,1,0.9687932133674622,1
ISIC_0033225,NV,1,0.9687948822975159,NV,1,0.9687948822975159,1
ISIC_0031523,NV,1,0.9688055515289307,NV,1,0.9688055515289307,1
ISIC_0026127,NV,1,0.9688058495521545,NV,1,0.9688058495521545,1
ISIC_0030887,NV,1,0.9688088893890381,NV,1,0.9688088893890381,1
ISIC_0029583,NV,1,0.9688236713409424,NV,1,0.9688236713409424,1
ISIC_0030847,NV,1,0.9688374400138855,NV,1,0.9688374400138855,1
ISIC_0029639,NV,1,0.9688429832458496,NV,1,0.9688429832458496,1
ISIC_0030259,NV,1,0.9688847661018372,NV,1,0.9688847661018372,1
ISIC_0033799,NV,1,0.9688854217529297,NV,1,0.9688854217529297,1
ISIC_0031444,NV,1,0.9688887596130371,NV,1,0.9688887596130371,1
ISIC_0033381,NV,1,0.968897819519043,NV,1,0.968897819519043,1
ISIC_0028689,NV,1,0.9689513444900513,NV,1,0.9689513444900513,1
ISIC_0025024,NV,1,0.9689742922782898,NV,1,0.9689742922782898,1
ISIC_0028377,NV,1,0.9689837694168091,NV,1,0.9689837694168091,1
ISIC_0024796,NV,1,0.968988299369812,NV,1,0.968988299369812,1
ISIC_0032295,NV,1,0.9689891934394836,NV,1,0.9689891934394836,1
ISIC_0026791,NV,1,0.9689899682998657,NV,1,0.9689899682998657,1
ISIC_0024487,NV,1,0.968992292881012,NV,1,0.968992292881012,1
ISIC_0030750,NV,1,0.9689947366714478,NV,1,0.9689947366714478,1
ISIC_0029727,NV,1,0.9689970016479492,NV,1,0.9689970016479492,1
ISIC_0031777,NV,1,0.9690119028091431,NV,1,0.9690119028091431,1
ISIC_0028360,NV,1,0.9690123200416565,NV,1,0.9690123200416565,1
ISIC_0030780,NV,1,0.969015896320343,NV,1,0.969015896320343,1
ISIC_0030325,NV,1,0.9690229892730713,NV,1,0.9690229892730713,1
ISIC_0031149,NV,1,0.9690232872962952,NV,1,0.9690232872962952,1
ISIC_0033991,VASC,6,0.9690279960632324,VASC,6,0.9690279960632324,1
ISIC_0026540,NV,1,0.9690327048301697,NV,1,0.9690327048301697,1
ISIC_0026442,BCC,2,0.9690543413162231,BCC,2,0.9690543413162231,1
ISIC_0025333,NV,1,0.9690560102462769,NV,1,0.9690560102462769,1
ISIC_0033265,NV,1,0.9690658450126648,NV,1,0.9690658450126648,1
ISIC_0030739,NV,1,0.9690815210342407,NV,1,0.9690815210342407,1
ISIC_0030477,NV,1,0.9691042304039001,NV,1,0.9691042304039001,1
ISIC_0025003,NV,1,0.969109058380127,NV,1,0.969109058380127,1
ISIC_0029719,NV,1,0.9691193699836731,NV,1,0.9691193699836731,1
ISIC_0025698,NV,1,0.9691260457038879,NV,1,0.9691260457038879,1
ISIC_0032155,NV,1,0.9691288471221924,NV,1,0.9691288471221924,1
ISIC_0034220,NV,1,0.9691295623779297,NV,1,0.9691295623779297,1
ISIC_0028408,NV,1,0.9691302180290222,NV,1,0.9691302180290222,1
ISIC_0024533,NV,1,0.9691502451896667,NV,1,0.9691502451896667,1
ISIC_0033164,NV,1,0.9691525101661682,NV,1,0.9691525101661682,1
ISIC_0025666,NV,1,0.9691579937934875,NV,1,0.9691579937934875,1
ISIC_0031152,NV,1,0.9691619873046875,NV,1,0.9691619873046875,1
ISIC_0033759,NV,1,0.9691735506057739,NV,1,0.9691735506057739,1
ISIC_0024871,BKL,4,0.9691786766052246,BKL,4,0.9691786766052246,1
ISIC_0032554,NV,1,0.9691800475120544,NV,1,0.9691800475120544,1
ISIC_0025905,NV,1,0.9691861867904663,NV,1,0.9691861867904663,1
ISIC_0026814,NV,1,0.9691904783248901,NV,1,0.9691904783248901,1
ISIC_0026594,NV,1,0.9692138433456421,NV,1,0.9692138433456421,1
ISIC_0030185,NV,1,0.969216525554657,NV,1,0.969216525554657,1
ISIC_0031484,NV,1,0.969216525554657,NV,1,0.969216525554657,1
ISIC_0024629,NV,1,0.9692172408103943,NV,1,0.9692172408103943,1
ISIC_0026915,NV,1,0.9692180156707764,NV,1,0.9692180156707764,1
ISIC_0032713,NV,1,0.9692181348800659,NV,1,0.9692181348800659,1
ISIC_0026484,NV,1,0.9692255258560181,NV,1,0.9692255258560181,1
ISIC_0030035,NV,1,0.9692270755767822,NV,1,0.9692270755767822,1
ISIC_0026526,BKL,4,0.9692336916923523,BKL,4,0.9692336916923523,1
ISIC_0030001,NV,1,0.969235360622406,NV,1,0.969235360622406,1
ISIC_0033590,NV,1,0.9692465662956238,NV,1,0.9692465662956238,1
ISIC_0029215,NV,1,0.9692742228507996,NV,1,0.9692742228507996,1
ISIC_0032330,BKL,4,0.9692753553390503,BKL,4,0.9692753553390503,1
ISIC_0031376,BKL,4,0.9692756533622742,BKL,4,0.9692756533622742,1
ISIC_0030327,NV,1,0.9692786931991577,NV,1,0.9692786931991577,1
ISIC_0028143,NV,1,0.9692868590354919,NV,1,0.9692868590354919,1
ISIC_0031231,NV,1,0.9692886471748352,NV,1,0.9692886471748352,1
ISIC_0025173,NV,1,0.9693005681037903,NV,1,0.9693005681037903,1
ISIC_0024797,NV,1,0.9693220257759094,NV,1,0.9693220257759094,1
ISIC_0033714,NV,1,0.9693220257759094,NV,1,0.9693220257759094,1
ISIC_0029551,NV,1,0.9693341255187988,NV,1,0.9693341255187988,1
ISIC_0033563,NV,1,0.9693499207496643,NV,1,0.9693499207496643,1
ISIC_0026112,NV,1,0.9693512916564941,NV,1,0.9693512916564941,1
ISIC_0030571,NV,1,0.9693528413772583,NV,1,0.9693528413772583,1
ISIC_0033733,NV,1,0.9693534970283508,NV,1,0.9693534970283508,1
ISIC_0033896,NV,1,0.969360888004303,NV,1,0.969360888004303,1
ISIC_0028515,NV,1,0.9693732261657715,NV,1,0.9693732261657715,1
ISIC_0031248,NV,1,0.9693757891654968,NV,1,0.9693757891654968,1
ISIC_0029005,NV,1,0.9693776965141296,NV,1,0.9693776965141296,1
ISIC_0031445,NV,1,0.9693793058395386,NV,1,0.9693793058395386,1
ISIC_0028484,NV,1,0.969389021396637,NV,1,0.969389021396637,1
ISIC_0031258,BCC,2,0.9694022536277771,BCC,2,0.9694022536277771,1
ISIC_0028290,NV,1,0.9694060683250427,NV,1,0.9694060683250427,1
ISIC_0027965,NV,1,0.9694072008132935,NV,1,0.9694072008132935,1
ISIC_0032621,NV,1,0.9694138765335083,NV,1,0.9694138765335083,1
ISIC_0029386,NV,1,0.9694148898124695,NV,1,0.9694148898124695,1
ISIC_0031256,NV,1,0.9694328308105469,NV,1,0.9694328308105469,1
ISIC_0026821,NV,1,0.9694520235061646,NV,1,0.9694520235061646,1
ISIC_0027928,NV,1,0.9694585800170898,NV,1,0.9694585800170898,1
ISIC_0032341,NV,1,0.9694687724113464,NV,1,0.9694687724113464,1
ISIC_0031293,NV,1,0.9694715142250061,NV,1,0.9694715142250061,1
ISIC_0034151,BKL,4,0.969474196434021,BKL,4,0.969474196434021,1
ISIC_0032102,NV,1,0.9694826006889343,NV,1,0.9694826006889343,1
ISIC_0026212,AKIEC,3,0.9694830179214478,AKIEC,3,0.9694830179214478,1
ISIC_0027888,VASC,6,0.9694865942001343,VASC,6,0.9694865942001343,1
ISIC_0030911,NV,1,0.9694886207580566,NV,1,0.9694886207580566,1
ISIC_0029632,MEL,0,0.9695031046867371,MEL,0,0.9695031046867371,1
ISIC_0034178,NV,1,0.9695237874984741,NV,1,0.9695237874984741,1
ISIC_0033357,NV,1,0.9695303440093994,NV,1,0.9695303440093994,1
ISIC_0032236,NV,1,0.9695425033569336,NV,1,0.9695425033569336,1
ISIC_0033615,NV,1,0.969547688961029,NV,1,0.969547688961029,1
ISIC_0032162,NV,1,0.9695515036582947,NV,1,0.9695515036582947,1
ISIC_0025745,NV,1,0.969560444355011,NV,1,0.969560444355011,1
ISIC_0027937,VASC,6,0.9695698618888855,VASC,6,0.9695698618888855,1
ISIC_0033482,BKL,4,0.9695802927017212,BKL,4,0.9695802927017212,1
ISIC_0033263,NV,1,0.9695806503295898,NV,1,0.9695806503295898,1
ISIC_0031984,NV,1,0.9695865511894226,NV,1,0.9695865511894226,1
ISIC_0029685,NV,1,0.9695962071418762,NV,1,0.9695962071418762,1
ISIC_0031653,NV,1,0.9696099758148193,NV,1,0.9696099758148193,1
ISIC_0031420,NV,1,0.969613790512085,NV,1,0.969613790512085,1
ISIC_0029956,NV,1,0.9696282744407654,NV,1,0.9696282744407654,1
ISIC_0028590,NV,1,0.969639778137207,NV,1,0.969639778137207,1
ISIC_0025442,NV,1,0.9696551561355591,NV,1,0.9696551561355591,1
ISIC_0024621,NV,1,0.9696728587150574,NV,1,0.9696728587150574,1
ISIC_0025822,NV,1,0.9696848392486572,NV,1,0.9696848392486572,1
ISIC_0025505,NV,1,0.9696974158287048,NV,1,0.9696974158287048,1
ISIC_0030023,NV,1,0.9697036743164062,NV,1,0.9697036743164062,1
ISIC_0024529,NV,1,0.9697136878967285,NV,1,0.9697136878967285,1
ISIC_0031187,NV,1,0.9697208404541016,NV,1,0.9697208404541016,1
ISIC_0032403,NV,1,0.9697355031967163,NV,1,0.9697355031967163,1
ISIC_0030452,BCC,2,0.9697439670562744,BCC,2,0.9697439670562744,1
ISIC_0024427,NV,1,0.9697513580322266,NV,1,0.9697513580322266,1
ISIC_0030163,NV,1,0.9697543382644653,NV,1,0.9697543382644653,1
ISIC_0025364,NV,1,0.9697577357292175,NV,1,0.9697577357292175,1
ISIC_0028751,NV,1,0.9697606563568115,NV,1,0.9697606563568115,1
ISIC_0029483,NV,1,0.9697816967964172,NV,1,0.9697816967964172,1
ISIC_0027317,NV,1,0.9697924852371216,NV,1,0.9697924852371216,1
ISIC_0031084,NV,1,0.9698042273521423,NV,1,0.9698042273521423,1
ISIC_0032068,NV,1,0.9698119759559631,NV,1,0.9698119759559631,1
ISIC_0033830,NV,1,0.9698547124862671,NV,1,0.9698547124862671,1
ISIC_0029277,NV,1,0.9698642492294312,NV,1,0.9698642492294312,1
ISIC_0027092,NV,1,0.9698709845542908,NV,1,0.9698709845542908,1
ISIC_0027027,BKL,4,0.9698846340179443,BKL,4,0.9698846340179443,1
ISIC_0026880,NV,1,0.9698899388313293,NV,1,0.9698899388313293,1
ISIC_0025372,NV,1,0.9698988795280457,NV,1,0.9698988795280457,1
ISIC_0027411,NV,1,0.9699004888534546,NV,1,0.9699004888534546,1
ISIC_0029901,NV,1,0.9699081778526306,NV,1,0.9699081778526306,1
ISIC_0026752,NV,1,0.9699212312698364,NV,1,0.9699212312698364,1
ISIC_0027605,NV,1,0.9699411988258362,NV,1,0.9699411988258362,1
ISIC_0033009,NV,1,0.9699448943138123,NV,1,0.9699448943138123,1
ISIC_0026969,NV,1,0.9699506759643555,NV,1,0.9699506759643555,1
ISIC_0026565,NV,1,0.9699562191963196,NV,1,0.9699562191963196,1
ISIC_0025334,NV,1,0.9699604511260986,NV,1,0.9699604511260986,1
ISIC_0032137,NV,1,0.9699684381484985,NV,1,0.9699684381484985,1
ISIC_0034036,MEL,0,0.9699761867523193,MEL,0,0.9699761867523193,1
ISIC_0030547,NV,1,0.9699825644493103,NV,1,0.9699825644493103,1
ISIC_0024888,NV,1,0.9699922204017639,NV,1,0.9699922204017639,1
ISIC_0031700,NV,1,0.969992995262146,NV,1,0.969992995262146,1
ISIC_0024968,NV,1,0.9699980616569519,NV,1,0.9699980616569519,1
ISIC_0025391,MEL,0,0.970001757144928,MEL,0,0.970001757144928,1
ISIC_0027051,NV,1,0.9700031876564026,NV,1,0.9700031876564026,1
ISIC_0033070,NV,1,0.9700096845626831,NV,1,0.9700096845626831,1
ISIC_0033076,NV,1,0.9700129628181458,NV,1,0.9700129628181458,1
ISIC_0024316,NV,1,0.9700589179992676,NV,1,0.9700589179992676,1
ISIC_0031992,NV,1,0.9700639843940735,NV,1,0.9700639843940735,1
ISIC_0026808,NV,1,0.9700901508331299,NV,1,0.9700901508331299,1
ISIC_0027266,NV,1,0.9701149463653564,NV,1,0.9701149463653564,1
ISIC_0028443,NV,1,0.9701158404350281,NV,1,0.9701158404350281,1
ISIC_0034083,NV,1,0.9701302647590637,NV,1,0.9701302647590637,1
ISIC_0027564,NV,1,0.9701416492462158,NV,1,0.9701416492462158,1
ISIC_0027202,BKL,4,0.9701453447341919,BKL,4,0.9701453447341919,1
ISIC_0026019,NV,1,0.970170795917511,NV,1,0.970170795917511,1
ISIC_0034122,NV,1,0.9701833724975586,NV,1,0.9701833724975586,1
ISIC_0026172,NV,1,0.9701897501945496,NV,1,0.9701897501945496,1
ISIC_0026962,NV,1,0.9701934456825256,NV,1,0.9701934456825256,1
ISIC_0027746,NV,1,0.9701938033103943,NV,1,0.9701938033103943,1
ISIC_0028812,NV,1,0.9702009558677673,NV,1,0.9702009558677673,1
ISIC_0031285,NV,1,0.9702067971229553,NV,1,0.9702067971229553,1
ISIC_0029579,NV,1,0.9702164530754089,NV,1,0.9702164530754089,1
ISIC_0026557,NV,1,0.9702193737030029,NV,1,0.9702193737030029,1
ISIC_0029653,NV,1,0.9702295064926147,NV,1,0.9702295064926147,1
ISIC_0031280,NV,1,0.9702300429344177,NV,1,0.9702300429344177,1
ISIC_0030051,NV,1,0.9702367782592773,NV,1,0.9702367782592773,1
ISIC_0028035,BCC,2,0.9702476859092712,BCC,2,0.9702476859092712,1
ISIC_0028495,BCC,2,0.9702509045600891,BCC,2,0.9702509045600891,1
ISIC_0029774,NV,1,0.9702665209770203,NV,1,0.9702665209770203,1
ISIC_0030212,NV,1,0.9702667593955994,NV,1,0.9702667593955994,1
ISIC_0031964,NV,1,0.9702675342559814,NV,1,0.9702675342559814,1
ISIC_0030931,NV,1,0.9702692031860352,NV,1,0.9702692031860352,1
ISIC_0029523,NV,1,0.9702696800231934,NV,1,0.9702696800231934,1
ISIC_0029887,NV,1,0.970276951789856,NV,1,0.970276951789856,1
ISIC_0025301,BCC,2,0.9702878594398499,BCC,2,0.9702878594398499,1
ISIC_0029616,NV,1,0.9702896475791931,NV,1,0.9702896475791931,1
ISIC_0027566,NV,1,0.9702970385551453,NV,1,0.9702970385551453,1
ISIC_0032481,BKL,4,0.9703075885772705,BKL,4,0.9703075885772705,1
ISIC_0026840,NV,1,0.9703121781349182,NV,1,0.9703121781349182,1
ISIC_0025420,NV,1,0.9703245162963867,NV,1,0.9703245162963867,1
ISIC_0033694,NV,1,0.9703276753425598,NV,1,0.9703276753425598,1
ISIC_0029487,NV,1,0.9703327417373657,NV,1,0.9703327417373657,1
ISIC_0025761,NV,1,0.9703335165977478,NV,1,0.9703335165977478,1
ISIC_0033355,NV,1,0.9703359007835388,NV,1,0.9703359007835388,1
ISIC_0031046,NV,1,0.9703375697135925,NV,1,0.9703375697135925,1
ISIC_0030154,NV,1,0.9703439474105835,NV,1,0.9703439474105835,1
ISIC_0030113,NV,1,0.970349133014679,NV,1,0.970349133014679,1
ISIC_0029451,NV,1,0.9703542590141296,NV,1,0.9703542590141296,1
ISIC_0025558,NV,1,0.9703671932220459,NV,1,0.9703671932220459,1
ISIC_0024541,NV,1,0.970386266708374,NV,1,0.970386266708374,1
ISIC_0024830,NV,1,0.9703912138938904,NV,1,0.9703912138938904,1
ISIC_0026187,NV,1,0.970397412776947,NV,1,0.970397412776947,1
ISIC_0027409,NV,1,0.9704048037528992,NV,1,0.9704048037528992,1
ISIC_0026797,NV,1,0.9704121947288513,NV,1,0.9704121947288513,1
ISIC_0027225,NV,1,0.9704127907752991,NV,1,0.9704127907752991,1
ISIC_0030940,NV,1,0.9704146981239319,NV,1,0.9704146981239319,1
ISIC_0027906,NV,1,0.9704163670539856,NV,1,0.9704163670539856,1
ISIC_0029484,NV,1,0.9704205393791199,NV,1,0.9704205393791199,1
ISIC_0027791,NV,1,0.9704241156578064,NV,1,0.9704241156578064,1
ISIC_0032361,NV,1,0.9704270362854004,NV,1,0.9704270362854004,1
ISIC_0029590,NV,1,0.9704290628433228,NV,1,0.9704290628433228,1
ISIC_0024964,NV,1,0.9704302549362183,NV,1,0.9704302549362183,1
ISIC_0029202,BKL,4,0.9704405069351196,BKL,4,0.9704405069351196,1
ISIC_0031626,NV,1,0.9704407453536987,NV,1,0.9704407453536987,1
ISIC_0026487,NV,1,0.9704410433769226,NV,1,0.9704410433769226,1
ISIC_0026844,BKL,4,0.9704530835151672,BKL,4,0.9704530835151672,1
ISIC_0029566,NV,1,0.9704530835151672,NV,1,0.9704530835151672,1
ISIC_0025877,NV,1,0.9704533219337463,NV,1,0.9704533219337463,1
ISIC_0033077,NV,1,0.9704576730728149,NV,1,0.9704576730728149,1
ISIC_0025718,BCC,2,0.970463752746582,BCC,2,0.970463752746582,1
ISIC_0029198,NV,1,0.9704640507698059,NV,1,0.9704640507698059,1
ISIC_0026214,NV,1,0.9704653024673462,NV,1,0.9704653024673462,1
ISIC_0031855,NV,1,0.9704669713973999,NV,1,0.9704669713973999,1
ISIC_0026678,NV,1,0.970467209815979,NV,1,0.970467209815979,1
ISIC_0024306,NV,1,0.9704782366752625,NV,1,0.9704782366752625,1
ISIC_0028867,NV,1,0.9704782366752625,NV,1,0.9704782366752625,1
ISIC_0027947,NV,1,0.970482349395752,NV,1,0.970482349395752,1
ISIC_0027952,NV,1,0.9704828262329102,NV,1,0.9704828262329102,1
ISIC_0027611,NV,1,0.9704839587211609,NV,1,0.9704839587211609,1
ISIC_0031717,NV,1,0.9704946279525757,NV,1,0.9704946279525757,1
ISIC_0029464,BKL,4,0.9704975485801697,BKL,4,0.9704975485801697,1
ISIC_0033417,NV,1,0.9705002307891846,NV,1,0.9705002307891846,1
ISIC_0031017,BKL,4,0.9705057144165039,BKL,4,0.9705057144165039,1
ISIC_0031747,NV,1,0.9705180525779724,NV,1,0.9705180525779724,1
ISIC_0028396,NV,1,0.9705305695533752,NV,1,0.9705305695533752,1
ISIC_0031837,NV,1,0.9705515503883362,NV,1,0.9705515503883362,1
ISIC_0026220,NV,1,0.9705633521080017,NV,1,0.9705633521080017,1
ISIC_0031631,NV,1,0.9705673456192017,NV,1,0.9705673456192017,1
ISIC_0031497,NV,1,0.9705703854560852,NV,1,0.9705703854560852,1
ISIC_0027541,NV,1,0.9705727696418762,NV,1,0.9705727696418762,1
ISIC_0025093,NV,1,0.9705942273139954,NV,1,0.9705942273139954,1
ISIC_0024802,NV,1,0.970595121383667,NV,1,0.970595121383667,1
ISIC_0034260,NV,1,0.9705953598022461,NV,1,0.9705953598022461,1
ISIC_0027464,NV,1,0.9705976843833923,NV,1,0.9705976843833923,1
ISIC_0031863,NV,1,0.9706187844276428,NV,1,0.9706187844276428,1
ISIC_0024704,NV,1,0.9706363081932068,NV,1,0.9706363081932068,1
ISIC_0026935,NV,1,0.9706430435180664,NV,1,0.9706430435180664,1
ISIC_0027164,NV,1,0.9706547260284424,NV,1,0.9706547260284424,1
ISIC_0030643,NV,1,0.9706614017486572,NV,1,0.9706614017486572,1
ISIC_0027133,NV,1,0.9706620573997498,NV,1,0.9706620573997498,1
ISIC_0029333,NV,1,0.9706653356552124,NV,1,0.9706653356552124,1
ISIC_0034284,MEL,0,0.9706671237945557,MEL,0,0.9706671237945557,1
ISIC_0029456,NV,1,0.9706689119338989,NV,1,0.9706689119338989,1
ISIC_0030510,NV,1,0.9706709384918213,NV,1,0.9706709384918213,1
ISIC_0025884,NV,1,0.9706757664680481,NV,1,0.9706757664680481,1
ISIC_0026161,NV,1,0.9706821441650391,NV,1,0.9706821441650391,1
ISIC_0032252,NV,1,0.9706857204437256,NV,1,0.9706857204437256,1
ISIC_0032438,NV,1,0.9706963300704956,NV,1,0.9706963300704956,1
ISIC_0024933,NV,1,0.9707029461860657,NV,1,0.9707029461860657,1
ISIC_0027603,NV,1,0.970716655254364,NV,1,0.970716655254364,1
ISIC_0031641,NV,1,0.9707232713699341,NV,1,0.9707232713699341,1
ISIC_0034296,BKL,4,0.9707372188568115,BKL,4,0.9707372188568115,1
ISIC_0032268,NV,1,0.9707420468330383,NV,1,0.9707420468330383,1
ISIC_0032143,NV,1,0.9707427024841309,NV,1,0.9707427024841309,1
ISIC_0031734,NV,1,0.9707629084587097,NV,1,0.9707629084587097,1
ISIC_0028413,NV,1,0.9707655310630798,NV,1,0.9707655310630798,1
ISIC_0025588,NV,1,0.9707657098770142,NV,1,0.9707657098770142,1
ISIC_0027450,NV,1,0.9707748293876648,NV,1,0.9707748293876648,1
ISIC_0024530,NV,1,0.970799446105957,NV,1,0.970799446105957,1
ISIC_0032980,NV,1,0.9708024859428406,NV,1,0.9708024859428406,1
ISIC_0027647,NV,1,0.9708026647567749,NV,1,0.9708026647567749,1
ISIC_0029875,NV,1,0.9708181023597717,NV,1,0.9708181023597717,1
ISIC_0025672,NV,1,0.9708231091499329,NV,1,0.9708231091499329,1
ISIC_0032507,NV,1,0.9708383083343506,NV,1,0.9708383083343506,1
ISIC_0028866,NV,1,0.9708387851715088,NV,1,0.9708387851715088,1
ISIC_0028877,BCC,2,0.9708492159843445,BCC,2,0.9708492159843445,1
ISIC_0030917,NV,1,0.9708495140075684,NV,1,0.9708495140075684,1
ISIC_0030353,NV,1,0.9708535671234131,NV,1,0.9708535671234131,1
ISIC_0024658,NV,1,0.9708542823791504,NV,1,0.9708542823791504,1
ISIC_0032880,NV,1,0.9708677530288696,NV,1,0.9708677530288696,1
ISIC_0025720,NV,1,0.9708686470985413,NV,1,0.9708686470985413,1
ISIC_0024842,NV,1,0.97087562084198,NV,1,0.97087562084198,1
ISIC_0033087,NV,1,0.9708806872367859,NV,1,0.9708806872367859,1
ISIC_0030525,NV,1,0.9708897471427917,NV,1,0.9708897471427917,1
ISIC_0033338,NV,1,0.9709067344665527,NV,1,0.9709067344665527,1
ISIC_0031892,NV,1,0.9709116816520691,NV,1,0.9709116816520691,1
ISIC_0033453,BKL,4,0.9709186553955078,BKL,4,0.9709186553955078,1
ISIC_0032117,NV,1,0.9709241390228271,NV,1,0.9709241390228271,1
ISIC_0032263,NV,1,0.9709553718566895,NV,1,0.9709553718566895,1
ISIC_0027694,NV,1,0.9709662795066833,NV,1,0.9709662795066833,1
ISIC_0031616,NV,1,0.970977783203125,NV,1,0.970977783203125,1
ISIC_0028516,NV,1,0.9709851741790771,NV,1,0.9709851741790771,1
ISIC_0027817,NV,1,0.9709886908531189,NV,1,0.9709886908531189,1
ISIC_0027497,NV,1,0.9709973335266113,NV,1,0.9709973335266113,1
ISIC_0030306,NV,1,0.9710087776184082,NV,1,0.9710087776184082,1
ISIC_0034060,NV,1,0.9710176587104797,NV,1,0.9710176587104797,1
ISIC_0029762,NV,1,0.9710271954536438,NV,1,0.9710271954536438,1
ISIC_0032201,NV,1,0.9710363149642944,NV,1,0.9710363149642944,1
ISIC_0031215,VASC,6,0.9710366725921631,VASC,6,0.9710366725921631,1
ISIC_0025481,NV,1,0.9710432887077332,NV,1,0.9710432887077332,1
ISIC_0028416,NV,1,0.9710436463356018,NV,1,0.9710436463356018,1
ISIC_0027233,NV,1,0.9710476994514465,NV,1,0.9710476994514465,1
ISIC_0031621,NV,1,0.9710491299629211,NV,1,0.9710491299629211,1
ISIC_0028803,NV,1,0.9710556268692017,NV,1,0.9710556268692017,1
ISIC_0026672,NV,1,0.9710609316825867,NV,1,0.9710609316825867,1
ISIC_0025067,NV,1,0.9710615873336792,NV,1,0.9710615873336792,1
ISIC_0027156,NV,1,0.971062958240509,NV,1,0.971062958240509,1
ISIC_0025098,NV,1,0.9710646271705627,NV,1,0.9710646271705627,1
ISIC_0027214,NV,1,0.9710654616355896,NV,1,0.9710654616355896,1
ISIC_0032266,NV,1,0.9710664749145508,NV,1,0.9710664749145508,1
ISIC_0025829,NV,1,0.9710767865180969,NV,1,0.9710767865180969,1
ISIC_0026562,NV,1,0.971100389957428,NV,1,0.971100389957428,1
ISIC_0024543,NV,1,0.9711119532585144,NV,1,0.9711119532585144,1
ISIC_0028809,NV,1,0.971114456653595,NV,1,0.971114456653595,1
ISIC_0030599,NV,1,0.9711180329322815,NV,1,0.9711180329322815,1
ISIC_0033402,NV,1,0.9711365699768066,NV,1,0.9711365699768066,1
ISIC_0027446,NV,1,0.9711424708366394,NV,1,0.9711424708366394,1
ISIC_0025965,NV,1,0.9711769819259644,NV,1,0.9711769819259644,1
ISIC_0032022,BCC,2,0.9711998105049133,BCC,2,0.9711998105049133,1
ISIC_0027833,NV,1,0.9712026119232178,NV,1,0.9712026119232178,1
ISIC_0027677,BCC,2,0.9712028503417969,BCC,2,0.9712028503417969,1
ISIC_0028824,NV,1,0.9712041616439819,NV,1,0.9712041616439819,1
ISIC_0032992,NV,1,0.9712111353874207,NV,1,0.9712111353874207,1
ISIC_0030004,NV,1,0.9712201356887817,NV,1,0.9712201356887817,1
ISIC_0032386,NV,1,0.9712203741073608,NV,1,0.9712203741073608,1
ISIC_0033495,NV,1,0.9712250828742981,NV,1,0.9712250828742981,1
ISIC_0031179,NV,1,0.9712364673614502,NV,1,0.9712364673614502,1
ISIC_0031792,NV,1,0.971250057220459,NV,1,0.971250057220459,1
ISIC_0028560,BKL,4,0.9712636470794678,BKL,4,0.9712636470794678,1
ISIC_0032748,NV,1,0.9712774753570557,NV,1,0.9712774753570557,1
ISIC_0027418,NV,1,0.9712858200073242,NV,1,0.9712858200073242,1
ISIC_0027382,NV,1,0.9712998867034912,NV,1,0.9712998867034912,1
ISIC_0030459,BKL,4,0.9713124632835388,BKL,4,0.9713124632835388,1
ISIC_0025501,NV,1,0.9713132381439209,NV,1,0.9713132381439209,1
ISIC_0031155,NV,1,0.9713204503059387,NV,1,0.9713204503059387,1
ISIC_0024671,NV,1,0.9713315963745117,NV,1,0.9713315963745117,1
ISIC_0031661,NV,1,0.9713326096534729,NV,1,0.9713326096534729,1
ISIC_0027444,NV,1,0.9713335037231445,NV,1,0.9713335037231445,1
ISIC_0026198,NV,1,0.9713447690010071,NV,1,0.9713447690010071,1
ISIC_0025361,NV,1,0.9713490009307861,NV,1,0.9713490009307861,1
ISIC_0030699,NV,1,0.9713515043258667,NV,1,0.9713515043258667,1
ISIC_0027325,NV,1,0.9713583588600159,NV,1,0.9713583588600159,1
ISIC_0024804,NV,1,0.9713677763938904,NV,1,0.9713677763938904,1
ISIC_0028697,NV,1,0.971375584602356,NV,1,0.971375584602356,1
ISIC_0028201,BKL,4,0.9713760018348694,BKL,4,0.9713760018348694,1
ISIC_0031673,NV,1,0.9713777899742126,NV,1,0.9713777899742126,1
ISIC_0024456,NV,1,0.9713934659957886,NV,1,0.9713934659957886,1
ISIC_0025147,NV,1,0.9714075326919556,NV,1,0.9714075326919556,1
ISIC_0026693,VASC,6,0.9714096188545227,VASC,6,0.9714096188545227,1
ISIC_0033705,AKIEC,3,0.9714111089706421,AKIEC,3,0.9714111089706421,1
ISIC_0025586,NV,1,0.9714150428771973,NV,1,0.9714150428771973,1
ISIC_0026077,NV,1,0.9714151620864868,NV,1,0.9714151620864868,1
ISIC_0026393,VASC,6,0.9714171886444092,VASC,6,0.9714171886444092,1
ISIC_0030201,NV,1,0.9714415073394775,NV,1,0.9714415073394775,1
ISIC_0032802,NV,1,0.9714424014091492,NV,1,0.9714424014091492,1
ISIC_0024966,NV,1,0.971445620059967,NV,1,0.971445620059967,1
ISIC_0030578,NV,1,0.9714466333389282,NV,1,0.9714466333389282,1
ISIC_0030815,NV,1,0.9714516997337341,NV,1,0.9714516997337341,1
ISIC_0033927,NV,1,0.9714573621749878,NV,1,0.9714573621749878,1
ISIC_0029085,NV,1,0.9714577794075012,NV,1,0.9714577794075012,1
ISIC_0027656,NV,1,0.9714623093605042,NV,1,0.9714623093605042,1
ISIC_0026052,NV,1,0.9714646339416504,NV,1,0.9714646339416504,1
ISIC_0026685,NV,1,0.9714950323104858,NV,1,0.9714950323104858,1
ISIC_0029010,BKL,4,0.9714983105659485,BKL,4,0.9714983105659485,1
ISIC_0032362,NV,1,0.9714987277984619,NV,1,0.9714987277984619,1
ISIC_0032881,NV,1,0.971498966217041,NV,1,0.971498966217041,1
ISIC_0028661,NV,1,0.9715007543563843,NV,1,0.9715007543563843,1
ISIC_0025743,BKL,4,0.9715126752853394,BKL,4,0.9715126752853394,1
ISIC_0024458,NV,1,0.9715155363082886,NV,1,0.9715155363082886,1
ISIC_0031214,NV,1,0.9715203642845154,NV,1,0.9715203642845154,1
ISIC_0027029,NV,1,0.9715284705162048,NV,1,0.9715284705162048,1
ISIC_0025379,NV,1,0.9715337157249451,NV,1,0.9715337157249451,1
ISIC_0028974,NV,1,0.9715367555618286,NV,1,0.9715367555618286,1
ISIC_0030433,NV,1,0.9715412855148315,NV,1,0.9715412855148315,1
ISIC_0030908,NV,1,0.9715438485145569,NV,1,0.9715438485145569,1
ISIC_0026032,NV,1,0.9715555906295776,NV,1,0.9715555906295776,1
ISIC_0031826,NV,1,0.971561849117279,NV,1,0.971561849117279,1
ISIC_0032539,NV,1,0.9715623259544373,NV,1,0.9715623259544373,1
ISIC_0024781,NV,1,0.9715645909309387,NV,1,0.9715645909309387,1
ISIC_0034312,NV,1,0.9715697169303894,NV,1,0.9715697169303894,1
ISIC_0025992,AKIEC,3,0.9715734720230103,AKIEC,3,0.9715734720230103,1
ISIC_0033685,BKL,4,0.9715851545333862,BKL,4,0.9715851545333862,1
ISIC_0025374,BKL,4,0.9715896844863892,BKL,4,0.9715896844863892,1
ISIC_0031928,NV,1,0.971591591835022,NV,1,0.971591591835022,1
ISIC_0028747,BCC,2,0.9716091156005859,BCC,2,0.9716091156005859,1
ISIC_0030097,NV,1,0.9716194868087769,NV,1,0.9716194868087769,1
ISIC_0033194,NV,1,0.9716230630874634,NV,1,0.9716230630874634,1
ISIC_0024952,MEL,0,0.9716247916221619,MEL,0,0.9716247916221619,1
ISIC_0030176,NV,1,0.9716327786445618,NV,1,0.9716327786445618,1
ISIC_0033764,NV,1,0.971635103225708,NV,1,0.971635103225708,1
ISIC_0029205,NV,1,0.9716421961784363,NV,1,0.9716421961784363,1
ISIC_0026634,BKL,4,0.9716442227363586,BKL,4,0.9716442227363586,1
ISIC_0032417,BKL,4,0.9716511964797974,BKL,4,0.9716511964797974,1
ISIC_0029737,NV,1,0.9716639518737793,NV,1,0.9716639518737793,1
ISIC_0030695,MEL,0,0.9716712832450867,MEL,0,0.9716712832450867,1
ISIC_0029761,NV,1,0.9716756343841553,NV,1,0.9716756343841553,1
ISIC_0030010,BCC,2,0.97170490026474,BCC,2,0.97170490026474,1
ISIC_0026780,NV,1,0.9717087149620056,NV,1,0.9717087149620056,1
ISIC_0032075,NV,1,0.9717142581939697,NV,1,0.9717142581939697,1
ISIC_0028403,NV,1,0.9717153906822205,NV,1,0.9717153906822205,1
ISIC_0031611,NV,1,0.9717221260070801,NV,1,0.9717221260070801,1
ISIC_0032625,NV,1,0.9717369675636292,NV,1,0.9717369675636292,1
ISIC_0026250,NV,1,0.971738338470459,NV,1,0.971738338470459,1
ISIC_0031985,NV,1,0.9717394709587097,NV,1,0.9717394709587097,1
ISIC_0030329,BKL,4,0.9717404842376709,BKL,4,0.9717404842376709,1
ISIC_0027109,NV,1,0.9717410206794739,NV,1,0.9717410206794739,1
ISIC_0028368,NV,1,0.9717422723770142,NV,1,0.9717422723770142,1
ISIC_0031604,NV,1,0.9717621803283691,NV,1,0.9717621803283691,1
ISIC_0025027,NV,1,0.9717814326286316,NV,1,0.9717814326286316,1
ISIC_0031607,NV,1,0.9717817902565002,NV,1,0.9717817902565002,1
ISIC_0028192,NV,1,0.9717850685119629,NV,1,0.9717850685119629,1
ISIC_0029103,NV,1,0.9718008041381836,NV,1,0.9718008041381836,1
ISIC_0032174,BCC,2,0.9718071222305298,BCC,2,0.9718071222305298,1
ISIC_0031460,NV,1,0.9718101620674133,NV,1,0.9718101620674133,1
ISIC_0026707,NV,1,0.9718144536018372,NV,1,0.9718144536018372,1
ISIC_0029075,NV,1,0.9718149900436401,NV,1,0.9718149900436401,1
ISIC_0032120,NV,1,0.971819281578064,NV,1,0.971819281578064,1
ISIC_0030904,NV,1,0.9718271493911743,NV,1,0.9718271493911743,1
ISIC_0025961,NV,1,0.9718375205993652,NV,1,0.9718375205993652,1
ISIC_0029048,BKL,4,0.9718409180641174,BKL,4,0.9718409180641174,1
ISIC_0026705,NV,1,0.9718504548072815,NV,1,0.9718504548072815,1
ISIC_0026669,NV,1,0.971855103969574,NV,1,0.971855103969574,1
ISIC_0029054,NV,1,0.9718562364578247,NV,1,0.9718562364578247,1
ISIC_0025962,NV,1,0.9718657732009888,NV,1,0.9718657732009888,1
ISIC_0027789,NV,1,0.9718713164329529,NV,1,0.9718713164329529,1
ISIC_0030618,NV,1,0.9718847274780273,NV,1,0.9718847274780273,1
ISIC_0030973,NV,1,0.9719014763832092,NV,1,0.9719014763832092,1
ISIC_0027547,NV,1,0.9719051718711853,NV,1,0.9719051718711853,1
ISIC_0025935,NV,1,0.9719107151031494,NV,1,0.9719107151031494,1
ISIC_0026201,NV,1,0.9719107151031494,NV,1,0.9719107151031494,1
ISIC_0031587,NV,1,0.9719113707542419,NV,1,0.9719113707542419,1
ISIC_0034225,NV,1,0.9719274640083313,NV,1,0.9719274640083313,1
ISIC_0032858,NV,1,0.9719298481941223,NV,1,0.9719298481941223,1
ISIC_0026576,BKL,4,0.9719362854957581,BKL,4,0.9719362854957581,1
ISIC_0027831,BKL,4,0.9719374179840088,BKL,4,0.9719374179840088,1
ISIC_0028048,NV,1,0.9719541668891907,NV,1,0.9719541668891907,1
ISIC_0029151,NV,1,0.9719602465629578,NV,1,0.9719602465629578,1
ISIC_0030463,AKIEC,3,0.9719751477241516,AKIEC,3,0.9719751477241516,1
ISIC_0033604,NV,1,0.9719789624214172,NV,1,0.9719789624214172,1
ISIC_0025037,NV,1,0.9720404744148254,NV,1,0.9720404744148254,1
ISIC_0033506,NV,1,0.9720626473426819,NV,1,0.9720626473426819,1
ISIC_0032056,NV,1,0.9720630049705505,NV,1,0.9720630049705505,1
ISIC_0024718,NV,1,0.9720705151557922,NV,1,0.9720705151557922,1
ISIC_0029659,AKIEC,3,0.9720743298530579,AKIEC,3,0.9720743298530579,1
ISIC_0028848,NV,1,0.9720999002456665,NV,1,0.9720999002456665,1
ISIC_0024380,NV,1,0.9721077084541321,NV,1,0.9721077084541321,1
ISIC_0025388,BKL,4,0.9721081256866455,BKL,4,0.9721081256866455,1
ISIC_0031262,NV,1,0.9721121191978455,NV,1,0.9721121191978455,1
ISIC_0027912,NV,1,0.9721148014068604,NV,1,0.9721148014068604,1
ISIC_0032412,NV,1,0.9721378684043884,NV,1,0.9721378684043884,1
ISIC_0030903,NV,1,0.9721397161483765,NV,1,0.9721397161483765,1
ISIC_0030241,BKL,4,0.9721412658691406,BKL,4,0.9721412658691406,1
ISIC_0030862,NV,1,0.9721417427062988,NV,1,0.9721417427062988,1
ISIC_0024715,NV,1,0.9721553325653076,NV,1,0.9721553325653076,1
ISIC_0029076,NV,1,0.9721624255180359,NV,1,0.9721624255180359,1
ISIC_0030989,NV,1,0.9721635580062866,NV,1,0.9721635580062866,1
ISIC_0024776,NV,1,0.9721705913543701,NV,1,0.9721705913543701,1
ISIC_0031553,NV,1,0.9721778035163879,NV,1,0.9721778035163879,1
ISIC_0024803,NV,1,0.9721794724464417,NV,1,0.9721794724464417,1
ISIC_0030990,NV,1,0.9721798300743103,NV,1,0.9721798300743103,1
ISIC_0034191,NV,1,0.9721931219100952,NV,1,0.9721931219100952,1
ISIC_0026800,NV,1,0.9722151756286621,NV,1,0.9722151756286621,1
ISIC_0031524,NV,1,0.9722223877906799,NV,1,0.9722223877906799,1
ISIC_0026979,NV,1,0.9722319841384888,NV,1,0.9722319841384888,1
ISIC_0033769,NV,1,0.9722480773925781,NV,1,0.9722480773925781,1
ISIC_0033065,NV,1,0.9722498655319214,NV,1,0.9722498655319214,1
ISIC_0032093,NV,1,0.9722667932510376,NV,1,0.9722667932510376,1
ISIC_0028895,NV,1,0.9722861647605896,NV,1,0.9722861647605896,1
ISIC_0026700,NV,1,0.9722998142242432,NV,1,0.9722998142242432,1
ISIC_0029623,NV,1,0.9723012447357178,NV,1,0.9723012447357178,1
ISIC_0031061,BKL,4,0.9723023772239685,BKL,4,0.9723023772239685,1
ISIC_0030505,NV,1,0.9723088145256042,NV,1,0.9723088145256042,1
ISIC_0031235,NV,1,0.9723144769668579,NV,1,0.9723144769668579,1
ISIC_0024766,NV,1,0.9723168015480042,NV,1,0.9723168015480042,1
ISIC_0032496,NV,1,0.9723173975944519,NV,1,0.9723173975944519,1
ISIC_0029290,NV,1,0.9723225831985474,NV,1,0.9723225831985474,1
ISIC_0025864,NV,1,0.9723276495933533,NV,1,0.9723276495933533,1
ISIC_0029976,NV,1,0.9723321795463562,NV,1,0.9723321795463562,1
ISIC_0027978,NV,1,0.9723401665687561,NV,1,0.9723401665687561,1
ISIC_0030613,NV,1,0.9723509550094604,NV,1,0.9723509550094604,1
ISIC_0034293,NV,1,0.972356379032135,NV,1,0.972356379032135,1
ISIC_0025618,NV,1,0.9723746180534363,NV,1,0.9723746180534363,1
ISIC_0033919,NV,1,0.9723749756813049,NV,1,0.9723749756813049,1
ISIC_0030797,NV,1,0.9723770022392273,NV,1,0.9723770022392273,1
ISIC_0033160,NV,1,0.9723780155181885,NV,1,0.9723780155181885,1
ISIC_0034230,NV,1,0.9723845720291138,NV,1,0.9723845720291138,1
ISIC_0030606,VASC,6,0.97239750623703,VASC,6,0.97239750623703,1
ISIC_0026431,NV,1,0.9723995327949524,NV,1,0.9723995327949524,1
ISIC_0029414,NV,1,0.9724025726318359,NV,1,0.9724025726318359,1
ISIC_0029773,NV,1,0.9724130630493164,NV,1,0.9724130630493164,1
ISIC_0033742,NV,1,0.972413182258606,NV,1,0.972413182258606,1
ISIC_0031522,BKL,4,0.972416341304779,BKL,4,0.972416341304779,1
ISIC_0028826,BKL,4,0.9724212884902954,BKL,4,0.9724212884902954,1
ISIC_0034147,NV,1,0.9724251627922058,NV,1,0.9724251627922058,1
ISIC_0027484,NV,1,0.9724259376525879,NV,1,0.9724259376525879,1
ISIC_0033541,NV,1,0.9724516272544861,NV,1,0.9724516272544861,1
ISIC_0032584,NV,1,0.9724517464637756,NV,1,0.9724517464637756,1
ISIC_0027135,BCC,2,0.9724543690681458,BCC,2,0.9724543690681458,1
ISIC_0034014,NV,1,0.972456157207489,NV,1,0.972456157207489,1
ISIC_0026200,NV,1,0.9724623560905457,NV,1,0.9724623560905457,1
ISIC_0029873,NV,1,0.9724711179733276,NV,1,0.9724711179733276,1
ISIC_0030117,NV,1,0.9725000262260437,NV,1,0.9725000262260437,1
ISIC_0025979,NV,1,0.972507119178772,NV,1,0.972507119178772,1
ISIC_0025077,NV,1,0.9725286364555359,NV,1,0.9725286364555359,1
ISIC_0027034,NV,1,0.9725348353385925,NV,1,0.9725348353385925,1
ISIC_0025026,NV,1,0.9725350737571716,NV,1,0.9725350737571716,1
ISIC_0027653,NV,1,0.9725410342216492,NV,1,0.9725410342216492,1
ISIC_0027511,NV,1,0.9725435376167297,NV,1,0.9725435376167297,1
ISIC_0024969,NV,1,0.9725464582443237,NV,1,0.9725464582443237,1
ISIC_0025460,NV,1,0.9725683331489563,NV,1,0.9725683331489563,1
ISIC_0032008,NV,1,0.9725714921951294,NV,1,0.9725714921951294,1
ISIC_0033447,NV,1,0.9725727438926697,NV,1,0.9725727438926697,1
ISIC_0027743,NV,1,0.9726017117500305,NV,1,0.9726017117500305,1
ISIC_0025828,NV,1,0.9726462364196777,NV,1,0.9726462364196777,1
ISIC_0026568,NV,1,0.9726478457450867,NV,1,0.9726478457450867,1
ISIC_0027869,NV,1,0.9726597666740417,NV,1,0.9726597666740417,1
ISIC_0024493,NV,1,0.9726788401603699,NV,1,0.9726788401603699,1
ISIC_0030788,NV,1,0.9726852774620056,NV,1,0.9726852774620056,1
ISIC_0027440,NV,1,0.9726860523223877,NV,1,0.9726860523223877,1
ISIC_0033753,NV,1,0.9726969003677368,NV,1,0.9726969003677368,1
ISIC_0030627,NV,1,0.9727076292037964,NV,1,0.9727076292037964,1
ISIC_0033948,NV,1,0.9727128148078918,NV,1,0.9727128148078918,1
ISIC_0027901,NV,1,0.9727175235748291,NV,1,0.9727175235748291,1
ISIC_0031684,NV,1,0.9727219343185425,NV,1,0.9727219343185425,1
ISIC_0024583,NV,1,0.9727271199226379,NV,1,0.9727271199226379,1
ISIC_0026402,NV,1,0.9727401733398438,NV,1,0.9727401733398438,1
ISIC_0025587,NV,1,0.9727429151535034,NV,1,0.9727429151535034,1
ISIC_0033392,MEL,0,0.9727516174316406,MEL,0,0.9727516174316406,1
ISIC_0028471,NV,1,0.9727559685707092,NV,1,0.9727559685707092,1
ISIC_0027060,MEL,0,0.9727584719657898,MEL,0,0.9727584719657898,1
ISIC_0028727,NV,1,0.9727796912193298,NV,1,0.9727796912193298,1
ISIC_0030410,NV,1,0.9728039503097534,NV,1,0.9728039503097534,1
ISIC_0029668,NV,1,0.9728080034255981,NV,1,0.9728080034255981,1
ISIC_0027825,BCC,2,0.9728112816810608,BCC,2,0.9728112816810608,1
ISIC_0031259,NV,1,0.9728246927261353,NV,1,0.9728246927261353,1
ISIC_0027522,VASC,6,0.9728398323059082,VASC,6,0.9728398323059082,1
ISIC_0025432,NV,1,0.9728412628173828,NV,1,0.9728412628173828,1
ISIC_0028437,NV,1,0.9728435277938843,NV,1,0.9728435277938843,1
ISIC_0024354,NV,1,0.9728568196296692,NV,1,0.9728568196296692,1
ISIC_0026373,NV,1,0.9728574156761169,NV,1,0.9728574156761169,1
ISIC_0028556,BCC,2,0.9728599190711975,BCC,2,0.9728599190711975,1
ISIC_0032002,NV,1,0.9728608131408691,NV,1,0.9728608131408691,1
ISIC_0027695,NV,1,0.972865879535675,NV,1,0.972865879535675,1
ISIC_0030338,NV,1,0.9728699326515198,NV,1,0.9728699326515198,1
ISIC_0024971,BKL,4,0.9728764891624451,BKL,4,0.9728764891624451,1
ISIC_0025545,NV,1,0.9728796482086182,NV,1,0.9728796482086182,1
ISIC_0025952,NV,1,0.9728826880455017,NV,1,0.9728826880455017,1
ISIC_0024455,NV,1,0.9728848338127136,NV,1,0.9728848338127136,1
ISIC_0032975,MEL,0,0.9729475975036621,MEL,0,0.9729475975036621,1
ISIC_0025157,BKL,4,0.9729496836662292,BKL,4,0.9729496836662292,1
ISIC_0026904,NV,1,0.9729509353637695,NV,1,0.9729509353637695,1
ISIC_0033056,BKL,4,0.9729731678962708,BKL,4,0.9729731678962708,1
ISIC_0027830,NV,1,0.9729780554771423,NV,1,0.9729780554771423,1
ISIC_0027555,NV,1,0.9729787111282349,NV,1,0.9729787111282349,1
ISIC_0024848,BCC,2,0.9729816317558289,BCC,2,0.9729816317558289,1
ISIC_0029016,NV,1,0.9729874134063721,NV,1,0.9729874134063721,1
ISIC_0030650,NV,1,0.9730138182640076,NV,1,0.9730138182640076,1
ISIC_0024393,NV,1,0.973021924495697,NV,1,0.973021924495697,1
ISIC_0028782,NV,1,0.9730249643325806,NV,1,0.9730249643325806,1
ISIC_0029710,NV,1,0.9730298519134521,NV,1,0.9730298519134521,1
ISIC_0025401,NV,1,0.973039984703064,NV,1,0.973039984703064,1
ISIC_0031297,NV,1,0.9730408787727356,NV,1,0.9730408787727356,1
ISIC_0027610,NV,1,0.9730432629585266,NV,1,0.9730432629585266,1
ISIC_0028271,NV,1,0.9730564951896667,NV,1,0.9730564951896667,1
ISIC_0026933,NV,1,0.9730625748634338,NV,1,0.9730625748634338,1
ISIC_0027726,NV,1,0.9730748534202576,NV,1,0.9730748534202576,1
ISIC_0025051,NV,1,0.9730865955352783,NV,1,0.9730865955352783,1
ISIC_0031211,AKIEC,3,0.9730928540229797,AKIEC,3,0.9730928540229797,1
ISIC_0026527,NV,1,0.9731133580207825,NV,1,0.9731133580207825,1
ISIC_0028458,NV,1,0.9731287360191345,NV,1,0.9731287360191345,1
ISIC_0028530,NV,1,0.9731364250183105,NV,1,0.9731364250183105,1
ISIC_0032239,NV,1,0.9731396436691284,NV,1,0.9731396436691284,1
ISIC_0030523,NV,1,0.9731600880622864,NV,1,0.9731600880622864,1
ISIC_0030807,NV,1,0.9731918573379517,NV,1,0.9731918573379517,1
ISIC_0033229,NV,1,0.9731923937797546,NV,1,0.9731923937797546,1
ISIC_0026931,NV,1,0.9731969237327576,NV,1,0.9731969237327576,1
ISIC_0025902,NV,1,0.9731982946395874,NV,1,0.9731982946395874,1
ISIC_0033697,NV,1,0.9732075333595276,NV,1,0.9732075333595276,1
ISIC_0024980,NV,1,0.9732280969619751,NV,1,0.9732280969619751,1
ISIC_0032300,NV,1,0.9732385873794556,NV,1,0.9732385873794556,1
ISIC_0029184,NV,1,0.9732400178909302,NV,1,0.9732400178909302,1
ISIC_0028428,NV,1,0.9732640981674194,NV,1,0.9732640981674194,1
ISIC_0025252,NV,1,0.9732643365859985,NV,1,0.9732643365859985,1
ISIC_0029765,NV,1,0.9732778668403625,NV,1,0.9732778668403625,1
ISIC_0027307,NV,1,0.9732798933982849,NV,1,0.9732798933982849,1
ISIC_0032255,NV,1,0.9732828140258789,NV,1,0.9732828140258789,1
ISIC_0026689,NV,1,0.973283052444458,NV,1,0.973283052444458,1
ISIC_0026284,NV,1,0.9733049869537354,NV,1,0.9733049869537354,1
ISIC_0031174,NV,1,0.9733098149299622,NV,1,0.9733098149299622,1
ISIC_0030503,NV,1,0.9733187556266785,NV,1,0.9733187556266785,1
ISIC_0024810,NV,1,0.9733288288116455,NV,1,0.9733288288116455,1
ISIC_0025456,NV,1,0.973347008228302,NV,1,0.973347008228302,1
ISIC_0029402,NV,1,0.9733519554138184,NV,1,0.9733519554138184,1
ISIC_0029124,NV,1,0.9733567237854004,NV,1,0.9733567237854004,1
ISIC_0033921,NV,1,0.9733734130859375,NV,1,0.9733734130859375,1
ISIC_0031995,NV,1,0.9733766913414001,NV,1,0.9733766913414001,1
ISIC_0032650,NV,1,0.9733800888061523,NV,1,0.9733800888061523,1
ISIC_0030489,NV,1,0.9733855128288269,NV,1,0.9733855128288269,1
ISIC_0031906,NV,1,0.9734000563621521,NV,1,0.9734000563621521,1
ISIC_0030824,MEL,0,0.9734048247337341,MEL,0,0.9734048247337341,1
ISIC_0030524,NV,1,0.9734092354774475,NV,1,0.9734092354774475,1
ISIC_0026517,NV,1,0.9734121561050415,NV,1,0.9734121561050415,1
ISIC_0032131,NV,1,0.9734255075454712,NV,1,0.9734255075454712,1
ISIC_0031847,NV,1,0.973427951335907,NV,1,0.973427951335907,1
ISIC_0028819,NV,1,0.9734299778938293,NV,1,0.9734299778938293,1
ISIC_0026065,NV,1,0.9734376668930054,NV,1,0.9734376668930054,1
ISIC_0032906,BCC,2,0.9734475016593933,BCC,2,0.9734475016593933,1
ISIC_0033734,NV,1,0.9734503626823425,NV,1,0.9734503626823425,1
ISIC_0028849,NV,1,0.9734525084495544,NV,1,0.9734525084495544,1
ISIC_0031549,NV,1,0.9734638929367065,NV,1,0.9734638929367065,1
ISIC_0027224,NV,1,0.9734640121459961,NV,1,0.9734640121459961,1
ISIC_0026130,NV,1,0.9735012650489807,NV,1,0.9735012650489807,1
ISIC_0029829,NV,1,0.9735205173492432,NV,1,0.9735205173492432,1
ISIC_0034152,NV,1,0.9735299944877625,NV,1,0.9735299944877625,1
ISIC_0031966,NV,1,0.9735302925109863,NV,1,0.9735302925109863,1
ISIC_0026274,NV,1,0.9735311269760132,NV,1,0.9735311269760132,1
ISIC_0031560,NV,1,0.9735314249992371,NV,1,0.9735314249992371,1
ISIC_0032864,NV,1,0.9735394716262817,NV,1,0.9735394716262817,1
ISIC_0030950,MEL,0,0.973552942276001,MEL,0,0.973552942276001,1
ISIC_0027587,NV,1,0.973554253578186,NV,1,0.973554253578186,1
ISIC_0029902,NV,1,0.9735662341117859,NV,1,0.9735662341117859,1
ISIC_0029065,NV,1,0.9735667109489441,NV,1,0.9735667109489441,1
ISIC_0029641,NV,1,0.973571240901947,NV,1,0.973571240901947,1
ISIC_0026928,NV,1,0.9735746383666992,NV,1,0.9735746383666992,1
ISIC_0032912,NV,1,0.9735761880874634,NV,1,0.9735761880874634,1
ISIC_0031441,NV,1,0.9735766649246216,NV,1,0.9735766649246216,1
ISIC_0028876,BKL,4,0.9735779762268066,BKL,4,0.9735779762268066,1
ISIC_0032237,NV,1,0.9736093878746033,NV,1,0.9736093878746033,1
ISIC_0028610,NV,1,0.9736101031303406,NV,1,0.9736101031303406,1
ISIC_0027177,NV,1,0.9736133813858032,NV,1,0.9736133813858032,1
ISIC_0027968,NV,1,0.9736141562461853,NV,1,0.9736141562461853,1
ISIC_0026134,NV,1,0.9736186861991882,NV,1,0.9736186861991882,1
ISIC_0032231,NV,1,0.9736397862434387,NV,1,0.9736397862434387,1
ISIC_0029622,NV,1,0.9736623167991638,NV,1,0.9736623167991638,1
ISIC_0025343,NV,1,0.9736726880073547,NV,1,0.9736726880073547,1
ISIC_0025841,NV,1,0.9736841320991516,NV,1,0.9736841320991516,1
ISIC_0034019,NV,1,0.973684549331665,NV,1,0.973684549331665,1
ISIC_0026495,NV,1,0.9736847877502441,NV,1,0.9736847877502441,1
ISIC_0033778,BKL,4,0.9736903309822083,BKL,4,0.9736903309822083,1
ISIC_0033827,NV,1,0.9737259149551392,NV,1,0.9737259149551392,1
ISIC_0034032,NV,1,0.9737371206283569,NV,1,0.9737371206283569,1
ISIC_0027414,NV,1,0.973747730255127,NV,1,0.973747730255127,1
ISIC_0032105,NV,1,0.9737642407417297,NV,1,0.9737642407417297,1
ISIC_0026579,NV,1,0.9737728238105774,NV,1,0.9737728238105774,1
ISIC_0025181,NV,1,0.9737754464149475,NV,1,0.9737754464149475,1
ISIC_0024725,NV,1,0.973777711391449,NV,1,0.973777711391449,1
ISIC_0030431,NV,1,0.9737918376922607,NV,1,0.9737918376922607,1
ISIC_0032011,NV,1,0.9737924933433533,NV,1,0.9737924933433533,1
ISIC_0029565,NV,1,0.9737932085990906,NV,1,0.9737932085990906,1
ISIC_0028976,NV,1,0.9737969040870667,NV,1,0.9737969040870667,1
ISIC_0030049,NV,1,0.9738085865974426,NV,1,0.9738085865974426,1
ISIC_0029459,NV,1,0.9738137722015381,NV,1,0.9738137722015381,1
ISIC_0027496,NV,1,0.9738144278526306,NV,1,0.9738144278526306,1
ISIC_0026918,NV,1,0.9738154411315918,NV,1,0.9738154411315918,1
ISIC_0031688,NV,1,0.9738200902938843,NV,1,0.9738200902938843,1
ISIC_0024563,NV,1,0.9738261103630066,NV,1,0.9738261103630066,1
ISIC_0026145,NV,1,0.9738275408744812,NV,1,0.9738275408744812,1
ISIC_0026520,NV,1,0.9738336801528931,NV,1,0.9738336801528931,1
ISIC_0029344,NV,1,0.9738361239433289,NV,1,0.9738361239433289,1
ISIC_0024542,NV,1,0.9738426804542542,NV,1,0.9738426804542542,1
ISIC_0029153,NV,1,0.9738476872444153,NV,1,0.9738476872444153,1
ISIC_0032616,NV,1,0.9738481044769287,NV,1,0.9738481044769287,1
ISIC_0028523,NV,1,0.9738608002662659,NV,1,0.9738608002662659,1
ISIC_0028578,NV,1,0.9738664627075195,NV,1,0.9738664627075195,1
ISIC_0032020,NV,1,0.9739180207252502,NV,1,0.9739180207252502,1
ISIC_0026580,NV,1,0.9739224314689636,NV,1,0.9739224314689636,1
ISIC_0032070,MEL,0,0.9739257097244263,MEL,0,0.9739257097244263,1
ISIC_0033082,NV,1,0.9739319086074829,NV,1,0.9739319086074829,1
ISIC_0031646,NV,1,0.9739330410957336,NV,1,0.9739330410957336,1
ISIC_0028157,NV,1,0.9739423394203186,NV,1,0.9739423394203186,1
ISIC_0029489,BCC,2,0.9739708304405212,BCC,2,0.9739708304405212,1
ISIC_0029104,NV,1,0.9739739894866943,NV,1,0.9739739894866943,1
ISIC_0027914,NV,1,0.9739794135093689,NV,1,0.9739794135093689,1
ISIC_0031026,BCC,2,0.9739865064620972,BCC,2,0.9739865064620972,1
ISIC_0032633,NV,1,0.9739936590194702,NV,1,0.9739936590194702,1
ISIC_0027761,NV,1,0.9740018248558044,NV,1,0.9740018248558044,1
ISIC_0024991,NV,1,0.9740109443664551,NV,1,0.9740109443664551,1
ISIC_0031135,NV,1,0.9740135669708252,NV,1,0.9740135669708252,1
ISIC_0028470,NV,1,0.9740158319473267,NV,1,0.9740158319473267,1
ISIC_0024651,NV,1,0.9740221500396729,NV,1,0.9740221500396729,1
ISIC_0028053,NV,1,0.9740250706672668,NV,1,0.9740250706672668,1
ISIC_0027890,NV,1,0.9740296006202698,NV,1,0.9740296006202698,1
ISIC_0028738,NV,1,0.9740495085716248,NV,1,0.9740495085716248,1
ISIC_0033815,NV,1,0.9740645885467529,NV,1,0.9740645885467529,1
ISIC_0034159,MEL,0,0.9741132259368896,MEL,0,0.9741132259368896,1
ISIC_0032350,NV,1,0.974117636680603,NV,1,0.974117636680603,1
ISIC_0028039,NV,1,0.9741241931915283,NV,1,0.9741241931915283,1
ISIC_0028487,NV,1,0.9741293787956238,NV,1,0.9741293787956238,1
ISIC_0025070,NV,1,0.9741301536560059,NV,1,0.9741301536560059,1
ISIC_0033390,NV,1,0.974131166934967,NV,1,0.974131166934967,1
ISIC_0034067,NV,1,0.974132776260376,NV,1,0.974132776260376,1
ISIC_0031729,NV,1,0.9741458892822266,NV,1,0.9741458892822266,1
ISIC_0029117,NV,1,0.9741567373275757,NV,1,0.9741567373275757,1
ISIC_0030660,NV,1,0.9741607308387756,NV,1,0.9741607308387756,1
ISIC_0025467,BCC,2,0.9741622805595398,BCC,2,0.9741622805595398,1
ISIC_0027104,NV,1,0.9741646647453308,NV,1,0.9741646647453308,1
ISIC_0029476,NV,1,0.9741650223731995,NV,1,0.9741650223731995,1
ISIC_0030922,NV,1,0.9741655588150024,NV,1,0.9741655588150024,1
ISIC_0026648,NV,1,0.9741809368133545,NV,1,0.9741809368133545,1
ISIC_0028863,NV,1,0.9741878509521484,NV,1,0.9741878509521484,1
ISIC_0033711,NV,1,0.9741882085800171,NV,1,0.9741882085800171,1
ISIC_0027103,NV,1,0.9741895794868469,NV,1,0.9741895794868469,1
ISIC_0026244,NV,1,0.9742064476013184,NV,1,0.9742064476013184,1
ISIC_0030466,NV,1,0.9742257595062256,NV,1,0.9742257595062256,1
ISIC_0030916,NV,1,0.9742379784584045,NV,1,0.9742379784584045,1
ISIC_0033558,NV,1,0.974247932434082,NV,1,0.974247932434082,1
ISIC_0032540,NV,1,0.9742491841316223,NV,1,0.9742491841316223,1
ISIC_0034084,NV,1,0.9742580056190491,NV,1,0.9742580056190491,1
ISIC_0028796,NV,1,0.9742701053619385,NV,1,0.9742701053619385,1
ISIC_0027065,MEL,0,0.974276602268219,MEL,0,0.974276602268219,1
ISIC_0031022,NV,1,0.9742960333824158,NV,1,0.9742960333824158,1
ISIC_0025111,NV,1,0.9743027091026306,NV,1,0.9743027091026306,1
ISIC_0026921,NV,1,0.9743058681488037,NV,1,0.9743058681488037,1
ISIC_0030816,NV,1,0.9743084907531738,NV,1,0.9743084907531738,1
ISIC_0026684,NV,1,0.9743189811706543,NV,1,0.9743189811706543,1
ISIC_0028691,NV,1,0.9743272662162781,NV,1,0.9743272662162781,1
ISIC_0030567,NV,1,0.9743513464927673,NV,1,0.9743513464927673,1
ISIC_0033634,NV,1,0.9743531942367554,NV,1,0.9743531942367554,1
ISIC_0029415,NV,1,0.9743618965148926,NV,1,0.9743618965148926,1
ISIC_0032828,NV,1,0.9743677973747253,NV,1,0.9743677973747253,1
ISIC_0031843,NV,1,0.9743922352790833,NV,1,0.9743922352790833,1
ISIC_0024584,NV,1,0.9743931293487549,NV,1,0.9743931293487549,1
ISIC_0032054,NV,1,0.974403440952301,NV,1,0.974403440952301,1
ISIC_0025325,NV,1,0.9744114875793457,NV,1,0.9744114875793457,1
ISIC_0024821,NV,1,0.9744157791137695,NV,1,0.9744157791137695,1
ISIC_0030032,MEL,0,0.9744213223457336,MEL,0,0.9744213223457336,1
ISIC_0025101,NV,1,0.9744291305541992,NV,1,0.9744291305541992,1
ISIC_0026949,NV,1,0.9744309186935425,NV,1,0.9744309186935425,1
ISIC_0026050,NV,1,0.9744356870651245,NV,1,0.9744356870651245,1
ISIC_0028295,NV,1,0.9744381904602051,NV,1,0.9744381904602051,1
ISIC_0029776,BKL,4,0.9744384288787842,BKL,4,0.9744384288787842,1
ISIC_0026075,NV,1,0.9744643568992615,NV,1,0.9744643568992615,1
ISIC_0030336,NV,1,0.9744677543640137,NV,1,0.9744677543640137,1
ISIC_0031229,NV,1,0.9744678139686584,NV,1,0.9744678139686584,1
ISIC_0031865,NV,1,0.9744914174079895,NV,1,0.9744914174079895,1
ISIC_0029332,NV,1,0.9744939804077148,NV,1,0.9744939804077148,1
ISIC_0032454,NV,1,0.9745014905929565,NV,1,0.9745014905929565,1
ISIC_0032804,BKL,4,0.9745101928710938,BKL,4,0.9745101928710938,1
ISIC_0032352,NV,1,0.9745109677314758,NV,1,0.9745109677314758,1
ISIC_0030403,BCC,2,0.9745250344276428,BCC,2,0.9745250344276428,1
ISIC_0026452,NV,1,0.9745286107063293,NV,1,0.9745286107063293,1
ISIC_0029427,BKL,4,0.9745321273803711,BKL,4,0.9745321273803711,1
ISIC_0029497,NV,1,0.9745577573776245,NV,1,0.9745577573776245,1
ISIC_0024417,NV,1,0.9745628237724304,NV,1,0.9745628237724304,1
ISIC_0031704,NV,1,0.9745690822601318,NV,1,0.9745690822601318,1
ISIC_0025341,NV,1,0.9745698571205139,NV,1,0.9745698571205139,1
ISIC_0030610,NV,1,0.9745758175849915,NV,1,0.9745758175849915,1
ISIC_0025729,NV,1,0.9745768904685974,NV,1,0.9745768904685974,1
ISIC_0030572,NV,1,0.9745811820030212,NV,1,0.9745811820030212,1
ISIC_0032254,NV,1,0.9745969176292419,NV,1,0.9745969176292419,1
ISIC_0032003,NV,1,0.9746081233024597,NV,1,0.9746081233024597,1
ISIC_0024836,NV,1,0.974619448184967,NV,1,0.974619448184967,1
ISIC_0028357,NV,1,0.9746227264404297,NV,1,0.9746227264404297,1
ISIC_0033315,NV,1,0.9746253490447998,NV,1,0.9746253490447998,1
ISIC_0031393,NV,1,0.9746572375297546,NV,1,0.9746572375297546,1
ISIC_0027808,NV,1,0.9746589660644531,NV,1,0.9746589660644531,1
ISIC_0032049,NV,1,0.9746614694595337,NV,1,0.9746614694595337,1
ISIC_0032411,NV,1,0.9746651649475098,NV,1,0.9746651649475098,1
ISIC_0025820,NV,1,0.9746657609939575,NV,1,0.9746657609939575,1
ISIC_0026003,NV,1,0.9746666550636292,NV,1,0.9746666550636292,1
ISIC_0033045,NV,1,0.9746719002723694,NV,1,0.9746719002723694,1
ISIC_0028494,NV,1,0.9746774435043335,NV,1,0.9746774435043335,1
ISIC_0025038,BKL,4,0.9746854901313782,BKL,4,0.9746854901313782,1
ISIC_0031771,NV,1,0.9747104048728943,NV,1,0.9747104048728943,1
ISIC_0031916,NV,1,0.9747115969657898,NV,1,0.9747115969657898,1
ISIC_0024669,VASC,6,0.974719226360321,VASC,6,0.974719226360321,1
ISIC_0027784,NV,1,0.9747287034988403,NV,1,0.9747287034988403,1
ISIC_0033556,NV,1,0.9747305512428284,NV,1,0.9747305512428284,1
ISIC_0033165,NV,1,0.9747374653816223,NV,1,0.9747374653816223,1
ISIC_0030473,NV,1,0.9747547507286072,NV,1,0.9747547507286072,1
ISIC_0029922,NV,1,0.9747605323791504,NV,1,0.9747605323791504,1
ISIC_0028297,NV,1,0.9747644066810608,NV,1,0.9747644066810608,1
ISIC_0024742,NV,1,0.9747844338417053,NV,1,0.9747844338417053,1
ISIC_0029045,NV,1,0.974785327911377,NV,1,0.974785327911377,1
ISIC_0031980,BKL,4,0.9747945070266724,BKL,4,0.9747945070266724,1
ISIC_0024751,NV,1,0.9747963547706604,NV,1,0.9747963547706604,1
ISIC_0026772,NV,1,0.9748032689094543,NV,1,0.9748032689094543,1
ISIC_0031949,NV,1,0.974804699420929,NV,1,0.974804699420929,1
ISIC_0028266,NV,1,0.974806547164917,NV,1,0.974806547164917,1
ISIC_0025321,VASC,6,0.9748101830482483,VASC,6,0.9748101830482483,1
ISIC_0034214,VASC,6,0.9748104214668274,VASC,6,0.9748104214668274,1
ISIC_0026227,NV,1,0.9748204946517944,NV,1,0.9748204946517944,1
ISIC_0028356,NV,1,0.9748231768608093,NV,1,0.9748231768608093,1
ISIC_0030299,NV,1,0.9748355150222778,NV,1,0.9748355150222778,1
ISIC_0026400,NV,1,0.9748402833938599,NV,1,0.9748402833938599,1
ISIC_0027646,NV,1,0.9748411774635315,NV,1,0.9748411774635315,1
ISIC_0026856,NV,1,0.9748493432998657,NV,1,0.9748493432998657,1
ISIC_0025763,NV,1,0.9748554825782776,NV,1,0.9748554825782776,1
ISIC_0027173,NV,1,0.9748581051826477,NV,1,0.9748581051826477,1
ISIC_0030955,NV,1,0.9748610258102417,NV,1,0.9748610258102417,1
ISIC_0032511,MEL,0,0.9748637676239014,MEL,0,0.9748637676239014,1
ISIC_0033982,NV,1,0.9748650789260864,NV,1,0.9748650789260864,1
ISIC_0029717,NV,1,0.9748710989952087,NV,1,0.9748710989952087,1
ISIC_0028101,NV,1,0.974891185760498,NV,1,0.974891185760498,1
ISIC_0024366,NV,1,0.9749070405960083,NV,1,0.9749070405960083,1
ISIC_0029861,NV,1,0.9749070405960083,NV,1,0.9749070405960083,1
ISIC_0031486,NV,1,0.974908173084259,NV,1,0.974908173084259,1
ISIC_0026641,NV,1,0.9749329686164856,NV,1,0.9749329686164856,1
ISIC_0033246,BKL,4,0.9749369621276855,BKL,4,0.9749369621276855,1
ISIC_0025416,NV,1,0.9749370813369751,NV,1,0.9749370813369751,1
ISIC_0034129,NV,1,0.9749407768249512,NV,1,0.9749407768249512,1
ISIC_0030638,NV,1,0.9749419093132019,NV,1,0.9749419093132019,1
ISIC_0024467,NV,1,0.9749606251716614,NV,1,0.9749606251716614,1
ISIC_0028549,NV,1,0.9749628901481628,NV,1,0.9749628901481628,1
ISIC_0027516,NV,1,0.9749704599380493,NV,1,0.9749704599380493,1
ISIC_0034245,NV,1,0.9749811291694641,NV,1,0.9749811291694641,1
ISIC_0025739,NV,1,0.9750111699104309,NV,1,0.9750111699104309,1
ISIC_0027939,NV,1,0.9750152230262756,NV,1,0.9750152230262756,1
ISIC_0031010,NV,1,0.9750163555145264,NV,1,0.9750163555145264,1
ISIC_0025656,BKL,4,0.975019633769989,BKL,4,0.975019633769989,1
ISIC_0032770,NV,1,0.9750255346298218,NV,1,0.9750255346298218,1
ISIC_0027625,NV,1,0.9750282764434814,NV,1,0.9750282764434814,1
ISIC_0032055,NV,1,0.9750357270240784,NV,1,0.9750357270240784,1
ISIC_0027994,NV,1,0.9750398397445679,NV,1,0.9750398397445679,1
ISIC_0025062,NV,1,0.9750407338142395,NV,1,0.9750407338142395,1
ISIC_0029173,NV,1,0.9750481247901917,NV,1,0.9750481247901917,1
ISIC_0032440,NV,1,0.9750485420227051,NV,1,0.9750485420227051,1
ISIC_0024775,NV,1,0.975050151348114,NV,1,0.975050151348114,1
ISIC_0026650,AKIEC,3,0.975053071975708,AKIEC,3,0.975053071975708,1
ISIC_0031447,NV,1,0.975071370601654,NV,1,0.975071370601654,1
ISIC_0025747,NV,1,0.9750971794128418,NV,1,0.9750971794128418,1
ISIC_0030357,NV,1,0.9750983119010925,NV,1,0.9750983119010925,1
ISIC_0024466,NV,1,0.9751044511795044,NV,1,0.9751044511795044,1
ISIC_0030511,BCC,2,0.9751046895980835,BCC,2,0.9751046895980835,1
ISIC_0026740,NV,1,0.9751091003417969,NV,1,0.9751091003417969,1
ISIC_0026346,NV,1,0.9751249551773071,NV,1,0.9751249551773071,1
ISIC_0025893,NV,1,0.9751349091529846,NV,1,0.9751349091529846,1
ISIC_0031877,NV,1,0.9751372933387756,NV,1,0.9751372933387756,1
ISIC_0031070,NV,1,0.9751394391059875,NV,1,0.9751394391059875,1
ISIC_0026919,NV,1,0.9751416444778442,NV,1,0.9751416444778442,1
ISIC_0031637,NV,1,0.9751418232917786,NV,1,0.9751418232917786,1
ISIC_0033997,NV,1,0.9751430749893188,NV,1,0.9751430749893188,1
ISIC_0025269,NV,1,0.9751444458961487,NV,1,0.9751444458961487,1
ISIC_0030397,NV,1,0.9751572608947754,NV,1,0.9751572608947754,1
ISIC_0031555,NV,1,0.9751616716384888,NV,1,0.9751616716384888,1
ISIC_0033929,NV,1,0.9751805067062378,NV,1,0.9751805067062378,1
ISIC_0034249,NV,1,0.975181519985199,NV,1,0.975181519985199,1
ISIC_0031052,NV,1,0.9751825332641602,NV,1,0.9751825332641602,1
ISIC_0033091,NV,1,0.9751845598220825,NV,1,0.9751845598220825,1
ISIC_0025625,NV,1,0.9752011299133301,NV,1,0.9752011299133301,1
ISIC_0024319,NV,1,0.9752097725868225,NV,1,0.9752097725868225,1
ISIC_0024648,NV,1,0.9752185940742493,NV,1,0.9752185940742493,1
ISIC_0024355,NV,1,0.9752413630485535,NV,1,0.9752413630485535,1
ISIC_0031330,NV,1,0.9752497673034668,NV,1,0.9752497673034668,1
ISIC_0027386,NV,1,0.9752622246742249,NV,1,0.9752622246742249,1
ISIC_0032855,NV,1,0.9752742648124695,NV,1,0.9752742648124695,1
ISIC_0032344,NV,1,0.975274920463562,NV,1,0.975274920463562,1
ISIC_0033043,NV,1,0.975276529788971,NV,1,0.975276529788971,1
ISIC_0032071,NV,1,0.9752951264381409,NV,1,0.9752951264381409,1
ISIC_0033134,NV,1,0.975296139717102,NV,1,0.975296139717102,1
ISIC_0029233,BKL,4,0.9753015637397766,BKL,4,0.9753015637397766,1
ISIC_0030265,NV,1,0.9753045439720154,NV,1,0.9753045439720154,1
ISIC_0026450,NV,1,0.975307285785675,NV,1,0.975307285785675,1
ISIC_0029072,NV,1,0.9753363132476807,NV,1,0.9753363132476807,1
ISIC_0030947,NV,1,0.9753392338752747,NV,1,0.9753392338752747,1
ISIC_0026934,NV,1,0.9753447771072388,NV,1,0.9753447771072388,1
ISIC_0031588,NV,1,0.9753457307815552,NV,1,0.9753457307815552,1
ISIC_0026750,NV,1,0.9753740429878235,NV,1,0.9753740429878235,1
ISIC_0032265,MEL,0,0.9753806591033936,MEL,0,0.9753806591033936,1
ISIC_0031663,NV,1,0.9753824472427368,NV,1,0.9753824472427368,1
ISIC_0024687,NV,1,0.975389838218689,NV,1,0.975389838218689,1
ISIC_0033840,NV,1,0.9753955006599426,NV,1,0.9753955006599426,1
ISIC_0031488,NV,1,0.9753966331481934,NV,1,0.9753966331481934,1
ISIC_0027212,NV,1,0.9754025340080261,NV,1,0.9754025340080261,1
ISIC_0025945,NV,1,0.9754025340080261,NV,1,0.9754025340080261,1
ISIC_0031415,NV,1,0.9754050374031067,NV,1,0.9754050374031067,1
ISIC_0029159,NV,1,0.9754077196121216,NV,1,0.9754077196121216,1
ISIC_0033970,NV,1,0.9754120707511902,NV,1,0.9754120707511902,1
ISIC_0027057,BCC,2,0.9754510521888733,BCC,2,0.9754510521888733,1
ISIC_0026753,NV,1,0.9754648208618164,NV,1,0.9754648208618164,1
ISIC_0029398,NV,1,0.9754841923713684,NV,1,0.9754841923713684,1
ISIC_0031015,NV,1,0.9754903316497803,NV,1,0.9754903316497803,1
ISIC_0027542,NV,1,0.9755109548568726,NV,1,0.9755109548568726,1
ISIC_0026751,NV,1,0.9755118489265442,NV,1,0.9755118489265442,1
ISIC_0032521,NV,1,0.9755154848098755,NV,1,0.9755154848098755,1
ISIC_0026160,NV,1,0.9755306839942932,NV,1,0.9755306839942932,1
ISIC_0033935,NV,1,0.9755550026893616,NV,1,0.9755550026893616,1
ISIC_0034210,NV,1,0.9755555391311646,NV,1,0.9755555391311646,1
ISIC_0028606,NV,1,0.9755722284317017,NV,1,0.9755722284317017,1
ISIC_0027412,NV,1,0.9755926728248596,NV,1,0.9755926728248596,1
ISIC_0027530,NV,1,0.9756082892417908,NV,1,0.9756082892417908,1
ISIC_0030758,BKL,4,0.9756220579147339,BKL,4,0.9756220579147339,1
ISIC_0029871,NV,1,0.9756373763084412,NV,1,0.9756373763084412,1
ISIC_0029385,NV,1,0.975664496421814,NV,1,0.975664496421814,1
ISIC_0032261,NV,1,0.9756711721420288,NV,1,0.9756711721420288,1
ISIC_0031689,NV,1,0.9756755828857422,NV,1,0.9756755828857422,1
ISIC_0030590,NV,1,0.9756883978843689,NV,1,0.9756883978843689,1
ISIC_0032340,NV,1,0.9757094979286194,NV,1,0.9757094979286194,1
ISIC_0033247,NV,1,0.9757260084152222,NV,1,0.9757260084152222,1
ISIC_0029082,BCC,2,0.975730836391449,BCC,2,0.975730836391449,1
ISIC_0032495,NV,1,0.9757609367370605,NV,1,0.9757609367370605,1
ISIC_0027763,NV,1,0.9757624268531799,NV,1,0.9757624268531799,1
ISIC_0026617,NV,1,0.9757639765739441,NV,1,0.9757639765739441,1
ISIC_0027153,NV,1,0.9757713675498962,NV,1,0.9757713675498962,1
ISIC_0032275,NV,1,0.9757718443870544,NV,1,0.9757718443870544,1
ISIC_0032876,BKL,4,0.9757800102233887,BKL,4,0.9757800102233887,1
ISIC_0026806,NV,1,0.9757847785949707,NV,1,0.9757847785949707,1
ISIC_0031194,NV,1,0.9757971167564392,NV,1,0.9757971167564392,1
ISIC_0032172,NV,1,0.9758052229881287,NV,1,0.9758052229881287,1
ISIC_0025192,NV,1,0.9758058786392212,NV,1,0.9758058786392212,1
ISIC_0024867,VASC,6,0.9758176803588867,VASC,6,0.9758176803588867,1
ISIC_0026581,NV,1,0.9758186936378479,NV,1,0.9758186936378479,1
ISIC_0026758,NV,1,0.975818932056427,NV,1,0.975818932056427,1
ISIC_0025771,DF,5,0.9758235812187195,DF,5,0.9758235812187195,1
ISIC_0033297,NV,1,0.9758279919624329,NV,1,0.9758279919624329,1
ISIC_0033870,NV,1,0.9758284687995911,NV,1,0.9758284687995911,1
ISIC_0025514,NV,1,0.9758327007293701,NV,1,0.9758327007293701,1
ISIC_0033328,NV,1,0.9758344888687134,NV,1,0.9758344888687134,1
ISIC_0024359,NV,1,0.9758386015892029,NV,1,0.9758386015892029,1
ISIC_0033954,NV,1,0.9758498072624207,NV,1,0.9758498072624207,1
ISIC_0029544,NV,1,0.9758521914482117,NV,1,0.9758521914482117,1
ISIC_0027843,NV,1,0.9758529663085938,NV,1,0.9758529663085938,1
ISIC_0026087,NV,1,0.9758639931678772,NV,1,0.9758639931678772,1
ISIC_0028647,NV,1,0.9758803844451904,NV,1,0.9758803844451904,1
ISIC_0026033,NV,1,0.9758830666542053,NV,1,0.9758830666542053,1
ISIC_0026757,NV,1,0.975907027721405,NV,1,0.975907027721405,1
ISIC_0030559,NV,1,0.9759182929992676,NV,1,0.9759182929992676,1
ISIC_0031798,NV,1,0.9759213328361511,NV,1,0.9759213328361511,1
ISIC_0026695,NV,1,0.975925862789154,NV,1,0.975925862789154,1
ISIC_0028628,BKL,4,0.9759264588356018,BKL,4,0.9759264588356018,1
ISIC_0027570,NV,1,0.9759358763694763,NV,1,0.9759358763694763,1
ISIC_0031680,NV,1,0.9759368896484375,NV,1,0.9759368896484375,1
ISIC_0034092,MEL,0,0.9759438037872314,MEL,0,0.9759438037872314,1
ISIC_0033223,NV,1,0.9759450554847717,NV,1,0.9759450554847717,1
ISIC_0032166,NV,1,0.9759545922279358,NV,1,0.9759545922279358,1
ISIC_0027601,BCC,2,0.9759548306465149,BCC,2,0.9759548306465149,1
ISIC_0033291,NV,1,0.9759579300880432,NV,1,0.9759579300880432,1
ISIC_0033530,NV,1,0.9759583473205566,NV,1,0.9759583473205566,1
ISIC_0033824,NV,1,0.9759839177131653,NV,1,0.9759839177131653,1
ISIC_0024390,NV,1,0.9759889245033264,NV,1,0.9759889245033264,1
ISIC_0026747,NV,1,0.9759892225265503,NV,1,0.9759892225265503,1
ISIC_0027424,NV,1,0.9760045409202576,NV,1,0.9760045409202576,1
ISIC_0031503,NV,1,0.9760079979896545,NV,1,0.9760079979896545,1
ISIC_0031465,BKL,4,0.9760125279426575,BKL,4,0.9760125279426575,1
ISIC_0034133,NV,1,0.9760586023330688,NV,1,0.9760586023330688,1
ISIC_0033788,NV,1,0.9760633111000061,NV,1,0.9760633111000061,1
ISIC_0028260,NV,1,0.9760846495628357,NV,1,0.9760846495628357,1
ISIC_0033078,NV,1,0.9760861396789551,NV,1,0.9760861396789551,1
ISIC_0027489,NV,1,0.976086437702179,NV,1,0.976086437702179,1
ISIC_0028559,NV,1,0.9760879278182983,NV,1,0.9760879278182983,1
ISIC_0034238,NV,1,0.9761156439781189,NV,1,0.9761156439781189,1
ISIC_0028284,NV,1,0.9761313199996948,NV,1,0.9761313199996948,1
ISIC_0033657,NV,1,0.9761389493942261,NV,1,0.9761389493942261,1
ISIC_0034278,NV,1,0.9761580228805542,NV,1,0.9761580228805542,1
ISIC_0028642,MEL,0,0.9761735796928406,MEL,0,0.9761735796928406,1
ISIC_0027199,NV,1,0.9761812090873718,NV,1,0.9761812090873718,1
ISIC_0032027,NV,1,0.9761943817138672,NV,1,0.9761943817138672,1
ISIC_0029865,NV,1,0.9761976599693298,NV,1,0.9761976599693298,1
ISIC_0027697,NV,1,0.9762258529663086,NV,1,0.9762258529663086,1
ISIC_0030652,NV,1,0.9762263894081116,NV,1,0.9762263894081116,1
ISIC_0031425,NV,1,0.9762287735939026,NV,1,0.9762287735939026,1
ISIC_0029194,NV,1,0.9762393236160278,NV,1,0.9762393236160278,1
ISIC_0028927,NV,1,0.976244330406189,NV,1,0.976244330406189,1
ISIC_0030121,NV,1,0.976252555847168,NV,1,0.976252555847168,1
ISIC_0031087,MEL,0,0.9762623906135559,MEL,0,0.9762623906135559,1
ISIC_0032848,NV,1,0.9762685298919678,NV,1,0.9762685298919678,1
ISIC_0033353,NV,1,0.9762827754020691,NV,1,0.9762827754020691,1
ISIC_0028513,NV,1,0.9763038754463196,NV,1,0.9763038754463196,1
ISIC_0025271,NV,1,0.9763180613517761,NV,1,0.9763180613517761,1
ISIC_0032986,NV,1,0.9763259291648865,NV,1,0.9763259291648865,1
ISIC_0031054,NV,1,0.9763271808624268,NV,1,0.9763271808624268,1
ISIC_0029074,NV,1,0.9763428568840027,NV,1,0.9763428568840027,1
ISIC_0033652,NV,1,0.9763591289520264,NV,1,0.9763591289520264,1
ISIC_0030352,BCC,2,0.9763607978820801,BCC,2,0.9763607978820801,1
ISIC_0026974,NV,1,0.9763609170913696,NV,1,0.9763609170913696,1
ISIC_0031920,NV,1,0.9763622879981995,NV,1,0.9763622879981995,1
ISIC_0027732,NV,1,0.9763627648353577,NV,1,0.9763627648353577,1
ISIC_0032164,BCC,2,0.9763635396957397,BCC,2,0.9763635396957397,1
ISIC_0029757,NV,1,0.9763720631599426,NV,1,0.9763720631599426,1
ISIC_0030692,NV,1,0.976389467716217,NV,1,0.976389467716217,1
ISIC_0031483,NV,1,0.9764221906661987,NV,1,0.9764221906661987,1
ISIC_0030116,NV,1,0.9764285683631897,NV,1,0.9764285683631897,1
ISIC_0030656,NV,1,0.9764368534088135,NV,1,0.9764368534088135,1
ISIC_0031342,NV,1,0.9764391183853149,NV,1,0.9764391183853149,1
ISIC_0025367,NV,1,0.9764418601989746,NV,1,0.9764418601989746,1
ISIC_0032827,BKL,4,0.9764479994773865,BKL,4,0.9764479994773865,1
ISIC_0028659,AKIEC,3,0.976455807685852,AKIEC,3,0.976455807685852,1
ISIC_0027866,NV,1,0.9764575362205505,NV,1,0.9764575362205505,1
ISIC_0032240,VASC,6,0.9764698147773743,VASC,6,0.9764698147773743,1
ISIC_0026129,NV,1,0.9765060544013977,NV,1,0.9765060544013977,1
ISIC_0028855,NV,1,0.9765087962150574,NV,1,0.9765087962150574,1
ISIC_0026079,NV,1,0.9765302538871765,NV,1,0.9765302538871765,1
ISIC_0033898,NV,1,0.9765535593032837,NV,1,0.9765535593032837,1
ISIC_0027454,BKL,4,0.9765588045120239,BKL,4,0.9765588045120239,1
ISIC_0029380,NV,1,0.9765596389770508,NV,1,0.9765596389770508,1
ISIC_0026184,NV,1,0.9765632748603821,NV,1,0.9765632748603821,1
ISIC_0024995,NV,1,0.9765670895576477,NV,1,0.9765670895576477,1
ISIC_0026027,NV,1,0.9766198396682739,NV,1,0.9766198396682739,1
ISIC_0032925,MEL,0,0.976624071598053,MEL,0,0.976624071598053,1
ISIC_0024581,BKL,4,0.9766268134117126,BKL,4,0.9766268134117126,1
ISIC_0029611,NV,1,0.9766427278518677,NV,1,0.9766427278518677,1
ISIC_0028864,NV,1,0.9766632914543152,NV,1,0.9766632914543152,1
ISIC_0031615,NV,1,0.9766653776168823,NV,1,0.9766653776168823,1
ISIC_0028410,MEL,0,0.976675808429718,MEL,0,0.976675808429718,1
ISIC_0030469,NV,1,0.9766783118247986,NV,1,0.9766783118247986,1
ISIC_0028105,NV,1,0.9766923189163208,NV,1,0.9766923189163208,1
ISIC_0024936,NV,1,0.976714015007019,NV,1,0.976714015007019,1
ISIC_0031583,NV,1,0.9767208695411682,NV,1,0.9767208695411682,1
ISIC_0032961,NV,1,0.9767239093780518,NV,1,0.9767239093780518,1
ISIC_0024714,NV,1,0.9767359495162964,NV,1,0.9767359495162964,1
ISIC_0029102,BKL,4,0.9767503142356873,BKL,4,0.9767503142356873,1
ISIC_0026204,NV,1,0.9767612218856812,NV,1,0.9767612218856812,1
ISIC_0031834,NV,1,0.976774275302887,NV,1,0.976774275302887,1
ISIC_0025149,NV,1,0.976774275302887,NV,1,0.976774275302887,1
ISIC_0027512,NV,1,0.9767764806747437,NV,1,0.9767764806747437,1
ISIC_0031924,NV,1,0.9767842888832092,NV,1,0.9767842888832092,1
ISIC_0029504,NV,1,0.9767894148826599,NV,1,0.9767894148826599,1
ISIC_0024837,NV,1,0.9767922759056091,NV,1,0.9767922759056091,1
ISIC_0033208,NV,1,0.9768109321594238,NV,1,0.9768109321594238,1
ISIC_0031461,NV,1,0.9768128395080566,NV,1,0.9768128395080566,1
ISIC_0029302,BKL,4,0.9768218398094177,BKL,4,0.9768218398094177,1
ISIC_0031345,BKL,4,0.9768707752227783,BKL,4,0.9768707752227783,1
ISIC_0029387,NV,1,0.9768759608268738,NV,1,0.9768759608268738,1
ISIC_0024391,NV,1,0.9768943190574646,NV,1,0.9768943190574646,1
ISIC_0028745,NV,1,0.9769086241722107,NV,1,0.9769086241722107,1
ISIC_0026792,NV,1,0.976909875869751,NV,1,0.976909875869751,1
ISIC_0026658,NV,1,0.9769160151481628,NV,1,0.9769160151481628,1
ISIC_0027823,NV,1,0.9769418835639954,NV,1,0.9769418835639954,1
ISIC_0031354,NV,1,0.9769511818885803,NV,1,0.9769511818885803,1
ISIC_0024387,NV,1,0.9769517779350281,NV,1,0.9769517779350281,1
ISIC_0032418,NV,1,0.9769546985626221,NV,1,0.9769546985626221,1
ISIC_0028992,BKL,4,0.9769579172134399,BKL,4,0.9769579172134399,1
ISIC_0032527,NV,1,0.9769704341888428,NV,1,0.9769704341888428,1
ISIC_0031788,NV,1,0.9769954681396484,NV,1,0.9769954681396484,1
ISIC_0032878,NV,1,0.9769986271858215,NV,1,0.9769986271858215,1
ISIC_0029669,BCC,2,0.9770012497901917,BCC,2,0.9770012497901917,1
ISIC_0030392,NV,1,0.9770079851150513,NV,1,0.9770079851150513,1
ISIC_0026782,NV,1,0.9770345687866211,NV,1,0.9770345687866211,1
ISIC_0033276,NV,1,0.9770479202270508,NV,1,0.9770479202270508,1
ISIC_0025555,NV,1,0.9770566821098328,NV,1,0.9770566821098328,1
ISIC_0030402,NV,1,0.9770622253417969,NV,1,0.9770622253417969,1
ISIC_0027185,NV,1,0.9770819544792175,NV,1,0.9770819544792175,1
ISIC_0029024,NV,1,0.9770937561988831,NV,1,0.9770937561988831,1
ISIC_0029707,NV,1,0.977100133895874,NV,1,0.977100133895874,1
ISIC_0027575,NV,1,0.9771225452423096,NV,1,0.9771225452423096,1
ISIC_0027689,NV,1,0.9771293997764587,NV,1,0.9771293997764587,1
ISIC_0026304,NV,1,0.9771300554275513,NV,1,0.9771300554275513,1
ISIC_0030517,NV,1,0.9771305322647095,NV,1,0.9771305322647095,1
ISIC_0025517,NV,1,0.977130651473999,NV,1,0.977130651473999,1
ISIC_0028638,NV,1,0.9771339297294617,NV,1,0.9771339297294617,1
ISIC_0033030,NV,1,0.9771501421928406,NV,1,0.9771501421928406,1
ISIC_0032885,NV,1,0.9771662950515747,NV,1,0.9771662950515747,1
ISIC_0026785,NV,1,0.9771676659584045,NV,1,0.9771676659584045,1
ISIC_0028542,BCC,2,0.977181077003479,BCC,2,0.977181077003479,1
ISIC_0033035,NV,1,0.9771929979324341,NV,1,0.9771929979324341,1
ISIC_0029979,NV,1,0.9771996140480042,NV,1,0.9771996140480042,1
ISIC_0030992,NV,1,0.9772018790245056,NV,1,0.9772018790245056,1
ISIC_0030598,NV,1,0.977218747138977,NV,1,0.977218747138977,1
ISIC_0025429,NV,1,0.9772322773933411,NV,1,0.9772322773933411,1
ISIC_0025533,NV,1,0.9772350192070007,NV,1,0.9772350192070007,1
ISIC_0034193,NV,1,0.9772385358810425,NV,1,0.9772385358810425,1
ISIC_0027319,NV,1,0.9772500395774841,NV,1,0.9772500395774841,1
ISIC_0025732,MEL,0,0.9772799015045166,MEL,0,0.9772799015045166,1
ISIC_0027768,NV,1,0.977281391620636,NV,1,0.977281391620636,1
ISIC_0025474,NV,1,0.9772895574569702,NV,1,0.9772895574569702,1
ISIC_0029218,NV,1,0.9772984385490417,NV,1,0.9772984385490417,1
ISIC_0028966,NV,1,0.9773174524307251,NV,1,0.9773174524307251,1
ISIC_0027902,NV,1,0.977338969707489,NV,1,0.977338969707489,1
ISIC_0032379,NV,1,0.9773434400558472,NV,1,0.9773434400558472,1
ISIC_0033053,NV,1,0.9773674607276917,NV,1,0.9773674607276917,1
ISIC_0031182,NV,1,0.9773696064949036,NV,1,0.9773696064949036,1
ISIC_0028007,NV,1,0.9773724675178528,NV,1,0.9773724675178528,1
ISIC_0032288,NV,1,0.9773945808410645,NV,1,0.9773945808410645,1
ISIC_0029735,NV,1,0.9774033427238464,NV,1,0.9774033427238464,1
ISIC_0031306,NV,1,0.977403998374939,NV,1,0.977403998374939,1
ISIC_0025236,NV,1,0.97740638256073,NV,1,0.97740638256073,1
ISIC_0027049,NV,1,0.9774137735366821,NV,1,0.9774137735366821,1
ISIC_0025704,NV,1,0.9774176478385925,NV,1,0.9774176478385925,1
ISIC_0030232,NV,1,0.9774215221405029,NV,1,0.9774215221405029,1
ISIC_0027596,NV,1,0.9774280190467834,NV,1,0.9774280190467834,1
ISIC_0025897,NV,1,0.9774521589279175,NV,1,0.9774521589279175,1
ISIC_0024737,NV,1,0.9774671196937561,NV,1,0.9774671196937561,1
ISIC_0032721,NV,1,0.9774730205535889,NV,1,0.9774730205535889,1
ISIC_0026302,NV,1,0.9774742722511292,NV,1,0.9774742722511292,1
ISIC_0033519,NV,1,0.9774793982505798,NV,1,0.9774793982505798,1
ISIC_0028141,NV,1,0.9774831533432007,NV,1,0.9774831533432007,1
ISIC_0025493,NV,1,0.9775052666664124,NV,1,0.9775052666664124,1
ISIC_0025120,NV,1,0.9775357842445374,NV,1,0.9775357842445374,1
ISIC_0030449,NV,1,0.9775441884994507,NV,1,0.9775441884994507,1
ISIC_0026359,NV,1,0.977569043636322,NV,1,0.977569043636322,1
ISIC_0031112,NV,1,0.9775878190994263,NV,1,0.9775878190994263,1
ISIC_0027379,NV,1,0.9776041507720947,NV,1,0.9776041507720947,1
ISIC_0031887,NV,1,0.9776102900505066,NV,1,0.9776102900505066,1
ISIC_0026816,NV,1,0.9776131510734558,NV,1,0.9776131510734558,1
ISIC_0032784,NV,1,0.9776161313056946,NV,1,0.9776161313056946,1
ISIC_0029809,NV,1,0.9776241779327393,NV,1,0.9776241779327393,1
ISIC_0028500,NV,1,0.977624773979187,NV,1,0.977624773979187,1
ISIC_0026309,NV,1,0.977629542350769,NV,1,0.977629542350769,1
ISIC_0024536,NV,1,0.9776347875595093,NV,1,0.9776347875595093,1
ISIC_0025052,NV,1,0.9776366949081421,NV,1,0.9776366949081421,1
ISIC_0028861,NV,1,0.9776402711868286,NV,1,0.9776402711868286,1
ISIC_0031024,BKL,4,0.9776757955551147,BKL,4,0.9776757955551147,1
ISIC_0033993,NV,1,0.9776893854141235,NV,1,0.9776893854141235,1
ISIC_0026997,NV,1,0.9776951670646667,NV,1,0.9776951670646667,1
ISIC_0029602,BCC,2,0.9777024984359741,BCC,2,0.9777024984359741,1
ISIC_0031196,BKL,4,0.9777044057846069,BKL,4,0.9777044057846069,1
ISIC_0031004,NV,1,0.9777047634124756,NV,1,0.9777047634124756,1
ISIC_0032409,VASC,6,0.9777231812477112,VASC,6,0.9777231812477112,1
ISIC_0032686,NV,1,0.9777498841285706,NV,1,0.9777498841285706,1
ISIC_0029920,NV,1,0.9777716398239136,NV,1,0.9777716398239136,1
ISIC_0028739,BCC,2,0.977774977684021,BCC,2,0.977774977684021,1
ISIC_0033771,NV,1,0.9777801036834717,NV,1,0.9777801036834717,1
ISIC_0029169,NV,1,0.9777870178222656,NV,1,0.9777870178222656,1
ISIC_0029421,NV,1,0.977794885635376,NV,1,0.977794885635376,1
ISIC_0028405,NV,1,0.9777957201004028,NV,1,0.9777957201004028,1
ISIC_0030895,NV,1,0.9777969717979431,NV,1,0.9777969717979431,1
ISIC_0028784,NV,1,0.9778178930282593,NV,1,0.9778178930282593,1
ISIC_0032405,NV,1,0.9778218865394592,NV,1,0.9778218865394592,1
ISIC_0025798,NV,1,0.9778332114219666,NV,1,0.9778332114219666,1
ISIC_0028045,NV,1,0.9778359532356262,NV,1,0.9778359532356262,1
ISIC_0026615,NV,1,0.9778614640235901,NV,1,0.9778614640235901,1
ISIC_0031065,VASC,6,0.9778680801391602,VASC,6,0.9778680801391602,1
ISIC_0031316,NV,1,0.9778925776481628,NV,1,0.9778925776481628,1
ISIC_0025462,NV,1,0.9779013395309448,NV,1,0.9779013395309448,1
ISIC_0026560,NV,1,0.9779043197631836,NV,1,0.9779043197631836,1
ISIC_0033142,NV,1,0.9779069423675537,NV,1,0.9779069423675537,1
ISIC_0025749,NV,1,0.9779078364372253,NV,1,0.9779078364372253,1
ISIC_0028289,NV,1,0.9779159426689148,NV,1,0.9779159426689148,1
ISIC_0029944,NV,1,0.9779163002967834,NV,1,0.9779163002967834,1
ISIC_0025999,NV,1,0.9779175519943237,NV,1,0.9779175519943237,1
ISIC_0031240,NV,1,0.9779186844825745,NV,1,0.9779186844825745,1
ISIC_0029868,NV,1,0.9779291749000549,NV,1,0.9779291749000549,1
ISIC_0026525,AKIEC,3,0.9779640436172485,AKIEC,3,0.9779640436172485,1
ISIC_0028564,NV,1,0.9779645204544067,NV,1,0.9779645204544067,1
ISIC_0028486,BCC,2,0.9779735207557678,BCC,2,0.9779735207557678,1
ISIC_0026655,NV,1,0.9779767394065857,NV,1,0.9779767394065857,1
ISIC_0033718,NV,1,0.977986752986908,NV,1,0.977986752986908,1
ISIC_0025528,NV,1,0.9779893755912781,NV,1,0.9779893755912781,1
ISIC_0029399,NV,1,0.977999746799469,NV,1,0.977999746799469,1
ISIC_0026534,NV,1,0.9780091047286987,NV,1,0.9780091047286987,1
ISIC_0033914,NV,1,0.9780129790306091,NV,1,0.9780129790306091,1
ISIC_0033841,NV,1,0.9780345559120178,NV,1,0.9780345559120178,1
ISIC_0031941,MEL,0,0.978050172328949,MEL,0,0.978050172328949,1
ISIC_0024967,MEL,0,0.978088915348053,MEL,0,0.978088915348053,1
ISIC_0026188,MEL,0,0.9781079888343811,MEL,0,0.9781079888343811,1
ISIC_0025135,NV,1,0.9781097769737244,NV,1,0.9781097769737244,1
ISIC_0026375,NV,1,0.9781160354614258,NV,1,0.9781160354614258,1
ISIC_0027284,NV,1,0.978132963180542,NV,1,0.978132963180542,1
ISIC_0030332,NV,1,0.9781339764595032,NV,1,0.9781339764595032,1
ISIC_0033906,NV,1,0.9781367182731628,NV,1,0.9781367182731628,1
ISIC_0029365,NV,1,0.9781484603881836,NV,1,0.9781484603881836,1
ISIC_0032740,BKL,4,0.9781755805015564,BKL,4,0.9781755805015564,1
ISIC_0028242,NV,1,0.9781824350357056,NV,1,0.9781824350357056,1
ISIC_0027472,NV,1,0.978217363357544,NV,1,0.978217363357544,1
ISIC_0026588,NV,1,0.9782313704490662,NV,1,0.9782313704490662,1
ISIC_0028705,NV,1,0.9782335758209229,NV,1,0.9782335758209229,1
ISIC_0032163,NV,1,0.9782516956329346,NV,1,0.9782516956329346,1
ISIC_0031850,NV,1,0.978253960609436,NV,1,0.978253960609436,1
ISIC_0032531,MEL,0,0.9782565832138062,MEL,0,0.9782565832138062,1
ISIC_0028279,NV,1,0.9782628417015076,NV,1,0.9782628417015076,1
ISIC_0030966,NV,1,0.9782958626747131,NV,1,0.9782958626747131,1
ISIC_0031241,NV,1,0.9783051013946533,NV,1,0.9783051013946533,1
ISIC_0025966,NV,1,0.9783058762550354,NV,1,0.9783058762550354,1
ISIC_0031205,NV,1,0.978306770324707,NV,1,0.978306770324707,1
ISIC_0028885,VASC,6,0.9783070087432861,VASC,6,0.9783070087432861,1
ISIC_0027810,NV,1,0.9783108830451965,NV,1,0.9783108830451965,1
ISIC_0029926,NV,1,0.9783185720443726,NV,1,0.9783185720443726,1
ISIC_0028160,NV,1,0.9783331751823425,NV,1,0.9783331751823425,1
ISIC_0028724,NV,1,0.9783485531806946,NV,1,0.9783485531806946,1
ISIC_0026788,NV,1,0.9783591628074646,NV,1,0.9783591628074646,1
ISIC_0032472,NV,1,0.9783594012260437,NV,1,0.9783594012260437,1
ISIC_0034176,NV,1,0.9783602952957153,NV,1,0.9783602952957153,1
ISIC_0031195,NV,1,0.9783615469932556,NV,1,0.9783615469932556,1
ISIC_0028922,NV,1,0.9783647656440735,NV,1,0.9783647656440735,1
ISIC_0029814,NV,1,0.9783720374107361,NV,1,0.9783720374107361,1
ISIC_0024790,NV,1,0.9783765077590942,NV,1,0.9783765077590942,1
ISIC_0028078,NV,1,0.9783766269683838,NV,1,0.9783766269683838,1
ISIC_0027313,NV,1,0.9783871173858643,NV,1,0.9783871173858643,1
ISIC_0027565,NV,1,0.9783926010131836,NV,1,0.9783926010131836,1
ISIC_0033316,NV,1,0.978429913520813,NV,1,0.978429913520813,1
ISIC_0029349,NV,1,0.9784464836120605,NV,1,0.9784464836120605,1
ISIC_0028421,NV,1,0.9784673452377319,NV,1,0.9784673452377319,1
ISIC_0030330,NV,1,0.9784879088401794,NV,1,0.9784879088401794,1
ISIC_0027012,NV,1,0.9784921407699585,NV,1,0.9784921407699585,1
ISIC_0024732,MEL,0,0.9784925580024719,MEL,0,0.9784925580024719,1
ISIC_0029520,NV,1,0.9785424470901489,NV,1,0.9785424470901489,1
ISIC_0028918,NV,1,0.9785460829734802,NV,1,0.9785460829734802,1
ISIC_0026778,NV,1,0.9785504341125488,NV,1,0.9785504341125488,1
ISIC_0032641,NV,1,0.9785584211349487,NV,1,0.9785584211349487,1
ISIC_0025912,NV,1,0.9785609245300293,NV,1,0.9785609245300293,1
ISIC_0033994,NV,1,0.9785627722740173,NV,1,0.9785627722740173,1
ISIC_0030464,NV,1,0.9785943031311035,NV,1,0.9785943031311035,1
ISIC_0026405,NV,1,0.9786142706871033,NV,1,0.9786142706871033,1
ISIC_0034233,MEL,0,0.9786167740821838,MEL,0,0.9786167740821838,1
ISIC_0033048,NV,1,0.9786381125450134,NV,1,0.9786381125450134,1
ISIC_0026992,AKIEC,3,0.978644847869873,AKIEC,3,0.978644847869873,1
ISIC_0025572,NV,1,0.9786453247070312,NV,1,0.9786453247070312,1
ISIC_0034244,NV,1,0.9786496758460999,NV,1,0.9786496758460999,1
ISIC_0027644,NV,1,0.9786792397499084,NV,1,0.9786792397499084,1
ISIC_0030490,NV,1,0.9786989688873291,NV,1,0.9786989688873291,1
ISIC_0026595,NV,1,0.978706955909729,NV,1,0.978706955909729,1
ISIC_0032671,NV,1,0.9787150621414185,NV,1,0.9787150621414185,1
ISIC_0027841,NV,1,0.9787459969520569,NV,1,0.9787459969520569,1
ISIC_0032631,NV,1,0.9787507057189941,NV,1,0.9787507057189941,1
ISIC_0028668,NV,1,0.9787808656692505,NV,1,0.9787808656692505,1
ISIC_0028226,NV,1,0.9787814021110535,NV,1,0.9787814021110535,1
ISIC_0028584,MEL,0,0.9787845015525818,MEL,0,0.9787845015525818,1
ISIC_0026505,NV,1,0.9787903428077698,NV,1,0.9787903428077698,1
ISIC_0025933,NV,1,0.9788070917129517,NV,1,0.9788070917129517,1
ISIC_0030027,NV,1,0.978816568851471,NV,1,0.978816568851471,1
ISIC_0027857,NV,1,0.9788211584091187,NV,1,0.9788211584091187,1
ISIC_0032927,MEL,0,0.9788345098495483,MEL,0,0.9788345098495483,1
ISIC_0031463,NV,1,0.9788371324539185,NV,1,0.9788371324539185,1
ISIC_0030570,NV,1,0.9788373708724976,NV,1,0.9788373708724976,1
ISIC_0029234,NV,1,0.9788486957550049,NV,1,0.9788486957550049,1
ISIC_0025894,NV,1,0.9788501858711243,NV,1,0.9788501858711243,1
ISIC_0025938,NV,1,0.9788649082183838,NV,1,0.9788649082183838,1
ISIC_0032777,BCC,2,0.9788700342178345,BCC,2,0.9788700342178345,1
ISIC_0031962,NV,1,0.978877604007721,NV,1,0.978877604007721,1
ISIC_0027073,NV,1,0.9788796305656433,NV,1,0.9788796305656433,1
ISIC_0033205,BCC,2,0.9788803458213806,BCC,2,0.9788803458213806,1
ISIC_0030264,NV,1,0.9788870811462402,NV,1,0.9788870811462402,1
ISIC_0025009,NV,1,0.9789014458656311,NV,1,0.9789014458656311,1
ISIC_0033867,NV,1,0.9789157509803772,NV,1,0.9789157509803772,1
ISIC_0029645,NV,1,0.9789278507232666,NV,1,0.9789278507232666,1
ISIC_0029381,NV,1,0.9789528846740723,NV,1,0.9789528846740723,1
ISIC_0030962,NV,1,0.9789602756500244,NV,1,0.9789602756500244,1
ISIC_0031128,NV,1,0.978962242603302,NV,1,0.978962242603302,1
ISIC_0031109,NV,1,0.9789779186248779,NV,1,0.9789779186248779,1
ISIC_0033086,NV,1,0.9789891839027405,NV,1,0.9789891839027405,1
ISIC_0030550,NV,1,0.9789931774139404,NV,1,0.9789931774139404,1
ISIC_0032153,NV,1,0.9790071249008179,NV,1,0.9790071249008179,1
ISIC_0027129,NV,1,0.9790216684341431,NV,1,0.9790216684341431,1
ISIC_0029856,BCC,2,0.9790306687355042,BCC,2,0.9790306687355042,1
ISIC_0027827,NV,1,0.9790323972702026,NV,1,0.9790323972702026,1
ISIC_0030208,BKL,4,0.9790509939193726,BKL,4,0.9790509939193726,1
ISIC_0033492,NV,1,0.9791154861450195,NV,1,0.9791154861450195,1
ISIC_0032575,NV,1,0.9791224598884583,NV,1,0.9791224598884583,1
ISIC_0031003,NV,1,0.9791648387908936,NV,1,0.9791648387908936,1
ISIC_0026122,NV,1,0.9791858792304993,NV,1,0.9791858792304993,1
ISIC_0024983,NV,1,0.9791920185089111,NV,1,0.9791920185089111,1
ISIC_0032442,NV,1,0.9792019724845886,NV,1,0.9792019724845886,1
ISIC_0032739,NV,1,0.9792585968971252,NV,1,0.9792585968971252,1
ISIC_0030878,NV,1,0.9792714715003967,NV,1,0.9792714715003967,1
ISIC_0028277,NV,1,0.9792776703834534,NV,1,0.9792776703834534,1
ISIC_0033137,NV,1,0.97928786277771,NV,1,0.97928786277771,1
ISIC_0032228,NV,1,0.9792911410331726,NV,1,0.9792911410331726,1
ISIC_0026709,AKIEC,3,0.9792921543121338,AKIEC,3,0.9792921543121338,1
ISIC_0027962,NV,1,0.9793007373809814,NV,1,0.9793007373809814,1
ISIC_0033936,NV,1,0.9793015718460083,NV,1,0.9793015718460083,1
ISIC_0032112,NV,1,0.9793139100074768,NV,1,0.9793139100074768,1
ISIC_0032753,NV,1,0.9793413281440735,NV,1,0.9793413281440735,1
ISIC_0034215,NV,1,0.9793444275856018,NV,1,0.9793444275856018,1
ISIC_0025647,NV,1,0.9793455600738525,NV,1,0.9793455600738525,1
ISIC_0033430,NV,1,0.9793592691421509,NV,1,0.9793592691421509,1
ISIC_0032663,NV,1,0.9793602228164673,NV,1,0.9793602228164673,1
ISIC_0028896,NV,1,0.9793988466262817,NV,1,0.9793988466262817,1
ISIC_0027655,NV,1,0.9794028401374817,NV,1,0.9794028401374817,1
ISIC_0034199,NV,1,0.9794100522994995,NV,1,0.9794100522994995,1
ISIC_0024736,NV,1,0.9794231057167053,NV,1,0.9794231057167053,1
ISIC_0029132,NV,1,0.9794573783874512,NV,1,0.9794573783874512,1
ISIC_0028028,NV,1,0.9794595837593079,NV,1,0.9794595837593079,1
ISIC_0032121,NV,1,0.979468822479248,NV,1,0.979468822479248,1
ISIC_0032632,NV,1,0.9794735312461853,NV,1,0.9794735312461853,1
ISIC_0034246,MEL,0,0.9794740080833435,MEL,0,0.9794740080833435,1
ISIC_0029373,NV,1,0.9794823527336121,NV,1,0.9794823527336121,1
ISIC_0034182,NV,1,0.9794924259185791,NV,1,0.9794924259185791,1
ISIC_0030667,NV,1,0.9794933199882507,NV,1,0.9794933199882507,1
ISIC_0025987,MEL,0,0.9795006513595581,MEL,0,0.9795006513595581,1
ISIC_0027140,NV,1,0.9795129895210266,NV,1,0.9795129895210266,1
ISIC_0027201,NV,1,0.9795230627059937,NV,1,0.9795230627059937,1
ISIC_0033161,NV,1,0.9795380234718323,NV,1,0.9795380234718323,1
ISIC_0030290,NV,1,0.9795422554016113,NV,1,0.9795422554016113,1
ISIC_0027835,NV,1,0.9795432686805725,NV,1,0.9795432686805725,1
ISIC_0032998,NV,1,0.9795513153076172,NV,1,0.9795513153076172,1
ISIC_0026016,BKL,4,0.9795676469802856,BKL,4,0.9795676469802856,1
ISIC_0032582,NV,1,0.9795680046081543,NV,1,0.9795680046081543,1
ISIC_0024572,BCC,2,0.9795737266540527,BCC,2,0.9795737266540527,1
ISIC_0026407,NV,1,0.9795910120010376,NV,1,0.9795910120010376,1
ISIC_0032993,MEL,0,0.9795956015586853,MEL,0,0.9795956015586853,1
ISIC_0031495,BKL,4,0.9795956611633301,BKL,4,0.9795956611633301,1
ISIC_0033516,NV,1,0.9796159267425537,NV,1,0.9796159267425537,1
ISIC_0025000,NV,1,0.9796183109283447,NV,1,0.9796183109283447,1
ISIC_0030484,NV,1,0.9796258807182312,NV,1,0.9796258807182312,1
ISIC_0024643,BKL,4,0.9796282052993774,BKL,4,0.9796282052993774,1
ISIC_0026224,NV,1,0.9796335697174072,NV,1,0.9796335697174072,1
ISIC_0032545,VASC,6,0.9796397089958191,VASC,6,0.9796397089958191,1
ISIC_0029989,NV,1,0.9796524047851562,NV,1,0.9796524047851562,1
ISIC_0025690,NV,1,0.9796531200408936,NV,1,0.9796531200408936,1
ISIC_0032473,NV,1,0.979656994342804,NV,1,0.979656994342804,1
ISIC_0026091,BCC,2,0.9796642065048218,BCC,2,0.9796642065048218,1
ISIC_0031536,NV,1,0.9796685576438904,NV,1,0.9796685576438904,1
ISIC_0032658,NV,1,0.979671061038971,NV,1,0.979671061038971,1
ISIC_0029461,NV,1,0.9796862006187439,NV,1,0.9796862006187439,1
ISIC_0033973,BKL,4,0.9796961545944214,BKL,4,0.9796961545944214,1
ISIC_0024779,NV,1,0.9796961545944214,NV,1,0.9796961545944214,1
ISIC_0027589,NV,1,0.9797092080116272,NV,1,0.9797092080116272,1
ISIC_0033202,NV,1,0.9797213077545166,NV,1,0.9797213077545166,1
ISIC_0034228,NV,1,0.9797217845916748,NV,1,0.9797217845916748,1
ISIC_0028272,NV,1,0.9797486662864685,NV,1,0.9797486662864685,1
ISIC_0030462,NV,1,0.9797757863998413,NV,1,0.9797757863998413,1
ISIC_0034008,NV,1,0.9797841310501099,NV,1,0.9797841310501099,1
ISIC_0027854,NV,1,0.9798188209533691,NV,1,0.9798188209533691,1
ISIC_0025212,NV,1,0.9798234105110168,NV,1,0.9798234105110168,1
ISIC_0024388,NV,1,0.9798235893249512,NV,1,0.9798235893249512,1
ISIC_0024411,BCC,2,0.9798335433006287,BCC,2,0.9798335433006287,1
ISIC_0031437,NV,1,0.9798421263694763,NV,1,0.9798421263694763,1
ISIC_0029457,NV,1,0.9798438549041748,NV,1,0.9798438549041748,1
ISIC_0028363,NV,1,0.9798632264137268,NV,1,0.9798632264137268,1
ISIC_0033439,NV,1,0.979889988899231,NV,1,0.979889988899231,1
ISIC_0033474,NV,1,0.979899525642395,NV,1,0.979899525642395,1
ISIC_0025930,NV,1,0.9799010753631592,NV,1,0.9799010753631592,1
ISIC_0030196,NV,1,0.979921817779541,NV,1,0.979921817779541,1
ISIC_0026213,BCC,2,0.9799220561981201,BCC,2,0.9799220561981201,1
ISIC_0028239,NV,1,0.9799264073371887,NV,1,0.9799264073371887,1
ISIC_0033857,NV,1,0.9799341559410095,NV,1,0.9799341559410095,1
ISIC_0031299,NV,1,0.9799420833587646,NV,1,0.9799420833587646,1
ISIC_0030052,NV,1,0.979963481426239,NV,1,0.979963481426239,1
ISIC_0029845,NV,1,0.9799664616584778,NV,1,0.9799664616584778,1
ISIC_0024317,NV,1,0.9799710512161255,NV,1,0.9799710512161255,1
ISIC_0030446,BCC,2,0.9799780249595642,BCC,2,0.9799780249595642,1
ISIC_0028337,NV,1,0.9799903035163879,NV,1,0.9799903035163879,1
ISIC_0027370,BKL,4,0.9799938201904297,BKL,4,0.9799938201904297,1
ISIC_0025039,NV,1,0.9799988865852356,NV,1,0.9799988865852356,1
ISIC_0026216,NV,1,0.98001629114151,NV,1,0.98001629114151,1
ISIC_0027946,NV,1,0.9800189137458801,NV,1,0.9800189137458801,1
ISIC_0029720,NV,1,0.9800436496734619,NV,1,0.9800436496734619,1
ISIC_0032928,NV,1,0.9800451397895813,NV,1,0.9800451397895813,1
ISIC_0028940,NV,1,0.9800574779510498,NV,1,0.9800574779510498,1
ISIC_0024615,NV,1,0.9800843000411987,NV,1,0.9800843000411987,1
ISIC_0026357,NV,1,0.9800974726676941,NV,1,0.9800974726676941,1
ISIC_0032953,NV,1,0.9801021218299866,NV,1,0.9801021218299866,1
ISIC_0026691,NV,1,0.9801087975502014,NV,1,0.9801087975502014,1
ISIC_0031264,NV,1,0.9801129102706909,NV,1,0.9801129102706909,1
ISIC_0032260,NV,1,0.9801521897315979,NV,1,0.9801521897315979,1
ISIC_0032682,NV,1,0.9801693558692932,NV,1,0.9801693558692932,1
ISIC_0026465,NV,1,0.9801830053329468,NV,1,0.9801830053329468,1
ISIC_0029262,NV,1,0.980209231376648,NV,1,0.980209231376648,1
ISIC_0026031,NV,1,0.9802145957946777,NV,1,0.9802145957946777,1
ISIC_0025936,NV,1,0.980215847492218,NV,1,0.980215847492218,1
ISIC_0026157,NV,1,0.9802215099334717,NV,1,0.9802215099334717,1
ISIC_0033851,NV,1,0.9802231788635254,NV,1,0.9802231788635254,1
ISIC_0029030,NV,1,0.9802342057228088,NV,1,0.9802342057228088,1
ISIC_0028153,NV,1,0.9802505970001221,NV,1,0.9802505970001221,1
ISIC_0025794,NV,1,0.9802507162094116,NV,1,0.9802507162094116,1
ISIC_0029204,NV,1,0.9802548289299011,NV,1,0.9802548289299011,1
ISIC_0034016,NV,1,0.9802794456481934,NV,1,0.9802794456481934,1
ISIC_0029239,NV,1,0.980288028717041,NV,1,0.980288028717041,1
ISIC_0024339,NV,1,0.9802892804145813,NV,1,0.9802892804145813,1
ISIC_0032614,VASC,6,0.9803155064582825,VASC,6,0.9803155064582825,1
ISIC_0031831,BKL,4,0.9803175926208496,BKL,4,0.9803175926208496,1
ISIC_0028119,NV,1,0.9803262948989868,NV,1,0.9803262948989868,1
ISIC_0031223,BKL,4,0.9803275465965271,BKL,4,0.9803275465965271,1
ISIC_0026149,AKIEC,3,0.9803336262702942,AKIEC,3,0.9803336262702942,1
ISIC_0033731,NV,1,0.9803358912467957,NV,1,0.9803358912467957,1
ISIC_0026448,NV,1,0.9803439378738403,NV,1,0.9803439378738403,1
ISIC_0032487,NV,1,0.980351984500885,NV,1,0.980351984500885,1
ISIC_0027554,NV,1,0.980361819267273,NV,1,0.980361819267273,1
ISIC_0034023,NV,1,0.9803885221481323,NV,1,0.9803885221481323,1
ISIC_0028823,NV,1,0.980389416217804,NV,1,0.980389416217804,1
ISIC_0027119,NV,1,0.9803990721702576,NV,1,0.9803990721702576,1
ISIC_0032824,NV,1,0.980414867401123,NV,1,0.980414867401123,1
ISIC_0026490,VASC,6,0.980416476726532,VASC,6,0.980416476726532,1
ISIC_0030850,NV,1,0.980424702167511,NV,1,0.980424702167511,1
ISIC_0025458,NV,1,0.9804359674453735,NV,1,0.9804359674453735,1
ISIC_0027208,NV,1,0.9804372191429138,NV,1,0.9804372191429138,1
ISIC_0031876,BKL,4,0.98044353723526,BKL,4,0.98044353723526,1
ISIC_0031617,NV,1,0.9804571270942688,NV,1,0.9804571270942688,1
ISIC_0032919,VASC,6,0.9804894924163818,VASC,6,0.9804894924163818,1
ISIC_0026639,NV,1,0.9804959893226624,NV,1,0.9804959893226624,1
ISIC_0032749,NV,1,0.9805155992507935,NV,1,0.9805155992507935,1
ISIC_0031713,NV,1,0.9805158376693726,NV,1,0.9805158376693726,1
ISIC_0031701,NV,1,0.9805190563201904,NV,1,0.9805190563201904,1
ISIC_0028598,NV,1,0.9805380702018738,NV,1,0.9805380702018738,1
ISIC_0033517,NV,1,0.9805615544319153,NV,1,0.9805615544319153,1
ISIC_0027355,BKL,4,0.9805622696876526,BKL,4,0.9805622696876526,1
ISIC_0032589,NV,1,0.9805799126625061,NV,1,0.9805799126625061,1
ISIC_0032712,NV,1,0.980633556842804,NV,1,0.980633556842804,1
ISIC_0027519,NV,1,0.9806344509124756,NV,1,0.9806344509124756,1
ISIC_0034143,BCC,2,0.980641782283783,BCC,2,0.980641782283783,1
ISIC_0034302,NV,1,0.9806506037712097,NV,1,0.9806506037712097,1
ISIC_0032544,MEL,0,0.9806914329528809,MEL,0,0.9806914329528809,1
ISIC_0027122,NV,1,0.9807201027870178,NV,1,0.9807201027870178,1
ISIC_0027609,BCC,2,0.9807291626930237,BCC,2,0.9807291626930237,1
ISIC_0033298,NV,1,0.9807437062263489,NV,1,0.9807437062263489,1
ISIC_0025809,NV,1,0.9807642698287964,NV,1,0.9807642698287964,1
ISIC_0025156,NV,1,0.9807643294334412,NV,1,0.9807643294334412,1
ISIC_0028580,NV,1,0.9807805418968201,NV,1,0.9807805418968201,1
ISIC_0026114,NV,1,0.9807904958724976,NV,1,0.9807904958724976,1
ISIC_0025095,NV,1,0.9807971715927124,NV,1,0.9807971715927124,1
ISIC_0031767,NV,1,0.9808167815208435,NV,1,0.9808167815208435,1
ISIC_0026445,NV,1,0.9808472990989685,NV,1,0.9808472990989685,1
ISIC_0030584,NV,1,0.9808515310287476,NV,1,0.9808515310287476,1
ISIC_0034073,NV,1,0.9808530211448669,NV,1,0.9808530211448669,1
ISIC_0031840,NV,1,0.9808549284934998,NV,1,0.9808549284934998,1
ISIC_0029608,VASC,6,0.9808618426322937,VASC,6,0.9808618426322937,1
ISIC_0032446,NV,1,0.9808715581893921,NV,1,0.9808715581893921,1
ISIC_0026246,NV,1,0.9808754920959473,NV,1,0.9808754920959473,1
ISIC_0026982,NV,1,0.9808802008628845,NV,1,0.9808802008628845,1
ISIC_0030628,NV,1,0.980897068977356,NV,1,0.980897068977356,1
ISIC_0029892,NV,1,0.9809114933013916,NV,1,0.9809114933013916,1
ISIC_0026369,MEL,0,0.9809196591377258,MEL,0,0.9809196591377258,1
ISIC_0032503,NV,1,0.9809236526489258,NV,1,0.9809236526489258,1
ISIC_0028699,NV,1,0.9809304475784302,NV,1,0.9809304475784302,1
ISIC_0028800,NV,1,0.9809693098068237,NV,1,0.9809693098068237,1
ISIC_0029482,NV,1,0.9809814691543579,NV,1,0.9809814691543579,1
ISIC_0033544,NV,1,0.9810216426849365,NV,1,0.9810216426849365,1
ISIC_0025882,NV,1,0.9810268878936768,NV,1,0.9810268878936768,1
ISIC_0025104,NV,1,0.9810689091682434,NV,1,0.9810689091682434,1
ISIC_0031418,NV,1,0.9810976982116699,NV,1,0.9810976982116699,1
ISIC_0029560,NV,1,0.9811224937438965,NV,1,0.9811224937438965,1
ISIC_0032999,NV,1,0.9811314344406128,NV,1,0.9811314344406128,1
ISIC_0029435,NV,1,0.9811354279518127,NV,1,0.9811354279518127,1
ISIC_0033173,NV,1,0.9811443090438843,NV,1,0.9811443090438843,1
ISIC_0024917,NV,1,0.9811797738075256,NV,1,0.9811797738075256,1
ISIC_0029810,BKL,4,0.9811883568763733,BKL,4,0.9811883568763733,1
ISIC_0031269,NV,1,0.9812054634094238,NV,1,0.9812054634094238,1
ISIC_0027574,NV,1,0.981205940246582,NV,1,0.981205940246582,1
ISIC_0027070,NV,1,0.9812588095664978,NV,1,0.9812588095664978,1
ISIC_0027025,BKL,4,0.981285810470581,BKL,4,0.981285810470581,1
ISIC_0028905,NV,1,0.9812877774238586,NV,1,0.9812877774238586,1
ISIC_0031405,NV,1,0.9813065528869629,NV,1,0.9813065528869629,1
ISIC_0030704,NV,1,0.9813194274902344,NV,1,0.9813194274902344,1
ISIC_0025397,NV,1,0.9813247323036194,NV,1,0.9813247323036194,1
ISIC_0032766,MEL,0,0.9813448190689087,MEL,0,0.9813448190689087,1
ISIC_0025529,BKL,4,0.9813511371612549,BKL,4,0.9813511371612549,1
ISIC_0030640,NV,1,0.9813774228096008,NV,1,0.9813774228096008,1
ISIC_0027737,BKL,4,0.98139488697052,BKL,4,0.98139488697052,1
ISIC_0031148,NV,1,0.981396496295929,NV,1,0.981396496295929,1
ISIC_0030006,NV,1,0.9814074635505676,NV,1,0.9814074635505676,1
ISIC_0029366,NV,1,0.9814111590385437,NV,1,0.9814111590385437,1
ISIC_0031754,NV,1,0.9814243912696838,NV,1,0.9814243912696838,1
ISIC_0030287,NV,1,0.9814401865005493,NV,1,0.9814401865005493,1
ISIC_0032282,NV,1,0.9814485907554626,NV,1,0.9814485907554626,1
ISIC_0026664,MEL,0,0.9814572334289551,MEL,0,0.9814572334289551,1
ISIC_0028108,NV,1,0.9814813137054443,NV,1,0.9814813137054443,1
ISIC_0028187,NV,1,0.9815108180046082,NV,1,0.9815108180046082,1
ISIC_0029942,NV,1,0.9815222024917603,NV,1,0.9815222024917603,1
ISIC_0033010,NV,1,0.9815633296966553,NV,1,0.9815633296966553,1
ISIC_0031780,NV,1,0.9815681576728821,NV,1,0.9815681576728821,1
ISIC_0028205,NV,1,0.981584370136261,NV,1,0.981584370136261,1
ISIC_0027528,NV,1,0.9815977811813354,NV,1,0.9815977811813354,1
ISIC_0027783,NV,1,0.9816023707389832,NV,1,0.9816023707389832,1
ISIC_0028935,NV,1,0.9816082119941711,NV,1,0.9816082119941711,1
ISIC_0026784,NV,1,0.9816218018531799,NV,1,0.9816218018531799,1
ISIC_0025660,NV,1,0.9816389083862305,NV,1,0.9816389083862305,1
ISIC_0030053,NV,1,0.9816411733627319,NV,1,0.9816411733627319,1
ISIC_0026653,NV,1,0.9816610813140869,NV,1,0.9816610813140869,1
ISIC_0025378,BKL,4,0.9816754460334778,BKL,4,0.9816754460334778,1
ISIC_0028380,NV,1,0.9816802740097046,NV,1,0.9816802740097046,1
ISIC_0029439,VASC,6,0.9816828966140747,VASC,6,0.9816828966140747,1
ISIC_0026699,NV,1,0.9817385077476501,NV,1,0.9817385077476501,1
ISIC_0033842,NV,1,0.9817720651626587,NV,1,0.9817720651626587,1
ISIC_0026924,NV,1,0.9817849397659302,NV,1,0.9817849397659302,1
ISIC_0025621,NV,1,0.9818035364151001,NV,1,0.9818035364151001,1
ISIC_0025375,NV,1,0.9818071126937866,NV,1,0.9818071126937866,1
ISIC_0027959,NV,1,0.9818137884140015,NV,1,0.9818137884140015,1
ISIC_0028871,BCC,2,0.981814444065094,BCC,2,0.981814444065094,1
ISIC_0033233,NV,1,0.981836199760437,NV,1,0.981836199760437,1
ISIC_0025518,NV,1,0.9818381071090698,NV,1,0.9818381071090698,1
ISIC_0025570,NV,1,0.9818399548530579,NV,1,0.9818399548530579,1
ISIC_0032006,BKL,4,0.9818443655967712,BKL,4,0.9818443655967712,1
ISIC_0025162,NV,1,0.9818509817123413,NV,1,0.9818509817123413,1
ISIC_0025240,NV,1,0.9818543195724487,NV,1,0.9818543195724487,1
ISIC_0025148,NV,1,0.9818570017814636,NV,1,0.9818570017814636,1
ISIC_0031201,VASC,6,0.9818717837333679,VASC,6,0.9818717837333679,1
ISIC_0026764,NV,1,0.9818775653839111,NV,1,0.9818775653839111,1
ISIC_0028874,NV,1,0.9818790555000305,NV,1,0.9818790555000305,1
ISIC_0030003,NV,1,0.9818894863128662,NV,1,0.9818894863128662,1
ISIC_0029422,NV,1,0.9819118976593018,NV,1,0.9819118976593018,1
ISIC_0025225,NV,1,0.9819281101226807,NV,1,0.9819281101226807,1
ISIC_0028792,BKL,4,0.9819669723510742,BKL,4,0.9819669723510742,1
ISIC_0026936,NV,1,0.9819725155830383,NV,1,0.9819725155830383,1
ISIC_0034007,BKL,4,0.9819862842559814,BKL,4,0.9819862842559814,1
ISIC_0030454,NV,1,0.9819907546043396,NV,1,0.9819907546043396,1
ISIC_0032357,NV,1,0.9819915890693665,NV,1,0.9819915890693665,1
ISIC_0032764,NV,1,0.9820098280906677,NV,1,0.9820098280906677,1
ISIC_0029694,NV,1,0.9820283651351929,NV,1,0.9820283651351929,1
ISIC_0026975,NV,1,0.9820380210876465,NV,1,0.9820380210876465,1
ISIC_0031414,NV,1,0.9820693731307983,NV,1,0.9820693731307983,1
ISIC_0031552,BCC,2,0.9820744395256042,BCC,2,0.9820744395256042,1
ISIC_0024716,NV,1,0.9820746779441833,NV,1,0.9820746779441833,1
ISIC_0031103,VASC,6,0.9820835590362549,VASC,6,0.9820835590362549,1
ISIC_0027422,NV,1,0.9821138978004456,NV,1,0.9821138978004456,1
ISIC_0026328,NV,1,0.9821150302886963,NV,1,0.9821150302886963,1
ISIC_0025082,NV,1,0.9821231961250305,NV,1,0.9821231961250305,1
ISIC_0030974,NV,1,0.9821321964263916,NV,1,0.9821321964263916,1
ISIC_0030723,BKL,4,0.9821361899375916,BKL,4,0.9821361899375916,1
ISIC_0024734,NV,1,0.9821457266807556,NV,1,0.9821457266807556,1
ISIC_0033508,NV,1,0.9821571111679077,NV,1,0.9821571111679077,1
ISIC_0031744,NV,1,0.9821978211402893,NV,1,0.9821978211402893,1
ISIC_0028322,NV,1,0.9822036027908325,NV,1,0.9822036027908325,1
ISIC_0028983,NV,1,0.9822084307670593,NV,1,0.9822084307670593,1
ISIC_0034156,NV,1,0.9822176098823547,NV,1,0.9822176098823547,1
ISIC_0033441,NV,1,0.9822205901145935,NV,1,0.9822205901145935,1
ISIC_0025648,NV,1,0.982222318649292,NV,1,0.982222318649292,1
ISIC_0034080,NV,1,0.9822308421134949,NV,1,0.9822308421134949,1
ISIC_0032891,NV,1,0.9822497963905334,NV,1,0.9822497963905334,1
ISIC_0027501,NV,1,0.9822507500648499,NV,1,0.9822507500648499,1
ISIC_0030891,NV,1,0.9822616577148438,NV,1,0.9822616577148438,1
ISIC_0024600,NV,1,0.9822670817375183,NV,1,0.9822670817375183,1
ISIC_0026480,NV,1,0.982273280620575,NV,1,0.982273280620575,1
ISIC_0032800,NV,1,0.982282280921936,NV,1,0.982282280921936,1
ISIC_0033515,NV,1,0.9823185205459595,NV,1,0.9823185205459595,1
ISIC_0025047,NV,1,0.9823371171951294,NV,1,0.9823371171951294,1
ISIC_0024389,NV,1,0.9823763370513916,NV,1,0.9823763370513916,1
ISIC_0024657,NV,1,0.9823828935623169,NV,1,0.9823828935623169,1
ISIC_0033926,NV,1,0.9823850989341736,NV,1,0.9823850989341736,1
ISIC_0032213,NV,1,0.9823858141899109,NV,1,0.9823858141899109,1
ISIC_0031864,NV,1,0.9824314713478088,NV,1,0.9824314713478088,1
ISIC_0030221,NV,1,0.9824413657188416,NV,1,0.9824413657188416,1
ISIC_0025568,NV,1,0.98244708776474,NV,1,0.98244708776474,1
ISIC_0030485,NV,1,0.9824513792991638,NV,1,0.9824513792991638,1
ISIC_0025207,NV,1,0.982454240322113,NV,1,0.982454240322113,1
ISIC_0031802,NV,1,0.9824661016464233,NV,1,0.9824661016464233,1
ISIC_0029729,NV,1,0.9824877381324768,NV,1,0.9824877381324768,1
ISIC_0034316,MEL,0,0.9824884533882141,MEL,0,0.9824884533882141,1
ISIC_0028510,NV,1,0.9824908375740051,NV,1,0.9824908375740051,1
ISIC_0029781,AKIEC,3,0.9824953079223633,AKIEC,3,0.9824953079223633,1
ISIC_0025741,NV,1,0.9824983477592468,NV,1,0.9824983477592468,1
ISIC_0033767,NV,1,0.9825037121772766,NV,1,0.9825037121772766,1
ISIC_0026911,NV,1,0.9825096130371094,NV,1,0.9825096130371094,1
ISIC_0029403,NV,1,0.9825180172920227,NV,1,0.9825180172920227,1
ISIC_0032009,NV,1,0.9825184345245361,NV,1,0.9825184345245361,1
ISIC_0033003,NV,1,0.9825407862663269,NV,1,0.9825407862663269,1
ISIC_0026333,NV,1,0.9825436472892761,NV,1,0.9825436472892761,1
ISIC_0030615,NV,1,0.9825515151023865,NV,1,0.9825515151023865,1
ISIC_0031178,NV,1,0.9825671315193176,NV,1,0.9825671315193176,1
ISIC_0033443,NV,1,0.9825705885887146,NV,1,0.9825705885887146,1
ISIC_0033188,NV,1,0.9825952053070068,NV,1,0.9825952053070068,1
ISIC_0027775,NV,1,0.9826180338859558,NV,1,0.9826180338859558,1
ISIC_0025563,NV,1,0.9826184511184692,NV,1,0.9826184511184692,1
ISIC_0024619,NV,1,0.9826360940933228,NV,1,0.9826360940933228,1
ISIC_0032528,NV,1,0.9826453924179077,NV,1,0.9826453924179077,1
ISIC_0028960,NV,1,0.9826458692550659,NV,1,0.9826458692550659,1
ISIC_0029274,NV,1,0.9826483130455017,NV,1,0.9826483130455017,1
ISIC_0028982,NV,1,0.9826667904853821,NV,1,0.9826667904853821,1
ISIC_0028150,NV,1,0.9826774001121521,NV,1,0.9826774001121521,1
ISIC_0028477,NV,1,0.9826793670654297,NV,1,0.9826793670654297,1
ISIC_0024957,NV,1,0.9826870560646057,NV,1,0.9826870560646057,1
ISIC_0026862,NV,1,0.9826940894126892,NV,1,0.9826940894126892,1
ISIC_0031064,NV,1,0.9826975464820862,NV,1,0.9826975464820862,1
ISIC_0033853,BKL,4,0.9826987981796265,BKL,4,0.9826987981796265,1
ISIC_0028524,NV,1,0.9827086925506592,NV,1,0.9827086925506592,1
ISIC_0031172,NV,1,0.9827137589454651,NV,1,0.9827137589454651,1
ISIC_0031311,NV,1,0.9827258586883545,NV,1,0.9827258586883545,1
ISIC_0026421,NV,1,0.982729434967041,NV,1,0.982729434967041,1
ISIC_0030542,BKL,4,0.9827604293823242,BKL,4,0.9827604293823242,1
ISIC_0025521,NV,1,0.9827651381492615,NV,1,0.9827651381492615,1
ISIC_0030960,NV,1,0.9827662706375122,NV,1,0.9827662706375122,1
ISIC_0027344,BKL,4,0.9828282594680786,BKL,4,0.9828282594680786,1
ISIC_0031660,NV,1,0.9828553795814514,NV,1,0.9828553795814514,1
ISIC_0033406,NV,1,0.9828563332557678,NV,1,0.9828563332557678,1
ISIC_0029493,NV,1,0.9828684329986572,NV,1,0.9828684329986572,1
ISIC_0034194,NV,1,0.9828734993934631,NV,1,0.9828734993934631,1
ISIC_0028957,NV,1,0.9829283356666565,NV,1,0.9829283356666565,1
ISIC_0033645,NV,1,0.9829348921775818,NV,1,0.9829348921775818,1
ISIC_0025989,NV,1,0.9829459190368652,NV,1,0.9829459190368652,1
ISIC_0033872,MEL,0,0.9829640984535217,MEL,0,0.9829640984535217,1
ISIC_0025083,BKL,4,0.9829720854759216,BKL,4,0.9829720854759216,1
ISIC_0029528,NV,1,0.9829826951026917,NV,1,0.9829826951026917,1
ISIC_0028088,NV,1,0.9829891324043274,NV,1,0.9829891324043274,1
ISIC_0030058,NV,1,0.9829918742179871,NV,1,0.9829918742179871,1
ISIC_0027339,NV,1,0.9829933643341064,NV,1,0.9829933643341064,1
ISIC_0031841,NV,1,0.9829971790313721,NV,1,0.9829971790313721,1
ISIC_0029796,NV,1,0.9830377101898193,NV,1,0.9830377101898193,1
ISIC_0024616,NV,1,0.9830448627471924,NV,1,0.9830448627471924,1
ISIC_0031987,BKL,4,0.9830527305603027,BKL,4,0.9830527305603027,1
ISIC_0030781,NV,1,0.9830553531646729,NV,1,0.9830553531646729,1
ISIC_0030073,NV,1,0.9830701947212219,NV,1,0.9830701947212219,1
ISIC_0025007,NV,1,0.9831114411354065,NV,1,0.9831114411354065,1
ISIC_0026097,NV,1,0.9831458330154419,NV,1,0.9831458330154419,1
ISIC_0032647,NV,1,0.9831599593162537,NV,1,0.9831599593162537,1
ISIC_0030896,NV,1,0.9832003116607666,NV,1,0.9832003116607666,1
ISIC_0026937,NV,1,0.9832165837287903,NV,1,0.9832165837287903,1
ISIC_0032520,NV,1,0.9832229018211365,NV,1,0.9832229018211365,1
ISIC_0030796,NV,1,0.983224630355835,NV,1,0.983224630355835,1
ISIC_0028585,NV,1,0.9832286834716797,NV,1,0.9832286834716797,1
ISIC_0033912,NV,1,0.9832399487495422,NV,1,0.9832399487495422,1
ISIC_0030140,NV,1,0.9832409620285034,NV,1,0.9832409620285034,1
ISIC_0025730,NV,1,0.9832561016082764,NV,1,0.9832561016082764,1
ISIC_0029311,BKL,4,0.9832566380500793,BKL,4,0.9832566380500793,1
ISIC_0029352,BCC,2,0.9832760095596313,BCC,2,0.9832760095596313,1
ISIC_0030508,NV,1,0.9832868576049805,NV,1,0.9832868576049805,1
ISIC_0024484,NV,1,0.9833048582077026,NV,1,0.9833048582077026,1
ISIC_0033789,NV,1,0.9833183288574219,NV,1,0.9833183288574219,1
ISIC_0029400,NV,1,0.9833369851112366,NV,1,0.9833369851112366,1
ISIC_0034243,MEL,0,0.9833643436431885,MEL,0,0.9833643436431885,1
ISIC_0032510,NV,1,0.9833652377128601,NV,1,0.9833652377128601,1
ISIC_0032754,NV,1,0.9833769798278809,NV,1,0.9833769798278809,1
ISIC_0024551,NV,1,0.9833812713623047,NV,1,0.9833812713623047,1
ISIC_0024847,NV,1,0.9834004044532776,NV,1,0.9834004044532776,1
ISIC_0030282,NV,1,0.9834281802177429,NV,1,0.9834281802177429,1
ISIC_0028631,NV,1,0.9834398031234741,NV,1,0.9834398031234741,1
ISIC_0029916,NV,1,0.9834417700767517,NV,1,0.9834417700767517,1
ISIC_0033580,NV,1,0.9834463000297546,NV,1,0.9834463000297546,1
ISIC_0033488,BKL,4,0.9834606051445007,BKL,4,0.9834606051445007,1
ISIC_0027878,NV,1,0.9834690093994141,NV,1,0.9834690093994141,1
ISIC_0030439,NV,1,0.9834889769554138,NV,1,0.9834889769554138,1
ISIC_0024491,NV,1,0.9834977388381958,NV,1,0.9834977388381958,1
ISIC_0034138,NV,1,0.983549952507019,NV,1,0.983549952507019,1
ISIC_0025422,NV,1,0.9835521578788757,NV,1,0.9835521578788757,1
ISIC_0032811,NV,1,0.9835789203643799,NV,1,0.9835789203643799,1
ISIC_0032637,MEL,0,0.9835792183876038,MEL,0,0.9835792183876038,1
ISIC_0033924,BKL,4,0.9835959672927856,BKL,4,0.9835959672927856,1
ISIC_0033677,BKL,4,0.9836086630821228,BKL,4,0.9836086630821228,1
ISIC_0024690,NV,1,0.9836291670799255,NV,1,0.9836291670799255,1
ISIC_0032439,BCC,2,0.9836349487304688,BCC,2,0.9836349487304688,1
ISIC_0029249,BKL,4,0.9836459159851074,BKL,4,0.9836459159851074,1
ISIC_0032088,NV,1,0.9836477637290955,NV,1,0.9836477637290955,1
ISIC_0024445,BKL,4,0.9836573004722595,BKL,4,0.9836573004722595,1
ISIC_0033543,NV,1,0.9836596250534058,NV,1,0.9836596250534058,1
ISIC_0027569,NV,1,0.983672559261322,NV,1,0.983672559261322,1
ISIC_0030848,NV,1,0.9837321639060974,NV,1,0.9837321639060974,1
ISIC_0031435,NV,1,0.9837408661842346,NV,1,0.9837408661842346,1
ISIC_0025579,NV,1,0.9837443232536316,NV,1,0.9837443232536316,1
ISIC_0033864,NV,1,0.9837489128112793,NV,1,0.9837489128112793,1
ISIC_0026128,NV,1,0.9837497472763062,NV,1,0.9837497472763062,1
ISIC_0033249,NV,1,0.9837785363197327,NV,1,0.9837785363197327,1
ISIC_0034101,MEL,0,0.9837839007377625,MEL,0,0.9837839007377625,1
ISIC_0032040,BKL,4,0.9838067293167114,BKL,4,0.9838067293167114,1
ISIC_0032896,NV,1,0.9838093519210815,NV,1,0.9838093519210815,1
ISIC_0027265,NV,1,0.9838334918022156,NV,1,0.9838334918022156,1
ISIC_0025641,NV,1,0.9838468432426453,NV,1,0.9838468432426453,1
ISIC_0030582,NV,1,0.983924388885498,NV,1,0.983924388885498,1
ISIC_0024482,MEL,0,0.9839357137680054,MEL,0,0.9839357137680054,1
ISIC_0031238,NV,1,0.9839562773704529,NV,1,0.9839562773704529,1
ISIC_0032747,NV,1,0.9840280413627625,NV,1,0.9840280413627625,1
ISIC_0029127,NV,1,0.9840542674064636,NV,1,0.9840542674064636,1
ISIC_0025159,NV,1,0.9840599298477173,NV,1,0.9840599298477173,1
ISIC_0025327,NV,1,0.9840683341026306,NV,1,0.9840683341026306,1
ISIC_0028588,NV,1,0.9840793013572693,NV,1,0.9840793013572693,1
ISIC_0025094,NV,1,0.9840831160545349,NV,1,0.9840831160545349,1
ISIC_0033365,NV,1,0.9840838313102722,NV,1,0.9840838313102722,1
ISIC_0029950,NV,1,0.9840943217277527,NV,1,0.9840943217277527,1
ISIC_0031683,NV,1,0.9841136932373047,NV,1,0.9841136932373047,1
ISIC_0033119,NV,1,0.9841156601905823,NV,1,0.9841156601905823,1
ISIC_0032654,BKL,4,0.9841259717941284,BKL,4,0.9841259717941284,1
ISIC_0029712,NV,1,0.984131395816803,NV,1,0.984131395816803,1
ISIC_0033514,NV,1,0.9841510057449341,NV,1,0.9841510057449341,1
ISIC_0028349,NV,1,0.9841543436050415,NV,1,0.9841543436050415,1
ISIC_0029228,NV,1,0.9841552972793579,NV,1,0.9841552972793579,1
ISIC_0032599,NV,1,0.9841561913490295,NV,1,0.9841561913490295,1
ISIC_0033833,NV,1,0.9841567873954773,NV,1,0.9841567873954773,1
ISIC_0024473,NV,1,0.9841698408126831,NV,1,0.9841698408126831,1
ISIC_0028276,NV,1,0.9841727018356323,NV,1,0.9841727018356323,1
ISIC_0026101,NV,1,0.9841850996017456,NV,1,0.9841850996017456,1
ISIC_0027475,NV,1,0.9842212200164795,NV,1,0.9842212200164795,1
ISIC_0031271,DF,5,0.9842509031295776,DF,5,0.9842509031295776,1
ISIC_0029145,NV,1,0.9842771291732788,NV,1,0.9842771291732788,1
ISIC_0024472,BCC,2,0.984284520149231,BCC,2,0.984284520149231,1
ISIC_0031364,NV,1,0.9843003153800964,NV,1,0.9843003153800964,1
ISIC_0026135,BKL,4,0.984307587146759,BKL,4,0.984307587146759,1
ISIC_0029664,NV,1,0.9843116402626038,NV,1,0.9843116402626038,1
ISIC_0033755,NV,1,0.9843193888664246,NV,1,0.9843193888664246,1
ISIC_0028438,NV,1,0.9843207597732544,NV,1,0.9843207597732544,1
ISIC_0033067,NV,1,0.984329879283905,NV,1,0.984329879283905,1
ISIC_0026777,NV,1,0.9843350052833557,NV,1,0.9843350052833557,1
ISIC_0026460,NV,1,0.9843771457672119,NV,1,0.9843771457672119,1
ISIC_0024668,NV,1,0.9843979477882385,NV,1,0.9843979477882385,1
ISIC_0029517,NV,1,0.9844051003456116,NV,1,0.9844051003456116,1
ISIC_0024370,VASC,6,0.9844508171081543,VASC,6,0.9844508171081543,1
ISIC_0026741,NV,1,0.9844740629196167,NV,1,0.9844740629196167,1
ISIC_0030009,NV,1,0.9844777584075928,NV,1,0.9844777584075928,1
ISIC_0028979,NV,1,0.9844856262207031,NV,1,0.9844856262207031,1
ISIC_0026273,BKL,4,0.9845170378684998,BKL,4,0.9845170378684998,1
ISIC_0024419,NV,1,0.9845245480537415,NV,1,0.9845245480537415,1
ISIC_0033214,NV,1,0.9845340251922607,NV,1,0.9845340251922607,1
ISIC_0034301,NV,1,0.9845409393310547,NV,1,0.9845409393310547,1
ISIC_0028116,NV,1,0.9845516085624695,NV,1,0.9845516085624695,1
ISIC_0032515,NV,1,0.9845682382583618,NV,1,0.9845682382583618,1
ISIC_0033104,NV,1,0.9845755100250244,NV,1,0.9845755100250244,1
ISIC_0032866,VASC,6,0.9845837354660034,VASC,6,0.9845837354660034,1
ISIC_0026219,BKL,4,0.984587550163269,BKL,4,0.984587550163269,1
ISIC_0033028,NV,1,0.9845965504646301,NV,1,0.9845965504646301,1
ISIC_0024825,BKL,4,0.9846113324165344,BKL,4,0.9846113324165344,1
ISIC_0024398,NV,1,0.9846158623695374,NV,1,0.9846158623695374,1
ISIC_0032284,NV,1,0.9846174716949463,NV,1,0.9846174716949463,1
ISIC_0026738,MEL,0,0.9846197962760925,MEL,0,0.9846197962760925,1
ISIC_0031507,NV,1,0.9846342206001282,NV,1,0.9846342206001282,1
ISIC_0033865,BKL,4,0.9846373200416565,BKL,4,0.9846373200416565,1
ISIC_0033903,NV,1,0.9846605658531189,NV,1,0.9846605658531189,1
ISIC_0030993,NV,1,0.9846621751785278,NV,1,0.9846621751785278,1
ISIC_0028998,NV,1,0.9846675992012024,NV,1,0.9846675992012024,1
ISIC_0030364,NV,1,0.9846882224082947,NV,1,0.9846882224082947,1
ISIC_0029782,NV,1,0.9846910834312439,NV,1,0.9846910834312439,1
ISIC_0032930,NV,1,0.9847150444984436,NV,1,0.9847150444984436,1
ISIC_0029437,NV,1,0.9847150444984436,NV,1,0.9847150444984436,1
ISIC_0026961,BKL,4,0.984725296497345,BKL,4,0.984725296497345,1
ISIC_0032797,MEL,0,0.9847376942634583,MEL,0,0.9847376942634583,1
ISIC_0033075,NV,1,0.9847560524940491,NV,1,0.9847560524940491,1
ISIC_0026280,BKL,4,0.9847687482833862,BKL,4,0.9847687482833862,1
ISIC_0026061,NV,1,0.984782874584198,NV,1,0.984782874584198,1
ISIC_0030676,NV,1,0.9848054051399231,NV,1,0.9848054051399231,1
ISIC_0028221,NV,1,0.9848254323005676,NV,1,0.9848254323005676,1
ISIC_0033169,BKL,4,0.9848631024360657,BKL,4,0.9848631024360657,1
ISIC_0027116,NV,1,0.9849326014518738,NV,1,0.9849326014518738,1
ISIC_0024893,BKL,4,0.984965443611145,BKL,4,0.984965443611145,1
ISIC_0028698,NV,1,0.9849921464920044,NV,1,0.9849921464920044,1
ISIC_0033022,BKL,4,0.9849951863288879,BKL,4,0.9849951863288879,1
ISIC_0025767,BKL,4,0.9850084781646729,BKL,4,0.9850084781646729,1
ISIC_0024676,BKL,4,0.9850112795829773,BKL,4,0.9850112795829773,1
ISIC_0027197,NV,1,0.9850164651870728,NV,1,0.9850164651870728,1
ISIC_0026177,NV,1,0.9850397109985352,NV,1,0.9850397109985352,1
ISIC_0032107,NV,1,0.9850570559501648,NV,1,0.9850570559501648,1
ISIC_0029368,NV,1,0.9850587844848633,NV,1,0.9850587844848633,1
ISIC_0033765,NV,1,0.9850680232048035,NV,1,0.9850680232048035,1
ISIC_0030738,NV,1,0.9851277470588684,NV,1,0.9851277470588684,1
ISIC_0026649,NV,1,0.9851598143577576,NV,1,0.9851598143577576,1
ISIC_0032964,NV,1,0.9851884841918945,NV,1,0.9851884841918945,1
ISIC_0032372,MEL,0,0.9852010011672974,MEL,0,0.9852010011672974,1
ISIC_0024498,BKL,4,0.9852114915847778,BKL,4,0.9852114915847778,1
ISIC_0032648,NV,1,0.9852131009101868,NV,1,0.9852131009101868,1
ISIC_0029586,NV,1,0.985228419303894,NV,1,0.985228419303894,1
ISIC_0025329,NV,1,0.9852412343025208,NV,1,0.9852412343025208,1
ISIC_0027425,BCC,2,0.9852487444877625,BCC,2,0.9852487444877625,1
ISIC_0029009,NV,1,0.9852871894836426,NV,1,0.9852871894836426,1
ISIC_0032741,BCC,2,0.9852890372276306,BCC,2,0.9852890372276306,1
ISIC_0027634,NV,1,0.9852924942970276,NV,1,0.9852924942970276,1
ISIC_0030760,MEL,0,0.9853007197380066,MEL,0,0.9853007197380066,1
ISIC_0033135,VASC,6,0.985303521156311,VASC,6,0.985303521156311,1
ISIC_0026336,VASC,6,0.9853053689002991,VASC,6,0.9853053689002991,1
ISIC_0024783,NV,1,0.9853370785713196,NV,1,0.9853370785713196,1
ISIC_0029057,NV,1,0.9853492379188538,NV,1,0.9853492379188538,1
ISIC_0026459,NV,1,0.9853711128234863,NV,1,0.9853711128234863,1
ISIC_0032939,NV,1,0.9854261875152588,NV,1,0.9854261875152588,1
ISIC_0033126,NV,1,0.9854660034179688,NV,1,0.9854660034179688,1
ISIC_0032429,BCC,2,0.9854854941368103,BCC,2,0.9854854941368103,1
ISIC_0025680,VASC,6,0.9854881167411804,VASC,6,0.9854881167411804,1
ISIC_0029350,NV,1,0.9854896068572998,NV,1,0.9854896068572998,1
ISIC_0028355,NV,1,0.9854905605316162,NV,1,0.9854905605316162,1
ISIC_0031427,NV,1,0.9855116605758667,NV,1,0.9855116605758667,1
ISIC_0033080,NV,1,0.9855160117149353,NV,1,0.9855160117149353,1
ISIC_0029699,NV,1,0.9855263233184814,NV,1,0.9855263233184814,1
ISIC_0024877,BKL,4,0.9855336546897888,BKL,4,0.9855336546897888,1
ISIC_0025759,NV,1,0.9855377078056335,NV,1,0.9855377078056335,1
ISIC_0032484,NV,1,0.985597550868988,NV,1,0.985597550868988,1
ISIC_0033200,BKL,4,0.9856321811676025,BKL,4,0.9856321811676025,1
ISIC_0029625,NV,1,0.9856351613998413,NV,1,0.9856351613998413,1
ISIC_0033197,NV,1,0.9856587052345276,NV,1,0.9856587052345276,1
ISIC_0032145,NV,1,0.985662043094635,NV,1,0.985662043094635,1
ISIC_0033489,NV,1,0.9856744408607483,NV,1,0.9856744408607483,1
ISIC_0031814,NV,1,0.9857379198074341,NV,1,0.9857379198074341,1
ISIC_0026104,BKL,4,0.9857515692710876,BKL,4,0.9857515692710876,1
ISIC_0027537,NV,1,0.9857520461082458,NV,1,0.9857520461082458,1
ISIC_0028247,NV,1,0.9857828617095947,NV,1,0.9857828617095947,1
ISIC_0034280,BKL,4,0.9858074188232422,BKL,4,0.9858074188232422,1
ISIC_0033191,NV,1,0.9858239889144897,NV,1,0.9858239889144897,1
ISIC_0033314,NV,1,0.985855758190155,NV,1,0.985855758190155,1
ISIC_0029364,NV,1,0.9858761429786682,NV,1,0.9858761429786682,1
ISIC_0025710,BKL,4,0.9858883023262024,BKL,4,0.9858883023262024,1
ISIC_0026399,NV,1,0.9858976602554321,NV,1,0.9858976602554321,1
ISIC_0032375,NV,1,0.9859054684638977,NV,1,0.9859054684638977,1
ISIC_0031291,NV,1,0.9859080910682678,NV,1,0.9859080910682678,1
ISIC_0025164,NV,1,0.9859141111373901,NV,1,0.9859141111373901,1
ISIC_0031336,NV,1,0.9859347343444824,NV,1,0.9859347343444824,1
ISIC_0026749,NV,1,0.9859372973442078,NV,1,0.9859372973442078,1
ISIC_0026878,NV,1,0.9859548211097717,NV,1,0.9859548211097717,1
ISIC_0024356,NV,1,0.9859691858291626,NV,1,0.9859691858291626,1
ISIC_0033318,NV,1,0.9860023260116577,NV,1,0.9860023260116577,1
ISIC_0031197,VASC,6,0.9860062599182129,VASC,6,0.9860062599182129,1
ISIC_0029032,BKL,4,0.9860134720802307,BKL,4,0.9860134720802307,1
ISIC_0031433,NV,1,0.9860528707504272,NV,1,0.9860528707504272,1
ISIC_0029886,NV,1,0.9860597848892212,NV,1,0.9860597848892212,1
ISIC_0029217,BKL,4,0.9861345887184143,BKL,4,0.9861345887184143,1
ISIC_0031323,NV,1,0.9861771464347839,NV,1,0.9861771464347839,1
ISIC_0031866,NV,1,0.9861865043640137,NV,1,0.9861865043640137,1
ISIC_0024977,NV,1,0.9861905574798584,NV,1,0.9861905574798584,1
ISIC_0032594,NV,1,0.9862104058265686,NV,1,0.9862104058265686,1
ISIC_0033410,BKL,4,0.9862414598464966,BKL,4,0.9862414598464966,1
ISIC_0025863,NV,1,0.9862950444221497,NV,1,0.9862950444221497,1
ISIC_0025424,NV,1,0.9863090515136719,NV,1,0.9863090515136719,1
ISIC_0030214,NV,1,0.9863507151603699,NV,1,0.9863507151603699,1
ISIC_0032743,NV,1,0.9863700866699219,NV,1,0.9863700866699219,1
ISIC_0032141,NV,1,0.9863773584365845,NV,1,0.9863773584365845,1
ISIC_0025978,NV,1,0.9864035844802856,NV,1,0.9864035844802856,1
ISIC_0033600,NV,1,0.9864322543144226,NV,1,0.9864322543144226,1
ISIC_0025315,NV,1,0.9864403605461121,NV,1,0.9864403605461121,1
ISIC_0032042,NV,1,0.9864691495895386,NV,1,0.9864691495895386,1
ISIC_0030061,NV,1,0.9864697456359863,NV,1,0.9864697456359863,1
ISIC_0033073,MEL,0,0.9865037202835083,MEL,0,0.9865037202835083,1
ISIC_0033944,NV,1,0.9865368008613586,NV,1,0.9865368008613586,1
ISIC_0032627,NV,1,0.9865504503250122,NV,1,0.9865504503250122,1
ISIC_0028106,BCC,2,0.9865624308586121,BCC,2,0.9865624308586121,1
ISIC_0031360,NV,1,0.9865757822990417,NV,1,0.9865757822990417,1
ISIC_0025244,VASC,6,0.9865909814834595,VASC,6,0.9865909814834595,1
ISIC_0033006,NV,1,0.9865933656692505,NV,1,0.9865933656692505,1
ISIC_0034282,NV,1,0.9866356253623962,NV,1,0.9866356253623962,1
ISIC_0033529,BKL,4,0.9866494536399841,BKL,4,0.9866494536399841,1
ISIC_0028980,BCC,2,0.9866575598716736,BCC,2,0.9866575598716736,1
ISIC_0030492,NV,1,0.9867379069328308,NV,1,0.9867379069328308,1
ISIC_0029174,NV,1,0.9867441654205322,NV,1,0.9867441654205322,1
ISIC_0032233,NV,1,0.9868018627166748,NV,1,0.9868018627166748,1
ISIC_0033878,MEL,0,0.9868137836456299,MEL,0,0.9868137836456299,1
ISIC_0030534,NV,1,0.9868418574333191,NV,1,0.9868418574333191,1
ISIC_0032920,NV,1,0.9868882298469543,NV,1,0.9868882298469543,1
ISIC_0030251,NV,1,0.9869153499603271,NV,1,0.9869153499603271,1
ISIC_0025298,NV,1,0.9869468212127686,NV,1,0.9869468212127686,1
ISIC_0033591,VASC,6,0.9869509339332581,VASC,6,0.9869509339332581,1
ISIC_0031750,NV,1,0.9869726300239563,NV,1,0.9869726300239563,1
ISIC_0028235,NV,1,0.9870007038116455,NV,1,0.9870007038116455,1
ISIC_0025950,NV,1,0.9870115518569946,NV,1,0.9870115518569946,1
ISIC_0031706,VASC,6,0.9870160818099976,VASC,6,0.9870160818099976,1
ISIC_0030405,NV,1,0.9870368242263794,NV,1,0.9870368242263794,1
ISIC_0028314,AKIEC,3,0.9870383739471436,AKIEC,3,0.9870383739471436,1
ISIC_0028785,NV,1,0.9870539307594299,NV,1,0.9870539307594299,1
ISIC_0025365,NV,1,0.9870572686195374,NV,1,0.9870572686195374,1
ISIC_0033147,NV,1,0.9870581030845642,NV,1,0.9870581030845642,1
ISIC_0027091,NV,1,0.9870697259902954,NV,1,0.9870697259902954,1
ISIC_0034290,NV,1,0.9871550798416138,NV,1,0.9871550798416138,1
ISIC_0029152,NV,1,0.9871577620506287,NV,1,0.9871577620506287,1
ISIC_0024746,NV,1,0.987159252166748,NV,1,0.987159252166748,1
ISIC_0029693,NV,1,0.9871847033500671,NV,1,0.9871847033500671,1
ISIC_0026804,NV,1,0.9871928691864014,NV,1,0.9871928691864014,1
ISIC_0030470,NV,1,0.9872050285339355,NV,1,0.9872050285339355,1
ISIC_0027495,NV,1,0.9872152805328369,NV,1,0.9872152805328369,1
ISIC_0033281,NV,1,0.9872662425041199,NV,1,0.9872662425041199,1
ISIC_0029736,NV,1,0.9872764945030212,NV,1,0.9872764945030212,1
ISIC_0027145,NV,1,0.9872952103614807,NV,1,0.9872952103614807,1
ISIC_0027754,BKL,4,0.987319827079773,BKL,4,0.987319827079773,1
ISIC_0028720,NV,1,0.9873235821723938,NV,1,0.9873235821723938,1
ISIC_0026583,NV,1,0.9873300790786743,NV,1,0.9873300790786743,1
ISIC_0032369,NV,1,0.9873435497283936,NV,1,0.9873435497283936,1
ISIC_0027451,BKL,4,0.9873492121696472,BKL,4,0.9873492121696472,1
ISIC_0033978,NV,1,0.9873886108398438,NV,1,0.9873886108398438,1
ISIC_0031547,NV,1,0.9874052405357361,NV,1,0.9874052405357361,1
ISIC_0028829,NV,1,0.9874942898750305,NV,1,0.9874942898750305,1
ISIC_0030479,NV,1,0.9875013828277588,NV,1,0.9875013828277588,1
ISIC_0027114,NV,1,0.9875351190567017,NV,1,0.9875351190567017,1
ISIC_0031313,NV,1,0.9875363707542419,NV,1,0.9875363707542419,1
ISIC_0033414,BKL,4,0.9876099824905396,BKL,4,0.9876099824905396,1
ISIC_0033931,MEL,0,0.9876112341880798,MEL,0,0.9876112341880798,1
ISIC_0028287,NV,1,0.9876502156257629,NV,1,0.9876502156257629,1
ISIC_0028343,BKL,4,0.9877332448959351,BKL,4,0.9877332448959351,1
ISIC_0032402,NV,1,0.9877410531044006,NV,1,0.9877410531044006,1
ISIC_0029334,NV,1,0.9877446293830872,NV,1,0.9877446293830872,1
ISIC_0030942,NV,1,0.9877638220787048,NV,1,0.9877638220787048,1
ISIC_0024406,NV,1,0.9877964854240417,NV,1,0.9877964854240417,1
ISIC_0032873,MEL,0,0.987810492515564,MEL,0,0.987810492515564,1
ISIC_0030137,BKL,4,0.9878175854682922,BKL,4,0.9878175854682922,1
ISIC_0025339,BKL,4,0.987820029258728,BKL,4,0.987820029258728,1
ISIC_0029196,NV,1,0.9878541827201843,NV,1,0.9878541827201843,1
ISIC_0031204,NV,1,0.9878629446029663,NV,1,0.9878629446029663,1
ISIC_0025074,NV,1,0.9879270195960999,NV,1,0.9879270195960999,1
ISIC_0031448,NV,1,0.9879343509674072,NV,1,0.9879343509674072,1
ISIC_0027368,NV,1,0.987991988658905,NV,1,0.987991988658905,1
ISIC_0033340,NV,1,0.9879970550537109,NV,1,0.9879970550537109,1
ISIC_0024369,NV,1,0.9880071878433228,NV,1,0.9880071878433228,1
ISIC_0033650,NV,1,0.9880098700523376,NV,1,0.9880098700523376,1
ISIC_0029061,BKL,4,0.9880451560020447,BKL,4,0.9880451560020447,1
ISIC_0027226,NV,1,0.98807692527771,NV,1,0.98807692527771,1
ISIC_0024937,NV,1,0.9880921840667725,NV,1,0.9880921840667725,1
ISIC_0030565,BKL,4,0.9880980849266052,BKL,4,0.9880980849266052,1
ISIC_0025485,BKL,4,0.9881055355072021,BKL,4,0.9881055355072021,1
ISIC_0033965,NV,1,0.9881669878959656,NV,1,0.9881669878959656,1
ISIC_0031270,VASC,6,0.9882214665412903,VASC,6,0.9882214665412903,1
ISIC_0033553,BKL,4,0.9882309436798096,BKL,4,0.9882309436798096,1
ISIC_0031478,NV,1,0.988235592842102,NV,1,0.988235592842102,1
ISIC_0032064,NV,1,0.9883245229721069,NV,1,0.9883245229721069,1
ISIC_0033737,NV,1,0.9883692264556885,NV,1,0.9883692264556885,1
ISIC_0032829,BKL,4,0.9883775115013123,BKL,4,0.9883775115013123,1
ISIC_0032661,NV,1,0.9883877635002136,NV,1,0.9883877635002136,1
ISIC_0029235,BKL,4,0.9884080290794373,BKL,4,0.9884080290794373,1
ISIC_0029027,NV,1,0.9884113073348999,NV,1,0.9884113073348999,1
ISIC_0031647,NV,1,0.9884209632873535,NV,1,0.9884209632873535,1
ISIC_0033528,BKL,4,0.9884729981422424,BKL,4,0.9884729981422424,1
ISIC_0031349,BKL,4,0.9884816408157349,BKL,4,0.9884816408157349,1
ISIC_0025287,NV,1,0.9885878562927246,NV,1,0.9885878562927246,1
ISIC_0028830,BKL,4,0.9885916113853455,BKL,4,0.9885916113853455,1
ISIC_0029742,VASC,6,0.9885972142219543,VASC,6,0.9885972142219543,1
ISIC_0028485,NV,1,0.9886385798454285,NV,1,0.9886385798454285,1
ISIC_0031973,NV,1,0.9887069463729858,NV,1,0.9887069463729858,1
ISIC_0033605,NV,1,0.9887120723724365,NV,1,0.9887120723724365,1
ISIC_0032479,NV,1,0.9888324737548828,NV,1,0.9888324737548828,1
ISIC_0029791,BKL,4,0.988834798336029,BKL,4,0.988834798336029,1
ISIC_0030789,BKL,4,0.9888639450073242,BKL,4,0.9888639450073242,1
ISIC_0025282,NV,1,0.9888691902160645,NV,1,0.9888691902160645,1
ISIC_0029308,BKL,4,0.9888941645622253,BKL,4,0.9888941645622253,1
ISIC_0031759,VASC,6,0.9889111518859863,VASC,6,0.9889111518859863,1
ISIC_0025506,NV,1,0.988956868648529,NV,1,0.988956868648529,1
ISIC_0033575,BCC,2,0.9889853000640869,BCC,2,0.9889853000640869,1
ISIC_0033791,BKL,4,0.9890217781066895,BKL,4,0.9890217781066895,1
ISIC_0025165,NV,1,0.9890283346176147,NV,1,0.9890283346176147,1
ISIC_0028237,BKL,4,0.989033579826355,BKL,4,0.989033579826355,1
ISIC_0028275,NV,1,0.9890756607055664,NV,1,0.9890756607055664,1
ISIC_0026335,BKL,4,0.9891204833984375,BKL,4,0.9891204833984375,1
ISIC_0032644,NV,1,0.9891678094863892,NV,1,0.9891678094863892,1
ISIC_0028411,BKL,4,0.9892001152038574,BKL,4,0.9892001152038574,1
ISIC_0025226,NV,1,0.9892081618309021,NV,1,0.9892081618309021,1
ISIC_0033088,BKL,4,0.9892127513885498,BKL,4,0.9892127513885498,1
ISIC_0028442,MEL,0,0.9892198443412781,MEL,0,0.9892198443412781,1
ISIC_0028761,NV,1,0.9892202019691467,NV,1,0.9892202019691467,1
ISIC_0025846,NV,1,0.9892805218696594,NV,1,0.9892805218696594,1
ISIC_0031812,BKL,4,0.9893015027046204,BKL,4,0.9893015027046204,1
ISIC_0030634,NV,1,0.9893494844436646,NV,1,0.9893494844436646,1
ISIC_0026759,NV,1,0.9893966317176819,NV,1,0.9893966317176819,1
ISIC_0030926,BKL,4,0.9894083738327026,BKL,4,0.9894083738327026,1
ISIC_0026768,NV,1,0.9894576668739319,NV,1,0.9894576668739319,1
ISIC_0027419,BKL,4,0.9895434379577637,BKL,4,0.9895434379577637,1
ISIC_0032619,NV,1,0.9895832538604736,NV,1,0.9895832538604736,1
ISIC_0031305,NV,1,0.9896159172058105,NV,1,0.9896159172058105,1
ISIC_0029841,BKL,4,0.989635169506073,BKL,4,0.989635169506073,1
ISIC_0032264,NV,1,0.9896357655525208,NV,1,0.9896357655525208,1
ISIC_0031685,NV,1,0.9897087216377258,NV,1,0.9897087216377258,1
ISIC_0028376,BKL,4,0.9897144436836243,BKL,4,0.9897144436836243,1
ISIC_0033961,NV,1,0.989751935005188,NV,1,0.989751935005188,1
ISIC_0028859,NV,1,0.9897816181182861,NV,1,0.9897816181182861,1
ISIC_0033987,BKL,4,0.9897828698158264,BKL,4,0.9897828698158264,1
ISIC_0033723,NV,1,0.9898221492767334,NV,1,0.9898221492767334,1
ISIC_0026298,BKL,4,0.9898253083229065,BKL,4,0.9898253083229065,1
ISIC_0029597,NV,1,0.9898337125778198,NV,1,0.9898337125778198,1
ISIC_0031477,NV,1,0.9898850917816162,NV,1,0.9898850917816162,1
ISIC_0028091,NV,1,0.9899328947067261,NV,1,0.9899328947067261,1
ISIC_0031466,NV,1,0.9900023937225342,NV,1,0.9900023937225342,1
ISIC_0025292,BKL,4,0.990023672580719,BKL,4,0.990023672580719,1
ISIC_0032280,BKL,4,0.9900702834129333,BKL,4,0.9900702834129333,1
ISIC_0031392,NV,1,0.9900714159011841,NV,1,0.9900714159011841,1
ISIC_0029183,NV,1,0.9901049733161926,NV,1,0.9901049733161926,1
ISIC_0027249,NV,1,0.990107536315918,NV,1,0.990107536315918,1
ISIC_0029963,NV,1,0.990167498588562,NV,1,0.990167498588562,1
ISIC_0031134,NV,1,0.9902132153511047,NV,1,0.9902132153511047,1
ISIC_0032917,MEL,0,0.9902320504188538,MEL,0,0.9902320504188538,1
ISIC_0034283,BKL,4,0.9902564287185669,BKL,4,0.9902564287185669,1
ISIC_0034197,BKL,4,0.990273654460907,BKL,4,0.990273654460907,1
ISIC_0031606,NV,1,0.9904505610466003,NV,1,0.9904505610466003,1
ISIC_0027801,BKL,4,0.9904548525810242,BKL,4,0.9904548525810242,1
ISIC_0031903,BKL,4,0.9904642105102539,BKL,4,0.9904642105102539,1
ISIC_0029313,NV,1,0.9905659556388855,NV,1,0.9905659556388855,1
ISIC_0031546,NV,1,0.9906443357467651,NV,1,0.9906443357467651,1
ISIC_0027584,BKL,4,0.9907082319259644,BKL,4,0.9907082319259644,1
ISIC_0025396,NV,1,0.9907380938529968,NV,1,0.9907380938529968,1
ISIC_0026955,BKL,4,0.9907483458518982,BKL,4,0.9907483458518982,1
ISIC_0032695,MEL,0,0.9907740950584412,MEL,0,0.9907740950584412,1
ISIC_0029954,NV,1,0.9907745718955994,NV,1,0.9907745718955994,1
ISIC_0031889,NV,1,0.9907869696617126,NV,1,0.9907869696617126,1
ISIC_0031410,MEL,0,0.9907983541488647,MEL,0,0.9907983541488647,1
ISIC_0030710,NV,1,0.9908288717269897,NV,1,0.9908288717269897,1
ISIC_0025943,NV,1,0.9909109473228455,NV,1,0.9909109473228455,1
ISIC_0025434,BKL,4,0.9909428954124451,BKL,4,0.9909428954124451,1
ISIC_0025515,BKL,4,0.9910434484481812,BKL,4,0.9910434484481812,1
ISIC_0025583,BKL,4,0.9910967350006104,BKL,4,0.9910967350006104,1
ISIC_0027194,BKL,4,0.9911385178565979,BKL,4,0.9911385178565979,1
ISIC_0024758,BKL,4,0.9911444783210754,BKL,4,0.9911444783210754,1
ISIC_0033952,BKL,4,0.9911862015724182,BKL,4,0.9911862015724182,1
ISIC_0029801,BKL,4,0.9912161827087402,BKL,4,0.9912161827087402,1
ISIC_0033897,NV,1,0.9912472367286682,NV,1,0.9912472367286682,1
ISIC_0030842,NV,1,0.9912621974945068,NV,1,0.9912621974945068,1
ISIC_0034131,NV,1,0.9913142323493958,NV,1,0.9913142323493958,1
ISIC_0032958,MEL,0,0.9913749098777771,MEL,0,0.9913749098777771,1
ISIC_0024705,BKL,4,0.9914183616638184,BKL,4,0.9914183616638184,1
ISIC_0024997,BKL,4,0.9914358258247375,BKL,4,0.9914358258247375,1
ISIC_0033913,BKL,4,0.9915657043457031,BKL,4,0.9915657043457031,1
ISIC_0033150,NV,1,0.991570234298706,NV,1,0.991570234298706,1
ISIC_0030038,NV,1,0.9916574358940125,NV,1,0.9916574358940125,1
ISIC_0032677,NV,1,0.9917171597480774,NV,1,0.9917171597480774,1
ISIC_0029759,NV,1,0.9917175769805908,NV,1,0.9917175769805908,1
ISIC_0026231,NV,1,0.9917241930961609,NV,1,0.9917241930961609,1
ISIC_0032306,BKL,4,0.991732120513916,BKL,4,0.991732120513916,1
ISIC_0033189,NV,1,0.991764485836029,NV,1,0.991764485836029,1
ISIC_0031249,NV,1,0.9917820692062378,NV,1,0.9917820692062378,1
ISIC_0033215,NV,1,0.9917954802513123,NV,1,0.9917954802513123,1
ISIC_0027162,BKL,4,0.9918262958526611,BKL,4,0.9918262958526611,1
ISIC_0026423,NV,1,0.9918841123580933,NV,1,0.9918841123580933,1
ISIC_0027874,NV,1,0.9918934106826782,NV,1,0.9918934106826782,1
ISIC_0033577,NV,1,0.991923987865448,NV,1,0.991923987865448,1
ISIC_0033928,NV,1,0.9919276237487793,NV,1,0.9919276237487793,1
ISIC_0027209,NV,1,0.9919345378875732,NV,1,0.9919345378875732,1
ISIC_0030937,NV,1,0.9919539093971252,NV,1,0.9919539093971252,1
ISIC_0032019,MEL,0,0.9920257925987244,MEL,0,0.9920257925987244,1
ISIC_0034187,NV,1,0.9920473098754883,NV,1,0.9920473098754883,1
ISIC_0026519,NV,1,0.9920526742935181,NV,1,0.9920526742935181,1
ISIC_0032892,MEL,0,0.9920670986175537,MEL,0,0.9920670986175537,1
ISIC_0029630,MEL,0,0.9920799136161804,MEL,0,0.9920799136161804,1
ISIC_0028965,MEL,0,0.9920902252197266,MEL,0,0.9920902252197266,1
ISIC_0028280,NV,1,0.9921091198921204,NV,1,0.9921091198921204,1
ISIC_0030063,NV,1,0.9921215772628784,NV,1,0.9921215772628784,1
ISIC_0027211,NV,1,0.992145836353302,NV,1,0.992145836353302,1
ISIC_0032667,NV,1,0.9922614693641663,NV,1,0.9922614693641663,1
ISIC_0031630,BKL,4,0.9922661185264587,BKL,4,0.9922661185264587,1
ISIC_0027883,NV,1,0.9922696352005005,NV,1,0.9922696352005005,1
ISIC_0034259,BKL,4,0.9922983050346375,BKL,4,0.9922983050346375,1
ISIC_0028032,NV,1,0.9923352599143982,NV,1,0.9923352599143982,1
ISIC_0031206,NV,1,0.9924012422561646,NV,1,0.9924012422561646,1
ISIC_0028623,BKL,4,0.9924903512001038,BKL,4,0.9924903512001038,1
ISIC_0028151,NV,1,0.9924927353858948,NV,1,0.9924927353858948,1
ISIC_0029654,NV,1,0.9925091862678528,NV,1,0.9925091862678528,1
ISIC_0030172,BKL,4,0.9925273656845093,BKL,4,0.9925273656845093,1
ISIC_0026140,NV,1,0.9925359487533569,NV,1,0.9925359487533569,1
ISIC_0026675,BKL,4,0.9925563931465149,BKL,4,0.9925563931465149,1
ISIC_0031334,BKL,4,0.992561399936676,BKL,4,0.992561399936676,1
ISIC_0025314,DF,5,0.9925986528396606,DF,5,0.9925986528396606,1
ISIC_0030167,NV,1,0.9926348328590393,NV,1,0.9926348328590393,1
ISIC_0024453,BKL,4,0.9926583170890808,BKL,4,0.9926583170890808,1
ISIC_0032852,NV,1,0.9926764965057373,NV,1,0.9926764965057373,1
ISIC_0033559,MEL,0,0.9926784038543701,MEL,0,0.9926784038543701,1
ISIC_0033800,NV,1,0.992717981338501,NV,1,0.992717981338501,1
ISIC_0030266,NV,1,0.9927371144294739,NV,1,0.9927371144294739,1
ISIC_0025867,BKL,4,0.9927943348884583,BKL,4,0.9927943348884583,1
ISIC_0027688,NV,1,0.9929361939430237,NV,1,0.9929361939430237,1
ISIC_0034216,MEL,0,0.9929367899894714,MEL,0,0.9929367899894714,1
ISIC_0030014,MEL,0,0.9930568933486938,MEL,0,0.9930568933486938,1
ISIC_0027990,BKL,4,0.993067741394043,BKL,4,0.993067741394043,1
ISIC_0033040,NV,1,0.9931353330612183,NV,1,0.9931353330612183,1
ISIC_0032051,BKL,4,0.9931381344795227,BKL,4,0.9931381344795227,1
ISIC_0032238,AKIEC,3,0.9931572079658508,AKIEC,3,0.9931572079658508,1
ISIC_0033068,MEL,0,0.9931634664535522,MEL,0,0.9931634664535522,1
ISIC_0028451,BKL,4,0.9932041168212891,BKL,4,0.9932041168212891,1
ISIC_0027461,NV,1,0.9933379888534546,NV,1,0.9933379888534546,1
ISIC_0026866,NV,1,0.9934127926826477,NV,1,0.9934127926826477,1
ISIC_0032313,MEL,0,0.993420422077179,MEL,0,0.993420422077179,1
ISIC_0032771,NV,1,0.9934206604957581,NV,1,0.9934206604957581,1
ISIC_0032248,MEL,0,0.993439257144928,MEL,0,0.993439257144928,1
ISIC_0029805,BCC,2,0.9935408234596252,BCC,2,0.9935408234596252,1
ISIC_0028757,NV,1,0.9937636256217957,NV,1,0.9937636256217957,1
ISIC_0024753,NV,1,0.9937858581542969,NV,1,0.9937858581542969,1
ISIC_0033855,BKL,4,0.9937998652458191,BKL,4,0.9937998652458191,1
ISIC_0032889,NV,1,0.9938029050827026,NV,1,0.9938029050827026,1
ISIC_0028468,NV,1,0.9938116073608398,NV,1,0.9938116073608398,1
ISIC_0031014,NV,1,0.9938626289367676,NV,1,0.9938626289367676,1
ISIC_0025908,NV,1,0.9939061999320984,NV,1,0.9939061999320984,1
ISIC_0029243,BKL,4,0.9939723610877991,BKL,4,0.9939723610877991,1
ISIC_0025628,VASC,6,0.9940650463104248,VASC,6,0.9940650463104248,1
ISIC_0033379,BKL,4,0.9942371845245361,BKL,4,0.9942371845245361,1
ISIC_0030581,NV,1,0.9942542910575867,NV,1,0.9942542910575867,1
ISIC_0027590,MEL,0,0.9942740797996521,MEL,0,0.9942740797996521,1
ISIC_0025860,NV,1,0.9943708777427673,NV,1,0.9943708777427673,1
ISIC_0029585,BKL,4,0.9944106936454773,BKL,4,0.9944106936454773,1
ISIC_0028750,BKL,4,0.9944891929626465,BKL,4,0.9944891929626465,1
ISIC_0027853,NV,1,0.9945214986801147,NV,1,0.9945214986801147,1
ISIC_0024741,BKL,4,0.9945906400680542,BKL,4,0.9945906400680542,1
ISIC_0033477,MEL,0,0.9946085214614868,MEL,0,0.9946085214614868,1
ISIC_0033971,NV,1,0.9946103096008301,NV,1,0.9946103096008301,1
ISIC_0033288,NV,1,0.9946176409721375,NV,1,0.9946176409721375,1
ISIC_0031130,BKL,4,0.9947006702423096,BKL,4,0.9947006702423096,1
ISIC_0034221,BKL,4,0.9947078227996826,BKL,4,0.9947078227996826,1
ISIC_0025876,BKL,4,0.9947422742843628,BKL,4,0.9947422742843628,1
ISIC_0034126,BKL,4,0.9947492480278015,BKL,4,0.9947492480278015,1
ISIC_0029880,BKL,4,0.9948150515556335,BKL,4,0.9948150515556335,1
ISIC_0030019,NV,1,0.9949117302894592,NV,1,0.9949117302894592,1
ISIC_0025363,MEL,0,0.9949210286140442,MEL,0,0.9949210286140442,1
ISIC_0029095,NV,1,0.995179295539856,NV,1,0.995179295539856,1
ISIC_0025297,BKL,4,0.9953101277351379,BKL,4,0.9953101277351379,1
ISIC_0027036,NV,1,0.9953763484954834,NV,1,0.9953763484954834,1
ISIC_0031893,BKL,4,0.9954801797866821,BKL,4,0.9954801797866821,1
ISIC_0032687,MEL,0,0.9956105351448059,MEL,0,0.9956105351448059,1
ISIC_0025810,BKL,4,0.9957475066184998,BKL,4,0.9957475066184998,1
ISIC_0032976,MEL,0,0.9957593083381653,MEL,0,0.9957593083381653,1
ISIC_0031897,BKL,4,0.9963668584823608,BKL,4,0.9963668584823608,1
ISIC_0025654,BKL,4,0.9963944554328918,BKL,4,0.9963944554328918,1
ISIC_0033568,MEL,0,0.9964286684989929,MEL,0,0.9964286684989929,1
ISIC_0024381,BKL,4,0.9965218305587769,BKL,4,0.9965218305587769,1
ISIC_0026291,BKL,4,0.9968421459197998,BKL,4,0.9968421459197998,1
ISIC_0033614,NV,1,0.9970697164535522,NV,1,0.9970697164535522,1
ISIC_0034291,BKL,4,0.9973462820053101,BKL,4,0.9973462820053101,1
ISIC_0025499,NV,1,0.9973861575126648,NV,1,0.9973861575126648,1
ISIC_0032624,MEL,0,0.9974027276039124,MEL,0,0.9974027276039124,1
ISIC_0034057,BKL,4,0.9977902173995972,BKL,4,0.9977902173995972,1
ISIC_0028043,BKL,4,0.9981472492218018,BKL,4,0.9981472492218018,1
ISIC_0030056,BKL,4,0.9981513619422913,BKL,4,0.9981513619422913,1
ISIC_0026523,BKL,4,0.9982869029045105,BKL,4,0.9982869029045105,1
ISIC_0028449,BKL,4,0.9983115196228027,BKL,4,0.9983115196228027,1
ISIC_0032997,BKL,4,0.998359739780426,BKL,4,0.998359739780426,1
ISIC_0025131,BKL,4,0.9986698627471924,BKL,4,0.9986698627471924,1
ISIC_0033269,MEL,0,0.9986853003501892,MEL,0,0.9986853003501892,1
ISIC_0027527,BKL,4,0.9992926120758057,BKL,4,0.9992926120758057,1
