{
    "epoch": 35,
    "num_classes": 7,
    "class_names": [
        "MEL",
        "NV",
        "BCC",
        "AKIEC",
        "BKL",
        "DF",
        "VASC"
    ],
    "per_class": {
        "MEL": {
            "fpr": [
                0.0,
                0.0,
                0.0,
                0.011627906976744186,
                0.011627906976744186,
                0.01744186046511628,
                0.01744186046511628,
                0.029069767441860465,
                0.029069767441860465,
                0.0755813953488372,
                0.0755813953488372,
                0.11627906976744186,
                0.11627906976744186,
                0.1686046511627907,
                0.1686046511627907,
                0.1744186046511628,
                0.1744186046511628,
                0.29651162790697677,
                0.29651162790697677,
                0.37790697674418605,
                0.37790697674418605,
                1.0
            ],
            "tpr": [
                0.0,
                0.047619047619047616,
                0.38095238095238093,
                0.38095238095238093,
                0.6190476190476191,
                0.6190476190476191,
                0.6666666666666666,
                0.6666666666666666,
                0.7142857142857143,
                0.7142857142857143,
                0.7619047619047619,
                0.7619047619047619,
                0.8095238095238095,
                0.8095238095238095,
                0.8571428571428571,
                0.8571428571428571,
                0.9047619047619048,
                0.9047619047619048,
                0.9523809523809523,
                0.9523809523809523,
                1.0,
                1.0
            ],
            "auc": 0.9374307862679956
        },
        "NV": {
            "fpr": [
                0.0,
                0.0,
                0.0,
                0.014285714285714285,
                0.014285714285714285,
                0.02857142857142857,
                0.02857142857142857,
                0.04285714285714286,
                0.04285714285714286,
                0.08571428571428572,
                0.08571428571428572,
                0.1,
                0.1,
                0.11428571428571428,
                0.11428571428571428,
                0.12857142857142856,
                0.12857142857142856,
                0.17142857142857143,
                0.17142857142857143,
                0.3,
                0.3,
                0.32857142857142857,
                0.32857142857142857,
                0.42857142857142855,
                0.42857142857142855,
                0.4714285714285714,
                0.4714285714285714,
                0.5,
                0.5,
                0.5285714285714286,
                0.5285714285714286,
                0.5714285714285714,
                0.5714285714285714,
                0.6571428571428571,
                0.6571428571428571,
                1.0
            ],
            "tpr": [
                0.0,
                0.008130081300813009,
                0.7723577235772358,
                0.7723577235772358,
                0.8292682926829268,
                0.8292682926829268,
                0.8373983739837398,
                0.8373983739837398,
                0.8455284552845529,
                0.8455284552845529,
                0.8780487804878049,
                0.8780487804878049,
                0.9105691056910569,
                0.9105691056910569,
                0.9186991869918699,
                0.9186991869918699,
                0.926829268292683,
                0.926829268292683,
                0.9349593495934959,
                0.9349593495934959,
                0.943089430894309,
                0.943089430894309,
                0.9512195121951219,
                0.9512195121951219,
                0.959349593495935,
                0.959349593495935,
                0.967479674796748,
                0.967479674796748,
                0.975609756097561,
                0.975609756097561,
                0.983739837398374,
                0.983739837398374,
                0.991869918699187,
                0.991869918699187,
                1.0,
                1.0
            ],
            "auc": 0.9584204413472707
        },
        "BCC": {
            "fpr": [
                0.0,
                0.0,
                0.0,
                0.011235955056179775,
                0.011235955056179775,
                0.02247191011235955,
                0.02247191011235955,
                0.028089887640449437,
                0.028089887640449437,
                0.06741573033707865,
                0.06741573033707865,
                1.0
            ],
            "tpr": [
                0.0,
                0.06666666666666667,
                0.6,
                0.6,
                0.7333333333333333,
                0.7333333333333333,
                0.8,
                0.8,
                0.9333333333333333,
                0.9333333333333333,
                1.0,
                1.0
            ],
            "auc": 0.9887640449438203
        },
        "AKIEC": {
            "fpr": [
                0.0,
                0.0,
                0.010810810810810811,
                0.010810810810810811,
                0.02702702702702703,
                0.02702702702702703,
                0.032432432432432434,
                0.032432432432432434,
                0.0972972972972973,
                0.0972972972972973,
                0.12972972972972974,
                0.12972972972972974,
                0.1891891891891892,
                0.1891891891891892,
                0.5027027027027027,
                0.5027027027027027,
                1.0
            ],
            "tpr": [
                0.0,
                0.125,
                0.125,
                0.25,
                0.25,
                0.375,
                0.375,
                0.5,
                0.5,
                0.625,
                0.625,
                0.75,
                0.75,
                0.875,
                0.875,
                1.0,
                1.0
            ],
            "auc": 0.8763513513513512
        },
        "BKL": {
            "fpr": [
                0.0,
                0.0,
                0.011695906432748537,
                0.011695906432748537,
                0.017543859649122806,
                0.017543859649122806,
                0.029239766081871343,
                0.029239766081871343,
                0.04678362573099415,
                0.04678362573099415,
                0.05263157894736842,
                0.05263157894736842,
                0.08771929824561403,
                0.08771929824561403,
                0.0935672514619883,
                0.0935672514619883,
                0.12280701754385964,
                0.12280701754385964,
                0.1286549707602339,
                0.1286549707602339,
                0.14619883040935672,
                0.14619883040935672,
                0.17543859649122806,
                0.17543859649122806,
                0.18128654970760233,
                0.18128654970760233,
                0.21637426900584794,
                0.21637426900584794,
                1.0
            ],