{
    "epoch": 65,
    "num_classes": 7,
    "class_names": [
        "MEL",
        "NV",
        "BCC",
        "AKIEC",
        "BKL",
        "DF",
        "VASC"
    ],
    "per_class": {
        "MEL": {
            "fpr": [
                0.0,
                0.0,
                0.0,
                0.01744186046511628,
                0.01744186046511628,
                0.040697674418604654,
                0.040697674418604654,
                0.06395348837209303,
                0.06395348837209303,
                0.06976744186046512,
                0.06976744186046512,
                0.08139534883720931,
                0.08139534883720931,
                0.11046511627906977,
                0.11046511627906977,
                0.11627906976744186,
                0.11627906976744186,
                0.19186046511627908,
                0.19186046511627908,
                0.19767441860465115,
                0.19767441860465115,
                0.22093023255813954,
                0.22093023255813954,
                0.26744186046511625,
                0.26744186046511625,
                1.0
            ],
            "tpr": [
                0.0,
                0.047619047619047616,
                0.38095238095238093,
                0.38095238095238093,
                0.42857142857142855,
                0.42857142857142855,
                0.47619047619047616,
                0.47619047619047616,
                0.5238095238095238,
                0.5238095238095238,
                0.5714285714285714,
                0.5714285714285714,
                0.6666666666666666,
                0.6666666666666666,
                0.7142857142857143,
                0.7142857142857143,
                0.7619047619047619,
                0.7619047619047619,
                0.8095238095238095,
                0.8095238095238095,
                0.9047619047619048,
                0.9047619047619048,
                0.9523809523809523,
                0.9523809523809523,
                1.0,
                1.0
            ],
            "auc": 0.9210963455149501
        },
        "NV": {
            "fpr": [
                0.0,
                0.0,
                0.0,
                0.014285714285714285,
                0.014285714285714285,
                0.02857142857142857,
                0.02857142857142857,
                0.05714285714285714,
                0.05714285714285714,
                0.08571428571428572,
                0.08571428571428572,
                0.1,
                0.1,
                0.11428571428571428,
                0.11428571428571428,
                0.12857142857142856,
                0.12857142857142856,
                0.14285714285714285,
                0.14285714285714285,
                0.15714285714285714,
                0.15714285714285714,
                0.18571428571428572,
                0.18571428571428572,
                0.22857142857142856,
                0.22857142857142856,
                0.24285714285714285,
                0.24285714285714285,
                0.2571428571428571,
                0.2571428571428571,
                0.34285714285714286,
                0.34285714285714286,
                0.4142857142857143,
                0.4142857142857143,
                0.44285714285714284,
                0.44285714285714284,
                0.5571428571428572,
                0.5571428571428572,
                0.6714285714285714,
                0.6714285714285714,
                1.0
            ],
            "tpr": [
                0.0,
                0.008130081300813009,
                0.6829268292682927,
                0.6829268292682927,
                0.7073170731707317,
                0.7073170731707317,
                0.7642276422764228,
                0.7642276422764228,
                0.7886178861788617,
                0.7886178861788617,
                0.8048780487804879,
                0.8048780487804879,
                0.8373983739837398,
                0.8373983739837398,
                0.8699186991869918,
                0.8699186991869918,
                0.8861788617886179,
                0.8861788617886179,
                0.9024390243902439,
                0.9024390243902439,
                0.9105691056910569,
                0.9105691056910569,
                0.9186991869918699,
                0.9186991869918699,
                0.926829268292683,
                0.926829268292683,
                0.9349593495934959,
                0.9349593495934959,
                0.9512195121951219,
                0.9512195121951219,
                0.959349593495935,
                0.959349593495935,
                0.967479674796748,
                0.967479674796748,
                0.983739837398374,
                0.983739837398374,
                0.991869918699187,
                0.991869918699187,
                1.0,
                1.0
            ],
            "auc": 0.9497096399535424
        },
        "BCC": {
            "fpr": [
                0.0,
                0.0,
                0.0,
                0.011235955056179775,
                0.011235955056179775,
                0.02247191011235955,
                0.02247191011235955,
                0.03932584269662921,
                0.03932584269662921,
                0.05056179775280899,
                0.05056179775280899,
                0.0898876404494382,
                0.0898876404494382,
                1.0
            ],
            "tpr": [
                0.0,
                0.06666666666666667,
                0.2,
                0.2,
                0.6666666666666666,
                0.6666666666666666,
                0.7333333333333333,
                0.7333333333333333,
                0.8,
                0.8,
                0.9333333333333333,
                0.9333333333333333,
                1.0,
                1.0
            ],
            "auc": 0.9779026217228465
        },
        "AKIEC": {
            "fpr": [
                0.0,
                0.0,
                0.010810810810810811,
                0.010810810810810811,
                0.016216216216216217,
                0.016216216216216217,
                0.032432432432432434,
                0.032432432432432434,
                0.10810810810810811,
                0.10810810810810811,
                0.12972972972972974,
                0.12972972972972974,
                0.15675675675675677,
                0.15675675675675677,
                0.4972972972972973,
                0.4972972972972973,
                1.0
            ],
            "tpr": [
                0.0,
                0.125,
                0.125,
                0.25,
                0.25,
                0.375,
                0.375,
                0.5,
                0.5,
                0.625,
                0.625,
                0.75,
                0.75,
                0.875,
                0.875,
                1.0,
                1.0
            ],
            "auc": 0.8810810810810811
        },