{
    "epoch": 90,
    "num_classes": 7,
    "class_names": [
        "MEL",
        "NV",
        "BCC",
        "AKIEC",
        "BKL",
        "DF",
        "VASC"
    ],
    "per_class": {
        "MEL": {
            "fpr": [
                0.0,
                0.0,
                0.0,
                0.005813953488372093,
                0.005813953488372093,
                0.01744186046511628,
                0.01744186046511628,
                0.046511627906976744,
                0.046511627906976744,
                0.05813953488372093,
                0.05813953488372093,
                0.08139534883720931,
                0.08139534883720931,
                0.0872093023255814,
                0.0872093023255814,
                0.09302325581395349,
                0.09302325581395349,
                0.09883720930232558,
                0.09883720930232558,
                0.22674418604651161,
                0.22674418604651161,
                0.23837209302325582,
                0.23837209302325582,
                0.2441860465116279,
                0.2441860465116279,
                1.0
            ],
            "tpr": [
                0.0,
                0.047619047619047616,
                0.38095238095238093,
                0.38095238095238093,
                0.42857142857142855,
                0.42857142857142855,
                0.47619047619047616,
                0.47619047619047616,
                0.5238095238095238,
                0.5238095238095238,
                0.5714285714285714,
                0.5714285714285714,
                0.6190476190476191,
                0.6190476190476191,
                0.6666666666666666,
                0.6666666666666666,
                0.7142857142857143,
                0.7142857142857143,
                0.7619047619047619,
                0.7619047619047619,
                0.8095238095238095,
                0.8095238095238095,
                0.8571428571428571,
                0.8571428571428571,
                1.0,
                1.0
            ],
            "auc": 0.9197120708748616
        },
        "NV": {
            "fpr": [
                0.0,
                0.0,
                0.0,
                0.014285714285714285,
                0.014285714285714285,
                0.02857142857142857,
                0.02857142857142857,
                0.04285714285714286,
                0.04285714285714286,
                0.05714285714285714,
                0.05714285714285714,
                0.08571428571428572,
                0.08571428571428572,
                0.1,
                0.1,
                0.11428571428571428,
                0.11428571428571428,
                0.12857142857142856,
                0.12857142857142856,
                0.14285714285714285,
                0.14285714285714285,
                0.24285714285714285,
                0.24285714285714285,
                0.2571428571428571,
                0.2571428571428571,
                0.37142857142857144,
                0.37142857142857144,
                0.38571428571428573,
                0.38571428571428573,
                0.4,
                0.4,
                0.4857142857142857,
                0.4857142857142857,
                0.6,
                0.6,
                0.6142857142857143,
                0.6142857142857143,
                0.6428571428571429,
                0.6428571428571429,
                1.0
            ],
            "tpr": [
                0.0,
                0.008130081300813009,
                0.6910569105691057,
                0.6910569105691057,
                0.7317073170731707,
                0.7317073170731707,
                0.7479674796747967,
                0.7479674796747967,
                0.7723577235772358,
                0.7723577235772358,
                0.8048780487804879,
                0.8048780487804879,
                0.8780487804878049,
                0.8780487804878049,
                0.8861788617886179,
                0.8861788617886179,
                0.8943089430894309,
                0.8943089430894309,
                0.9024390243902439,
                0.9024390243902439,
                0.9105691056910569,
                0.9105691056910569,
                0.9186991869918699,
                0.9186991869918699,
                0.943089430894309,
                0.943089430894309,
                0.9512195121951219,
                0.9512195121951219,
                0.959349593495935,
                0.959349593495935,
                0.967479674796748,
                0.967479674796748,
                0.975609756097561,
                0.975609756097561,
                0.983739837398374,
                0.983739837398374,
                0.991869918699187,
                0.991869918699187,
                1.0,
                1.0
            ],
            "auc": 0.9491289198606271
        },
        "BCC": {
            "fpr": [
                0.0,
                0.0,
                0.0,
                0.0056179775280898875,
                0.0056179775280898875,
                0.011235955056179775,
                0.011235955056179775,
                0.02247191011235955,
                0.02247191011235955,
                0.03932584269662921,
                0.03932584269662921,
                0.056179775280898875,
                0.056179775280898875,
                0.07303370786516854,
                0.07303370786516854,
                1.0
            ],
            "tpr": [
                0.0,
                0.06666666666666667,
                0.13333333333333333,
                0.13333333333333333,
                0.26666666666666666,
                0.26666666666666666,
                0.7333333333333333,
                0.7333333333333333,
                0.8,
                0.8,
                0.8666666666666667,
                0.8666666666666667,
                0.9333333333333333,
                0.9333333333333333,
                1.0,
                1.0
            ],
            "auc": 0.9812734082397004
        },
        "AKIEC": {
            "fpr": [
                0.0,
                0.0,
                0.010810810810810811,
                0.010810810810810811,
                0.02702702702702703,
                0.02702702702702703,
                0.03783783783783784,
                0.03783783783783784,
                0.0918918918918919,
                0.0918918918918919,
                0.10810810810810811,
                0.10810810810810811,
                0.16756756756756758,
                0.16756756756756758,
                0.5081081081081081,
                0.5081081081081081,
                1.0
            ],
            "tpr": [
                0.0,
                0.125,
                0.125,
                0.25,
                0.25,
                0.375,
                0.375,
                0.5,
                0.5,
                0.625,
                0.625,
                0.75,
                0.75,
                0.875,
                0.875,
                1.0,
                1.0
            ],
            "auc": 0.8810810810810812
        },