{
    "epoch": 40,
    "num_classes": 7,
    "class_names": [
        "MEL",
        "NV",
        "BCC",
        "AKIEC",
        "BKL",
        "DF",
        "VASC"
    ],
    "per_class": {
        "MEL": {
            "fpr": [
                0.0,
                0.0,
                0.0,
                0.01744186046511628,
                0.01744186046511628,
                0.040697674418604654,
                0.040697674418604654,
                0.05232558139534884,
                0.05232558139534884,
                0.08139534883720931,
                0.08139534883720931,
                0.12209302325581395,
                0.12209302325581395,
                0.18023255813953487,
                0.18023255813953487,
                0.25,
                0.25,
                0.3023255813953488,
                0.3023255813953488,
                0.31976744186046513,
                0.31976744186046513,
                1.0
            ],
            "tpr": [
                0.0,
                0.047619047619047616,
                0.42857142857142855,
                0.42857142857142855,
                0.6190476190476191,
                0.6190476190476191,
                0.6666666666666666,
                0.6666666666666666,
                0.7142857142857143,
                0.7142857142857143,
                0.7619047619047619,
                0.7619047619047619,
                0.8095238095238095,
                0.8095238095238095,
                0.8571428571428571,
                0.8571428571428571,
                0.9047619047619048,
                0.9047619047619048,
                0.9523809523809523,
                0.9523809523809523,
                1.0,
                1.0
            ],
            "auc": 0.9324473975636767
        },
        "NV": {
            "fpr": [
                0.0,
                0.0,
                0.0,
                0.014285714285714285,
                0.014285714285714285,
                0.02857142857142857,
                0.02857142857142857,
                0.04285714285714286,
                0.04285714285714286,
                0.05714285714285714,
                0.05714285714285714,
                0.07142857142857142,
                0.07142857142857142,
                0.1,
                0.1,
                0.14285714285714285,
                0.14285714285714285,
                0.18571428571428572,
                0.18571428571428572,
                0.2,
                0.2,
                0.3,
                0.3,
                0.3142857142857143,
                0.3142857142857143,
                0.32857142857142857,
                0.32857142857142857,
                0.34285714285714286,
                0.34285714285714286,
                0.5142857142857142,
                0.5142857142857142,
                0.5428571428571428,
                0.5428571428571428,
                0.5857142857142857,
                0.5857142857142857,
                0.6285714285714286,
                0.6285714285714286,
                1.0
            ],
            "tpr": [
                0.0,
                0.008130081300813009,
                0.7317073170731707,
                0.7317073170731707,
                0.7967479674796748,
                0.7967479674796748,
                0.8130081300813008,
                0.8130081300813008,
                0.8536585365853658,
                0.8536585365853658,
                0.8861788617886179,
                0.8861788617886179,
                0.8943089430894309,
                0.8943089430894309,
                0.9024390243902439,
                0.9024390243902439,
                0.9105691056910569,
                0.9105691056910569,
                0.9186991869918699,
                0.9186991869918699,
                0.9349593495934959,
                0.9349593495934959,
                0.943089430894309,
                0.943089430894309,
                0.9512195121951219,
                0.9512195121951219,
                0.959349593495935,
                0.959349593495935,
                0.967479674796748,
                0.967479674796748,
                0.975609756097561,
                0.975609756097561,
                0.983739837398374,
                0.983739837398374,
                0.991869918699187,
                0.991869918699187,
                1.0,
                1.0
            ],
            "auc": 0.9587688734030198
        },
        "BCC": {
            "fpr": [
                0.0,
                0.0,
                0.0,
                0.0056179775280898875,
                0.0056179775280898875,
                0.011235955056179775,
                0.011235955056179775,
                0.033707865168539325,
                0.033707865168539325,
                0.05056179775280899,
                0.05056179775280899,
                0.07865168539325842,
                0.07865168539325842,
                1.0
            ],
            "tpr": [
                0.0,
                0.06666666666666667,
                0.3333333333333333,
                0.3333333333333333,
                0.4666666666666667,
                0.4666666666666667,
                0.7333333333333333,
                0.7333333333333333,
                0.8,
                0.8,
                0.9333333333333333,
                0.9333333333333333,
                1.0,
                1.0
            ],
            "auc": 0.9820224719101124
        },
        "AKIEC": {
            "fpr": [
                0.0,
                0.0,
                0.016216216216216217,
                0.016216216216216217,
                0.021621621621621623,
                0.021621621621621623,
                0.04864864864864865,
                0.04864864864864865,
                0.07027027027027027,
                0.07027027027027027,
                0.07567567567567568,
                0.07567567567567568,
                0.15135135135135136,
                0.15135135135135136,
                0.4918918918918919,
                0.4918918918918919,
                1.0
            ],
            "tpr": [
                0.0,
                0.125,
                0.125,
                0.25,
                0.25,
                0.375,
                0.375,
                0.5,
                0.5,
                0.625,
                0.625,
                0.75,
                0.75,
                0.875,
                0.875,
                1.0,
                1.0
            ],
            "auc": 0.8905405405405405
        },
        "BKL": {
            "fpr": [
                0.0,
                0.0,
                0.023391812865497075,
                0.023391812865497075,
                0.029239766081871343,
                0.029239766081871343,
                0.03508771929824561,
                0.03508771929824561,
                0.04678362573099415,
                0.04678362573099415,
                0.05263157894736842,
                0.05263157894736842,
                0.05847953216374269,
                0.05847953216374269,
                0.06432748538011696,
                0.06432748538011696,
                0.0935672514619883,
                0.0935672514619883,
                0.09941520467836257,
                0.09941520467836257,
                0.1111111111111111,
                0.1111111111111111,
                0.11695906432748537,
                0.11695906432748537,
                0.14619883040935672,
                0.14619883040935672,
                0.15789473684210525,
                0.15789473684210525,
                0.16374269005847952,
                0.16374269005847952,
                0.1871345029239766,
                0.1871345029239766,
                0.2046783625730994,
                0.2046783625730994,
                1.0
            ],