{
    "epoch": 10,
    "num_classes": 7,
    "class_names": [
        "MEL",
        "NV",
        "BCC",
        "AKIEC",
        "BKL",
        "DF",
        "VASC"
    ],
    "per_class": {
        "MEL": {
            "fpr": [
                0.0,
                0.005813953488372093,
                0.005813953488372093,
                0.029069767441860465,
                0.029069767441860465,
                0.03488372093023256,
                0.03488372093023256,
                0.040697674418604654,
                0.040697674418604654,
                0.09302325581395349,
                0.09302325581395349,
                0.10465116279069768,
                0.10465116279069768,
                0.11627906976744186,
                0.11627906976744186,
                0.12790697674418605,
                0.12790697674418605,
                0.1511627906976744,
                0.1511627906976744,
                0.22674418604651161,
                0.22674418604651161,
                0.5058139534883721,
                0.5058139534883721,
                1.0
            ],
            "tpr": [
                0.0,
                0.0,
                0.38095238095238093,
                0.38095238095238093,
                0.42857142857142855,
                0.42857142857142855,
                0.47619047619047616,
                0.47619047619047616,
                0.5238095238095238,
                0.5238095238095238,
                0.6190476190476191,
                0.6190476190476191,
                0.6666666666666666,
                0.6666666666666666,
                0.7619047619047619,
                0.7619047619047619,
                0.8095238095238095,
                0.8095238095238095,
                0.9047619047619048,
                0.9047619047619048,
                0.9523809523809523,
                0.9523809523809523,
                1.0,
                1.0
            ],
            "auc": 0.9125138427464009
        },
        "NV": {
            "fpr": [
                0.0,
                0.0,
                0.0,
                0.014285714285714285,
                0.014285714285714285,
                0.02857142857142857,
                0.02857142857142857,
                0.05714285714285714,
                0.05714285714285714,
                0.07142857142857142,
                0.07142857142857142,
                0.08571428571428572,
                0.08571428571428572,
                0.11428571428571428,
                0.11428571428571428,
                0.12857142857142856,
                0.12857142857142856,
                0.14285714285714285,
                0.14285714285714285,
                0.17142857142857143,
                0.17142857142857143,
                0.18571428571428572,
                0.18571428571428572,
                0.22857142857142856,
                0.22857142857142856,
                0.2571428571428571,
                0.2571428571428571,
                0.2857142857142857,
                0.2857142857142857,
                0.34285714285714286,
                0.34285714285714286,
                0.35714285714285715,
                0.35714285714285715,
                0.4857142857142857,
                0.4857142857142857,
                0.5,
                0.5,
                0.6571428571428571,
                0.6571428571428571,
                0.6857142857142857,
                0.6857142857142857,
                1.0
            ],
            "tpr": [
                0.0,
                0.008130081300813009,
                0.7560975609756098,
                0.7560975609756098,
                0.7723577235772358,
                0.7723577235772358,
                0.8292682926829268,
                0.8292682926829268,
                0.8373983739837398,
                0.8373983739837398,
                0.8455284552845529,
                0.8455284552845529,
                0.8780487804878049,
                0.8780487804878049,
                0.8861788617886179,
                0.8861788617886179,
                0.8943089430894309,
                0.8943089430894309,
                0.9105691056910569,
                0.9105691056910569,
                0.9186991869918699,
                0.9186991869918699,
                0.926829268292683,
                0.926829268292683,
                0.9349593495934959,
                0.9349593495934959,
                0.943089430894309,
                0.943089430894309,
                0.9512195121951219,
                0.9512195121951219,
                0.959349593495935,
                0.959349593495935,
                0.967479674796748,
                0.967479674796748,
                0.975609756097561,
                0.975609756097561,
                0.983739837398374,
                0.983739837398374,
                0.991869918699187,
                0.991869918699187,
                1.0,
                1.0
            ],
            "auc": 0.9562137049941929
        },
        "BCC": {
            "fpr": [
                0.0,
                0.0,
                0.0,
                0.0056179775280898875,
                0.0056179775280898875,
                0.028089887640449437,
                0.028089887640449437,
                0.0449438202247191,
                0.0449438202247191,
                0.11235955056179775,
                0.11235955056179775,
                0.11797752808988764,
                0.11797752808988764,
                1.0
            ],
            "tpr": [
                0.0,
                0.06666666666666667,
                0.5333333333333333,
                0.5333333333333333,
                0.7333333333333333,
                0.7333333333333333,
                0.8,
                0.8,
                0.8666666666666667,
                0.8666666666666667,
                0.9333333333333333,
                0.9333333333333333,
                1.0,
                1.0
            ],
            "auc": 0.9786516853932585
        },
        "AKIEC": {
            "fpr": [
                0.0,
                0.005405405405405406,
                0.005405405405405406,
                0.032432432432432434,
                0.032432432432432434,
                0.05405405405405406,
                0.05405405405405406,
                0.08648648648648649,
                0.08648648648648649,
                0.10810810810810811,
                0.10810810810810811,
                0.16756756756756758,
                0.16756756756756758,
                0.21621621621621623,
                0.21621621621621623,
                0.3837837837837838,
                0.3837837837837838,
                1.0
            ],
            "tpr": [
                0.0,
                0.0,
                0.125,
                0.125,
                0.25,
                0.25,
                0.375,
                0.375,
                0.5,
                0.5,
                0.625,
                0.625,
                0.75,
                0.75,
                0.875,
                0.875,
                1.0,
                1.0
            ],
            "auc": 0.8682432432432432
        },