{
    "epoch": 10,
    "num_classes": 7,
    "class_names": [
        "MEL",
        "NV",
        "BCC",
        "AKIEC",
        "BKL",
        "DF",
        "VASC"
    ],
    "per_class": {
        "MEL": {
            "fpr": [
                0.0,
                0.0,
                0.0,
                0.005813953488372093,
                0.005813953488372093,
                0.011627906976744186,
                0.011627906976744186,
                0.01744186046511628,
                0.01744186046511628,
                0.046511627906976744,
                0.046511627906976744,
                0.06395348837209303,
                0.06395348837209303,
                0.18023255813953487,
                0.18023255813953487,
                0.2558139534883721,
                0.2558139534883721,
                0.31976744186046513,
                0.31976744186046513,
                0.8197674418604651,
                0.8197674418604651,
                1.0
            ],
            "tpr": [
                0.0,
                0.047619047619047616,
                0.3333333333333333,
                0.3333333333333333,
                0.38095238095238093,
                0.38095238095238093,
                0.5238095238095238,
                0.5238095238095238,
                0.6666666666666666,
                0.6666666666666666,
                0.7619047619047619,
                0.7619047619047619,
                0.8095238095238095,
                0.8095238095238095,
                0.8571428571428571,
                0.8571428571428571,
                0.9047619047619048,
                0.9047619047619048,
                0.9523809523809523,
                0.9523809523809523,
                1.0,
                1.0
            ],
            "auc": 0.9130675526024362
        },
        "NV": {
            "fpr": [
                0.0,
                0.0,
                0.0,
                0.014285714285714285,
                0.014285714285714285,
                0.04285714285714286,
                0.04285714285714286,
                0.05714285714285714,
                0.05714285714285714,
                0.07142857142857142,
                0.07142857142857142,
                0.08571428571428572,
                0.08571428571428572,
                0.12857142857142856,
                0.12857142857142856,
                0.18571428571428572,
                0.18571428571428572,
                0.22857142857142856,
                0.22857142857142856,
                0.24285714285714285,
                0.24285714285714285,
                0.3142857142857143,
                0.3142857142857143,
                0.35714285714285715,
                0.35714285714285715,
                0.5857142857142857,
                0.5857142857142857,
                0.6285714285714286,
                0.6285714285714286,
                1.0
            ],
            "tpr": [
                0.0,
                0.008130081300813009,
                0.8048780487804879,
                0.8048780487804879,
                0.8130081300813008,
                0.8130081300813008,
                0.8455284552845529,
                0.8455284552845529,
                0.8943089430894309,
                0.8943089430894309,
                0.9105691056910569,
                0.9105691056910569,
                0.9186991869918699,
                0.9186991869918699,
                0.926829268292683,
                0.926829268292683,
                0.9349593495934959,
                0.9349593495934959,
                0.943089430894309,
                0.943089430894309,
                0.9512195121951219,
                0.9512195121951219,
                0.975609756097561,
                0.975609756097561,
                0.983739837398374,
                0.983739837398374,
                0.991869918699187,
                0.991869918699187,
                1.0,
                1.0
            ],
            "auc": 0.9670150987224159
        },
        "BCC": {
            "fpr": [
                0.0,
                0.0056179775280898875,
                0.011235955056179775,
                0.011235955056179775,
                0.02247191011235955,
                0.02247191011235955,
                0.033707865168539325,
                0.033707865168539325,
                0.03932584269662921,
                0.03932584269662921,
                0.0449438202247191,
                0.0449438202247191,
                0.056179775280898875,
                0.056179775280898875,
                0.06741573033707865,
                0.06741573033707865,
                0.10674157303370786,
                0.10674157303370786,
                1.0
            ],
            "tpr": [
                0.0,
                0.0,
                0.0,
                0.06666666666666667,
                0.06666666666666667,
                0.4666666666666667,
                0.4666666666666667,
                0.5333333333333333,
                0.5333333333333333,
                0.7333333333333333,
                0.7333333333333333,
                0.8,
                0.8,
                0.8666666666666667,
                0.8666666666666667,
                0.9333333333333333,
                0.9333333333333333,
                1.0,
                1.0
            ],
            "auc": 0.9617977528089887
        },
        "AKIEC": {
            "fpr": [
                0.0,
                0.005405405405405406,
                0.005405405405405406,
                0.016216216216216217,
                0.016216216216216217,
                0.032432432432432434,
                0.032432432432432434,
                0.07027027027027027,
                0.07027027027027027,
                0.08648648648648649,
                0.08648648648648649,
                0.2648648648648649,
                0.2648648648648649,
                1.0
            ],
            "tpr": [
                0.0,
                0.0,
                0.125,
                0.125,
                0.375,
                0.375,
                0.625,
                0.625,
                0.75,
                0.75,
                0.875,
                0.875,
                1.0,
                1.0
            ],
            "auc": 0.9344594594594595
        },
        "BKL": {
            "fpr": [
                0.0,
                0.0,
                0.0,
                0.005847953216374269,
                0.005847953216374269,
                0.011695906432748537,
                0.011695906432748537,
                0.017543859649122806,
                0.017543859649122806,
                0.023391812865497075,
                0.023391812865497075,
                0.04093567251461988,
                0.04093567251461988,
                0.45614035087719296,
                0.45614035087719296,
                0.4619883040935672,
                0.4619883040935672,
                0.5906432748538012,
                0.5906432748538012,
                1.0
            ],
            "tpr": [
                0.0,
                0.045454545454545456,
                0.09090909090909091,
                0.09090909090909091,
                0.5,
                0.5,
                0.6818181818181818,
                0.6818181818181818,
                0.7727272727272727,
                0.7727272727272727,
                0.8181818181818182,
                0.8181818181818182,
                0.8636363636363636,
                0.8636363636363636,
                0.9090909090909091,
                0.9090909090909091,
                0.9545454545454546,
                0.9545454545454546,
                1.0,
                1.0
            ],
            "auc": 0.922381711855396
        },
        "DF": {
            "fpr": [
                0.0,
                0.0,
                1.0
            ],