{
    "epoch": 30,
    "num_classes": 7,
    "class_names": [
        "MEL",
        "NV",
        "BCC",
        "AKIEC",
        "BKL",
        "DF",
        "VASC"
    ],
    "per_class": {
        "MEL": {
            "fpr": [
                0.0,
                0.0,
                0.0,
                0.005813953488372093,
                0.005813953488372093,
                0.011627906976744186,
                0.011627906976744186,
                0.023255813953488372,
                0.023255813953488372,
                0.06395348837209303,
                0.06395348837209303,
                0.08139534883720931,
                0.08139534883720931,
                0.3488372093023256,
                0.3488372093023256,
                0.47674418604651164,
                0.47674418604651164,
                1.0
            ],
            "tpr": [
                0.0,
                0.047619047619047616,
                0.3333333333333333,
                0.3333333333333333,
                0.5714285714285714,
                0.5714285714285714,
                0.7142857142857143,
                0.7142857142857143,
                0.7619047619047619,
                0.7619047619047619,
                0.8571428571428571,
                0.8571428571428571,
                0.9047619047619048,
                0.9047619047619048,
                0.9523809523809523,
                0.9523809523809523,
                1.0,
                1.0
            ],
            "auc": 0.9465669988925803
        },
        "NV": {
            "fpr": [
                0.0,
                0.0,
                0.0,
                0.014285714285714285,
                0.014285714285714285,
                0.04285714285714286,
                0.04285714285714286,
                0.05714285714285714,
                0.05714285714285714,
                0.08571428571428572,
                0.08571428571428572,
                0.18571428571428572,
                0.18571428571428572,
                0.2,
                0.2,
                0.22857142857142856,
                0.22857142857142856,
                0.2714285714285714,
                0.2714285714285714,
                0.38571428571428573,
                0.38571428571428573,
                0.4142857142857143,
                0.4142857142857143,
                0.4714285714285714,
                0.4714285714285714,
                0.5,
                0.5,
                0.7285714285714285,
                0.7285714285714285,
                1.0
            ],
            "tpr": [
                0.0,
                0.008130081300813009,
                0.8211382113821138,
                0.8211382113821138,
                0.8861788617886179,
                0.8861788617886179,
                0.8943089430894309,
                0.8943089430894309,
                0.9186991869918699,
                0.9186991869918699,
                0.926829268292683,
                0.926829268292683,
                0.9349593495934959,
                0.9349593495934959,
                0.943089430894309,
                0.943089430894309,
                0.9512195121951219,
                0.9512195121951219,
                0.959349593495935,
                0.959349593495935,
                0.967479674796748,
                0.967479674796748,
                0.975609756097561,
                0.975609756097561,
                0.983739837398374,
                0.983739837398374,
                0.991869918699187,
                0.991869918699187,
                1.0,
                1.0
            ],
            "auc": 0.9691056910569106
        },
        "BCC": {
            "fpr": [
                0.0,
                0.0,
                0.0,
                0.0056179775280898875,
                0.0056179775280898875,
                0.011235955056179775,
                0.011235955056179775,
                0.028089887640449437,
                0.028089887640449437,
                0.056179775280898875,
                0.056179775280898875,
                1.0
            ],
            "tpr": [
                0.0,
                0.06666666666666667,
                0.26666666666666666,
                0.26666666666666666,
                0.6,
                0.6,
                0.6666666666666666,
                0.6666666666666666,
                0.9333333333333333,
                0.9333333333333333,
                1.0,
                1.0
            ],
            "auc": 0.9861423220973783
        },
        "AKIEC": {
            "fpr": [
                0.0,
                0.0,
                0.005405405405405406,
                0.005405405405405406,
                0.02702702702702703,
                0.02702702702702703,
                0.03783783783783784,
                0.03783783783783784,
                0.0918918918918919,
                0.0918918918918919,
                0.0972972972972973,
                0.0972972972972973,
                1.0
            ],
            "tpr": [
                0.0,
                0.125,
                0.125,
                0.375,
                0.375,
                0.625,
                0.625,
                0.75,
                0.75,
                0.875,
                0.875,
                1.0,
                1.0
            ],
            "auc": 0.9635135135135136
        },
        "BKL": {
            "fpr": [
                0.0,
                0.0,
                0.0,
                0.005847953216374269,
                0.005847953216374269,
                0.011695906432748537,
                0.011695906432748537,
                0.017543859649122806,
                0.017543859649122806,
                0.029239766081871343,
                0.029239766081871343,
                0.04093567251461988,
                0.04093567251461988,
                0.06432748538011696,
                0.06432748538011696,
                0.5497076023391813,
                0.5497076023391813,
                0.8596491228070176,
                0.8596491228070176,
                1.0
            ],
            "tpr": [
                0.0,
                0.045454545454545456,
                0.3181818181818182,
                0.3181818181818182,
                0.36363636363636365,
                0.36363636363636365,
                0.45454545454545453,
                0.45454545454545453,
                0.7272727272727273,
                0.7272727272727273,
                0.7727272727272727,
                0.7727272727272727,
                0.8636363636363636,
                0.8636363636363636,
                0.9090909090909091,
                0.9090909090909091,
                0.9545454545454546,
                0.9545454545454546,
                1.0,
                1.0
            ],
            "auc": 0.9218500797448166
        },
        "DF": {
            "fpr": [
                0.0,
                0.005208333333333333,
                0.005208333333333333,
                1.0
            ],
            "tpr": [
                0.0,
                0.0,
                1.0,
                1.0
            ],
            "auc": 0.9947916666666666
        },
        "VASC": {
            "fpr": [
                0.0,
                0.0,
                0.0,
                1.0
            ],
            "tpr": [
                0.0,
                0.3333333333333333,
                1.0,
                1.0
            ],
            "auc": 1.0
        }
    },
    "macro_average_auc": 0.9709859675354537
}