{
    "epoch": 25,
    "num_classes": 7,
    "class_names": [
        "MEL",
        "NV",
        "BCC",
        "AKIEC",
        "BKL",
        "DF",
        "VASC"
    ],
    "per_class": {
        "MEL": {
            "fpr": [
                0.0,
                0.0,
                0.0,
                0.005813953488372093,
                0.005813953488372093,
                0.01744186046511628,
                0.01744186046511628,
                0.023255813953488372,
                0.023255813953488372,
                0.029069767441860465,
                0.029069767441860465,
                0.040697674418604654,
                0.040697674418604654,
                0.08139534883720931,
                0.08139534883720931,
                0.13372093023255813,
                0.13372093023255813,
                0.22674418604651161,
                0.22674418604651161,
                0.26744186046511625,
                0.26744186046511625,
                0.5290697674418605,
                0.5290697674418605,
                1.0
            ],
            "tpr": [
                0.0,
                0.047619047619047616,
                0.23809523809523808,
                0.23809523809523808,
                0.2857142857142857,
                0.2857142857142857,
                0.3333333333333333,
                0.3333333333333333,
                0.42857142857142855,
                0.42857142857142855,
                0.6190476190476191,
                0.6190476190476191,
                0.7142857142857143,
                0.7142857142857143,
                0.8095238095238095,
                0.8095238095238095,
                0.8571428571428571,
                0.8571428571428571,
                0.9047619047619048,
                0.9047619047619048,
                0.9523809523809523,
                0.9523809523809523,
                1.0,
                1.0
            ],
            "auc": 0.9244186046511628
        },
        "NV": {
            "fpr": [
                0.0,
                0.0,
                0.0,
                0.014285714285714285,
                0.014285714285714285,
                0.02857142857142857,
                0.02857142857142857,
                0.04285714285714286,
                0.04285714285714286,
                0.05714285714285714,
                0.05714285714285714,
                0.07142857142857142,
                0.07142857142857142,
                0.1,
                0.1,
                0.12857142857142856,
                0.12857142857142856,
                0.17142857142857143,
                0.17142857142857143,
                0.18571428571428572,
                0.18571428571428572,
                0.24285714285714285,
                0.24285714285714285,
                0.2571428571428571,
                0.2571428571428571,
                0.2714285714285714,
                0.2714285714285714,
                0.3,
                0.3,
                0.45714285714285713,
                0.45714285714285713,
                0.5,
                0.5,
                1.0
            ],
            "tpr": [
                0.0,
                0.008130081300813009,
                0.7642276422764228,
                0.7642276422764228,
                0.8130081300813008,
                0.8130081300813008,
                0.8455284552845529,
                0.8455284552845529,
                0.8617886178861789,
                0.8617886178861789,
                0.8943089430894309,
                0.8943089430894309,
                0.9024390243902439,
                0.9024390243902439,
                0.9186991869918699,
                0.9186991869918699,
                0.926829268292683,
                0.926829268292683,
                0.9349593495934959,
                0.9349593495934959,
                0.943089430894309,
                0.943089430894309,
                0.9512195121951219,
                0.9512195121951219,
                0.959349593495935,
                0.959349593495935,
                0.967479674796748,
                0.967479674796748,
                0.975609756097561,
                0.975609756097561,
                0.991869918699187,
                0.991869918699187,
                1.0,
                1.0
            ],
            "auc": 0.9694541231126597
        },
        "BCC": {
            "fpr": [
                0.0,
                0.0,
                0.0056179775280898875,
                0.0056179775280898875,
                0.011235955056179775,
                0.011235955056179775,
                0.016853932584269662,
                0.016853932584269662,
                0.02247191011235955,
                0.02247191011235955,
                0.028089887640449437,
                0.028089887640449437,
                0.06179775280898876,
                0.06179775280898876,
                1.0
            ],
            "tpr": [
                0.0,
                0.06666666666666667,
                0.06666666666666667,
                0.26666666666666666,
                0.26666666666666666,
                0.5333333333333333,
                0.5333333333333333,
                0.6,
                0.6,
                0.7333333333333333,
                0.7333333333333333,
                0.9333333333333333,
                0.9333333333333333,
                1.0,
                1.0
            ],
            "auc": 0.9820224719101123
        },
        "AKIEC": {
            "fpr": [
                0.0,
                0.005405405405405406,
                0.005405405405405406,
                0.021621621621621623,
                0.021621621621621623,
                0.05405405405405406,
                0.05405405405405406,
                0.06486486486486487,
                0.06486486486486487,
                0.10810810810810811,
                0.10810810810810811,
                1.0
            ],
            "tpr": [
                0.0,
                0.0,
                0.375,
                0.375,
                0.5,
                0.5,
                0.625,
                0.625,
                0.875,
                0.875,
                1.0,
                1.0
            ],
            "auc": 0.9587837837837838
        },
        "BKL": {
            "fpr": [
                0.0,
                0.0,
                0.0,
                0.005847953216374269,
                0.005847953216374269,
                0.011695906432748537,
                0.011695906432748537,
                0.023391812865497075,
                0.023391812865497075,
                0.07017543859649122,
                0.07017543859649122,
                0.09941520467836257,
                0.09941520467836257,
                0.7719298245614035,
                0.7719298245614035,
                0.9415204678362573,
                0.9415204678362573,
                1.0
            ],
            "tpr": [
                0.0,
                0.045454545454545456,
                0.3181818181818182,
                0.3181818181818182,
                0.4090909090909091,
                0.4090909090909091,
                0.6363636363636364,
                0.6363636363636364,
                0.8181818181818182,
                0.8181818181818182,
                0.8636363636363636,
                0.8636363636363636,
                0.9090909090909091,
                0.9090909090909091,
                0.9545454545454546,
                0.9545454545454546,
                1.0,
                1.0
            ],
            "auc": 0.9069643806485911
        },
        "DF": {
            "fpr": [
                0.0,
                0.0,
                1.0
            ],
            "tpr": [
                0.0,
                1.0,
                1.0
            ],
            "auc": 1.0
        },