{
    "epoch": 5,
    "num_classes": 7,
    "class_names": [
        "MEL",
        "NV",
        "BCC",
        "AKIEC",
        "BKL",
        "DF",
        "VASC"
    ],
    "per_class": {
        "MEL": {
            "fpr": [
                0.0,
                0.0,
                0.0,
                0.005813953488372093,
                0.005813953488372093,
                0.011627906976744186,
                0.011627906976744186,
                0.03488372093023256,
                0.03488372093023256,
                0.040697674418604654,
                0.040697674418604654,
                0.046511627906976744,
                0.046511627906976744,
                0.13953488372093023,
                0.13953488372093023,
                0.16279069767441862,
                0.16279069767441862,
                0.1686046511627907,
                0.1686046511627907,
                0.36627906976744184,
                0.36627906976744184,
                0.9941860465116279,
                0.9941860465116279,
                1.0
            ],
            "tpr": [
                0.0,
                0.047619047619047616,
                0.2857142857142857,
                0.2857142857142857,
                0.3333333333333333,
                0.3333333333333333,
                0.5238095238095238,
                0.5238095238095238,
                0.6666666666666666,
                0.6666666666666666,
                0.7142857142857143,
                0.7142857142857143,
                0.7619047619047619,
                0.7619047619047619,
                0.8095238095238095,
                0.8095238095238095,
                0.8571428571428571,
                0.8571428571428571,
                0.9047619047619048,
                0.9047619047619048,
                0.9523809523809523,
                0.9523809523809523,
                1.0,
                1.0
            ],
            "auc": 0.9011627906976744
        },
        "NV": {
            "fpr": [
                0.0,
                0.0,
                0.0,
                0.014285714285714285,
                0.014285714285714285,
                0.02857142857142857,
                0.02857142857142857,
                0.05714285714285714,
                0.05714285714285714,
                0.07142857142857142,
                0.07142857142857142,
                0.11428571428571428,
                0.11428571428571428,
                0.14285714285714285,
                0.14285714285714285,
                0.15714285714285714,
                0.15714285714285714,
                0.2571428571428571,
                0.2571428571428571,
                0.2714285714285714,
                0.2714285714285714,
                0.4857142857142857,
                0.4857142857142857,
                0.5428571428571428,
                0.5428571428571428,
                0.5714285714285714,
                0.5714285714285714,
                0.6714285714285714,
                0.6714285714285714,
                1.0
            ],
            "tpr": [
                0.0,
                0.008130081300813009,
                0.7154471544715447,
                0.7154471544715447,
                0.8048780487804879,
                0.8048780487804879,
                0.8211382113821138,
                0.8211382113821138,
                0.8455284552845529,
                0.8455284552845529,
                0.9024390243902439,
                0.9024390243902439,
                0.926829268292683,
                0.926829268292683,
                0.9349593495934959,
                0.9349593495934959,
                0.943089430894309,
                0.943089430894309,
                0.9512195121951219,
                0.9512195121951219,
                0.959349593495935,
                0.959349593495935,
                0.967479674796748,
                0.967479674796748,
                0.983739837398374,
                0.983739837398374,
                0.991869918699187,
                0.991869918699187,
                1.0,
                1.0
            ],
            "auc": 0.9603948896631823
        },
        "BCC": {
            "fpr": [
                0.0,
                0.0,
                0.0056179775280898875,
                0.0056179775280898875,
                0.011235955056179775,
                0.011235955056179775,
                0.016853932584269662,
                0.016853932584269662,
                0.02247191011235955,
                0.02247191011235955,
                0.03932584269662921,
                0.03932584269662921,
                0.056179775280898875,
                0.056179775280898875,
                0.14606741573033707,
                0.14606741573033707,
                1.0
            ],
            "tpr": [
                0.0,
                0.06666666666666667,
                0.06666666666666667,
                0.2,
                0.2,
                0.5333333333333333,
                0.5333333333333333,
                0.6,
                0.6,
                0.6666666666666666,
                0.6666666666666666,
                0.8,
                0.8,
                0.9333333333333333,
                0.9333333333333333,
                1.0,
                1.0
            ],
            "auc": 0.9704119850187266
        },
        "AKIEC": {
            "fpr": [
                0.0,
                0.0,
                0.016216216216216217,
                0.016216216216216217,
                0.02702702702702703,
                0.02702702702702703,
                0.06486486486486487,
                0.06486486486486487,
                0.13513513513513514,
                0.13513513513513514,
                0.7189189189189189,
                0.7189189189189189,
                1.0
            ],
            "tpr": [
                0.0,
                0.125,
                0.125,
                0.375,
                0.375,
                0.5,
                0.5,
                0.75,
                0.75,
                0.875,
                0.875,
                1.0,
                1.0
            ],
            "auc": 0.8695945945945946
        },
        "BKL": {
            "fpr": [
                0.0,
                0.0,
                0.0,
                0.005847953216374269,
                0.005847953216374269,
                0.017543859649122806,
                0.017543859649122806,
                0.023391812865497075,
                0.023391812865497075,
                0.029239766081871343,
                0.029239766081871343,
                0.14619883040935672,
                0.14619883040935672,
                0.23976608187134502,
                0.23976608187134502,
                0.4327485380116959,
                0.4327485380116959,
                1.0
            ],
            "tpr": [
                0.0,
                0.045454545454545456,
                0.09090909090909091,
                0.09090909090909091,
                0.18181818181818182,
                0.18181818181818182,
                0.6818181818181818,
                0.6818181818181818,
                0.7727272727272727,
                0.7727272727272727,
                0.8181818181818182,
                0.8181818181818182,
                0.8636363636363636,
                0.8636363636363636,
                0.9545454545454546,
                0.9545454545454546,
                1.0,
                1.0
            ],
            "auc": 0.9391281233386497
        },
        "DF": {
            "fpr": [
                0.0,
                0.0,
                1.0
            ],
            "tpr": [
                0.0,
                1.0,
                1.0
            ],
            "auc": 1.0
        },
        "VASC": {
            "fpr": [
                0.0,
                0.0,
                0.0,
                1.0
            ],