{
    "epoch": 20,
    "num_classes": 7,
    "class_names": [
        "MEL",
        "NV",
        "BCC",
        "AKIEC",
        "BKL",
        "DF",
        "VASC"
    ],
    "per_class": {
        "MEL": {
            "fpr": [
                0.0,
                0.0,
                0.0,
                0.005813953488372093,
                0.005813953488372093,
                0.011627906976744186,
                0.011627906976744186,
                0.029069767441860465,
                0.029069767441860465,
                0.03488372093023256,
                0.03488372093023256,
                0.05232558139534884,
                0.05232558139534884,
                0.06976744186046512,
                0.06976744186046512,
                0.09302325581395349,
                0.09302325581395349,
                0.09883720930232558,
                0.09883720930232558,
                0.25,
                0.25,
                0.686046511627907,
                0.686046511627907,
                1.0
            ],
            "tpr": [
                0.0,
                0.047619047619047616,
                0.3333333333333333,
                0.3333333333333333,
                0.42857142857142855,
                0.42857142857142855,
                0.6190476190476191,
                0.6190476190476191,
                0.6666666666666666,
                0.6666666666666666,
                0.7142857142857143,
                0.7142857142857143,
                0.7619047619047619,
                0.7619047619047619,
                0.8095238095238095,
                0.8095238095238095,
                0.8571428571428571,
                0.8571428571428571,
                0.9047619047619048,
                0.9047619047619048,
                0.9523809523809523,
                0.9523809523809523,
                1.0,
                1.0
            ],
            "auc": 0.9346622369878184
        },
        "NV": {
            "fpr": [
                0.0,
                0.0,
                0.0,
                0.02857142857142857,
                0.02857142857142857,
                0.05714285714285714,
                0.05714285714285714,
                0.07142857142857142,
                0.07142857142857142,
                0.08571428571428572,
                0.08571428571428572,
                0.1,
                0.1,
                0.11428571428571428,
                0.11428571428571428,
                0.12857142857142856,
                0.12857142857142856,
                0.14285714285714285,
                0.14285714285714285,
                0.15714285714285714,
                0.15714285714285714,
                0.18571428571428572,
                0.18571428571428572,
                0.2,
                0.2,
                0.22857142857142856,
                0.22857142857142856,
                0.2714285714285714,
                0.2714285714285714,
                0.35714285714285715,
                0.35714285714285715,
                0.4,
                0.4,
                0.6428571428571429,
                0.6428571428571429,
                1.0
            ],
            "tpr": [
                0.0,
                0.008130081300813009,
                0.7886178861788617,
                0.7886178861788617,
                0.8617886178861789,
                0.8617886178861789,
                0.8699186991869918,
                0.8699186991869918,
                0.8780487804878049,
                0.8780487804878049,
                0.8861788617886179,
                0.8861788617886179,
                0.8943089430894309,
                0.8943089430894309,
                0.9024390243902439,
                0.9024390243902439,
                0.9105691056910569,
                0.9105691056910569,
                0.9186991869918699,
                0.9186991869918699,
                0.9349593495934959,
                0.9349593495934959,
                0.943089430894309,
                0.943089430894309,
                0.959349593495935,
                0.959349593495935,
                0.967479674796748,
                0.967479674796748,
                0.975609756097561,
                0.975609756097561,
                0.983739837398374,
                0.983739837398374,
                0.991869918699187,
                0.991869918699187,
                1.0,
                1.0
            ],
            "auc": 0.9694541231126597
        },
        "BCC": {
            "fpr": [
                0.0,
                0.0,
                0.0,
                0.016853932584269662,
                0.016853932584269662,
                0.02247191011235955,
                0.02247191011235955,
                0.033707865168539325,
                0.033707865168539325,
                0.03932584269662921,
                0.03932584269662921,
                0.0449438202247191,
                0.0449438202247191,
                0.1404494382022472,
                0.1404494382022472,
                1.0
            ],
            "tpr": [
                0.0,
                0.06666666666666667,
                0.4666666666666667,
                0.4666666666666667,
                0.6,
                0.6,
                0.7333333333333333,
                0.7333333333333333,
                0.8,
                0.8,
                0.8666666666666667,
                0.8666666666666667,
                0.9333333333333333,
                0.9333333333333333,
                1.0,
                1.0
            ],
            "auc": 0.9775280898876404
        },
        "AKIEC": {
            "fpr": [
                0.0,
                0.0,
                0.0,
                0.010810810810810811,
                0.010810810810810811,
                0.016216216216216217,
                0.016216216216216217,
                0.021621621621621623,
                0.021621621621621623,
                0.05405405405405406,
                0.05405405405405406,
                0.05945945945945946,
                0.05945945945945946,
                0.1891891891891892,
                0.1891891891891892,
                1.0
            ],
            "tpr": [
                0.0,
                0.125,
                0.25,
                0.25,
                0.375,
                0.375,
                0.5,
                0.5,
                0.625,
                0.625,
                0.75,
                0.75,
                0.875,
                0.875,
                1.0,
                1.0
            ],
            "auc": 0.956081081081081
        },
        "BKL": {
            "fpr": [
                0.0,
                0.0,
                0.0,
                0.005847953216374269,
                0.005847953216374269,
                0.011695906432748537,
                0.011695906432748537,
                0.023391812865497075,
                0.023391812865497075,
                0.06432748538011696,
                0.06432748538011696,
                0.1111111111111111,
                0.1111111111111111,
                0.19883040935672514,
                0.19883040935672514,
                0.39766081871345027,
                0.39766081871345027,
                1.0
            ],
            "tpr": [
                0.0,
                0.045454545454545456,
                0.13636363636363635,
                0.13636363636363635,
                0.2727272727272727,
                0.2727272727272727,
                0.6818181818181818,
                0.6818181818181818,
                0.8181818181818182,
                0.8181818181818182,
                0.8636363636363636,
                0.8636363636363636,
                0.9090909090909091,
                0.9090909090909091,
                0.9545454545454546,
                0.9545454545454546,
                1.0,
                1.0
            ],
            "auc": 0.9561403508771931
        },