{
    "epoch": 40,
    "num_classes": 7,
    "class_names": [
        "MEL",
        "NV",
        "BCC",
        "AKIEC",
        "BKL",
        "DF",
        "VASC"
    ],
    "per_class": {
        "MEL": {
            "fpr": [
                0.0,
                0.0,
                0.0,
                0.005813953488372093,
                0.005813953488372093,
                0.011627906976744186,
                0.011627906976744186,
                0.029069767441860465,
                0.029069767441860465,
                0.03488372093023256,
                0.03488372093023256,
                0.05813953488372093,
                0.05813953488372093,
                0.0872093023255814,
                0.0872093023255814,
                0.28488372093023256,
                0.28488372093023256,
                0.6802325581395349,
                0.6802325581395349,
                1.0
            ],
            "tpr": [
                0.0,
                0.047619047619047616,
                0.47619047619047616,
                0.47619047619047616,
                0.5714285714285714,
                0.5714285714285714,
                0.6666666666666666,
                0.6666666666666666,
                0.7619047619047619,
                0.7619047619047619,
                0.8095238095238095,
                0.8095238095238095,
                0.8571428571428571,
                0.8571428571428571,
                0.9047619047619048,
                0.9047619047619048,
                0.9523809523809523,
                0.9523809523809523,
                1.0,
                1.0
            ],
            "auc": 0.9410299003322259
        },
        "NV": {
            "fpr": [
                0.0,
                0.0,
                0.0,
                0.014285714285714285,
                0.014285714285714285,
                0.05714285714285714,
                0.05714285714285714,
                0.07142857142857142,
                0.07142857142857142,
                0.1,
                0.1,
                0.14285714285714285,
                0.14285714285714285,
                0.18571428571428572,
                0.18571428571428572,
                0.32857142857142857,
                0.32857142857142857,
                0.37142857142857144,
                0.37142857142857144,
                0.6571428571428571,
                0.6571428571428571,
                1.0
            ],
            "tpr": [
                0.0,
                0.008130081300813009,
                0.8780487804878049,
                0.8780487804878049,
                0.8943089430894309,
                0.8943089430894309,
                0.9186991869918699,
                0.9186991869918699,
                0.9349593495934959,
                0.9349593495934959,
                0.943089430894309,
                0.943089430894309,
                0.959349593495935,
                0.959349593495935,
                0.967479674796748,
                0.967479674796748,
                0.975609756097561,
                0.975609756097561,
                0.991869918699187,
                0.991869918699187,
                1.0,
                1.0
            ],
            "auc": 0.978513356562137
        },
        "BCC": {
            "fpr": [
                0.0,
                0.0,
                0.0,
                0.0056179775280898875,
                0.0056179775280898875,
                0.016853932584269662,
                0.016853932584269662,
                0.03932584269662921,
                0.03932584269662921,
                0.0449438202247191,
                0.0449438202247191,
                1.0
            ],
            "tpr": [
                0.0,
                0.06666666666666667,
                0.5333333333333333,
                0.5333333333333333,
                0.6,
                0.6,
                0.8666666666666667,
                0.8666666666666667,
                0.9333333333333333,
                0.9333333333333333,
                1.0,
                1.0
            ],
            "auc": 0.9895131086142323
        },
        "AKIEC": {
            "fpr": [
                0.0,
                0.0,
                0.005405405405405406,
                0.005405405405405406,
                0.021621621621621623,
                0.021621621621621623,
                0.02702702702702703,
                0.02702702702702703,
                0.03783783783783784,
                0.03783783783783784,
                0.13513513513513514,
                0.13513513513513514,
                1.0
            ],
            "tpr": [
                0.0,
                0.125,
                0.125,
                0.375,
                0.375,
                0.5,
                0.5,
                0.75,
                0.75,
                0.875,
                0.875,
                1.0,
                1.0
            ],
            "auc": 0.9675675675675677
        },
        "BKL": {
            "fpr": [
                0.0,
                0.0,
                0.0,
                0.005847953216374269,
                0.005847953216374269,
                0.017543859649122806,
                0.017543859649122806,
                0.023391812865497075,
                0.023391812865497075,
                0.029239766081871343,
                0.029239766081871343,
                0.08771929824561403,
                0.08771929824561403,
                0.12280701754385964,
                0.12280701754385964,
                0.3684210526315789,
                0.3684210526315789,
                0.9590643274853801,
                0.9590643274853801,
                1.0
            ],
            "tpr": [
                0.0,
                0.045454545454545456,
                0.18181818181818182,
                0.18181818181818182,
                0.5,
                0.5,
                0.6363636363636364,
                0.6363636363636364,
                0.6818181818181818,
                0.6818181818181818,
                0.8181818181818182,
                0.8181818181818182,
                0.8636363636363636,
                0.8636363636363636,
                0.9090909090909091,
                0.9090909090909091,
                0.9545454545454546,
                0.9545454545454546,
                1.0,
                1.0
            ],
            "auc": 0.9207868155236576
        },
        "DF": {
            "fpr": [
                0.0,
                0.0,
                1.0
            ],
            "tpr": [
                0.0,
                1.0,
                1.0
            ],
            "auc": 1.0
        },
        "VASC": {
            "fpr": [
                0.0,
                0.0,
                0.0,
                1.0
            ],
            "tpr": [
                0.0,
                0.3333333333333333,
                1.0,
                1.0
            ],
            "auc": 1.0
        }
    },
    "macro_average_auc": 0.973424229270281
}