{
    "overall": {
        "accuracy": 91.70984455958549,
        "balanced_multiclass_accuracy": 0.9147382234490248,
        "macro_recall": 0.9147382234490248,
        "macro_precision": 0.8747966722542994,
        "macro_f1": 0.8884671812252883,
        "multiclass_macro_auc_ovr": 0.9646303968329727,
        "mean_auc_all_diagnoses": 0.9646303968329727,
        "mean_average_precision_all_diagnoses": 0.8944021453660683,
        "mean_sensitivity": 0.9147382234490248,
        "mean_specificity": 0.985761018467589,
        "mean_accuracy": 0.9763138415988157,
        "mean_f1": 0.8884671812252883,
        "mean_ppv": 0.8747966722542994,
        "mean_npv": 0.9803829060843355,
        "melanoma_auc80": 0.8831672203765227,
        "malignant_vs_benign_auc": 0.9600366076876143,
        "mcc": 0.8574710034123445,
        "cohen_kappa": 0.8559835836209309,
        "mean_youden_index": 0.9004992419166138
    },
    "per_class": {
        "MEL": {
            "sensitivity": 0.8095238095238095,
            "specificity": 0.9825581395348837,
            "accuracy": 0.9637305699481865,
            "auc": 0.8898117386489479,
            "average_precision": 0.8174398772555767,
            "f1_score": 0.8292682926829269,
            "ppv": 0.85,
            "npv": 0.976878612716763,
            "auc80": 0.8831672203765227,
            "youden_index": 0.7920819490586932
        },
        "NV": {
            "sensitivity": 0.9512195121951219,
            "specificity": 0.9857142857142858,
            "accuracy": 0.9637305699481865,
            "auc": 0.9912891986062717,
            "average_precision": 0.9956709728569063,
            "f1_score": 0.970954356846473,
            "ppv": 0.9915254237288136,
            "npv": 0.92,
            "auc80": NaN,
            "youden_index": 0.9369337979094077
        },
        "BCC": {
            "sensitivity": 0.7333333333333333,
            "specificity": 0.9887640449438202,
            "accuracy": 0.9689119170984456,
            "auc": 0.9348314606741573,
            "average_precision": 0.8566566926971552,
            "f1_score": 0.7857142857142856,
            "ppv": 0.8461538461538461,
            "npv": 0.9777777777777777,
            "auc80": NaN,
            "youden_index": 0.7220973782771534
        },
        "AKIEC": {
            "sensitivity": 1.0,
            "specificity": 0.9783783783783784,
            "accuracy": 0.9792746113989638,
            "auc": 0.9925675675675675,
            "average_precision": 0.7390241702741703,
            "f1_score": 0.8,
            "ppv": 0.6666666666666666,
            "npv": 1.0,
            "auc80": NaN,
            "youden_index": 0.9783783783783784
        },
        "BKL": {
            "sensitivity": 0.9090909090909091,
            "specificity": 0.9649122807017544,
            "accuracy": 0.9585492227979274,
            "auc": 0.943912812333865,
            "average_precision": 0.8520233044786699,
            "f1_score": 0.8333333333333333,
            "ppv": 0.7692307692307693,
            "npv": 0.9880239520958084,
            "auc80": NaN,
            "youden_index": 0.8740031897926634
        },
        "DF": {
            "sensitivity": 1.0,
            "specificity": 1.0,
            "accuracy": 1.0,
            "auc": 1.0,
            "average_precision": 1.0,
            "f1_score": 1.0,
            "ppv": 1.0,
            "npv": 1.0,
            "auc80": NaN,
            "youden_index": 1.0
        },
        "VASC": {
            "sensitivity": 1.0,
            "specificity": 1.0,
            "accuracy": 1.0,
            "auc": 1.0,
            "average_precision": 1.0,
            "f1_score": 1.0,
            "ppv": 1.0,
            "npv": 1.0,
            "auc80": NaN,
            "youden_index": 1.0
        }
    },
    "malignant_definition_used": [
        "MEL",
        "BCC",
        "AKIEC"
    ],
    "val_loss": 0.9322321254354684
}