{
    "overall": {
        "accuracy": 91.70984455958549,
        "balanced_multiclass_accuracy": 0.9065150006787637,
        "macro_recall": 0.9065150006787637,
        "macro_precision": 0.8243339043606424,
        "macro_f1": 0.8512313317350689,
        "multiclass_macro_auc_ovr": 0.9662171948790342,
        "mean_auc_all_diagnoses": 0.9662171948790342,
        "mean_average_precision_all_diagnoses": 0.9015644040810405,
        "mean_sensitivity": 0.9065150006787637,
        "mean_specificity": 0.9833103045239348,
        "mean_accuracy": 0.9763138415988156,
        "mean_f1": 0.851231331735069,
        "mean_ppv": 0.8243339043606424,
        "mean_npv": 0.9810747147835263,
        "melanoma_auc80": 0.9019933554817274,
        "malignant_vs_benign_auc": 0.9408175716900549,
        "mcc": 0.8545935218781621,
        "cohen_kappa": 0.8538985616956851,
        "mean_youden_index": 0.8898253052026985
    },
    "per_class": {
        "MEL": {
            "sensitivity": 0.7142857142857143,
            "specificity": 0.9883720930232558,
            "accuracy": 0.9585492227979274,
            "auc": 0.9072535991140641,
            "average_precision": 0.8506893280833733,
            "f1_score": 0.7894736842105262,
            "ppv": 0.8823529411764706,
            "npv": 0.9659090909090909,
            "auc80": 0.9019933554817274,
            "youden_index": 0.7026578073089702
        },
        "NV": {
            "sensitivity": 0.959349593495935,
            "specificity": 0.9571428571428572,
            "accuracy": 0.9585492227979274,
            "auc": 0.9911730545876888,
            "average_precision": 0.9953695184857928,
            "f1_score": 0.9672131147540983,
            "ppv": 0.9752066115702479,
            "npv": 0.9305555555555556,
            "auc80": NaN,
            "youden_index": 0.9164924506387921
        },
        "BCC": {
            "sensitivity": 0.9333333333333333,
            "specificity": 0.9887640449438202,
            "accuracy": 0.9844559585492227,
            "auc": 0.9397003745318352,
            "average_precision": 0.9069489057950596,
            "f1_score": 0.9032258064516129,
            "ppv": 0.875,
            "npv": 0.9943502824858758,
            "auc80": NaN,
            "youden_index": 0.9220973782771535
        },
        "AKIEC": {
            "sensitivity": 0.875,
            "specificity": 0.9891891891891892,
            "accuracy": 0.9844559585492227,
            "auc": 0.9891891891891892,
            "average_precision": 0.7490079365079365,
            "f1_score": 0.823529411764706,
            "ppv": 0.7777777777777778,
            "npv": 0.9945652173913043,
            "auc80": NaN,
            "youden_index": 0.8641891891891893
        },
        "BKL": {
            "sensitivity": 0.8636363636363636,
            "specificity": 0.9649122807017544,
            "accuracy": 0.9533678756476683,
            "auc": 0.9362041467304626,
            "average_precision": 0.808935139695122,
            "f1_score": 0.8085106382978724,
            "ppv": 0.76,
            "npv": 0.9821428571428571,
            "auc80": NaN,
            "youden_index": 0.828548644338118
        },
        "DF": {
            "sensitivity": 1.0,
            "specificity": 0.9947916666666666,
            "accuracy": 0.9948186528497409,
            "auc": 1.0,
            "average_precision": 1.0,
            "f1_score": 0.6666666666666666,
            "ppv": 0.5,
            "npv": 1.0,
            "auc80": NaN,
            "youden_index": 0.9947916666666665
        },
        "VASC": {
            "sensitivity": 1.0,
            "specificity": 1.0,
            "accuracy": 1.0,
            "auc": 1.0,
            "average_precision": 1.0,
            "f1_score": 1.0,
            "ppv": 1.0,
            "npv": 1.0,
            "auc80": NaN,
            "youden_index": 1.0
        }
    },
    "malignant_definition_used": [
        "MEL",
        "BCC",
        "AKIEC"
    ],
    "val_loss": 0.8878365131239817
}