{
    "overall": {
        "accuracy": 89.11917098445595,
        "balanced_multiclass_accuracy": 0.8986051405040952,
        "macro_recall": 0.8986051405040952,
        "macro_precision": 0.8545544546320943,
        "macro_f1": 0.8738696707561673,
        "multiclass_macro_auc_ovr": 0.9612798668861198,
        "mean_auc_all_diagnoses": 0.9612798668861198,
        "mean_average_precision_all_diagnoses": 0.8745949107325187,
        "mean_sensitivity": 0.8986051405040952,
        "mean_specificity": 0.9803481471427468,
        "mean_accuracy": 0.9689119170984456,
        "mean_f1": 0.8738696707561673,
        "mean_ppv": 0.8545544546320943,
        "mean_npv": 0.9724955162142113,
        "melanoma_auc80": 0.89562569213732,
        "malignant_vs_benign_auc": 0.9377669310555217,
        "mcc": 0.8158731192725512,
        "cohen_kappa": 0.8135608813652881,
        "mean_youden_index": 0.8789532876468419
    },
    "per_class": {
        "MEL": {
            "sensitivity": 0.8571428571428571,
            "specificity": 0.9825581395348837,
            "accuracy": 0.9689119170984456,
            "auc": 0.9108527131782946,
            "average_precision": 0.8593249484915688,
            "f1_score": 0.8571428571428571,
            "ppv": 0.8571428571428571,
            "npv": 0.9825581395348837,
            "auc80": 0.89562569213732,
            "youden_index": 0.8397009966777409
        },
        "NV": {
            "sensitivity": 0.9186991869918699,
            "specificity": 0.9714285714285714,
            "accuracy": 0.9378238341968912,
            "auc": 0.9888501742160278,
            "average_precision": 0.9941118496800682,
            "f1_score": 0.9495798319327732,
            "ppv": 0.9826086956521739,
            "npv": 0.8717948717948718,
            "auc80": NaN,
            "youden_index": 0.8901277584204412
        },
        "BCC": {
            "sensitivity": 0.8666666666666667,
            "specificity": 0.9831460674157303,
            "accuracy": 0.9740932642487047,
            "auc": 0.9325842696629214,
            "average_precision": 0.8987432828609299,
            "f1_score": 0.8387096774193549,
            "ppv": 0.8125,
            "npv": 0.9887005649717514,
            "auc80": NaN,
            "youden_index": 0.8498127340823971
        },
        "AKIEC": {
            "sensitivity": 0.875,
            "specificity": 0.9837837837837838,
            "accuracy": 0.9792746113989638,
            "auc": 0.9641891891891892,
            "average_precision": 0.5547748447204969,
            "f1_score": 0.7777777777777777,
            "ppv": 0.7,
            "npv": 0.994535519125683,
            "auc80": NaN,
            "youden_index": 0.858783783783784
        },
        "BKL": {
            "sensitivity": 0.7727272727272727,
            "specificity": 0.9415204678362573,
            "accuracy": 0.9222797927461139,
            "auc": 0.9324827219564061,
            "average_precision": 0.8152094493745669,
            "f1_score": 0.6938775510204083,
            "ppv": 0.6296296296296297,
            "npv": 0.9698795180722891,
            "auc80": NaN,
            "youden_index": 0.7142477405635299
        },
        "DF": {
            "sensitivity": 1.0,
            "specificity": 1.0,
            "accuracy": 1.0,
            "auc": 1.0,
            "average_precision": 1.0,
            "f1_score": 1.0,
            "ppv": 1.0,
            "npv": 1.0,
            "auc80": NaN,
            "youden_index": 1.0
        },
        "VASC": {
            "sensitivity": 1.0,
            "specificity": 1.0,
            "accuracy": 1.0,
            "auc": 1.0,
            "average_precision": 1.0,
            "f1_score": 1.0,
            "ppv": 1.0,
            "npv": 1.0,
            "auc80": NaN,
            "youden_index": 1.0
        }
    },
    "malignant_definition_used": [
        "MEL",
        "BCC",
        "AKIEC"
    ],
    "val_loss": 0.945143684822043
}