{
    "overall": {
        "accuracy": 73.57512953367875,
        "balanced_multiclass_accuracy": 0.43318890749204336,
        "macro_recall": 0.43318890749204336,
        "macro_precision": 0.5287414965986394,
        "macro_f1": 0.4567044842390865,
        "multiclass_macro_auc_ovr": 0.9368822160013537,
        "mean_auc_all_diagnoses": 0.9368822160013537,
        "mean_average_precision_all_diagnoses": 0.5898239004331491,
        "mean_sensitivity": 0.43318890749204336,
        "mean_specificity": 0.9386761993157784,
        "mean_accuracy": 0.924500370096225,
        "mean_f1": 0.5328218982789342,
        "mean_ppv": 0.6168650793650794,
        "mean_npv": 0.9433702426917668,
        "melanoma_auc80": 0.800110741971207,
        "malignant_vs_benign_auc": 0.9101586333129957
    },
    "per_class": {
        "MEL": {
            "sensitivity": 0.42857142857142855,
            "specificity": 0.9302325581395349,
            "accuracy": 0.8756476683937824,
            "auc": 0.8920265780730897,
            "mean_average_precision": 0.58465031228944,
            "f1_score": 0.42857142857142855,
            "ppv": 0.42857142857142855,
            "npv": 0.9302325581395349,
            "auc80": 0.800110741971207
        },
        "NV": {
            "sensitivity": 0.9105691056910569,
            "specificity": 0.7714285714285715,
            "accuracy": 0.8601036269430051,
            "auc": 0.9509872241579559,
            "mean_average_precision": 0.9729099291426195,
            "f1_score": 0.8924302788844621,
            "ppv": 0.875,
            "npv": 0.8307692307692308,
            "auc80": NaN
        },
        "BCC": {
            "sensitivity": 0.6666666666666666,
            "specificity": 0.9775280898876404,
            "accuracy": 0.9533678756476683,
            "auc": 0.9790262172284645,
            "mean_average_precision": 0.8588001461644873,
            "f1_score": 0.689655172413793,
            "ppv": 0.7142857142857143,
            "npv": 0.9720670391061452,
            "auc80": NaN
        },
        "AKIEC": {
            "sensitivity": 0.375,
            "specificity": 0.9675675675675676,
            "accuracy": 0.9430051813471503,
            "auc": 0.893918918918919,
            "mean_average_precision": 0.27574727397676313,
            "f1_score": 0.35294117647058826,
            "ppv": 0.3333333333333333,
            "npv": 0.9728260869565217,
            "auc80": NaN
        },
        "BKL": {
            "sensitivity": 0.3181818181818182,
            "specificity": 0.9239766081871345,
            "accuracy": 0.8549222797927462,
            "auc": 0.8894205209994683,
            "mean_average_precision": 0.47237392717301935,
            "f1_score": 0.3333333333333333,
            "ppv": 0.35,
            "npv": 0.9132947976878613,
            "auc80": NaN
        },
        "DF": {
            "sensitivity": 0.0,
            "specificity": 1.0,
            "accuracy": 0.9948186528497409,
            "auc": 0.984375,
            "mean_average_precision": 0.25,
            "f1_score": NaN,
            "ppv": NaN,
            "npv": 0.9948186528497409,
            "auc80": NaN
        },
        "VASC": {
            "sensitivity": 0.3333333333333333,
            "specificity": 1.0,
            "accuracy": 0.9896373056994818,
            "auc": 0.968421052631579,
            "mean_average_precision": 0.7142857142857142,
            "f1_score": 0.5,
            "ppv": 1.0,
            "npv": 0.9895833333333334,
            "auc80": NaN
        }
    },
    "malignant_definition_used": [
        "MEL",
        "BCC",
        "AKIEC"
    ],
    "val_loss": 0.7161915740818557
}