{
    "overall": {
        "accuracy": 76.68393782383419,
        "balanced_multiclass_accuracy": 0.45615374753005417,
        "macro_recall": 0.45615374753005417,
        "macro_precision": 0.5583464154892727,
        "macro_f1": 0.4826202855119313,
        "multiclass_macro_auc_ovr": 0.940210219881921,
        "mean_auc_all_diagnoses": 0.940210219881921,
        "mean_average_precision_all_diagnoses": 0.5708883916474884,
        "mean_sensitivity": 0.45615374753005417,
        "mean_specificity": 0.9448795537705753,
        "mean_accuracy": 0.9333826794966692,
        "mean_f1": 0.5630569997639199,
        "mean_ppv": 0.6514041514041514,
        "mean_npv": 0.9519960164042457,
        "melanoma_auc80": 0.8250276854928018,
        "malignant_vs_benign_auc": 0.9075655887736425
    },
    "per_class": {
        "MEL": {
            "sensitivity": 0.42857142857142855,
            "specificity": 0.9476744186046512,
            "accuracy": 0.8911917098445595,
            "auc": 0.8953488372093024,
            "mean_average_precision": 0.5813842547519583,
            "f1_score": 0.4615384615384615,
            "ppv": 0.5,
            "npv": 0.9314285714285714,
            "auc80": 0.8250276854928018
        },
        "NV": {
            "sensitivity": 0.9349593495934959,
            "specificity": 0.7857142857142857,
            "accuracy": 0.8808290155440415,
            "auc": 0.9559814169570268,
            "mean_average_precision": 0.9769092476287152,
            "f1_score": 0.909090909090909,
            "ppv": 0.8846153846153846,
            "npv": 0.873015873015873,
            "auc80": NaN
        },
        "BCC": {
            "sensitivity": 0.6666666666666666,
            "specificity": 0.9775280898876404,
            "accuracy": 0.9533678756476683,
            "auc": 0.9767790262172285,
            "mean_average_precision": 0.7913231894810842,
            "f1_score": 0.689655172413793,
            "ppv": 0.7142857142857143,
            "npv": 0.9720670391061452,
            "auc80": NaN
        },
        "AKIEC": {
            "sensitivity": 0.375,
            "specificity": 0.9675675675675676,
            "accuracy": 0.9430051813471503,
            "auc": 0.8777027027027027,
            "mean_average_precision": 0.22407971195838294,
            "f1_score": 0.35294117647058826,
            "ppv": 0.3333333333333333,
            "npv": 0.9728260869565217,
            "auc80": NaN
        },
        "BKL": {
            "sensitivity": 0.45454545454545453,
            "specificity": 0.935672514619883,
            "accuracy": 0.8808290155440415,
            "auc": 0.924508240297714,
            "mean_average_precision": 0.526689004378945,
            "f1_score": 0.46511627906976744,
            "ppv": 0.47619047619047616,
            "npv": 0.9302325581395349,
            "auc80": NaN
        },
        "DF": {
            "sensitivity": 0.0,
            "specificity": 1.0,
            "accuracy": 0.9948186528497409,
            "auc": 0.9739583333333334,
            "mean_average_precision": 0.16666666666666666,
            "f1_score": NaN,
            "ppv": NaN,
            "npv": 0.9948186528497409,
            "auc80": NaN
        },
        "VASC": {
            "sensitivity": 0.3333333333333333,
            "specificity": 1.0,
            "accuracy": 0.9896373056994818,
            "auc": 0.9771929824561404,
            "mean_average_precision": 0.7291666666666666,
            "f1_score": 0.5,
            "ppv": 1.0,
            "npv": 0.9895833333333334,
            "auc80": NaN
        }
    },
    "malignant_definition_used": [
        "MEL",
        "BCC",
        "AKIEC"
    ],
    "val_loss": 0.6858568216234909
}