{
    "overall": {
        "accuracy": 76.16580310880829,
        "balanced_multiclass_accuracy": 0.4493510264416188,
        "macro_recall": 0.4493510264416188,
        "macro_precision": 0.556247944470409,
        "macro_f1": 0.47822159528806657,
        "multiclass_macro_auc_ovr": 0.9369013081335307,
        "mean_auc_all_diagnoses": 0.9369013081335307,
        "mean_average_precision_all_diagnoses": 0.5868404580210411,
        "mean_sensitivity": 0.4493510264416188,
        "mean_specificity": 0.9427500059860946,
        "mean_accuracy": 0.9319022945965951,
        "mean_f1": 0.5579251945027444,
        "mean_ppv": 0.6489559352154771,
        "mean_npv": 0.950906423414546,
        "melanoma_auc80": 0.7253599114064231,
        "malignant_vs_benign_auc": 0.9052776082977425
    },
    "per_class": {
        "MEL": {
            "sensitivity": 0.38095238095238093,
            "specificity": 0.9418604651162791,
            "accuracy": 0.8808290155440415,
            "auc": 0.8790143964562569,
            "mean_average_precision": 0.5594194153417682,
            "f1_score": 0.41025641025641024,
            "ppv": 0.4444444444444444,
            "npv": 0.9257142857142857,
            "auc80": 0.7253599114064231
        },
        "NV": {
            "sensitivity": 0.9349593495934959,
            "specificity": 0.7714285714285715,
            "accuracy": 0.8756476683937824,
            "auc": 0.951219512195122,
            "mean_average_precision": 0.973323918237571,
            "f1_score": 0.905511811023622,
            "ppv": 0.8778625954198473,
            "npv": 0.8709677419354839,
            "auc80": NaN
        },
        "BCC": {
            "sensitivity": 0.6666666666666666,
            "specificity": 0.9719101123595506,
            "accuracy": 0.9481865284974094,
            "auc": 0.9771535580524344,
            "mean_average_precision": 0.8208541023246906,
            "f1_score": 0.6666666666666666,
            "ppv": 0.6666666666666666,
            "npv": 0.9719101123595506,
            "auc80": NaN
        },
        "AKIEC": {
            "sensitivity": 0.375,
            "specificity": 0.9783783783783784,
            "accuracy": 0.9533678756476683,
            "auc": 0.895945945945946,
            "mean_average_precision": 0.29033041101055806,
            "f1_score": 0.39999999999999997,
            "ppv": 0.42857142857142855,
            "npv": 0.9731182795698925,
            "auc80": NaN
        },
        "BKL": {
            "sensitivity": 0.45454545454545453,
            "specificity": 0.935672514619883,
            "accuracy": 0.8808290155440415,
            "auc": 0.9021796916533759,
            "mean_average_precision": 0.4996696449469858,
            "f1_score": 0.46511627906976744,
            "ppv": 0.47619047619047616,
            "npv": 0.9302325581395349,
            "auc80": NaN
        },
        "DF": {
            "sensitivity": 0.0,
            "specificity": 1.0,
            "accuracy": 0.9948186528497409,
            "auc": 0.984375,
            "mean_average_precision": 0.25,
            "f1_score": NaN,
            "ppv": NaN,
            "npv": 0.9948186528497409,
            "auc80": NaN
        },
        "VASC": {
            "sensitivity": 0.3333333333333333,
            "specificity": 1.0,
            "accuracy": 0.9896373056994818,
            "auc": 0.968421052631579,
            "mean_average_precision": 0.7142857142857142,
            "f1_score": 0.5,
            "ppv": 1.0,
            "npv": 0.9895833333333334,
            "auc80": NaN
        }
    },
    "malignant_definition_used": [
        "MEL",
        "BCC",
        "AKIEC"
    ],
    "val_loss": 0.7300721045602788
}