{
    "overall": {
        "accuracy": 73.05699481865285,
        "balanced_multiclass_accuracy": 0.386514849842376,
        "macro_recall": 0.386514849842376,
        "macro_precision": 0.4224866294232375,
        "macro_f1": 0.3987293383992636,
        "multiclass_macro_auc_ovr": 0.9147317188274374,
        "mean_auc_all_diagnoses": 0.9147317188274374,
        "mean_average_precision_all_diagnoses": 0.4908609590567341,
        "mean_sensitivity": 0.386514849842376,
        "mean_specificity": 0.9358768078992996,
        "mean_accuracy": 0.923019985196151,
        "mean_f1": 0.3987293383992636,
        "mean_ppv": 0.4224866294232375,
        "mean_npv": 0.9433491671560569,
        "melanoma_auc80": 0.8468992248062015,
        "malignant_vs_benign_auc": 0.9086333129957291
    },
    "per_class": {
        "MEL": {
            "sensitivity": 0.42857142857142855,
            "specificity": 0.9767441860465116,
            "accuracy": 0.917098445595855,
            "auc": 0.9404761904761905,
            "average_precision": 0.6974967258589917,
            "f1_score": 0.5294117647058824,
            "ppv": 0.6923076923076923,
            "npv": 0.9333333333333333,
            "auc80": 0.8468992248062015
        },
        "NV": {
            "sensitivity": 0.9186991869918699,
            "specificity": 0.7428571428571429,
            "accuracy": 0.8549222797927462,
            "auc": 0.9578397212543555,
            "average_precision": 0.9779369573743817,
            "f1_score": 0.8897637795275591,
            "ppv": 0.8625954198473282,
            "npv": 0.8387096774193549,
            "auc80": NaN
        },
        "BCC": {
            "sensitivity": 0.4,
            "specificity": 0.9662921348314607,
            "accuracy": 0.9222797927461139,
            "auc": 0.9636704119850187,
            "average_precision": 0.6498008832412857,
            "f1_score": 0.4444444444444445,
            "ppv": 0.5,
            "npv": 0.9502762430939227,
            "auc80": NaN
        },
        "AKIEC": {
            "sensitivity": 0.125,
            "specificity": 0.9459459459459459,
            "accuracy": 0.9119170984455959,
            "auc": 0.8513513513513514,
            "average_precision": 0.16513842664983192,
            "f1_score": 0.10526315789473685,
            "ppv": 0.09090909090909091,
            "npv": 0.9615384615384616,
            "auc80": NaN
        },
        "BKL": {
            "sensitivity": 0.5,
            "specificity": 0.9298245614035088,
            "accuracy": 0.8808290155440415,
            "auc": 0.9093567251461988,
            "average_precision": 0.510583556941615,
            "f1_score": 0.4888888888888889,
            "ppv": 0.4782608695652174,
            "npv": 0.9352941176470588,
            "auc80": NaN
        },
        "DF": {
            "sensitivity": 0.0,
            "specificity": 1.0,
            "accuracy": 0.9948186528497409,
            "auc": 0.859375,
            "average_precision": 0.03571428571428571,
            "f1_score": 0.0,
            "ppv": 0.0,
            "npv": 0.9948186528497409,
            "auc80": NaN
        },
        "VASC": {
            "sensitivity": 0.3333333333333333,
            "specificity": 0.9894736842105263,
            "accuracy": 0.9792746113989638,
            "auc": 0.9210526315789475,
            "average_precision": 0.3993558776167472,
            "f1_score": 0.3333333333333333,
            "ppv": 0.3333333333333333,
            "npv": 0.9894736842105263,
            "auc80": NaN
        }
    },
    "malignant_definition_used": [
        "MEL",
        "BCC",
        "AKIEC"
    ],
    "val_loss": 0.9225934280632692
}