{
    "overall": {
        "accuracy": 75.64766839378238,
        "balanced_multiclass_accuracy": 0.42647103187172875,
        "macro_recall": 0.42647103187172875,
        "macro_precision": 0.5023434122813005,
        "macro_f1": 0.4557705252643693,
        "multiclass_macro_auc_ovr": 0.9466004087573504,
        "mean_auc_all_diagnoses": 0.9466004087573504,
        "mean_average_precision_all_diagnoses": 0.5955593776444094,
        "mean_sensitivity": 0.42647103187172875,
        "mean_specificity": 0.9346709096924719,
        "mean_accuracy": 0.930421909696521,
        "mean_f1": 0.4557705252643693,
        "mean_ppv": 0.5023434122813005,
        "mean_npv": 0.9498784809442217,
        "melanoma_auc80": 0.8510520487264673,
        "malignant_vs_benign_auc": 0.934411226357535
    },
    "per_class": {
        "MEL": {
            "sensitivity": 0.42857142857142855,
            "specificity": 0.9767441860465116,
            "accuracy": 0.917098445595855,
            "auc": 0.9324473975636767,
            "average_precision": 0.7460812188060897,
            "f1_score": 0.5294117647058824,
            "ppv": 0.6923076923076923,
            "npv": 0.9333333333333333,
            "auc80": 0.8510520487264673
        },
        "NV": {
            "sensitivity": 0.943089430894309,
            "specificity": 0.6857142857142857,
            "accuracy": 0.8497409326424871,
            "auc": 0.9587688734030198,
            "average_precision": 0.9793382169588147,
            "f1_score": 0.888888888888889,
            "ppv": 0.8405797101449275,
            "npv": 0.8727272727272727,
            "auc80": NaN
        },
        "BCC": {
            "sensitivity": 0.6666666666666666,
            "specificity": 0.9831460674157303,
            "accuracy": 0.9585492227979274,
            "auc": 0.9820224719101124,
            "average_precision": 0.8275549762581247,
            "f1_score": 0.7142857142857142,
            "ppv": 0.7692307692307693,
            "npv": 0.9722222222222222,
            "auc80": NaN
        },
        "AKIEC": {
            "sensitivity": 0.25,
            "specificity": 0.9783783783783784,
            "accuracy": 0.9481865284974094,
            "auc": 0.8905405405405405,
            "average_precision": 0.3743561993561994,
            "f1_score": 0.28571428571428575,
            "ppv": 0.3333333333333333,
            "npv": 0.9679144385026738,
            "auc80": NaN
        },
        "BKL": {
            "sensitivity": 0.36363636363636365,
            "specificity": 0.9239766081871345,
            "accuracy": 0.8601036269430051,
            "auc": 0.9112174375332269,
            "average_precision": 0.4598390003856053,
            "f1_score": 0.37209302325581395,
            "ppv": 0.38095238095238093,
            "npv": 0.9186046511627907,
            "auc80": NaN
        },
        "DF": {
            "sensitivity": 0.0,
            "specificity": 1.0,
            "accuracy": 0.9948186528497409,
            "auc": 0.96875,
            "average_precision": 0.14285714285714285,
            "f1_score": 0.0,
            "ppv": 0.0,
            "npv": 0.9948186528497409,
            "auc80": NaN
        },
        "VASC": {
            "sensitivity": 0.3333333333333333,
            "specificity": 0.9947368421052631,
            "accuracy": 0.9844559585492227,
            "auc": 0.9824561403508771,
            "average_precision": 0.6388888888888888,
            "f1_score": 0.4,
            "ppv": 0.5,
            "npv": 0.9895287958115183,
            "auc80": NaN
        }
    },
    "malignant_definition_used": [
        "MEL",
        "BCC",
        "AKIEC"
    ],
    "val_loss": 0.5800994200718835
}