{
    "overall": {
        "accuracy": 70.46632124352331,
        "balanced_multiclass_accuracy": 0.2842360891141379,
        "macro_recall": 0.2842360891141379,
        "macro_precision": 0.23860453272217977,
        "macro_f1": 0.2565161434726652,
        "multiclass_macro_auc_ovr": 0.8080630733558651,
        "mean_auc_all_diagnoses": 0.8080630733558651,
        "mean_average_precision_all_diagnoses": 0.364618953990001,
        "mean_sensitivity": 0.2842360891141379,
        "mean_specificity": 0.9105863910713111,
        "mean_accuracy": 0.9156180606957809,
        "mean_f1": 0.2565161434726652,
        "mean_ppv": 0.23860453272217977,
        "mean_npv": 0.9421108254227971,
        "melanoma_auc80": 0.689922480620155,
        "malignant_vs_benign_auc": 0.8532641854789506
    },
    "per_class": {
        "MEL": {
            "sensitivity": 0.0,
            "specificity": 1.0,
            "accuracy": 0.8911917098445595,
            "auc": 0.8125692137320044,
            "average_precision": 0.3296244067714822,
            "f1_score": 0.0,
            "ppv": 0.0,
            "npv": 0.8911917098445595,
            "auc80": 0.689922480620155
        },
        "NV": {
            "sensitivity": 0.959349593495935,
            "specificity": 0.5,
            "accuracy": 0.7927461139896373,
            "auc": 0.9101045296167248,
            "average_precision": 0.9531316970694498,
            "f1_score": 0.855072463768116,
            "ppv": 0.7712418300653595,
            "npv": 0.875,
            "auc80": NaN
        },
        "BCC": {
            "sensitivity": 0.6666666666666666,
            "specificity": 0.9325842696629213,
            "accuracy": 0.9119170984455959,
            "auc": 0.9322097378277154,
            "average_precision": 0.610740272581207,
            "f1_score": 0.5405405405405405,
            "ppv": 0.45454545454545453,
            "npv": 0.9707602339181286,
            "auc80": NaN
        },
        "AKIEC": {
            "sensitivity": 0.0,
            "specificity": 1.0,
            "accuracy": 0.9585492227979274,
            "auc": 0.8277027027027026,
            "average_precision": 0.16091952503835805,
            "f1_score": 0.0,
            "ppv": 0.0,
            "npv": 0.9585492227979274,
            "auc80": NaN
        },
        "BKL": {
            "sensitivity": 0.36363636363636365,
            "specificity": 0.9415204678362573,
            "accuracy": 0.8756476683937824,
            "auc": 0.873471557682084,
            "average_precision": 0.41740192095465456,
            "f1_score": 0.39999999999999997,
            "ppv": 0.4444444444444444,
            "npv": 0.92,
            "auc80": NaN
        },
        "DF": {
            "sensitivity": 0.0,
            "specificity": 1.0,
            "accuracy": 0.9948186528497409,
            "auc": 0.46354166666666663,
            "average_precision": 0.009615384615384616,
            "f1_score": 0.0,
            "ppv": 0.0,
            "npv": 0.9948186528497409,
            "auc80": NaN
        },
        "VASC": {
            "sensitivity": 0.0,
            "specificity": 1.0,
            "accuracy": 0.9844559585492227,
            "auc": 0.8368421052631579,
            "average_precision": 0.07089947089947089,
            "f1_score": 0.0,
            "ppv": 0.0,
            "npv": 0.9844559585492227,
            "auc80": NaN
        }
    },
    "malignant_definition_used": [
        "MEL",
        "BCC",
        "AKIEC"
    ],
    "val_loss": 0.8742098280185245
}