{
    "epoch": 5,
    "num_classes": 7,
    "class_names": [
        "MEL",
        "NV",
        "BCC",
        "AKIEC",
        "BKL",
        "DF",
        "VASC"
    ],
    "per_class": {
        "MEL": {
            "fpr": [
                0.0,
                0.0,
                0.0,
                0.005813953488372093,
                0.005813953488372093,
                0.01744186046511628,
                0.01744186046511628,
                0.05813953488372093,
                0.05813953488372093,
                0.06395348837209303,
                0.06395348837209303,
                0.13953488372093023,
                0.13953488372093023,
                0.19767441860465115,
                0.19767441860465115,
                0.3546511627906977,
                0.3546511627906977,
                1.0
            ],
            "tpr": [
                0.0,
                0.047619047619047616,
                0.38095238095238093,
                0.38095238095238093,
                0.47619047619047616,
                0.47619047619047616,
                0.6666666666666666,
                0.6666666666666666,
                0.7619047619047619,
                0.7619047619047619,
                0.8571428571428571,
                0.8571428571428571,
                0.9047619047619048,
                0.9047619047619048,
                0.9523809523809523,
                0.9523809523809523,
                1.0,
                1.0
            ],
            "auc": 0.9515503875968992
        },
        "NV": {
            "fpr": [
                0.0,
                0.0,
                0.0,
                0.014285714285714285,
                0.014285714285714285,
                0.02857142857142857,
                0.02857142857142857,
                0.04285714285714286,
                0.04285714285714286,
                0.07142857142857142,
                0.07142857142857142,
                0.08571428571428572,
                0.08571428571428572,
                0.1,
                0.1,
                0.11428571428571428,
                0.11428571428571428,
                0.12857142857142856,
                0.12857142857142856,
                0.15714285714285714,
                0.15714285714285714,
                0.17142857142857143,
                0.17142857142857143,
                0.22857142857142856,
                0.22857142857142856,
                0.2571428571428571,
                0.2571428571428571,
                0.32857142857142857,
                0.32857142857142857,
                0.38571428571428573,
                0.38571428571428573,
                0.5857142857142857,
                0.5857142857142857,
                0.6142857142857143,
                0.6142857142857143,
                0.6857142857142857,
                0.6857142857142857,
                1.0
            ],
            "tpr": [
                0.0,
                0.008130081300813009,
                0.6829268292682927,
                0.6829268292682927,
                0.7804878048780488,
                0.7804878048780488,
                0.7967479674796748,
                0.7967479674796748,
                0.8536585365853658,
                0.8536585365853658,
                0.8617886178861789,
                0.8617886178861789,
                0.8699186991869918,
                0.8699186991869918,
                0.8780487804878049,
                0.8780487804878049,
                0.9186991869918699,
                0.9186991869918699,
                0.926829268292683,
                0.926829268292683,
                0.9349593495934959,
                0.9349593495934959,
                0.943089430894309,
                0.943089430894309,
                0.9512195121951219,
                0.9512195121951219,
                0.959349593495935,
                0.959349593495935,
                0.967479674796748,
                0.967479674796748,
                0.975609756097561,
                0.975609756097561,
                0.983739837398374,
                0.983739837398374,
                0.991869918699187,
                0.991869918699187,
                1.0,
                1.0
            ],
            "auc": 0.9601626016260162
        },
        "BCC": {
            "fpr": [
                0.0,
                0.0,
                0.0,
                0.06741573033707865,
                0.06741573033707865,
                0.10112359550561797,
                0.10112359550561797,
                0.10674157303370786,
                0.10674157303370786,
                0.2303370786516854,
                0.2303370786516854,
                1.0
            ],
            "tpr": [
                0.0,
                0.06666666666666667,
                0.7333333333333333,
                0.7333333333333333,
                0.8,
                0.8,
                0.8666666666666667,
                0.8666666666666667,
                0.9333333333333333,
                0.9333333333333333,
                1.0,
                1.0
            ],
            "auc": 0.9662921348314606
        },
        "AKIEC": {
            "fpr": [
                0.0,
                0.005405405405405406,
                0.06486486486486487,
                0.06486486486486487,
                0.08648648648648649,
                0.08648648648648649,
                0.10270270270270271,
                0.10270270270270271,
                0.15135135135135136,
                0.15135135135135136,
                0.15675675675675677,
                0.15675675675675677,
                0.1783783783783784,
                0.1783783783783784,
                0.22702702702702704,
                0.22702702702702704,
                0.42162162162162165,
                0.42162162162162165,
                1.0
            ],
            "tpr": [
                0.0,
                0.0,
                0.0,
                0.125,
                0.125,
                0.25,
                0.25,
                0.375,
                0.375,
                0.5,
                0.5,
                0.625,
                0.625,
                0.75,
                0.75,
                0.875,
                0.875,
                1.0,
                1.0
            ],
            "auc": 0.8263513513513514
        },
        "BKL": {
            "fpr": [
                0.0,
                0.0,
                0.0,
                0.011695906432748537,
                0.011695906432748537,
                0.023391812865497075,
                0.023391812865497075,
                0.04093567251461988,
                0.04093567251461988,
                0.04678362573099415,
                0.04678362573099415,
                0.06432748538011696,
                0.06432748538011696,
                0.07602339181286549,
                0.07602339181286549,
                0.14619883040935672,
                0.14619883040935672,
                0.15789473684210525,
                0.15789473684210525,
                0.1695906432748538,
                0.1695906432748538,
                0.3391812865497076,
                0.3391812865497076,
                1.0
            ],