{
    "epoch": 45,
    "num_classes": 7,
    "class_names": [
        "MEL",
        "NV",
        "BCC",
        "AKIEC",
        "BKL",
        "DF",
        "VASC"
    ],
    "per_class": {
        "MEL": {
            "fpr": [
                0.0,
                0.0,
                0.0,
                0.005813953488372093,
                0.005813953488372093,
                0.011627906976744186,
                0.011627906976744186,
                0.01744186046511628,
                0.01744186046511628,
                0.05813953488372093,
                0.05813953488372093,
                0.06976744186046512,
                0.06976744186046512,
                0.16279069767441862,
                0.16279069767441862,
                1.0
            ],
            "tpr": [
                0.0,
                0.047619047619047616,
                0.6190476190476191,
                0.6190476190476191,
                0.7619047619047619,
                0.7619047619047619,
                0.8095238095238095,
                0.8095238095238095,
                0.8571428571428571,
                0.8571428571428571,
                0.9047619047619048,
                0.9047619047619048,
                0.9523809523809523,
                0.9523809523809523,
                1.0,
                1.0
            ],
            "auc": 0.9839424141749722
        },
        "NV": {
            "fpr": [
                0.0,
                0.0,
                0.0,
                0.0,
                0.0,
                0.0,
                0.0,
                0.014285714285714285,
                0.014285714285714285,
                0.02857142857142857,
                0.02857142857142857,
                0.04285714285714286,
                0.04285714285714286,
                0.07142857142857142,
                0.07142857142857142,
                0.08571428571428572,
                0.08571428571428572,
                0.1,
                0.1,
                0.11428571428571428,
                0.11428571428571428,
                0.12857142857142856,
                0.12857142857142856,
                0.15714285714285714,
                0.15714285714285714,
                0.17142857142857143,
                0.17142857142857143,
                0.18571428571428572,
                0.18571428571428572,
                0.2,
                0.2,
                0.5428571428571428,
                0.5428571428571428,
                0.7857142857142857,
                0.7857142857142857,
                1.0
            ],
            "tpr": [
                0.0,
                0.008130081300813009,
                0.016260162601626018,
                0.032520325203252036,
                0.12195121951219512,
                0.13821138211382114,
                0.7560975609756098,
                0.7560975609756098,
                0.8455284552845529,
                0.8455284552845529,
                0.8699186991869918,
                0.8699186991869918,
                0.8780487804878049,
                0.8780487804878049,
                0.9024390243902439,
                0.9024390243902439,
                0.9186991869918699,
                0.9186991869918699,
                0.9349593495934959,
                0.9349593495934959,
                0.943089430894309,
                0.943089430894309,
                0.9512195121951219,
                0.9512195121951219,
                0.959349593495935,
                0.959349593495935,
                0.967479674796748,
                0.967479674796748,
                0.975609756097561,
                0.975609756097561,
                0.983739837398374,
                0.983739837398374,
                0.991869918699187,
                0.991869918699187,
                1.0,
                1.0
            ],
            "auc": 0.9743321718931475
        },
        "BCC": {
            "fpr": [
                0.0,
                0.0,
                0.0,
                0.0056179775280898875,
                0.0056179775280898875,
                0.011235955056179775,
                0.011235955056179775,
                0.016853932584269662,
                0.016853932584269662,
                0.02247191011235955,
                0.02247191011235955,
                0.033707865168539325,
                0.033707865168539325,
                0.03932584269662921,
                0.03932584269662921,
                0.06741573033707865,
                0.06741573033707865,
                1.0
            ],
            "tpr": [
                0.0,
                0.06666666666666667,
                0.26666666666666666,
                0.26666666666666666,
                0.5333333333333333,
                0.5333333333333333,
                0.6,
                0.6,
                0.6666666666666666,
                0.6666666666666666,
                0.8,
                0.8,
                0.8666666666666667,
                0.8666666666666667,
                0.9333333333333333,
                0.9333333333333333,
                1.0,
                1.0
            ],
            "auc": 0.9842696629213483
        },
        "AKIEC": {
            "fpr": [
                0.0,
                0.005405405405405406,
                0.032432432432432434,
                0.032432432432432434,
                0.043243243243243246,
                0.043243243243243246,
                0.06486486486486487,
                0.06486486486486487,
                0.07567567567567568,
                0.07567567567567568,
                0.08648648648648649,
                0.08648648648648649,
                0.24864864864864866,
                0.24864864864864866,
                0.44324324324324327,
                0.44324324324324327,
                1.0
            ],
            "tpr": [
                0.0,
                0.0,
                0.0,
                0.125,
                0.125,
                0.375,
                0.375,
                0.5,
                0.5,
                0.625,
                0.625,
                0.75,
                0.75,
                0.875,
                0.875,
                1.0,
                1.0
            ],
            "auc": 0.8702702702702703
        },
        "BKL": {
            "fpr": [
                0.0,
                0.0,
                0.005847953216374269,
                0.005847953216374269,
                0.011695906432748537,
                0.011695906432748537,
                0.023391812865497075,
                0.023391812865497075,
                0.03508771929824561,
                0.03508771929824561,
                0.04093567251461988,
                0.04093567251461988,
                0.07017543859649122,
                0.07017543859649122,
                0.08187134502923976,
                0.08187134502923976,
                0.08771929824561403,
                0.08771929824561403,
                0.19298245614035087,
                0.19298245614035087,
                1.0
            ],
            "tpr": [
                0.0,
                0.045454545454545456,
                0.045454545454545456,
                0.13636363636363635,
                0.13636363636363635,
                0.5,
                0.5,
                0.5454545454545454,
                0.5454545454545454,
                0.6818181818181818,
                0.6818181818181818,
                0.7727272727272727,
                0.7727272727272727,
                0.8181818181818182,
                0.8181818181818182,
                0.8636363636363636,
                0.8636363636363636,
                0.9545454545454546,
                0.9545454545454546,
                1.0,
                1.0
            ],
            "auc": 0.9619883040935673
        },