{
    "epoch": 30,
    "num_classes": 7,
    "class_names": [
        "MEL",
        "NV",
        "BCC",
        "AKIEC",
        "BKL",
        "DF",
        "VASC"
    ],
    "per_class": {
        "MEL": {
            "fpr": [
                0.0,
                0.0,
                0.0,
                0.005813953488372093,
                0.005813953488372093,
                0.01744186046511628,
                0.01744186046511628,
                0.06395348837209303,
                0.06395348837209303,
                0.08139534883720931,
                0.08139534883720931,
                0.09883720930232558,
                0.09883720930232558,
                0.11627906976744186,
                0.11627906976744186,
                0.20348837209302326,
                0.20348837209302326,
                1.0
            ],
            "tpr": [
                0.0,
                0.047619047619047616,
                0.6190476190476191,
                0.6190476190476191,
                0.6666666666666666,
                0.6666666666666666,
                0.7619047619047619,
                0.7619047619047619,
                0.8095238095238095,
                0.8095238095238095,
                0.8571428571428571,
                0.8571428571428571,
                0.9047619047619048,
                0.9047619047619048,
                0.9523809523809523,
                0.9523809523809523,
                1.0,
                1.0
            ],
            "auc": 0.9712070874861573
        },
        "NV": {
            "fpr": [
                0.0,
                0.0,
                0.0,
                0.014285714285714285,
                0.014285714285714285,
                0.02857142857142857,
                0.02857142857142857,
                0.04285714285714286,
                0.04285714285714286,
                0.05714285714285714,
                0.05714285714285714,
                0.07142857142857142,
                0.07142857142857142,
                0.08571428571428572,
                0.08571428571428572,
                0.1,
                0.1,
                0.12857142857142856,
                0.12857142857142856,
                0.15714285714285714,
                0.15714285714285714,
                0.7,
                0.7,
                0.8142857142857143,
                0.8142857142857143,
                1.0
            ],
            "tpr": [
                0.0,
                0.008130081300813009,
                0.7642276422764228,
                0.7642276422764228,
                0.7886178861788617,
                0.7886178861788617,
                0.8130081300813008,
                0.8130081300813008,
                0.8211382113821138,
                0.8211382113821138,
                0.8536585365853658,
                0.8536585365853658,
                0.8861788617886179,
                0.8861788617886179,
                0.926829268292683,
                0.926829268292683,
                0.9349593495934959,
                0.9349593495934959,
                0.943089430894309,
                0.943089430894309,
                0.983739837398374,
                0.983739837398374,
                0.991869918699187,
                0.991869918699187,
                1.0,
                1.0
            ],
            "auc": 0.9703832752613242
        },
        "BCC": {
            "fpr": [
                0.0,
                0.0,
                0.0,
                0.0056179775280898875,
                0.0056179775280898875,
                0.011235955056179775,
                0.011235955056179775,
                0.016853932584269662,
                0.016853932584269662,
                0.02247191011235955,
                0.02247191011235955,
                0.033707865168539325,
                0.033707865168539325,
                0.03932584269662921,
                0.03932584269662921,
                0.1404494382022472,
                0.1404494382022472,
                1.0
            ],
            "tpr": [
                0.0,
                0.06666666666666667,
                0.13333333333333333,
                0.13333333333333333,
                0.5333333333333333,
                0.5333333333333333,
                0.6,
                0.6,
                0.6666666666666666,
                0.6666666666666666,
                0.8,
                0.8,
                0.8666666666666667,
                0.8666666666666667,
                0.9333333333333333,
                0.9333333333333333,
                1.0,
                1.0
            ],
            "auc": 0.9786516853932584
        },
        "AKIEC": {
            "fpr": [
                0.0,
                0.005405405405405406,
                0.05405405405405406,
                0.05405405405405406,
                0.08108108108108109,
                0.08108108108108109,
                0.08648648648648649,
                0.08648648648648649,
                0.22702702702702704,
                0.22702702702702704,
                0.4594594594594595,
                0.4594594594594595,
                1.0
            ],
            "tpr": [
                0.0,
                0.0,
                0.0,
                0.375,
                0.375,
                0.625,
                0.625,
                0.75,
                0.75,
                0.875,
                0.875,
                1.0,
                1.0
            ],
            "auc": 0.8628378378378379
        },
        "BKL": {
            "fpr": [
                0.0,
                0.0,
                0.005847953216374269,
                0.005847953216374269,
                0.011695906432748537,
                0.011695906432748537,
                0.017543859649122806,
                0.017543859649122806,
                0.023391812865497075,
                0.023391812865497075,
                0.04678362573099415,
                0.04678362573099415,
                0.05263157894736842,
                0.05263157894736842,
                0.05847953216374269,
                0.05847953216374269,
                0.06432748538011696,
                0.06432748538011696,
                0.07017543859649122,
                0.07017543859649122,
                0.1111111111111111,
                0.1111111111111111,
                0.21637426900584794,
                0.21637426900584794,
                1.0
            ],
            "tpr": [
                0.0,
                0.045454545454545456,
                0.045454545454545456,
                0.13636363636363635,
                0.13636363636363635,
                0.5,
                0.5,
                0.5454545454545454,
                0.5454545454545454,
                0.5909090909090909,
                0.5909090909090909,
                0.6818181818181818,
                0.6818181818181818,
                0.7272727272727273,
                0.7272727272727273,
                0.7727272727272727,
                0.7727272727272727,
                0.8181818181818182,
                0.8181818181818182,
                0.9090909090909091,
                0.9090909090909091,
                0.9545454545454546,
                0.9545454545454546,
                1.0,
                1.0
            ],
            "auc": 0.9598617756512493
        },
        "DF": {
            "fpr": [
                0.0,
                0.005208333333333333,
                0.015625,
                0.015625,
                1.0
            ],
            "tpr": [
                0.0,
                0.0,
                0.0,
                1.0,
                1.0
            ],
            "auc": 0.984375
        },
        "VASC": {
            "fpr": [
                0.0,
                0.0,
                0.0,
                1.0
            ],